timestamp,ticker,regime,confidence,confirmations,signal,current_price,decision
2026-03-22T19:08:59.604044+00:00,X:ADAUSD,,0.0,0,HOLD,0.0,HOLD
2026-03-22T23:23:01.294224+00:00,X:ADAUSD,BEAR,0.774,b'\x04\x00\x00\x00\x00\x00\x00\x00',SELL,0.26,HOLD
2026-03-23T03:32:34.089162+00:00,X:ADAUSD,CHOP,0.994,b'\x04\x00\x00\x00\x00\x00\x00\x00',HOLD,0.25,HOLD
2026-03-23T07:40:19.589989+00:00,X:ADAUSD,CHOP,0.976,b'\x04\x00\x00\x00\x00\x00\x00\x00',HOLD,0.25,HOLD
2026-03-23T11:45:44.432381+00:00,X:ADAUSD,BULL,0.984,b'\x04\x00\x00\x00\x00\x00\x00\x00',HOLD,0.25,HOLD
2026-03-23T15:54:05.698438+00:00,X:ADAUSD,CHOP,0.987,b'\x04\x00\x00\x00\x00\x00\x00\x00',HOLD,0.25,HOLD
2026-03-23T20:00:41.393205+00:00,X:ADAUSD,BULL,0.998,b'\x04\x00\x00\x00\x00\x00\x00\x00',HOLD,0.25,HOLD
2026-03-23T20:42:54.390659+00:00,X:ADAUSD,BULL,0.998,b'\x04\x00\x00\x00\x00\x00\x00\x00',HOLD,0.25,TRADE
2026-03-24T01:05:49.445738+00:00,X:ADAUSD,CHOP,1.0,b'\x06\x00\x00\x00\x00\x00\x00\x00',HOLD,0.26,HOLD
2026-03-24T05:21:55.289049+00:00,X:ADAUSD,BULL,0.998,b'\x06\x00\x00\x00\x00\x00\x00\x00',HOLD,0.26,HOLD
2026-03-24T09:48:26.694793+00:00,X:ADAUSD,CHOP,0.984,b'\x06\x00\x00\x00\x00\x00\x00\x00',HOLD,0.26,HOLD
2026-03-24T14:10:30.687721+00:00,X:ADAUSD,CHOP,0.83,b'\x06\x00\x00\x00\x00\x00\x00\x00',HOLD,0.26,HOLD
2026-03-24T18:28:16.691233+00:00,X:ADAUSD,CHOP,0.997,b'\x06\x00\x00\x00\x00\x00\x00\x00',HOLD,0.26,HOLD
2026-03-24T23:07:10.996728+00:00,X:ADAUSD,CHOP,0.997,b'\x06\x00\x00\x00\x00\x00\x00\x00',HOLD,0.26,HOLD
2026-03-25T02:31:46.796395+00:00,X:ADAUSD,BULL,0.878,b'\x05\x00\x00\x00\x00\x00\x00\x00',HOLD,0.27,TRADE
2026-03-25T06:48:17.989659+00:00,X:ADAUSD,BULL,0.92,b'\x05\x00\x00\x00\x00\x00\x00\x00',HOLD,0.27,HOLD
2026-03-25T11:00:27.987652+00:00,X:ADAUSD,BEAR,0.998,b'\x05\x00\x00\x00\x00\x00\x00\x00',SELL,0.27,HOLD
2026-03-25T15:19:17.696481+00:00,X:ADAUSD,BEAR,0.916,b'\x05\x00\x00\x00\x00\x00\x00\x00',SELL,0.27,HOLD
2026-03-25T19:37:46.821160+00:00,X:ADAUSD,BULL,0.948,b'\x05\x00\x00\x00\x00\x00\x00\x00',HOLD,0.27,HOLD
2026-03-25T23:51:10.032889+00:00,X:ADAUSD,BEAR,0.997,b'\x05\x00\x00\x00\x00\x00\x00\x00',SELL,0.27,HOLD
2026-03-26T02:06:44.348082+00:00,X:ADAUSD,CHOP,0.991,b'\x07\x00\x00\x00\x00\x00\x00\x00',HOLD,0.27,TRADE
2026-03-26T02:54:03.794037+00:00,X:ADAUSD,CHOP,0.991,b'\x07\x00\x00\x00\x00\x00\x00\x00',HOLD,0.27,TRADE
2026-03-26T03:26:15.675446+00:00,X:ADAUSD,CHOP,0.991,b'\x07\x00\x00\x00\x00\x00\x00\x00',HOLD,0.27,TRADE
2026-03-26T03:59:57.189478+00:00,X:ADAUSD,CHOP,0.991,b'\x07\x00\x00\x00\x00\x00\x00\x00',HOLD,0.27,TRADE
2026-03-26T04:45:33.691483+00:00,X:ADAUSD,CHOP,0.991,b'\x07\x00\x00\x00\x00\x00\x00\x00',HOLD,0.27,TRADE
2026-03-26T05:26:36.660021+00:00,X:ADAUSD,CHOP,0.991,b'\x07\x00\x00\x00\x00\x00\x00\x00',HOLD,0.27,TRADE
2026-03-26T06:06:53.405813+00:00,X:ADAUSD,CHOP,0.991,b'\x07\x00\x00\x00\x00\x00\x00\x00',HOLD,0.27,TRADE
2026-03-26T07:02:51.889564+00:00,X:ADAUSD,CHOP,0.991,b'\x07\x00\x00\x00\x00\x00\x00\x00',HOLD,0.27,TRADE
2026-03-26T10:29:40.991142+00:00,X:ADAUSD,BULL,0.993,b'\x07\x00\x00\x00\x00\x00\x00\x00',BUY,0.27,TRADE
2026-03-26T12:08:48.625684+00:00,X:ADAUSD,CHOP,0.965,b'\x07\x00\x00\x00\x00\x00\x00\x00',HOLD,0.27,TRADE
2026-03-26T15:00:40.188575+00:00,X:ADAUSD,CHOP,0.965,b'\x07\x00\x00\x00\x00\x00\x00\x00',HOLD,0.27,TRADE
2026-03-26T16:19:20.737522+00:00,X:ADAUSD,CHOP,0.986,b'\x07\x00\x00\x00\x00\x00\x00\x00',HOLD,0.27,TRADE
2026-03-26T17:06:23.492450+00:00,X:ADAUSD,CHOP,0.986,b'\x07\x00\x00\x00\x00\x00\x00\x00',HOLD,0.27,TRADE
2026-03-26T18:10:09.595327+00:00,X:ADAUSD,CHOP,0.986,b'\x07\x00\x00\x00\x00\x00\x00\x00',HOLD,0.27,TRADE
2026-03-26T19:08:54.310425+00:00,X:ADAUSD,CHOP,0.943,b'\x07\x00\x00\x00\x00\x00\x00\x00',HOLD,0.27,TRADE
2026-03-26T19:53:53.201301+00:00,X:ADAUSD,CHOP,0.943,b'\x07\x00\x00\x00\x00\x00\x00\x00',HOLD,0.27,TRADE
2026-03-26T20:27:54.504168+00:00,X:ADAUSD,CHOP,0.943,b'\x07\x00\x00\x00\x00\x00\x00\x00',HOLD,0.27,TRADE
2026-03-26T21:42:59.087779+00:00,X:ADAUSD,CHOP,0.943,b'\x07\x00\x00\x00\x00\x00\x00\x00',HOLD,0.27,TRADE
2026-03-26T22:41:56.098996+00:00,X:ADAUSD,BULL,0.831,b'\x07\x00\x00\x00\x00\x00\x00\x00',BUY,0.27,TRADE
2026-03-26T23:43:17.991949+00:00,X:ADAUSD,CHOP,0.979,b'\x07\x00\x00\x00\x00\x00\x00\x00',HOLD,0.27,TRADE
2026-03-27T00:28:52.389678+00:00,X:ADAUSD,CHOP,0.975,b'\x05\x00\x00\x00\x00\x00\x00\x00',HOLD,0.25,TRADE
2026-03-27T01:14:07.194982+00:00,X:ADAUSD,CHOP,0.975,b'\x05\x00\x00\x00\x00\x00\x00\x00',HOLD,0.25,TRADE
2026-03-27T01:46:16.594818+00:00,X:ADAUSD,CHOP,0.975,b'\x05\x00\x00\x00\x00\x00\x00\x00',HOLD,0.25,TRADE
2026-03-27T02:15:20.398106+00:00,X:ADAUSD,CHOP,0.975,b'\x05\x00\x00\x00\x00\x00\x00\x00',HOLD,0.25,HOLD
2026-03-27T02:45:09.617947+00:00,X:ADAUSD,CHOP,0.975,b'\x05\x00\x00\x00\x00\x00\x00\x00',HOLD,0.25,HOLD
2026-03-27T03:17:51.396944+00:00,X:ADAUSD,BEAR,0.975,b'\x05\x00\x00\x00\x00\x00\x00\x00',SELL,0.25,HOLD
2026-03-27T04:01:48.293949+00:00,X:ADAUSD,BEAR,0.975,b'\x05\x00\x00\x00\x00\x00\x00\x00',SELL,0.25,HOLD
2026-03-27T04:55:17.062426+00:00,X:ADAUSD,BEAR,0.975,b'\x05\x00\x00\x00\x00\x00\x00\x00',SELL,0.25,TRADE
2026-03-27T05:23:56.421835+00:00,X:ADAUSD,BEAR,0.975,b'\x05\x00\x00\x00\x00\x00\x00\x00',SELL,0.25,TRADE
2026-03-27T06:10:12.276656+00:00,X:ADAUSD,BEAR,0.975,b'\x05\x00\x00\x00\x00\x00\x00\x00',SELL,0.25,TRADE
2026-03-27T06:39:42.983427+00:00,X:ADAUSD,BEAR,0.975,b'\x05\x00\x00\x00\x00\x00\x00\x00',SELL,0.25,TRADE
2026-03-27T07:24:12.966560+00:00,X:ADAUSD,BEAR,0.809,b'\x05\x00\x00\x00\x00\x00\x00\x00',SELL,0.25,TRADE
2026-03-27T07:55:51.037597+00:00,X:ADAUSD,BEAR,0.809,b'\x05\x00\x00\x00\x00\x00\x00\x00',SELL,0.25,TRADE
2026-03-27T08:40:04.081793+00:00,X:ADAUSD,BEAR,0.809,b'\x05\x00\x00\x00\x00\x00\x00\x00',SELL,0.25,TRADE
2026-03-27T09:11:36.799165+00:00,X:ADAUSD,BEAR,0.809,b'\x05\x00\x00\x00\x00\x00\x00\x00',SELL,0.25,TRADE
2026-03-27T09:55:39.368042+00:00,X:ADAUSD,BEAR,0.809,b'\x05\x00\x00\x00\x00\x00\x00\x00',SELL,0.25,TRADE
2026-03-27T10:26:53.083009+00:00,X:ADAUSD,CHOP,0.98,b'\x05\x00\x00\x00\x00\x00\x00\x00',HOLD,0.25,TRADE
2026-03-27T11:11:16.419162+00:00,X:ADAUSD,BEAR,0.883,b'\x05\x00\x00\x00\x00\x00\x00\x00',SELL,0.25,TRADE
2026-03-27T11:43:49.060060+00:00,X:ADAUSD,BEAR,0.883,b'\x05\x00\x00\x00\x00\x00\x00\x00',SELL,0.25,TRADE
2026-03-27T13:28:06.549991+00:00,X:ADAUSD,BEAR,0.883,b'\x05\x00\x00\x00\x00\x00\x00\x00',SELL,0.25,TRADE
2026-03-27T14:31:22.941917+00:00,X:ADAUSD,BEAR,0.883,b'\x05\x00\x00\x00\x00\x00\x00\x00',SELL,0.25,TRADE
2026-03-27T15:14:56.353147+00:00,X:ADAUSD,CHOP,0.976,b'\x05\x00\x00\x00\x00\x00\x00\x00',HOLD,0.25,TRADE
2026-03-27T16:00:52.100360+00:00,X:ADAUSD,CHOP,0.976,b'\x05\x00\x00\x00\x00\x00\x00\x00',HOLD,0.25,TRADE
2026-03-27T17:02:41.400520+00:00,X:ADAUSD,CHOP,0.976,b'\x05\x00\x00\x00\x00\x00\x00\x00',HOLD,0.25,TRADE
2026-03-27T17:46:23.401024+00:00,X:ADAUSD,BEAR,0.975,b'\x05\x00\x00\x00\x00\x00\x00\x00',SELL,0.25,TRADE
2026-03-27T18:31:41.166780+00:00,X:ADAUSD,BEAR,0.975,b'\x05\x00\x00\x00\x00\x00\x00\x00',SELL,0.25,TRADE
2026-03-27T19:47:46.788943+00:00,X:ADAUSD,BEAR,0.968,b'\x05\x00\x00\x00\x00\x00\x00\x00',SELL,0.25,TRADE
2026-03-27T20:19:55.828833+00:00,X:ADAUSD,BEAR,0.968,b'\x05\x00\x00\x00\x00\x00\x00\x00',SELL,0.25,TRADE
2026-03-27T21:34:35.382860+00:00,X:ADAUSD,BEAR,0.968,b'\x05\x00\x00\x00\x00\x00\x00\x00',SELL,0.25,TRADE
2026-03-27T21:59:19.095227+00:00,X:ADAUSD,BEAR,0.968,b'\x05\x00\x00\x00\x00\x00\x00\x00',SELL,0.25,TRADE
2026-03-28T02:21:09.001567+00:00,X:ADAUSD,CHOP,0.992,b'\x03\x00\x00\x00\x00\x00\x00\x00',HOLD,0.25,HOLD
2026-03-28T06:48:45.231188+00:00,X:ADAUSD,CHOP,0.994,b'\x03\x00\x00\x00\x00\x00\x00\x00',HOLD,0.25,TRADE
2026-03-28T11:17:42.723522+00:00,X:ADAUSD,CHOP,0.995,b'\x03\x00\x00\x00\x00\x00\x00\x00',HOLD,0.25,HOLD
2026-03-28T15:40:03.690204+00:00,X:ADAUSD,CHOP,0.998,b'\x03\x00\x00\x00\x00\x00\x00\x00',HOLD,0.25,HOLD
2026-03-28T20:10:22.293675+00:00,X:ADAUSD,BEAR,0.91,b'\x03\x00\x00\x00\x00\x00\x00\x00',SELL,0.25,HOLD
2026-03-29T00:22:47.696154+00:00,X:ADAUSD,CHOP,0.965,b'\x04\x00\x00\x00\x00\x00\x00\x00',HOLD,0.25,HOLD
2026-03-29T04:36:15.809391+00:00,X:ADAUSD,BEAR,0.986,b'\x04\x00\x00\x00\x00\x00\x00\x00',SELL,0.25,HOLD
2026-03-29T04:59:09.391254+00:00,X:ADAUSD,BEAR,0.986,b'\x04\x00\x00\x00\x00\x00\x00\x00',SELL,0.25,HOLD
2026-03-29T09:20:44.888822+00:00,X:ADAUSD,BEAR,0.974,b'\x04\x00\x00\x00\x00\x00\x00\x00',SELL,0.25,TRADE
2026-03-29T13:47:12.295213+00:00,X:ADAUSD,BEAR,0.996,b'\x04\x00\x00\x00\x00\x00\x00\x00',SELL,0.25,HOLD
2026-03-29T17:54:25.503953+00:00,X:ADAUSD,CHOP,0.858,b'\x04\x00\x00\x00\x00\x00\x00\x00',HOLD,0.25,HOLD
2026-03-29T22:06:46.200525+00:00,X:ADAUSD,BEAR,0.964,b'\x04\x00\x00\x00\x00\x00\x00\x00',SELL,0.25,HOLD
2026-03-30T02:19:08.287730+00:00,X:ADAUSD,CHOP,0.897,b'\x04\x00\x00\x00\x00\x00\x00\x00',HOLD,0.24,TRADE
2026-03-22T19:08:59.604044+00:00,X:AVAXUSD,BULL,1.0,b'\x05\x00\x00\x00\x00\x00\x00\x00',HOLD,9.21,HOLD
2026-03-22T23:23:01.294224+00:00,X:AVAXUSD,BEAR,0.936,b'\x05\x00\x00\x00\x00\x00\x00\x00',SELL,9.21,HOLD
2026-03-23T03:32:34.089162+00:00,X:AVAXUSD,CHOP,0.994,b'\x04\x00\x00\x00\x00\x00\x00\x00',HOLD,9.02,HOLD
2026-03-23T07:40:19.589989+00:00,X:AVAXUSD,BULL,0.993,b'\x04\x00\x00\x00\x00\x00\x00\x00',HOLD,9.02,HOLD
2026-03-23T11:45:44.432381+00:00,X:AVAXUSD,CHOP,0.999,b'\x04\x00\x00\x00\x00\x00\x00\x00',HOLD,9.02,HOLD
2026-03-23T15:54:05.698438+00:00,X:AVAXUSD,BULL,0.944,b'\x04\x00\x00\x00\x00\x00\x00\x00',HOLD,9.02,HOLD
2026-03-23T20:00:41.393205+00:00,X:AVAXUSD,CHOP,0.889,b'\x04\x00\x00\x00\x00\x00\x00\x00',HOLD,9.02,HOLD
2026-03-23T20:42:54.390659+00:00,X:AVAXUSD,CHOP,0.673,b'\x04\x00\x00\x00\x00\x00\x00\x00',HOLD,9.02,TRADE
2026-03-24T01:05:49.445738+00:00,X:AVAXUSD,BEAR,0.491,b'\x07\x00\x00\x00\x00\x00\x00\x00',SELL,9.57,HOLD
2026-03-24T05:21:55.289049+00:00,X:AVAXUSD,BEAR,0.456,b'\x07\x00\x00\x00\x00\x00\x00\x00',SELL,9.57,HOLD
2026-03-24T09:48:26.694793+00:00,X:AVAXUSD,CHOP,0.684,b'\x07\x00\x00\x00\x00\x00\x00\x00',HOLD,9.57,HOLD
2026-03-24T14:10:30.687721+00:00,X:AVAXUSD,CHOP,0.664,b'\x07\x00\x00\x00\x00\x00\x00\x00',HOLD,9.57,HOLD
2026-03-24T18:28:16.691233+00:00,X:AVAXUSD,CHOP,0.558,b'\x07\x00\x00\x00\x00\x00\x00\x00',HOLD,9.57,HOLD
2026-03-24T23:07:10.996728+00:00,X:AVAXUSD,CHOP,0.647,b'\x07\x00\x00\x00\x00\x00\x00\x00',HOLD,9.57,HOLD
2026-03-25T02:31:46.796395+00:00,X:AVAXUSD,BULL,0.818,b'\x07\x00\x00\x00\x00\x00\x00\x00',BUY,9.62,TRADE
2026-03-25T06:48:17.989659+00:00,X:AVAXUSD,CHOP,0.753,b'\x07\x00\x00\x00\x00\x00\x00\x00',HOLD,9.62,HOLD
2026-03-25T11:00:27.987652+00:00,X:AVAXUSD,BULL,0.638,b'\x07\x00\x00\x00\x00\x00\x00\x00',HOLD,9.62,HOLD
2026-03-25T15:19:17.696481+00:00,X:AVAXUSD,CHOP,0.712,b'\x07\x00\x00\x00\x00\x00\x00\x00',HOLD,9.62,HOLD
2026-03-25T19:37:46.821160+00:00,X:AVAXUSD,CHOP,0.746,b'\x07\x00\x00\x00\x00\x00\x00\x00',HOLD,9.62,HOLD
2026-03-25T23:51:10.032889+00:00,X:AVAXUSD,CHOP,0.85,b'\x07\x00\x00\x00\x00\x00\x00\x00',HOLD,9.62,HOLD
2026-03-26T02:06:44.348082+00:00,X:AVAXUSD,CHOP,0.774,b'\x07\x00\x00\x00\x00\x00\x00\x00',HOLD,9.67,TRADE
2026-03-26T02:54:03.794037+00:00,X:AVAXUSD,CHOP,0.774,b'\x07\x00\x00\x00\x00\x00\x00\x00',HOLD,9.67,TRADE
2026-03-26T03:26:15.675446+00:00,X:AVAXUSD,CHOP,0.814,b'\x07\x00\x00\x00\x00\x00\x00\x00',HOLD,9.67,TRADE
2026-03-26T03:59:57.189478+00:00,X:AVAXUSD,CHOP,0.814,b'\x07\x00\x00\x00\x00\x00\x00\x00',HOLD,9.67,TRADE
2026-03-26T04:45:33.691483+00:00,X:AVAXUSD,CHOP,0.715,b'\x07\x00\x00\x00\x00\x00\x00\x00',HOLD,9.67,TRADE
2026-03-26T05:26:36.660021+00:00,X:AVAXUSD,CHOP,0.88,b'\x07\x00\x00\x00\x00\x00\x00\x00',HOLD,9.67,TRADE
2026-03-26T06:06:53.405813+00:00,X:AVAXUSD,CHOP,0.773,b'\x07\x00\x00\x00\x00\x00\x00\x00',HOLD,9.67,TRADE
2026-03-26T07:02:51.889564+00:00,X:AVAXUSD,CHOP,0.773,b'\x07\x00\x00\x00\x00\x00\x00\x00',HOLD,9.67,TRADE
2026-03-26T10:29:40.991142+00:00,X:AVAXUSD,CHOP,0.752,b'\x07\x00\x00\x00\x00\x00\x00\x00',HOLD,9.67,TRADE
2026-03-26T12:08:48.625684+00:00,X:AVAXUSD,CHOP,0.795,b'\x07\x00\x00\x00\x00\x00\x00\x00',HOLD,9.67,TRADE
2026-03-26T15:00:40.188575+00:00,X:AVAXUSD,CHOP,0.638,b'\x07\x00\x00\x00\x00\x00\x00\x00',HOLD,9.67,TRADE
2026-03-26T16:19:20.737522+00:00,X:AVAXUSD,CHOP,0.888,b'\x07\x00\x00\x00\x00\x00\x00\x00',HOLD,9.67,TRADE
2026-03-26T17:06:23.492450+00:00,X:AVAXUSD,CHOP,0.888,b'\x07\x00\x00\x00\x00\x00\x00\x00',HOLD,9.67,TRADE
2026-03-26T18:10:09.595327+00:00,X:AVAXUSD,CHOP,0.771,b'\x07\x00\x00\x00\x00\x00\x00\x00',HOLD,9.67,TRADE
2026-03-26T19:08:54.310425+00:00,X:AVAXUSD,CHOP,0.757,b'\x07\x00\x00\x00\x00\x00\x00\x00',HOLD,9.67,TRADE
2026-03-26T19:53:53.201301+00:00,X:AVAXUSD,CHOP,0.757,b'\x07\x00\x00\x00\x00\x00\x00\x00',HOLD,9.67,TRADE
2026-03-26T20:27:54.504168+00:00,X:AVAXUSD,CHOP,0.768,b'\x07\x00\x00\x00\x00\x00\x00\x00',HOLD,9.67,TRADE
2026-03-26T21:42:59.087779+00:00,X:AVAXUSD,CHOP,0.621,b'\x07\x00\x00\x00\x00\x00\x00\x00',HOLD,9.67,TRADE
2026-03-26T22:41:56.098996+00:00,X:AVAXUSD,CHOP,0.898,b'\x07\x00\x00\x00\x00\x00\x00\x00',HOLD,9.67,TRADE
2026-03-26T23:43:17.991949+00:00,X:AVAXUSD,BEAR,0.802,b'\x07\x00\x00\x00\x00\x00\x00\x00',SELL,9.67,TRADE
2026-03-27T00:28:52.389678+00:00,X:AVAXUSD,CHOP,0.887,b'\x05\x00\x00\x00\x00\x00\x00\x00',HOLD,9.1,TRADE
2026-03-27T01:14:07.194982+00:00,X:AVAXUSD,CHOP,0.879,b'\x05\x00\x00\x00\x00\x00\x00\x00',HOLD,9.1,TRADE
2026-03-27T01:46:16.594818+00:00,X:AVAXUSD,CHOP,0.879,b'\x05\x00\x00\x00\x00\x00\x00\x00',HOLD,9.1,TRADE
2026-03-27T02:15:20.398106+00:00,X:AVAXUSD,BULL,0.755,b'\x05\x00\x00\x00\x00\x00\x00\x00',HOLD,9.1,HOLD
2026-03-27T02:45:09.617947+00:00,X:AVAXUSD,BULL,0.755,b'\x05\x00\x00\x00\x00\x00\x00\x00',HOLD,9.1,HOLD
2026-03-27T03:17:51.396944+00:00,X:AVAXUSD,BULL,0.837,b'\x05\x00\x00\x00\x00\x00\x00\x00',HOLD,9.1,HOLD
2026-03-27T04:01:48.293949+00:00,X:AVAXUSD,BULL,0.837,b'\x05\x00\x00\x00\x00\x00\x00\x00',HOLD,9.1,HOLD
2026-03-27T04:55:17.062426+00:00,X:AVAXUSD,CHOP,0.967,b'\x05\x00\x00\x00\x00\x00\x00\x00',HOLD,9.1,TRADE
2026-03-27T05:23:56.421835+00:00,X:AVAXUSD,CHOP,0.777,b'\x05\x00\x00\x00\x00\x00\x00\x00',HOLD,9.1,TRADE
2026-03-27T06:10:12.276656+00:00,X:AVAXUSD,BULL,0.907,b'\x05\x00\x00\x00\x00\x00\x00\x00',HOLD,9.1,TRADE
2026-03-27T06:39:42.983427+00:00,X:AVAXUSD,BULL,0.907,b'\x05\x00\x00\x00\x00\x00\x00\x00',HOLD,9.1,TRADE
2026-03-27T07:24:12.966560+00:00,X:AVAXUSD,CHOP,0.702,b'\x05\x00\x00\x00\x00\x00\x00\x00',HOLD,9.1,TRADE
2026-03-27T07:55:51.037597+00:00,X:AVAXUSD,CHOP,0.702,b'\x05\x00\x00\x00\x00\x00\x00\x00',HOLD,9.1,TRADE
2026-03-27T08:40:04.081793+00:00,X:AVAXUSD,BULL,0.929,b'\x05\x00\x00\x00\x00\x00\x00\x00',HOLD,9.1,TRADE
2026-03-27T09:11:36.799165+00:00,X:AVAXUSD,BULL,0.881,b'\x05\x00\x00\x00\x00\x00\x00\x00',HOLD,9.1,TRADE
2026-03-27T09:55:39.368042+00:00,X:AVAXUSD,BULL,0.881,b'\x05\x00\x00\x00\x00\x00\x00\x00',HOLD,9.1,TRADE
2026-03-27T10:26:53.083009+00:00,X:AVAXUSD,BULL,0.802,b'\x05\x00\x00\x00\x00\x00\x00\x00',HOLD,9.1,TRADE
2026-03-27T11:11:16.419162+00:00,X:AVAXUSD,BULL,0.887,b'\x05\x00\x00\x00\x00\x00\x00\x00',HOLD,9.1,TRADE
2026-03-27T11:43:49.060060+00:00,X:AVAXUSD,BULL,0.887,b'\x05\x00\x00\x00\x00\x00\x00\x00',HOLD,9.1,TRADE
2026-03-27T13:28:06.549991+00:00,X:AVAXUSD,BULL,0.723,b'\x05\x00\x00\x00\x00\x00\x00\x00',HOLD,9.1,TRADE
2026-03-27T14:31:22.941917+00:00,X:AVAXUSD,BULL,0.91,b'\x05\x00\x00\x00\x00\x00\x00\x00',HOLD,9.1,TRADE
2026-03-27T15:14:56.353147+00:00,X:AVAXUSD,BULL,0.882,b'\x05\x00\x00\x00\x00\x00\x00\x00',HOLD,9.1,TRADE
2026-03-27T16:00:52.100360+00:00,X:AVAXUSD,BULL,0.882,b'\x05\x00\x00\x00\x00\x00\x00\x00',HOLD,9.1,TRADE
2026-03-27T17:02:41.400520+00:00,X:AVAXUSD,CHOP,0.686,b'\x05\x00\x00\x00\x00\x00\x00\x00',HOLD,9.1,TRADE
2026-03-27T17:46:23.401024+00:00,X:AVAXUSD,CHOP,0.686,b'\x05\x00\x00\x00\x00\x00\x00\x00',HOLD,9.1,TRADE
2026-03-27T18:31:41.166780+00:00,X:AVAXUSD,CHOP,0.724,b'\x05\x00\x00\x00\x00\x00\x00\x00',HOLD,9.1,TRADE
2026-03-27T19:47:46.788943+00:00,X:AVAXUSD,BULL,0.831,b'\x05\x00\x00\x00\x00\x00\x00\x00',HOLD,9.1,TRADE
2026-03-27T20:19:55.828833+00:00,X:AVAXUSD,BULL,0.642,b'\x05\x00\x00\x00\x00\x00\x00\x00',HOLD,9.1,TRADE
2026-03-27T21:34:35.382860+00:00,X:AVAXUSD,CHOP,0.881,b'\x05\x00\x00\x00\x00\x00\x00\x00',HOLD,9.1,TRADE
2026-03-27T21:59:19.095227+00:00,X:AVAXUSD,CHOP,0.881,b'\x05\x00\x00\x00\x00\x00\x00\x00',HOLD,9.1,TRADE
2026-03-28T02:21:09.001567+00:00,X:AVAXUSD,CHOP,0.96,b'\x04\x00\x00\x00\x00\x00\x00\x00',HOLD,8.78,HOLD
2026-03-28T06:48:45.231188+00:00,X:AVAXUSD,CHOP,0.977,b'\x04\x00\x00\x00\x00\x00\x00\x00',HOLD,8.78,TRADE
2026-03-28T11:17:42.723522+00:00,X:AVAXUSD,CHOP,0.803,b'\x04\x00\x00\x00\x00\x00\x00\x00',HOLD,8.78,HOLD
2026-03-28T15:40:03.690204+00:00,X:AVAXUSD,CHOP,0.965,b'\x04\x00\x00\x00\x00\x00\x00\x00',HOLD,8.78,HOLD
2026-03-28T20:10:22.293675+00:00,X:AVAXUSD,CHOP,0.791,b'\x04\x00\x00\x00\x00\x00\x00\x00',HOLD,8.78,HOLD
2026-03-29T00:22:47.696154+00:00,X:AVAXUSD,CHOP,0.855,b'\x04\x00\x00\x00\x00\x00\x00\x00',HOLD,8.75,HOLD
2026-03-29T04:36:15.809391+00:00,X:AVAXUSD,BEAR,0.976,b'\x04\x00\x00\x00\x00\x00\x00\x00',SELL,8.75,HOLD
2026-03-29T04:59:09.391254+00:00,X:AVAXUSD,BEAR,0.976,b'\x04\x00\x00\x00\x00\x00\x00\x00',SELL,8.75,HOLD
2026-03-29T09:20:44.888822+00:00,X:AVAXUSD,BEAR,0.935,b'\x04\x00\x00\x00\x00\x00\x00\x00',SELL,8.75,TRADE
2026-03-29T13:47:12.295213+00:00,X:AVAXUSD,BEAR,0.984,b'\x04\x00\x00\x00\x00\x00\x00\x00',SELL,8.75,HOLD
2026-03-29T17:54:25.503953+00:00,X:AVAXUSD,BEAR,0.977,b'\x04\x00\x00\x00\x00\x00\x00\x00',SELL,8.75,HOLD
2026-03-29T22:06:46.200525+00:00,X:AVAXUSD,BEAR,0.982,b'\x04\x00\x00\x00\x00\x00\x00\x00',SELL,8.75,HOLD
2026-03-30T02:19:08.287730+00:00,X:AVAXUSD,BULL,0.584,b'\x05\x00\x00\x00\x00\x00\x00\x00',HOLD,8.59,TRADE
2026-03-22T19:08:59.604044+00:00,X:BCHUSD,CHOP,0.804,b'\x04\x00\x00\x00\x00\x00\x00\x00',HOLD,461.79,HOLD
2026-03-22T23:23:01.294224+00:00,X:BCHUSD,BEAR,0.904,b'\x04\x00\x00\x00\x00\x00\x00\x00',SELL,461.79,HOLD
2026-03-23T03:32:34.089162+00:00,X:BCHUSD,CHOP,0.966,b'\x05\x00\x00\x00\x00\x00\x00\x00',HOLD,467.4,HOLD
2026-03-23T07:40:19.589989+00:00,X:BCHUSD,CHOP,0.981,b'\x05\x00\x00\x00\x00\x00\x00\x00',HOLD,467.4,HOLD
2026-03-23T11:45:44.432381+00:00,X:BCHUSD,CHOP,0.857,b'\x05\x00\x00\x00\x00\x00\x00\x00',HOLD,467.4,HOLD
2026-03-23T15:54:05.698438+00:00,X:BCHUSD,CHOP,0.987,b'\x05\x00\x00\x00\x00\x00\x00\x00',HOLD,467.4,HOLD
2026-03-23T20:00:41.393205+00:00,X:BCHUSD,BULL,0.74,b'\x05\x00\x00\x00\x00\x00\x00\x00',HOLD,467.4,HOLD
2026-03-23T20:42:54.390659+00:00,X:BCHUSD,BULL,0.74,b'\x05\x00\x00\x00\x00\x00\x00\x00',BUY,467.4,TRADE
2026-03-24T01:05:49.445738+00:00,X:BCHUSD,CHOP,0.98,b'\x07\x00\x00\x00\x00\x00\x00\x00',HOLD,477.96,HOLD
2026-03-24T05:21:55.289049+00:00,X:BCHUSD,CHOP,0.9,b'\x07\x00\x00\x00\x00\x00\x00\x00',HOLD,477.96,HOLD
2026-03-24T09:48:26.694793+00:00,X:BCHUSD,CHOP,0.991,b'\x07\x00\x00\x00\x00\x00\x00\x00',HOLD,477.96,HOLD
2026-03-24T14:10:30.687721+00:00,X:BCHUSD,BULL,0.962,b'\x07\x00\x00\x00\x00\x00\x00\x00',BUY,477.96,HOLD
2026-03-24T18:28:16.691233+00:00,X:BCHUSD,CHOP,0.953,b'\x07\x00\x00\x00\x00\x00\x00\x00',HOLD,477.96,HOLD
2026-03-24T23:07:10.996728+00:00,X:BCHUSD,CHOP,0.969,b'\x07\x00\x00\x00\x00\x00\x00\x00',HOLD,477.96,HOLD
2026-03-25T02:31:46.796395+00:00,X:BCHUSD,BULL,0.999,b'\x06\x00\x00\x00\x00\x00\x00\x00',BUY,477.36,TRADE
2026-03-25T06:48:17.989659+00:00,X:BCHUSD,CHOP,0.989,b'\x06\x00\x00\x00\x00\x00\x00\x00',HOLD,477.36,HOLD
2026-03-25T11:00:27.987652+00:00,X:BCHUSD,CHOP,0.926,b'\x06\x00\x00\x00\x00\x00\x00\x00',HOLD,477.36,HOLD
2026-03-25T15:19:17.696481+00:00,X:BCHUSD,CHOP,0.987,b'\x06\x00\x00\x00\x00\x00\x00\x00',HOLD,477.36,HOLD
2026-03-25T19:37:46.821160+00:00,X:BCHUSD,CHOP,0.949,b'\x06\x00\x00\x00\x00\x00\x00\x00',HOLD,477.36,HOLD
2026-03-25T23:51:10.032889+00:00,X:BCHUSD,CHOP,0.922,b'\x06\x00\x00\x00\x00\x00\x00\x00',HOLD,477.36,HOLD
2026-03-26T02:06:44.348082+00:00,X:BCHUSD,CHOP,0.918,b'\x04\x00\x00\x00\x00\x00\x00\x00',HOLD,473.26,TRADE
2026-03-26T02:54:03.794037+00:00,X:BCHUSD,CHOP,0.918,b'\x04\x00\x00\x00\x00\x00\x00\x00',HOLD,473.26,TRADE
2026-03-26T03:26:15.675446+00:00,X:BCHUSD,BEAR,0.992,b'\x04\x00\x00\x00\x00\x00\x00\x00',SELL,473.26,TRADE
2026-03-26T03:59:57.189478+00:00,X:BCHUSD,BEAR,0.992,b'\x04\x00\x00\x00\x00\x00\x00\x00',SELL,473.26,TRADE
2026-03-26T04:45:33.691483+00:00,X:BCHUSD,BEAR,0.992,b'\x04\x00\x00\x00\x00\x00\x00\x00',SELL,473.26,TRADE
2026-03-26T05:26:36.660021+00:00,X:BCHUSD,BEAR,0.992,b'\x04\x00\x00\x00\x00\x00\x00\x00',SELL,473.26,TRADE
2026-03-26T06:06:53.405813+00:00,X:BCHUSD,BEAR,0.992,b'\x04\x00\x00\x00\x00\x00\x00\x00',SELL,473.26,TRADE
2026-03-26T07:02:51.889564+00:00,X:BCHUSD,BEAR,0.992,b'\x04\x00\x00\x00\x00\x00\x00\x00',SELL,473.26,TRADE
2026-03-26T10:29:40.991142+00:00,X:BCHUSD,CHOP,0.998,b'\x04\x00\x00\x00\x00\x00\x00\x00',HOLD,473.26,TRADE
2026-03-26T12:08:48.625684+00:00,X:BCHUSD,CHOP,0.995,b'\x04\x00\x00\x00\x00\x00\x00\x00',HOLD,473.26,TRADE
2026-03-26T15:00:40.188575+00:00,X:BCHUSD,CHOP,0.995,b'\x04\x00\x00\x00\x00\x00\x00\x00',HOLD,473.26,TRADE
2026-03-26T16:19:20.737522+00:00,X:BCHUSD,CHOP,0.998,b'\x04\x00\x00\x00\x00\x00\x00\x00',HOLD,473.26,TRADE
2026-03-26T17:06:23.492450+00:00,X:BCHUSD,CHOP,0.998,b'\x04\x00\x00\x00\x00\x00\x00\x00',HOLD,473.26,TRADE
2026-03-26T18:10:09.595327+00:00,X:BCHUSD,CHOP,0.984,b'\x04\x00\x00\x00\x00\x00\x00\x00',HOLD,473.26,TRADE
2026-03-26T19:08:54.310425+00:00,X:BCHUSD,CHOP,0.98,b'\x04\x00\x00\x00\x00\x00\x00\x00',HOLD,473.26,TRADE
2026-03-26T19:53:53.201301+00:00,X:BCHUSD,CHOP,0.98,b'\x04\x00\x00\x00\x00\x00\x00\x00',HOLD,473.26,TRADE
2026-03-26T20:27:54.504168+00:00,X:BCHUSD,CHOP,0.98,b'\x04\x00\x00\x00\x00\x00\x00\x00',HOLD,473.26,TRADE
2026-03-26T21:42:59.087779+00:00,X:BCHUSD,CHOP,0.98,b'\x04\x00\x00\x00\x00\x00\x00\x00',HOLD,473.26,TRADE
2026-03-26T22:41:56.098996+00:00,X:BCHUSD,CHOP,0.98,b'\x04\x00\x00\x00\x00\x00\x00\x00',HOLD,473.26,TRADE
2026-03-26T23:43:17.991949+00:00,X:BCHUSD,BULL,0.808,b'\x04\x00\x00\x00\x00\x00\x00\x00',HOLD,473.26,TRADE
2026-03-27T00:28:52.389678+00:00,X:BCHUSD,CHOP,0.777,b'\x04\x00\x00\x00\x00\x00\x00\x00',HOLD,461.76,TRADE
2026-03-27T01:14:07.194982+00:00,X:BCHUSD,CHOP,0.777,b'\x04\x00\x00\x00\x00\x00\x00\x00',HOLD,461.76,TRADE
2026-03-27T01:46:16.594818+00:00,X:BCHUSD,CHOP,0.777,b'\x04\x00\x00\x00\x00\x00\x00\x00',HOLD,461.76,TRADE
2026-03-27T02:15:20.398106+00:00,X:BCHUSD,CHOP,0.777,b'\x04\x00\x00\x00\x00\x00\x00\x00',HOLD,461.76,HOLD
2026-03-27T02:45:09.617947+00:00,X:BCHUSD,CHOP,0.777,b'\x04\x00\x00\x00\x00\x00\x00\x00',HOLD,461.76,HOLD
2026-03-27T03:17:51.396944+00:00,X:BCHUSD,BEAR,0.703,b'\x04\x00\x00\x00\x00\x00\x00\x00',SELL,461.76,HOLD
2026-03-27T04:01:48.293949+00:00,X:BCHUSD,BEAR,0.703,b'\x04\x00\x00\x00\x00\x00\x00\x00',SELL,461.76,HOLD
2026-03-27T04:55:17.062426+00:00,X:BCHUSD,BEAR,0.703,b'\x04\x00\x00\x00\x00\x00\x00\x00',SELL,461.76,TRADE
2026-03-27T05:23:56.421835+00:00,X:BCHUSD,BEAR,0.703,b'\x04\x00\x00\x00\x00\x00\x00\x00',SELL,461.76,TRADE
2026-03-27T06:10:12.276656+00:00,X:BCHUSD,BEAR,0.703,b'\x04\x00\x00\x00\x00\x00\x00\x00',SELL,461.76,TRADE
2026-03-27T06:39:42.983427+00:00,X:BCHUSD,BEAR,0.703,b'\x04\x00\x00\x00\x00\x00\x00\x00',SELL,461.76,TRADE
2026-03-27T07:24:12.966560+00:00,X:BCHUSD,CHOP,0.728,b'\x04\x00\x00\x00\x00\x00\x00\x00',HOLD,461.76,TRADE
2026-03-27T07:55:51.037597+00:00,X:BCHUSD,CHOP,0.728,b'\x04\x00\x00\x00\x00\x00\x00\x00',HOLD,461.76,TRADE
2026-03-27T08:40:04.081793+00:00,X:BCHUSD,CHOP,0.728,b'\x04\x00\x00\x00\x00\x00\x00\x00',HOLD,461.76,TRADE
2026-03-27T09:11:36.799165+00:00,X:BCHUSD,CHOP,0.728,b'\x04\x00\x00\x00\x00\x00\x00\x00',HOLD,461.76,TRADE
2026-03-27T09:55:39.368042+00:00,X:BCHUSD,CHOP,0.728,b'\x04\x00\x00\x00\x00\x00\x00\x00',HOLD,461.76,TRADE
2026-03-27T10:26:53.083009+00:00,X:BCHUSD,CHOP,0.728,b'\x04\x00\x00\x00\x00\x00\x00\x00',HOLD,461.76,TRADE
2026-03-27T11:11:16.419162+00:00,X:BCHUSD,CHOP,0.805,b'\x04\x00\x00\x00\x00\x00\x00\x00',HOLD,461.76,TRADE
2026-03-27T11:43:49.060060+00:00,X:BCHUSD,CHOP,0.805,b'\x04\x00\x00\x00\x00\x00\x00\x00',HOLD,461.76,TRADE
2026-03-27T13:28:06.549991+00:00,X:BCHUSD,CHOP,0.805,b'\x04\x00\x00\x00\x00\x00\x00\x00',HOLD,461.76,TRADE
2026-03-27T14:31:22.941917+00:00,X:BCHUSD,CHOP,0.805,b'\x04\x00\x00\x00\x00\x00\x00\x00',HOLD,461.76,TRADE
2026-03-27T15:14:56.353147+00:00,X:BCHUSD,CHOP,0.826,b'\x04\x00\x00\x00\x00\x00\x00\x00',HOLD,461.76,TRADE
2026-03-27T16:00:52.100360+00:00,X:BCHUSD,CHOP,0.826,b'\x04\x00\x00\x00\x00\x00\x00\x00',HOLD,461.76,TRADE
2026-03-27T17:02:41.400520+00:00,X:BCHUSD,CHOP,0.826,b'\x04\x00\x00\x00\x00\x00\x00\x00',HOLD,461.76,TRADE
2026-03-27T17:46:23.401024+00:00,X:BCHUSD,CHOP,0.826,b'\x04\x00\x00\x00\x00\x00\x00\x00',HOLD,461.76,TRADE
2026-03-27T18:31:41.166780+00:00,X:BCHUSD,CHOP,0.826,b'\x04\x00\x00\x00\x00\x00\x00\x00',HOLD,461.76,TRADE
2026-03-27T19:47:46.788943+00:00,X:BCHUSD,CHOP,0.616,b'\x04\x00\x00\x00\x00\x00\x00\x00',HOLD,461.76,TRADE
2026-03-27T20:19:55.828833+00:00,X:BCHUSD,CHOP,0.616,b'\x04\x00\x00\x00\x00\x00\x00\x00',HOLD,461.76,TRADE
2026-03-27T21:34:35.382860+00:00,X:BCHUSD,CHOP,0.616,b'\x04\x00\x00\x00\x00\x00\x00\x00',HOLD,461.76,TRADE
2026-03-27T21:59:19.095227+00:00,X:BCHUSD,CHOP,0.616,b'\x04\x00\x00\x00\x00\x00\x00\x00',HOLD,461.76,TRADE
2026-03-28T02:21:09.001567+00:00,X:BCHUSD,BULL,0.959,b'\x06\x00\x00\x00\x00\x00\x00\x00',BUY,472.63,HOLD
2026-03-28T06:48:45.231188+00:00,X:BCHUSD,CHOP,0.992,b'\x06\x00\x00\x00\x00\x00\x00\x00',HOLD,472.63,TRADE
2026-03-28T11:17:42.723522+00:00,X:BCHUSD,CHOP,0.989,b'\x06\x00\x00\x00\x00\x00\x00\x00',HOLD,472.63,HOLD
2026-03-28T15:40:03.690204+00:00,X:BCHUSD,CHOP,0.989,b'\x06\x00\x00\x00\x00\x00\x00\x00',HOLD,472.63,HOLD
2026-03-28T20:10:22.293675+00:00,X:BCHUSD,CHOP,0.999,b'\x06\x00\x00\x00\x00\x00\x00\x00',HOLD,472.63,HOLD
2026-03-29T00:22:47.696154+00:00,X:BCHUSD,CHOP,0.965,b'\x06\x00\x00\x00\x00\x00\x00\x00',HOLD,480.72,HOLD
2026-03-29T04:36:15.809391+00:00,X:BCHUSD,CHOP,0.849,b'\x06\x00\x00\x00\x00\x00\x00\x00',HOLD,480.72,HOLD
2026-03-29T04:59:09.391254+00:00,X:BCHUSD,CHOP,0.849,b'\x06\x00\x00\x00\x00\x00\x00\x00',HOLD,480.72,HOLD
2026-03-29T09:20:44.888822+00:00,X:BCHUSD,BULL,0.965,b'\x06\x00\x00\x00\x00\x00\x00\x00',BUY,480.72,TRADE
2026-03-29T13:47:12.295213+00:00,X:BCHUSD,CHOP,0.839,b'\x06\x00\x00\x00\x00\x00\x00\x00',HOLD,480.72,HOLD
2026-03-29T17:54:25.503953+00:00,X:BCHUSD,CHOP,0.995,b'\x06\x00\x00\x00\x00\x00\x00\x00',HOLD,480.72,HOLD
2026-03-29T22:06:46.200525+00:00,X:BCHUSD,CHOP,0.975,b'\x06\x00\x00\x00\x00\x00\x00\x00',HOLD,480.72,HOLD
2026-03-30T02:19:08.287730+00:00,X:BCHUSD,BEAR,0.991,b'\x05\x00\x00\x00\x00\x00\x00\x00',SELL,452.34,TRADE
2026-03-30T03:54:06.216447+00:00,X:BCHUSD,CHOP,0.849,b'\x05\x00\x00\x00\x00\x00\x00\x00',HOLD,452.34,HOLD
2026-03-30T04:07:33.396069+00:00,X:BCHUSD,CHOP,0.873,b'\x05\x00\x00\x00\x00\x00\x00\x00',HOLD,452.34,HOLD
2026-03-30T08:10:23.208160+00:00,X:BCHUSD,CHOP,0.816,b'\x05\x00\x00\x00\x00\x00\x00\x00',HOLD,452.34,TRADE
2026-03-30T12:12:57.837074+00:00,X:BCHUSD,BEAR,0.706,b'\x05\x00\x00\x00\x00\x00\x00\x00',SELL,452.34,TRADE
2026-03-30T16:15:22.088987+00:00,X:BCHUSD,BULL,0.942,b'\x05\x00\x00\x00\x00\x00\x00\x00',BUY,452.34,TRADE
2026-03-30T20:18:28.197398+00:00,X:BCHUSD,BULL,0.954,b'\x05\x00\x00\x00\x00\x00\x00\x00',BUY,452.34,HOLD
2026-03-31T00:21:18.107590+00:00,X:BCHUSD,CHOP,0.968,b'\x04\x00\x00\x00\x00\x00\x00\x00',HOLD,459.95,HOLD
2026-03-31T04:24:08.398730+00:00,X:BCHUSD,CHOP,0.976,b'\x04\x00\x00\x00\x00\x00\x00\x00',HOLD,459.95,HOLD
2026-03-31T08:26:44.230342+00:00,X:BCHUSD,CHOP,0.97,b'\x04\x00\x00\x00\x00\x00\x00\x00',HOLD,459.95,HOLD
2026-03-31T12:29:20.918449+00:00,X:BCHUSD,CHOP,0.748,b'\x04\x00\x00\x00\x00\x00\x00\x00',HOLD,459.95,HOLD
2026-03-31T16:31:37.102352+00:00,X:BCHUSD,CHOP,0.972,b'\x04\x00\x00\x00\x00\x00\x00\x00',HOLD,459.95,HOLD
2026-03-31T20:34:27.889770+00:00,X:BCHUSD,CHOP,0.961,b'\x04\x00\x00\x00\x00\x00\x00\x00',HOLD,459.95,HOLD
2026-04-01T00:37:14.096938+00:00,X:BCHUSD,BEAR,0.951,b'\x07\x00\x00\x00\x00\x00\x00\x00',SELL,466.37,TRADE
2026-04-01T04:39:47.529471+00:00,X:BCHUSD,BEAR,0.927,b'\x07\x00\x00\x00\x00\x00\x00\x00',SELL,466.37,HOLD
2026-04-01T08:41:53.105835+00:00,X:BCHUSD,BEAR,0.92,b'\x07\x00\x00\x00\x00\x00\x00\x00',SELL,466.37,HOLD
2026-04-01T12:44:20.490619+00:00,X:BCHUSD,BEAR,0.981,b'\x07\x00\x00\x00\x00\x00\x00\x00',SELL,466.37,HOLD
2026-04-01T16:47:21.592181+00:00,X:BCHUSD,BEAR,0.941,b'\x07\x00\x00\x00\x00\x00\x00\x00',SELL,466.37,HOLD
2026-04-01T20:50:02.399526+00:00,X:BCHUSD,CHOP,0.816,b'\x07\x00\x00\x00\x00\x00\x00\x00',HOLD,466.37,HOLD
2026-04-02T00:52:11.271008+00:00,X:BCHUSD,CHOP,0.996,b'\x03\x00\x00\x00\x00\x00\x00\x00',HOLD,454.71,TRADE
2026-04-02T04:56:37.006353+00:00,X:BCHUSD,CHOP,0.995,b'\x03\x00\x00\x00\x00\x00\x00\x00',HOLD,454.71,HOLD
2026-04-02T08:59:50.308678+00:00,X:BCHUSD,CHOP,0.997,b'\x03\x00\x00\x00\x00\x00\x00\x00',HOLD,454.71,HOLD
2026-04-02T13:02:01.192289+00:00,X:BCHUSD,CHOP,0.997,b'\x03\x00\x00\x00\x00\x00\x00\x00',HOLD,454.71,HOLD
2026-04-02T17:04:45.519961+00:00,X:BCHUSD,CHOP,0.989,b'\x03\x00\x00\x00\x00\x00\x00\x00',HOLD,454.71,HOLD
2026-04-02T21:07:17.702849+00:00,X:BCHUSD,CHOP,0.994,b'\x03\x00\x00\x00\x00\x00\x00\x00',HOLD,454.71,HOLD
2026-04-03T01:09:59.826034+00:00,X:BCHUSD,CHOP,0.907,b'\x04\x00\x00\x00\x00\x00\x00\x00',HOLD,444.27,HOLD
2026-04-03T05:12:59.810796+00:00,X:BCHUSD,CHOP,0.847,b'\x04\x00\x00\x00\x00\x00\x00\x00',HOLD,444.27,HOLD
2026-04-03T09:15:53.200033+00:00,X:BCHUSD,CHOP,0.775,b'\x04\x00\x00\x00\x00\x00\x00\x00',HOLD,444.27,HOLD
2026-04-03T13:18:58.522936+00:00,X:BCHUSD,CHOP,0.864,b'\x04\x00\x00\x00\x00\x00\x00\x00',HOLD,444.27,HOLD
2026-04-03T17:21:48.607251+00:00,X:BCHUSD,CHOP,0.795,b'\x04\x00\x00\x00\x00\x00\x00\x00',HOLD,444.27,HOLD
2026-04-03T21:24:31.417665+00:00,X:BCHUSD,CHOP,0.7,b'\x04\x00\x00\x00\x00\x00\x00\x00',HOLD,444.27,HOLD
2026-04-04T01:27:07.700550+00:00,X:BCHUSD,CHOP,0.912,b'\x05\x00\x00\x00\x00\x00\x00\x00',HOLD,442.91,HOLD
2026-04-04T05:29:14.852140+00:00,X:BCHUSD,CHOP,0.994,b'\x05\x00\x00\x00\x00\x00\x00\x00',HOLD,442.91,HOLD
2026-04-04T09:31:38.404392+00:00,X:BCHUSD,CHOP,0.995,b'\x05\x00\x00\x00\x00\x00\x00\x00',HOLD,442.91,HOLD
2026-04-04T13:33:55.701856+00:00,X:BCHUSD,CHOP,0.932,b'\x05\x00\x00\x00\x00\x00\x00\x00',HOLD,442.91,HOLD
2026-04-04T17:36:26.420889+00:00,X:BCHUSD,CHOP,0.97,b'\x05\x00\x00\x00\x00\x00\x00\x00',HOLD,442.91,HOLD
2026-04-04T21:38:46.923749+00:00,X:BCHUSD,CHOP,0.997,b'\x05\x00\x00\x00\x00\x00\x00\x00',HOLD,442.91,HOLD
2026-04-05T01:41:19.812979+00:00,X:BCHUSD,CHOP,0.995,b'\x05\x00\x00\x00\x00\x00\x00\x00',HOLD,441.08,HOLD
2026-04-05T05:43:39.232575+00:00,X:BCHUSD,CHOP,0.995,b'\x05\x00\x00\x00\x00\x00\x00\x00',HOLD,441.08,HOLD
2026-04-05T09:45:49.218083+00:00,X:BCHUSD,CHOP,0.997,b'\x05\x00\x00\x00\x00\x00\x00\x00',HOLD,441.08,HOLD
2026-04-05T13:48:10.911101+00:00,X:BCHUSD,CHOP,0.994,b'\x05\x00\x00\x00\x00\x00\x00\x00',HOLD,441.08,HOLD
2026-04-05T17:50:33.844543+00:00,X:BCHUSD,CHOP,0.996,b'\x05\x00\x00\x00\x00\x00\x00\x00',HOLD,441.08,HOLD
2026-04-05T21:53:00.799938+00:00,X:BCHUSD,CHOP,0.996,b'\x05\x00\x00\x00\x00\x00\x00\x00',HOLD,441.08,HOLD
2026-04-06T01:56:09.796764+00:00,X:BCHUSD,BULL,0.854,b'\x05\x00\x00\x00\x00\x00\x00\x00',BUY,428.4,HOLD
2026-04-06T05:58:31.608691+00:00,X:BCHUSD,BULL,0.961,b'\x05\x00\x00\x00\x00\x00\x00\x00',BUY,428.4,HOLD
2026-04-06T10:00:44.053546+00:00,X:BCHUSD,BULL,0.863,b'\x05\x00\x00\x00\x00\x00\x00\x00',BUY,428.4,HOLD
2026-04-06T14:03:58.413681+00:00,X:BCHUSD,BULL,0.797,b'\x05\x00\x00\x00\x00\x00\x00\x00',BUY,428.4,HOLD
2026-04-06T18:06:49.501767+00:00,X:BCHUSD,BULL,0.9,b'\x05\x00\x00\x00\x00\x00\x00\x00',BUY,428.4,HOLD
2026-04-06T22:09:27.214912+00:00,X:BCHUSD,BULL,0.926,b'\x05\x00\x00\x00\x00\x00\x00\x00',BUY,428.4,HOLD
2026-04-07T02:12:20.926466+00:00,X:BCHUSD,CHOP,0.77,b'\x05\x00\x00\x00\x00\x00\x00\x00',HOLD,435.18,TRADE
2026-04-07T06:14:27.502477+00:00,X:BCHUSD,CHOP,0.806,b'\x05\x00\x00\x00\x00\x00\x00\x00',HOLD,435.18,HOLD
2026-04-07T10:16:13.467205+00:00,X:BCHUSD,BEAR,0.66,b'\x05\x00\x00\x00\x00\x00\x00\x00',SELL,435.18,HOLD
2026-04-07T14:18:16.109735+00:00,X:BCHUSD,BEAR,0.904,b'\x05\x00\x00\x00\x00\x00\x00\x00',SELL,435.18,HOLD
2026-04-07T18:21:00.513345+00:00,X:BCHUSD,BEAR,0.767,b'\x05\x00\x00\x00\x00\x00\x00\x00',SELL,435.18,HOLD
2026-04-07T22:23:42.500339+00:00,X:BCHUSD,BEAR,0.68,b'\x05\x00\x00\x00\x00\x00\x00\x00',SELL,435.18,HOLD
2026-04-08T02:26:40.388528+00:00,X:BCHUSD,CHOP,0.999,b'\x07\x00\x00\x00\x00\x00\x00\x00',HOLD,446.33,TRADE
2026-04-08T06:28:31.651032+00:00,X:BCHUSD,BEAR,0.973,b'\x07\x00\x00\x00\x00\x00\x00\x00',SELL,446.33,HOLD
2026-04-08T10:30:20.232026+00:00,X:BCHUSD,BULL,0.979,b'\x07\x00\x00\x00\x00\x00\x00\x00',BUY,446.33,HOLD
2026-04-08T14:32:51.341193+00:00,X:BCHUSD,CHOP,0.987,b'\x07\x00\x00\x00\x00\x00\x00\x00',HOLD,446.33,HOLD
2026-04-08T18:35:59.690427+00:00,X:BCHUSD,BEAR,1.0,b'\x07\x00\x00\x00\x00\x00\x00\x00',SELL,446.33,HOLD
2026-04-08T22:38:26.895816+00:00,X:BCHUSD,BULL,0.969,b'\x07\x00\x00\x00\x00\x00\x00\x00',BUY,446.33,HOLD
2026-04-09T02:41:30.891241+00:00,X:BCHUSD,CHOP,0.894,b'\x06\x00\x00\x00\x00\x00\x00\x00',HOLD,441.61,TRADE
2026-04-09T06:44:18.937960+00:00,X:BCHUSD,CHOP,0.778,b'\x06\x00\x00\x00\x00\x00\x00\x00',HOLD,441.61,HOLD
2026-04-09T10:47:37.625083+00:00,X:BCHUSD,CHOP,0.974,b'\x06\x00\x00\x00\x00\x00\x00\x00',HOLD,441.61,HOLD
2026-04-09T14:50:25.818925+00:00,X:BCHUSD,CHOP,0.858,b'\x06\x00\x00\x00\x00\x00\x00\x00',HOLD,441.61,HOLD
2026-04-09T18:53:05.396477+00:00,X:BCHUSD,CHOP,0.9,b'\x06\x00\x00\x00\x00\x00\x00\x00',HOLD,441.61,HOLD
2026-04-09T22:55:43.487818+00:00,X:BCHUSD,CHOP,0.848,b'\x06\x00\x00\x00\x00\x00\x00\x00',HOLD,441.61,HOLD
2026-04-10T02:59:03.197600+00:00,X:BCHUSD,CHOP,0.935,b'\x06\x00\x00\x00\x00\x00\x00\x00',HOLD,442.93,TRADE
2026-04-10T07:01:34.486803+00:00,X:BCHUSD,CHOP,0.833,b'\x06\x00\x00\x00\x00\x00\x00\x00',HOLD,442.93,TRADE
2026-04-10T11:03:28.479341+00:00,X:BCHUSD,CHOP,0.909,b'\x06\x00\x00\x00\x00\x00\x00\x00',HOLD,442.93,HOLD
2026-04-10T15:06:48.193129+00:00,X:BCHUSD,CHOP,0.889,b'\x06\x00\x00\x00\x00\x00\x00\x00',HOLD,442.93,HOLD
2026-04-10T19:10:03.513578+00:00,X:BCHUSD,CHOP,0.962,b'\x06\x00\x00\x00\x00\x00\x00\x00',HOLD,442.93,TRADE
2026-04-10T23:12:41.999344+00:00,X:BCHUSD,CHOP,0.942,b'\x06\x00\x00\x00\x00\x00\x00\x00',HOLD,442.93,HOLD
2026-04-11T03:15:56.895311+00:00,X:BCHUSD,CHOP,0.992,b'\x06\x00\x00\x00\x00\x00\x00\x00',HOLD,444.11,HOLD
2026-04-11T07:18:51.729126+00:00,X:BCHUSD,CHOP,0.991,b'\x06\x00\x00\x00\x00\x00\x00\x00',HOLD,444.11,HOLD
2026-04-11T11:20:32.651398+00:00,X:BCHUSD,CHOP,0.988,b'\x06\x00\x00\x00\x00\x00\x00\x00',HOLD,444.11,HOLD
2026-04-11T15:23:18.490705+00:00,X:BCHUSD,CHOP,0.989,b'\x06\x00\x00\x00\x00\x00\x00\x00',HOLD,444.11,HOLD
2026-04-11T19:26:03.117011+00:00,X:BCHUSD,CHOP,0.99,b'\x06\x00\x00\x00\x00\x00\x00\x00',HOLD,444.11,HOLD
2026-04-11T23:29:30.899572+00:00,X:BCHUSD,CHOP,0.984,b'\x06\x00\x00\x00\x00\x00\x00\x00',HOLD,444.11,HOLD
2026-04-12T03:32:07.112523+00:00,X:BCHUSD,BULL,0.617,b'\x05\x00\x00\x00\x00\x00\x00\x00',HOLD,437.38,HOLD
2026-04-12T07:34:15.392227+00:00,X:BCHUSD,CHOP,0.638,b'\x05\x00\x00\x00\x00\x00\x00\x00',HOLD,437.38,HOLD
2026-04-12T11:36:57.850996+00:00,X:BCHUSD,CHOP,0.597,b'\x05\x00\x00\x00\x00\x00\x00\x00',HOLD,437.38,TRADE
2026-04-12T15:39:50.403354+00:00,X:BCHUSD,CHOP,0.424,b'\x05\x00\x00\x00\x00\x00\x00\x00',HOLD,437.38,TRADE
2026-04-12T19:42:58.992997+00:00,X:BCHUSD,CHOP,0.609,b'\x05\x00\x00\x00\x00\x00\x00\x00',HOLD,437.38,HOLD
2026-04-12T23:44:37.963144+00:00,X:BCHUSD,CHOP,0.751,b'\x05\x00\x00\x00\x00\x00\x00\x00',HOLD,437.38,HOLD
2026-04-13T03:47:28.408027+00:00,X:BCHUSD,BEAR,0.932,b'\x04\x00\x00\x00\x00\x00\x00\x00',SELL,421.26,HOLD
2026-04-13T07:49:07.743231+00:00,X:BCHUSD,BEAR,0.843,b'\x04\x00\x00\x00\x00\x00\x00\x00',SELL,421.26,HOLD
2026-04-13T11:50:46.293991+00:00,X:BCHUSD,BEAR,0.907,b'\x04\x00\x00\x00\x00\x00\x00\x00',SELL,421.26,HOLD
2026-04-13T15:52:56.215459+00:00,X:BCHUSD,BEAR,0.99,b'\x04\x00\x00\x00\x00\x00\x00\x00',SELL,421.26,HOLD
2026-04-13T19:54:43.879140+00:00,X:BCHUSD,BEAR,0.948,b'\x04\x00\x00\x00\x00\x00\x00\x00',SELL,421.26,HOLD
2026-04-13T23:56:23.575576+00:00,X:BCHUSD,BEAR,0.942,b'\x04\x00\x00\x00\x00\x00\x00\x00',SELL,421.26,HOLD
2026-04-14T03:58:26.758061+00:00,X:BCHUSD,BULL,0.913,b'\x07\x00\x00\x00\x00\x00\x00\x00',BUY,438.66,TRADE
2026-04-14T08:00:04.993269+00:00,X:BCHUSD,BULL,0.998,b'\x07\x00\x00\x00\x00\x00\x00\x00',BUY,438.66,HOLD
2026-04-14T12:01:45.835997+00:00,X:BCHUSD,BEAR,0.995,b'\x07\x00\x00\x00\x00\x00\x00\x00',SELL,438.66,TRADE
2026-04-14T16:04:04.193082+00:00,X:BCHUSD,BULL,0.918,b'\x07\x00\x00\x00\x00\x00\x00\x00',BUY,438.66,HOLD
2026-04-14T20:05:44.676031+00:00,X:BCHUSD,BULL,0.996,b'\x07\x00\x00\x00\x00\x00\x00\x00',BUY,438.49,HOLD
2026-04-15T00:07:23.848309+00:00,X:BCHUSD,CHOP,0.888,b'\x06\x00\x00\x00\x00\x00\x00\x00',HOLD,436.45,HOLD
2026-04-15T04:09:06.142691+00:00,X:BCHUSD,CHOP,0.857,b'\x06\x00\x00\x00\x00\x00\x00\x00',HOLD,436.45,HOLD
2026-04-15T08:10:51.796165+00:00,X:BCHUSD,CHOP,0.878,b'\x06\x00\x00\x00\x00\x00\x00\x00',HOLD,436.45,HOLD
2026-04-15T12:12:31.705854+00:00,X:BCHUSD,CHOP,0.921,b'\x06\x00\x00\x00\x00\x00\x00\x00',HOLD,436.45,HOLD
2026-04-15T16:14:26.162047+00:00,X:BCHUSD,CHOP,0.825,b'\x06\x00\x00\x00\x00\x00\x00\x00',HOLD,436.45,HOLD
2026-04-15T20:16:10.204113+00:00,X:BCHUSD,CHOP,0.951,b'\x06\x00\x00\x00\x00\x00\x00\x00',HOLD,436.45,HOLD
2026-04-16T00:17:51.231925+00:00,X:BCHUSD,CHOP,0.617,b'\x07\x00\x00\x00\x00\x00\x00\x00',HOLD,440.74,HOLD
2026-04-16T04:19:40.401527+00:00,X:BCHUSD,CHOP,0.603,b'\x07\x00\x00\x00\x00\x00\x00\x00',HOLD,440.74,HOLD
2026-04-16T08:21:23.037226+00:00,X:BCHUSD,CHOP,0.775,b'\x07\x00\x00\x00\x00\x00\x00\x00',HOLD,440.74,HOLD
2026-04-16T12:23:11.809537+00:00,X:BCHUSD,CHOP,0.781,b'\x07\x00\x00\x00\x00\x00\x00\x00',HOLD,440.74,HOLD
2026-04-16T16:25:15.008470+00:00,X:BCHUSD,CHOP,0.767,b'\x07\x00\x00\x00\x00\x00\x00\x00',HOLD,440.74,HOLD
2026-04-16T20:27:02.109724+00:00,X:BCHUSD,CHOP,0.538,b'\x07\x00\x00\x00\x00\x00\x00\x00',HOLD,440.74,HOLD
2026-04-17T00:28:41.152027+00:00,X:BCHUSD,BULL,0.681,b'\x06\x00\x00\x00\x00\x00\x00\x00',HOLD,455.16,HOLD
2026-04-17T04:30:42.031026+00:00,X:BCHUSD,BULL,0.786,b'\x06\x00\x00\x00\x00\x00\x00\x00',BUY,455.16,HOLD
2026-04-17T08:32:20.506131+00:00,X:BCHUSD,BEAR,0.709,b'\x06\x00\x00\x00\x00\x00\x00\x00',SELL,455.16,HOLD
2026-04-17T12:34:02.743507+00:00,X:BCHUSD,CHOP,0.824,b'\x06\x00\x00\x00\x00\x00\x00\x00',HOLD,455.16,HOLD
2026-04-17T16:36:07.622423+00:00,X:BCHUSD,BULL,0.808,b'\x06\x00\x00\x00\x00\x00\x00\x00',BUY,455.16,HOLD
2026-04-17T20:37:46.712641+00:00,X:BCHUSD,BULL,0.756,b'\x06\x00\x00\x00\x00\x00\x00\x00',BUY,455.16,HOLD
2026-04-18T00:40:20.430401+00:00,X:BCHUSD,CHOP,0.954,b'\x07\x00\x00\x00\x00\x00\x00\x00',HOLD,453.62,HOLD
2026-04-18T04:41:59.834315+00:00,X:BCHUSD,CHOP,0.924,b'\x07\x00\x00\x00\x00\x00\x00\x00',HOLD,453.62,HOLD
2026-04-18T08:43:54.342001+00:00,X:BCHUSD,CHOP,0.946,b'\x07\x00\x00\x00\x00\x00\x00\x00',HOLD,453.62,HOLD
2026-04-18T12:45:36.243750+00:00,X:BCHUSD,CHOP,0.895,b'\x07\x00\x00\x00\x00\x00\x00\x00',HOLD,453.62,HOLD
2026-04-18T16:47:19.213665+00:00,X:BCHUSD,BULL,0.884,b'\x07\x00\x00\x00\x00\x00\x00\x00',BUY,453.62,HOLD
2026-04-18T20:49:01.333540+00:00,X:BCHUSD,CHOP,0.914,b'\x07\x00\x00\x00\x00\x00\x00\x00',HOLD,453.62,HOLD
2026-04-19T00:51:50.696052+00:00,X:BCHUSD,CHOP,0.989,b'\x05\x00\x00\x00\x00\x00\x00\x00',HOLD,444.31,HOLD
2026-04-19T04:53:31.650424+00:00,X:BCHUSD,CHOP,0.97,b'\x05\x00\x00\x00\x00\x00\x00\x00',HOLD,444.31,HOLD
2026-04-19T08:55:22.312237+00:00,X:BCHUSD,CHOP,0.957,b'\x05\x00\x00\x00\x00\x00\x00\x00',HOLD,444.31,HOLD
2026-04-19T12:57:01.927905+00:00,X:BCHUSD,CHOP,0.99,b'\x05\x00\x00\x00\x00\x00\x00\x00',HOLD,444.31,HOLD
2026-04-19T16:58:38.955103+00:00,X:BCHUSD,CHOP,0.978,b'\x05\x00\x00\x00\x00\x00\x00\x00',HOLD,444.31,HOLD
2026-04-19T21:00:20.835452+00:00,X:BCHUSD,CHOP,0.962,b'\x05\x00\x00\x00\x00\x00\x00\x00',HOLD,444.31,HOLD
2026-04-20T01:02:07.766967+00:00,X:BCHUSD,CHOP,0.81,b'\x03\x00\x00\x00\x00\x00\x00\x00',HOLD,435.53,TRADE
2026-04-28T04:14:47.806440+00:00,X:BCHUSD,BULL,0.944,b'\x03\x00\x00\x00\x00\x00\x00\x00',HOLD,449.94,SHADOW
2026-04-28T08:18:22.503509+00:00,X:BCHUSD,CHOP,0.923,b'\x03\x00\x00\x00\x00\x00\x00\x00',HOLD,449.94,SHADOW
2026-04-28T12:20:55.394337+00:00,X:BCHUSD,BULL,0.997,b'\x03\x00\x00\x00\x00\x00\x00\x00',HOLD,449.94,SHADOW
2026-04-28T16:23:47.393241+00:00,X:BCHUSD,CHOP,0.922,b'\x03\x00\x00\x00\x00\x00\x00\x00',HOLD,449.94,SHADOW
2026-04-28T20:26:51.646697+00:00,X:BCHUSD,CHOP,0.875,b'\x03\x00\x00\x00\x00\x00\x00\x00',HOLD,449.94,SHADOW
2026-04-29T00:29:24.393625+00:00,X:BCHUSD,BEAR,0.692,b'\x06\x00\x00\x00\x00\x00\x00\x00',SELL,453.63,SHADOW
2026-04-29T04:32:03.041475+00:00,X:BCHUSD,CHOP,0.818,b'\x06\x00\x00\x00\x00\x00\x00\x00',HOLD,453.63,SHADOW
2026-04-29T08:34:11.916141+00:00,X:BCHUSD,BULL,0.724,b'\x06\x00\x00\x00\x00\x00\x00\x00',BUY,453.63,SHADOW
2026-04-29T12:36:43.094607+00:00,X:BCHUSD,CHOP,0.872,b'\x06\x00\x00\x00\x00\x00\x00\x00',HOLD,453.63,SHADOW
2026-04-29T16:39:57.395777+00:00,X:BCHUSD,CHOP,0.859,b'\x06\x00\x00\x00\x00\x00\x00\x00',HOLD,453.63,SHADOW
2026-04-29T20:43:36.993780+00:00,X:BCHUSD,CHOP,0.79,b'\x06\x00\x00\x00\x00\x00\x00\x00',HOLD,453.63,SHADOW
2026-04-30T00:46:30.716420+00:00,X:BCHUSD,CHOP,0.945,b'\x04\x00\x00\x00\x00\x00\x00\x00',HOLD,447.62,SHADOW
2026-04-30T04:49:22.193435+00:00,X:BCHUSD,BULL,0.95,b'\x04\x00\x00\x00\x00\x00\x00\x00',HOLD,447.62,SHADOW
2026-04-30T08:51:05.968751+00:00,X:BCHUSD,CHOP,0.88,b'\x04\x00\x00\x00\x00\x00\x00\x00',HOLD,447.62,SHADOW
2026-04-30T12:53:45.192524+00:00,X:BCHUSD,CHOP,0.91,b'\x04\x00\x00\x00\x00\x00\x00\x00',HOLD,447.62,SHADOW
2026-04-30T16:56:31.291903+00:00,X:BCHUSD,BULL,0.974,b'\x04\x00\x00\x00\x00\x00\x00\x00',HOLD,447.62,SHADOW
2026-04-30T20:59:14.216492+00:00,X:BCHUSD,CHOP,0.839,b'\x04\x00\x00\x00\x00\x00\x00\x00',HOLD,447.62,SHADOW
2026-05-01T01:02:06.394244+00:00,X:BCHUSD,CHOP,0.977,b'\x03\x00\x00\x00\x00\x00\x00\x00',HOLD,440.84,SHADOW
2026-05-01T05:04:37.381685+00:00,X:BCHUSD,CHOP,0.992,b'\x03\x00\x00\x00\x00\x00\x00\x00',HOLD,440.84,SHADOW
2026-05-01T09:07:00.607511+00:00,X:BCHUSD,BULL,0.991,b'\x03\x00\x00\x00\x00\x00\x00\x00',HOLD,440.84,SHADOW
2026-05-01T13:09:35.093859+00:00,X:BCHUSD,CHOP,0.995,b'\x03\x00\x00\x00\x00\x00\x00\x00',HOLD,440.84,SHADOW
2026-05-01T17:13:06.418100+00:00,X:BCHUSD,CHOP,0.932,b'\x03\x00\x00\x00\x00\x00\x00\x00',HOLD,440.84,SHADOW
2026-05-01T21:16:31.801850+00:00,X:BCHUSD,CHOP,0.972,b'\x03\x00\x00\x00\x00\x00\x00\x00',HOLD,440.84,SHADOW
2026-05-02T01:19:28.738005+00:00,X:BCHUSD,CHOP,0.722,b'\x05\x00\x00\x00\x00\x00\x00\x00',HOLD,450.41,SHADOW
2026-05-02T05:23:02.812900+00:00,X:BCHUSD,CHOP,0.846,b'\x05\x00\x00\x00\x00\x00\x00\x00',HOLD,450.41,SHADOW
2026-05-02T09:25:25.809335+00:00,X:BCHUSD,BULL,0.957,b'\x05\x00\x00\x00\x00\x00\x00\x00',BUY,450.41,SHADOW
2026-05-02T13:27:52.711053+00:00,X:BCHUSD,CHOP,0.739,b'\x05\x00\x00\x00\x00\x00\x00\x00',HOLD,450.41,SHADOW
2026-05-02T17:32:02.904961+00:00,X:BCHUSD,CHOP,0.638,b'\x05\x00\x00\x00\x00\x00\x00\x00',HOLD,450.41,SHADOW
2026-05-02T21:34:39.806321+00:00,X:BCHUSD,CHOP,0.677,b'\x05\x00\x00\x00\x00\x00\x00\x00',HOLD,450.41,SHADOW
2026-05-03T01:37:16.890211+00:00,X:BCHUSD,BULL,0.954,b'\x05\x00\x00\x00\x00\x00\x00\x00',BUY,445.4,SHADOW
2026-05-03T05:39:40.098041+00:00,X:BCHUSD,CHOP,0.824,b'\x05\x00\x00\x00\x00\x00\x00\x00',HOLD,445.4,SHADOW
2026-05-03T09:42:20.914524+00:00,X:BCHUSD,CHOP,0.646,b'\x05\x00\x00\x00\x00\x00\x00\x00',HOLD,445.4,SHADOW
2026-05-03T13:44:53.318062+00:00,X:BCHUSD,CHOP,0.674,b'\x05\x00\x00\x00\x00\x00\x00\x00',HOLD,445.4,SHADOW
2026-05-03T17:47:38.790640+00:00,X:BCHUSD,CHOP,0.844,b'\x05\x00\x00\x00\x00\x00\x00\x00',HOLD,445.4,SHADOW
2026-05-03T21:50:15.197073+00:00,X:BCHUSD,CHOP,0.776,b'\x05\x00\x00\x00\x00\x00\x00\x00',HOLD,445.4,SHADOW
2026-05-04T01:52:43.402141+00:00,X:BCHUSD,CHOP,0.995,b'\x03\x00\x00\x00\x00\x00\x00\x00',HOLD,442.98,SHADOW
2026-05-04T05:55:21.612145+00:00,X:BCHUSD,BULL,0.99,b'\x03\x00\x00\x00\x00\x00\x00\x00',HOLD,442.98,SHADOW
2026-05-04T09:57:59.011674+00:00,X:BCHUSD,CHOP,0.991,b'\x03\x00\x00\x00\x00\x00\x00\x00',HOLD,442.98,SHADOW
2026-05-04T14:00:41.516549+00:00,X:BCHUSD,CHOP,0.995,b'\x03\x00\x00\x00\x00\x00\x00\x00',HOLD,442.98,SHADOW
2026-05-04T18:03:35.721158+00:00,X:BCHUSD,CHOP,0.897,b'\x03\x00\x00\x00\x00\x00\x00\x00',HOLD,442.98,SHADOW
2026-05-04T22:06:07.390723+00:00,X:BCHUSD,CHOP,0.995,b'\x03\x00\x00\x00\x00\x00\x00\x00',HOLD,442.98,SHADOW
2026-05-05T02:08:34.808118+00:00,X:BCHUSD,CHOP,0.941,b'\x04\x00\x00\x00\x00\x00\x00\x00',HOLD,443.85,SHADOW
2026-05-05T06:11:02.216005+00:00,X:BCHUSD,CHOP,0.801,b'\x04\x00\x00\x00\x00\x00\x00\x00',HOLD,443.85,SHADOW
2026-05-05T10:13:52.595235+00:00,X:BCHUSD,CHOP,0.843,b'\x04\x00\x00\x00\x00\x00\x00\x00',HOLD,443.85,SHADOW
2026-05-05T14:17:28.602610+00:00,X:BCHUSD,CHOP,0.899,b'\x04\x00\x00\x00\x00\x00\x00\x00',HOLD,443.85,SHADOW
2026-05-05T18:20:27.396728+00:00,X:BCHUSD,CHOP,0.924,b'\x04\x00\x00\x00\x00\x00\x00\x00',HOLD,443.85,SHADOW
2026-05-05T22:23:12.216838+00:00,X:BCHUSD,CHOP,0.917,b'\x04\x00\x00\x00\x00\x00\x00\x00',HOLD,443.85,SHADOW
2026-03-22T19:08:59.604044+00:00,X:BTCUSD,BEAR,0.918,b'\x04\x00\x00\x00\x00\x00\x00\x00',SELL,68725.0,HOLD
2026-03-22T23:23:01.294224+00:00,X:BTCUSD,BEAR,0.954,b'\x04\x00\x00\x00\x00\x00\x00\x00',SELL,68725.0,HOLD
2026-03-23T03:32:34.089162+00:00,X:BTCUSD,BULL,0.996,b'\x05\x00\x00\x00\x00\x00\x00\x00',HOLD,67838.0,HOLD
2026-03-23T07:40:19.589989+00:00,X:BTCUSD,BULL,0.976,b'\x05\x00\x00\x00\x00\x00\x00\x00',HOLD,67838.0,HOLD
2026-03-23T11:45:44.432381+00:00,X:BTCUSD,BULL,0.993,b'\x05\x00\x00\x00\x00\x00\x00\x00',HOLD,67838.0,HOLD
2026-03-23T15:54:05.698438+00:00,X:BTCUSD,BULL,0.987,b'\x05\x00\x00\x00\x00\x00\x00\x00',HOLD,67838.0,HOLD
2026-03-23T20:00:41.393205+00:00,X:BTCUSD,CHOP,0.825,b'\x05\x00\x00\x00\x00\x00\x00\x00',HOLD,67838.0,HOLD
2026-03-23T20:42:54.390659+00:00,X:BTCUSD,CHOP,0.825,b'\x05\x00\x00\x00\x00\x00\x00\x00',HOLD,67838.0,TRADE
2026-03-24T01:05:49.445738+00:00,X:BTCUSD,CHOP,0.905,b'\x06\x00\x00\x00\x00\x00\x00\x00',HOLD,70900.01,HOLD
2026-03-24T05:21:55.289049+00:00,X:BTCUSD,CHOP,0.991,b'\x06\x00\x00\x00\x00\x00\x00\x00',HOLD,70900.01,HOLD
2026-03-24T09:48:26.694793+00:00,X:BTCUSD,CHOP,0.869,b'\x06\x00\x00\x00\x00\x00\x00\x00',HOLD,70900.01,HOLD
2026-03-24T14:10:30.687721+00:00,X:BTCUSD,CHOP,0.946,b'\x06\x00\x00\x00\x00\x00\x00\x00',HOLD,70900.01,HOLD
2026-03-24T18:28:16.691233+00:00,X:BTCUSD,BULL,0.754,b'\x06\x00\x00\x00\x00\x00\x00\x00',HOLD,70900.01,HOLD
2026-03-24T23:07:10.996728+00:00,X:BTCUSD,CHOP,0.962,b'\x06\x00\x00\x00\x00\x00\x00\x00',HOLD,70900.01,HOLD
2026-03-25T02:31:46.796395+00:00,X:BTCUSD,BULL,0.833,b'\x06\x00\x00\x00\x00\x00\x00\x00',HOLD,70526.0,TRADE
2026-03-25T06:48:17.989659+00:00,X:BTCUSD,BEAR,0.817,b'\x06\x00\x00\x00\x00\x00\x00\x00',SELL,70526.0,HOLD
2026-03-25T11:00:27.987652+00:00,X:BTCUSD,BULL,0.86,b'\x06\x00\x00\x00\x00\x00\x00\x00',HOLD,70526.0,HOLD
2026-03-25T15:19:17.696481+00:00,X:BTCUSD,CHOP,0.895,b'\x06\x00\x00\x00\x00\x00\x00\x00',HOLD,70526.0,HOLD
2026-03-25T19:37:46.821160+00:00,X:BTCUSD,BULL,0.724,b'\x06\x00\x00\x00\x00\x00\x00\x00',HOLD,70526.0,HOLD
2026-03-25T23:51:10.032889+00:00,X:BTCUSD,BULL,0.73,b'\x06\x00\x00\x00\x00\x00\x00\x00',HOLD,70526.0,HOLD
2026-03-26T02:06:44.348082+00:00,X:BTCUSD,CHOP,0.992,b'\x06\x00\x00\x00\x00\x00\x00\x00',HOLD,71295.88,TRADE
2026-03-26T02:54:03.794037+00:00,X:BTCUSD,CHOP,0.992,b'\x06\x00\x00\x00\x00\x00\x00\x00',HOLD,71295.88,TRADE
2026-03-26T03:26:15.675446+00:00,X:BTCUSD,CHOP,0.994,b'\x06\x00\x00\x00\x00\x00\x00\x00',HOLD,71295.88,TRADE
2026-03-26T03:59:57.189478+00:00,X:BTCUSD,CHOP,0.994,b'\x06\x00\x00\x00\x00\x00\x00\x00',HOLD,71295.88,TRADE
2026-03-26T04:45:33.691483+00:00,X:BTCUSD,CHOP,0.994,b'\x06\x00\x00\x00\x00\x00\x00\x00',HOLD,71295.88,TRADE
2026-03-26T05:26:36.660021+00:00,X:BTCUSD,CHOP,0.994,b'\x06\x00\x00\x00\x00\x00\x00\x00',HOLD,71295.88,TRADE
2026-03-26T06:06:53.405813+00:00,X:BTCUSD,CHOP,0.994,b'\x06\x00\x00\x00\x00\x00\x00\x00',HOLD,71295.88,TRADE
2026-03-26T07:02:51.889564+00:00,X:BTCUSD,CHOP,0.994,b'\x06\x00\x00\x00\x00\x00\x00\x00',HOLD,71295.88,TRADE
2026-03-26T10:29:40.991142+00:00,X:BTCUSD,BEAR,0.992,b'\x06\x00\x00\x00\x00\x00\x00\x00',SELL,71295.88,TRADE
2026-03-26T12:08:48.625684+00:00,X:BTCUSD,CHOP,0.827,b'\x06\x00\x00\x00\x00\x00\x00\x00',HOLD,71295.88,TRADE
2026-03-26T15:00:40.188575+00:00,X:BTCUSD,CHOP,0.827,b'\x06\x00\x00\x00\x00\x00\x00\x00',HOLD,71295.88,TRADE
2026-03-26T16:19:20.737522+00:00,X:BTCUSD,BEAR,0.998,b'\x06\x00\x00\x00\x00\x00\x00\x00',SELL,71295.88,TRADE
2026-03-26T17:06:23.492450+00:00,X:BTCUSD,BEAR,0.998,b'\x06\x00\x00\x00\x00\x00\x00\x00',SELL,71295.88,TRADE
2026-03-26T18:10:09.595327+00:00,X:BTCUSD,BEAR,0.998,b'\x06\x00\x00\x00\x00\x00\x00\x00',SELL,71295.88,TRADE
2026-03-26T19:08:54.310425+00:00,X:BTCUSD,BEAR,0.998,b'\x06\x00\x00\x00\x00\x00\x00\x00',SELL,71295.88,TRADE
2026-03-26T19:53:53.201301+00:00,X:BTCUSD,CHOP,0.953,b'\x06\x00\x00\x00\x00\x00\x00\x00',HOLD,71295.88,TRADE
2026-03-26T20:27:54.504168+00:00,X:BTCUSD,CHOP,0.953,b'\x06\x00\x00\x00\x00\x00\x00\x00',HOLD,71295.88,TRADE
2026-03-26T21:42:59.087779+00:00,X:BTCUSD,CHOP,0.953,b'\x06\x00\x00\x00\x00\x00\x00\x00',HOLD,71295.88,TRADE
2026-03-26T22:41:56.098996+00:00,X:BTCUSD,CHOP,0.95,b'\x06\x00\x00\x00\x00\x00\x00\x00',HOLD,71295.88,TRADE
2026-03-26T23:43:17.991949+00:00,X:BTCUSD,BEAR,0.996,b'\x06\x00\x00\x00\x00\x00\x00\x00',SELL,71295.88,TRADE
2026-03-27T00:28:52.389678+00:00,X:BTCUSD,BEAR,0.986,b'\x03\x00\x00\x00\x00\x00\x00\x00',SELL,68786.05,TRADE
2026-03-27T01:14:07.194982+00:00,X:BTCUSD,BEAR,0.986,b'\x03\x00\x00\x00\x00\x00\x00\x00',SELL,68786.05,TRADE
2026-03-27T01:46:16.594818+00:00,X:BTCUSD,BEAR,0.986,b'\x03\x00\x00\x00\x00\x00\x00\x00',SELL,68786.05,TRADE
2026-03-27T02:15:20.398106+00:00,X:BTCUSD,BEAR,0.986,b'\x03\x00\x00\x00\x00\x00\x00\x00',SELL,68786.05,HOLD
2026-03-27T02:45:09.617947+00:00,X:BTCUSD,BEAR,0.986,b'\x03\x00\x00\x00\x00\x00\x00\x00',SELL,68786.05,HOLD
2026-03-27T03:17:51.396944+00:00,X:BTCUSD,BEAR,0.995,b'\x03\x00\x00\x00\x00\x00\x00\x00',SELL,68786.05,HOLD
2026-03-27T04:01:48.293949+00:00,X:BTCUSD,BEAR,0.995,b'\x03\x00\x00\x00\x00\x00\x00\x00',SELL,68786.05,HOLD
2026-03-27T04:55:17.062426+00:00,X:BTCUSD,BEAR,0.995,b'\x03\x00\x00\x00\x00\x00\x00\x00',SELL,68786.05,TRADE
2026-03-27T05:23:56.421835+00:00,X:BTCUSD,BEAR,0.995,b'\x03\x00\x00\x00\x00\x00\x00\x00',SELL,68786.05,TRADE
2026-03-27T06:10:12.276656+00:00,X:BTCUSD,BEAR,0.995,b'\x03\x00\x00\x00\x00\x00\x00\x00',SELL,68786.05,TRADE
2026-03-27T06:39:42.983427+00:00,X:BTCUSD,BEAR,0.995,b'\x03\x00\x00\x00\x00\x00\x00\x00',SELL,68786.05,TRADE
2026-03-27T07:24:12.966560+00:00,X:BTCUSD,CHOP,0.982,b'\x03\x00\x00\x00\x00\x00\x00\x00',HOLD,68786.05,TRADE
2026-03-27T07:55:51.037597+00:00,X:BTCUSD,CHOP,0.982,b'\x03\x00\x00\x00\x00\x00\x00\x00',HOLD,68786.05,TRADE
2026-03-27T08:40:04.081793+00:00,X:BTCUSD,CHOP,0.982,b'\x03\x00\x00\x00\x00\x00\x00\x00',HOLD,68786.05,TRADE
2026-03-27T09:11:36.799165+00:00,X:BTCUSD,CHOP,0.982,b'\x03\x00\x00\x00\x00\x00\x00\x00',HOLD,68786.05,TRADE
2026-03-27T09:55:39.368042+00:00,X:BTCUSD,CHOP,0.982,b'\x03\x00\x00\x00\x00\x00\x00\x00',HOLD,68786.05,TRADE
2026-03-27T10:26:53.083009+00:00,X:BTCUSD,BEAR,0.992,b'\x03\x00\x00\x00\x00\x00\x00\x00',SELL,68786.05,TRADE
2026-03-27T11:11:16.419162+00:00,X:BTCUSD,CHOP,0.961,b'\x03\x00\x00\x00\x00\x00\x00\x00',HOLD,68786.05,TRADE
2026-03-27T11:43:49.060060+00:00,X:BTCUSD,CHOP,0.961,b'\x03\x00\x00\x00\x00\x00\x00\x00',HOLD,68786.05,TRADE
2026-03-27T13:28:06.549991+00:00,X:BTCUSD,CHOP,0.961,b'\x03\x00\x00\x00\x00\x00\x00\x00',HOLD,68786.05,TRADE
2026-03-27T14:31:22.941917+00:00,X:BTCUSD,CHOP,0.931,b'\x03\x00\x00\x00\x00\x00\x00\x00',HOLD,68786.05,TRADE
2026-03-27T15:14:56.353147+00:00,X:BTCUSD,BEAR,0.983,b'\x03\x00\x00\x00\x00\x00\x00\x00',SELL,68786.05,TRADE
2026-03-27T16:00:52.100360+00:00,X:BTCUSD,BEAR,0.983,b'\x03\x00\x00\x00\x00\x00\x00\x00',SELL,68786.05,TRADE
2026-03-27T17:02:41.400520+00:00,X:BTCUSD,BEAR,0.983,b'\x03\x00\x00\x00\x00\x00\x00\x00',SELL,68786.05,TRADE
2026-03-27T17:46:23.401024+00:00,X:BTCUSD,BEAR,0.983,b'\x03\x00\x00\x00\x00\x00\x00\x00',SELL,68786.05,TRADE
2026-03-27T18:31:41.166780+00:00,X:BTCUSD,BEAR,0.983,b'\x03\x00\x00\x00\x00\x00\x00\x00',SELL,68786.05,TRADE
2026-03-27T19:47:46.788943+00:00,X:BTCUSD,CHOP,0.964,b'\x03\x00\x00\x00\x00\x00\x00\x00',HOLD,68786.05,TRADE
2026-03-27T20:19:55.828833+00:00,X:BTCUSD,CHOP,0.964,b'\x03\x00\x00\x00\x00\x00\x00\x00',HOLD,68786.05,TRADE
2026-03-27T21:34:35.382860+00:00,X:BTCUSD,CHOP,0.964,b'\x03\x00\x00\x00\x00\x00\x00\x00',HOLD,68786.05,TRADE
2026-03-27T21:59:19.095227+00:00,X:BTCUSD,CHOP,0.964,b'\x03\x00\x00\x00\x00\x00\x00\x00',HOLD,68786.05,TRADE
2026-03-28T02:21:09.001567+00:00,X:BTCUSD,CHOP,0.988,b'\x04\x00\x00\x00\x00\x00\x00\x00',HOLD,66321.33,HOLD
2026-03-28T06:48:45.231188+00:00,X:BTCUSD,CHOP,0.947,b'\x04\x00\x00\x00\x00\x00\x00\x00',HOLD,66321.33,TRADE
2026-03-28T11:17:42.723522+00:00,X:BTCUSD,CHOP,0.833,b'\x04\x00\x00\x00\x00\x00\x00\x00',HOLD,66321.33,HOLD
2026-03-28T15:40:03.690204+00:00,X:BTCUSD,BEAR,0.982,b'\x04\x00\x00\x00\x00\x00\x00\x00',SELL,66321.33,HOLD
2026-03-28T20:10:22.293675+00:00,X:BTCUSD,BEAR,0.982,b'\x04\x00\x00\x00\x00\x00\x00\x00',SELL,66321.33,HOLD
2026-03-29T00:22:47.696154+00:00,X:BTCUSD,CHOP,0.993,b'\x04\x00\x00\x00\x00\x00\x00\x00',HOLD,66321.39,HOLD
2026-03-29T04:36:15.809391+00:00,X:BTCUSD,CHOP,0.974,b'\x04\x00\x00\x00\x00\x00\x00\x00',HOLD,66321.39,HOLD
2026-03-29T04:59:09.391254+00:00,X:BTCUSD,CHOP,0.974,b'\x04\x00\x00\x00\x00\x00\x00\x00',HOLD,66321.39,HOLD
2026-03-29T09:20:44.888822+00:00,X:BTCUSD,CHOP,0.991,b'\x04\x00\x00\x00\x00\x00\x00\x00',HOLD,66321.39,TRADE
2026-03-29T13:47:12.295213+00:00,X:BTCUSD,BEAR,0.866,b'\x04\x00\x00\x00\x00\x00\x00\x00',SELL,66321.39,HOLD
2026-03-29T17:54:25.503953+00:00,X:BTCUSD,BEAR,0.739,b'\x04\x00\x00\x00\x00\x00\x00\x00',SELL,66321.39,HOLD
2026-03-29T22:06:46.200525+00:00,X:BTCUSD,BULL,0.997,b'\x04\x00\x00\x00\x00\x00\x00\x00',HOLD,66321.39,HOLD
2026-03-30T02:19:08.287730+00:00,X:BTCUSD,BEAR,0.929,b'\x06\x00\x00\x00\x00\x00\x00\x00',SELL,65961.15,TRADE
2026-03-22T19:08:59.604044+00:00,X:DOGEUSD,BULL,1.0,b'\x05\x00\x00\x00\x00\x00\x00\x00',HOLD,0.09,HOLD
2026-03-22T23:23:01.294224+00:00,X:DOGEUSD,BULL,1.0,b'\x05\x00\x00\x00\x00\x00\x00\x00',HOLD,0.09,HOLD
2026-03-23T03:32:34.089162+00:00,X:DOGEUSD,CHOP,0.82,b'\x05\x00\x00\x00\x00\x00\x00\x00',HOLD,0.09,HOLD
2026-03-23T07:40:19.589989+00:00,X:DOGEUSD,BEAR,0.951,b'\x05\x00\x00\x00\x00\x00\x00\x00',SELL,0.09,HOLD
2026-03-23T11:45:44.432381+00:00,X:DOGEUSD,BEAR,0.802,b'\x05\x00\x00\x00\x00\x00\x00\x00',SELL,0.09,HOLD
2026-03-23T15:54:05.698438+00:00,X:DOGEUSD,CHOP,1.0,b'\x05\x00\x00\x00\x00\x00\x00\x00',HOLD,0.09,HOLD
2026-03-23T20:00:41.393205+00:00,X:DOGEUSD,BEAR,0.912,b'\x05\x00\x00\x00\x00\x00\x00\x00',SELL,0.09,HOLD
2026-03-23T20:42:54.390659+00:00,X:DOGEUSD,BEAR,0.912,b'\x05\x00\x00\x00\x00\x00\x00\x00',SELL,0.09,TRADE
2026-03-24T01:05:49.445738+00:00,X:DOGEUSD,BULL,0.851,b'\x07\x00\x00\x00\x00\x00\x00\x00',BUY,0.09,HOLD
2026-03-24T05:21:55.289049+00:00,X:DOGEUSD,CHOP,0.718,b'\x07\x00\x00\x00\x00\x00\x00\x00',HOLD,0.09,HOLD
2026-03-24T09:48:26.694793+00:00,X:DOGEUSD,CHOP,0.823,b'\x07\x00\x00\x00\x00\x00\x00\x00',HOLD,0.09,HOLD
2026-03-24T14:10:30.687721+00:00,X:DOGEUSD,BULL,0.642,b'\x07\x00\x00\x00\x00\x00\x00\x00',HOLD,0.09,HOLD
2026-03-24T18:28:16.691233+00:00,X:DOGEUSD,BULL,0.623,b'\x07\x00\x00\x00\x00\x00\x00\x00',HOLD,0.09,HOLD
2026-03-24T23:07:10.996728+00:00,X:DOGEUSD,BULL,0.601,b'\x07\x00\x00\x00\x00\x00\x00\x00',HOLD,0.09,HOLD
2026-03-25T02:31:46.796395+00:00,X:DOGEUSD,BEAR,0.869,b'\x07\x00\x00\x00\x00\x00\x00\x00',SELL,0.1,TRADE
2026-03-25T06:48:17.989659+00:00,X:DOGEUSD,CHOP,0.779,b'\x07\x00\x00\x00\x00\x00\x00\x00',HOLD,0.1,HOLD
2026-03-25T11:00:27.987652+00:00,X:DOGEUSD,BEAR,0.873,b'\x07\x00\x00\x00\x00\x00\x00\x00',SELL,0.1,HOLD
2026-03-25T15:19:17.696481+00:00,X:DOGEUSD,CHOP,0.979,b'\x07\x00\x00\x00\x00\x00\x00\x00',HOLD,0.1,HOLD
2026-03-25T19:37:46.821160+00:00,X:DOGEUSD,CHOP,0.898,b'\x07\x00\x00\x00\x00\x00\x00\x00',HOLD,0.1,HOLD
2026-03-25T23:51:10.032889+00:00,X:DOGEUSD,BEAR,0.953,b'\x07\x00\x00\x00\x00\x00\x00\x00',SELL,0.1,HOLD
2026-03-26T02:06:44.348082+00:00,X:DOGEUSD,BULL,0.869,b'\x07\x00\x00\x00\x00\x00\x00\x00',BUY,0.1,TRADE
2026-03-26T02:54:03.794037+00:00,X:DOGEUSD,BULL,0.869,b'\x07\x00\x00\x00\x00\x00\x00\x00',BUY,0.1,TRADE
2026-03-26T03:26:15.675446+00:00,X:DOGEUSD,CHOP,0.997,b'\x07\x00\x00\x00\x00\x00\x00\x00',HOLD,0.1,TRADE
2026-03-26T03:59:57.189478+00:00,X:DOGEUSD,CHOP,0.997,b'\x07\x00\x00\x00\x00\x00\x00\x00',HOLD,0.1,TRADE
2026-03-26T04:45:33.691483+00:00,X:DOGEUSD,CHOP,0.997,b'\x07\x00\x00\x00\x00\x00\x00\x00',HOLD,0.1,TRADE
2026-03-26T05:26:36.660021+00:00,X:DOGEUSD,CHOP,0.997,b'\x07\x00\x00\x00\x00\x00\x00\x00',HOLD,0.1,TRADE
2026-03-26T06:06:53.405813+00:00,X:DOGEUSD,CHOP,0.997,b'\x07\x00\x00\x00\x00\x00\x00\x00',HOLD,0.1,TRADE
2026-03-26T07:02:51.889564+00:00,X:DOGEUSD,CHOP,0.997,b'\x07\x00\x00\x00\x00\x00\x00\x00',HOLD,0.1,TRADE
2026-03-26T10:29:40.991142+00:00,X:DOGEUSD,BEAR,0.982,b'\x07\x00\x00\x00\x00\x00\x00\x00',SELL,0.1,TRADE
2026-03-26T12:08:48.625684+00:00,X:DOGEUSD,BULL,0.977,b'\x07\x00\x00\x00\x00\x00\x00\x00',BUY,0.1,TRADE
2026-03-26T15:00:40.188575+00:00,X:DOGEUSD,BULL,0.977,b'\x07\x00\x00\x00\x00\x00\x00\x00',BUY,0.1,TRADE
2026-03-26T16:19:20.737522+00:00,X:DOGEUSD,BEAR,0.978,b'\x07\x00\x00\x00\x00\x00\x00\x00',SELL,0.1,TRADE
2026-03-26T17:06:23.492450+00:00,X:DOGEUSD,BEAR,0.978,b'\x07\x00\x00\x00\x00\x00\x00\x00',SELL,0.1,TRADE
2026-03-26T18:10:09.595327+00:00,X:DOGEUSD,BEAR,0.978,b'\x07\x00\x00\x00\x00\x00\x00\x00',SELL,0.1,TRADE
2026-03-26T19:08:54.310425+00:00,X:DOGEUSD,BEAR,0.988,b'\x07\x00\x00\x00\x00\x00\x00\x00',SELL,0.1,TRADE
2026-03-26T19:53:53.201301+00:00,X:DOGEUSD,BEAR,0.988,b'\x07\x00\x00\x00\x00\x00\x00\x00',SELL,0.1,TRADE
2026-03-26T20:27:54.504168+00:00,X:DOGEUSD,BEAR,0.988,b'\x07\x00\x00\x00\x00\x00\x00\x00',SELL,0.1,TRADE
2026-03-26T21:42:59.087779+00:00,X:DOGEUSD,BEAR,0.988,b'\x07\x00\x00\x00\x00\x00\x00\x00',SELL,0.1,TRADE
2026-03-26T22:41:56.098996+00:00,X:DOGEUSD,BEAR,0.988,b'\x07\x00\x00\x00\x00\x00\x00\x00',SELL,0.1,TRADE
2026-03-26T23:43:17.991949+00:00,X:DOGEUSD,CHOP,0.983,b'\x07\x00\x00\x00\x00\x00\x00\x00',HOLD,0.1,TRADE
2026-03-27T00:28:52.389678+00:00,X:DOGEUSD,BEAR,0.994,b'\x05\x00\x00\x00\x00\x00\x00\x00',SELL,0.09,TRADE
2026-03-27T01:14:07.194982+00:00,X:DOGEUSD,BEAR,0.994,b'\x05\x00\x00\x00\x00\x00\x00\x00',SELL,0.09,TRADE
2026-03-27T01:46:16.594818+00:00,X:DOGEUSD,BEAR,0.994,b'\x05\x00\x00\x00\x00\x00\x00\x00',SELL,0.09,TRADE
2026-03-27T02:15:20.398106+00:00,X:DOGEUSD,BEAR,0.994,b'\x05\x00\x00\x00\x00\x00\x00\x00',SELL,0.09,HOLD
2026-03-27T02:45:09.617947+00:00,X:DOGEUSD,BEAR,0.994,b'\x05\x00\x00\x00\x00\x00\x00\x00',SELL,0.09,HOLD
2026-03-27T03:17:51.396944+00:00,X:DOGEUSD,BEAR,0.995,b'\x05\x00\x00\x00\x00\x00\x00\x00',SELL,0.09,HOLD
2026-03-27T04:01:48.293949+00:00,X:DOGEUSD,BEAR,0.995,b'\x05\x00\x00\x00\x00\x00\x00\x00',SELL,0.09,HOLD
2026-03-27T04:55:17.062426+00:00,X:DOGEUSD,BEAR,0.995,b'\x05\x00\x00\x00\x00\x00\x00\x00',SELL,0.09,TRADE
2026-03-27T05:23:56.421835+00:00,X:DOGEUSD,BEAR,0.995,b'\x05\x00\x00\x00\x00\x00\x00\x00',SELL,0.09,TRADE
2026-03-27T06:10:12.276656+00:00,X:DOGEUSD,BEAR,0.995,b'\x05\x00\x00\x00\x00\x00\x00\x00',SELL,0.09,TRADE
2026-03-27T06:39:42.983427+00:00,X:DOGEUSD,BEAR,0.995,b'\x05\x00\x00\x00\x00\x00\x00\x00',SELL,0.09,TRADE
2026-03-27T07:24:12.966560+00:00,X:DOGEUSD,BEAR,0.968,b'\x05\x00\x00\x00\x00\x00\x00\x00',SELL,0.09,TRADE
2026-03-27T07:55:51.037597+00:00,X:DOGEUSD,BEAR,0.968,b'\x05\x00\x00\x00\x00\x00\x00\x00',SELL,0.09,TRADE
2026-03-27T08:40:04.081793+00:00,X:DOGEUSD,BEAR,0.968,b'\x05\x00\x00\x00\x00\x00\x00\x00',SELL,0.09,TRADE
2026-03-27T09:11:36.799165+00:00,X:DOGEUSD,BEAR,0.968,b'\x05\x00\x00\x00\x00\x00\x00\x00',SELL,0.09,TRADE
2026-03-27T09:55:39.368042+00:00,X:DOGEUSD,BEAR,0.968,b'\x05\x00\x00\x00\x00\x00\x00\x00',SELL,0.09,TRADE
2026-03-27T10:26:53.083009+00:00,X:DOGEUSD,BEAR,0.968,b'\x05\x00\x00\x00\x00\x00\x00\x00',SELL,0.09,TRADE
2026-03-27T11:11:16.419162+00:00,X:DOGEUSD,CHOP,1.0,b'\x05\x00\x00\x00\x00\x00\x00\x00',HOLD,0.09,TRADE
2026-03-27T11:43:49.060060+00:00,X:DOGEUSD,CHOP,1.0,b'\x05\x00\x00\x00\x00\x00\x00\x00',HOLD,0.09,TRADE
2026-03-27T13:28:06.549991+00:00,X:DOGEUSD,CHOP,1.0,b'\x05\x00\x00\x00\x00\x00\x00\x00',HOLD,0.09,TRADE
2026-03-27T14:31:22.941917+00:00,X:DOGEUSD,CHOP,1.0,b'\x05\x00\x00\x00\x00\x00\x00\x00',HOLD,0.09,TRADE
2026-03-27T15:14:56.353147+00:00,X:DOGEUSD,BEAR,0.994,b'\x05\x00\x00\x00\x00\x00\x00\x00',SELL,0.09,TRADE
2026-03-27T16:00:52.100360+00:00,X:DOGEUSD,BEAR,0.994,b'\x05\x00\x00\x00\x00\x00\x00\x00',SELL,0.09,TRADE
2026-03-27T17:02:41.400520+00:00,X:DOGEUSD,BEAR,0.994,b'\x05\x00\x00\x00\x00\x00\x00\x00',SELL,0.09,TRADE
2026-03-27T17:46:23.401024+00:00,X:DOGEUSD,BEAR,0.992,b'\x05\x00\x00\x00\x00\x00\x00\x00',SELL,0.09,TRADE
2026-03-27T18:31:41.166780+00:00,X:DOGEUSD,BEAR,0.991,b'\x05\x00\x00\x00\x00\x00\x00\x00',SELL,0.09,TRADE
2026-03-27T19:47:46.788943+00:00,X:DOGEUSD,BEAR,0.994,b'\x05\x00\x00\x00\x00\x00\x00\x00',SELL,0.09,TRADE
2026-03-27T20:19:55.828833+00:00,X:DOGEUSD,BEAR,0.994,b'\x05\x00\x00\x00\x00\x00\x00\x00',SELL,0.09,TRADE
2026-03-27T21:34:35.382860+00:00,X:DOGEUSD,BEAR,0.994,b'\x05\x00\x00\x00\x00\x00\x00\x00',SELL,0.09,TRADE
2026-03-27T21:59:19.095227+00:00,X:DOGEUSD,BEAR,0.994,b'\x05\x00\x00\x00\x00\x00\x00\x00',SELL,0.09,TRADE
2026-03-28T02:21:09.001567+00:00,X:DOGEUSD,BEAR,0.949,b'\x04\x00\x00\x00\x00\x00\x00\x00',SELL,0.09,HOLD
2026-03-28T06:48:45.231188+00:00,X:DOGEUSD,CHOP,0.996,b'\x04\x00\x00\x00\x00\x00\x00\x00',HOLD,0.09,TRADE
2026-03-28T11:17:42.723522+00:00,X:DOGEUSD,CHOP,0.988,b'\x04\x00\x00\x00\x00\x00\x00\x00',HOLD,0.09,HOLD
2026-03-28T15:40:03.690204+00:00,X:DOGEUSD,CHOP,0.994,b'\x04\x00\x00\x00\x00\x00\x00\x00',HOLD,0.09,HOLD
2026-03-28T20:10:22.293675+00:00,X:DOGEUSD,BULL,0.994,b'\x04\x00\x00\x00\x00\x00\x00\x00',HOLD,0.09,HOLD
2026-03-29T00:22:47.696154+00:00,X:DOGEUSD,CHOP,0.797,b'\x05\x00\x00\x00\x00\x00\x00\x00',HOLD,0.09,HOLD
2026-03-29T04:36:15.809391+00:00,X:DOGEUSD,CHOP,0.95,b'\x05\x00\x00\x00\x00\x00\x00\x00',HOLD,0.09,HOLD
2026-03-29T04:59:09.391254+00:00,X:DOGEUSD,CHOP,0.919,b'\x06\x00\x00\x00\x00\x00\x00\x00',HOLD,0.09,HOLD
2026-03-29T09:20:44.888822+00:00,X:DOGEUSD,CHOP,0.938,b'\x06\x00\x00\x00\x00\x00\x00\x00',HOLD,0.09,TRADE
2026-03-29T13:47:12.295213+00:00,X:DOGEUSD,CHOP,0.936,b'\x06\x00\x00\x00\x00\x00\x00\x00',HOLD,0.09,HOLD
2026-03-29T17:54:25.503953+00:00,X:DOGEUSD,CHOP,0.823,b'\x06\x00\x00\x00\x00\x00\x00\x00',HOLD,0.09,HOLD
2026-03-29T22:06:46.200525+00:00,X:DOGEUSD,CHOP,0.803,b'\x06\x00\x00\x00\x00\x00\x00\x00',HOLD,0.09,HOLD
2026-03-30T02:19:08.287730+00:00,X:DOGEUSD,BEAR,1.0,b'\x05\x00\x00\x00\x00\x00\x00\x00',SELL,0.09,TRADE
2026-03-22T19:08:59.604044+00:00,X:DOTUSD,BULL,0.996,b'\x04\x00\x00\x00\x00\x00\x00\x00',HOLD,1.47,HOLD
2026-03-22T23:23:01.294224+00:00,X:DOTUSD,CHOP,0.764,b'\x04\x00\x00\x00\x00\x00\x00\x00',HOLD,1.47,HOLD
2026-03-23T03:32:34.089162+00:00,X:DOTUSD,CHOP,0.938,b'\x04\x00\x00\x00\x00\x00\x00\x00',HOLD,1.41,HOLD
2026-03-23T07:40:19.589989+00:00,X:DOTUSD,CHOP,0.99,b'\x04\x00\x00\x00\x00\x00\x00\x00',HOLD,1.41,HOLD
2026-03-23T11:45:44.432381+00:00,X:DOTUSD,CHOP,0.996,b'\x04\x00\x00\x00\x00\x00\x00\x00',HOLD,1.41,HOLD
2026-03-23T15:54:05.698438+00:00,X:DOTUSD,CHOP,0.911,b'\x04\x00\x00\x00\x00\x00\x00\x00',HOLD,1.41,HOLD
2026-03-23T20:00:41.393205+00:00,X:DOTUSD,CHOP,0.88,b'\x04\x00\x00\x00\x00\x00\x00\x00',HOLD,1.41,HOLD
2026-03-23T20:42:54.390659+00:00,X:DOTUSD,CHOP,0.631,b'\x04\x00\x00\x00\x00\x00\x00\x00',HOLD,1.41,TRADE
2026-03-24T01:05:49.445738+00:00,X:DOTUSD,CHOP,0.877,b'\x05\x00\x00\x00\x00\x00\x00\x00',HOLD,1.42,HOLD
2026-03-24T05:21:55.289049+00:00,X:DOTUSD,CHOP,0.743,b'\x05\x00\x00\x00\x00\x00\x00\x00',HOLD,1.42,HOLD
2026-03-24T09:48:26.694793+00:00,X:DOTUSD,CHOP,0.901,b'\x05\x00\x00\x00\x00\x00\x00\x00',HOLD,1.42,HOLD
2026-03-24T14:10:30.687721+00:00,X:DOTUSD,BEAR,0.748,b'\x05\x00\x00\x00\x00\x00\x00\x00',SELL,1.42,HOLD
2026-03-24T18:28:16.691233+00:00,X:DOTUSD,CHOP,0.825,b'\x05\x00\x00\x00\x00\x00\x00\x00',HOLD,1.42,HOLD
2026-03-24T23:07:10.996728+00:00,X:DOTUSD,CHOP,0.888,b'\x05\x00\x00\x00\x00\x00\x00\x00',HOLD,1.42,HOLD
2026-03-25T02:31:46.796395+00:00,X:DOTUSD,CHOP,0.73,b'\x05\x00\x00\x00\x00\x00\x00\x00',HOLD,1.4,TRADE
2026-03-25T06:48:17.989659+00:00,X:DOTUSD,CHOP,0.744,b'\x05\x00\x00\x00\x00\x00\x00\x00',HOLD,1.4,HOLD
2026-03-25T11:00:27.987652+00:00,X:DOTUSD,CHOP,0.676,b'\x05\x00\x00\x00\x00\x00\x00\x00',HOLD,1.4,HOLD
2026-03-25T15:19:17.696481+00:00,X:DOTUSD,CHOP,0.728,b'\x05\x00\x00\x00\x00\x00\x00\x00',HOLD,1.4,HOLD
2026-03-25T19:37:46.821160+00:00,X:DOTUSD,CHOP,0.704,b'\x05\x00\x00\x00\x00\x00\x00\x00',HOLD,1.4,HOLD
2026-03-25T23:51:10.032889+00:00,X:DOTUSD,CHOP,0.841,b'\x05\x00\x00\x00\x00\x00\x00\x00',HOLD,1.4,HOLD
2026-03-26T02:06:44.348082+00:00,X:DOTUSD,CHOP,0.914,b'\x05\x00\x00\x00\x00\x00\x00\x00',HOLD,1.36,TRADE
2026-03-26T02:54:03.794037+00:00,X:DOTUSD,CHOP,0.914,b'\x05\x00\x00\x00\x00\x00\x00\x00',HOLD,1.36,TRADE
2026-03-26T03:26:15.675446+00:00,X:DOTUSD,CHOP,0.847,b'\x05\x00\x00\x00\x00\x00\x00\x00',HOLD,1.36,TRADE
2026-03-26T03:59:57.189478+00:00,X:DOTUSD,CHOP,0.847,b'\x05\x00\x00\x00\x00\x00\x00\x00',HOLD,1.36,TRADE
2026-03-26T04:45:33.691483+00:00,X:DOTUSD,CHOP,0.938,b'\x05\x00\x00\x00\x00\x00\x00\x00',HOLD,1.36,TRADE
2026-03-26T05:26:36.660021+00:00,X:DOTUSD,CHOP,0.924,b'\x05\x00\x00\x00\x00\x00\x00\x00',HOLD,1.36,TRADE
2026-03-26T06:06:53.405813+00:00,X:DOTUSD,CHOP,0.878,b'\x05\x00\x00\x00\x00\x00\x00\x00',HOLD,1.36,TRADE
2026-03-26T07:02:51.889564+00:00,X:DOTUSD,CHOP,0.878,b'\x05\x00\x00\x00\x00\x00\x00\x00',HOLD,1.36,TRADE
2026-03-26T10:29:40.991142+00:00,X:DOTUSD,CHOP,0.939,b'\x05\x00\x00\x00\x00\x00\x00\x00',HOLD,1.36,TRADE
2026-03-26T12:08:48.625684+00:00,X:DOTUSD,CHOP,0.951,b'\x05\x00\x00\x00\x00\x00\x00\x00',HOLD,1.36,TRADE
2026-03-26T15:00:40.188575+00:00,X:DOTUSD,CHOP,0.935,b'\x05\x00\x00\x00\x00\x00\x00\x00',HOLD,1.36,TRADE
2026-03-26T16:19:20.737522+00:00,X:DOTUSD,CHOP,0.91,b'\x05\x00\x00\x00\x00\x00\x00\x00',HOLD,1.36,TRADE
2026-03-26T17:06:23.492450+00:00,X:DOTUSD,CHOP,0.938,b'\x05\x00\x00\x00\x00\x00\x00\x00',HOLD,1.36,TRADE
2026-03-26T18:10:09.595327+00:00,X:DOTUSD,CHOP,0.924,b'\x05\x00\x00\x00\x00\x00\x00\x00',HOLD,1.36,TRADE
2026-03-26T19:08:54.310425+00:00,X:DOTUSD,CHOP,0.938,b'\x05\x00\x00\x00\x00\x00\x00\x00',HOLD,1.36,TRADE
2026-03-26T19:53:53.201301+00:00,X:DOTUSD,CHOP,0.938,b'\x05\x00\x00\x00\x00\x00\x00\x00',HOLD,1.36,TRADE
2026-03-26T20:27:54.504168+00:00,X:DOTUSD,CHOP,0.928,b'\x05\x00\x00\x00\x00\x00\x00\x00',HOLD,1.36,TRADE
2026-03-26T21:42:59.087779+00:00,X:DOTUSD,CHOP,0.937,b'\x05\x00\x00\x00\x00\x00\x00\x00',HOLD,1.36,TRADE
2026-03-26T22:41:56.098996+00:00,X:DOTUSD,CHOP,0.937,b'\x05\x00\x00\x00\x00\x00\x00\x00',HOLD,1.36,TRADE
2026-03-26T23:43:17.991949+00:00,X:DOTUSD,CHOP,0.92,b'\x05\x00\x00\x00\x00\x00\x00\x00',HOLD,1.36,TRADE
2026-03-27T00:28:52.389678+00:00,X:DOTUSD,BEAR,0.752,b'\x04\x00\x00\x00\x00\x00\x00\x00',SELL,1.32,TRADE
2026-03-27T01:14:07.194982+00:00,X:DOTUSD,CHOP,0.688,b'\x04\x00\x00\x00\x00\x00\x00\x00',HOLD,1.32,TRADE
2026-03-27T01:46:16.594818+00:00,X:DOTUSD,CHOP,0.688,b'\x04\x00\x00\x00\x00\x00\x00\x00',HOLD,1.32,TRADE
2026-03-27T02:15:20.398106+00:00,X:DOTUSD,BEAR,0.752,b'\x04\x00\x00\x00\x00\x00\x00\x00',SELL,1.32,HOLD
2026-03-27T02:45:09.617947+00:00,X:DOTUSD,BEAR,0.752,b'\x04\x00\x00\x00\x00\x00\x00\x00',SELL,1.32,HOLD
2026-03-27T03:17:51.396944+00:00,X:DOTUSD,CHOP,0.734,b'\x04\x00\x00\x00\x00\x00\x00\x00',HOLD,1.32,HOLD
2026-03-27T04:01:48.293949+00:00,X:DOTUSD,CHOP,0.734,b'\x04\x00\x00\x00\x00\x00\x00\x00',HOLD,1.32,HOLD
2026-03-27T04:55:17.062426+00:00,X:DOTUSD,CHOP,0.791,b'\x04\x00\x00\x00\x00\x00\x00\x00',HOLD,1.32,TRADE
2026-03-27T05:23:56.421835+00:00,X:DOTUSD,CHOP,0.898,b'\x04\x00\x00\x00\x00\x00\x00\x00',HOLD,1.32,TRADE
2026-03-27T06:10:12.276656+00:00,X:DOTUSD,CHOP,0.703,b'\x04\x00\x00\x00\x00\x00\x00\x00',HOLD,1.32,TRADE
2026-03-27T06:39:42.983427+00:00,X:DOTUSD,CHOP,0.703,b'\x04\x00\x00\x00\x00\x00\x00\x00',HOLD,1.32,TRADE
2026-03-27T07:24:12.966560+00:00,X:DOTUSD,CHOP,0.891,b'\x04\x00\x00\x00\x00\x00\x00\x00',HOLD,1.32,TRADE
2026-03-27T07:55:51.037597+00:00,X:DOTUSD,CHOP,0.891,b'\x04\x00\x00\x00\x00\x00\x00\x00',HOLD,1.32,TRADE
2026-03-27T08:40:04.081793+00:00,X:DOTUSD,BEAR,0.621,b'\x04\x00\x00\x00\x00\x00\x00\x00',SELL,1.32,TRADE
2026-03-27T09:11:36.799165+00:00,X:DOTUSD,CHOP,0.478,b'\x04\x00\x00\x00\x00\x00\x00\x00',HOLD,1.32,TRADE
2026-03-27T09:55:39.368042+00:00,X:DOTUSD,CHOP,0.478,b'\x04\x00\x00\x00\x00\x00\x00\x00',HOLD,1.32,TRADE
2026-03-27T10:26:53.083009+00:00,X:DOTUSD,CHOP,0.478,b'\x04\x00\x00\x00\x00\x00\x00\x00',HOLD,1.32,TRADE
2026-03-27T11:11:16.419162+00:00,X:DOTUSD,CHOP,0.676,b'\x04\x00\x00\x00\x00\x00\x00\x00',HOLD,1.32,TRADE
2026-03-27T11:43:49.060060+00:00,X:DOTUSD,CHOP,0.676,b'\x04\x00\x00\x00\x00\x00\x00\x00',HOLD,1.32,TRADE
2026-03-27T13:28:06.549991+00:00,X:DOTUSD,CHOP,0.666,b'\x04\x00\x00\x00\x00\x00\x00\x00',HOLD,1.32,TRADE
2026-03-27T14:31:22.941917+00:00,X:DOTUSD,CHOP,0.813,b'\x04\x00\x00\x00\x00\x00\x00\x00',HOLD,1.32,TRADE
2026-03-27T15:14:56.353147+00:00,X:DOTUSD,BEAR,0.604,b'\x04\x00\x00\x00\x00\x00\x00\x00',SELL,1.32,TRADE
2026-03-27T16:00:52.100360+00:00,X:DOTUSD,CHOP,0.577,b'\x04\x00\x00\x00\x00\x00\x00\x00',HOLD,1.32,TRADE
2026-03-27T17:02:41.400520+00:00,X:DOTUSD,CHOP,0.568,b'\x04\x00\x00\x00\x00\x00\x00\x00',HOLD,1.32,TRADE
2026-03-27T17:46:23.401024+00:00,X:DOTUSD,CHOP,0.568,b'\x04\x00\x00\x00\x00\x00\x00\x00',HOLD,1.32,TRADE
2026-03-27T18:31:41.166780+00:00,X:DOTUSD,CHOP,0.625,b'\x04\x00\x00\x00\x00\x00\x00\x00',HOLD,1.32,TRADE
2026-03-27T19:47:46.788943+00:00,X:DOTUSD,BEAR,0.69,b'\x04\x00\x00\x00\x00\x00\x00\x00',SELL,1.32,TRADE
2026-03-27T20:19:55.828833+00:00,X:DOTUSD,BEAR,0.63,b'\x04\x00\x00\x00\x00\x00\x00\x00',SELL,1.32,TRADE
2026-03-27T21:34:35.382860+00:00,X:DOTUSD,BEAR,0.581,b'\x04\x00\x00\x00\x00\x00\x00\x00',SELL,1.32,TRADE
2026-03-22T19:08:59.604044+00:00,X:ENAUSD,,0.0,0,HOLD,0.0,HOLD
2026-03-22T23:23:01.294224+00:00,X:ENAUSD,BULL,0.646,b'\x05\x00\x00\x00\x00\x00\x00\x00',HOLD,0.1,HOLD
2026-03-23T03:32:34.089162+00:00,X:ENAUSD,BULL,0.368,b'\x04\x00\x00\x00\x00\x00\x00\x00',HOLD,0.1,HOLD
2026-03-23T07:40:19.589989+00:00,X:ENAUSD,CHOP,0.569,b'\x04\x00\x00\x00\x00\x00\x00\x00',HOLD,0.1,HOLD
2026-03-23T11:45:44.432381+00:00,X:ENAUSD,CHOP,0.74,b'\x04\x00\x00\x00\x00\x00\x00\x00',HOLD,0.1,HOLD
2026-03-23T15:54:05.698438+00:00,X:ENAUSD,CHOP,0.608,b'\x04\x00\x00\x00\x00\x00\x00\x00',HOLD,0.1,HOLD
2026-03-23T20:00:41.393205+00:00,X:ENAUSD,CHOP,0.488,b'\x04\x00\x00\x00\x00\x00\x00\x00',HOLD,0.1,HOLD
2026-03-23T20:42:54.390659+00:00,X:ENAUSD,CHOP,0.514,b'\x04\x00\x00\x00\x00\x00\x00\x00',HOLD,0.1,TRADE
2026-03-24T01:05:49.445738+00:00,X:ENAUSD,CHOP,0.758,b'\x04\x00\x00\x00\x00\x00\x00\x00',HOLD,0.09,HOLD
2026-03-24T05:21:55.289049+00:00,X:ENAUSD,CHOP,0.851,b'\x04\x00\x00\x00\x00\x00\x00\x00',HOLD,0.09,HOLD
2026-03-24T09:48:26.694793+00:00,X:ENAUSD,CHOP,0.892,b'\x04\x00\x00\x00\x00\x00\x00\x00',HOLD,0.09,HOLD
2026-03-24T14:10:30.687721+00:00,X:ENAUSD,BULL,0.743,b'\x04\x00\x00\x00\x00\x00\x00\x00',HOLD,0.09,HOLD
2026-03-24T18:28:16.691233+00:00,X:ENAUSD,CHOP,0.74,b'\x04\x00\x00\x00\x00\x00\x00\x00',HOLD,0.09,HOLD
2026-03-24T23:07:10.996728+00:00,X:ENAUSD,CHOP,0.722,b'\x04\x00\x00\x00\x00\x00\x00\x00',HOLD,0.09,HOLD
2026-03-25T02:31:46.796395+00:00,X:ENAUSD,BULL,0.949,b'\x07\x00\x00\x00\x00\x00\x00\x00',BUY,0.1,TRADE
2026-03-25T06:48:17.989659+00:00,X:ENAUSD,BULL,0.906,b'\x07\x00\x00\x00\x00\x00\x00\x00',BUY,0.1,HOLD
2026-03-25T11:00:27.987652+00:00,X:ENAUSD,BULL,0.763,b'\x07\x00\x00\x00\x00\x00\x00\x00',BUY,0.1,HOLD
2026-03-25T15:19:17.696481+00:00,X:ENAUSD,BULL,0.897,b'\x07\x00\x00\x00\x00\x00\x00\x00',BUY,0.1,HOLD
2026-03-25T19:37:46.821160+00:00,X:ENAUSD,BULL,0.918,b'\x07\x00\x00\x00\x00\x00\x00\x00',BUY,0.1,HOLD
2026-03-25T23:51:10.032889+00:00,X:ENAUSD,BULL,0.803,b'\x07\x00\x00\x00\x00\x00\x00\x00',BUY,0.1,HOLD
2026-03-26T02:06:44.348082+00:00,X:ENAUSD,BULL,0.999,b'\x08\x00\x00\x00\x00\x00\x00\x00',BUY,0.1,TRADE
2026-03-26T02:54:03.794037+00:00,X:ENAUSD,BULL,0.999,b'\x08\x00\x00\x00\x00\x00\x00\x00',BUY,0.1,TRADE
2026-03-26T03:26:15.675446+00:00,X:ENAUSD,BULL,0.979,b'\x08\x00\x00\x00\x00\x00\x00\x00',BUY,0.1,TRADE
2026-03-26T03:59:57.189478+00:00,X:ENAUSD,BULL,0.979,b'\x08\x00\x00\x00\x00\x00\x00\x00',BUY,0.1,TRADE
2026-03-26T04:45:33.691483+00:00,X:ENAUSD,BULL,0.993,b'\x08\x00\x00\x00\x00\x00\x00\x00',BUY,0.1,TRADE
2026-03-26T05:26:36.660021+00:00,X:ENAUSD,CHOP,0.974,b'\x08\x00\x00\x00\x00\x00\x00\x00',HOLD,0.1,TRADE
2026-03-26T06:06:53.405813+00:00,X:ENAUSD,BULL,0.963,b'\x08\x00\x00\x00\x00\x00\x00\x00',BUY,0.1,TRADE
2026-03-26T07:02:51.889564+00:00,X:ENAUSD,BULL,0.963,b'\x08\x00\x00\x00\x00\x00\x00\x00',BUY,0.1,TRADE
2026-03-26T10:29:40.991142+00:00,X:ENAUSD,BULL,0.971,b'\x08\x00\x00\x00\x00\x00\x00\x00',BUY,0.1,TRADE
2026-03-26T12:08:48.625684+00:00,X:ENAUSD,BULL,0.735,b'\x08\x00\x00\x00\x00\x00\x00\x00',BUY,0.1,TRADE
2026-03-26T15:00:40.188575+00:00,X:ENAUSD,BULL,0.634,b'\x08\x00\x00\x00\x00\x00\x00\x00',HOLD,0.1,TRADE
2026-03-26T16:19:20.737522+00:00,X:ENAUSD,CHOP,0.993,b'\x08\x00\x00\x00\x00\x00\x00\x00',HOLD,0.1,TRADE
2026-03-26T17:06:23.492450+00:00,X:ENAUSD,BULL,0.993,b'\x08\x00\x00\x00\x00\x00\x00\x00',BUY,0.1,TRADE
2026-03-26T18:10:09.595327+00:00,X:ENAUSD,BULL,0.993,b'\x08\x00\x00\x00\x00\x00\x00\x00',BUY,0.1,TRADE
2026-03-26T19:08:54.310425+00:00,X:ENAUSD,BULL,0.931,b'\x08\x00\x00\x00\x00\x00\x00\x00',BUY,0.1,TRADE
2026-03-26T19:53:53.201301+00:00,X:ENAUSD,BULL,0.931,b'\x08\x00\x00\x00\x00\x00\x00\x00',BUY,0.1,TRADE
2026-03-26T20:27:54.504168+00:00,X:ENAUSD,BULL,0.931,b'\x08\x00\x00\x00\x00\x00\x00\x00',BUY,0.1,TRADE
2026-03-26T21:42:59.087779+00:00,X:ENAUSD,BULL,1.0,b'\x08\x00\x00\x00\x00\x00\x00\x00',BUY,0.1,TRADE
2026-03-26T22:41:56.098996+00:00,X:ENAUSD,BULL,0.978,b'\x08\x00\x00\x00\x00\x00\x00\x00',BUY,0.1,TRADE
2026-03-26T23:43:17.991949+00:00,X:ENAUSD,CHOP,0.845,b'\x08\x00\x00\x00\x00\x00\x00\x00',HOLD,0.1,TRADE
2026-03-27T00:28:52.389678+00:00,X:ENAUSD,BULL,0.854,b'\x06\x00\x00\x00\x00\x00\x00\x00',BUY,0.1,TRADE
2026-03-27T01:14:07.194982+00:00,X:ENAUSD,BULL,0.951,b'\x06\x00\x00\x00\x00\x00\x00\x00',BUY,0.1,TRADE
2026-03-27T01:46:16.594818+00:00,X:ENAUSD,BULL,0.951,b'\x06\x00\x00\x00\x00\x00\x00\x00',BUY,0.1,TRADE
2026-03-27T02:15:20.398106+00:00,X:ENAUSD,CHOP,0.877,b'\x06\x00\x00\x00\x00\x00\x00\x00',HOLD,0.1,HOLD
2026-03-27T02:45:09.617947+00:00,X:ENAUSD,CHOP,0.877,b'\x06\x00\x00\x00\x00\x00\x00\x00',HOLD,0.1,HOLD
2026-03-27T03:17:51.396944+00:00,X:ENAUSD,CHOP,0.556,b'\x06\x00\x00\x00\x00\x00\x00\x00',HOLD,0.1,HOLD
2026-03-27T04:01:48.293949+00:00,X:ENAUSD,CHOP,0.556,b'\x06\x00\x00\x00\x00\x00\x00\x00',HOLD,0.1,HOLD
2026-03-27T04:55:17.062426+00:00,X:ENAUSD,BULL,0.921,b'\x06\x00\x00\x00\x00\x00\x00\x00',BUY,0.1,TRADE
2026-03-27T05:23:56.421835+00:00,X:ENAUSD,BULL,0.704,b'\x06\x00\x00\x00\x00\x00\x00\x00',BUY,0.1,TRADE
2026-03-27T06:10:12.276656+00:00,X:ENAUSD,BULL,0.843,b'\x06\x00\x00\x00\x00\x00\x00\x00',BUY,0.1,TRADE
2026-03-27T06:39:42.983427+00:00,X:ENAUSD,BULL,0.843,b'\x06\x00\x00\x00\x00\x00\x00\x00',BUY,0.1,TRADE
2026-03-27T07:24:12.966560+00:00,X:ENAUSD,BULL,0.966,b'\x06\x00\x00\x00\x00\x00\x00\x00',BUY,0.1,TRADE
2026-03-27T07:55:51.037597+00:00,X:ENAUSD,BULL,0.966,b'\x06\x00\x00\x00\x00\x00\x00\x00',BUY,0.1,TRADE
2026-03-27T08:40:04.081793+00:00,X:ENAUSD,BULL,0.977,b'\x06\x00\x00\x00\x00\x00\x00\x00',BUY,0.1,TRADE
2026-03-27T09:11:36.799165+00:00,X:ENAUSD,BULL,0.941,b'\x06\x00\x00\x00\x00\x00\x00\x00',BUY,0.1,TRADE
2026-03-27T09:55:39.368042+00:00,X:ENAUSD,BULL,0.941,b'\x06\x00\x00\x00\x00\x00\x00\x00',BUY,0.1,TRADE
2026-03-27T10:26:53.083009+00:00,X:ENAUSD,BULL,0.941,b'\x06\x00\x00\x00\x00\x00\x00\x00',BUY,0.1,TRADE
2026-03-27T11:11:16.419162+00:00,X:ENAUSD,BULL,0.991,b'\x06\x00\x00\x00\x00\x00\x00\x00',BUY,0.1,TRADE
2026-03-27T11:43:49.060060+00:00,X:ENAUSD,BULL,0.991,b'\x06\x00\x00\x00\x00\x00\x00\x00',BUY,0.1,TRADE
2026-03-27T13:28:06.549991+00:00,X:ENAUSD,BULL,0.966,b'\x06\x00\x00\x00\x00\x00\x00\x00',BUY,0.1,TRADE
2026-03-27T14:31:22.941917+00:00,X:ENAUSD,BULL,0.894,b'\x06\x00\x00\x00\x00\x00\x00\x00',BUY,0.1,TRADE
2026-03-27T15:14:56.353147+00:00,X:ENAUSD,BULL,0.965,b'\x06\x00\x00\x00\x00\x00\x00\x00',BUY,0.1,TRADE
2026-03-27T16:00:52.100360+00:00,X:ENAUSD,BULL,0.844,b'\x06\x00\x00\x00\x00\x00\x00\x00',BUY,0.1,TRADE
2026-03-27T17:02:41.400520+00:00,X:ENAUSD,BULL,0.844,b'\x06\x00\x00\x00\x00\x00\x00\x00',BUY,0.1,TRADE
2026-03-27T17:46:23.401024+00:00,X:ENAUSD,BULL,0.844,b'\x06\x00\x00\x00\x00\x00\x00\x00',BUY,0.1,TRADE
2026-03-27T18:31:41.166780+00:00,X:ENAUSD,BULL,0.844,b'\x06\x00\x00\x00\x00\x00\x00\x00',BUY,0.1,TRADE
2026-03-27T19:47:46.788943+00:00,X:ENAUSD,BULL,0.961,b'\x06\x00\x00\x00\x00\x00\x00\x00',BUY,0.1,TRADE
2026-03-27T20:19:55.828833+00:00,X:ENAUSD,BULL,0.965,b'\x06\x00\x00\x00\x00\x00\x00\x00',BUY,0.1,TRADE
2026-03-27T21:34:35.382860+00:00,X:ENAUSD,BULL,0.944,b'\x06\x00\x00\x00\x00\x00\x00\x00',BUY,0.1,TRADE
2026-03-27T21:59:19.095227+00:00,X:ENAUSD,BULL,0.944,b'\x06\x00\x00\x00\x00\x00\x00\x00',BUY,0.1,TRADE
2026-03-28T02:21:09.001567+00:00,X:ENAUSD,CHOP,0.635,b'\x04\x00\x00\x00\x00\x00\x00\x00',HOLD,0.09,HOLD
2026-03-28T06:48:45.231188+00:00,X:ENAUSD,BEAR,0.616,b'\x04\x00\x00\x00\x00\x00\x00\x00',SELL,0.09,TRADE
2026-03-28T11:17:42.723522+00:00,X:ENAUSD,BEAR,0.497,b'\x04\x00\x00\x00\x00\x00\x00\x00',SELL,0.09,HOLD
2026-03-28T15:40:03.690204+00:00,X:ENAUSD,BEAR,0.732,b'\x04\x00\x00\x00\x00\x00\x00\x00',SELL,0.09,HOLD
2026-03-28T20:10:22.293675+00:00,X:ENAUSD,CHOP,0.511,b'\x04\x00\x00\x00\x00\x00\x00\x00',HOLD,0.09,HOLD
2026-03-29T00:22:47.696154+00:00,X:ENAUSD,BEAR,0.955,b'\x04\x00\x00\x00\x00\x00\x00\x00',SELL,0.09,HOLD
2026-03-29T04:36:15.809391+00:00,X:ENAUSD,BEAR,0.946,b'\x04\x00\x00\x00\x00\x00\x00\x00',SELL,0.09,HOLD
2026-03-29T04:59:09.391254+00:00,X:ENAUSD,BEAR,0.946,b'\x04\x00\x00\x00\x00\x00\x00\x00',SELL,0.09,HOLD
2026-03-29T09:20:44.888822+00:00,X:ENAUSD,BEAR,0.897,b'\x04\x00\x00\x00\x00\x00\x00\x00',SELL,0.09,TRADE
2026-03-29T13:47:12.295213+00:00,X:ENAUSD,BEAR,0.846,b'\x04\x00\x00\x00\x00\x00\x00\x00',SELL,0.09,HOLD
2026-03-29T17:54:25.503953+00:00,X:ENAUSD,BEAR,0.962,b'\x04\x00\x00\x00\x00\x00\x00\x00',SELL,0.09,HOLD
2026-03-29T22:06:46.200525+00:00,X:ENAUSD,BEAR,0.938,b'\x04\x00\x00\x00\x00\x00\x00\x00',SELL,0.09,HOLD
2026-03-30T02:19:08.287730+00:00,X:ENAUSD,BEAR,0.78,b'\x04\x00\x00\x00\x00\x00\x00\x00',SELL,0.09,TRADE
2026-03-22T19:08:59.604044+00:00,X:ETHUSD,BULL,0.899,b'\x04\x00\x00\x00\x00\x00\x00\x00',HOLD,2077.56,HOLD
2026-03-22T23:23:01.294224+00:00,X:ETHUSD,BEAR,0.814,b'\x04\x00\x00\x00\x00\x00\x00\x00',SELL,2077.56,HOLD
2026-03-23T03:32:34.089162+00:00,X:ETHUSD,BULL,0.999,b'\x05\x00\x00\x00\x00\x00\x00\x00',HOLD,2052.87,HOLD
2026-03-23T07:40:19.589989+00:00,X:ETHUSD,CHOP,1.0,b'\x05\x00\x00\x00\x00\x00\x00\x00',HOLD,2052.87,HOLD
2026-03-23T11:45:44.432381+00:00,X:ETHUSD,CHOP,1.0,b'\x05\x00\x00\x00\x00\x00\x00\x00',HOLD,2052.87,HOLD
2026-03-23T15:54:05.698438+00:00,X:ETHUSD,CHOP,0.999,b'\x05\x00\x00\x00\x00\x00\x00\x00',HOLD,2052.87,HOLD
2026-03-23T20:00:41.393205+00:00,X:ETHUSD,BULL,1.0,b'\x05\x00\x00\x00\x00\x00\x00\x00',HOLD,2052.87,HOLD
2026-03-23T20:42:54.390659+00:00,X:ETHUSD,CHOP,0.996,b'\x05\x00\x00\x00\x00\x00\x00\x00',HOLD,2052.87,TRADE
2026-03-24T01:05:49.445738+00:00,X:ETHUSD,CHOP,0.782,b'\x06\x00\x00\x00\x00\x00\x00\x00',HOLD,2152.3,HOLD
2026-03-24T05:21:55.289049+00:00,X:ETHUSD,BEAR,0.603,b'\x06\x00\x00\x00\x00\x00\x00\x00',SELL,2152.3,HOLD
2026-03-24T09:48:26.694793+00:00,X:ETHUSD,CHOP,0.832,b'\x06\x00\x00\x00\x00\x00\x00\x00',HOLD,2152.3,HOLD
2026-03-24T14:10:30.687721+00:00,X:ETHUSD,BULL,0.559,b'\x06\x00\x00\x00\x00\x00\x00\x00',HOLD,2152.3,HOLD
2026-03-24T18:28:16.691233+00:00,X:ETHUSD,CHOP,0.759,b'\x06\x00\x00\x00\x00\x00\x00\x00',HOLD,2152.3,HOLD
2026-03-24T23:07:10.996728+00:00,X:ETHUSD,CHOP,0.73,b'\x06\x00\x00\x00\x00\x00\x00\x00',HOLD,2152.3,HOLD
2026-03-25T02:31:46.796395+00:00,X:ETHUSD,BEAR,0.997,b'\x06\x00\x00\x00\x00\x00\x00\x00',SELL,2155.46,TRADE
2026-03-25T06:48:17.989659+00:00,X:ETHUSD,CHOP,0.919,b'\x06\x00\x00\x00\x00\x00\x00\x00',HOLD,2155.46,HOLD
2026-03-25T11:00:27.987652+00:00,X:ETHUSD,CHOP,0.995,b'\x06\x00\x00\x00\x00\x00\x00\x00',HOLD,2155.46,HOLD
2026-03-25T15:19:17.696481+00:00,X:ETHUSD,BEAR,0.998,b'\x06\x00\x00\x00\x00\x00\x00\x00',SELL,2155.46,HOLD
2026-03-25T19:37:46.821160+00:00,X:ETHUSD,BULL,0.948,b'\x06\x00\x00\x00\x00\x00\x00\x00',BUY,2155.46,HOLD
2026-03-25T23:51:10.032889+00:00,X:ETHUSD,CHOP,0.852,b'\x06\x00\x00\x00\x00\x00\x00\x00',HOLD,2155.46,HOLD
2026-03-26T02:06:44.348082+00:00,X:ETHUSD,BULL,0.98,b'\x06\x00\x00\x00\x00\x00\x00\x00',BUY,2167.81,TRADE
2026-03-26T02:54:03.794037+00:00,X:ETHUSD,BULL,0.983,b'\x06\x00\x00\x00\x00\x00\x00\x00',BUY,2167.81,TRADE
2026-03-26T03:26:15.675446+00:00,X:ETHUSD,CHOP,0.976,b'\x06\x00\x00\x00\x00\x00\x00\x00',HOLD,2167.81,TRADE
2026-03-26T03:59:57.189478+00:00,X:ETHUSD,CHOP,0.976,b'\x06\x00\x00\x00\x00\x00\x00\x00',HOLD,2167.81,TRADE
2026-03-26T04:45:33.691483+00:00,X:ETHUSD,CHOP,0.976,b'\x06\x00\x00\x00\x00\x00\x00\x00',HOLD,2167.81,TRADE
2026-03-26T05:26:36.660021+00:00,X:ETHUSD,CHOP,0.976,b'\x06\x00\x00\x00\x00\x00\x00\x00',HOLD,2167.81,TRADE
2026-03-26T06:06:53.405813+00:00,X:ETHUSD,CHOP,0.976,b'\x06\x00\x00\x00\x00\x00\x00\x00',HOLD,2167.81,TRADE
2026-03-26T07:02:51.889564+00:00,X:ETHUSD,CHOP,0.976,b'\x06\x00\x00\x00\x00\x00\x00\x00',HOLD,2167.81,TRADE
2026-03-26T10:29:40.991142+00:00,X:ETHUSD,BULL,0.989,b'\x06\x00\x00\x00\x00\x00\x00\x00',BUY,2167.81,TRADE
2026-03-26T12:08:48.625684+00:00,X:ETHUSD,CHOP,0.961,b'\x06\x00\x00\x00\x00\x00\x00\x00',HOLD,2167.81,TRADE
2026-03-26T15:00:40.188575+00:00,X:ETHUSD,CHOP,0.961,b'\x06\x00\x00\x00\x00\x00\x00\x00',HOLD,2167.81,TRADE
2026-03-26T16:19:20.737522+00:00,X:ETHUSD,BULL,0.976,b'\x06\x00\x00\x00\x00\x00\x00\x00',BUY,2167.81,TRADE
2026-03-26T17:06:23.492450+00:00,X:ETHUSD,BULL,0.976,b'\x06\x00\x00\x00\x00\x00\x00\x00',BUY,2167.81,TRADE
2026-03-26T18:10:09.595327+00:00,X:ETHUSD,BULL,0.976,b'\x06\x00\x00\x00\x00\x00\x00\x00',BUY,2167.81,TRADE
2026-03-26T19:08:54.310425+00:00,X:ETHUSD,BULL,0.976,b'\x06\x00\x00\x00\x00\x00\x00\x00',BUY,2167.81,TRADE
2026-03-26T19:53:53.201301+00:00,X:ETHUSD,BULL,0.975,b'\x06\x00\x00\x00\x00\x00\x00\x00',BUY,2167.81,TRADE
2026-03-26T20:27:54.504168+00:00,X:ETHUSD,BULL,0.975,b'\x06\x00\x00\x00\x00\x00\x00\x00',BUY,2167.81,TRADE
2026-03-26T21:42:59.087779+00:00,X:ETHUSD,BULL,0.975,b'\x06\x00\x00\x00\x00\x00\x00\x00',BUY,2167.81,TRADE
2026-03-26T22:41:56.098996+00:00,X:ETHUSD,BULL,0.975,b'\x06\x00\x00\x00\x00\x00\x00\x00',BUY,2167.81,TRADE
2026-03-26T23:43:17.991949+00:00,X:ETHUSD,BULL,0.984,b'\x06\x00\x00\x00\x00\x00\x00\x00',BUY,2167.81,TRADE
2026-03-27T00:28:52.389678+00:00,X:ETHUSD,BEAR,0.542,b'\x04\x00\x00\x00\x00\x00\x00\x00',SELL,2059.02,TRADE
2026-03-27T01:14:07.194982+00:00,X:ETHUSD,BEAR,0.542,b'\x04\x00\x00\x00\x00\x00\x00\x00',SELL,2059.02,TRADE
2026-03-27T01:46:16.594818+00:00,X:ETHUSD,BEAR,0.542,b'\x04\x00\x00\x00\x00\x00\x00\x00',SELL,2059.02,TRADE
2026-03-27T02:15:20.398106+00:00,X:ETHUSD,BEAR,0.542,b'\x04\x00\x00\x00\x00\x00\x00\x00',SELL,2059.02,HOLD
2026-03-27T02:45:09.617947+00:00,X:ETHUSD,BEAR,0.542,b'\x04\x00\x00\x00\x00\x00\x00\x00',SELL,2059.02,HOLD
2026-03-27T03:17:51.396944+00:00,X:ETHUSD,BEAR,0.656,b'\x04\x00\x00\x00\x00\x00\x00\x00',SELL,2059.02,HOLD
2026-03-27T04:01:48.293949+00:00,X:ETHUSD,BEAR,0.656,b'\x04\x00\x00\x00\x00\x00\x00\x00',SELL,2059.02,HOLD
2026-03-27T04:55:17.062426+00:00,X:ETHUSD,BEAR,0.656,b'\x04\x00\x00\x00\x00\x00\x00\x00',SELL,2059.02,TRADE
2026-03-27T05:23:56.421835+00:00,X:ETHUSD,BEAR,0.656,b'\x04\x00\x00\x00\x00\x00\x00\x00',SELL,2059.02,TRADE
2026-03-27T06:10:12.276656+00:00,X:ETHUSD,BULL,0.747,b'\x04\x00\x00\x00\x00\x00\x00\x00',HOLD,2059.02,TRADE
2026-03-27T06:39:42.983427+00:00,X:ETHUSD,BULL,0.747,b'\x04\x00\x00\x00\x00\x00\x00\x00',HOLD,2059.02,TRADE
2026-03-27T07:24:12.966560+00:00,X:ETHUSD,CHOP,0.737,b'\x04\x00\x00\x00\x00\x00\x00\x00',HOLD,2059.02,TRADE
2026-03-27T07:55:51.037597+00:00,X:ETHUSD,CHOP,0.737,b'\x04\x00\x00\x00\x00\x00\x00\x00',HOLD,2059.02,TRADE
2026-03-27T08:40:04.081793+00:00,X:ETHUSD,CHOP,0.737,b'\x04\x00\x00\x00\x00\x00\x00\x00',HOLD,2059.02,TRADE
2026-03-27T09:11:36.799165+00:00,X:ETHUSD,CHOP,0.737,b'\x04\x00\x00\x00\x00\x00\x00\x00',HOLD,2059.02,TRADE
2026-03-27T09:55:39.368042+00:00,X:ETHUSD,CHOP,0.737,b'\x04\x00\x00\x00\x00\x00\x00\x00',HOLD,2059.02,TRADE
2026-03-27T10:26:53.083009+00:00,X:ETHUSD,CHOP,0.737,b'\x04\x00\x00\x00\x00\x00\x00\x00',HOLD,2059.02,TRADE
2026-03-27T11:11:16.419162+00:00,X:ETHUSD,BEAR,0.775,b'\x04\x00\x00\x00\x00\x00\x00\x00',SELL,2059.02,TRADE
2026-03-27T11:43:49.060060+00:00,X:ETHUSD,BEAR,0.775,b'\x04\x00\x00\x00\x00\x00\x00\x00',SELL,2059.02,TRADE
2026-03-27T13:28:06.549991+00:00,X:ETHUSD,BEAR,0.775,b'\x04\x00\x00\x00\x00\x00\x00\x00',SELL,2059.02,TRADE
2026-03-27T14:31:22.941917+00:00,X:ETHUSD,BULL,0.559,b'\x04\x00\x00\x00\x00\x00\x00\x00',HOLD,2059.02,TRADE
2026-03-27T15:14:56.353147+00:00,X:ETHUSD,BEAR,0.466,b'\x04\x00\x00\x00\x00\x00\x00\x00',SELL,2059.02,TRADE
2026-03-27T16:00:52.100360+00:00,X:ETHUSD,BEAR,0.466,b'\x04\x00\x00\x00\x00\x00\x00\x00',SELL,2059.02,TRADE
2026-03-27T17:02:41.400520+00:00,X:ETHUSD,BEAR,0.466,b'\x04\x00\x00\x00\x00\x00\x00\x00',SELL,2059.02,TRADE
2026-03-27T17:46:23.401024+00:00,X:ETHUSD,BEAR,0.466,b'\x04\x00\x00\x00\x00\x00\x00\x00',SELL,2059.02,TRADE
2026-03-27T18:31:41.166780+00:00,X:ETHUSD,BULL,0.878,b'\x04\x00\x00\x00\x00\x00\x00\x00',HOLD,2059.02,TRADE
2026-03-27T19:47:46.788943+00:00,X:ETHUSD,CHOP,0.849,b'\x04\x00\x00\x00\x00\x00\x00\x00',HOLD,2059.02,TRADE
2026-03-27T20:19:55.828833+00:00,X:ETHUSD,CHOP,0.849,b'\x04\x00\x00\x00\x00\x00\x00\x00',HOLD,2059.02,TRADE
2026-03-27T21:34:35.382860+00:00,X:ETHUSD,CHOP,0.849,b'\x04\x00\x00\x00\x00\x00\x00\x00',HOLD,2059.02,TRADE
2026-03-27T21:59:19.095227+00:00,X:ETHUSD,CHOP,0.849,b'\x04\x00\x00\x00\x00\x00\x00\x00',HOLD,2059.02,TRADE
2026-03-28T02:21:09.001567+00:00,X:ETHUSD,BULL,0.868,b'\x03\x00\x00\x00\x00\x00\x00\x00',HOLD,1991.75,HOLD
2026-03-28T06:48:45.231188+00:00,X:ETHUSD,BULL,0.959,b'\x03\x00\x00\x00\x00\x00\x00\x00',HOLD,1991.75,TRADE
2026-03-28T11:17:42.723522+00:00,X:ETHUSD,BULL,0.781,b'\x03\x00\x00\x00\x00\x00\x00\x00',HOLD,1991.75,HOLD
2026-03-28T15:40:03.690204+00:00,X:ETHUSD,BULL,0.774,b'\x03\x00\x00\x00\x00\x00\x00\x00',HOLD,1991.75,HOLD
2026-03-28T20:10:22.293675+00:00,X:ETHUSD,BULL,0.909,b'\x03\x00\x00\x00\x00\x00\x00\x00',HOLD,1991.75,HOLD
2026-03-29T00:22:47.696154+00:00,X:ETHUSD,BEAR,0.956,b'\x04\x00\x00\x00\x00\x00\x00\x00',SELL,1992.68,HOLD
2026-03-29T04:36:15.809391+00:00,X:ETHUSD,BEAR,0.949,b'\x04\x00\x00\x00\x00\x00\x00\x00',SELL,1992.68,HOLD
2026-03-29T04:59:09.391254+00:00,X:ETHUSD,BEAR,0.949,b'\x04\x00\x00\x00\x00\x00\x00\x00',SELL,1992.68,HOLD
2026-03-29T09:20:44.888822+00:00,X:ETHUSD,CHOP,0.948,b'\x04\x00\x00\x00\x00\x00\x00\x00',HOLD,1992.68,TRADE
2026-03-29T13:47:12.295213+00:00,X:ETHUSD,CHOP,0.954,b'\x04\x00\x00\x00\x00\x00\x00\x00',HOLD,1992.68,HOLD
2026-03-29T17:54:25.503953+00:00,X:ETHUSD,BEAR,0.67,b'\x04\x00\x00\x00\x00\x00\x00\x00',SELL,1992.68,HOLD
2026-03-29T22:06:46.200525+00:00,X:ETHUSD,BEAR,0.859,b'\x04\x00\x00\x00\x00\x00\x00\x00',SELL,1992.68,HOLD
2026-03-30T02:19:08.287730+00:00,X:ETHUSD,BEAR,0.79,b'\x06\x00\x00\x00\x00\x00\x00\x00',SELL,1983.05,TRADE
2026-03-30T03:54:06.216447+00:00,X:ETHUSD,BEAR,0.99,b'\x06\x00\x00\x00\x00\x00\x00\x00',SELL,1983.05,HOLD
2026-03-30T04:07:33.396069+00:00,X:ETHUSD,BEAR,1.0,b'\x06\x00\x00\x00\x00\x00\x00\x00',SELL,1983.05,HOLD
2026-03-30T08:10:23.208160+00:00,X:ETHUSD,BEAR,0.781,b'\x06\x00\x00\x00\x00\x00\x00\x00',SELL,1983.05,TRADE
2026-03-30T12:12:57.837074+00:00,X:ETHUSD,BEAR,0.994,b'\x06\x00\x00\x00\x00\x00\x00\x00',SELL,1983.05,TRADE
2026-03-30T16:15:22.088987+00:00,X:ETHUSD,BEAR,1.0,b'\x06\x00\x00\x00\x00\x00\x00\x00',SELL,1983.05,TRADE
2026-03-30T20:18:28.197398+00:00,X:ETHUSD,BEAR,1.0,b'\x06\x00\x00\x00\x00\x00\x00\x00',SELL,1983.05,HOLD
2026-03-31T00:21:18.107590+00:00,X:ETHUSD,CHOP,0.751,b'\x07\x00\x00\x00\x00\x00\x00\x00',HOLD,2023.03,HOLD
2026-03-31T04:24:08.398730+00:00,X:ETHUSD,CHOP,0.745,b'\x07\x00\x00\x00\x00\x00\x00\x00',HOLD,2023.03,HOLD
2026-03-31T08:26:44.230342+00:00,X:ETHUSD,CHOP,0.85,b'\x07\x00\x00\x00\x00\x00\x00\x00',HOLD,2023.03,HOLD
2026-03-31T12:29:20.918449+00:00,X:ETHUSD,CHOP,0.656,b'\x07\x00\x00\x00\x00\x00\x00\x00',HOLD,2023.03,HOLD
2026-03-31T16:31:37.102352+00:00,X:ETHUSD,CHOP,0.765,b'\x07\x00\x00\x00\x00\x00\x00\x00',HOLD,2023.03,HOLD
2026-03-31T20:34:27.889770+00:00,X:ETHUSD,CHOP,0.715,b'\x07\x00\x00\x00\x00\x00\x00\x00',HOLD,2023.03,HOLD
2026-04-01T00:37:14.096938+00:00,X:ETHUSD,CHOP,0.864,b'\x06\x00\x00\x00\x00\x00\x00\x00',HOLD,2104.85,TRADE
2026-04-01T04:39:47.529471+00:00,X:ETHUSD,BULL,0.823,b'\x06\x00\x00\x00\x00\x00\x00\x00',BUY,2104.85,HOLD
2026-04-01T08:41:53.105835+00:00,X:ETHUSD,CHOP,0.849,b'\x06\x00\x00\x00\x00\x00\x00\x00',HOLD,2104.85,HOLD
2026-04-01T12:44:20.490619+00:00,X:ETHUSD,CHOP,0.863,b'\x06\x00\x00\x00\x00\x00\x00\x00',HOLD,2104.85,HOLD
2026-04-01T16:47:21.592181+00:00,X:ETHUSD,CHOP,0.935,b'\x06\x00\x00\x00\x00\x00\x00\x00',HOLD,2104.85,HOLD
2026-04-01T20:50:02.399526+00:00,X:ETHUSD,CHOP,0.902,b'\x06\x00\x00\x00\x00\x00\x00\x00',HOLD,2104.85,HOLD
2026-04-02T00:52:11.271008+00:00,X:ETHUSD,CHOP,0.98,b'\x06\x00\x00\x00\x00\x00\x00\x00',HOLD,2139.39,TRADE
2026-04-02T04:56:37.006353+00:00,X:ETHUSD,CHOP,0.951,b'\x06\x00\x00\x00\x00\x00\x00\x00',HOLD,2139.39,HOLD
2026-04-02T08:59:50.308678+00:00,X:ETHUSD,CHOP,0.963,b'\x06\x00\x00\x00\x00\x00\x00\x00',HOLD,2139.39,HOLD
2026-04-02T13:02:01.192289+00:00,X:ETHUSD,CHOP,0.966,b'\x06\x00\x00\x00\x00\x00\x00\x00',HOLD,2139.39,HOLD
2026-04-02T17:04:45.519961+00:00,X:ETHUSD,CHOP,0.983,b'\x06\x00\x00\x00\x00\x00\x00\x00',HOLD,2139.39,HOLD
2026-04-02T21:07:17.702849+00:00,X:ETHUSD,CHOP,0.914,b'\x06\x00\x00\x00\x00\x00\x00\x00',HOLD,2139.39,HOLD
2026-04-03T01:09:59.826034+00:00,X:ETHUSD,CHOP,0.755,b'\x04\x00\x00\x00\x00\x00\x00\x00',HOLD,2056.68,HOLD
2026-04-03T05:12:59.810796+00:00,X:ETHUSD,CHOP,0.877,b'\x04\x00\x00\x00\x00\x00\x00\x00',HOLD,2056.68,HOLD
2026-04-03T09:15:53.200033+00:00,X:ETHUSD,CHOP,0.833,b'\x04\x00\x00\x00\x00\x00\x00\x00',HOLD,2056.68,HOLD
2026-04-03T13:18:58.522936+00:00,X:ETHUSD,CHOP,0.865,b'\x04\x00\x00\x00\x00\x00\x00\x00',HOLD,2056.68,HOLD
2026-04-03T17:21:48.607251+00:00,X:ETHUSD,CHOP,0.847,b'\x04\x00\x00\x00\x00\x00\x00\x00',HOLD,2056.68,HOLD
2026-04-03T21:24:31.417665+00:00,X:ETHUSD,CHOP,0.729,b'\x04\x00\x00\x00\x00\x00\x00\x00',HOLD,2056.68,HOLD
2026-04-04T01:27:07.700550+00:00,X:ETHUSD,BULL,0.998,b'\x04\x00\x00\x00\x00\x00\x00\x00',HOLD,2053.47,HOLD
2026-04-04T05:29:14.852140+00:00,X:ETHUSD,BULL,0.998,b'\x04\x00\x00\x00\x00\x00\x00\x00',HOLD,2053.47,HOLD
2026-04-04T09:31:38.404392+00:00,X:ETHUSD,BULL,0.998,b'\x04\x00\x00\x00\x00\x00\x00\x00',HOLD,2053.47,HOLD
2026-04-04T13:33:55.701856+00:00,X:ETHUSD,BULL,0.998,b'\x04\x00\x00\x00\x00\x00\x00\x00',HOLD,2053.47,HOLD
2026-04-04T17:36:26.420889+00:00,X:ETHUSD,BULL,0.998,b'\x04\x00\x00\x00\x00\x00\x00\x00',HOLD,2053.47,HOLD
2026-04-04T21:38:46.923749+00:00,X:ETHUSD,BULL,0.998,b'\x04\x00\x00\x00\x00\x00\x00\x00',HOLD,2053.47,HOLD
2026-04-05T01:41:19.812979+00:00,X:ETHUSD,BULL,0.914,b'\x05\x00\x00\x00\x00\x00\x00\x00',BUY,2065.51,HOLD
2026-04-05T05:43:39.232575+00:00,X:ETHUSD,BULL,0.966,b'\x05\x00\x00\x00\x00\x00\x00\x00',BUY,2065.51,HOLD
2026-04-05T09:45:49.218083+00:00,X:ETHUSD,BULL,0.989,b'\x05\x00\x00\x00\x00\x00\x00\x00',BUY,2065.51,HOLD
2026-04-05T13:48:10.911101+00:00,X:ETHUSD,BULL,0.972,b'\x05\x00\x00\x00\x00\x00\x00\x00',BUY,2065.51,HOLD
2026-04-05T17:50:33.844543+00:00,X:ETHUSD,BULL,0.988,b'\x05\x00\x00\x00\x00\x00\x00\x00',BUY,2065.51,HOLD
2026-04-05T21:53:00.799938+00:00,X:ETHUSD,BULL,0.986,b'\x05\x00\x00\x00\x00\x00\x00\x00',BUY,2065.51,HOLD
2026-04-06T01:56:09.796764+00:00,X:ETHUSD,BEAR,0.92,b'\x06\x00\x00\x00\x00\x00\x00\x00',SELL,2108.99,HOLD
2026-04-06T05:58:31.608691+00:00,X:ETHUSD,BEAR,0.93,b'\x06\x00\x00\x00\x00\x00\x00\x00',SELL,2108.99,HOLD
2026-04-06T10:00:44.053546+00:00,X:ETHUSD,BEAR,0.908,b'\x06\x00\x00\x00\x00\x00\x00\x00',SELL,2108.99,HOLD
2026-04-06T14:03:58.413681+00:00,X:ETHUSD,BEAR,0.944,b'\x06\x00\x00\x00\x00\x00\x00\x00',SELL,2108.99,HOLD
2026-04-06T18:06:49.501767+00:00,X:ETHUSD,BEAR,0.917,b'\x06\x00\x00\x00\x00\x00\x00\x00',SELL,2108.99,HOLD
2026-04-06T22:09:27.214912+00:00,X:ETHUSD,BEAR,0.903,b'\x06\x00\x00\x00\x00\x00\x00\x00',SELL,2108.99,HOLD
2026-04-07T02:12:20.926466+00:00,X:ETHUSD,BEAR,0.902,b'\x08\x00\x00\x00\x00\x00\x00\x00',SELL,2107.23,TRADE
2026-04-07T06:14:27.502477+00:00,X:ETHUSD,CHOP,0.947,b'\x08\x00\x00\x00\x00\x00\x00\x00',HOLD,2107.23,HOLD
2026-04-07T10:16:13.467205+00:00,X:ETHUSD,BEAR,0.925,b'\x08\x00\x00\x00\x00\x00\x00\x00',SELL,2107.23,HOLD
2026-04-07T14:18:16.109735+00:00,X:ETHUSD,BEAR,0.956,b'\x08\x00\x00\x00\x00\x00\x00\x00',SELL,2107.23,HOLD
2026-04-07T18:21:00.513345+00:00,X:ETHUSD,CHOP,0.933,b'\x08\x00\x00\x00\x00\x00\x00\x00',HOLD,2107.23,HOLD
2026-04-07T22:23:42.500339+00:00,X:ETHUSD,BEAR,0.891,b'\x08\x00\x00\x00\x00\x00\x00\x00',SELL,2107.23,HOLD
2026-04-08T02:26:40.388528+00:00,X:ETHUSD,BULL,1.0,b'\x06\x00\x00\x00\x00\x00\x00\x00',BUY,2240.9,TRADE
2026-04-08T06:28:31.651032+00:00,X:ETHUSD,BULL,1.0,b'\x06\x00\x00\x00\x00\x00\x00\x00',BUY,2240.9,HOLD
2026-04-08T10:30:20.232026+00:00,X:ETHUSD,BULL,1.0,b'\x06\x00\x00\x00\x00\x00\x00\x00',BUY,2240.9,HOLD
2026-04-08T14:32:51.341193+00:00,X:ETHUSD,BULL,1.0,b'\x06\x00\x00\x00\x00\x00\x00\x00',BUY,2240.9,HOLD
2026-04-08T18:35:59.690427+00:00,X:ETHUSD,BULL,1.0,b'\x06\x00\x00\x00\x00\x00\x00\x00',BUY,2240.9,HOLD
2026-04-08T22:38:26.895816+00:00,X:ETHUSD,BULL,1.0,b'\x06\x00\x00\x00\x00\x00\x00\x00',BUY,2240.9,HOLD
2026-04-09T02:41:30.891241+00:00,X:ETHUSD,CHOP,0.909,b'\x07\x00\x00\x00\x00\x00\x00\x00',HOLD,2190.95,TRADE
2026-04-09T06:44:18.937960+00:00,X:ETHUSD,CHOP,0.964,b'\x07\x00\x00\x00\x00\x00\x00\x00',HOLD,2190.95,HOLD
2026-04-09T10:47:37.625083+00:00,X:ETHUSD,CHOP,0.917,b'\x07\x00\x00\x00\x00\x00\x00\x00',HOLD,2190.95,HOLD
2026-04-09T14:50:25.818925+00:00,X:ETHUSD,CHOP,0.784,b'\x07\x00\x00\x00\x00\x00\x00\x00',HOLD,2190.95,HOLD
2026-04-09T18:53:05.396477+00:00,X:ETHUSD,CHOP,0.792,b'\x07\x00\x00\x00\x00\x00\x00\x00',HOLD,2190.95,HOLD
2026-04-09T22:55:43.487818+00:00,X:ETHUSD,BULL,0.943,b'\x07\x00\x00\x00\x00\x00\x00\x00',BUY,2190.95,HOLD
2026-04-10T02:59:03.197600+00:00,X:ETHUSD,BEAR,0.979,b'\x05\x00\x00\x00\x00\x00\x00\x00',SELL,2189.34,TRADE
2026-04-10T07:01:34.486803+00:00,X:ETHUSD,BEAR,0.703,b'\x05\x00\x00\x00\x00\x00\x00\x00',SELL,2189.34,TRADE
2026-04-10T11:03:28.479341+00:00,X:ETHUSD,CHOP,0.688,b'\x05\x00\x00\x00\x00\x00\x00\x00',HOLD,2189.34,HOLD
2026-04-10T15:06:48.193129+00:00,X:ETHUSD,CHOP,0.76,b'\x05\x00\x00\x00\x00\x00\x00\x00',HOLD,2189.34,HOLD
2026-04-10T19:10:03.513578+00:00,X:ETHUSD,CHOP,0.662,b'\x05\x00\x00\x00\x00\x00\x00\x00',HOLD,2189.34,TRADE
2026-04-10T23:12:41.999344+00:00,X:ETHUSD,CHOP,0.803,b'\x05\x00\x00\x00\x00\x00\x00\x00',HOLD,2189.34,HOLD
2026-04-11T03:15:56.895311+00:00,X:ETHUSD,CHOP,0.942,b'\x07\x00\x00\x00\x00\x00\x00\x00',HOLD,2245.51,HOLD
2026-04-11T07:18:51.729126+00:00,X:ETHUSD,CHOP,0.943,b'\x07\x00\x00\x00\x00\x00\x00\x00',HOLD,2245.51,HOLD
2026-04-11T11:20:32.651398+00:00,X:ETHUSD,CHOP,0.94,b'\x07\x00\x00\x00\x00\x00\x00\x00',HOLD,2245.51,HOLD
2026-04-11T15:23:18.490705+00:00,X:ETHUSD,CHOP,0.909,b'\x07\x00\x00\x00\x00\x00\x00\x00',HOLD,2245.51,HOLD
2026-04-11T19:26:03.117011+00:00,X:ETHUSD,CHOP,0.901,b'\x07\x00\x00\x00\x00\x00\x00\x00',HOLD,2245.51,HOLD
2026-04-11T23:29:30.899572+00:00,X:ETHUSD,CHOP,0.89,b'\x07\x00\x00\x00\x00\x00\x00\x00',HOLD,2245.51,HOLD
2026-04-12T03:32:07.112523+00:00,X:ETHUSD,CHOP,0.837,b'\x07\x00\x00\x00\x00\x00\x00\x00',HOLD,2285.94,HOLD
2026-04-12T07:34:15.392227+00:00,X:ETHUSD,CHOP,0.637,b'\x07\x00\x00\x00\x00\x00\x00\x00',HOLD,2285.94,HOLD
2026-04-12T11:36:57.850996+00:00,X:ETHUSD,CHOP,0.8,b'\x07\x00\x00\x00\x00\x00\x00\x00',HOLD,2285.94,TRADE
2026-04-12T15:39:50.403354+00:00,X:ETHUSD,CHOP,0.969,b'\x07\x00\x00\x00\x00\x00\x00\x00',HOLD,2285.94,TRADE
2026-04-12T19:42:58.992997+00:00,X:ETHUSD,CHOP,0.799,b'\x07\x00\x00\x00\x00\x00\x00\x00',HOLD,2285.94,HOLD
2026-04-12T23:44:37.963144+00:00,X:ETHUSD,CHOP,0.794,b'\x07\x00\x00\x00\x00\x00\x00\x00',HOLD,2285.94,HOLD
2026-04-13T03:47:28.408027+00:00,X:ETHUSD,CHOP,0.754,b'\x05\x00\x00\x00\x00\x00\x00\x00',HOLD,2193.07,HOLD
2026-04-13T07:49:07.743231+00:00,X:ETHUSD,CHOP,0.665,b'\x05\x00\x00\x00\x00\x00\x00\x00',HOLD,2193.07,HOLD
2026-04-13T11:50:46.293991+00:00,X:ETHUSD,CHOP,0.719,b'\x05\x00\x00\x00\x00\x00\x00\x00',HOLD,2193.07,HOLD
2026-04-13T15:52:56.215459+00:00,X:ETHUSD,CHOP,0.733,b'\x05\x00\x00\x00\x00\x00\x00\x00',HOLD,2193.07,HOLD
2026-04-13T19:54:43.879140+00:00,X:ETHUSD,CHOP,0.671,b'\x05\x00\x00\x00\x00\x00\x00\x00',HOLD,2193.07,HOLD
2026-04-13T23:56:23.575576+00:00,X:ETHUSD,CHOP,0.711,b'\x05\x00\x00\x00\x00\x00\x00\x00',HOLD,2193.07,HOLD
2026-04-14T03:58:26.758061+00:00,X:ETHUSD,BULL,0.997,b'\x06\x00\x00\x00\x00\x00\x00\x00',BUY,2370.1,TRADE
2026-04-14T08:00:04.993269+00:00,X:ETHUSD,BULL,1.0,b'\x06\x00\x00\x00\x00\x00\x00\x00',BUY,2370.1,HOLD
2026-04-14T12:01:45.835997+00:00,X:ETHUSD,BULL,1.0,b'\x06\x00\x00\x00\x00\x00\x00\x00',BUY,2370.1,TRADE
2026-04-14T16:04:04.193082+00:00,X:ETHUSD,BULL,0.998,b'\x06\x00\x00\x00\x00\x00\x00\x00',BUY,2370.1,HOLD
2026-04-14T20:05:44.676031+00:00,X:ETHUSD,BULL,1.0,b'\x06\x00\x00\x00\x00\x00\x00\x00',BUY,2370.28,HOLD
2026-04-15T00:07:23.848309+00:00,X:ETHUSD,CHOP,0.983,b'\x07\x00\x00\x00\x00\x00\x00\x00',HOLD,2323.1,HOLD
2026-04-15T04:09:06.142691+00:00,X:ETHUSD,BULL,0.561,b'\x07\x00\x00\x00\x00\x00\x00\x00',HOLD,2323.1,HOLD
2026-04-15T08:10:51.796165+00:00,X:ETHUSD,CHOP,0.81,b'\x07\x00\x00\x00\x00\x00\x00\x00',HOLD,2323.1,HOLD
2026-04-15T12:12:31.705854+00:00,X:ETHUSD,CHOP,0.985,b'\x07\x00\x00\x00\x00\x00\x00\x00',HOLD,2323.1,HOLD
2026-04-15T16:14:26.162047+00:00,X:ETHUSD,BULL,0.953,b'\x07\x00\x00\x00\x00\x00\x00\x00',BUY,2323.1,HOLD
2026-04-15T20:16:10.204113+00:00,X:ETHUSD,CHOP,0.983,b'\x07\x00\x00\x00\x00\x00\x00\x00',HOLD,2323.1,HOLD
2026-04-16T00:17:51.231925+00:00,X:ETHUSD,CHOP,0.913,b'\x06\x00\x00\x00\x00\x00\x00\x00',HOLD,2359.59,HOLD
2026-04-16T04:19:40.401527+00:00,X:ETHUSD,CHOP,0.889,b'\x06\x00\x00\x00\x00\x00\x00\x00',HOLD,2359.59,HOLD
2026-04-16T08:21:23.037226+00:00,X:ETHUSD,CHOP,0.938,b'\x06\x00\x00\x00\x00\x00\x00\x00',HOLD,2359.59,HOLD
2026-04-16T12:23:11.809537+00:00,X:ETHUSD,CHOP,0.926,b'\x06\x00\x00\x00\x00\x00\x00\x00',HOLD,2359.59,HOLD
2026-04-16T16:25:15.008470+00:00,X:ETHUSD,CHOP,0.855,b'\x06\x00\x00\x00\x00\x00\x00\x00',HOLD,2359.59,HOLD
2026-04-16T20:27:02.109724+00:00,X:ETHUSD,CHOP,0.958,b'\x06\x00\x00\x00\x00\x00\x00\x00',HOLD,2359.59,HOLD
2026-04-17T00:28:41.152027+00:00,X:ETHUSD,CHOP,0.987,b'\x06\x00\x00\x00\x00\x00\x00\x00',HOLD,2349.06,HOLD
2026-04-17T04:30:42.031026+00:00,X:ETHUSD,CHOP,0.977,b'\x06\x00\x00\x00\x00\x00\x00\x00',HOLD,2349.06,HOLD
2026-04-17T08:32:20.506131+00:00,X:ETHUSD,BULL,0.958,b'\x06\x00\x00\x00\x00\x00\x00\x00',BUY,2349.06,HOLD
2026-04-17T12:34:02.743507+00:00,X:ETHUSD,CHOP,0.758,b'\x06\x00\x00\x00\x00\x00\x00\x00',HOLD,2349.06,HOLD
2026-04-17T16:36:07.622423+00:00,X:ETHUSD,CHOP,0.986,b'\x06\x00\x00\x00\x00\x00\x00\x00',HOLD,2349.06,HOLD
2026-04-17T20:37:46.712641+00:00,X:ETHUSD,CHOP,0.975,b'\x06\x00\x00\x00\x00\x00\x00\x00',HOLD,2349.06,HOLD
2026-04-18T00:40:20.430401+00:00,X:ETHUSD,CHOP,0.97,b'\x07\x00\x00\x00\x00\x00\x00\x00',HOLD,2421.07,HOLD
2026-04-18T04:41:59.834315+00:00,X:ETHUSD,CHOP,0.913,b'\x07\x00\x00\x00\x00\x00\x00\x00',HOLD,2421.07,HOLD
2026-04-18T08:43:54.342001+00:00,X:ETHUSD,CHOP,0.984,b'\x07\x00\x00\x00\x00\x00\x00\x00',HOLD,2421.07,HOLD
2026-04-18T12:45:36.243750+00:00,X:ETHUSD,BULL,0.968,b'\x07\x00\x00\x00\x00\x00\x00\x00',BUY,2421.07,HOLD
2026-04-18T16:47:19.213665+00:00,X:ETHUSD,CHOP,0.869,b'\x07\x00\x00\x00\x00\x00\x00\x00',HOLD,2421.07,HOLD
2026-04-18T20:49:01.333540+00:00,X:ETHUSD,CHOP,0.96,b'\x07\x00\x00\x00\x00\x00\x00\x00',HOLD,2421.07,HOLD
2026-04-19T00:51:50.696052+00:00,X:ETHUSD,CHOP,0.926,b'\x06\x00\x00\x00\x00\x00\x00\x00',HOLD,2351.3,HOLD
2026-04-19T04:53:31.650424+00:00,X:ETHUSD,CHOP,0.991,b'\x06\x00\x00\x00\x00\x00\x00\x00',HOLD,2351.3,HOLD
2026-04-19T08:55:22.312237+00:00,X:ETHUSD,CHOP,0.997,b'\x06\x00\x00\x00\x00\x00\x00\x00',HOLD,2351.3,HOLD
2026-04-19T12:57:01.927905+00:00,X:ETHUSD,BULL,0.935,b'\x06\x00\x00\x00\x00\x00\x00\x00',BUY,2351.3,HOLD
2026-04-19T16:58:38.955103+00:00,X:ETHUSD,CHOP,0.95,b'\x06\x00\x00\x00\x00\x00\x00\x00',HOLD,2351.3,HOLD
2026-04-19T21:00:20.835452+00:00,X:ETHUSD,CHOP,0.9,b'\x06\x00\x00\x00\x00\x00\x00\x00',HOLD,2351.3,HOLD
2026-04-20T01:02:07.766967+00:00,X:ETHUSD,BEAR,0.753,b'\x04\x00\x00\x00\x00\x00\x00\x00',SELL,2264.96,TRADE
2026-04-28T04:14:47.806440+00:00,X:ETHUSD,BULL,0.969,b'\x03\x00\x00\x00\x00\x00\x00\x00',HOLD,2303.09,SHADOW
2026-04-28T08:18:22.503509+00:00,X:ETHUSD,BULL,0.953,b'\x03\x00\x00\x00\x00\x00\x00\x00',HOLD,2303.09,SHADOW
2026-04-28T12:20:55.394337+00:00,X:ETHUSD,BULL,0.973,b'\x03\x00\x00\x00\x00\x00\x00\x00',HOLD,2303.09,SHADOW
2026-04-28T16:23:47.393241+00:00,X:ETHUSD,CHOP,0.703,b'\x03\x00\x00\x00\x00\x00\x00\x00',HOLD,2303.09,SHADOW
2026-04-28T20:26:51.646697+00:00,X:ETHUSD,BULL,0.923,b'\x03\x00\x00\x00\x00\x00\x00\x00',HOLD,2303.09,SHADOW
2026-04-29T00:29:24.393625+00:00,X:ETHUSD,BULL,0.9,b'\x03\x00\x00\x00\x00\x00\x00\x00',HOLD,2289.77,SHADOW
2026-04-29T04:32:03.041475+00:00,X:ETHUSD,BULL,0.986,b'\x03\x00\x00\x00\x00\x00\x00\x00',HOLD,2289.77,SHADOW
2026-04-29T08:34:11.916141+00:00,X:ETHUSD,BULL,0.953,b'\x03\x00\x00\x00\x00\x00\x00\x00',HOLD,2289.77,SHADOW
2026-04-29T12:36:43.094607+00:00,X:ETHUSD,CHOP,0.716,b'\x03\x00\x00\x00\x00\x00\x00\x00',HOLD,2289.77,SHADOW
2026-04-29T16:39:57.395777+00:00,X:ETHUSD,CHOP,0.889,b'\x03\x00\x00\x00\x00\x00\x00\x00',HOLD,2289.77,SHADOW
2026-04-29T20:43:36.993780+00:00,X:ETHUSD,CHOP,0.871,b'\x03\x00\x00\x00\x00\x00\x00\x00',HOLD,2289.77,SHADOW
2026-04-30T00:46:30.716420+00:00,X:ETHUSD,CHOP,0.959,b'\x03\x00\x00\x00\x00\x00\x00\x00',HOLD,2253.46,SHADOW
2026-04-30T04:49:22.193435+00:00,X:ETHUSD,CHOP,0.933,b'\x03\x00\x00\x00\x00\x00\x00\x00',HOLD,2253.46,SHADOW
2026-04-30T08:51:05.968751+00:00,X:ETHUSD,BULL,0.86,b'\x03\x00\x00\x00\x00\x00\x00\x00',HOLD,2253.46,SHADOW
2026-04-30T12:53:45.192524+00:00,X:ETHUSD,BULL,0.86,b'\x03\x00\x00\x00\x00\x00\x00\x00',HOLD,2253.46,SHADOW
2026-04-30T16:56:31.291903+00:00,X:ETHUSD,CHOP,0.955,b'\x03\x00\x00\x00\x00\x00\x00\x00',HOLD,2253.46,SHADOW
2026-04-30T20:59:14.216492+00:00,X:ETHUSD,BULL,0.597,b'\x03\x00\x00\x00\x00\x00\x00\x00',HOLD,2253.46,SHADOW
2026-05-01T01:02:06.394244+00:00,X:ETHUSD,CHOP,0.999,b'\x03\x00\x00\x00\x00\x00\x00\x00',HOLD,2256.15,SHADOW
2026-05-01T05:04:37.381685+00:00,X:ETHUSD,BULL,0.999,b'\x03\x00\x00\x00\x00\x00\x00\x00',HOLD,2256.15,SHADOW
2026-05-01T09:07:00.607511+00:00,X:ETHUSD,CHOP,0.995,b'\x03\x00\x00\x00\x00\x00\x00\x00',HOLD,2256.15,SHADOW
2026-05-01T13:09:35.093859+00:00,X:ETHUSD,CHOP,0.996,b'\x03\x00\x00\x00\x00\x00\x00\x00',HOLD,2256.15,SHADOW
2026-05-01T17:13:06.418100+00:00,X:ETHUSD,CHOP,0.996,b'\x03\x00\x00\x00\x00\x00\x00\x00',HOLD,2256.15,SHADOW
2026-05-01T21:16:31.801850+00:00,X:ETHUSD,CHOP,0.997,b'\x03\x00\x00\x00\x00\x00\x00\x00',HOLD,2256.15,SHADOW
2026-05-02T01:19:28.738005+00:00,X:ETHUSD,CHOP,0.702,b'\x05\x00\x00\x00\x00\x00\x00\x00',HOLD,2295.06,SHADOW
2026-05-02T05:23:02.812900+00:00,X:ETHUSD,CHOP,0.765,b'\x05\x00\x00\x00\x00\x00\x00\x00',HOLD,2295.06,SHADOW
2026-05-02T09:25:25.809335+00:00,X:ETHUSD,CHOP,0.915,b'\x05\x00\x00\x00\x00\x00\x00\x00',HOLD,2295.06,SHADOW
2026-05-02T13:27:52.711053+00:00,X:ETHUSD,CHOP,0.682,b'\x05\x00\x00\x00\x00\x00\x00\x00',HOLD,2295.06,SHADOW
2026-05-02T17:32:02.904961+00:00,X:ETHUSD,CHOP,0.766,b'\x05\x00\x00\x00\x00\x00\x00\x00',HOLD,2295.06,SHADOW
2026-05-02T21:34:39.806321+00:00,X:ETHUSD,CHOP,0.941,b'\x05\x00\x00\x00\x00\x00\x00\x00',HOLD,2295.06,SHADOW
2026-05-03T01:37:16.890211+00:00,X:ETHUSD,BEAR,0.981,b'\x06\x00\x00\x00\x00\x00\x00\x00',SELL,2316.89,SHADOW
2026-05-03T05:39:40.098041+00:00,X:ETHUSD,BEAR,0.961,b'\x06\x00\x00\x00\x00\x00\x00\x00',SELL,2316.89,SHADOW
2026-05-03T09:42:20.914524+00:00,X:ETHUSD,CHOP,0.968,b'\x06\x00\x00\x00\x00\x00\x00\x00',HOLD,2316.89,SHADOW
2026-05-03T13:44:53.318062+00:00,X:ETHUSD,BEAR,0.93,b'\x06\x00\x00\x00\x00\x00\x00\x00',SELL,2316.89,SHADOW
2026-05-03T17:47:38.790640+00:00,X:ETHUSD,BEAR,0.968,b'\x06\x00\x00\x00\x00\x00\x00\x00',SELL,2316.89,SHADOW
2026-05-03T21:50:15.197073+00:00,X:ETHUSD,CHOP,0.96,b'\x06\x00\x00\x00\x00\x00\x00\x00',HOLD,2316.89,SHADOW
2026-05-04T01:52:43.402141+00:00,X:ETHUSD,CHOP,0.76,b'\x07\x00\x00\x00\x00\x00\x00\x00',HOLD,2321.9,SHADOW
2026-05-04T05:55:21.612145+00:00,X:ETHUSD,BEAR,0.867,b'\x07\x00\x00\x00\x00\x00\x00\x00',SELL,2321.9,SHADOW
2026-05-04T09:57:59.011674+00:00,X:ETHUSD,CHOP,0.823,b'\x07\x00\x00\x00\x00\x00\x00\x00',HOLD,2321.9,SHADOW
2026-05-04T14:00:41.516549+00:00,X:ETHUSD,BEAR,0.989,b'\x07\x00\x00\x00\x00\x00\x00\x00',SELL,2321.9,SHADOW
2026-05-04T18:03:35.721158+00:00,X:ETHUSD,CHOP,0.875,b'\x07\x00\x00\x00\x00\x00\x00\x00',HOLD,2321.9,SHADOW
2026-05-04T22:06:07.390723+00:00,X:ETHUSD,CHOP,0.81,b'\x07\x00\x00\x00\x00\x00\x00\x00',HOLD,2321.9,SHADOW
2026-05-05T02:08:34.808118+00:00,X:ETHUSD,CHOP,0.795,b'\x07\x00\x00\x00\x00\x00\x00\x00',HOLD,2346.55,SHADOW
2026-05-05T06:11:02.216005+00:00,X:ETHUSD,CHOP,0.992,b'\x07\x00\x00\x00\x00\x00\x00\x00',HOLD,2346.55,SHADOW
2026-05-05T10:13:52.595235+00:00,X:ETHUSD,BULL,0.982,b'\x07\x00\x00\x00\x00\x00\x00\x00',BUY,2346.55,SHADOW
2026-05-05T14:17:28.602610+00:00,X:ETHUSD,CHOP,0.966,b'\x07\x00\x00\x00\x00\x00\x00\x00',HOLD,2346.55,SHADOW
2026-05-05T18:20:27.396728+00:00,X:ETHUSD,BULL,0.971,b'\x07\x00\x00\x00\x00\x00\x00\x00',BUY,2346.55,SHADOW
2026-05-05T22:23:12.216838+00:00,X:ETHUSD,CHOP,0.98,b'\x07\x00\x00\x00\x00\x00\x00\x00',HOLD,2346.55,SHADOW
2026-03-22T19:08:59.604044+00:00,X:HBARUSD,BULL,0.995,b'\x05\x00\x00\x00\x00\x00\x00\x00',HOLD,0.09,HOLD
2026-03-22T23:23:01.294224+00:00,X:HBARUSD,BEAR,0.88,b'\x05\x00\x00\x00\x00\x00\x00\x00',SELL,0.09,HOLD
2026-03-23T03:32:34.089162+00:00,X:HBARUSD,CHOP,0.989,b'\x04\x00\x00\x00\x00\x00\x00\x00',HOLD,0.09,HOLD
2026-03-23T07:40:19.589989+00:00,X:HBARUSD,BEAR,0.888,b'\x04\x00\x00\x00\x00\x00\x00\x00',SELL,0.09,HOLD
2026-03-23T11:45:44.432381+00:00,X:HBARUSD,CHOP,0.977,b'\x04\x00\x00\x00\x00\x00\x00\x00',HOLD,0.09,HOLD
2026-03-23T15:54:05.698438+00:00,X:HBARUSD,BEAR,0.906,b'\x04\x00\x00\x00\x00\x00\x00\x00',SELL,0.09,HOLD
2026-03-23T20:00:41.393205+00:00,X:HBARUSD,CHOP,0.873,b'\x04\x00\x00\x00\x00\x00\x00\x00',HOLD,0.09,HOLD
2026-03-23T20:42:54.390659+00:00,X:HBARUSD,CHOP,0.77,b'\x04\x00\x00\x00\x00\x00\x00\x00',HOLD,0.09,TRADE
2026-03-24T01:05:49.445738+00:00,X:HBARUSD,CHOP,0.909,b'\x06\x00\x00\x00\x00\x00\x00\x00',HOLD,0.09,HOLD
2026-03-24T05:21:55.289049+00:00,X:HBARUSD,CHOP,0.776,b'\x06\x00\x00\x00\x00\x00\x00\x00',HOLD,0.09,HOLD
2026-03-24T09:48:26.694793+00:00,X:HBARUSD,CHOP,0.939,b'\x06\x00\x00\x00\x00\x00\x00\x00',HOLD,0.09,HOLD
2026-03-24T14:10:30.687721+00:00,X:HBARUSD,BEAR,0.833,b'\x06\x00\x00\x00\x00\x00\x00\x00',SELL,0.09,HOLD
2026-03-24T18:28:16.691233+00:00,X:HBARUSD,BEAR,0.912,b'\x06\x00\x00\x00\x00\x00\x00\x00',SELL,0.09,HOLD
2026-03-24T23:07:10.996728+00:00,X:HBARUSD,CHOP,0.968,b'\x06\x00\x00\x00\x00\x00\x00\x00',HOLD,0.09,HOLD
2026-03-25T02:31:46.796395+00:00,X:HBARUSD,CHOP,0.731,b'\x05\x00\x00\x00\x00\x00\x00\x00',HOLD,0.09,TRADE
2026-03-25T06:48:17.989659+00:00,X:HBARUSD,CHOP,0.915,b'\x05\x00\x00\x00\x00\x00\x00\x00',HOLD,0.09,HOLD
2026-03-25T11:00:27.987652+00:00,X:HBARUSD,CHOP,0.863,b'\x05\x00\x00\x00\x00\x00\x00\x00',HOLD,0.09,HOLD
2026-03-25T15:19:17.696481+00:00,X:HBARUSD,CHOP,0.856,b'\x05\x00\x00\x00\x00\x00\x00\x00',HOLD,0.09,HOLD
2026-03-25T19:37:46.821160+00:00,X:HBARUSD,CHOP,0.939,b'\x05\x00\x00\x00\x00\x00\x00\x00',HOLD,0.09,HOLD
2026-03-25T23:51:10.032889+00:00,X:HBARUSD,CHOP,0.94,b'\x05\x00\x00\x00\x00\x00\x00\x00',HOLD,0.09,HOLD
2026-03-26T02:06:44.348082+00:00,X:HBARUSD,CHOP,0.995,b'\x06\x00\x00\x00\x00\x00\x00\x00',HOLD,0.09,TRADE
2026-03-26T02:54:03.794037+00:00,X:HBARUSD,CHOP,0.995,b'\x06\x00\x00\x00\x00\x00\x00\x00',HOLD,0.09,TRADE
2026-03-26T03:26:15.675446+00:00,X:HBARUSD,CHOP,0.995,b'\x06\x00\x00\x00\x00\x00\x00\x00',HOLD,0.09,TRADE
2026-03-26T03:59:57.189478+00:00,X:HBARUSD,CHOP,0.995,b'\x06\x00\x00\x00\x00\x00\x00\x00',HOLD,0.09,TRADE
2026-03-26T04:45:33.691483+00:00,X:HBARUSD,CHOP,0.987,b'\x06\x00\x00\x00\x00\x00\x00\x00',HOLD,0.09,TRADE
2026-03-26T05:26:36.660021+00:00,X:HBARUSD,CHOP,0.985,b'\x06\x00\x00\x00\x00\x00\x00\x00',HOLD,0.09,TRADE
2026-03-26T06:06:53.405813+00:00,X:HBARUSD,CHOP,0.985,b'\x06\x00\x00\x00\x00\x00\x00\x00',HOLD,0.09,TRADE
2026-03-26T07:02:51.889564+00:00,X:HBARUSD,CHOP,0.985,b'\x06\x00\x00\x00\x00\x00\x00\x00',HOLD,0.09,TRADE
2026-03-26T10:29:40.991142+00:00,X:HBARUSD,CHOP,0.996,b'\x06\x00\x00\x00\x00\x00\x00\x00',HOLD,0.09,TRADE
2026-03-26T12:08:48.625684+00:00,X:HBARUSD,CHOP,0.995,b'\x06\x00\x00\x00\x00\x00\x00\x00',HOLD,0.09,TRADE
2026-03-26T15:00:40.188575+00:00,X:HBARUSD,CHOP,0.998,b'\x06\x00\x00\x00\x00\x00\x00\x00',HOLD,0.09,TRADE
2026-03-26T16:19:20.737522+00:00,X:HBARUSD,CHOP,0.998,b'\x06\x00\x00\x00\x00\x00\x00\x00',HOLD,0.09,TRADE
2026-03-26T17:06:23.492450+00:00,X:HBARUSD,CHOP,0.998,b'\x06\x00\x00\x00\x00\x00\x00\x00',HOLD,0.09,TRADE
2026-03-26T18:10:09.595327+00:00,X:HBARUSD,CHOP,0.997,b'\x06\x00\x00\x00\x00\x00\x00\x00',HOLD,0.09,TRADE
2026-03-26T19:08:54.310425+00:00,X:HBARUSD,CHOP,0.997,b'\x06\x00\x00\x00\x00\x00\x00\x00',HOLD,0.09,TRADE
2026-03-26T19:53:53.201301+00:00,X:HBARUSD,CHOP,0.997,b'\x06\x00\x00\x00\x00\x00\x00\x00',HOLD,0.09,TRADE
2026-03-26T20:27:54.504168+00:00,X:HBARUSD,BEAR,0.996,b'\x06\x00\x00\x00\x00\x00\x00\x00',SELL,0.09,TRADE
2026-03-26T21:42:59.087779+00:00,X:HBARUSD,BEAR,0.996,b'\x06\x00\x00\x00\x00\x00\x00\x00',SELL,0.09,TRADE
2026-03-26T22:41:56.098996+00:00,X:HBARUSD,BULL,0.941,b'\x06\x00\x00\x00\x00\x00\x00\x00',HOLD,0.09,TRADE
2026-03-26T23:43:17.991949+00:00,X:HBARUSD,CHOP,0.999,b'\x06\x00\x00\x00\x00\x00\x00\x00',HOLD,0.09,TRADE
2026-03-27T00:28:52.389678+00:00,X:HBARUSD,BEAR,0.766,b'\x03\x00\x00\x00\x00\x00\x00\x00',SELL,0.09,TRADE
2026-03-27T01:14:07.194982+00:00,X:HBARUSD,BEAR,0.766,b'\x03\x00\x00\x00\x00\x00\x00\x00',SELL,0.09,TRADE
2026-03-27T01:46:16.594818+00:00,X:HBARUSD,BEAR,0.766,b'\x03\x00\x00\x00\x00\x00\x00\x00',SELL,0.09,TRADE
2026-03-27T02:15:20.398106+00:00,X:HBARUSD,BULL,0.975,b'\x03\x00\x00\x00\x00\x00\x00\x00',HOLD,0.09,HOLD
2026-03-27T02:45:09.617947+00:00,X:HBARUSD,BULL,0.975,b'\x03\x00\x00\x00\x00\x00\x00\x00',HOLD,0.09,HOLD
2026-03-27T03:17:51.396944+00:00,X:HBARUSD,CHOP,0.834,b'\x03\x00\x00\x00\x00\x00\x00\x00',HOLD,0.09,HOLD
2026-03-27T04:01:48.293949+00:00,X:HBARUSD,CHOP,0.834,b'\x03\x00\x00\x00\x00\x00\x00\x00',HOLD,0.09,HOLD
2026-03-27T04:55:17.062426+00:00,X:HBARUSD,CHOP,0.834,b'\x03\x00\x00\x00\x00\x00\x00\x00',HOLD,0.09,TRADE
2026-03-27T05:23:56.421835+00:00,X:HBARUSD,BEAR,0.76,b'\x03\x00\x00\x00\x00\x00\x00\x00',SELL,0.09,TRADE
2026-03-27T06:10:12.276656+00:00,X:HBARUSD,BEAR,0.76,b'\x03\x00\x00\x00\x00\x00\x00\x00',SELL,0.09,TRADE
2026-03-27T06:39:42.983427+00:00,X:HBARUSD,BEAR,0.76,b'\x03\x00\x00\x00\x00\x00\x00\x00',SELL,0.09,TRADE
2026-03-27T07:24:12.966560+00:00,X:HBARUSD,BEAR,0.76,b'\x03\x00\x00\x00\x00\x00\x00\x00',SELL,0.09,TRADE
2026-03-27T07:55:51.037597+00:00,X:HBARUSD,BEAR,0.76,b'\x03\x00\x00\x00\x00\x00\x00\x00',SELL,0.09,TRADE
2026-03-27T08:40:04.081793+00:00,X:HBARUSD,CHOP,0.985,b'\x03\x00\x00\x00\x00\x00\x00\x00',HOLD,0.09,TRADE
2026-03-27T09:11:36.799165+00:00,X:HBARUSD,CHOP,0.985,b'\x03\x00\x00\x00\x00\x00\x00\x00',HOLD,0.09,TRADE
2026-03-27T09:55:39.368042+00:00,X:HBARUSD,CHOP,0.985,b'\x03\x00\x00\x00\x00\x00\x00\x00',HOLD,0.09,TRADE
2026-03-27T10:26:53.083009+00:00,X:HBARUSD,CHOP,0.985,b'\x03\x00\x00\x00\x00\x00\x00\x00',HOLD,0.09,TRADE
2026-03-27T11:11:16.419162+00:00,X:HBARUSD,CHOP,0.695,b'\x03\x00\x00\x00\x00\x00\x00\x00',HOLD,0.09,TRADE
2026-03-27T11:43:49.060060+00:00,X:HBARUSD,CHOP,0.695,b'\x03\x00\x00\x00\x00\x00\x00\x00',HOLD,0.09,TRADE
2026-03-27T13:28:06.549991+00:00,X:HBARUSD,CHOP,0.695,b'\x03\x00\x00\x00\x00\x00\x00\x00',HOLD,0.09,TRADE
2026-03-27T14:31:22.941917+00:00,X:HBARUSD,CHOP,0.943,b'\x03\x00\x00\x00\x00\x00\x00\x00',HOLD,0.09,TRADE
2026-03-27T15:14:56.353147+00:00,X:HBARUSD,CHOP,0.943,b'\x03\x00\x00\x00\x00\x00\x00\x00',HOLD,0.09,TRADE
2026-03-27T16:00:52.100360+00:00,X:HBARUSD,CHOP,0.943,b'\x03\x00\x00\x00\x00\x00\x00\x00',HOLD,0.09,TRADE
2026-03-27T17:02:41.400520+00:00,X:HBARUSD,CHOP,0.999,b'\x03\x00\x00\x00\x00\x00\x00\x00',HOLD,0.09,TRADE
2026-03-27T17:46:23.401024+00:00,X:HBARUSD,CHOP,0.999,b'\x03\x00\x00\x00\x00\x00\x00\x00',HOLD,0.09,TRADE
2026-03-27T18:31:41.166780+00:00,X:HBARUSD,CHOP,0.999,b'\x03\x00\x00\x00\x00\x00\x00\x00',HOLD,0.09,TRADE
2026-03-27T19:47:46.788943+00:00,X:HBARUSD,CHOP,0.999,b'\x03\x00\x00\x00\x00\x00\x00\x00',HOLD,0.09,TRADE
2026-03-27T20:19:55.828833+00:00,X:HBARUSD,BEAR,0.987,b'\x03\x00\x00\x00\x00\x00\x00\x00',SELL,0.09,TRADE
2026-03-27T21:34:35.382860+00:00,X:HBARUSD,BEAR,0.987,b'\x03\x00\x00\x00\x00\x00\x00\x00',SELL,0.09,TRADE
2026-03-27T21:59:19.095227+00:00,X:HBARUSD,BEAR,0.987,b'\x03\x00\x00\x00\x00\x00\x00\x00',SELL,0.09,TRADE
2026-03-28T02:21:09.001567+00:00,X:HBARUSD,BEAR,0.929,b'\x04\x00\x00\x00\x00\x00\x00\x00',SELL,0.09,HOLD
2026-03-28T06:48:45.231188+00:00,X:HBARUSD,BEAR,0.998,b'\x04\x00\x00\x00\x00\x00\x00\x00',SELL,0.09,TRADE
2026-03-28T11:17:42.723522+00:00,X:HBARUSD,BEAR,0.999,b'\x04\x00\x00\x00\x00\x00\x00\x00',SELL,0.09,HOLD
2026-03-28T15:40:03.690204+00:00,X:HBARUSD,BEAR,0.999,b'\x04\x00\x00\x00\x00\x00\x00\x00',SELL,0.09,HOLD
2026-03-28T20:10:22.293675+00:00,X:HBARUSD,BEAR,0.999,b'\x04\x00\x00\x00\x00\x00\x00\x00',SELL,0.09,HOLD
2026-03-29T00:22:47.696154+00:00,X:HBARUSD,BEAR,0.977,b'\x06\x00\x00\x00\x00\x00\x00\x00',SELL,0.09,HOLD
2026-03-29T04:36:15.809391+00:00,X:HBARUSD,BEAR,0.964,b'\x06\x00\x00\x00\x00\x00\x00\x00',SELL,0.09,HOLD
2026-03-29T04:59:09.391254+00:00,X:HBARUSD,BEAR,0.964,b'\x06\x00\x00\x00\x00\x00\x00\x00',SELL,0.09,HOLD
2026-03-29T09:20:44.888822+00:00,X:HBARUSD,CHOP,0.944,b'\x06\x00\x00\x00\x00\x00\x00\x00',HOLD,0.09,TRADE
2026-03-29T13:47:12.295213+00:00,X:HBARUSD,BEAR,0.996,b'\x06\x00\x00\x00\x00\x00\x00\x00',SELL,0.09,HOLD
2026-03-29T17:54:25.503953+00:00,X:HBARUSD,BEAR,0.991,b'\x06\x00\x00\x00\x00\x00\x00\x00',SELL,0.09,HOLD
2026-03-29T22:06:46.200525+00:00,X:HBARUSD,CHOP,0.952,b'\x06\x00\x00\x00\x00\x00\x00\x00',HOLD,0.09,HOLD
2026-03-30T02:19:08.287730+00:00,X:HBARUSD,BULL,0.997,b'\x05\x00\x00\x00\x00\x00\x00\x00',BUY,0.09,TRADE
2026-03-30T03:54:06.216447+00:00,X:HBARUSD,BEAR,0.984,b'\x05\x00\x00\x00\x00\x00\x00\x00',SELL,0.09,HOLD
2026-03-30T04:07:33.396069+00:00,X:HBARUSD,CHOP,0.913,b'\x05\x00\x00\x00\x00\x00\x00\x00',HOLD,0.09,HOLD
2026-03-30T08:10:23.208160+00:00,X:HBARUSD,BEAR,0.997,b'\x05\x00\x00\x00\x00\x00\x00\x00',SELL,0.09,TRADE
2026-03-30T12:12:57.837074+00:00,X:HBARUSD,CHOP,0.998,b'\x05\x00\x00\x00\x00\x00\x00\x00',HOLD,0.09,TRADE
2026-03-30T16:15:22.088987+00:00,X:HBARUSD,CHOP,0.977,b'\x05\x00\x00\x00\x00\x00\x00\x00',HOLD,0.09,TRADE
2026-03-30T20:18:28.197398+00:00,X:HBARUSD,CHOP,0.979,b'\x05\x00\x00\x00\x00\x00\x00\x00',HOLD,0.09,HOLD
2026-03-31T00:21:18.107590+00:00,X:HBARUSD,CHOP,0.674,b'\x05\x00\x00\x00\x00\x00\x00\x00',HOLD,0.09,HOLD
2026-03-31T04:24:08.398730+00:00,X:HBARUSD,BULL,0.71,b'\x05\x00\x00\x00\x00\x00\x00\x00',BUY,0.09,HOLD
2026-03-31T08:26:44.230342+00:00,X:HBARUSD,BEAR,0.507,b'\x05\x00\x00\x00\x00\x00\x00\x00',SELL,0.09,HOLD
2026-03-31T12:29:20.918449+00:00,X:HBARUSD,CHOP,0.379,b'\x05\x00\x00\x00\x00\x00\x00\x00',HOLD,0.09,HOLD
2026-03-31T16:31:37.102352+00:00,X:HBARUSD,BULL,0.57,b'\x05\x00\x00\x00\x00\x00\x00\x00',HOLD,0.09,HOLD
2026-03-31T20:34:27.889770+00:00,X:HBARUSD,BULL,0.538,b'\x05\x00\x00\x00\x00\x00\x00\x00',HOLD,0.09,HOLD
2026-04-01T00:37:14.096938+00:00,X:HBARUSD,BULL,0.989,b'\x05\x00\x00\x00\x00\x00\x00\x00',BUY,0.09,TRADE
2026-04-01T04:39:47.529471+00:00,X:HBARUSD,BULL,0.99,b'\x05\x00\x00\x00\x00\x00\x00\x00',BUY,0.09,HOLD
2026-04-01T08:41:53.105835+00:00,X:HBARUSD,BULL,0.988,b'\x05\x00\x00\x00\x00\x00\x00\x00',BUY,0.09,HOLD
2026-04-01T12:44:20.490619+00:00,X:HBARUSD,BULL,0.99,b'\x05\x00\x00\x00\x00\x00\x00\x00',BUY,0.09,HOLD
2026-04-01T16:47:21.592181+00:00,X:HBARUSD,BULL,0.99,b'\x05\x00\x00\x00\x00\x00\x00\x00',BUY,0.09,HOLD
2026-04-01T20:50:02.399526+00:00,X:HBARUSD,BULL,0.99,b'\x05\x00\x00\x00\x00\x00\x00\x00',BUY,0.09,HOLD
2026-04-02T00:52:11.271008+00:00,X:HBARUSD,BEAR,0.717,b'\x06\x00\x00\x00\x00\x00\x00\x00',SELL,0.09,TRADE
2026-04-02T04:56:37.006353+00:00,X:HBARUSD,CHOP,0.98,b'\x06\x00\x00\x00\x00\x00\x00\x00',HOLD,0.09,HOLD
2026-04-02T08:59:50.308678+00:00,X:HBARUSD,BEAR,0.596,b'\x06\x00\x00\x00\x00\x00\x00\x00',SELL,0.09,HOLD
2026-04-02T13:02:01.192289+00:00,X:HBARUSD,CHOP,0.973,b'\x06\x00\x00\x00\x00\x00\x00\x00',HOLD,0.09,HOLD
2026-04-02T17:04:45.519961+00:00,X:HBARUSD,CHOP,0.822,b'\x06\x00\x00\x00\x00\x00\x00\x00',HOLD,0.09,HOLD
2026-04-02T21:07:17.702849+00:00,X:HBARUSD,CHOP,0.892,b'\x06\x00\x00\x00\x00\x00\x00\x00',HOLD,0.09,HOLD
2026-04-03T01:09:59.826034+00:00,X:HBARUSD,CHOP,0.956,b'\x05\x00\x00\x00\x00\x00\x00\x00',HOLD,0.09,HOLD
2026-04-03T05:12:59.810796+00:00,X:HBARUSD,CHOP,0.948,b'\x05\x00\x00\x00\x00\x00\x00\x00',HOLD,0.09,HOLD
2026-04-03T09:15:53.200033+00:00,X:HBARUSD,BEAR,0.963,b'\x05\x00\x00\x00\x00\x00\x00\x00',SELL,0.09,HOLD
2026-04-03T13:18:58.522936+00:00,X:HBARUSD,BULL,0.869,b'\x05\x00\x00\x00\x00\x00\x00\x00',BUY,0.09,HOLD
2026-04-03T17:21:48.607251+00:00,X:HBARUSD,CHOP,0.883,b'\x05\x00\x00\x00\x00\x00\x00\x00',HOLD,0.09,HOLD
2026-04-03T21:24:31.417665+00:00,X:HBARUSD,CHOP,0.965,b'\x05\x00\x00\x00\x00\x00\x00\x00',HOLD,0.09,HOLD
2026-04-04T01:27:07.700550+00:00,X:HBARUSD,CHOP,0.996,b'\x05\x00\x00\x00\x00\x00\x00\x00',HOLD,0.09,HOLD
2026-04-04T05:29:14.852140+00:00,X:HBARUSD,CHOP,0.996,b'\x05\x00\x00\x00\x00\x00\x00\x00',HOLD,0.09,HOLD
2026-04-04T09:31:38.404392+00:00,X:HBARUSD,CHOP,0.996,b'\x05\x00\x00\x00\x00\x00\x00\x00',HOLD,0.09,HOLD
2026-04-04T13:33:55.701856+00:00,X:HBARUSD,CHOP,0.996,b'\x05\x00\x00\x00\x00\x00\x00\x00',HOLD,0.09,HOLD
2026-04-04T17:36:26.420889+00:00,X:HBARUSD,CHOP,0.996,b'\x05\x00\x00\x00\x00\x00\x00\x00',HOLD,0.09,HOLD
2026-04-04T21:38:46.923749+00:00,X:HBARUSD,CHOP,0.996,b'\x05\x00\x00\x00\x00\x00\x00\x00',HOLD,0.09,HOLD
2026-04-05T01:41:19.812979+00:00,X:HBARUSD,CHOP,0.995,b'\x03\x00\x00\x00\x00\x00\x00\x00',HOLD,0.09,HOLD
2026-04-05T05:43:39.232575+00:00,X:HBARUSD,CHOP,0.995,b'\x03\x00\x00\x00\x00\x00\x00\x00',HOLD,0.09,HOLD
2026-04-05T09:45:49.218083+00:00,X:HBARUSD,CHOP,0.995,b'\x03\x00\x00\x00\x00\x00\x00\x00',HOLD,0.09,HOLD
2026-04-05T13:48:10.911101+00:00,X:HBARUSD,CHOP,0.995,b'\x03\x00\x00\x00\x00\x00\x00\x00',HOLD,0.09,HOLD
2026-04-05T17:50:33.844543+00:00,X:HBARUSD,CHOP,0.995,b'\x03\x00\x00\x00\x00\x00\x00\x00',HOLD,0.09,HOLD
2026-04-05T21:53:00.799938+00:00,X:HBARUSD,CHOP,0.995,b'\x03\x00\x00\x00\x00\x00\x00\x00',HOLD,0.09,HOLD
2026-04-06T01:56:09.796764+00:00,X:HBARUSD,BEAR,0.995,b'\x06\x00\x00\x00\x00\x00\x00\x00',SELL,0.09,HOLD
2026-04-06T05:58:31.608691+00:00,X:HBARUSD,CHOP,0.989,b'\x06\x00\x00\x00\x00\x00\x00\x00',HOLD,0.09,HOLD
2026-04-06T10:00:44.053546+00:00,X:HBARUSD,BEAR,0.996,b'\x06\x00\x00\x00\x00\x00\x00\x00',SELL,0.09,HOLD
2026-04-06T14:03:58.413681+00:00,X:HBARUSD,BEAR,0.999,b'\x06\x00\x00\x00\x00\x00\x00\x00',SELL,0.09,HOLD
2026-04-06T18:06:49.501767+00:00,X:HBARUSD,BEAR,0.947,b'\x06\x00\x00\x00\x00\x00\x00\x00',SELL,0.09,HOLD
2026-04-06T22:09:27.214912+00:00,X:HBARUSD,CHOP,0.951,b'\x06\x00\x00\x00\x00\x00\x00\x00',HOLD,0.09,HOLD
2026-04-07T02:12:20.926466+00:00,X:HBARUSD,CHOP,0.872,b'\x06\x00\x00\x00\x00\x00\x00\x00',HOLD,0.09,TRADE
2026-04-07T06:14:27.502477+00:00,X:HBARUSD,CHOP,0.86,b'\x06\x00\x00\x00\x00\x00\x00\x00',HOLD,0.09,HOLD
2026-04-07T10:16:13.467205+00:00,X:HBARUSD,CHOP,0.922,b'\x06\x00\x00\x00\x00\x00\x00\x00',HOLD,0.09,HOLD
2026-04-07T14:18:16.109735+00:00,X:HBARUSD,BEAR,0.748,b'\x06\x00\x00\x00\x00\x00\x00\x00',SELL,0.09,HOLD
2026-04-07T18:21:00.513345+00:00,X:HBARUSD,BEAR,0.843,b'\x06\x00\x00\x00\x00\x00\x00\x00',SELL,0.09,HOLD
2026-04-07T22:23:42.500339+00:00,X:HBARUSD,CHOP,0.776,b'\x06\x00\x00\x00\x00\x00\x00\x00',HOLD,0.09,HOLD
2026-04-08T02:26:40.388528+00:00,X:HBARUSD,BULL,1.0,b'\x06\x00\x00\x00\x00\x00\x00\x00',BUY,0.09,TRADE
2026-04-08T06:28:31.651032+00:00,X:HBARUSD,BULL,0.941,b'\x06\x00\x00\x00\x00\x00\x00\x00',BUY,0.09,HOLD
2026-04-08T10:30:20.232026+00:00,X:HBARUSD,BULL,1.0,b'\x06\x00\x00\x00\x00\x00\x00\x00',BUY,0.09,HOLD
2026-04-08T14:32:51.341193+00:00,X:HBARUSD,BULL,1.0,b'\x06\x00\x00\x00\x00\x00\x00\x00',BUY,0.09,HOLD
2026-04-08T18:35:59.690427+00:00,X:HBARUSD,BULL,1.0,b'\x06\x00\x00\x00\x00\x00\x00\x00',BUY,0.09,HOLD
2026-04-08T22:38:26.895816+00:00,X:HBARUSD,BULL,1.0,b'\x06\x00\x00\x00\x00\x00\x00\x00',BUY,0.09,HOLD
2026-04-09T02:41:30.891241+00:00,X:HBARUSD,BEAR,0.945,b'\x07\x00\x00\x00\x00\x00\x00\x00',SELL,0.09,TRADE
2026-04-09T06:44:18.937960+00:00,X:HBARUSD,CHOP,0.944,b'\x07\x00\x00\x00\x00\x00\x00\x00',HOLD,0.09,HOLD
2026-04-09T10:47:37.625083+00:00,X:HBARUSD,BEAR,0.946,b'\x07\x00\x00\x00\x00\x00\x00\x00',SELL,0.09,HOLD
2026-04-09T14:50:25.818925+00:00,X:HBARUSD,BEAR,0.938,b'\x07\x00\x00\x00\x00\x00\x00\x00',SELL,0.09,HOLD
2026-04-09T18:53:05.396477+00:00,X:HBARUSD,BEAR,0.922,b'\x07\x00\x00\x00\x00\x00\x00\x00',SELL,0.09,HOLD
2026-04-09T22:55:43.487818+00:00,X:HBARUSD,CHOP,0.764,b'\x07\x00\x00\x00\x00\x00\x00\x00',HOLD,0.09,HOLD
2026-04-10T02:59:03.197600+00:00,X:HBARUSD,CHOP,0.679,b'\x04\x00\x00\x00\x00\x00\x00\x00',HOLD,0.09,TRADE
2026-04-10T07:01:34.486803+00:00,X:HBARUSD,CHOP,0.67,b'\x04\x00\x00\x00\x00\x00\x00\x00',HOLD,0.09,TRADE
2026-04-10T11:03:28.479341+00:00,X:HBARUSD,BULL,0.624,b'\x04\x00\x00\x00\x00\x00\x00\x00',HOLD,0.09,HOLD
2026-04-10T15:06:48.193129+00:00,X:HBARUSD,CHOP,0.814,b'\x04\x00\x00\x00\x00\x00\x00\x00',HOLD,0.09,HOLD
2026-04-10T19:10:03.513578+00:00,X:HBARUSD,CHOP,0.76,b'\x04\x00\x00\x00\x00\x00\x00\x00',HOLD,0.09,TRADE
2026-04-10T23:12:41.999344+00:00,X:HBARUSD,CHOP,0.67,b'\x04\x00\x00\x00\x00\x00\x00\x00',HOLD,0.09,HOLD
2026-04-11T03:15:56.895311+00:00,X:HBARUSD,BEAR,0.766,b'\x05\x00\x00\x00\x00\x00\x00\x00',SELL,0.09,HOLD
2026-04-11T07:18:51.729126+00:00,X:HBARUSD,BEAR,0.765,b'\x05\x00\x00\x00\x00\x00\x00\x00',SELL,0.09,HOLD
2026-04-11T11:20:32.651398+00:00,X:HBARUSD,BEAR,0.828,b'\x05\x00\x00\x00\x00\x00\x00\x00',SELL,0.09,HOLD
2026-04-11T15:23:18.490705+00:00,X:HBARUSD,CHOP,0.722,b'\x05\x00\x00\x00\x00\x00\x00\x00',HOLD,0.09,HOLD
2026-04-11T19:26:03.117011+00:00,X:HBARUSD,CHOP,0.815,b'\x05\x00\x00\x00\x00\x00\x00\x00',HOLD,0.09,HOLD
2026-04-11T23:29:30.899572+00:00,X:HBARUSD,CHOP,0.872,b'\x05\x00\x00\x00\x00\x00\x00\x00',HOLD,0.09,HOLD
2026-04-12T03:32:07.112523+00:00,X:HBARUSD,CHOP,0.751,b'\x05\x00\x00\x00\x00\x00\x00\x00',HOLD,0.09,HOLD
2026-04-12T07:34:15.392227+00:00,X:HBARUSD,CHOP,0.623,b'\x05\x00\x00\x00\x00\x00\x00\x00',HOLD,0.09,HOLD
2026-04-12T11:36:57.850996+00:00,X:HBARUSD,CHOP,0.712,b'\x05\x00\x00\x00\x00\x00\x00\x00',HOLD,0.09,TRADE
2026-04-12T15:39:50.403354+00:00,X:HBARUSD,CHOP,0.78,b'\x05\x00\x00\x00\x00\x00\x00\x00',HOLD,0.09,TRADE
2026-04-12T19:42:58.992997+00:00,X:HBARUSD,CHOP,0.812,b'\x05\x00\x00\x00\x00\x00\x00\x00',HOLD,0.09,HOLD
2026-04-12T23:44:37.963144+00:00,X:HBARUSD,CHOP,0.808,b'\x05\x00\x00\x00\x00\x00\x00\x00',HOLD,0.09,HOLD
2026-04-13T03:47:28.408027+00:00,X:HBARUSD,CHOP,0.773,b'\x04\x00\x00\x00\x00\x00\x00\x00',HOLD,0.09,HOLD
2026-04-13T07:49:07.743231+00:00,X:HBARUSD,CHOP,0.763,b'\x04\x00\x00\x00\x00\x00\x00\x00',HOLD,0.09,HOLD
2026-04-13T11:50:46.293991+00:00,X:HBARUSD,CHOP,0.634,b'\x04\x00\x00\x00\x00\x00\x00\x00',HOLD,0.09,HOLD
2026-04-13T15:52:56.215459+00:00,X:HBARUSD,CHOP,0.8,b'\x04\x00\x00\x00\x00\x00\x00\x00',HOLD,0.09,HOLD
2026-04-13T19:54:43.879140+00:00,X:HBARUSD,CHOP,0.795,b'\x04\x00\x00\x00\x00\x00\x00\x00',HOLD,0.09,HOLD
2026-04-13T23:56:23.575576+00:00,X:HBARUSD,CHOP,0.788,b'\x04\x00\x00\x00\x00\x00\x00\x00',HOLD,0.09,HOLD
2026-04-14T03:58:26.758061+00:00,X:HBARUSD,BULL,0.787,b'\x06\x00\x00\x00\x00\x00\x00\x00',BUY,0.09,TRADE
2026-04-14T08:00:04.993269+00:00,X:HBARUSD,CHOP,0.854,b'\x06\x00\x00\x00\x00\x00\x00\x00',HOLD,0.09,HOLD
2026-04-14T12:01:45.835997+00:00,X:HBARUSD,BULL,0.715,b'\x06\x00\x00\x00\x00\x00\x00\x00',BUY,0.09,TRADE
2026-04-14T16:04:04.193082+00:00,X:HBARUSD,BULL,0.83,b'\x06\x00\x00\x00\x00\x00\x00\x00',BUY,0.09,HOLD
2026-04-14T20:05:44.676031+00:00,X:HBARUSD,BULL,0.704,b'\x06\x00\x00\x00\x00\x00\x00\x00',BUY,0.09,HOLD
2026-04-15T00:07:23.848309+00:00,X:HBARUSD,CHOP,0.962,b'\x05\x00\x00\x00\x00\x00\x00\x00',HOLD,0.09,HOLD
2026-04-15T04:09:06.142691+00:00,X:HBARUSD,BEAR,0.995,b'\x05\x00\x00\x00\x00\x00\x00\x00',SELL,0.09,HOLD
2026-04-15T08:10:51.796165+00:00,X:HBARUSD,CHOP,0.981,b'\x05\x00\x00\x00\x00\x00\x00\x00',HOLD,0.09,HOLD
2026-04-15T12:12:31.705854+00:00,X:HBARUSD,BEAR,0.988,b'\x05\x00\x00\x00\x00\x00\x00\x00',SELL,0.09,HOLD
2026-04-15T16:14:26.162047+00:00,X:HBARUSD,CHOP,0.968,b'\x05\x00\x00\x00\x00\x00\x00\x00',HOLD,0.09,HOLD
2026-04-15T20:16:10.204113+00:00,X:HBARUSD,CHOP,0.942,b'\x05\x00\x00\x00\x00\x00\x00\x00',HOLD,0.09,HOLD
2026-04-16T00:17:51.231925+00:00,X:HBARUSD,BEAR,0.767,b'\x06\x00\x00\x00\x00\x00\x00\x00',SELL,0.09,HOLD
2026-04-16T04:19:40.401527+00:00,X:HBARUSD,CHOP,0.885,b'\x06\x00\x00\x00\x00\x00\x00\x00',HOLD,0.09,HOLD
2026-04-16T08:21:23.037226+00:00,X:HBARUSD,CHOP,0.885,b'\x06\x00\x00\x00\x00\x00\x00\x00',HOLD,0.09,HOLD
2026-04-16T12:23:11.809537+00:00,X:HBARUSD,CHOP,0.885,b'\x06\x00\x00\x00\x00\x00\x00\x00',HOLD,0.09,HOLD
2026-04-16T16:25:15.008470+00:00,X:HBARUSD,CHOP,0.885,b'\x06\x00\x00\x00\x00\x00\x00\x00',HOLD,0.09,HOLD
2026-04-16T20:27:02.109724+00:00,X:HBARUSD,CHOP,0.885,b'\x06\x00\x00\x00\x00\x00\x00\x00',HOLD,0.09,HOLD
2026-04-17T00:28:41.152027+00:00,X:HBARUSD,BULL,0.783,b'\x08\x00\x00\x00\x00\x00\x00\x00',BUY,0.09,HOLD
2026-04-17T04:30:42.031026+00:00,X:HBARUSD,BULL,0.764,b'\x08\x00\x00\x00\x00\x00\x00\x00',BUY,0.09,HOLD
2026-04-17T08:32:20.506131+00:00,X:HBARUSD,BULL,0.777,b'\x08\x00\x00\x00\x00\x00\x00\x00',BUY,0.09,HOLD
2026-04-17T12:34:02.743507+00:00,X:HBARUSD,BULL,0.774,b'\x08\x00\x00\x00\x00\x00\x00\x00',BUY,0.09,HOLD
2026-04-17T16:36:07.622423+00:00,X:HBARUSD,BULL,0.975,b'\x08\x00\x00\x00\x00\x00\x00\x00',BUY,0.09,HOLD
2026-04-17T20:37:46.712641+00:00,X:HBARUSD,BULL,0.997,b'\x08\x00\x00\x00\x00\x00\x00\x00',BUY,0.09,HOLD
2026-04-18T00:40:20.430401+00:00,X:HBARUSD,BEAR,0.853,b'\x07\x00\x00\x00\x00\x00\x00\x00',SELL,0.09,HOLD
2026-04-18T04:41:59.834315+00:00,X:HBARUSD,BEAR,0.986,b'\x07\x00\x00\x00\x00\x00\x00\x00',SELL,0.09,HOLD
2026-04-18T08:43:54.342001+00:00,X:HBARUSD,BEAR,0.966,b'\x07\x00\x00\x00\x00\x00\x00\x00',SELL,0.09,HOLD
2026-04-18T12:45:36.243750+00:00,X:HBARUSD,BEAR,0.966,b'\x07\x00\x00\x00\x00\x00\x00\x00',SELL,0.09,HOLD
2026-04-18T16:47:19.213665+00:00,X:HBARUSD,BEAR,0.966,b'\x07\x00\x00\x00\x00\x00\x00\x00',SELL,0.09,HOLD
2026-04-18T20:49:01.333540+00:00,X:HBARUSD,BEAR,0.966,b'\x07\x00\x00\x00\x00\x00\x00\x00',SELL,0.09,HOLD
2026-04-19T00:51:50.696052+00:00,X:HBARUSD,BEAR,0.994,b'\x05\x00\x00\x00\x00\x00\x00\x00',SELL,0.09,HOLD
2026-04-19T04:53:31.650424+00:00,X:HBARUSD,BEAR,0.995,b'\x05\x00\x00\x00\x00\x00\x00\x00',SELL,0.09,HOLD
2026-04-19T08:55:22.312237+00:00,X:HBARUSD,BEAR,0.996,b'\x05\x00\x00\x00\x00\x00\x00\x00',SELL,0.09,HOLD
2026-04-19T12:57:01.927905+00:00,X:HBARUSD,BEAR,0.996,b'\x05\x00\x00\x00\x00\x00\x00\x00',SELL,0.09,HOLD
2026-04-19T16:58:38.955103+00:00,X:HBARUSD,BEAR,0.996,b'\x05\x00\x00\x00\x00\x00\x00\x00',SELL,0.09,HOLD
2026-04-19T21:00:20.835452+00:00,X:HBARUSD,BEAR,0.996,b'\x05\x00\x00\x00\x00\x00\x00\x00',SELL,0.09,HOLD
2026-04-20T01:02:07.766967+00:00,X:HBARUSD,CHOP,0.976,b'\x03\x00\x00\x00\x00\x00\x00\x00',HOLD,0.09,TRADE
2026-04-28T04:14:47.806440+00:00,X:HBARUSD,BEAR,0.993,b'\x05\x00\x00\x00\x00\x00\x00\x00',SELL,0.09,SHADOW
2026-04-28T08:18:22.503509+00:00,X:HBARUSD,CHOP,0.989,b'\x05\x00\x00\x00\x00\x00\x00\x00',HOLD,0.09,SHADOW
2026-04-28T12:20:55.394337+00:00,X:HBARUSD,CHOP,0.987,b'\x05\x00\x00\x00\x00\x00\x00\x00',HOLD,0.09,SHADOW
2026-04-28T16:23:47.393241+00:00,X:HBARUSD,CHOP,0.992,b'\x05\x00\x00\x00\x00\x00\x00\x00',HOLD,0.09,SHADOW
2026-04-28T20:26:51.646697+00:00,X:HBARUSD,CHOP,0.99,b'\x05\x00\x00\x00\x00\x00\x00\x00',HOLD,0.09,SHADOW
2026-04-29T00:29:24.393625+00:00,X:HBARUSD,CHOP,0.996,b'\x04\x00\x00\x00\x00\x00\x00\x00',HOLD,0.09,SHADOW
2026-04-29T04:32:03.041475+00:00,X:HBARUSD,CHOP,0.998,b'\x04\x00\x00\x00\x00\x00\x00\x00',HOLD,0.09,SHADOW
2026-04-29T08:34:11.916141+00:00,X:HBARUSD,BEAR,0.998,b'\x04\x00\x00\x00\x00\x00\x00\x00',SELL,0.09,SHADOW
2026-04-29T12:36:43.094607+00:00,X:HBARUSD,CHOP,0.998,b'\x04\x00\x00\x00\x00\x00\x00\x00',HOLD,0.09,SHADOW
2026-04-29T16:39:57.395777+00:00,X:HBARUSD,CHOP,0.998,b'\x04\x00\x00\x00\x00\x00\x00\x00',HOLD,0.09,SHADOW
2026-04-29T20:43:36.993780+00:00,X:HBARUSD,BEAR,0.998,b'\x04\x00\x00\x00\x00\x00\x00\x00',SELL,0.09,SHADOW
2026-04-30T00:46:30.716420+00:00,X:HBARUSD,BEAR,0.628,b'\x04\x00\x00\x00\x00\x00\x00\x00',SELL,0.09,SHADOW
2026-04-30T04:49:22.193435+00:00,X:HBARUSD,BEAR,0.716,b'\x04\x00\x00\x00\x00\x00\x00\x00',SELL,0.09,SHADOW
2026-04-30T08:51:05.968751+00:00,X:HBARUSD,CHOP,0.749,b'\x04\x00\x00\x00\x00\x00\x00\x00',HOLD,0.09,SHADOW
2026-04-30T12:53:45.192524+00:00,X:HBARUSD,CHOP,0.709,b'\x04\x00\x00\x00\x00\x00\x00\x00',HOLD,0.09,SHADOW
2026-04-30T16:56:31.291903+00:00,X:HBARUSD,CHOP,0.598,b'\x04\x00\x00\x00\x00\x00\x00\x00',HOLD,0.09,SHADOW
2026-04-30T20:59:14.216492+00:00,X:HBARUSD,CHOP,0.76,b'\x04\x00\x00\x00\x00\x00\x00\x00',HOLD,0.09,SHADOW
2026-05-01T01:02:06.394244+00:00,X:HBARUSD,CHOP,0.997,b'\x04\x00\x00\x00\x00\x00\x00\x00',HOLD,0.09,SHADOW
2026-05-01T05:04:37.381685+00:00,X:HBARUSD,CHOP,0.997,b'\x04\x00\x00\x00\x00\x00\x00\x00',HOLD,0.09,SHADOW
2026-05-01T09:07:00.607511+00:00,X:HBARUSD,CHOP,0.996,b'\x04\x00\x00\x00\x00\x00\x00\x00',HOLD,0.09,SHADOW
2026-05-01T13:09:35.093859+00:00,X:HBARUSD,CHOP,0.998,b'\x04\x00\x00\x00\x00\x00\x00\x00',HOLD,0.09,SHADOW
2026-05-01T17:13:06.418100+00:00,X:HBARUSD,CHOP,0.997,b'\x04\x00\x00\x00\x00\x00\x00\x00',HOLD,0.09,SHADOW
2026-05-01T21:16:31.801850+00:00,X:HBARUSD,CHOP,0.996,b'\x04\x00\x00\x00\x00\x00\x00\x00',HOLD,0.09,SHADOW
2026-05-02T01:19:28.738005+00:00,X:HBARUSD,CHOP,0.965,b'\x05\x00\x00\x00\x00\x00\x00\x00',HOLD,0.09,SHADOW
2026-05-02T05:23:02.812900+00:00,X:HBARUSD,CHOP,0.867,b'\x05\x00\x00\x00\x00\x00\x00\x00',HOLD,0.09,SHADOW
2026-05-02T09:25:25.809335+00:00,X:HBARUSD,BEAR,0.981,b'\x05\x00\x00\x00\x00\x00\x00\x00',SELL,0.09,SHADOW
2026-05-02T13:27:52.711053+00:00,X:HBARUSD,CHOP,0.878,b'\x05\x00\x00\x00\x00\x00\x00\x00',HOLD,0.09,SHADOW
2026-05-02T17:32:02.904961+00:00,X:HBARUSD,CHOP,0.982,b'\x05\x00\x00\x00\x00\x00\x00\x00',HOLD,0.09,SHADOW
2026-05-02T21:34:39.806321+00:00,X:HBARUSD,CHOP,0.966,b'\x05\x00\x00\x00\x00\x00\x00\x00',HOLD,0.09,SHADOW
2026-05-03T01:37:16.890211+00:00,X:HBARUSD,CHOP,0.986,b'\x05\x00\x00\x00\x00\x00\x00\x00',HOLD,0.09,SHADOW
2026-05-03T05:39:40.098041+00:00,X:HBARUSD,CHOP,0.986,b'\x05\x00\x00\x00\x00\x00\x00\x00',HOLD,0.09,SHADOW
2026-05-03T09:42:20.914524+00:00,X:HBARUSD,CHOP,0.978,b'\x05\x00\x00\x00\x00\x00\x00\x00',HOLD,0.09,SHADOW
2026-05-03T13:44:53.318062+00:00,X:HBARUSD,CHOP,0.985,b'\x05\x00\x00\x00\x00\x00\x00\x00',HOLD,0.09,SHADOW
2026-05-03T17:47:38.790640+00:00,X:HBARUSD,CHOP,0.984,b'\x05\x00\x00\x00\x00\x00\x00\x00',HOLD,0.09,SHADOW
2026-05-03T21:50:15.197073+00:00,X:HBARUSD,CHOP,0.987,b'\x05\x00\x00\x00\x00\x00\x00\x00',HOLD,0.09,SHADOW
2026-05-04T01:52:43.402141+00:00,X:HBARUSD,CHOP,0.979,b'\x04\x00\x00\x00\x00\x00\x00\x00',HOLD,0.09,SHADOW
2026-05-04T05:55:21.612145+00:00,X:HBARUSD,CHOP,0.91,b'\x04\x00\x00\x00\x00\x00\x00\x00',HOLD,0.09,SHADOW
2026-05-04T09:57:59.011674+00:00,X:HBARUSD,CHOP,0.983,b'\x04\x00\x00\x00\x00\x00\x00\x00',HOLD,0.09,SHADOW
2026-05-04T14:00:41.516549+00:00,X:HBARUSD,CHOP,0.986,b'\x04\x00\x00\x00\x00\x00\x00\x00',HOLD,0.09,SHADOW
2026-05-04T18:03:35.721158+00:00,X:HBARUSD,CHOP,0.97,b'\x04\x00\x00\x00\x00\x00\x00\x00',HOLD,0.09,SHADOW
2026-05-04T22:06:07.390723+00:00,X:HBARUSD,CHOP,0.873,b'\x04\x00\x00\x00\x00\x00\x00\x00',HOLD,0.09,SHADOW
2026-05-05T02:08:34.808118+00:00,X:HBARUSD,CHOP,0.945,b'\x05\x00\x00\x00\x00\x00\x00\x00',HOLD,0.09,SHADOW
2026-05-05T06:11:02.216005+00:00,X:HBARUSD,CHOP,0.885,b'\x05\x00\x00\x00\x00\x00\x00\x00',HOLD,0.09,SHADOW
2026-05-05T10:13:52.595235+00:00,X:HBARUSD,CHOP,0.958,b'\x05\x00\x00\x00\x00\x00\x00\x00',HOLD,0.09,SHADOW
2026-05-05T14:17:28.602610+00:00,X:HBARUSD,CHOP,0.865,b'\x05\x00\x00\x00\x00\x00\x00\x00',HOLD,0.09,SHADOW
2026-05-05T18:20:27.396728+00:00,X:HBARUSD,CHOP,0.953,b'\x05\x00\x00\x00\x00\x00\x00\x00',HOLD,0.09,SHADOW
2026-05-05T22:23:12.216838+00:00,X:HBARUSD,CHOP,0.82,b'\x05\x00\x00\x00\x00\x00\x00\x00',HOLD,0.09,SHADOW
2026-03-22T19:08:59.604044+00:00,X:LINKUSD,BEAR,0.999,b'\x04\x00\x00\x00\x00\x00\x00\x00',SELL,8.81,HOLD
2026-03-22T23:23:01.294224+00:00,X:LINKUSD,BEAR,0.994,b'\x04\x00\x00\x00\x00\x00\x00\x00',SELL,8.81,HOLD
2026-03-23T03:32:34.089162+00:00,X:LINKUSD,BEAR,0.991,b'\x04\x00\x00\x00\x00\x00\x00\x00',SELL,8.68,HOLD
2026-03-23T07:40:19.589989+00:00,X:LINKUSD,CHOP,0.942,b'\x04\x00\x00\x00\x00\x00\x00\x00',HOLD,8.68,HOLD
2026-03-23T11:45:44.432381+00:00,X:LINKUSD,BEAR,0.872,b'\x04\x00\x00\x00\x00\x00\x00\x00',SELL,8.68,HOLD
2026-03-23T15:54:05.698438+00:00,X:LINKUSD,CHOP,0.956,b'\x04\x00\x00\x00\x00\x00\x00\x00',HOLD,8.68,HOLD
2026-03-23T20:00:41.393205+00:00,X:LINKUSD,BEAR,0.874,b'\x04\x00\x00\x00\x00\x00\x00\x00',SELL,8.68,HOLD
2026-03-23T20:42:54.390659+00:00,X:LINKUSD,BEAR,0.961,b'\x04\x00\x00\x00\x00\x00\x00\x00',SELL,8.68,TRADE
2026-03-24T01:05:49.445738+00:00,X:LINKUSD,CHOP,0.964,b'\x06\x00\x00\x00\x00\x00\x00\x00',HOLD,9.11,HOLD
2026-03-24T05:21:55.289049+00:00,X:LINKUSD,CHOP,0.786,b'\x06\x00\x00\x00\x00\x00\x00\x00',HOLD,9.11,HOLD
2026-03-24T09:48:26.694793+00:00,X:LINKUSD,CHOP,0.93,b'\x06\x00\x00\x00\x00\x00\x00\x00',HOLD,9.11,HOLD
2026-03-24T14:10:30.687721+00:00,X:LINKUSD,CHOP,0.86,b'\x06\x00\x00\x00\x00\x00\x00\x00',HOLD,9.11,HOLD
2026-03-24T18:28:16.691233+00:00,X:LINKUSD,CHOP,0.889,b'\x06\x00\x00\x00\x00\x00\x00\x00',HOLD,9.11,HOLD
2026-03-24T23:07:10.996728+00:00,X:LINKUSD,CHOP,0.946,b'\x06\x00\x00\x00\x00\x00\x00\x00',HOLD,9.11,HOLD
2026-03-25T02:31:46.796395+00:00,X:LINKUSD,BEAR,0.911,b'\x06\x00\x00\x00\x00\x00\x00\x00',SELL,9.24,TRADE
2026-03-25T06:48:17.989659+00:00,X:LINKUSD,BEAR,0.849,b'\x06\x00\x00\x00\x00\x00\x00\x00',SELL,9.24,HOLD
2026-03-25T11:00:27.987652+00:00,X:LINKUSD,BEAR,0.94,b'\x06\x00\x00\x00\x00\x00\x00\x00',SELL,9.24,HOLD
2026-03-25T15:19:17.696481+00:00,X:LINKUSD,BEAR,0.662,b'\x06\x00\x00\x00\x00\x00\x00\x00',SELL,9.24,HOLD
2026-03-25T19:37:46.821160+00:00,X:LINKUSD,BEAR,0.875,b'\x06\x00\x00\x00\x00\x00\x00\x00',SELL,9.24,HOLD
2026-03-25T23:51:10.032889+00:00,X:LINKUSD,BEAR,0.931,b'\x06\x00\x00\x00\x00\x00\x00\x00',SELL,9.24,HOLD
2026-03-26T02:06:44.348082+00:00,X:LINKUSD,CHOP,0.881,b'\x06\x00\x00\x00\x00\x00\x00\x00',HOLD,9.37,TRADE
2026-03-26T02:54:03.794037+00:00,X:LINKUSD,CHOP,0.881,b'\x06\x00\x00\x00\x00\x00\x00\x00',HOLD,9.37,TRADE
2026-03-26T03:26:15.675446+00:00,X:LINKUSD,CHOP,0.938,b'\x06\x00\x00\x00\x00\x00\x00\x00',HOLD,9.37,TRADE
2026-03-26T03:59:57.189478+00:00,X:LINKUSD,CHOP,0.938,b'\x06\x00\x00\x00\x00\x00\x00\x00',HOLD,9.37,TRADE
2026-03-26T04:45:33.691483+00:00,X:LINKUSD,CHOP,0.921,b'\x06\x00\x00\x00\x00\x00\x00\x00',HOLD,9.37,TRADE
2026-03-26T05:26:36.660021+00:00,X:LINKUSD,CHOP,0.946,b'\x06\x00\x00\x00\x00\x00\x00\x00',HOLD,9.37,TRADE
2026-03-26T06:06:53.405813+00:00,X:LINKUSD,CHOP,0.955,b'\x06\x00\x00\x00\x00\x00\x00\x00',HOLD,9.37,TRADE
2026-03-26T07:02:51.889564+00:00,X:LINKUSD,CHOP,0.955,b'\x06\x00\x00\x00\x00\x00\x00\x00',HOLD,9.37,TRADE
2026-03-26T10:29:40.991142+00:00,X:LINKUSD,CHOP,0.888,b'\x06\x00\x00\x00\x00\x00\x00\x00',HOLD,9.37,TRADE
2026-03-26T12:08:48.625684+00:00,X:LINKUSD,CHOP,0.953,b'\x06\x00\x00\x00\x00\x00\x00\x00',HOLD,9.37,TRADE
2026-03-26T15:00:40.188575+00:00,X:LINKUSD,CHOP,0.959,b'\x06\x00\x00\x00\x00\x00\x00\x00',HOLD,9.37,TRADE
2026-03-26T16:19:20.737522+00:00,X:LINKUSD,CHOP,0.707,b'\x06\x00\x00\x00\x00\x00\x00\x00',HOLD,9.37,TRADE
2026-03-26T17:06:23.492450+00:00,X:LINKUSD,CHOP,0.707,b'\x06\x00\x00\x00\x00\x00\x00\x00',HOLD,9.37,TRADE
2026-03-26T18:10:09.595327+00:00,X:LINKUSD,BULL,0.967,b'\x06\x00\x00\x00\x00\x00\x00\x00',BUY,9.37,TRADE
2026-03-26T19:08:54.310425+00:00,X:LINKUSD,BULL,0.959,b'\x06\x00\x00\x00\x00\x00\x00\x00',BUY,9.37,TRADE
2026-03-26T19:53:53.201301+00:00,X:LINKUSD,BULL,0.959,b'\x06\x00\x00\x00\x00\x00\x00\x00',BUY,9.37,TRADE
2026-03-26T20:27:54.504168+00:00,X:LINKUSD,CHOP,0.855,b'\x06\x00\x00\x00\x00\x00\x00\x00',HOLD,9.37,TRADE
2026-03-26T21:42:59.087779+00:00,X:LINKUSD,CHOP,0.893,b'\x06\x00\x00\x00\x00\x00\x00\x00',HOLD,9.37,TRADE
2026-03-26T22:41:56.098996+00:00,X:LINKUSD,CHOP,0.808,b'\x06\x00\x00\x00\x00\x00\x00\x00',HOLD,9.37,TRADE
2026-03-26T23:43:17.991949+00:00,X:LINKUSD,BULL,0.959,b'\x06\x00\x00\x00\x00\x00\x00\x00',BUY,9.37,TRADE
2026-03-27T00:28:52.389678+00:00,X:LINKUSD,CHOP,0.792,b'\x03\x00\x00\x00\x00\x00\x00\x00',HOLD,8.91,TRADE
2026-03-27T01:14:07.194982+00:00,X:LINKUSD,CHOP,0.82,b'\x03\x00\x00\x00\x00\x00\x00\x00',HOLD,8.91,TRADE
2026-03-27T01:46:16.594818+00:00,X:LINKUSD,CHOP,0.82,b'\x03\x00\x00\x00\x00\x00\x00\x00',HOLD,8.91,TRADE
2026-03-27T02:15:20.398106+00:00,X:LINKUSD,CHOP,0.859,b'\x03\x00\x00\x00\x00\x00\x00\x00',HOLD,8.91,HOLD
2026-03-27T02:45:09.617947+00:00,X:LINKUSD,CHOP,0.859,b'\x03\x00\x00\x00\x00\x00\x00\x00',HOLD,8.91,HOLD
2026-03-27T03:17:51.396944+00:00,X:LINKUSD,CHOP,0.743,b'\x03\x00\x00\x00\x00\x00\x00\x00',HOLD,8.91,HOLD
2026-03-27T04:01:48.293949+00:00,X:LINKUSD,CHOP,0.743,b'\x03\x00\x00\x00\x00\x00\x00\x00',HOLD,8.91,HOLD
2026-03-27T04:55:17.062426+00:00,X:LINKUSD,CHOP,0.733,b'\x03\x00\x00\x00\x00\x00\x00\x00',HOLD,8.91,TRADE
2026-03-27T05:23:56.421835+00:00,X:LINKUSD,CHOP,0.764,b'\x03\x00\x00\x00\x00\x00\x00\x00',HOLD,8.91,TRADE
2026-03-27T06:10:12.276656+00:00,X:LINKUSD,BULL,0.888,b'\x03\x00\x00\x00\x00\x00\x00\x00',HOLD,8.91,TRADE
2026-03-27T06:39:42.983427+00:00,X:LINKUSD,BULL,0.888,b'\x03\x00\x00\x00\x00\x00\x00\x00',HOLD,8.91,TRADE
2026-03-27T07:24:12.966560+00:00,X:LINKUSD,CHOP,0.697,b'\x03\x00\x00\x00\x00\x00\x00\x00',HOLD,8.91,TRADE
2026-03-27T07:55:51.037597+00:00,X:LINKUSD,CHOP,0.697,b'\x03\x00\x00\x00\x00\x00\x00\x00',HOLD,8.91,TRADE
2026-03-27T08:40:04.081793+00:00,X:LINKUSD,CHOP,0.792,b'\x03\x00\x00\x00\x00\x00\x00\x00',HOLD,8.91,TRADE
2026-03-27T09:11:36.799165+00:00,X:LINKUSD,BULL,0.836,b'\x03\x00\x00\x00\x00\x00\x00\x00',HOLD,8.91,TRADE
2026-03-27T09:55:39.368042+00:00,X:LINKUSD,BULL,0.836,b'\x03\x00\x00\x00\x00\x00\x00\x00',HOLD,8.91,TRADE
2026-03-27T10:26:53.083009+00:00,X:LINKUSD,BULL,0.836,b'\x03\x00\x00\x00\x00\x00\x00\x00',HOLD,8.91,TRADE
2026-03-27T11:11:16.419162+00:00,X:LINKUSD,CHOP,0.734,b'\x03\x00\x00\x00\x00\x00\x00\x00',HOLD,8.91,TRADE
2026-03-27T11:43:49.060060+00:00,X:LINKUSD,CHOP,0.734,b'\x03\x00\x00\x00\x00\x00\x00\x00',HOLD,8.91,TRADE
2026-03-27T13:28:06.549991+00:00,X:LINKUSD,BULL,0.887,b'\x03\x00\x00\x00\x00\x00\x00\x00',HOLD,8.91,TRADE
2026-03-27T14:31:22.941917+00:00,X:LINKUSD,CHOP,0.604,b'\x03\x00\x00\x00\x00\x00\x00\x00',HOLD,8.91,TRADE
2026-03-27T15:14:56.353147+00:00,X:LINKUSD,CHOP,0.725,b'\x03\x00\x00\x00\x00\x00\x00\x00',HOLD,8.91,TRADE
2026-03-27T16:00:52.100360+00:00,X:LINKUSD,CHOP,0.725,b'\x03\x00\x00\x00\x00\x00\x00\x00',HOLD,8.91,TRADE
2026-03-27T17:02:41.400520+00:00,X:LINKUSD,BULL,0.882,b'\x03\x00\x00\x00\x00\x00\x00\x00',HOLD,8.91,TRADE
2026-03-27T17:46:23.401024+00:00,X:LINKUSD,CHOP,0.81,b'\x03\x00\x00\x00\x00\x00\x00\x00',HOLD,8.91,TRADE
2026-03-27T18:31:41.166780+00:00,X:LINKUSD,CHOP,0.785,b'\x03\x00\x00\x00\x00\x00\x00\x00',HOLD,8.91,TRADE
2026-03-27T19:47:46.788943+00:00,X:LINKUSD,CHOP,0.849,b'\x03\x00\x00\x00\x00\x00\x00\x00',HOLD,8.91,TRADE
2026-03-27T20:19:55.828833+00:00,X:LINKUSD,CHOP,0.771,b'\x03\x00\x00\x00\x00\x00\x00\x00',HOLD,8.91,TRADE
2026-03-27T21:34:35.382860+00:00,X:LINKUSD,BULL,0.886,b'\x03\x00\x00\x00\x00\x00\x00\x00',HOLD,8.91,TRADE
2026-03-27T21:59:19.095227+00:00,X:LINKUSD,BULL,0.886,b'\x03\x00\x00\x00\x00\x00\x00\x00',HOLD,8.91,TRADE
2026-03-28T02:21:09.001567+00:00,X:LINKUSD,BULL,0.84,b'\x04\x00\x00\x00\x00\x00\x00\x00',HOLD,8.56,HOLD
2026-03-28T06:48:45.231188+00:00,X:LINKUSD,CHOP,0.816,b'\x04\x00\x00\x00\x00\x00\x00\x00',HOLD,8.56,TRADE
2026-03-28T11:17:42.723522+00:00,X:LINKUSD,CHOP,0.817,b'\x04\x00\x00\x00\x00\x00\x00\x00',HOLD,8.56,HOLD
2026-03-28T15:40:03.690204+00:00,X:LINKUSD,CHOP,0.883,b'\x04\x00\x00\x00\x00\x00\x00\x00',HOLD,8.56,HOLD
2026-03-28T20:10:22.293675+00:00,X:LINKUSD,BULL,0.858,b'\x04\x00\x00\x00\x00\x00\x00\x00',HOLD,8.56,HOLD
2026-03-29T00:22:47.696154+00:00,X:LINKUSD,CHOP,0.975,b'\x04\x00\x00\x00\x00\x00\x00\x00',HOLD,8.43,HOLD
2026-03-29T04:36:15.809391+00:00,X:LINKUSD,BEAR,0.995,b'\x04\x00\x00\x00\x00\x00\x00\x00',SELL,8.43,HOLD
2026-03-29T04:59:09.391254+00:00,X:LINKUSD,BEAR,0.995,b'\x04\x00\x00\x00\x00\x00\x00\x00',SELL,8.43,HOLD
2026-03-29T09:20:44.888822+00:00,X:LINKUSD,BEAR,0.994,b'\x04\x00\x00\x00\x00\x00\x00\x00',SELL,8.43,TRADE
2026-03-29T13:47:12.295213+00:00,X:LINKUSD,BEAR,0.993,b'\x04\x00\x00\x00\x00\x00\x00\x00',SELL,8.43,HOLD
2026-03-29T17:54:25.503953+00:00,X:LINKUSD,BEAR,0.99,b'\x04\x00\x00\x00\x00\x00\x00\x00',SELL,8.43,HOLD
2026-03-29T22:06:46.200525+00:00,X:LINKUSD,BEAR,0.991,b'\x04\x00\x00\x00\x00\x00\x00\x00',SELL,8.43,HOLD
2026-03-30T02:19:08.287730+00:00,X:LINKUSD,CHOP,0.998,b'\x05\x00\x00\x00\x00\x00\x00\x00',HOLD,8.41,TRADE
2026-03-30T03:54:06.216447+00:00,X:LINKUSD,BEAR,0.989,b'\x05\x00\x00\x00\x00\x00\x00\x00',SELL,8.41,HOLD
2026-03-30T04:07:33.396069+00:00,X:LINKUSD,BEAR,0.995,b'\x05\x00\x00\x00\x00\x00\x00\x00',SELL,8.41,HOLD
2026-03-30T08:10:23.208160+00:00,X:LINKUSD,BEAR,0.986,b'\x05\x00\x00\x00\x00\x00\x00\x00',SELL,8.41,TRADE
2026-03-30T12:12:57.837074+00:00,X:LINKUSD,BEAR,0.994,b'\x05\x00\x00\x00\x00\x00\x00\x00',SELL,8.41,TRADE
2026-03-30T16:15:22.088987+00:00,X:LINKUSD,BEAR,0.99,b'\x05\x00\x00\x00\x00\x00\x00\x00',SELL,8.41,TRADE
2026-03-30T20:18:28.197398+00:00,X:LINKUSD,BEAR,0.978,b'\x05\x00\x00\x00\x00\x00\x00\x00',SELL,8.41,HOLD
2026-03-31T00:21:18.107590+00:00,X:LINKUSD,BULL,0.929,b'\x06\x00\x00\x00\x00\x00\x00\x00',BUY,8.61,HOLD
2026-03-31T04:24:08.398730+00:00,X:LINKUSD,BULL,0.964,b'\x06\x00\x00\x00\x00\x00\x00\x00',BUY,8.61,HOLD
2026-03-31T08:26:44.230342+00:00,X:LINKUSD,BULL,0.954,b'\x06\x00\x00\x00\x00\x00\x00\x00',BUY,8.61,HOLD
2026-03-31T12:29:20.918449+00:00,X:LINKUSD,BULL,0.967,b'\x06\x00\x00\x00\x00\x00\x00\x00',BUY,8.61,HOLD
2026-03-31T16:31:37.102352+00:00,X:LINKUSD,BULL,0.966,b'\x06\x00\x00\x00\x00\x00\x00\x00',BUY,8.61,HOLD
2026-03-31T20:34:27.889770+00:00,X:LINKUSD,CHOP,0.97,b'\x06\x00\x00\x00\x00\x00\x00\x00',HOLD,8.61,HOLD
2026-04-01T00:37:14.096938+00:00,X:LINKUSD,BULL,0.997,b'\x05\x00\x00\x00\x00\x00\x00\x00',BUY,8.78,TRADE
2026-04-01T04:39:47.529471+00:00,X:LINKUSD,CHOP,0.996,b'\x05\x00\x00\x00\x00\x00\x00\x00',HOLD,8.78,HOLD
2026-04-01T08:41:53.105835+00:00,X:LINKUSD,BULL,0.994,b'\x05\x00\x00\x00\x00\x00\x00\x00',BUY,8.78,HOLD
2026-04-01T12:44:20.490619+00:00,X:LINKUSD,CHOP,0.9,b'\x05\x00\x00\x00\x00\x00\x00\x00',HOLD,8.78,HOLD
2026-04-01T16:47:21.592181+00:00,X:LINKUSD,CHOP,0.942,b'\x05\x00\x00\x00\x00\x00\x00\x00',HOLD,8.78,HOLD
2026-04-01T20:50:02.399526+00:00,X:LINKUSD,BULL,0.991,b'\x05\x00\x00\x00\x00\x00\x00\x00',BUY,8.78,HOLD
2026-04-02T00:52:11.271008+00:00,X:LINKUSD,CHOP,0.947,b'\x07\x00\x00\x00\x00\x00\x00\x00',HOLD,8.94,TRADE
2026-04-02T04:56:37.006353+00:00,X:LINKUSD,CHOP,0.835,b'\x07\x00\x00\x00\x00\x00\x00\x00',HOLD,8.94,HOLD
2026-04-02T08:59:50.308678+00:00,X:LINKUSD,CHOP,0.986,b'\x07\x00\x00\x00\x00\x00\x00\x00',HOLD,8.94,HOLD
2026-04-02T13:02:01.192289+00:00,X:LINKUSD,CHOP,0.89,b'\x07\x00\x00\x00\x00\x00\x00\x00',HOLD,8.94,HOLD
2026-04-02T17:04:45.519961+00:00,X:LINKUSD,BULL,0.927,b'\x07\x00\x00\x00\x00\x00\x00\x00',BUY,8.94,HOLD
2026-04-02T21:07:17.702849+00:00,X:LINKUSD,CHOP,0.912,b'\x07\x00\x00\x00\x00\x00\x00\x00',HOLD,8.94,HOLD
2026-04-03T01:09:59.826034+00:00,X:LINKUSD,CHOP,0.86,b'\x03\x00\x00\x00\x00\x00\x00\x00',HOLD,8.63,HOLD
2026-04-03T05:12:59.810796+00:00,X:LINKUSD,CHOP,0.884,b'\x03\x00\x00\x00\x00\x00\x00\x00',HOLD,8.63,HOLD
2026-04-03T09:15:53.200033+00:00,X:LINKUSD,CHOP,0.916,b'\x03\x00\x00\x00\x00\x00\x00\x00',HOLD,8.63,HOLD
2026-04-03T13:18:58.522936+00:00,X:LINKUSD,CHOP,0.955,b'\x03\x00\x00\x00\x00\x00\x00\x00',HOLD,8.63,HOLD
2026-04-03T17:21:48.607251+00:00,X:LINKUSD,CHOP,0.935,b'\x03\x00\x00\x00\x00\x00\x00\x00',HOLD,8.63,HOLD
2026-04-03T21:24:31.417665+00:00,X:LINKUSD,CHOP,0.929,b'\x03\x00\x00\x00\x00\x00\x00\x00',HOLD,8.63,HOLD
2026-04-04T01:27:07.700550+00:00,X:LINKUSD,BULL,0.982,b'\x04\x00\x00\x00\x00\x00\x00\x00',HOLD,8.66,HOLD
2026-04-04T05:29:14.852140+00:00,X:LINKUSD,CHOP,0.999,b'\x04\x00\x00\x00\x00\x00\x00\x00',HOLD,8.66,HOLD
2026-04-04T09:31:38.404392+00:00,X:LINKUSD,CHOP,0.998,b'\x04\x00\x00\x00\x00\x00\x00\x00',HOLD,8.66,HOLD
2026-04-04T13:33:55.701856+00:00,X:LINKUSD,CHOP,0.991,b'\x04\x00\x00\x00\x00\x00\x00\x00',HOLD,8.66,HOLD
2026-04-04T17:36:26.420889+00:00,X:LINKUSD,CHOP,0.996,b'\x04\x00\x00\x00\x00\x00\x00\x00',HOLD,8.66,HOLD
2026-04-04T21:38:46.923749+00:00,X:LINKUSD,BULL,0.993,b'\x04\x00\x00\x00\x00\x00\x00\x00',HOLD,8.66,HOLD
2026-04-05T01:41:19.812979+00:00,X:LINKUSD,CHOP,0.983,b'\x05\x00\x00\x00\x00\x00\x00\x00',HOLD,8.69,HOLD
2026-04-05T05:43:39.232575+00:00,X:LINKUSD,CHOP,0.974,b'\x05\x00\x00\x00\x00\x00\x00\x00',HOLD,8.69,HOLD
2026-04-05T09:45:49.218083+00:00,X:LINKUSD,CHOP,0.99,b'\x05\x00\x00\x00\x00\x00\x00\x00',HOLD,8.69,HOLD
2026-04-05T13:48:10.911101+00:00,X:LINKUSD,CHOP,0.986,b'\x05\x00\x00\x00\x00\x00\x00\x00',HOLD,8.69,HOLD
2026-04-05T17:50:33.844543+00:00,X:LINKUSD,CHOP,0.988,b'\x05\x00\x00\x00\x00\x00\x00\x00',HOLD,8.69,HOLD
2026-04-05T21:53:00.799938+00:00,X:LINKUSD,CHOP,0.981,b'\x05\x00\x00\x00\x00\x00\x00\x00',HOLD,8.69,HOLD
2026-04-06T01:56:09.796764+00:00,X:LINKUSD,BEAR,0.865,b'\x06\x00\x00\x00\x00\x00\x00\x00',SELL,8.82,HOLD
2026-04-06T05:58:31.608691+00:00,X:LINKUSD,BEAR,0.792,b'\x06\x00\x00\x00\x00\x00\x00\x00',SELL,8.82,HOLD
2026-04-06T10:00:44.053546+00:00,X:LINKUSD,BEAR,0.813,b'\x06\x00\x00\x00\x00\x00\x00\x00',SELL,8.82,HOLD
2026-04-06T14:03:58.413681+00:00,X:LINKUSD,BEAR,0.854,b'\x06\x00\x00\x00\x00\x00\x00\x00',SELL,8.82,HOLD
2026-04-06T18:06:49.501767+00:00,X:LINKUSD,BEAR,0.824,b'\x06\x00\x00\x00\x00\x00\x00\x00',SELL,8.82,HOLD
2026-04-06T22:09:27.214912+00:00,X:LINKUSD,BEAR,0.802,b'\x06\x00\x00\x00\x00\x00\x00\x00',SELL,8.82,HOLD
2026-04-07T02:12:20.926466+00:00,X:LINKUSD,BEAR,0.931,b'\x08\x00\x00\x00\x00\x00\x00\x00',SELL,8.8,TRADE
2026-04-07T06:14:27.502477+00:00,X:LINKUSD,BEAR,0.872,b'\x08\x00\x00\x00\x00\x00\x00\x00',SELL,8.8,HOLD
2026-04-07T10:16:13.467205+00:00,X:LINKUSD,BEAR,0.928,b'\x08\x00\x00\x00\x00\x00\x00\x00',SELL,8.8,HOLD
2026-04-07T14:18:16.109735+00:00,X:LINKUSD,BEAR,0.847,b'\x08\x00\x00\x00\x00\x00\x00\x00',SELL,8.8,HOLD
2026-04-07T18:21:00.513345+00:00,X:LINKUSD,BEAR,0.821,b'\x08\x00\x00\x00\x00\x00\x00\x00',SELL,8.8,HOLD
2026-04-07T22:23:42.500339+00:00,X:LINKUSD,BEAR,0.961,b'\x08\x00\x00\x00\x00\x00\x00\x00',SELL,8.8,HOLD
2026-04-08T02:26:40.388528+00:00,X:LINKUSD,BULL,1.0,b'\x07\x00\x00\x00\x00\x00\x00\x00',BUY,9.29,TRADE
2026-04-08T06:28:31.651032+00:00,X:LINKUSD,BULL,1.0,b'\x07\x00\x00\x00\x00\x00\x00\x00',BUY,9.29,HOLD
2026-04-08T10:30:20.232026+00:00,X:LINKUSD,BULL,1.0,b'\x07\x00\x00\x00\x00\x00\x00\x00',BUY,9.29,HOLD
2026-04-08T14:32:51.341193+00:00,X:LINKUSD,BULL,1.0,b'\x07\x00\x00\x00\x00\x00\x00\x00',BUY,9.29,HOLD
2026-04-08T18:35:59.690427+00:00,X:LINKUSD,BULL,1.0,b'\x07\x00\x00\x00\x00\x00\x00\x00',BUY,9.29,HOLD
2026-04-08T22:38:26.895816+00:00,X:LINKUSD,BULL,1.0,b'\x07\x00\x00\x00\x00\x00\x00\x00',BUY,9.29,HOLD
2026-04-09T02:41:30.891241+00:00,X:LINKUSD,BEAR,0.718,b'\x07\x00\x00\x00\x00\x00\x00\x00',SELL,8.86,TRADE
2026-04-09T06:44:18.937960+00:00,X:LINKUSD,BEAR,0.719,b'\x07\x00\x00\x00\x00\x00\x00\x00',SELL,8.86,HOLD
2026-04-09T10:47:37.625083+00:00,X:LINKUSD,BEAR,0.733,b'\x07\x00\x00\x00\x00\x00\x00\x00',SELL,8.86,HOLD
2026-04-09T14:50:25.818925+00:00,X:LINKUSD,CHOP,0.705,b'\x07\x00\x00\x00\x00\x00\x00\x00',HOLD,8.86,HOLD
2026-04-09T18:53:05.396477+00:00,X:LINKUSD,BEAR,0.603,b'\x07\x00\x00\x00\x00\x00\x00\x00',SELL,8.86,HOLD
2026-04-09T22:55:43.487818+00:00,X:LINKUSD,BEAR,0.677,b'\x07\x00\x00\x00\x00\x00\x00\x00',SELL,8.86,HOLD
2026-04-10T02:59:03.197600+00:00,X:LINKUSD,BEAR,0.947,b'\x06\x00\x00\x00\x00\x00\x00\x00',SELL,8.94,TRADE
2026-04-10T07:01:34.486803+00:00,X:LINKUSD,CHOP,0.847,b'\x06\x00\x00\x00\x00\x00\x00\x00',HOLD,8.94,TRADE
2026-04-10T11:03:28.479341+00:00,X:LINKUSD,BEAR,0.986,b'\x06\x00\x00\x00\x00\x00\x00\x00',SELL,8.94,HOLD
2026-04-10T15:06:48.193129+00:00,X:LINKUSD,CHOP,0.831,b'\x06\x00\x00\x00\x00\x00\x00\x00',HOLD,8.94,HOLD
2026-04-10T19:10:03.513578+00:00,X:LINKUSD,BEAR,0.928,b'\x06\x00\x00\x00\x00\x00\x00\x00',SELL,8.94,TRADE
2026-04-10T23:12:41.999344+00:00,X:LINKUSD,BEAR,0.885,b'\x06\x00\x00\x00\x00\x00\x00\x00',SELL,8.94,HOLD
2026-04-11T03:15:56.895311+00:00,X:LINKUSD,CHOP,0.774,b'\x06\x00\x00\x00\x00\x00\x00\x00',HOLD,9.09,HOLD
2026-04-11T07:18:51.729126+00:00,X:LINKUSD,CHOP,0.852,b'\x06\x00\x00\x00\x00\x00\x00\x00',HOLD,9.09,HOLD
2026-04-11T11:20:32.651398+00:00,X:LINKUSD,CHOP,0.902,b'\x06\x00\x00\x00\x00\x00\x00\x00',HOLD,9.09,HOLD
2026-04-11T15:23:18.490705+00:00,X:LINKUSD,CHOP,0.887,b'\x06\x00\x00\x00\x00\x00\x00\x00',HOLD,9.09,HOLD
2026-04-11T19:26:03.117011+00:00,X:LINKUSD,CHOP,0.945,b'\x06\x00\x00\x00\x00\x00\x00\x00',HOLD,9.09,HOLD
2026-04-11T23:29:30.899572+00:00,X:LINKUSD,CHOP,0.891,b'\x06\x00\x00\x00\x00\x00\x00\x00',HOLD,9.09,HOLD
2026-04-12T03:32:07.112523+00:00,X:LINKUSD,CHOP,0.985,b'\x07\x00\x00\x00\x00\x00\x00\x00',HOLD,9.07,HOLD
2026-04-12T07:34:15.392227+00:00,X:LINKUSD,CHOP,0.972,b'\x07\x00\x00\x00\x00\x00\x00\x00',HOLD,9.07,HOLD
2026-04-12T11:36:57.850996+00:00,X:LINKUSD,BULL,0.987,b'\x07\x00\x00\x00\x00\x00\x00\x00',BUY,9.07,TRADE
2026-04-12T15:39:50.403354+00:00,X:LINKUSD,BEAR,0.755,b'\x07\x00\x00\x00\x00\x00\x00\x00',SELL,9.07,TRADE
2026-04-12T19:42:58.992997+00:00,X:LINKUSD,BULL,0.976,b'\x07\x00\x00\x00\x00\x00\x00\x00',BUY,9.07,HOLD
2026-04-12T23:44:37.963144+00:00,X:LINKUSD,CHOP,0.77,b'\x07\x00\x00\x00\x00\x00\x00\x00',HOLD,9.07,HOLD
2026-04-13T03:47:28.408027+00:00,X:LINKUSD,CHOP,0.968,b'\x03\x00\x00\x00\x00\x00\x00\x00',HOLD,8.73,HOLD
2026-04-13T07:49:07.743231+00:00,X:LINKUSD,BULL,0.889,b'\x03\x00\x00\x00\x00\x00\x00\x00',HOLD,8.73,HOLD
2026-04-13T11:50:46.293991+00:00,X:LINKUSD,CHOP,0.956,b'\x03\x00\x00\x00\x00\x00\x00\x00',HOLD,8.73,HOLD
2026-04-13T15:52:56.215459+00:00,X:LINKUSD,CHOP,0.837,b'\x03\x00\x00\x00\x00\x00\x00\x00',HOLD,8.73,HOLD
2026-04-13T19:54:43.879140+00:00,X:LINKUSD,BULL,0.922,b'\x03\x00\x00\x00\x00\x00\x00\x00',HOLD,8.73,HOLD
2026-04-13T23:56:23.575576+00:00,X:LINKUSD,BULL,0.949,b'\x03\x00\x00\x00\x00\x00\x00\x00',HOLD,8.73,HOLD
2026-04-14T03:58:26.758061+00:00,X:LINKUSD,BULL,0.974,b'\x06\x00\x00\x00\x00\x00\x00\x00',BUY,9.35,TRADE
2026-04-14T08:00:04.993269+00:00,X:LINKUSD,BULL,1.0,b'\x06\x00\x00\x00\x00\x00\x00\x00',BUY,9.35,HOLD
2026-04-14T12:01:45.835997+00:00,X:LINKUSD,BULL,1.0,b'\x06\x00\x00\x00\x00\x00\x00\x00',BUY,9.35,TRADE
2026-04-14T16:04:04.193082+00:00,X:LINKUSD,BULL,1.0,b'\x06\x00\x00\x00\x00\x00\x00\x00',BUY,9.35,HOLD
2026-04-14T20:05:44.676031+00:00,X:LINKUSD,BULL,1.0,b'\x06\x00\x00\x00\x00\x00\x00\x00',BUY,9.36,HOLD
2026-04-15T00:07:23.848309+00:00,X:LINKUSD,BULL,0.985,b'\x07\x00\x00\x00\x00\x00\x00\x00',BUY,9.03,HOLD
2026-04-15T04:09:06.142691+00:00,X:LINKUSD,CHOP,0.921,b'\x07\x00\x00\x00\x00\x00\x00\x00',HOLD,9.03,HOLD
2026-04-15T08:10:51.796165+00:00,X:LINKUSD,CHOP,0.856,b'\x07\x00\x00\x00\x00\x00\x00\x00',HOLD,9.03,HOLD
2026-04-15T12:12:31.705854+00:00,X:LINKUSD,BULL,0.987,b'\x07\x00\x00\x00\x00\x00\x00\x00',BUY,9.03,HOLD
2026-04-15T16:14:26.162047+00:00,X:LINKUSD,CHOP,0.986,b'\x07\x00\x00\x00\x00\x00\x00\x00',HOLD,9.03,HOLD
2026-04-15T20:16:10.204113+00:00,X:LINKUSD,CHOP,0.858,b'\x07\x00\x00\x00\x00\x00\x00\x00',HOLD,9.03,HOLD
2026-04-16T00:17:51.231925+00:00,X:LINKUSD,BULL,0.756,b'\x08\x00\x00\x00\x00\x00\x00\x00',BUY,9.26,HOLD
2026-04-16T04:19:40.401527+00:00,X:LINKUSD,BULL,0.954,b'\x08\x00\x00\x00\x00\x00\x00\x00',BUY,9.26,HOLD
2026-04-16T08:21:23.037226+00:00,X:LINKUSD,CHOP,0.96,b'\x08\x00\x00\x00\x00\x00\x00\x00',HOLD,9.26,HOLD
2026-04-16T12:23:11.809537+00:00,X:LINKUSD,CHOP,0.955,b'\x08\x00\x00\x00\x00\x00\x00\x00',HOLD,9.26,HOLD
2026-04-16T16:25:15.008470+00:00,X:LINKUSD,BULL,0.8,b'\x08\x00\x00\x00\x00\x00\x00\x00',BUY,9.26,HOLD
2026-04-16T20:27:02.109724+00:00,X:LINKUSD,CHOP,0.78,b'\x08\x00\x00\x00\x00\x00\x00\x00',HOLD,9.26,HOLD
2026-04-17T00:28:41.152027+00:00,X:LINKUSD,CHOP,0.989,b'\x07\x00\x00\x00\x00\x00\x00\x00',HOLD,9.6,HOLD
2026-04-17T04:30:42.031026+00:00,X:LINKUSD,CHOP,0.979,b'\x07\x00\x00\x00\x00\x00\x00\x00',HOLD,9.6,HOLD
2026-04-17T08:32:20.506131+00:00,X:LINKUSD,BULL,0.93,b'\x07\x00\x00\x00\x00\x00\x00\x00',BUY,9.6,HOLD
2026-04-17T12:34:02.743507+00:00,X:LINKUSD,CHOP,0.974,b'\x07\x00\x00\x00\x00\x00\x00\x00',HOLD,9.6,HOLD
2026-04-17T16:36:07.622423+00:00,X:LINKUSD,CHOP,0.95,b'\x07\x00\x00\x00\x00\x00\x00\x00',HOLD,9.6,HOLD
2026-04-17T20:37:46.712641+00:00,X:LINKUSD,CHOP,0.796,b'\x07\x00\x00\x00\x00\x00\x00\x00',HOLD,9.6,HOLD
2026-04-18T00:40:20.430401+00:00,X:LINKUSD,BULL,0.872,b'\x07\x00\x00\x00\x00\x00\x00\x00',BUY,9.62,HOLD
2026-04-18T04:41:59.834315+00:00,X:LINKUSD,CHOP,0.841,b'\x07\x00\x00\x00\x00\x00\x00\x00',HOLD,9.62,HOLD
2026-04-18T08:43:54.342001+00:00,X:LINKUSD,CHOP,0.924,b'\x07\x00\x00\x00\x00\x00\x00\x00',HOLD,9.62,HOLD
2026-04-18T12:45:36.243750+00:00,X:LINKUSD,BULL,0.907,b'\x07\x00\x00\x00\x00\x00\x00\x00',BUY,9.62,HOLD
2026-04-18T16:47:19.213665+00:00,X:LINKUSD,CHOP,0.955,b'\x07\x00\x00\x00\x00\x00\x00\x00',HOLD,9.62,HOLD
2026-04-18T20:49:01.333540+00:00,X:LINKUSD,CHOP,0.944,b'\x07\x00\x00\x00\x00\x00\x00\x00',HOLD,9.62,HOLD
2026-04-19T00:51:50.696052+00:00,X:LINKUSD,BULL,0.995,b'\x05\x00\x00\x00\x00\x00\x00\x00',BUY,9.29,HOLD
2026-04-19T04:53:31.650424+00:00,X:LINKUSD,CHOP,0.988,b'\x05\x00\x00\x00\x00\x00\x00\x00',HOLD,9.29,HOLD
2026-04-19T08:55:22.312237+00:00,X:LINKUSD,BULL,0.995,b'\x05\x00\x00\x00\x00\x00\x00\x00',BUY,9.29,HOLD
2026-04-19T12:57:01.927905+00:00,X:LINKUSD,CHOP,0.991,b'\x05\x00\x00\x00\x00\x00\x00\x00',HOLD,9.29,HOLD
2026-04-19T16:58:38.955103+00:00,X:LINKUSD,BULL,0.992,b'\x05\x00\x00\x00\x00\x00\x00\x00',BUY,9.29,HOLD
2026-04-19T21:00:20.835452+00:00,X:LINKUSD,CHOP,0.87,b'\x05\x00\x00\x00\x00\x00\x00\x00',HOLD,9.29,HOLD
2026-04-20T01:02:07.766967+00:00,X:LINKUSD,CHOP,0.728,b'\x05\x00\x00\x00\x00\x00\x00\x00',HOLD,9.07,TRADE
2026-04-28T04:14:47.806440+00:00,X:LINKUSD,BULL,0.831,b'\x03\x00\x00\x00\x00\x00\x00\x00',HOLD,9.32,SHADOW
2026-04-28T08:18:22.503509+00:00,X:LINKUSD,BULL,0.811,b'\x03\x00\x00\x00\x00\x00\x00\x00',HOLD,9.32,SHADOW
2026-04-28T12:20:55.394337+00:00,X:LINKUSD,BULL,0.839,b'\x03\x00\x00\x00\x00\x00\x00\x00',HOLD,9.32,SHADOW
2026-04-28T16:23:47.393241+00:00,X:LINKUSD,CHOP,0.988,b'\x03\x00\x00\x00\x00\x00\x00\x00',HOLD,9.32,SHADOW
2026-04-28T20:26:51.646697+00:00,X:LINKUSD,BULL,0.913,b'\x03\x00\x00\x00\x00\x00\x00\x00',HOLD,9.32,SHADOW
2026-04-29T00:29:24.393625+00:00,X:LINKUSD,CHOP,0.989,b'\x03\x00\x00\x00\x00\x00\x00\x00',HOLD,9.24,SHADOW
2026-04-29T04:32:03.041475+00:00,X:LINKUSD,BULL,0.99,b'\x03\x00\x00\x00\x00\x00\x00\x00',HOLD,9.24,SHADOW
2026-04-29T08:34:11.916141+00:00,X:LINKUSD,BULL,0.992,b'\x03\x00\x00\x00\x00\x00\x00\x00',HOLD,9.24,SHADOW
2026-04-29T12:36:43.094607+00:00,X:LINKUSD,CHOP,0.995,b'\x03\x00\x00\x00\x00\x00\x00\x00',HOLD,9.24,SHADOW
2026-04-29T16:39:57.395777+00:00,X:LINKUSD,BULL,0.991,b'\x03\x00\x00\x00\x00\x00\x00\x00',HOLD,9.24,SHADOW
2026-04-29T20:43:36.993780+00:00,X:LINKUSD,BULL,0.994,b'\x03\x00\x00\x00\x00\x00\x00\x00',HOLD,9.24,SHADOW
2026-04-30T00:46:30.716420+00:00,X:LINKUSD,CHOP,0.85,b'\x03\x00\x00\x00\x00\x00\x00\x00',HOLD,9.11,SHADOW
2026-04-30T04:49:22.193435+00:00,X:LINKUSD,BEAR,0.672,b'\x03\x00\x00\x00\x00\x00\x00\x00',SELL,9.11,SHADOW
2026-04-30T08:51:05.968751+00:00,X:LINKUSD,BEAR,0.688,b'\x03\x00\x00\x00\x00\x00\x00\x00',SELL,9.11,SHADOW
2026-04-30T12:53:45.192524+00:00,X:LINKUSD,CHOP,0.807,b'\x03\x00\x00\x00\x00\x00\x00\x00',HOLD,9.11,SHADOW
2026-04-30T16:56:31.291903+00:00,X:LINKUSD,BEAR,0.753,b'\x03\x00\x00\x00\x00\x00\x00\x00',SELL,9.11,SHADOW
2026-04-30T20:59:14.216492+00:00,X:LINKUSD,CHOP,0.827,b'\x03\x00\x00\x00\x00\x00\x00\x00',HOLD,9.11,SHADOW
2026-05-01T01:02:06.394244+00:00,X:LINKUSD,CHOP,0.968,b'\x04\x00\x00\x00\x00\x00\x00\x00',HOLD,9.1,SHADOW
2026-05-01T05:04:37.381685+00:00,X:LINKUSD,CHOP,0.971,b'\x04\x00\x00\x00\x00\x00\x00\x00',HOLD,9.1,SHADOW
2026-05-01T09:07:00.607511+00:00,X:LINKUSD,CHOP,0.958,b'\x04\x00\x00\x00\x00\x00\x00\x00',HOLD,9.1,SHADOW
2026-05-01T13:09:35.093859+00:00,X:LINKUSD,CHOP,0.967,b'\x04\x00\x00\x00\x00\x00\x00\x00',HOLD,9.1,SHADOW
2026-05-01T17:13:06.418100+00:00,X:LINKUSD,CHOP,0.985,b'\x04\x00\x00\x00\x00\x00\x00\x00',HOLD,9.1,SHADOW
2026-05-01T21:16:31.801850+00:00,X:LINKUSD,CHOP,0.988,b'\x04\x00\x00\x00\x00\x00\x00\x00',HOLD,9.1,SHADOW
2026-05-02T01:19:28.738005+00:00,X:LINKUSD,CHOP,0.802,b'\x04\x00\x00\x00\x00\x00\x00\x00',HOLD,9.09,SHADOW
2026-05-02T05:23:02.812900+00:00,X:LINKUSD,CHOP,0.839,b'\x04\x00\x00\x00\x00\x00\x00\x00',HOLD,9.09,SHADOW
2026-05-02T09:25:25.809335+00:00,X:LINKUSD,CHOP,0.772,b'\x04\x00\x00\x00\x00\x00\x00\x00',HOLD,9.09,SHADOW
2026-05-02T13:27:52.711053+00:00,X:LINKUSD,CHOP,0.733,b'\x04\x00\x00\x00\x00\x00\x00\x00',HOLD,9.09,SHADOW
2026-05-02T17:32:02.904961+00:00,X:LINKUSD,CHOP,0.755,b'\x04\x00\x00\x00\x00\x00\x00\x00',HOLD,9.09,SHADOW
2026-05-02T21:34:39.806321+00:00,X:LINKUSD,CHOP,0.765,b'\x04\x00\x00\x00\x00\x00\x00\x00',HOLD,9.09,SHADOW
2026-05-03T01:37:16.890211+00:00,X:LINKUSD,CHOP,0.85,b'\x05\x00\x00\x00\x00\x00\x00\x00',HOLD,9.18,SHADOW
2026-05-03T05:39:40.098041+00:00,X:LINKUSD,BULL,0.758,b'\x05\x00\x00\x00\x00\x00\x00\x00',BUY,9.18,SHADOW
2026-05-03T09:42:20.914524+00:00,X:LINKUSD,CHOP,0.917,b'\x05\x00\x00\x00\x00\x00\x00\x00',HOLD,9.18,SHADOW
2026-05-03T13:44:53.318062+00:00,X:LINKUSD,CHOP,0.593,b'\x05\x00\x00\x00\x00\x00\x00\x00',HOLD,9.18,SHADOW
2026-05-03T17:47:38.790640+00:00,X:LINKUSD,CHOP,0.769,b'\x05\x00\x00\x00\x00\x00\x00\x00',HOLD,9.18,SHADOW
2026-05-03T21:50:15.197073+00:00,X:LINKUSD,CHOP,0.785,b'\x05\x00\x00\x00\x00\x00\x00\x00',HOLD,9.18,SHADOW
2026-05-04T01:52:43.402141+00:00,X:LINKUSD,CHOP,0.998,b'\x06\x00\x00\x00\x00\x00\x00\x00',HOLD,9.13,SHADOW
2026-05-04T05:55:21.612145+00:00,X:LINKUSD,CHOP,0.758,b'\x06\x00\x00\x00\x00\x00\x00\x00',HOLD,9.13,SHADOW
2026-05-04T09:57:59.011674+00:00,X:LINKUSD,CHOP,0.911,b'\x06\x00\x00\x00\x00\x00\x00\x00',HOLD,9.13,SHADOW
2026-05-04T14:00:41.516549+00:00,X:LINKUSD,CHOP,0.884,b'\x06\x00\x00\x00\x00\x00\x00\x00',HOLD,9.13,SHADOW
2026-05-04T18:03:35.721158+00:00,X:LINKUSD,CHOP,0.791,b'\x06\x00\x00\x00\x00\x00\x00\x00',HOLD,9.13,SHADOW
2026-05-04T22:06:07.390723+00:00,X:LINKUSD,BULL,0.849,b'\x06\x00\x00\x00\x00\x00\x00\x00',BUY,9.13,SHADOW
2026-05-05T02:08:34.808118+00:00,X:LINKUSD,BULL,0.75,b'\x07\x00\x00\x00\x00\x00\x00\x00',BUY,9.35,SHADOW
2026-05-05T06:11:02.216005+00:00,X:LINKUSD,CHOP,0.916,b'\x07\x00\x00\x00\x00\x00\x00\x00',HOLD,9.35,SHADOW
2026-05-05T10:13:52.595235+00:00,X:LINKUSD,CHOP,0.816,b'\x07\x00\x00\x00\x00\x00\x00\x00',HOLD,9.35,SHADOW
2026-05-05T14:17:28.602610+00:00,X:LINKUSD,CHOP,0.856,b'\x07\x00\x00\x00\x00\x00\x00\x00',HOLD,9.35,SHADOW
2026-05-05T18:20:27.396728+00:00,X:LINKUSD,CHOP,0.914,b'\x07\x00\x00\x00\x00\x00\x00\x00',HOLD,9.35,SHADOW
2026-05-05T22:23:12.216838+00:00,X:LINKUSD,CHOP,0.935,b'\x07\x00\x00\x00\x00\x00\x00\x00',HOLD,9.35,SHADOW
2026-03-22T19:08:59.604044+00:00,X:LTCUSD,BULL,0.942,b'\x04\x00\x00\x00\x00\x00\x00\x00',HOLD,54.75,HOLD
2026-03-22T23:23:01.294224+00:00,X:LTCUSD,CHOP,0.894,b'\x04\x00\x00\x00\x00\x00\x00\x00',HOLD,54.75,HOLD
2026-03-23T03:32:34.089162+00:00,X:LTCUSD,BULL,0.8,b'\x05\x00\x00\x00\x00\x00\x00\x00',HOLD,53.49,HOLD
2026-03-23T07:40:19.589989+00:00,X:LTCUSD,BULL,0.795,b'\x05\x00\x00\x00\x00\x00\x00\x00',HOLD,53.49,HOLD
2026-03-23T11:45:44.432381+00:00,X:LTCUSD,BULL,0.813,b'\x05\x00\x00\x00\x00\x00\x00\x00',HOLD,53.49,HOLD
2026-03-23T15:54:05.698438+00:00,X:LTCUSD,BULL,0.731,b'\x05\x00\x00\x00\x00\x00\x00\x00',HOLD,53.49,HOLD
2026-03-23T20:00:41.393205+00:00,X:LTCUSD,BULL,0.946,b'\x05\x00\x00\x00\x00\x00\x00\x00',HOLD,53.49,HOLD
2026-03-23T20:42:54.390659+00:00,X:LTCUSD,BULL,0.946,b'\x05\x00\x00\x00\x00\x00\x00\x00',HOLD,53.49,TRADE
2026-03-24T01:05:49.445738+00:00,X:LTCUSD,CHOP,0.963,b'\x05\x00\x00\x00\x00\x00\x00\x00',HOLD,55.7,HOLD
2026-03-24T05:21:55.289049+00:00,X:LTCUSD,BULL,0.906,b'\x05\x00\x00\x00\x00\x00\x00\x00',HOLD,55.7,HOLD
2026-03-24T09:48:26.694793+00:00,X:LTCUSD,BULL,0.995,b'\x05\x00\x00\x00\x00\x00\x00\x00',HOLD,55.7,HOLD
2026-03-24T14:10:30.687721+00:00,X:LTCUSD,BULL,0.821,b'\x05\x00\x00\x00\x00\x00\x00\x00',HOLD,55.7,HOLD
2026-03-24T18:28:16.691233+00:00,X:LTCUSD,BULL,0.996,b'\x05\x00\x00\x00\x00\x00\x00\x00',HOLD,55.7,HOLD
2026-03-24T23:07:10.996728+00:00,X:LTCUSD,CHOP,0.754,b'\x05\x00\x00\x00\x00\x00\x00\x00',HOLD,55.7,HOLD
2026-03-25T02:31:46.796395+00:00,X:LTCUSD,CHOP,0.813,b'\x06\x00\x00\x00\x00\x00\x00\x00',HOLD,56.38,TRADE
2026-03-25T06:48:17.989659+00:00,X:LTCUSD,CHOP,0.92,b'\x06\x00\x00\x00\x00\x00\x00\x00',HOLD,56.38,HOLD
2026-03-25T11:00:27.987652+00:00,X:LTCUSD,CHOP,0.733,b'\x06\x00\x00\x00\x00\x00\x00\x00',HOLD,56.38,HOLD
2026-03-25T15:19:17.696481+00:00,X:LTCUSD,BULL,0.924,b'\x06\x00\x00\x00\x00\x00\x00\x00',HOLD,56.38,HOLD
2026-03-25T19:37:46.821160+00:00,X:LTCUSD,BULL,0.848,b'\x06\x00\x00\x00\x00\x00\x00\x00',HOLD,56.38,HOLD
2026-03-25T23:51:10.032889+00:00,X:LTCUSD,BULL,0.69,b'\x06\x00\x00\x00\x00\x00\x00\x00',HOLD,56.38,HOLD
2026-03-26T02:06:44.348082+00:00,X:LTCUSD,BULL,0.999,b'\x05\x00\x00\x00\x00\x00\x00\x00',HOLD,56.64,TRADE
2026-03-26T02:54:03.794037+00:00,X:LTCUSD,BULL,0.999,b'\x05\x00\x00\x00\x00\x00\x00\x00',HOLD,56.64,TRADE
2026-03-26T03:26:15.675446+00:00,X:LTCUSD,BULL,0.999,b'\x05\x00\x00\x00\x00\x00\x00\x00',HOLD,56.64,TRADE
2026-03-26T03:59:57.189478+00:00,X:LTCUSD,BULL,0.999,b'\x05\x00\x00\x00\x00\x00\x00\x00',HOLD,56.64,TRADE
2026-03-26T04:45:33.691483+00:00,X:LTCUSD,BULL,0.999,b'\x05\x00\x00\x00\x00\x00\x00\x00',HOLD,56.64,TRADE
2026-03-26T05:26:36.660021+00:00,X:LTCUSD,BULL,0.999,b'\x05\x00\x00\x00\x00\x00\x00\x00',HOLD,56.64,TRADE
2026-03-26T06:06:53.405813+00:00,X:LTCUSD,BULL,0.999,b'\x05\x00\x00\x00\x00\x00\x00\x00',HOLD,56.64,TRADE
2026-03-26T07:02:51.889564+00:00,X:LTCUSD,BULL,0.999,b'\x05\x00\x00\x00\x00\x00\x00\x00',HOLD,56.64,TRADE
2026-03-26T10:29:40.991142+00:00,X:LTCUSD,BULL,0.999,b'\x05\x00\x00\x00\x00\x00\x00\x00',HOLD,56.64,TRADE
2026-03-26T12:08:48.625684+00:00,X:LTCUSD,BULL,0.999,b'\x05\x00\x00\x00\x00\x00\x00\x00',HOLD,56.64,TRADE
2026-03-26T15:00:40.188575+00:00,X:LTCUSD,BULL,0.999,b'\x05\x00\x00\x00\x00\x00\x00\x00',HOLD,56.64,TRADE
2026-03-26T16:19:20.737522+00:00,X:LTCUSD,BULL,0.997,b'\x05\x00\x00\x00\x00\x00\x00\x00',HOLD,56.64,TRADE
2026-03-26T17:06:23.492450+00:00,X:LTCUSD,BULL,0.997,b'\x05\x00\x00\x00\x00\x00\x00\x00',HOLD,56.64,TRADE
2026-03-26T18:10:09.595327+00:00,X:LTCUSD,BULL,0.999,b'\x05\x00\x00\x00\x00\x00\x00\x00',HOLD,56.64,TRADE
2026-03-26T19:08:54.310425+00:00,X:LTCUSD,BULL,0.999,b'\x05\x00\x00\x00\x00\x00\x00\x00',HOLD,56.64,TRADE
2026-03-26T19:53:53.201301+00:00,X:LTCUSD,BULL,0.999,b'\x05\x00\x00\x00\x00\x00\x00\x00',HOLD,56.64,TRADE
2026-03-26T20:27:54.504168+00:00,X:LTCUSD,BULL,0.999,b'\x05\x00\x00\x00\x00\x00\x00\x00',HOLD,56.64,TRADE
2026-03-26T21:42:59.087779+00:00,X:LTCUSD,BULL,0.999,b'\x05\x00\x00\x00\x00\x00\x00\x00',HOLD,56.64,TRADE
2026-03-26T22:41:56.098996+00:00,X:LTCUSD,BULL,0.999,b'\x05\x00\x00\x00\x00\x00\x00\x00',HOLD,56.64,TRADE
2026-03-26T23:43:17.991949+00:00,X:LTCUSD,BULL,0.997,b'\x05\x00\x00\x00\x00\x00\x00\x00',HOLD,56.64,TRADE
2026-03-27T00:28:52.389678+00:00,X:LTCUSD,CHOP,0.798,b'\x04\x00\x00\x00\x00\x00\x00\x00',HOLD,54.58,TRADE
2026-03-27T01:14:07.194982+00:00,X:LTCUSD,CHOP,0.798,b'\x04\x00\x00\x00\x00\x00\x00\x00',HOLD,54.58,TRADE
2026-03-27T01:46:16.594818+00:00,X:LTCUSD,CHOP,0.798,b'\x04\x00\x00\x00\x00\x00\x00\x00',HOLD,54.58,TRADE
2026-03-27T02:15:20.398106+00:00,X:LTCUSD,BULL,0.778,b'\x04\x00\x00\x00\x00\x00\x00\x00',HOLD,54.58,HOLD
2026-03-27T02:45:09.617947+00:00,X:LTCUSD,BULL,0.778,b'\x04\x00\x00\x00\x00\x00\x00\x00',HOLD,54.58,HOLD
2026-03-27T03:17:51.396944+00:00,X:LTCUSD,BULL,0.624,b'\x04\x00\x00\x00\x00\x00\x00\x00',HOLD,54.58,HOLD
2026-03-27T04:01:48.293949+00:00,X:LTCUSD,BULL,0.624,b'\x04\x00\x00\x00\x00\x00\x00\x00',HOLD,54.58,HOLD
2026-03-27T04:55:17.062426+00:00,X:LTCUSD,BULL,0.624,b'\x04\x00\x00\x00\x00\x00\x00\x00',HOLD,54.58,TRADE
2026-03-27T05:23:56.421835+00:00,X:LTCUSD,BULL,0.624,b'\x04\x00\x00\x00\x00\x00\x00\x00',HOLD,54.58,TRADE
2026-03-27T06:10:12.276656+00:00,X:LTCUSD,BULL,0.568,b'\x04\x00\x00\x00\x00\x00\x00\x00',HOLD,54.58,TRADE
2026-03-27T06:39:42.983427+00:00,X:LTCUSD,BULL,0.568,b'\x04\x00\x00\x00\x00\x00\x00\x00',HOLD,54.58,TRADE
2026-03-27T07:24:12.966560+00:00,X:LTCUSD,CHOP,0.891,b'\x04\x00\x00\x00\x00\x00\x00\x00',HOLD,54.58,TRADE
2026-03-27T07:55:51.037597+00:00,X:LTCUSD,CHOP,0.891,b'\x04\x00\x00\x00\x00\x00\x00\x00',HOLD,54.58,TRADE
2026-03-27T08:40:04.081793+00:00,X:LTCUSD,CHOP,0.891,b'\x04\x00\x00\x00\x00\x00\x00\x00',HOLD,54.58,TRADE
2026-03-27T09:11:36.799165+00:00,X:LTCUSD,CHOP,0.891,b'\x04\x00\x00\x00\x00\x00\x00\x00',HOLD,54.58,TRADE
2026-03-27T09:55:39.368042+00:00,X:LTCUSD,CHOP,0.891,b'\x04\x00\x00\x00\x00\x00\x00\x00',HOLD,54.58,TRADE
2026-03-27T10:26:53.083009+00:00,X:LTCUSD,CHOP,0.865,b'\x04\x00\x00\x00\x00\x00\x00\x00',HOLD,54.58,TRADE
2026-03-27T11:11:16.419162+00:00,X:LTCUSD,BULL,0.762,b'\x04\x00\x00\x00\x00\x00\x00\x00',HOLD,54.58,TRADE
2026-03-27T11:43:49.060060+00:00,X:LTCUSD,BULL,0.762,b'\x04\x00\x00\x00\x00\x00\x00\x00',HOLD,54.58,TRADE
2026-03-27T13:28:06.549991+00:00,X:LTCUSD,BULL,0.762,b'\x04\x00\x00\x00\x00\x00\x00\x00',HOLD,54.58,TRADE
2026-03-27T14:31:22.941917+00:00,X:LTCUSD,BULL,0.761,b'\x04\x00\x00\x00\x00\x00\x00\x00',HOLD,54.58,TRADE
2026-03-27T15:14:56.353147+00:00,X:LTCUSD,BULL,0.727,b'\x04\x00\x00\x00\x00\x00\x00\x00',HOLD,54.58,TRADE
2026-03-27T16:00:52.100360+00:00,X:LTCUSD,BULL,0.727,b'\x04\x00\x00\x00\x00\x00\x00\x00',HOLD,54.58,TRADE
2026-03-27T17:02:41.400520+00:00,X:LTCUSD,BULL,0.727,b'\x04\x00\x00\x00\x00\x00\x00\x00',HOLD,54.58,TRADE
2026-03-27T17:46:23.401024+00:00,X:LTCUSD,BULL,0.727,b'\x04\x00\x00\x00\x00\x00\x00\x00',HOLD,54.58,TRADE
2026-03-27T18:31:41.166780+00:00,X:LTCUSD,BULL,0.659,b'\x04\x00\x00\x00\x00\x00\x00\x00',HOLD,54.58,TRADE
2026-03-27T19:47:46.788943+00:00,X:LTCUSD,BULL,0.807,b'\x04\x00\x00\x00\x00\x00\x00\x00',HOLD,54.58,TRADE
2026-03-27T20:19:55.828833+00:00,X:LTCUSD,BULL,0.807,b'\x04\x00\x00\x00\x00\x00\x00\x00',HOLD,54.58,TRADE
2026-03-27T21:34:35.382860+00:00,X:LTCUSD,BULL,0.807,b'\x04\x00\x00\x00\x00\x00\x00\x00',HOLD,54.58,TRADE
2026-03-27T21:59:19.095227+00:00,X:LTCUSD,BULL,0.807,b'\x04\x00\x00\x00\x00\x00\x00\x00',HOLD,54.58,TRADE
2026-03-28T02:21:09.001567+00:00,X:LTCUSD,BULL,0.973,b'\x04\x00\x00\x00\x00\x00\x00\x00',HOLD,53.66,HOLD
2026-03-28T06:48:45.231188+00:00,X:LTCUSD,BULL,0.984,b'\x04\x00\x00\x00\x00\x00\x00\x00',HOLD,53.66,TRADE
2026-03-28T11:17:42.723522+00:00,X:LTCUSD,BULL,0.956,b'\x04\x00\x00\x00\x00\x00\x00\x00',HOLD,53.66,HOLD
2026-03-28T15:40:03.690204+00:00,X:LTCUSD,BULL,0.987,b'\x04\x00\x00\x00\x00\x00\x00\x00',HOLD,53.66,HOLD
2026-03-28T20:10:22.293675+00:00,X:LTCUSD,BULL,0.993,b'\x04\x00\x00\x00\x00\x00\x00\x00',HOLD,53.66,HOLD
2026-03-29T00:22:47.696154+00:00,X:LTCUSD,CHOP,0.888,b'\x05\x00\x00\x00\x00\x00\x00\x00',HOLD,53.83,HOLD
2026-03-29T04:36:15.809391+00:00,X:LTCUSD,BULL,0.764,b'\x05\x00\x00\x00\x00\x00\x00\x00',HOLD,53.83,HOLD
2026-03-29T04:59:09.391254+00:00,X:LTCUSD,CHOP,0.922,b'\x05\x00\x00\x00\x00\x00\x00\x00',HOLD,53.83,HOLD
2026-03-29T09:20:44.888822+00:00,X:LTCUSD,CHOP,0.709,b'\x05\x00\x00\x00\x00\x00\x00\x00',HOLD,53.83,TRADE
2026-03-29T13:47:12.295213+00:00,X:LTCUSD,BULL,0.878,b'\x05\x00\x00\x00\x00\x00\x00\x00',HOLD,53.83,HOLD
2026-03-29T17:54:25.503953+00:00,X:LTCUSD,BULL,0.7,b'\x05\x00\x00\x00\x00\x00\x00\x00',HOLD,53.83,HOLD
2026-03-29T22:06:46.200525+00:00,X:LTCUSD,CHOP,0.984,b'\x05\x00\x00\x00\x00\x00\x00\x00',HOLD,53.83,HOLD
2026-03-30T02:19:08.287730+00:00,X:LTCUSD,CHOP,0.949,b'\x05\x00\x00\x00\x00\x00\x00\x00',HOLD,53.28,TRADE
2026-03-22T19:08:59.604044+00:00,X:SHIBUSD,BULL,0.994,b'\x05\x00\x00\x00\x00\x00\x00\x00',HOLD,0.0,HOLD
2026-03-22T23:23:01.294224+00:00,X:SHIBUSD,BEAR,0.978,b'\x05\x00\x00\x00\x00\x00\x00\x00',SELL,0.0,HOLD
2026-03-23T03:32:34.089162+00:00,X:SHIBUSD,BEAR,0.825,b'\x03\x00\x00\x00\x00\x00\x00\x00',SELL,0.0,HOLD
2026-03-23T07:40:19.589989+00:00,X:SHIBUSD,BEAR,0.978,b'\x03\x00\x00\x00\x00\x00\x00\x00',SELL,0.0,HOLD
2026-03-23T11:45:44.432381+00:00,X:SHIBUSD,BEAR,0.906,b'\x03\x00\x00\x00\x00\x00\x00\x00',SELL,0.0,HOLD
2026-03-23T15:54:05.698438+00:00,X:SHIBUSD,BEAR,0.918,b'\x03\x00\x00\x00\x00\x00\x00\x00',SELL,0.0,HOLD
2026-03-23T20:00:41.393205+00:00,X:SHIBUSD,CHOP,0.999,b'\x03\x00\x00\x00\x00\x00\x00\x00',HOLD,0.0,HOLD
2026-03-23T20:42:54.390659+00:00,X:SHIBUSD,CHOP,0.992,b'\x04\x00\x00\x00\x00\x00\x00\x00',HOLD,0.0,TRADE
2026-03-24T01:05:49.445738+00:00,X:SHIBUSD,CHOP,0.844,b'\x07\x00\x00\x00\x00\x00\x00\x00',HOLD,0.0,HOLD
2026-03-24T05:21:55.289049+00:00,X:SHIBUSD,CHOP,0.856,b'\x07\x00\x00\x00\x00\x00\x00\x00',HOLD,0.0,HOLD
2026-03-24T09:48:26.694793+00:00,X:SHIBUSD,CHOP,0.997,b'\x07\x00\x00\x00\x00\x00\x00\x00',HOLD,0.0,HOLD
2026-03-24T14:10:30.687721+00:00,X:SHIBUSD,CHOP,0.999,b'\x07\x00\x00\x00\x00\x00\x00\x00',HOLD,0.0,HOLD
2026-03-24T18:28:16.691233+00:00,X:SHIBUSD,CHOP,0.945,b'\x07\x00\x00\x00\x00\x00\x00\x00',HOLD,0.0,HOLD
2026-03-24T23:07:10.996728+00:00,X:SHIBUSD,BULL,0.923,b'\x07\x00\x00\x00\x00\x00\x00\x00',BUY,0.0,HOLD
2026-03-25T02:31:46.796395+00:00,X:SHIBUSD,BULL,0.956,b'\x07\x00\x00\x00\x00\x00\x00\x00',BUY,0.0,TRADE
2026-03-25T06:48:17.989659+00:00,X:SHIBUSD,BULL,0.965,b'\x07\x00\x00\x00\x00\x00\x00\x00',BUY,0.0,HOLD
2026-03-25T11:00:27.987652+00:00,X:SHIBUSD,BULL,0.961,b'\x07\x00\x00\x00\x00\x00\x00\x00',BUY,0.0,HOLD
2026-03-25T15:19:17.696481+00:00,X:SHIBUSD,BEAR,0.819,b'\x07\x00\x00\x00\x00\x00\x00\x00',SELL,0.0,HOLD
2026-03-25T19:37:46.821160+00:00,X:SHIBUSD,BULL,0.97,b'\x07\x00\x00\x00\x00\x00\x00\x00',BUY,0.0,HOLD
2026-03-25T23:51:10.032889+00:00,X:SHIBUSD,BEAR,0.933,b'\x07\x00\x00\x00\x00\x00\x00\x00',SELL,0.0,HOLD
2026-03-26T02:06:44.348082+00:00,X:SHIBUSD,CHOP,0.983,b'\x05\x00\x00\x00\x00\x00\x00\x00',HOLD,0.0,TRADE
2026-03-26T02:54:03.794037+00:00,X:SHIBUSD,CHOP,0.983,b'\x05\x00\x00\x00\x00\x00\x00\x00',HOLD,0.0,TRADE
2026-03-26T03:26:15.675446+00:00,X:SHIBUSD,CHOP,0.983,b'\x05\x00\x00\x00\x00\x00\x00\x00',HOLD,0.0,TRADE
2026-03-26T03:59:57.189478+00:00,X:SHIBUSD,CHOP,0.983,b'\x05\x00\x00\x00\x00\x00\x00\x00',HOLD,0.0,TRADE
2026-03-26T04:45:33.691483+00:00,X:SHIBUSD,CHOP,0.983,b'\x05\x00\x00\x00\x00\x00\x00\x00',HOLD,0.0,TRADE
2026-03-26T05:26:36.660021+00:00,X:SHIBUSD,BEAR,0.932,b'\x05\x00\x00\x00\x00\x00\x00\x00',SELL,0.0,TRADE
2026-03-26T06:06:53.405813+00:00,X:SHIBUSD,BEAR,0.932,b'\x05\x00\x00\x00\x00\x00\x00\x00',SELL,0.0,TRADE
2026-03-26T07:02:51.889564+00:00,X:SHIBUSD,BEAR,0.932,b'\x05\x00\x00\x00\x00\x00\x00\x00',SELL,0.0,TRADE
2026-03-26T10:29:40.991142+00:00,X:SHIBUSD,CHOP,0.945,b'\x05\x00\x00\x00\x00\x00\x00\x00',HOLD,0.0,TRADE
2026-03-26T12:08:48.625684+00:00,X:SHIBUSD,BEAR,0.962,b'\x05\x00\x00\x00\x00\x00\x00\x00',SELL,0.0,TRADE
2026-03-26T15:00:40.188575+00:00,X:SHIBUSD,CHOP,0.936,b'\x05\x00\x00\x00\x00\x00\x00\x00',HOLD,0.0,TRADE
2026-03-26T16:19:20.737522+00:00,X:SHIBUSD,CHOP,0.936,b'\x05\x00\x00\x00\x00\x00\x00\x00',HOLD,0.0,TRADE
2026-03-26T17:06:23.492450+00:00,X:SHIBUSD,CHOP,0.936,b'\x05\x00\x00\x00\x00\x00\x00\x00',HOLD,0.0,TRADE
2026-03-26T18:10:09.595327+00:00,X:SHIBUSD,CHOP,0.944,b'\x05\x00\x00\x00\x00\x00\x00\x00',HOLD,0.0,TRADE
2026-03-26T19:08:54.310425+00:00,X:SHIBUSD,CHOP,0.94,b'\x05\x00\x00\x00\x00\x00\x00\x00',HOLD,0.0,TRADE
2026-03-26T19:53:53.201301+00:00,X:SHIBUSD,CHOP,0.94,b'\x05\x00\x00\x00\x00\x00\x00\x00',HOLD,0.0,TRADE
2026-03-26T20:27:54.504168+00:00,X:SHIBUSD,CHOP,0.995,b'\x05\x00\x00\x00\x00\x00\x00\x00',HOLD,0.0,TRADE
2026-03-26T21:42:59.087779+00:00,X:SHIBUSD,CHOP,0.995,b'\x05\x00\x00\x00\x00\x00\x00\x00',HOLD,0.0,TRADE
2026-03-26T22:41:56.098996+00:00,X:SHIBUSD,CHOP,0.995,b'\x05\x00\x00\x00\x00\x00\x00\x00',HOLD,0.0,TRADE
2026-03-26T23:43:17.991949+00:00,X:SHIBUSD,CHOP,0.988,b'\x05\x00\x00\x00\x00\x00\x00\x00',HOLD,0.0,TRADE
2026-03-27T00:28:52.389678+00:00,X:SHIBUSD,BEAR,0.955,b'\x04\x00\x00\x00\x00\x00\x00\x00',SELL,0.0,TRADE
2026-03-27T01:14:07.194982+00:00,X:SHIBUSD,BEAR,0.955,b'\x04\x00\x00\x00\x00\x00\x00\x00',SELL,0.0,TRADE
2026-03-27T01:46:16.594818+00:00,X:SHIBUSD,BEAR,0.955,b'\x04\x00\x00\x00\x00\x00\x00\x00',SELL,0.0,TRADE
2026-03-27T02:15:20.398106+00:00,X:SHIBUSD,CHOP,0.896,b'\x04\x00\x00\x00\x00\x00\x00\x00',HOLD,0.0,HOLD
2026-03-27T02:45:09.617947+00:00,X:SHIBUSD,CHOP,0.896,b'\x04\x00\x00\x00\x00\x00\x00\x00',HOLD,0.0,HOLD
2026-03-27T03:17:51.396944+00:00,X:SHIBUSD,CHOP,0.896,b'\x04\x00\x00\x00\x00\x00\x00\x00',HOLD,0.0,HOLD
2026-03-27T04:01:48.293949+00:00,X:SHIBUSD,CHOP,0.896,b'\x04\x00\x00\x00\x00\x00\x00\x00',HOLD,0.0,HOLD
2026-03-27T04:55:17.062426+00:00,X:SHIBUSD,CHOP,0.896,b'\x04\x00\x00\x00\x00\x00\x00\x00',HOLD,0.0,TRADE
2026-03-27T05:23:56.421835+00:00,X:SHIBUSD,BEAR,0.958,b'\x04\x00\x00\x00\x00\x00\x00\x00',SELL,0.0,TRADE
2026-03-27T06:10:12.276656+00:00,X:SHIBUSD,BEAR,0.958,b'\x04\x00\x00\x00\x00\x00\x00\x00',SELL,0.0,TRADE
2026-03-27T06:39:42.983427+00:00,X:SHIBUSD,BEAR,0.958,b'\x04\x00\x00\x00\x00\x00\x00\x00',SELL,0.0,TRADE
2026-03-27T07:24:12.966560+00:00,X:SHIBUSD,BEAR,0.958,b'\x04\x00\x00\x00\x00\x00\x00\x00',SELL,0.0,TRADE
2026-03-27T07:55:51.037597+00:00,X:SHIBUSD,BEAR,0.958,b'\x04\x00\x00\x00\x00\x00\x00\x00',SELL,0.0,TRADE
2026-03-27T08:40:04.081793+00:00,X:SHIBUSD,BEAR,0.981,b'\x04\x00\x00\x00\x00\x00\x00\x00',SELL,0.0,TRADE
2026-03-27T09:11:36.799165+00:00,X:SHIBUSD,BEAR,0.981,b'\x04\x00\x00\x00\x00\x00\x00\x00',SELL,0.0,TRADE
2026-03-27T09:55:39.368042+00:00,X:SHIBUSD,BEAR,0.981,b'\x04\x00\x00\x00\x00\x00\x00\x00',SELL,0.0,TRADE
2026-03-27T10:26:53.083009+00:00,X:SHIBUSD,BEAR,0.981,b'\x04\x00\x00\x00\x00\x00\x00\x00',SELL,0.0,TRADE
2026-03-27T11:11:16.419162+00:00,X:SHIBUSD,CHOP,0.975,b'\x04\x00\x00\x00\x00\x00\x00\x00',HOLD,0.0,TRADE
2026-03-27T11:43:49.060060+00:00,X:SHIBUSD,CHOP,0.975,b'\x04\x00\x00\x00\x00\x00\x00\x00',HOLD,0.0,TRADE
2026-03-27T13:28:06.549991+00:00,X:SHIBUSD,CHOP,0.975,b'\x04\x00\x00\x00\x00\x00\x00\x00',HOLD,0.0,TRADE
2026-03-27T14:31:22.941917+00:00,X:SHIBUSD,BEAR,0.942,b'\x04\x00\x00\x00\x00\x00\x00\x00',SELL,0.0,TRADE
2026-03-27T15:14:56.353147+00:00,X:SHIBUSD,BEAR,0.942,b'\x04\x00\x00\x00\x00\x00\x00\x00',SELL,0.0,TRADE
2026-03-27T16:00:52.100360+00:00,X:SHIBUSD,BEAR,0.942,b'\x04\x00\x00\x00\x00\x00\x00\x00',SELL,0.0,TRADE
2026-03-27T17:02:41.400520+00:00,X:SHIBUSD,CHOP,0.93,b'\x04\x00\x00\x00\x00\x00\x00\x00',HOLD,0.0,TRADE
2026-03-27T17:46:23.401024+00:00,X:SHIBUSD,CHOP,0.93,b'\x04\x00\x00\x00\x00\x00\x00\x00',HOLD,0.0,TRADE
2026-03-27T18:31:41.166780+00:00,X:SHIBUSD,CHOP,0.93,b'\x04\x00\x00\x00\x00\x00\x00\x00',HOLD,0.0,TRADE
2026-03-27T19:47:46.788943+00:00,X:SHIBUSD,CHOP,0.93,b'\x04\x00\x00\x00\x00\x00\x00\x00',HOLD,0.0,TRADE
2026-03-27T20:19:55.828833+00:00,X:SHIBUSD,CHOP,0.939,b'\x04\x00\x00\x00\x00\x00\x00\x00',HOLD,0.0,TRADE
2026-03-27T21:34:35.382860+00:00,X:SHIBUSD,CHOP,0.939,b'\x04\x00\x00\x00\x00\x00\x00\x00',HOLD,0.0,TRADE
2026-03-22T19:08:59.604044+00:00,X:SOLUSD,CHOP,0.983,b'\x04\x00\x00\x00\x00\x00\x00\x00',HOLD,87.34,HOLD
2026-03-22T23:23:01.294224+00:00,X:SOLUSD,BEAR,0.747,b'\x04\x00\x00\x00\x00\x00\x00\x00',SELL,87.34,HOLD
2026-03-23T03:32:34.089162+00:00,X:SOLUSD,CHOP,0.936,b'\x05\x00\x00\x00\x00\x00\x00\x00',HOLD,86.14,HOLD
2026-03-23T07:40:19.589989+00:00,X:SOLUSD,CHOP,0.988,b'\x05\x00\x00\x00\x00\x00\x00\x00',HOLD,86.14,HOLD
2026-03-23T11:45:44.432381+00:00,X:SOLUSD,BULL,0.956,b'\x05\x00\x00\x00\x00\x00\x00\x00',HOLD,86.14,HOLD
2026-03-23T15:54:05.698438+00:00,X:SOLUSD,CHOP,1.0,b'\x05\x00\x00\x00\x00\x00\x00\x00',HOLD,86.14,HOLD
2026-03-23T20:00:41.393205+00:00,X:SOLUSD,CHOP,0.806,b'\x05\x00\x00\x00\x00\x00\x00\x00',HOLD,86.14,HOLD
2026-03-23T20:42:54.390659+00:00,X:SOLUSD,BEAR,0.928,b'\x05\x00\x00\x00\x00\x00\x00\x00',SELL,86.14,TRADE
2026-03-24T01:05:49.445738+00:00,X:SOLUSD,CHOP,0.992,b'\x06\x00\x00\x00\x00\x00\x00\x00',HOLD,91.47,HOLD
2026-03-24T05:21:55.289049+00:00,X:SOLUSD,CHOP,0.995,b'\x06\x00\x00\x00\x00\x00\x00\x00',HOLD,91.47,HOLD
2026-03-24T09:48:26.694793+00:00,X:SOLUSD,CHOP,0.991,b'\x06\x00\x00\x00\x00\x00\x00\x00',HOLD,91.47,HOLD
2026-03-24T14:10:30.687721+00:00,X:SOLUSD,CHOP,0.954,b'\x06\x00\x00\x00\x00\x00\x00\x00',HOLD,91.47,HOLD
2026-03-24T18:28:16.691233+00:00,X:SOLUSD,CHOP,0.998,b'\x06\x00\x00\x00\x00\x00\x00\x00',HOLD,91.47,HOLD
2026-03-24T23:07:10.996728+00:00,X:SOLUSD,CHOP,0.961,b'\x06\x00\x00\x00\x00\x00\x00\x00',HOLD,91.47,HOLD
2026-03-25T02:31:46.796395+00:00,X:SOLUSD,BULL,0.877,b'\x05\x00\x00\x00\x00\x00\x00\x00',HOLD,90.76,TRADE
2026-03-25T06:48:17.989659+00:00,X:SOLUSD,CHOP,0.987,b'\x05\x00\x00\x00\x00\x00\x00\x00',HOLD,90.76,HOLD
2026-03-25T11:00:27.987652+00:00,X:SOLUSD,BULL,0.984,b'\x05\x00\x00\x00\x00\x00\x00\x00',HOLD,90.76,HOLD
2026-03-25T15:19:17.696481+00:00,X:SOLUSD,CHOP,0.976,b'\x05\x00\x00\x00\x00\x00\x00\x00',HOLD,90.76,HOLD
2026-03-25T19:37:46.821160+00:00,X:SOLUSD,CHOP,0.98,b'\x05\x00\x00\x00\x00\x00\x00\x00',HOLD,90.76,HOLD
2026-03-25T23:51:10.032889+00:00,X:SOLUSD,CHOP,0.989,b'\x05\x00\x00\x00\x00\x00\x00\x00',HOLD,90.76,HOLD
2026-03-26T02:06:44.348082+00:00,X:SOLUSD,CHOP,0.98,b'\x06\x00\x00\x00\x00\x00\x00\x00',HOLD,91.66,TRADE
2026-03-26T02:54:03.794037+00:00,X:SOLUSD,CHOP,0.98,b'\x06\x00\x00\x00\x00\x00\x00\x00',HOLD,91.66,TRADE
2026-03-26T03:26:15.675446+00:00,X:SOLUSD,CHOP,0.98,b'\x06\x00\x00\x00\x00\x00\x00\x00',HOLD,91.66,TRADE
2026-03-26T03:59:57.189478+00:00,X:SOLUSD,CHOP,0.98,b'\x06\x00\x00\x00\x00\x00\x00\x00',HOLD,91.66,TRADE
2026-03-26T04:45:33.691483+00:00,X:SOLUSD,CHOP,0.98,b'\x06\x00\x00\x00\x00\x00\x00\x00',HOLD,91.66,TRADE
2026-03-26T05:26:36.660021+00:00,X:SOLUSD,CHOP,0.913,b'\x06\x00\x00\x00\x00\x00\x00\x00',HOLD,91.66,TRADE
2026-03-26T06:06:53.405813+00:00,X:SOLUSD,CHOP,0.913,b'\x06\x00\x00\x00\x00\x00\x00\x00',HOLD,91.66,TRADE
2026-03-26T07:02:51.889564+00:00,X:SOLUSD,CHOP,0.913,b'\x06\x00\x00\x00\x00\x00\x00\x00',HOLD,91.66,TRADE
2026-03-26T10:29:40.991142+00:00,X:SOLUSD,CHOP,0.947,b'\x06\x00\x00\x00\x00\x00\x00\x00',HOLD,91.66,TRADE
2026-03-26T12:08:48.625684+00:00,X:SOLUSD,BULL,0.739,b'\x06\x00\x00\x00\x00\x00\x00\x00',HOLD,91.66,TRADE
2026-03-26T15:00:40.188575+00:00,X:SOLUSD,CHOP,0.771,b'\x06\x00\x00\x00\x00\x00\x00\x00',HOLD,91.66,TRADE
2026-03-26T16:19:20.737522+00:00,X:SOLUSD,CHOP,0.771,b'\x06\x00\x00\x00\x00\x00\x00\x00',HOLD,91.66,TRADE
2026-03-26T17:06:23.492450+00:00,X:SOLUSD,CHOP,0.771,b'\x06\x00\x00\x00\x00\x00\x00\x00',HOLD,91.66,TRADE
2026-03-26T18:10:09.595327+00:00,X:SOLUSD,CHOP,0.854,b'\x06\x00\x00\x00\x00\x00\x00\x00',HOLD,91.66,TRADE
2026-03-26T19:08:54.310425+00:00,X:SOLUSD,CHOP,0.854,b'\x06\x00\x00\x00\x00\x00\x00\x00',HOLD,91.66,TRADE
2026-03-26T19:53:53.201301+00:00,X:SOLUSD,CHOP,0.854,b'\x06\x00\x00\x00\x00\x00\x00\x00',HOLD,91.66,TRADE
2026-03-26T20:27:54.504168+00:00,X:SOLUSD,CHOP,0.955,b'\x06\x00\x00\x00\x00\x00\x00\x00',HOLD,91.66,TRADE
2026-03-26T21:42:59.087779+00:00,X:SOLUSD,CHOP,0.955,b'\x06\x00\x00\x00\x00\x00\x00\x00',HOLD,91.66,TRADE
2026-03-26T22:41:56.098996+00:00,X:SOLUSD,CHOP,0.955,b'\x06\x00\x00\x00\x00\x00\x00\x00',HOLD,91.66,TRADE
2026-03-26T23:43:17.991949+00:00,X:SOLUSD,BEAR,0.736,b'\x06\x00\x00\x00\x00\x00\x00\x00',SELL,91.66,TRADE
2026-03-27T00:28:52.389678+00:00,X:SOLUSD,CHOP,0.999,b'\x04\x00\x00\x00\x00\x00\x00\x00',HOLD,86.47,TRADE
2026-03-27T01:14:07.194982+00:00,X:SOLUSD,CHOP,0.999,b'\x04\x00\x00\x00\x00\x00\x00\x00',HOLD,86.47,TRADE
2026-03-27T01:46:16.594818+00:00,X:SOLUSD,CHOP,0.999,b'\x04\x00\x00\x00\x00\x00\x00\x00',HOLD,86.47,TRADE
2026-03-27T02:15:20.398106+00:00,X:SOLUSD,CHOP,0.906,b'\x04\x00\x00\x00\x00\x00\x00\x00',HOLD,86.47,HOLD
2026-03-27T02:45:09.617947+00:00,X:SOLUSD,CHOP,0.906,b'\x04\x00\x00\x00\x00\x00\x00\x00',HOLD,86.47,HOLD
2026-03-27T03:17:51.396944+00:00,X:SOLUSD,BEAR,0.997,b'\x04\x00\x00\x00\x00\x00\x00\x00',SELL,86.47,HOLD
2026-03-27T04:01:48.293949+00:00,X:SOLUSD,BEAR,0.997,b'\x04\x00\x00\x00\x00\x00\x00\x00',SELL,86.47,HOLD
2026-03-27T04:55:17.062426+00:00,X:SOLUSD,BEAR,0.997,b'\x04\x00\x00\x00\x00\x00\x00\x00',SELL,86.47,TRADE
2026-03-27T05:23:56.421835+00:00,X:SOLUSD,CHOP,0.997,b'\x04\x00\x00\x00\x00\x00\x00\x00',HOLD,86.47,TRADE
2026-03-27T06:10:12.276656+00:00,X:SOLUSD,CHOP,0.997,b'\x04\x00\x00\x00\x00\x00\x00\x00',HOLD,86.47,TRADE
2026-03-27T06:39:42.983427+00:00,X:SOLUSD,CHOP,0.997,b'\x04\x00\x00\x00\x00\x00\x00\x00',HOLD,86.47,TRADE
2026-03-27T07:24:12.966560+00:00,X:SOLUSD,CHOP,0.997,b'\x04\x00\x00\x00\x00\x00\x00\x00',HOLD,86.47,TRADE
2026-03-27T07:55:51.037597+00:00,X:SOLUSD,CHOP,0.997,b'\x04\x00\x00\x00\x00\x00\x00\x00',HOLD,86.47,TRADE
2026-03-27T08:40:04.081793+00:00,X:SOLUSD,BEAR,0.753,b'\x04\x00\x00\x00\x00\x00\x00\x00',SELL,86.47,TRADE
2026-03-27T09:11:36.799165+00:00,X:SOLUSD,BEAR,0.753,b'\x04\x00\x00\x00\x00\x00\x00\x00',SELL,86.47,TRADE
2026-03-27T09:55:39.368042+00:00,X:SOLUSD,BEAR,0.753,b'\x04\x00\x00\x00\x00\x00\x00\x00',SELL,86.47,TRADE
2026-03-27T10:26:53.083009+00:00,X:SOLUSD,BEAR,0.753,b'\x04\x00\x00\x00\x00\x00\x00\x00',SELL,86.47,TRADE
2026-03-27T11:11:16.419162+00:00,X:SOLUSD,CHOP,0.993,b'\x04\x00\x00\x00\x00\x00\x00\x00',HOLD,86.47,TRADE
2026-03-27T11:43:49.060060+00:00,X:SOLUSD,CHOP,0.993,b'\x04\x00\x00\x00\x00\x00\x00\x00',HOLD,86.47,TRADE
2026-03-27T13:28:06.549991+00:00,X:SOLUSD,CHOP,0.995,b'\x04\x00\x00\x00\x00\x00\x00\x00',HOLD,86.47,TRADE
2026-03-27T14:31:22.941917+00:00,X:SOLUSD,CHOP,0.986,b'\x04\x00\x00\x00\x00\x00\x00\x00',HOLD,86.47,TRADE
2026-03-27T15:14:56.353147+00:00,X:SOLUSD,CHOP,0.986,b'\x04\x00\x00\x00\x00\x00\x00\x00',HOLD,86.47,TRADE
2026-03-27T16:00:52.100360+00:00,X:SOLUSD,CHOP,0.986,b'\x04\x00\x00\x00\x00\x00\x00\x00',HOLD,86.47,TRADE
2026-03-27T17:02:41.400520+00:00,X:SOLUSD,CHOP,0.986,b'\x04\x00\x00\x00\x00\x00\x00\x00',HOLD,86.47,TRADE
2026-03-27T17:46:23.401024+00:00,X:SOLUSD,CHOP,0.989,b'\x04\x00\x00\x00\x00\x00\x00\x00',HOLD,86.47,TRADE
2026-03-27T18:31:41.166780+00:00,X:SOLUSD,CHOP,0.989,b'\x04\x00\x00\x00\x00\x00\x00\x00',HOLD,86.47,TRADE
2026-03-27T19:47:46.788943+00:00,X:SOLUSD,CHOP,0.997,b'\x04\x00\x00\x00\x00\x00\x00\x00',HOLD,86.47,TRADE
2026-03-27T20:19:55.828833+00:00,X:SOLUSD,BEAR,0.994,b'\x04\x00\x00\x00\x00\x00\x00\x00',SELL,86.47,TRADE
2026-03-27T21:34:35.382860+00:00,X:SOLUSD,BEAR,0.994,b'\x04\x00\x00\x00\x00\x00\x00\x00',SELL,86.47,TRADE
2026-03-27T21:59:19.095227+00:00,X:SOLUSD,BEAR,0.994,b'\x04\x00\x00\x00\x00\x00\x00\x00',SELL,86.47,TRADE
2026-03-28T02:21:09.001567+00:00,X:SOLUSD,BEAR,0.945,b'\x03\x00\x00\x00\x00\x00\x00\x00',SELL,82.99,HOLD
2026-03-28T06:48:45.231188+00:00,X:SOLUSD,BEAR,0.989,b'\x03\x00\x00\x00\x00\x00\x00\x00',SELL,82.99,TRADE
2026-03-28T11:17:42.723522+00:00,X:SOLUSD,BEAR,0.96,b'\x03\x00\x00\x00\x00\x00\x00\x00',SELL,82.99,HOLD
2026-03-28T15:40:03.690204+00:00,X:SOLUSD,BEAR,0.973,b'\x03\x00\x00\x00\x00\x00\x00\x00',SELL,82.99,HOLD
2026-03-28T20:10:22.293675+00:00,X:SOLUSD,CHOP,0.894,b'\x03\x00\x00\x00\x00\x00\x00\x00',HOLD,82.99,HOLD
2026-03-29T00:22:47.696154+00:00,X:SOLUSD,CHOP,0.987,b'\x04\x00\x00\x00\x00\x00\x00\x00',HOLD,81.98,HOLD
2026-03-29T04:36:15.809391+00:00,X:SOLUSD,BEAR,0.837,b'\x04\x00\x00\x00\x00\x00\x00\x00',SELL,81.98,HOLD
2026-03-29T04:59:09.391254+00:00,X:SOLUSD,BEAR,0.837,b'\x04\x00\x00\x00\x00\x00\x00\x00',SELL,81.98,HOLD
2026-03-29T09:20:44.888822+00:00,X:SOLUSD,BEAR,0.915,b'\x04\x00\x00\x00\x00\x00\x00\x00',SELL,81.98,TRADE
2026-03-29T13:47:12.295213+00:00,X:SOLUSD,CHOP,0.953,b'\x04\x00\x00\x00\x00\x00\x00\x00',HOLD,81.98,HOLD
2026-03-29T17:54:25.503953+00:00,X:SOLUSD,CHOP,0.895,b'\x04\x00\x00\x00\x00\x00\x00\x00',HOLD,81.98,HOLD
2026-03-29T22:06:46.200525+00:00,X:SOLUSD,BULL,0.779,b'\x04\x00\x00\x00\x00\x00\x00\x00',HOLD,81.98,HOLD
2026-03-30T02:19:08.287730+00:00,X:SOLUSD,BULL,0.997,b'\x06\x00\x00\x00\x00\x00\x00\x00',HOLD,81.36,TRADE
2026-03-30T03:54:06.216447+00:00,X:SOLUSD,BEAR,0.956,b'\x05\x00\x00\x00\x00\x00\x00\x00',SELL,81.36,HOLD
2026-03-30T04:07:33.396069+00:00,X:SOLUSD,BEAR,0.958,b'\x05\x00\x00\x00\x00\x00\x00\x00',SELL,81.36,HOLD
2026-03-30T08:10:23.208160+00:00,X:SOLUSD,BEAR,0.982,b'\x05\x00\x00\x00\x00\x00\x00\x00',SELL,81.36,TRADE
2026-03-30T12:12:57.837074+00:00,X:SOLUSD,CHOP,0.928,b'\x05\x00\x00\x00\x00\x00\x00\x00',HOLD,81.36,TRADE
2026-03-30T16:15:22.088987+00:00,X:SOLUSD,BEAR,0.991,b'\x05\x00\x00\x00\x00\x00\x00\x00',SELL,81.36,TRADE
2026-03-30T20:18:28.197398+00:00,X:SOLUSD,BEAR,0.967,b'\x05\x00\x00\x00\x00\x00\x00\x00',SELL,81.36,HOLD
2026-03-31T00:21:18.107590+00:00,X:SOLUSD,CHOP,0.937,b'\x06\x00\x00\x00\x00\x00\x00\x00',HOLD,82.41,HOLD
2026-03-31T04:24:08.398730+00:00,X:SOLUSD,CHOP,0.972,b'\x06\x00\x00\x00\x00\x00\x00\x00',HOLD,82.41,HOLD
2026-03-31T08:26:44.230342+00:00,X:SOLUSD,CHOP,0.897,b'\x06\x00\x00\x00\x00\x00\x00\x00',HOLD,82.41,HOLD
2026-03-31T12:29:20.918449+00:00,X:SOLUSD,CHOP,0.904,b'\x06\x00\x00\x00\x00\x00\x00\x00',HOLD,82.41,HOLD
2026-03-31T16:31:37.102352+00:00,X:SOLUSD,CHOP,0.797,b'\x06\x00\x00\x00\x00\x00\x00\x00',HOLD,82.41,HOLD
2026-03-31T20:34:27.889770+00:00,X:SOLUSD,CHOP,0.821,b'\x06\x00\x00\x00\x00\x00\x00\x00',HOLD,82.41,HOLD
2026-04-01T00:37:14.096938+00:00,X:SOLUSD,CHOP,0.872,b'\x05\x00\x00\x00\x00\x00\x00\x00',HOLD,83.1,TRADE
2026-04-01T04:39:47.529471+00:00,X:SOLUSD,CHOP,0.978,b'\x05\x00\x00\x00\x00\x00\x00\x00',HOLD,83.1,HOLD
2026-04-01T08:41:53.105835+00:00,X:SOLUSD,CHOP,0.98,b'\x05\x00\x00\x00\x00\x00\x00\x00',HOLD,83.1,HOLD
2026-04-01T12:44:20.490619+00:00,X:SOLUSD,CHOP,0.982,b'\x05\x00\x00\x00\x00\x00\x00\x00',HOLD,83.1,HOLD
2026-04-01T16:47:21.592181+00:00,X:SOLUSD,CHOP,0.983,b'\x05\x00\x00\x00\x00\x00\x00\x00',HOLD,83.1,HOLD
2026-04-01T20:50:02.399526+00:00,X:SOLUSD,CHOP,0.97,b'\x05\x00\x00\x00\x00\x00\x00\x00',HOLD,83.1,HOLD
2026-04-02T00:52:11.271008+00:00,X:SOLUSD,CHOP,0.568,b'\x06\x00\x00\x00\x00\x00\x00\x00',HOLD,81.19,TRADE
2026-04-02T04:56:37.006353+00:00,X:SOLUSD,BULL,0.744,b'\x06\x00\x00\x00\x00\x00\x00\x00',BUY,81.19,HOLD
2026-04-02T08:59:50.308678+00:00,X:SOLUSD,BULL,0.768,b'\x06\x00\x00\x00\x00\x00\x00\x00',BUY,81.19,HOLD
2026-04-02T13:02:01.192289+00:00,X:SOLUSD,BULL,0.898,b'\x06\x00\x00\x00\x00\x00\x00\x00',BUY,81.19,HOLD
2026-04-02T17:04:45.519961+00:00,X:SOLUSD,BEAR,0.649,b'\x06\x00\x00\x00\x00\x00\x00\x00',SELL,81.19,HOLD
2026-04-02T21:07:17.702849+00:00,X:SOLUSD,BEAR,0.804,b'\x06\x00\x00\x00\x00\x00\x00\x00',SELL,81.19,HOLD
2026-04-03T01:09:59.826034+00:00,X:SOLUSD,CHOP,0.888,b'\x04\x00\x00\x00\x00\x00\x00\x00',HOLD,78.94,HOLD
2026-04-03T05:12:59.810796+00:00,X:SOLUSD,BULL,0.935,b'\x04\x00\x00\x00\x00\x00\x00\x00',HOLD,78.94,HOLD
2026-04-03T09:15:53.200033+00:00,X:SOLUSD,CHOP,0.891,b'\x04\x00\x00\x00\x00\x00\x00\x00',HOLD,78.94,HOLD
2026-04-03T13:18:58.522936+00:00,X:SOLUSD,CHOP,0.763,b'\x04\x00\x00\x00\x00\x00\x00\x00',HOLD,78.94,HOLD
2026-04-03T17:21:48.607251+00:00,X:SOLUSD,CHOP,0.898,b'\x04\x00\x00\x00\x00\x00\x00\x00',HOLD,78.94,HOLD
2026-04-03T21:24:31.417665+00:00,X:SOLUSD,CHOP,0.886,b'\x04\x00\x00\x00\x00\x00\x00\x00',HOLD,78.94,HOLD
2026-04-04T01:27:07.700550+00:00,X:SOLUSD,CHOP,0.967,b'\x06\x00\x00\x00\x00\x00\x00\x00',HOLD,80.37,HOLD
2026-04-04T05:29:14.852140+00:00,X:SOLUSD,CHOP,0.966,b'\x06\x00\x00\x00\x00\x00\x00\x00',HOLD,80.37,HOLD
2026-04-04T09:31:38.404392+00:00,X:SOLUSD,CHOP,0.966,b'\x06\x00\x00\x00\x00\x00\x00\x00',HOLD,80.37,HOLD
2026-04-04T13:33:55.701856+00:00,X:SOLUSD,CHOP,0.973,b'\x06\x00\x00\x00\x00\x00\x00\x00',HOLD,80.37,HOLD
2026-04-04T17:36:26.420889+00:00,X:SOLUSD,CHOP,0.973,b'\x06\x00\x00\x00\x00\x00\x00\x00',HOLD,80.37,HOLD
2026-04-04T21:38:46.923749+00:00,X:SOLUSD,CHOP,0.967,b'\x06\x00\x00\x00\x00\x00\x00\x00',HOLD,80.37,HOLD
2026-04-05T01:41:19.812979+00:00,X:SOLUSD,CHOP,0.996,b'\x06\x00\x00\x00\x00\x00\x00\x00',HOLD,80.82,HOLD
2026-04-05T05:43:39.232575+00:00,X:SOLUSD,CHOP,0.99,b'\x06\x00\x00\x00\x00\x00\x00\x00',HOLD,80.82,HOLD
2026-04-05T09:45:49.218083+00:00,X:SOLUSD,CHOP,0.998,b'\x06\x00\x00\x00\x00\x00\x00\x00',HOLD,80.82,HOLD
2026-04-05T13:48:10.911101+00:00,X:SOLUSD,CHOP,0.997,b'\x06\x00\x00\x00\x00\x00\x00\x00',HOLD,80.82,HOLD
2026-04-05T17:50:33.844543+00:00,X:SOLUSD,CHOP,0.994,b'\x06\x00\x00\x00\x00\x00\x00\x00',HOLD,80.82,HOLD
2026-04-05T21:53:00.799938+00:00,X:SOLUSD,CHOP,0.995,b'\x06\x00\x00\x00\x00\x00\x00\x00',HOLD,80.82,HOLD
2026-04-06T01:56:09.796764+00:00,X:SOLUSD,BEAR,0.947,b'\x07\x00\x00\x00\x00\x00\x00\x00',SELL,81.83,HOLD
2026-04-06T05:58:31.608691+00:00,X:SOLUSD,BEAR,0.906,b'\x07\x00\x00\x00\x00\x00\x00\x00',SELL,81.83,HOLD
2026-04-06T10:00:44.053546+00:00,X:SOLUSD,BEAR,0.985,b'\x07\x00\x00\x00\x00\x00\x00\x00',SELL,81.83,HOLD
2026-04-06T14:03:58.413681+00:00,X:SOLUSD,BEAR,0.89,b'\x07\x00\x00\x00\x00\x00\x00\x00',SELL,81.83,HOLD
2026-04-06T18:06:49.501767+00:00,X:SOLUSD,BEAR,0.94,b'\x07\x00\x00\x00\x00\x00\x00\x00',SELL,81.83,HOLD
2026-04-06T22:09:27.214912+00:00,X:SOLUSD,BEAR,0.921,b'\x07\x00\x00\x00\x00\x00\x00\x00',SELL,81.83,HOLD
2026-04-07T02:12:20.926466+00:00,X:SOLUSD,BEAR,0.968,b'\x06\x00\x00\x00\x00\x00\x00\x00',SELL,80.05,TRADE
2026-04-07T06:14:27.502477+00:00,X:SOLUSD,BEAR,0.961,b'\x06\x00\x00\x00\x00\x00\x00\x00',SELL,80.05,HOLD
2026-04-07T10:16:13.467205+00:00,X:SOLUSD,BEAR,0.968,b'\x06\x00\x00\x00\x00\x00\x00\x00',SELL,80.05,HOLD
2026-04-07T14:18:16.109735+00:00,X:SOLUSD,BEAR,0.946,b'\x06\x00\x00\x00\x00\x00\x00\x00',SELL,80.05,HOLD
2026-04-07T18:21:00.513345+00:00,X:SOLUSD,CHOP,0.987,b'\x06\x00\x00\x00\x00\x00\x00\x00',HOLD,80.05,HOLD
2026-04-07T22:23:42.500339+00:00,X:SOLUSD,BEAR,0.916,b'\x06\x00\x00\x00\x00\x00\x00\x00',SELL,80.05,HOLD
2026-04-08T02:26:40.388528+00:00,X:SOLUSD,BULL,1.0,b'\x06\x00\x00\x00\x00\x00\x00\x00',BUY,85.74,TRADE
2026-04-08T06:28:31.651032+00:00,X:SOLUSD,BULL,0.998,b'\x06\x00\x00\x00\x00\x00\x00\x00',BUY,85.74,HOLD
2026-04-08T10:30:20.232026+00:00,X:SOLUSD,BULL,1.0,b'\x06\x00\x00\x00\x00\x00\x00\x00',BUY,85.74,HOLD
2026-04-08T14:32:51.341193+00:00,X:SOLUSD,BULL,1.0,b'\x06\x00\x00\x00\x00\x00\x00\x00',BUY,85.74,HOLD
2026-04-08T18:35:59.690427+00:00,X:SOLUSD,BULL,1.0,b'\x06\x00\x00\x00\x00\x00\x00\x00',BUY,85.74,HOLD
2026-04-08T22:38:26.895816+00:00,X:SOLUSD,BULL,0.999,b'\x06\x00\x00\x00\x00\x00\x00\x00',BUY,85.74,HOLD
2026-04-09T02:41:30.891241+00:00,X:SOLUSD,CHOP,0.807,b'\x07\x00\x00\x00\x00\x00\x00\x00',HOLD,82.57,TRADE
2026-04-09T06:44:18.937960+00:00,X:SOLUSD,BULL,0.979,b'\x07\x00\x00\x00\x00\x00\x00\x00',BUY,82.57,HOLD
2026-04-09T10:47:37.625083+00:00,X:SOLUSD,CHOP,0.93,b'\x07\x00\x00\x00\x00\x00\x00\x00',HOLD,82.57,HOLD
2026-04-09T14:50:25.818925+00:00,X:SOLUSD,BULL,0.885,b'\x07\x00\x00\x00\x00\x00\x00\x00',BUY,82.57,HOLD
2026-04-09T18:53:05.396477+00:00,X:SOLUSD,CHOP,0.993,b'\x07\x00\x00\x00\x00\x00\x00\x00',HOLD,82.57,HOLD
2026-04-09T22:55:43.487818+00:00,X:SOLUSD,CHOP,0.986,b'\x07\x00\x00\x00\x00\x00\x00\x00',HOLD,82.57,HOLD
2026-04-10T02:59:03.197600+00:00,X:SOLUSD,CHOP,0.886,b'\x06\x00\x00\x00\x00\x00\x00\x00',HOLD,83.34,TRADE
2026-04-10T07:01:34.486803+00:00,X:SOLUSD,BULL,0.769,b'\x06\x00\x00\x00\x00\x00\x00\x00',BUY,83.34,TRADE
2026-04-10T11:03:28.479341+00:00,X:SOLUSD,CHOP,0.806,b'\x06\x00\x00\x00\x00\x00\x00\x00',HOLD,83.34,HOLD
2026-04-10T15:06:48.193129+00:00,X:SOLUSD,CHOP,0.891,b'\x06\x00\x00\x00\x00\x00\x00\x00',HOLD,83.34,HOLD
2026-04-10T19:10:03.513578+00:00,X:SOLUSD,BEAR,0.894,b'\x06\x00\x00\x00\x00\x00\x00\x00',SELL,83.34,TRADE
2026-04-10T23:12:41.999344+00:00,X:SOLUSD,CHOP,0.907,b'\x06\x00\x00\x00\x00\x00\x00\x00',HOLD,83.34,HOLD
2026-04-11T03:15:56.895311+00:00,X:SOLUSD,BULL,0.673,b'\x07\x00\x00\x00\x00\x00\x00\x00',HOLD,84.83,HOLD
2026-04-11T07:18:51.729126+00:00,X:SOLUSD,CHOP,0.942,b'\x07\x00\x00\x00\x00\x00\x00\x00',HOLD,84.83,HOLD
2026-04-11T11:20:32.651398+00:00,X:SOLUSD,BULL,0.888,b'\x07\x00\x00\x00\x00\x00\x00\x00',BUY,84.83,HOLD
2026-04-11T15:23:18.490705+00:00,X:SOLUSD,CHOP,0.873,b'\x07\x00\x00\x00\x00\x00\x00\x00',HOLD,84.83,HOLD
2026-04-11T19:26:03.117011+00:00,X:SOLUSD,CHOP,0.916,b'\x07\x00\x00\x00\x00\x00\x00\x00',HOLD,84.83,HOLD
2026-04-11T23:29:30.899572+00:00,X:SOLUSD,CHOP,0.884,b'\x07\x00\x00\x00\x00\x00\x00\x00',HOLD,84.83,HOLD
2026-04-12T03:32:07.112523+00:00,X:SOLUSD,CHOP,0.706,b'\x07\x00\x00\x00\x00\x00\x00\x00',HOLD,84.94,HOLD
2026-04-12T07:34:15.392227+00:00,X:SOLUSD,CHOP,0.834,b'\x07\x00\x00\x00\x00\x00\x00\x00',HOLD,84.94,HOLD
2026-04-12T11:36:57.850996+00:00,X:SOLUSD,CHOP,0.805,b'\x07\x00\x00\x00\x00\x00\x00\x00',HOLD,84.94,TRADE
2026-04-12T15:39:50.403354+00:00,X:SOLUSD,CHOP,0.63,b'\x07\x00\x00\x00\x00\x00\x00\x00',HOLD,84.94,TRADE
2026-04-12T19:42:58.992997+00:00,X:SOLUSD,CHOP,0.743,b'\x07\x00\x00\x00\x00\x00\x00\x00',HOLD,84.94,HOLD
2026-04-12T23:44:37.963144+00:00,X:SOLUSD,CHOP,0.845,b'\x07\x00\x00\x00\x00\x00\x00\x00',HOLD,84.94,HOLD
2026-04-13T03:47:28.408027+00:00,X:SOLUSD,BEAR,0.999,b'\x05\x00\x00\x00\x00\x00\x00\x00',SELL,81.57,HOLD
2026-04-13T07:49:07.743231+00:00,X:SOLUSD,CHOP,0.969,b'\x05\x00\x00\x00\x00\x00\x00\x00',HOLD,81.57,HOLD
2026-04-13T11:50:46.293991+00:00,X:SOLUSD,BEAR,0.984,b'\x05\x00\x00\x00\x00\x00\x00\x00',SELL,81.57,HOLD
2026-04-13T15:52:56.215459+00:00,X:SOLUSD,BEAR,0.926,b'\x05\x00\x00\x00\x00\x00\x00\x00',SELL,81.57,HOLD
2026-04-13T19:54:43.879140+00:00,X:SOLUSD,BEAR,0.999,b'\x05\x00\x00\x00\x00\x00\x00\x00',SELL,81.57,HOLD
2026-04-13T23:56:23.575576+00:00,X:SOLUSD,BEAR,0.985,b'\x05\x00\x00\x00\x00\x00\x00\x00',SELL,81.57,HOLD
2026-04-14T03:58:26.758061+00:00,X:SOLUSD,BULL,0.651,b'\x07\x00\x00\x00\x00\x00\x00\x00',HOLD,86.61,TRADE
2026-04-14T08:00:04.993269+00:00,X:SOLUSD,BEAR,0.646,b'\x07\x00\x00\x00\x00\x00\x00\x00',SELL,86.61,HOLD
2026-04-14T12:01:45.835997+00:00,X:SOLUSD,BULL,0.537,b'\x07\x00\x00\x00\x00\x00\x00\x00',HOLD,86.61,TRADE
2026-04-14T16:04:04.193082+00:00,X:SOLUSD,BULL,0.736,b'\x07\x00\x00\x00\x00\x00\x00\x00',BUY,86.61,HOLD
2026-04-14T20:05:44.676031+00:00,X:SOLUSD,CHOP,0.735,b'\x07\x00\x00\x00\x00\x00\x00\x00',HOLD,86.56,HOLD
2026-04-15T00:07:23.848309+00:00,X:SOLUSD,CHOP,0.758,b'\x08\x00\x00\x00\x00\x00\x00\x00',HOLD,83.74,HOLD
2026-04-15T04:09:06.142691+00:00,X:SOLUSD,CHOP,0.722,b'\x08\x00\x00\x00\x00\x00\x00\x00',HOLD,83.74,HOLD
2026-04-15T08:10:51.796165+00:00,X:SOLUSD,CHOP,0.949,b'\x08\x00\x00\x00\x00\x00\x00\x00',HOLD,83.74,HOLD
2026-04-15T12:12:31.705854+00:00,X:SOLUSD,CHOP,0.856,b'\x08\x00\x00\x00\x00\x00\x00\x00',HOLD,83.74,HOLD
2026-04-15T16:14:26.162047+00:00,X:SOLUSD,CHOP,0.806,b'\x08\x00\x00\x00\x00\x00\x00\x00',HOLD,83.74,HOLD
2026-04-15T20:16:10.204113+00:00,X:SOLUSD,CHOP,0.915,b'\x08\x00\x00\x00\x00\x00\x00\x00',HOLD,83.74,HOLD
2026-04-16T00:17:51.231925+00:00,X:SOLUSD,CHOP,0.993,b'\x06\x00\x00\x00\x00\x00\x00\x00',HOLD,84.93,HOLD
2026-04-16T04:19:40.401527+00:00,X:SOLUSD,CHOP,0.98,b'\x06\x00\x00\x00\x00\x00\x00\x00',HOLD,84.93,HOLD
2026-04-16T08:21:23.037226+00:00,X:SOLUSD,CHOP,0.703,b'\x06\x00\x00\x00\x00\x00\x00\x00',HOLD,84.93,HOLD
2026-04-16T12:23:11.809537+00:00,X:SOLUSD,CHOP,0.923,b'\x06\x00\x00\x00\x00\x00\x00\x00',HOLD,84.93,HOLD
2026-04-16T16:25:15.008470+00:00,X:SOLUSD,CHOP,0.915,b'\x06\x00\x00\x00\x00\x00\x00\x00',HOLD,84.93,HOLD
2026-04-16T20:27:02.109724+00:00,X:SOLUSD,BULL,0.876,b'\x06\x00\x00\x00\x00\x00\x00\x00',BUY,84.93,HOLD
2026-04-17T00:28:41.152027+00:00,X:SOLUSD,BULL,0.926,b'\x07\x00\x00\x00\x00\x00\x00\x00',BUY,89.11,HOLD
2026-04-17T04:30:42.031026+00:00,X:SOLUSD,BULL,0.956,b'\x07\x00\x00\x00\x00\x00\x00\x00',BUY,89.11,HOLD
2026-04-17T08:32:20.506131+00:00,X:SOLUSD,CHOP,0.845,b'\x07\x00\x00\x00\x00\x00\x00\x00',HOLD,89.11,HOLD
2026-04-17T12:34:02.743507+00:00,X:SOLUSD,CHOP,0.801,b'\x07\x00\x00\x00\x00\x00\x00\x00',HOLD,89.11,HOLD
2026-04-17T16:36:07.622423+00:00,X:SOLUSD,BULL,0.871,b'\x07\x00\x00\x00\x00\x00\x00\x00',BUY,89.11,HOLD
2026-04-17T20:37:46.712641+00:00,X:SOLUSD,CHOP,0.803,b'\x07\x00\x00\x00\x00\x00\x00\x00',HOLD,89.11,HOLD
2026-04-18T00:40:20.430401+00:00,X:SOLUSD,CHOP,0.591,b'\x07\x00\x00\x00\x00\x00\x00\x00',HOLD,88.86,HOLD
2026-04-18T04:41:59.834315+00:00,X:SOLUSD,CHOP,0.803,b'\x07\x00\x00\x00\x00\x00\x00\x00',HOLD,88.86,HOLD
2026-04-18T08:43:54.342001+00:00,X:SOLUSD,CHOP,0.809,b'\x07\x00\x00\x00\x00\x00\x00\x00',HOLD,88.86,HOLD
2026-04-18T12:45:36.243750+00:00,X:SOLUSD,CHOP,0.827,b'\x07\x00\x00\x00\x00\x00\x00\x00',HOLD,88.86,HOLD
2026-04-18T16:47:19.213665+00:00,X:SOLUSD,CHOP,0.772,b'\x07\x00\x00\x00\x00\x00\x00\x00',HOLD,88.86,HOLD
2026-04-18T20:49:01.333540+00:00,X:SOLUSD,CHOP,0.749,b'\x07\x00\x00\x00\x00\x00\x00\x00',HOLD,88.86,HOLD
2026-04-19T00:51:50.696052+00:00,X:SOLUSD,CHOP,0.987,b'\x05\x00\x00\x00\x00\x00\x00\x00',HOLD,86.17,HOLD
2026-04-19T04:53:31.650424+00:00,X:SOLUSD,CHOP,0.993,b'\x05\x00\x00\x00\x00\x00\x00\x00',HOLD,86.17,HOLD
2026-04-19T08:55:22.312237+00:00,X:SOLUSD,CHOP,0.989,b'\x05\x00\x00\x00\x00\x00\x00\x00',HOLD,86.17,HOLD
2026-04-19T12:57:01.927905+00:00,X:SOLUSD,CHOP,0.975,b'\x05\x00\x00\x00\x00\x00\x00\x00',HOLD,86.17,HOLD
2026-04-19T16:58:38.955103+00:00,X:SOLUSD,CHOP,0.997,b'\x05\x00\x00\x00\x00\x00\x00\x00',HOLD,86.17,HOLD
2026-04-19T21:00:20.835452+00:00,X:SOLUSD,CHOP,0.989,b'\x05\x00\x00\x00\x00\x00\x00\x00',HOLD,86.17,HOLD
2026-04-20T01:02:07.766967+00:00,X:SOLUSD,BEAR,0.993,b'\x05\x00\x00\x00\x00\x00\x00\x00',SELL,83.54,TRADE
2026-04-28T04:14:47.806440+00:00,X:SOLUSD,CHOP,0.967,b'\x03\x00\x00\x00\x00\x00\x00\x00',HOLD,84.8,SHADOW
2026-04-28T08:18:22.503509+00:00,X:SOLUSD,CHOP,0.976,b'\x03\x00\x00\x00\x00\x00\x00\x00',HOLD,84.8,SHADOW
2026-04-28T12:20:55.394337+00:00,X:SOLUSD,CHOP,0.959,b'\x03\x00\x00\x00\x00\x00\x00\x00',HOLD,84.8,SHADOW
2026-04-28T16:23:47.393241+00:00,X:SOLUSD,CHOP,0.968,b'\x03\x00\x00\x00\x00\x00\x00\x00',HOLD,84.8,SHADOW
2026-04-28T20:26:51.646697+00:00,X:SOLUSD,CHOP,0.969,b'\x03\x00\x00\x00\x00\x00\x00\x00',HOLD,84.8,SHADOW
2026-04-29T00:29:24.393625+00:00,X:SOLUSD,CHOP,0.994,b'\x03\x00\x00\x00\x00\x00\x00\x00',HOLD,84.06,SHADOW
2026-04-29T04:32:03.041475+00:00,X:SOLUSD,CHOP,0.995,b'\x03\x00\x00\x00\x00\x00\x00\x00',HOLD,84.06,SHADOW
2026-04-29T08:34:11.916141+00:00,X:SOLUSD,CHOP,0.994,b'\x03\x00\x00\x00\x00\x00\x00\x00',HOLD,84.06,SHADOW
2026-04-29T12:36:43.094607+00:00,X:SOLUSD,CHOP,0.994,b'\x03\x00\x00\x00\x00\x00\x00\x00',HOLD,84.06,SHADOW
2026-04-29T16:39:57.395777+00:00,X:SOLUSD,CHOP,0.994,b'\x03\x00\x00\x00\x00\x00\x00\x00',HOLD,84.06,SHADOW
2026-04-29T20:43:36.993780+00:00,X:SOLUSD,CHOP,0.993,b'\x03\x00\x00\x00\x00\x00\x00\x00',HOLD,84.06,SHADOW
2026-04-30T00:46:30.716420+00:00,X:SOLUSD,CHOP,0.887,b'\x04\x00\x00\x00\x00\x00\x00\x00',HOLD,83.02,SHADOW
2026-04-30T04:49:22.193435+00:00,X:SOLUSD,BULL,0.838,b'\x04\x00\x00\x00\x00\x00\x00\x00',HOLD,83.02,SHADOW
2026-04-30T08:51:05.968751+00:00,X:SOLUSD,BULL,0.885,b'\x04\x00\x00\x00\x00\x00\x00\x00',HOLD,83.02,SHADOW
2026-04-30T12:53:45.192524+00:00,X:SOLUSD,BULL,0.853,b'\x04\x00\x00\x00\x00\x00\x00\x00',HOLD,83.02,SHADOW
2026-04-30T16:56:31.291903+00:00,X:SOLUSD,BULL,0.913,b'\x04\x00\x00\x00\x00\x00\x00\x00',HOLD,83.02,SHADOW
2026-04-30T20:59:14.216492+00:00,X:SOLUSD,BULL,0.904,b'\x04\x00\x00\x00\x00\x00\x00\x00',HOLD,83.02,SHADOW
2026-05-01T01:02:06.394244+00:00,X:SOLUSD,CHOP,1.0,b'\x05\x00\x00\x00\x00\x00\x00\x00',HOLD,83.03,SHADOW
2026-05-01T05:04:37.381685+00:00,X:SOLUSD,CHOP,1.0,b'\x05\x00\x00\x00\x00\x00\x00\x00',HOLD,83.03,SHADOW
2026-05-01T09:07:00.607511+00:00,X:SOLUSD,CHOP,0.999,b'\x05\x00\x00\x00\x00\x00\x00\x00',HOLD,83.03,SHADOW
2026-05-01T13:09:35.093859+00:00,X:SOLUSD,CHOP,1.0,b'\x05\x00\x00\x00\x00\x00\x00\x00',HOLD,83.03,SHADOW
2026-05-01T17:13:06.418100+00:00,X:SOLUSD,CHOP,1.0,b'\x05\x00\x00\x00\x00\x00\x00\x00',HOLD,83.03,SHADOW
2026-05-01T21:16:31.801850+00:00,X:SOLUSD,CHOP,1.0,b'\x05\x00\x00\x00\x00\x00\x00\x00',HOLD,83.03,SHADOW
2026-05-02T01:19:28.738005+00:00,X:SOLUSD,CHOP,0.996,b'\x05\x00\x00\x00\x00\x00\x00\x00',HOLD,83.74,SHADOW
2026-05-02T05:23:02.812900+00:00,X:SOLUSD,CHOP,0.996,b'\x05\x00\x00\x00\x00\x00\x00\x00',HOLD,83.74,SHADOW
2026-05-02T09:25:25.809335+00:00,X:SOLUSD,CHOP,0.997,b'\x05\x00\x00\x00\x00\x00\x00\x00',HOLD,83.74,SHADOW
2026-05-02T13:27:52.711053+00:00,X:SOLUSD,CHOP,0.995,b'\x05\x00\x00\x00\x00\x00\x00\x00',HOLD,83.74,SHADOW
2026-05-02T17:32:02.904961+00:00,X:SOLUSD,CHOP,0.997,b'\x05\x00\x00\x00\x00\x00\x00\x00',HOLD,83.74,SHADOW
2026-05-02T21:34:39.806321+00:00,X:SOLUSD,CHOP,0.995,b'\x05\x00\x00\x00\x00\x00\x00\x00',HOLD,83.74,SHADOW
2026-05-03T01:37:16.890211+00:00,X:SOLUSD,CHOP,0.91,b'\x05\x00\x00\x00\x00\x00\x00\x00',HOLD,84.27,SHADOW
2026-05-03T05:39:40.098041+00:00,X:SOLUSD,CHOP,0.955,b'\x05\x00\x00\x00\x00\x00\x00\x00',HOLD,84.27,SHADOW
2026-05-03T09:42:20.914524+00:00,X:SOLUSD,CHOP,0.944,b'\x05\x00\x00\x00\x00\x00\x00\x00',HOLD,84.27,SHADOW
2026-05-03T13:44:53.318062+00:00,X:SOLUSD,CHOP,0.969,b'\x05\x00\x00\x00\x00\x00\x00\x00',HOLD,84.27,SHADOW
2026-05-03T17:47:38.790640+00:00,X:SOLUSD,CHOP,0.978,b'\x05\x00\x00\x00\x00\x00\x00\x00',HOLD,84.27,SHADOW
2026-05-03T21:50:15.197073+00:00,X:SOLUSD,CHOP,0.848,b'\x05\x00\x00\x00\x00\x00\x00\x00',HOLD,84.27,SHADOW
2026-05-04T01:52:43.402141+00:00,X:SOLUSD,CHOP,0.933,b'\x06\x00\x00\x00\x00\x00\x00\x00',HOLD,83.88,SHADOW
2026-05-04T05:55:21.612145+00:00,X:SOLUSD,BEAR,0.948,b'\x06\x00\x00\x00\x00\x00\x00\x00',SELL,83.88,SHADOW
2026-05-04T09:57:59.011674+00:00,X:SOLUSD,BEAR,0.938,b'\x06\x00\x00\x00\x00\x00\x00\x00',SELL,83.88,SHADOW
2026-05-04T14:00:41.516549+00:00,X:SOLUSD,CHOP,0.927,b'\x06\x00\x00\x00\x00\x00\x00\x00',HOLD,83.88,SHADOW
2026-05-04T18:03:35.721158+00:00,X:SOLUSD,CHOP,0.978,b'\x06\x00\x00\x00\x00\x00\x00\x00',HOLD,83.88,SHADOW
2026-05-04T22:06:07.390723+00:00,X:SOLUSD,BULL,0.88,b'\x06\x00\x00\x00\x00\x00\x00\x00',BUY,83.88,SHADOW
2026-05-05T02:08:34.808118+00:00,X:SOLUSD,CHOP,0.844,b'\x05\x00\x00\x00\x00\x00\x00\x00',HOLD,84.09,SHADOW
2026-05-05T06:11:02.216005+00:00,X:SOLUSD,CHOP,0.914,b'\x05\x00\x00\x00\x00\x00\x00\x00',HOLD,84.09,SHADOW
2026-05-05T10:13:52.595235+00:00,X:SOLUSD,CHOP,0.97,b'\x05\x00\x00\x00\x00\x00\x00\x00',HOLD,84.09,SHADOW
2026-05-05T14:17:28.602610+00:00,X:SOLUSD,CHOP,0.929,b'\x05\x00\x00\x00\x00\x00\x00\x00',HOLD,84.09,SHADOW
2026-05-05T18:20:27.396728+00:00,X:SOLUSD,BEAR,0.963,b'\x05\x00\x00\x00\x00\x00\x00\x00',SELL,84.09,SHADOW
2026-05-05T22:23:12.216838+00:00,X:SOLUSD,CHOP,0.96,b'\x05\x00\x00\x00\x00\x00\x00\x00',HOLD,84.09,SHADOW
2026-03-22T19:08:59.604044+00:00,X:SUIUSD,BEAR,1.0,b'\x05\x00\x00\x00\x00\x00\x00\x00',SELL,0.93,HOLD
2026-03-22T23:23:01.294224+00:00,X:SUIUSD,BEAR,0.772,b'\x05\x00\x00\x00\x00\x00\x00\x00',SELL,0.93,HOLD
2026-03-23T03:32:34.089162+00:00,X:SUIUSD,CHOP,0.821,b'\x04\x00\x00\x00\x00\x00\x00\x00',HOLD,0.9,HOLD
2026-03-23T07:40:19.589989+00:00,X:SUIUSD,CHOP,0.879,b'\x04\x00\x00\x00\x00\x00\x00\x00',HOLD,0.9,HOLD
2026-03-23T11:45:44.432381+00:00,X:SUIUSD,CHOP,0.734,b'\x04\x00\x00\x00\x00\x00\x00\x00',HOLD,0.9,HOLD
2026-03-23T15:54:05.698438+00:00,X:SUIUSD,CHOP,0.928,b'\x04\x00\x00\x00\x00\x00\x00\x00',HOLD,0.9,HOLD
2026-03-23T20:00:41.393205+00:00,X:SUIUSD,BULL,0.844,b'\x04\x00\x00\x00\x00\x00\x00\x00',HOLD,0.9,HOLD
2026-03-23T20:42:54.390659+00:00,X:SUIUSD,BULL,0.844,b'\x04\x00\x00\x00\x00\x00\x00\x00',HOLD,0.9,TRADE
2026-03-24T01:05:49.445738+00:00,X:SUIUSD,CHOP,1.0,b'\x06\x00\x00\x00\x00\x00\x00\x00',HOLD,0.95,HOLD
2026-03-24T05:21:55.289049+00:00,X:SUIUSD,BULL,0.999,b'\x06\x00\x00\x00\x00\x00\x00\x00',HOLD,0.95,HOLD
2026-03-24T09:48:26.694793+00:00,X:SUIUSD,BULL,0.999,b'\x06\x00\x00\x00\x00\x00\x00\x00',HOLD,0.95,HOLD
2026-03-24T14:10:30.687721+00:00,X:SUIUSD,BULL,0.999,b'\x06\x00\x00\x00\x00\x00\x00\x00',HOLD,0.95,HOLD
2026-03-24T18:28:16.691233+00:00,X:SUIUSD,BULL,1.0,b'\x06\x00\x00\x00\x00\x00\x00\x00',HOLD,0.95,HOLD
2026-03-24T23:07:10.996728+00:00,X:SUIUSD,CHOP,0.999,b'\x06\x00\x00\x00\x00\x00\x00\x00',HOLD,0.95,HOLD
2026-03-25T02:31:46.796395+00:00,X:SUIUSD,BEAR,0.95,b'\x06\x00\x00\x00\x00\x00\x00\x00',SELL,0.95,TRADE
2026-03-25T06:48:17.989659+00:00,X:SUIUSD,CHOP,0.772,b'\x06\x00\x00\x00\x00\x00\x00\x00',HOLD,0.95,HOLD
2026-03-25T11:00:27.987652+00:00,X:SUIUSD,BULL,0.851,b'\x06\x00\x00\x00\x00\x00\x00\x00',HOLD,0.95,HOLD
2026-03-25T15:19:17.696481+00:00,X:SUIUSD,BULL,0.899,b'\x06\x00\x00\x00\x00\x00\x00\x00',HOLD,0.95,HOLD
2026-03-25T19:37:46.821160+00:00,X:SUIUSD,CHOP,0.901,b'\x06\x00\x00\x00\x00\x00\x00\x00',HOLD,0.95,HOLD
2026-03-25T23:51:10.032889+00:00,X:SUIUSD,BULL,0.855,b'\x06\x00\x00\x00\x00\x00\x00\x00',HOLD,0.95,HOLD
2026-03-26T02:06:44.348082+00:00,X:SUIUSD,CHOP,0.99,b'\x06\x00\x00\x00\x00\x00\x00\x00',HOLD,0.97,TRADE
2026-03-26T02:54:03.794037+00:00,X:SUIUSD,CHOP,0.99,b'\x06\x00\x00\x00\x00\x00\x00\x00',HOLD,0.97,TRADE
2026-03-26T03:26:15.675446+00:00,X:SUIUSD,BULL,0.997,b'\x06\x00\x00\x00\x00\x00\x00\x00',HOLD,0.97,TRADE
2026-03-26T03:59:57.189478+00:00,X:SUIUSD,BULL,0.997,b'\x06\x00\x00\x00\x00\x00\x00\x00',HOLD,0.97,TRADE
2026-03-26T04:45:33.691483+00:00,X:SUIUSD,BULL,0.997,b'\x06\x00\x00\x00\x00\x00\x00\x00',HOLD,0.97,TRADE
2026-03-26T05:26:36.660021+00:00,X:SUIUSD,BULL,0.997,b'\x06\x00\x00\x00\x00\x00\x00\x00',HOLD,0.97,TRADE
2026-03-26T06:06:53.405813+00:00,X:SUIUSD,BULL,0.997,b'\x06\x00\x00\x00\x00\x00\x00\x00',HOLD,0.97,TRADE
2026-03-26T07:02:51.889564+00:00,X:SUIUSD,BULL,0.997,b'\x06\x00\x00\x00\x00\x00\x00\x00',HOLD,0.97,TRADE
2026-03-26T10:29:40.991142+00:00,X:SUIUSD,BULL,0.979,b'\x06\x00\x00\x00\x00\x00\x00\x00',HOLD,0.97,TRADE
2026-03-26T12:08:48.625684+00:00,X:SUIUSD,CHOP,0.874,b'\x06\x00\x00\x00\x00\x00\x00\x00',HOLD,0.97,TRADE
2026-03-26T15:00:40.188575+00:00,X:SUIUSD,CHOP,0.874,b'\x06\x00\x00\x00\x00\x00\x00\x00',HOLD,0.97,TRADE
2026-03-26T16:19:20.737522+00:00,X:SUIUSD,CHOP,0.87,b'\x06\x00\x00\x00\x00\x00\x00\x00',HOLD,0.97,TRADE
2026-03-26T17:06:23.492450+00:00,X:SUIUSD,CHOP,0.87,b'\x06\x00\x00\x00\x00\x00\x00\x00',HOLD,0.97,TRADE
2026-03-26T18:10:09.595327+00:00,X:SUIUSD,CHOP,0.87,b'\x06\x00\x00\x00\x00\x00\x00\x00',HOLD,0.97,TRADE
2026-03-26T19:08:54.310425+00:00,X:SUIUSD,CHOP,0.976,b'\x06\x00\x00\x00\x00\x00\x00\x00',HOLD,0.97,TRADE
2026-03-26T19:53:53.201301+00:00,X:SUIUSD,CHOP,0.976,b'\x06\x00\x00\x00\x00\x00\x00\x00',HOLD,0.97,TRADE
2026-03-26T20:27:54.504168+00:00,X:SUIUSD,CHOP,0.976,b'\x06\x00\x00\x00\x00\x00\x00\x00',HOLD,0.97,TRADE
2026-03-26T21:42:59.087779+00:00,X:SUIUSD,CHOP,0.976,b'\x06\x00\x00\x00\x00\x00\x00\x00',HOLD,0.97,TRADE
2026-03-26T22:41:56.098996+00:00,X:SUIUSD,CHOP,0.976,b'\x06\x00\x00\x00\x00\x00\x00\x00',HOLD,0.97,TRADE
2026-03-26T23:43:17.991949+00:00,X:SUIUSD,CHOP,0.99,b'\x06\x00\x00\x00\x00\x00\x00\x00',HOLD,0.97,TRADE
2026-03-27T00:28:52.389678+00:00,X:SUIUSD,CHOP,0.571,b'\x04\x00\x00\x00\x00\x00\x00\x00',HOLD,0.93,TRADE
2026-03-27T01:14:07.194982+00:00,X:SUIUSD,CHOP,0.571,b'\x04\x00\x00\x00\x00\x00\x00\x00',HOLD,0.93,TRADE
2026-03-27T01:46:16.594818+00:00,X:SUIUSD,CHOP,0.571,b'\x04\x00\x00\x00\x00\x00\x00\x00',HOLD,0.93,TRADE
2026-03-27T02:15:20.398106+00:00,X:SUIUSD,CHOP,0.571,b'\x04\x00\x00\x00\x00\x00\x00\x00',HOLD,0.93,HOLD
2026-03-27T02:45:09.617947+00:00,X:SUIUSD,CHOP,0.571,b'\x04\x00\x00\x00\x00\x00\x00\x00',HOLD,0.93,HOLD
2026-03-27T03:17:51.396944+00:00,X:SUIUSD,CHOP,0.715,b'\x04\x00\x00\x00\x00\x00\x00\x00',HOLD,0.93,HOLD
2026-03-27T04:01:48.293949+00:00,X:SUIUSD,CHOP,0.715,b'\x04\x00\x00\x00\x00\x00\x00\x00',HOLD,0.93,HOLD
2026-03-27T04:55:17.062426+00:00,X:SUIUSD,CHOP,0.715,b'\x04\x00\x00\x00\x00\x00\x00\x00',HOLD,0.93,TRADE
2026-03-27T05:23:56.421835+00:00,X:SUIUSD,CHOP,0.715,b'\x04\x00\x00\x00\x00\x00\x00\x00',HOLD,0.93,TRADE
2026-03-27T06:10:12.276656+00:00,X:SUIUSD,CHOP,0.861,b'\x04\x00\x00\x00\x00\x00\x00\x00',HOLD,0.93,TRADE
2026-03-27T06:39:42.983427+00:00,X:SUIUSD,CHOP,0.861,b'\x04\x00\x00\x00\x00\x00\x00\x00',HOLD,0.93,TRADE
2026-03-27T07:24:12.966560+00:00,X:SUIUSD,CHOP,0.71,b'\x04\x00\x00\x00\x00\x00\x00\x00',HOLD,0.93,TRADE
2026-03-27T07:55:51.037597+00:00,X:SUIUSD,CHOP,0.71,b'\x04\x00\x00\x00\x00\x00\x00\x00',HOLD,0.93,TRADE
2026-03-27T08:40:04.081793+00:00,X:SUIUSD,CHOP,0.71,b'\x04\x00\x00\x00\x00\x00\x00\x00',HOLD,0.93,TRADE
2026-03-27T09:11:36.799165+00:00,X:SUIUSD,CHOP,0.793,b'\x04\x00\x00\x00\x00\x00\x00\x00',HOLD,0.93,TRADE
2026-03-27T09:55:39.368042+00:00,X:SUIUSD,CHOP,0.793,b'\x04\x00\x00\x00\x00\x00\x00\x00',HOLD,0.93,TRADE
2026-03-27T10:26:53.083009+00:00,X:SUIUSD,CHOP,0.754,b'\x04\x00\x00\x00\x00\x00\x00\x00',HOLD,0.93,TRADE
2026-03-27T11:11:16.419162+00:00,X:SUIUSD,CHOP,0.793,b'\x04\x00\x00\x00\x00\x00\x00\x00',HOLD,0.93,TRADE
2026-03-27T11:43:49.060060+00:00,X:SUIUSD,CHOP,0.793,b'\x04\x00\x00\x00\x00\x00\x00\x00',HOLD,0.93,TRADE
2026-03-27T13:28:06.549991+00:00,X:SUIUSD,CHOP,0.793,b'\x04\x00\x00\x00\x00\x00\x00\x00',HOLD,0.93,TRADE
2026-03-27T14:31:22.941917+00:00,X:SUIUSD,CHOP,0.793,b'\x04\x00\x00\x00\x00\x00\x00\x00',HOLD,0.93,TRADE
2026-03-27T15:14:56.353147+00:00,X:SUIUSD,BULL,0.947,b'\x04\x00\x00\x00\x00\x00\x00\x00',HOLD,0.93,TRADE
2026-03-27T16:00:52.100360+00:00,X:SUIUSD,BULL,0.947,b'\x04\x00\x00\x00\x00\x00\x00\x00',HOLD,0.93,TRADE
2026-03-27T17:02:41.400520+00:00,X:SUIUSD,BULL,0.947,b'\x04\x00\x00\x00\x00\x00\x00\x00',HOLD,0.93,TRADE
2026-03-27T17:46:23.401024+00:00,X:SUIUSD,BULL,0.947,b'\x04\x00\x00\x00\x00\x00\x00\x00',HOLD,0.93,TRADE
2026-03-27T18:31:41.166780+00:00,X:SUIUSD,BULL,0.947,b'\x04\x00\x00\x00\x00\x00\x00\x00',HOLD,0.93,TRADE
2026-03-27T19:47:46.788943+00:00,X:SUIUSD,CHOP,0.902,b'\x04\x00\x00\x00\x00\x00\x00\x00',HOLD,0.93,TRADE
2026-03-27T20:19:55.828833+00:00,X:SUIUSD,CHOP,0.902,b'\x04\x00\x00\x00\x00\x00\x00\x00',HOLD,0.93,TRADE
2026-03-27T21:34:35.382860+00:00,X:SUIUSD,CHOP,0.902,b'\x04\x00\x00\x00\x00\x00\x00\x00',HOLD,0.93,TRADE
2026-03-27T21:59:19.095227+00:00,X:SUIUSD,CHOP,0.902,b'\x04\x00\x00\x00\x00\x00\x00\x00',HOLD,0.93,TRADE
2026-03-28T02:21:09.001567+00:00,X:SUIUSD,CHOP,0.942,b'\x04\x00\x00\x00\x00\x00\x00\x00',HOLD,0.88,HOLD
2026-03-28T06:48:45.231188+00:00,X:SUIUSD,CHOP,0.962,b'\x04\x00\x00\x00\x00\x00\x00\x00',HOLD,0.88,TRADE
2026-03-28T11:17:42.723522+00:00,X:SUIUSD,CHOP,0.911,b'\x04\x00\x00\x00\x00\x00\x00\x00',HOLD,0.88,HOLD
2026-03-28T15:40:03.690204+00:00,X:SUIUSD,BEAR,0.986,b'\x04\x00\x00\x00\x00\x00\x00\x00',SELL,0.88,HOLD
2026-03-28T20:10:22.293675+00:00,X:SUIUSD,BULL,0.931,b'\x04\x00\x00\x00\x00\x00\x00\x00',HOLD,0.88,HOLD
2026-03-29T00:22:47.696154+00:00,X:SUIUSD,BEAR,0.988,b'\x04\x00\x00\x00\x00\x00\x00\x00',SELL,0.86,HOLD
2026-03-29T04:36:15.809391+00:00,X:SUIUSD,BEAR,0.992,b'\x04\x00\x00\x00\x00\x00\x00\x00',SELL,0.86,HOLD
2026-03-29T04:59:09.391254+00:00,X:SUIUSD,BEAR,0.886,b'\x04\x00\x00\x00\x00\x00\x00\x00',SELL,0.86,HOLD
2026-03-29T09:20:44.888822+00:00,X:SUIUSD,BEAR,0.993,b'\x04\x00\x00\x00\x00\x00\x00\x00',SELL,0.86,TRADE
2026-03-29T13:47:12.295213+00:00,X:SUIUSD,BEAR,0.985,b'\x04\x00\x00\x00\x00\x00\x00\x00',SELL,0.86,HOLD
2026-03-29T17:54:25.503953+00:00,X:SUIUSD,BEAR,0.807,b'\x04\x00\x00\x00\x00\x00\x00\x00',SELL,0.86,HOLD
2026-03-29T22:06:46.200525+00:00,X:SUIUSD,CHOP,1.0,b'\x04\x00\x00\x00\x00\x00\x00\x00',HOLD,0.86,HOLD
2026-03-30T02:19:08.287730+00:00,X:SUIUSD,BULL,0.806,b'\x05\x00\x00\x00\x00\x00\x00\x00',BUY,0.85,TRADE
2026-03-30T03:54:06.216447+00:00,X:SUIUSD,CHOP,0.953,b'\x05\x00\x00\x00\x00\x00\x00\x00',HOLD,0.85,HOLD
2026-03-30T04:07:33.396069+00:00,X:SUIUSD,CHOP,0.989,b'\x05\x00\x00\x00\x00\x00\x00\x00',HOLD,0.85,HOLD
2026-03-30T08:10:23.208160+00:00,X:SUIUSD,BULL,0.972,b'\x05\x00\x00\x00\x00\x00\x00\x00',BUY,0.85,TRADE
2026-03-30T12:12:57.837074+00:00,X:SUIUSD,BEAR,0.869,b'\x05\x00\x00\x00\x00\x00\x00\x00',SELL,0.85,TRADE
2026-03-30T16:15:22.088987+00:00,X:SUIUSD,BULL,0.973,b'\x05\x00\x00\x00\x00\x00\x00\x00',BUY,0.85,TRADE
2026-03-30T20:18:28.197398+00:00,X:SUIUSD,BULL,0.978,b'\x05\x00\x00\x00\x00\x00\x00\x00',BUY,0.85,HOLD
2026-03-31T00:21:18.107590+00:00,X:SUIUSD,BULL,0.848,b'\x05\x00\x00\x00\x00\x00\x00\x00',BUY,0.86,HOLD
2026-03-31T04:24:08.398730+00:00,X:SUIUSD,CHOP,0.937,b'\x05\x00\x00\x00\x00\x00\x00\x00',HOLD,0.86,HOLD
2026-03-31T08:26:44.230342+00:00,X:SUIUSD,CHOP,0.808,b'\x05\x00\x00\x00\x00\x00\x00\x00',HOLD,0.86,HOLD
2026-03-31T12:29:20.918449+00:00,X:SUIUSD,BULL,0.777,b'\x05\x00\x00\x00\x00\x00\x00\x00',BUY,0.86,HOLD
2026-03-31T16:31:37.102352+00:00,X:SUIUSD,CHOP,0.802,b'\x05\x00\x00\x00\x00\x00\x00\x00',HOLD,0.86,HOLD
2026-03-31T20:34:27.889770+00:00,X:SUIUSD,CHOP,0.786,b'\x05\x00\x00\x00\x00\x00\x00\x00',HOLD,0.86,HOLD
2026-04-01T00:37:14.096938+00:00,X:SUIUSD,CHOP,0.789,b'\x04\x00\x00\x00\x00\x00\x00\x00',HOLD,0.88,TRADE
2026-04-01T04:39:47.529471+00:00,X:SUIUSD,CHOP,0.866,b'\x04\x00\x00\x00\x00\x00\x00\x00',HOLD,0.88,HOLD
2026-04-01T08:41:53.105835+00:00,X:SUIUSD,BULL,0.891,b'\x04\x00\x00\x00\x00\x00\x00\x00',HOLD,0.88,HOLD
2026-04-01T12:44:20.490619+00:00,X:SUIUSD,BULL,0.793,b'\x04\x00\x00\x00\x00\x00\x00\x00',HOLD,0.88,HOLD
2026-04-01T16:47:21.592181+00:00,X:SUIUSD,BULL,0.601,b'\x04\x00\x00\x00\x00\x00\x00\x00',HOLD,0.88,HOLD
2026-04-01T20:50:02.399526+00:00,X:SUIUSD,CHOP,0.777,b'\x04\x00\x00\x00\x00\x00\x00\x00',HOLD,0.88,HOLD
2026-04-02T00:52:11.271008+00:00,X:SUIUSD,BULL,0.884,b'\x06\x00\x00\x00\x00\x00\x00\x00',BUY,0.88,TRADE
2026-04-02T04:56:37.006353+00:00,X:SUIUSD,BULL,0.829,b'\x06\x00\x00\x00\x00\x00\x00\x00',BUY,0.88,HOLD
2026-04-02T08:59:50.308678+00:00,X:SUIUSD,BULL,0.883,b'\x06\x00\x00\x00\x00\x00\x00\x00',BUY,0.88,HOLD
2026-04-02T13:02:01.192289+00:00,X:SUIUSD,CHOP,0.799,b'\x06\x00\x00\x00\x00\x00\x00\x00',HOLD,0.88,HOLD
2026-04-02T17:04:45.519961+00:00,X:SUIUSD,CHOP,0.874,b'\x06\x00\x00\x00\x00\x00\x00\x00',HOLD,0.88,HOLD
2026-04-02T21:07:17.702849+00:00,X:SUIUSD,BULL,0.669,b'\x06\x00\x00\x00\x00\x00\x00\x00',HOLD,0.88,HOLD
2026-04-03T01:09:59.826034+00:00,X:SUIUSD,CHOP,0.978,b'\x03\x00\x00\x00\x00\x00\x00\x00',HOLD,0.86,HOLD
2026-04-03T05:12:59.810796+00:00,X:SUIUSD,CHOP,0.958,b'\x03\x00\x00\x00\x00\x00\x00\x00',HOLD,0.86,HOLD
2026-04-03T09:15:53.200033+00:00,X:SUIUSD,CHOP,0.962,b'\x03\x00\x00\x00\x00\x00\x00\x00',HOLD,0.86,HOLD
2026-04-03T13:18:58.522936+00:00,X:SUIUSD,CHOP,0.924,b'\x03\x00\x00\x00\x00\x00\x00\x00',HOLD,0.86,HOLD
2026-04-03T17:21:48.607251+00:00,X:SUIUSD,CHOP,0.984,b'\x03\x00\x00\x00\x00\x00\x00\x00',HOLD,0.86,HOLD
2026-04-03T21:24:31.417665+00:00,X:SUIUSD,CHOP,0.944,b'\x03\x00\x00\x00\x00\x00\x00\x00',HOLD,0.86,HOLD
2026-04-04T01:27:07.700550+00:00,X:SUIUSD,CHOP,0.995,b'\x05\x00\x00\x00\x00\x00\x00\x00',HOLD,0.87,HOLD
2026-04-04T05:29:14.852140+00:00,X:SUIUSD,CHOP,0.987,b'\x05\x00\x00\x00\x00\x00\x00\x00',HOLD,0.87,HOLD
2026-04-04T09:31:38.404392+00:00,X:SUIUSD,CHOP,0.99,b'\x05\x00\x00\x00\x00\x00\x00\x00',HOLD,0.87,HOLD
2026-04-04T13:33:55.701856+00:00,X:SUIUSD,CHOP,0.99,b'\x05\x00\x00\x00\x00\x00\x00\x00',HOLD,0.87,HOLD
2026-04-04T17:36:26.420889+00:00,X:SUIUSD,CHOP,0.994,b'\x05\x00\x00\x00\x00\x00\x00\x00',HOLD,0.87,HOLD
2026-04-04T21:38:46.923749+00:00,X:SUIUSD,CHOP,0.994,b'\x05\x00\x00\x00\x00\x00\x00\x00',HOLD,0.87,HOLD
2026-04-05T01:41:19.812979+00:00,X:SUIUSD,CHOP,0.937,b'\x05\x00\x00\x00\x00\x00\x00\x00',HOLD,0.87,HOLD
2026-04-05T05:43:39.232575+00:00,X:SUIUSD,CHOP,0.939,b'\x05\x00\x00\x00\x00\x00\x00\x00',HOLD,0.87,HOLD
2026-04-05T09:45:49.218083+00:00,X:SUIUSD,CHOP,0.977,b'\x05\x00\x00\x00\x00\x00\x00\x00',HOLD,0.87,HOLD
2026-04-05T13:48:10.911101+00:00,X:SUIUSD,CHOP,0.958,b'\x05\x00\x00\x00\x00\x00\x00\x00',HOLD,0.87,HOLD
2026-04-05T17:50:33.844543+00:00,X:SUIUSD,CHOP,0.97,b'\x05\x00\x00\x00\x00\x00\x00\x00',HOLD,0.87,HOLD
2026-04-05T21:53:00.799938+00:00,X:SUIUSD,CHOP,0.955,b'\x05\x00\x00\x00\x00\x00\x00\x00',HOLD,0.87,HOLD
2026-04-06T01:56:09.796764+00:00,X:SUIUSD,BULL,0.985,b'\x06\x00\x00\x00\x00\x00\x00\x00',BUY,0.87,HOLD
2026-04-06T05:58:31.608691+00:00,X:SUIUSD,BULL,0.982,b'\x06\x00\x00\x00\x00\x00\x00\x00',BUY,0.87,HOLD
2026-04-06T10:00:44.053546+00:00,X:SUIUSD,BULL,0.988,b'\x06\x00\x00\x00\x00\x00\x00\x00',BUY,0.87,HOLD
2026-04-06T14:03:58.413681+00:00,X:SUIUSD,BULL,0.993,b'\x06\x00\x00\x00\x00\x00\x00\x00',BUY,0.87,HOLD
2026-04-06T18:06:49.501767+00:00,X:SUIUSD,BULL,0.988,b'\x06\x00\x00\x00\x00\x00\x00\x00',BUY,0.87,HOLD
2026-04-06T22:09:27.214912+00:00,X:SUIUSD,BULL,0.99,b'\x06\x00\x00\x00\x00\x00\x00\x00',BUY,0.87,HOLD
2026-04-07T02:12:20.926466+00:00,X:SUIUSD,BEAR,0.97,b'\x07\x00\x00\x00\x00\x00\x00\x00',SELL,0.87,TRADE
2026-04-07T06:14:27.502477+00:00,X:SUIUSD,BEAR,0.897,b'\x07\x00\x00\x00\x00\x00\x00\x00',SELL,0.87,HOLD
2026-04-07T10:16:13.467205+00:00,X:SUIUSD,BEAR,0.807,b'\x07\x00\x00\x00\x00\x00\x00\x00',SELL,0.87,HOLD
2026-04-07T14:18:16.109735+00:00,X:SUIUSD,BEAR,0.88,b'\x07\x00\x00\x00\x00\x00\x00\x00',SELL,0.87,HOLD
2026-04-07T18:21:00.513345+00:00,X:SUIUSD,CHOP,0.762,b'\x07\x00\x00\x00\x00\x00\x00\x00',HOLD,0.87,HOLD
2026-04-07T22:23:42.500339+00:00,X:SUIUSD,BEAR,0.89,b'\x07\x00\x00\x00\x00\x00\x00\x00',SELL,0.87,HOLD
2026-04-08T02:26:40.388528+00:00,X:SUIUSD,BULL,1.0,b'\x06\x00\x00\x00\x00\x00\x00\x00',BUY,0.96,TRADE
2026-04-08T06:28:31.651032+00:00,X:SUIUSD,BULL,1.0,b'\x06\x00\x00\x00\x00\x00\x00\x00',BUY,0.96,HOLD
2026-04-08T10:30:20.232026+00:00,X:SUIUSD,BULL,1.0,b'\x06\x00\x00\x00\x00\x00\x00\x00',BUY,0.96,HOLD
2026-04-08T14:32:51.341193+00:00,X:SUIUSD,BULL,1.0,b'\x06\x00\x00\x00\x00\x00\x00\x00',BUY,0.96,HOLD
2026-04-08T18:35:59.690427+00:00,X:SUIUSD,BULL,1.0,b'\x06\x00\x00\x00\x00\x00\x00\x00',BUY,0.96,HOLD
2026-04-08T22:38:26.895816+00:00,X:SUIUSD,BULL,1.0,b'\x06\x00\x00\x00\x00\x00\x00\x00',BUY,0.96,HOLD
2026-04-09T02:41:30.891241+00:00,X:SUIUSD,BULL,0.912,b'\x07\x00\x00\x00\x00\x00\x00\x00',BUY,0.91,TRADE
2026-04-09T06:44:18.937960+00:00,X:SUIUSD,CHOP,0.962,b'\x07\x00\x00\x00\x00\x00\x00\x00',HOLD,0.91,HOLD
2026-04-09T10:47:37.625083+00:00,X:SUIUSD,BULL,0.91,b'\x07\x00\x00\x00\x00\x00\x00\x00',BUY,0.91,HOLD
2026-04-09T14:50:25.818925+00:00,X:SUIUSD,CHOP,0.972,b'\x07\x00\x00\x00\x00\x00\x00\x00',HOLD,0.91,HOLD
2026-04-09T18:53:05.396477+00:00,X:SUIUSD,CHOP,0.937,b'\x07\x00\x00\x00\x00\x00\x00\x00',HOLD,0.91,HOLD
2026-04-09T22:55:43.487818+00:00,X:SUIUSD,BULL,0.905,b'\x07\x00\x00\x00\x00\x00\x00\x00',BUY,0.91,HOLD
2026-04-10T02:59:03.197600+00:00,X:SUIUSD,BEAR,0.888,b'\x06\x00\x00\x00\x00\x00\x00\x00',SELL,0.93,TRADE
2026-04-10T07:01:34.486803+00:00,X:SUIUSD,BEAR,0.659,b'\x06\x00\x00\x00\x00\x00\x00\x00',SELL,0.93,TRADE
2026-04-10T11:03:28.479341+00:00,X:SUIUSD,BEAR,0.662,b'\x06\x00\x00\x00\x00\x00\x00\x00',SELL,0.93,HOLD
2026-04-10T15:06:48.193129+00:00,X:SUIUSD,CHOP,0.768,b'\x06\x00\x00\x00\x00\x00\x00\x00',HOLD,0.93,HOLD
2026-04-10T19:10:03.513578+00:00,X:SUIUSD,CHOP,0.672,b'\x06\x00\x00\x00\x00\x00\x00\x00',HOLD,0.93,TRADE
2026-04-10T23:12:41.999344+00:00,X:SUIUSD,BEAR,0.817,b'\x06\x00\x00\x00\x00\x00\x00\x00',SELL,0.93,HOLD
2026-04-11T03:15:56.895311+00:00,X:SUIUSD,CHOP,0.72,b'\x07\x00\x00\x00\x00\x00\x00\x00',HOLD,0.94,HOLD
2026-04-11T07:18:51.729126+00:00,X:SUIUSD,CHOP,0.573,b'\x07\x00\x00\x00\x00\x00\x00\x00',HOLD,0.94,HOLD
2026-04-11T11:20:32.651398+00:00,X:SUIUSD,CHOP,0.869,b'\x07\x00\x00\x00\x00\x00\x00\x00',HOLD,0.94,HOLD
2026-04-11T15:23:18.490705+00:00,X:SUIUSD,BEAR,0.701,b'\x07\x00\x00\x00\x00\x00\x00\x00',SELL,0.94,HOLD
2026-04-11T19:26:03.117011+00:00,X:SUIUSD,CHOP,0.671,b'\x07\x00\x00\x00\x00\x00\x00\x00',HOLD,0.94,HOLD
2026-04-11T23:29:30.899572+00:00,X:SUIUSD,CHOP,0.637,b'\x07\x00\x00\x00\x00\x00\x00\x00',HOLD,0.94,HOLD
2026-04-12T03:32:07.112523+00:00,X:SUIUSD,CHOP,0.871,b'\x07\x00\x00\x00\x00\x00\x00\x00',HOLD,0.94,HOLD
2026-04-12T07:34:15.392227+00:00,X:SUIUSD,CHOP,0.93,b'\x07\x00\x00\x00\x00\x00\x00\x00',HOLD,0.94,HOLD
2026-04-12T11:36:57.850996+00:00,X:SUIUSD,CHOP,0.886,b'\x07\x00\x00\x00\x00\x00\x00\x00',HOLD,0.94,TRADE
2026-04-12T15:39:50.403354+00:00,X:SUIUSD,CHOP,0.886,b'\x07\x00\x00\x00\x00\x00\x00\x00',HOLD,0.94,TRADE
2026-04-12T19:42:58.992997+00:00,X:SUIUSD,CHOP,0.887,b'\x07\x00\x00\x00\x00\x00\x00\x00',HOLD,0.94,HOLD
2026-04-12T23:44:37.963144+00:00,X:SUIUSD,CHOP,0.858,b'\x07\x00\x00\x00\x00\x00\x00\x00',HOLD,0.94,HOLD
2026-04-13T03:47:28.408027+00:00,X:SUIUSD,CHOP,0.844,b'\x04\x00\x00\x00\x00\x00\x00\x00',HOLD,0.9,HOLD
2026-04-13T07:49:07.743231+00:00,X:SUIUSD,BEAR,0.925,b'\x04\x00\x00\x00\x00\x00\x00\x00',SELL,0.9,HOLD
2026-04-13T11:50:46.293991+00:00,X:SUIUSD,BEAR,0.924,b'\x04\x00\x00\x00\x00\x00\x00\x00',SELL,0.9,HOLD
2026-04-13T15:52:56.215459+00:00,X:SUIUSD,BEAR,0.907,b'\x04\x00\x00\x00\x00\x00\x00\x00',SELL,0.9,HOLD
2026-04-13T19:54:43.879140+00:00,X:SUIUSD,BEAR,0.905,b'\x04\x00\x00\x00\x00\x00\x00\x00',SELL,0.9,HOLD
2026-04-13T23:56:23.575576+00:00,X:SUIUSD,BEAR,0.857,b'\x04\x00\x00\x00\x00\x00\x00\x00',SELL,0.9,HOLD
2026-04-14T03:58:26.758061+00:00,X:SUIUSD,BULL,0.794,b'\x07\x00\x00\x00\x00\x00\x00\x00',BUY,0.96,TRADE
2026-04-14T08:00:04.993269+00:00,X:SUIUSD,BULL,0.748,b'\x07\x00\x00\x00\x00\x00\x00\x00',BUY,0.96,HOLD
2026-04-14T12:01:45.835997+00:00,X:SUIUSD,BEAR,0.593,b'\x07\x00\x00\x00\x00\x00\x00\x00',SELL,0.96,TRADE
2026-04-14T16:04:04.193082+00:00,X:SUIUSD,CHOP,0.62,b'\x07\x00\x00\x00\x00\x00\x00\x00',HOLD,0.96,HOLD
2026-04-14T20:05:44.676031+00:00,X:SUIUSD,BULL,0.563,b'\x07\x00\x00\x00\x00\x00\x00\x00',HOLD,0.96,HOLD
2026-04-15T00:07:23.848309+00:00,X:SUIUSD,CHOP,0.953,b'\x07\x00\x00\x00\x00\x00\x00\x00',HOLD,0.93,HOLD
2026-04-15T04:09:06.142691+00:00,X:SUIUSD,CHOP,0.968,b'\x07\x00\x00\x00\x00\x00\x00\x00',HOLD,0.93,HOLD
2026-04-15T08:10:51.796165+00:00,X:SUIUSD,CHOP,0.984,b'\x07\x00\x00\x00\x00\x00\x00\x00',HOLD,0.93,HOLD
2026-04-15T12:12:31.705854+00:00,X:SUIUSD,CHOP,0.981,b'\x07\x00\x00\x00\x00\x00\x00\x00',HOLD,0.93,HOLD
2026-04-15T16:14:26.162047+00:00,X:SUIUSD,CHOP,0.979,b'\x07\x00\x00\x00\x00\x00\x00\x00',HOLD,0.93,HOLD
2026-04-15T20:16:10.204113+00:00,X:SUIUSD,CHOP,0.975,b'\x07\x00\x00\x00\x00\x00\x00\x00',HOLD,0.93,HOLD
2026-04-16T00:17:51.231925+00:00,X:SUIUSD,CHOP,0.821,b'\x07\x00\x00\x00\x00\x00\x00\x00',HOLD,0.96,HOLD
2026-04-16T04:19:40.401527+00:00,X:SUIUSD,CHOP,0.805,b'\x07\x00\x00\x00\x00\x00\x00\x00',HOLD,0.96,HOLD
2026-04-16T08:21:23.037226+00:00,X:SUIUSD,CHOP,0.909,b'\x07\x00\x00\x00\x00\x00\x00\x00',HOLD,0.96,HOLD
2026-04-16T12:23:11.809537+00:00,X:SUIUSD,CHOP,0.811,b'\x07\x00\x00\x00\x00\x00\x00\x00',HOLD,0.96,HOLD
2026-04-16T16:25:15.008470+00:00,X:SUIUSD,CHOP,0.724,b'\x07\x00\x00\x00\x00\x00\x00\x00',HOLD,0.96,HOLD
2026-04-16T20:27:02.109724+00:00,X:SUIUSD,BULL,0.866,b'\x07\x00\x00\x00\x00\x00\x00\x00',BUY,0.96,HOLD
2026-04-17T00:28:41.152027+00:00,X:SUIUSD,BULL,0.762,b'\x07\x00\x00\x00\x00\x00\x00\x00',BUY,1.0,HOLD
2026-04-17T04:30:42.031026+00:00,X:SUIUSD,BULL,0.878,b'\x07\x00\x00\x00\x00\x00\x00\x00',BUY,1.0,HOLD
2026-04-17T08:32:20.506131+00:00,X:SUIUSD,BULL,0.987,b'\x07\x00\x00\x00\x00\x00\x00\x00',BUY,1.0,HOLD
2026-04-17T12:34:02.743507+00:00,X:SUIUSD,BULL,0.994,b'\x07\x00\x00\x00\x00\x00\x00\x00',BUY,1.0,HOLD
2026-04-17T16:36:07.622423+00:00,X:SUIUSD,CHOP,0.961,b'\x07\x00\x00\x00\x00\x00\x00\x00',HOLD,1.0,HOLD
2026-04-17T20:37:46.712641+00:00,X:SUIUSD,BULL,0.981,b'\x07\x00\x00\x00\x00\x00\x00\x00',BUY,1.0,HOLD
2026-04-18T00:40:20.430401+00:00,X:SUIUSD,BULL,0.734,b'\x08\x00\x00\x00\x00\x00\x00\x00',BUY,1.0,HOLD
2026-04-18T04:41:59.834315+00:00,X:SUIUSD,BULL,0.501,b'\x08\x00\x00\x00\x00\x00\x00\x00',HOLD,1.0,HOLD
2026-04-18T08:43:54.342001+00:00,X:SUIUSD,BEAR,0.48,b'\x08\x00\x00\x00\x00\x00\x00\x00',SELL,1.0,HOLD
2026-04-18T12:45:36.243750+00:00,X:SUIUSD,CHOP,0.543,b'\x08\x00\x00\x00\x00\x00\x00\x00',HOLD,1.0,HOLD
2026-04-18T16:47:19.213665+00:00,X:SUIUSD,CHOP,0.686,b'\x08\x00\x00\x00\x00\x00\x00\x00',HOLD,1.0,HOLD
2026-04-18T20:49:01.333540+00:00,X:SUIUSD,CHOP,0.558,b'\x08\x00\x00\x00\x00\x00\x00\x00',HOLD,1.0,HOLD
2026-04-19T00:51:50.696052+00:00,X:SUIUSD,CHOP,0.948,b'\x05\x00\x00\x00\x00\x00\x00\x00',HOLD,0.96,HOLD
2026-04-19T04:53:31.650424+00:00,X:SUIUSD,CHOP,0.981,b'\x05\x00\x00\x00\x00\x00\x00\x00',HOLD,0.96,HOLD
2026-04-19T08:55:22.312237+00:00,X:SUIUSD,CHOP,0.966,b'\x05\x00\x00\x00\x00\x00\x00\x00',HOLD,0.96,HOLD
2026-04-19T12:57:01.927905+00:00,X:SUIUSD,CHOP,0.953,b'\x05\x00\x00\x00\x00\x00\x00\x00',HOLD,0.96,HOLD
2026-04-19T16:58:38.955103+00:00,X:SUIUSD,CHOP,0.979,b'\x05\x00\x00\x00\x00\x00\x00\x00',HOLD,0.96,HOLD
2026-04-19T21:00:20.835452+00:00,X:SUIUSD,CHOP,0.982,b'\x05\x00\x00\x00\x00\x00\x00\x00',HOLD,0.96,HOLD
2026-04-20T01:02:07.766967+00:00,X:SUIUSD,CHOP,0.846,b'\x04\x00\x00\x00\x00\x00\x00\x00',HOLD,0.92,TRADE
2026-04-28T04:14:47.806440+00:00,X:SUIUSD,CHOP,0.646,b'\x03\x00\x00\x00\x00\x00\x00\x00',HOLD,0.94,SHADOW
2026-04-28T08:18:22.503509+00:00,X:SUIUSD,CHOP,0.796,b'\x03\x00\x00\x00\x00\x00\x00\x00',HOLD,0.94,SHADOW
2026-04-28T12:20:55.394337+00:00,X:SUIUSD,BEAR,0.863,b'\x03\x00\x00\x00\x00\x00\x00\x00',SELL,0.94,SHADOW
2026-04-28T16:23:47.393241+00:00,X:SUIUSD,CHOP,0.811,b'\x03\x00\x00\x00\x00\x00\x00\x00',HOLD,0.94,SHADOW
2026-04-28T20:26:51.646697+00:00,X:SUIUSD,CHOP,0.736,b'\x03\x00\x00\x00\x00\x00\x00\x00',HOLD,0.94,SHADOW
2026-04-29T00:29:24.393625+00:00,X:SUIUSD,CHOP,0.998,b'\x04\x00\x00\x00\x00\x00\x00\x00',HOLD,0.93,SHADOW
2026-04-29T04:32:03.041475+00:00,X:SUIUSD,BULL,0.996,b'\x04\x00\x00\x00\x00\x00\x00\x00',HOLD,0.93,SHADOW
2026-04-29T08:34:11.916141+00:00,X:SUIUSD,CHOP,0.998,b'\x04\x00\x00\x00\x00\x00\x00\x00',HOLD,0.93,SHADOW
2026-04-29T12:36:43.094607+00:00,X:SUIUSD,CHOP,0.998,b'\x04\x00\x00\x00\x00\x00\x00\x00',HOLD,0.93,SHADOW
2026-04-29T16:39:57.395777+00:00,X:SUIUSD,CHOP,0.998,b'\x04\x00\x00\x00\x00\x00\x00\x00',HOLD,0.93,SHADOW
2026-04-29T20:43:36.993780+00:00,X:SUIUSD,CHOP,0.996,b'\x04\x00\x00\x00\x00\x00\x00\x00',HOLD,0.93,SHADOW
2026-04-30T00:46:30.716420+00:00,X:SUIUSD,CHOP,0.908,b'\x04\x00\x00\x00\x00\x00\x00\x00',HOLD,0.91,SHADOW
2026-04-30T04:49:22.193435+00:00,X:SUIUSD,CHOP,0.846,b'\x04\x00\x00\x00\x00\x00\x00\x00',HOLD,0.91,SHADOW
2026-04-30T08:51:05.968751+00:00,X:SUIUSD,CHOP,0.831,b'\x04\x00\x00\x00\x00\x00\x00\x00',HOLD,0.91,SHADOW
2026-04-30T12:53:45.192524+00:00,X:SUIUSD,BULL,0.856,b'\x04\x00\x00\x00\x00\x00\x00\x00',HOLD,0.91,SHADOW
2026-04-30T16:56:31.291903+00:00,X:SUIUSD,CHOP,0.845,b'\x04\x00\x00\x00\x00\x00\x00\x00',HOLD,0.91,SHADOW
2026-04-30T20:59:14.216492+00:00,X:SUIUSD,CHOP,0.698,b'\x04\x00\x00\x00\x00\x00\x00\x00',HOLD,0.91,SHADOW
2026-05-01T01:02:06.394244+00:00,X:SUIUSD,CHOP,0.999,b'\x04\x00\x00\x00\x00\x00\x00\x00',HOLD,0.91,SHADOW
2026-05-01T05:04:37.381685+00:00,X:SUIUSD,BULL,0.998,b'\x04\x00\x00\x00\x00\x00\x00\x00',HOLD,0.91,SHADOW
2026-05-01T09:07:00.607511+00:00,X:SUIUSD,CHOP,0.999,b'\x04\x00\x00\x00\x00\x00\x00\x00',HOLD,0.91,SHADOW
2026-05-01T13:09:35.093859+00:00,X:SUIUSD,CHOP,0.999,b'\x04\x00\x00\x00\x00\x00\x00\x00',HOLD,0.91,SHADOW
2026-05-01T17:13:06.418100+00:00,X:SUIUSD,CHOP,0.999,b'\x04\x00\x00\x00\x00\x00\x00\x00',HOLD,0.91,SHADOW
2026-05-01T21:16:31.801850+00:00,X:SUIUSD,CHOP,0.999,b'\x04\x00\x00\x00\x00\x00\x00\x00',HOLD,0.91,SHADOW
2026-05-02T01:19:28.738005+00:00,X:SUIUSD,CHOP,0.992,b'\x06\x00\x00\x00\x00\x00\x00\x00',HOLD,0.92,SHADOW
2026-05-02T05:23:02.812900+00:00,X:SUIUSD,CHOP,0.989,b'\x06\x00\x00\x00\x00\x00\x00\x00',HOLD,0.92,SHADOW
2026-05-02T09:25:25.809335+00:00,X:SUIUSD,CHOP,0.976,b'\x06\x00\x00\x00\x00\x00\x00\x00',HOLD,0.92,SHADOW
2026-05-02T13:27:52.711053+00:00,X:SUIUSD,CHOP,0.989,b'\x06\x00\x00\x00\x00\x00\x00\x00',HOLD,0.92,SHADOW
2026-05-02T17:32:02.904961+00:00,X:SUIUSD,CHOP,0.99,b'\x06\x00\x00\x00\x00\x00\x00\x00',HOLD,0.92,SHADOW
2026-05-02T21:34:39.806321+00:00,X:SUIUSD,CHOP,0.992,b'\x06\x00\x00\x00\x00\x00\x00\x00',HOLD,0.92,SHADOW
2026-05-03T01:37:16.890211+00:00,X:SUIUSD,CHOP,0.979,b'\x05\x00\x00\x00\x00\x00\x00\x00',HOLD,0.93,SHADOW
2026-05-03T05:39:40.098041+00:00,X:SUIUSD,CHOP,0.979,b'\x05\x00\x00\x00\x00\x00\x00\x00',HOLD,0.93,SHADOW
2026-05-03T09:42:20.914524+00:00,X:SUIUSD,CHOP,0.979,b'\x05\x00\x00\x00\x00\x00\x00\x00',HOLD,0.93,SHADOW
2026-05-03T13:44:53.318062+00:00,X:SUIUSD,CHOP,0.973,b'\x05\x00\x00\x00\x00\x00\x00\x00',HOLD,0.93,SHADOW
2026-05-03T17:47:38.790640+00:00,X:SUIUSD,CHOP,0.983,b'\x05\x00\x00\x00\x00\x00\x00\x00',HOLD,0.93,SHADOW
2026-05-03T21:50:15.197073+00:00,X:SUIUSD,CHOP,0.983,b'\x05\x00\x00\x00\x00\x00\x00\x00',HOLD,0.93,SHADOW
2026-05-04T01:52:43.402141+00:00,X:SUIUSD,CHOP,0.605,b'\x06\x00\x00\x00\x00\x00\x00\x00',HOLD,0.92,SHADOW
2026-05-04T05:55:21.612145+00:00,X:SUIUSD,BEAR,0.866,b'\x06\x00\x00\x00\x00\x00\x00\x00',SELL,0.92,SHADOW
2026-05-04T09:57:59.011674+00:00,X:SUIUSD,BEAR,0.757,b'\x06\x00\x00\x00\x00\x00\x00\x00',SELL,0.92,SHADOW
2026-05-04T14:00:41.516549+00:00,X:SUIUSD,BEAR,0.804,b'\x06\x00\x00\x00\x00\x00\x00\x00',SELL,0.92,SHADOW
2026-05-04T18:03:35.721158+00:00,X:SUIUSD,CHOP,0.758,b'\x06\x00\x00\x00\x00\x00\x00\x00',HOLD,0.92,SHADOW
2026-05-04T22:06:07.390723+00:00,X:SUIUSD,BEAR,0.756,b'\x06\x00\x00\x00\x00\x00\x00\x00',SELL,0.92,SHADOW
2026-05-05T02:08:34.808118+00:00,X:SUIUSD,CHOP,0.693,b'\x06\x00\x00\x00\x00\x00\x00\x00',HOLD,0.93,SHADOW
2026-05-05T06:11:02.216005+00:00,X:SUIUSD,CHOP,0.63,b'\x06\x00\x00\x00\x00\x00\x00\x00',HOLD,0.93,SHADOW
2026-05-05T10:13:52.595235+00:00,X:SUIUSD,CHOP,0.709,b'\x06\x00\x00\x00\x00\x00\x00\x00',HOLD,0.93,SHADOW
2026-05-05T14:17:28.602610+00:00,X:SUIUSD,CHOP,0.667,b'\x06\x00\x00\x00\x00\x00\x00\x00',HOLD,0.93,SHADOW
2026-05-05T18:20:27.396728+00:00,X:SUIUSD,CHOP,0.634,b'\x06\x00\x00\x00\x00\x00\x00\x00',HOLD,0.93,SHADOW
2026-05-05T22:23:12.216838+00:00,X:SUIUSD,CHOP,0.735,b'\x06\x00\x00\x00\x00\x00\x00\x00',HOLD,0.93,SHADOW
2026-03-22T19:08:59.604044+00:00,X:XLMUSD,,0.0,0,HOLD,0.0,HOLD
2026-03-22T23:23:01.294224+00:00,X:XLMUSD,BEAR,0.977,b'\x05\x00\x00\x00\x00\x00\x00\x00',SELL,0.16,HOLD
2026-03-23T03:32:34.089162+00:00,X:XLMUSD,BEAR,0.965,b'\x04\x00\x00\x00\x00\x00\x00\x00',SELL,0.16,HOLD
2026-03-23T07:40:19.589989+00:00,X:XLMUSD,BEAR,0.75,b'\x04\x00\x00\x00\x00\x00\x00\x00',SELL,0.16,HOLD
2026-03-23T11:45:44.432381+00:00,X:XLMUSD,BEAR,0.898,b'\x04\x00\x00\x00\x00\x00\x00\x00',SELL,0.16,HOLD
2026-03-23T15:54:05.698438+00:00,X:XLMUSD,BEAR,0.944,b'\x04\x00\x00\x00\x00\x00\x00\x00',SELL,0.16,HOLD
2026-03-23T20:00:41.393205+00:00,X:XLMUSD,BEAR,0.964,b'\x04\x00\x00\x00\x00\x00\x00\x00',SELL,0.16,HOLD
2026-03-23T20:42:54.390659+00:00,X:XLMUSD,CHOP,0.725,b'\x04\x00\x00\x00\x00\x00\x00\x00',HOLD,0.16,TRADE
2026-03-24T01:05:49.445738+00:00,X:XLMUSD,CHOP,0.765,b'\x06\x00\x00\x00\x00\x00\x00\x00',HOLD,0.17,HOLD
2026-03-24T05:21:55.289049+00:00,X:XLMUSD,CHOP,0.99,b'\x06\x00\x00\x00\x00\x00\x00\x00',HOLD,0.17,HOLD
2026-03-24T09:48:26.694793+00:00,X:XLMUSD,BULL,0.76,b'\x06\x00\x00\x00\x00\x00\x00\x00',BUY,0.17,HOLD
2026-03-24T14:10:30.687721+00:00,X:XLMUSD,BEAR,0.686,b'\x06\x00\x00\x00\x00\x00\x00\x00',SELL,0.17,HOLD
2026-03-24T18:28:16.691233+00:00,X:XLMUSD,BEAR,0.714,b'\x06\x00\x00\x00\x00\x00\x00\x00',SELL,0.17,HOLD
2026-03-24T23:07:10.996728+00:00,X:XLMUSD,BULL,0.606,b'\x06\x00\x00\x00\x00\x00\x00\x00',HOLD,0.17,HOLD
2026-03-25T02:31:46.796395+00:00,X:XLMUSD,BULL,1.0,b'\x07\x00\x00\x00\x00\x00\x00\x00',BUY,0.17,TRADE
2026-03-25T06:48:17.989659+00:00,X:XLMUSD,BULL,0.997,b'\x07\x00\x00\x00\x00\x00\x00\x00',BUY,0.17,HOLD
2026-03-25T11:00:27.987652+00:00,X:XLMUSD,BULL,0.996,b'\x07\x00\x00\x00\x00\x00\x00\x00',BUY,0.17,HOLD
2026-03-25T15:19:17.696481+00:00,X:XLMUSD,BULL,0.993,b'\x07\x00\x00\x00\x00\x00\x00\x00',BUY,0.17,HOLD
2026-03-25T19:37:46.821160+00:00,X:XLMUSD,BULL,0.993,b'\x07\x00\x00\x00\x00\x00\x00\x00',BUY,0.17,HOLD
2026-03-25T23:51:10.032889+00:00,X:XLMUSD,BULL,0.948,b'\x07\x00\x00\x00\x00\x00\x00\x00',BUY,0.17,HOLD
2026-03-26T02:06:44.348082+00:00,X:XLMUSD,CHOP,0.695,b'\x07\x00\x00\x00\x00\x00\x00\x00',HOLD,0.18,TRADE
2026-03-26T02:54:03.794037+00:00,X:XLMUSD,CHOP,0.695,b'\x07\x00\x00\x00\x00\x00\x00\x00',HOLD,0.18,TRADE
2026-03-26T03:26:15.675446+00:00,X:XLMUSD,CHOP,0.978,b'\x07\x00\x00\x00\x00\x00\x00\x00',HOLD,0.18,TRADE
2026-03-26T03:59:57.189478+00:00,X:XLMUSD,CHOP,0.978,b'\x07\x00\x00\x00\x00\x00\x00\x00',HOLD,0.18,TRADE
2026-03-26T04:45:33.691483+00:00,X:XLMUSD,CHOP,0.978,b'\x07\x00\x00\x00\x00\x00\x00\x00',HOLD,0.18,TRADE
2026-03-26T05:26:36.660021+00:00,X:XLMUSD,CHOP,0.978,b'\x07\x00\x00\x00\x00\x00\x00\x00',HOLD,0.18,TRADE
2026-03-26T06:06:53.405813+00:00,X:XLMUSD,CHOP,0.978,b'\x07\x00\x00\x00\x00\x00\x00\x00',HOLD,0.18,TRADE
2026-03-26T07:02:51.889564+00:00,X:XLMUSD,CHOP,0.978,b'\x07\x00\x00\x00\x00\x00\x00\x00',HOLD,0.18,TRADE
2026-03-26T10:29:40.991142+00:00,X:XLMUSD,BEAR,0.685,b'\x07\x00\x00\x00\x00\x00\x00\x00',SELL,0.18,TRADE
2026-03-26T12:08:48.625684+00:00,X:XLMUSD,BEAR,0.863,b'\x07\x00\x00\x00\x00\x00\x00\x00',SELL,0.18,TRADE
2026-03-26T15:00:40.188575+00:00,X:XLMUSD,BEAR,0.863,b'\x07\x00\x00\x00\x00\x00\x00\x00',SELL,0.18,TRADE
2026-03-26T16:19:20.737522+00:00,X:XLMUSD,BEAR,0.682,b'\x07\x00\x00\x00\x00\x00\x00\x00',SELL,0.18,TRADE
2026-03-26T17:06:23.492450+00:00,X:XLMUSD,BEAR,0.682,b'\x07\x00\x00\x00\x00\x00\x00\x00',SELL,0.18,TRADE
2026-03-26T18:10:09.595327+00:00,X:XLMUSD,BEAR,0.682,b'\x07\x00\x00\x00\x00\x00\x00\x00',SELL,0.18,TRADE
2026-03-26T19:08:54.310425+00:00,X:XLMUSD,CHOP,0.998,b'\x07\x00\x00\x00\x00\x00\x00\x00',HOLD,0.18,TRADE
2026-03-26T19:53:53.201301+00:00,X:XLMUSD,CHOP,0.998,b'\x07\x00\x00\x00\x00\x00\x00\x00',HOLD,0.18,TRADE
2026-03-26T20:27:54.504168+00:00,X:XLMUSD,CHOP,0.998,b'\x07\x00\x00\x00\x00\x00\x00\x00',HOLD,0.18,TRADE
2026-03-26T21:42:59.087779+00:00,X:XLMUSD,CHOP,0.998,b'\x07\x00\x00\x00\x00\x00\x00\x00',HOLD,0.18,TRADE
2026-03-26T22:41:56.098996+00:00,X:XLMUSD,CHOP,0.998,b'\x07\x00\x00\x00\x00\x00\x00\x00',HOLD,0.18,TRADE
2026-03-26T23:43:17.991949+00:00,X:XLMUSD,CHOP,0.74,b'\x07\x00\x00\x00\x00\x00\x00\x00',HOLD,0.18,TRADE
2026-03-27T00:28:52.389678+00:00,X:XLMUSD,BEAR,0.983,b'\x06\x00\x00\x00\x00\x00\x00\x00',SELL,0.17,TRADE
2026-03-27T01:14:07.194982+00:00,X:XLMUSD,BEAR,0.983,b'\x06\x00\x00\x00\x00\x00\x00\x00',SELL,0.17,TRADE
2026-03-27T01:46:16.594818+00:00,X:XLMUSD,BEAR,0.983,b'\x06\x00\x00\x00\x00\x00\x00\x00',SELL,0.17,TRADE
2026-03-27T02:15:20.398106+00:00,X:XLMUSD,BEAR,0.983,b'\x06\x00\x00\x00\x00\x00\x00\x00',SELL,0.17,HOLD
2026-03-27T02:45:09.617947+00:00,X:XLMUSD,BEAR,0.983,b'\x06\x00\x00\x00\x00\x00\x00\x00',SELL,0.17,HOLD
2026-03-27T03:17:51.396944+00:00,X:XLMUSD,BEAR,0.622,b'\x06\x00\x00\x00\x00\x00\x00\x00',SELL,0.17,HOLD
2026-03-27T04:01:48.293949+00:00,X:XLMUSD,BEAR,0.622,b'\x06\x00\x00\x00\x00\x00\x00\x00',SELL,0.17,HOLD
2026-03-27T04:55:17.062426+00:00,X:XLMUSD,BEAR,0.622,b'\x06\x00\x00\x00\x00\x00\x00\x00',SELL,0.17,TRADE
2026-03-27T05:23:56.421835+00:00,X:XLMUSD,BEAR,0.856,b'\x06\x00\x00\x00\x00\x00\x00\x00',SELL,0.17,TRADE
2026-03-27T06:10:12.276656+00:00,X:XLMUSD,BEAR,0.856,b'\x06\x00\x00\x00\x00\x00\x00\x00',SELL,0.17,TRADE
2026-03-27T06:39:42.983427+00:00,X:XLMUSD,BEAR,0.856,b'\x06\x00\x00\x00\x00\x00\x00\x00',SELL,0.17,TRADE
2026-03-27T07:24:12.966560+00:00,X:XLMUSD,CHOP,0.776,b'\x06\x00\x00\x00\x00\x00\x00\x00',HOLD,0.17,TRADE
2026-03-27T07:55:51.037597+00:00,X:XLMUSD,CHOP,0.776,b'\x06\x00\x00\x00\x00\x00\x00\x00',HOLD,0.17,TRADE
2026-03-27T08:40:04.081793+00:00,X:XLMUSD,CHOP,0.776,b'\x06\x00\x00\x00\x00\x00\x00\x00',HOLD,0.17,TRADE
2026-03-27T09:11:36.799165+00:00,X:XLMUSD,CHOP,0.776,b'\x06\x00\x00\x00\x00\x00\x00\x00',HOLD,0.17,TRADE
2026-03-27T09:55:39.368042+00:00,X:XLMUSD,CHOP,0.776,b'\x06\x00\x00\x00\x00\x00\x00\x00',HOLD,0.17,TRADE
2026-03-27T10:26:53.083009+00:00,X:XLMUSD,CHOP,0.774,b'\x06\x00\x00\x00\x00\x00\x00\x00',HOLD,0.17,TRADE
2026-03-27T11:11:16.419162+00:00,X:XLMUSD,CHOP,0.86,b'\x06\x00\x00\x00\x00\x00\x00\x00',HOLD,0.17,TRADE
2026-03-27T11:43:49.060060+00:00,X:XLMUSD,CHOP,0.86,b'\x06\x00\x00\x00\x00\x00\x00\x00',HOLD,0.17,TRADE
2026-03-27T13:28:06.549991+00:00,X:XLMUSD,CHOP,0.86,b'\x06\x00\x00\x00\x00\x00\x00\x00',HOLD,0.17,TRADE
2026-03-27T14:31:22.941917+00:00,X:XLMUSD,CHOP,0.86,b'\x06\x00\x00\x00\x00\x00\x00\x00',HOLD,0.17,TRADE
2026-03-27T15:14:56.353147+00:00,X:XLMUSD,CHOP,0.878,b'\x06\x00\x00\x00\x00\x00\x00\x00',HOLD,0.17,TRADE
2026-03-27T16:00:52.100360+00:00,X:XLMUSD,CHOP,0.878,b'\x06\x00\x00\x00\x00\x00\x00\x00',HOLD,0.17,TRADE
2026-03-27T17:02:41.400520+00:00,X:XLMUSD,CHOP,0.878,b'\x06\x00\x00\x00\x00\x00\x00\x00',HOLD,0.17,TRADE
2026-03-27T17:46:23.401024+00:00,X:XLMUSD,CHOP,0.878,b'\x06\x00\x00\x00\x00\x00\x00\x00',HOLD,0.17,TRADE
2026-03-27T18:31:41.166780+00:00,X:XLMUSD,CHOP,0.879,b'\x06\x00\x00\x00\x00\x00\x00\x00',HOLD,0.17,TRADE
2026-03-27T19:47:46.788943+00:00,X:XLMUSD,BEAR,0.834,b'\x06\x00\x00\x00\x00\x00\x00\x00',SELL,0.17,TRADE
2026-03-27T20:19:55.828833+00:00,X:XLMUSD,BEAR,0.834,b'\x06\x00\x00\x00\x00\x00\x00\x00',SELL,0.17,TRADE
2026-03-27T21:34:35.382860+00:00,X:XLMUSD,BEAR,0.834,b'\x06\x00\x00\x00\x00\x00\x00\x00',SELL,0.17,TRADE
2026-03-27T21:59:19.095227+00:00,X:XLMUSD,BEAR,0.834,b'\x06\x00\x00\x00\x00\x00\x00\x00',SELL,0.17,TRADE
2026-03-28T02:21:09.001567+00:00,X:XLMUSD,CHOP,0.995,b'\x04\x00\x00\x00\x00\x00\x00\x00',HOLD,0.17,HOLD
2026-03-28T06:48:45.231188+00:00,X:XLMUSD,CHOP,0.994,b'\x04\x00\x00\x00\x00\x00\x00\x00',HOLD,0.17,TRADE
2026-03-28T11:17:42.723522+00:00,X:XLMUSD,CHOP,0.993,b'\x04\x00\x00\x00\x00\x00\x00\x00',HOLD,0.17,HOLD
2026-03-28T15:40:03.690204+00:00,X:XLMUSD,CHOP,0.996,b'\x04\x00\x00\x00\x00\x00\x00\x00',HOLD,0.17,HOLD
2026-03-28T20:10:22.293675+00:00,X:XLMUSD,BEAR,0.993,b'\x04\x00\x00\x00\x00\x00\x00\x00',SELL,0.17,HOLD
2026-03-29T00:22:47.696154+00:00,X:XLMUSD,BEAR,0.955,b'\x04\x00\x00\x00\x00\x00\x00\x00',SELL,0.17,HOLD
2026-03-29T04:36:15.809391+00:00,X:XLMUSD,BEAR,0.8,b'\x04\x00\x00\x00\x00\x00\x00\x00',SELL,0.17,HOLD
2026-03-29T04:59:09.391254+00:00,X:XLMUSD,BEAR,0.8,b'\x04\x00\x00\x00\x00\x00\x00\x00',SELL,0.17,HOLD
2026-03-29T09:20:44.888822+00:00,X:XLMUSD,BEAR,0.982,b'\x04\x00\x00\x00\x00\x00\x00\x00',SELL,0.17,TRADE
2026-03-29T13:47:12.295213+00:00,X:XLMUSD,CHOP,0.925,b'\x04\x00\x00\x00\x00\x00\x00\x00',HOLD,0.17,HOLD
2026-03-29T17:54:25.503953+00:00,X:XLMUSD,CHOP,0.93,b'\x04\x00\x00\x00\x00\x00\x00\x00',HOLD,0.17,HOLD
2026-03-29T22:06:46.200525+00:00,X:XLMUSD,CHOP,0.977,b'\x04\x00\x00\x00\x00\x00\x00\x00',HOLD,0.17,HOLD
2026-03-30T02:19:08.287730+00:00,X:XLMUSD,BULL,0.954,b'\x04\x00\x00\x00\x00\x00\x00\x00',HOLD,0.16,TRADE
2026-03-22T19:08:59.604044+00:00,X:XRPUSD,BEAR,0.94,b'\x04\x00\x00\x00\x00\x00\x00\x00',SELL,1.41,HOLD
2026-03-22T23:23:01.294224+00:00,X:XRPUSD,BEAR,0.917,b'\x04\x00\x00\x00\x00\x00\x00\x00',SELL,1.41,HOLD
2026-03-23T03:32:34.089162+00:00,X:XRPUSD,CHOP,0.997,b'\x05\x00\x00\x00\x00\x00\x00\x00',HOLD,1.39,HOLD
2026-03-23T07:40:19.589989+00:00,X:XRPUSD,CHOP,0.573,b'\x05\x00\x00\x00\x00\x00\x00\x00',HOLD,1.39,HOLD
2026-03-23T11:45:44.432381+00:00,X:XRPUSD,CHOP,0.82,b'\x05\x00\x00\x00\x00\x00\x00\x00',HOLD,1.39,HOLD
2026-03-23T15:54:05.698438+00:00,X:XRPUSD,CHOP,0.722,b'\x05\x00\x00\x00\x00\x00\x00\x00',HOLD,1.39,HOLD
2026-03-23T20:00:41.393205+00:00,X:XRPUSD,CHOP,0.989,b'\x05\x00\x00\x00\x00\x00\x00\x00',HOLD,1.39,HOLD
2026-03-23T20:42:54.390659+00:00,X:XRPUSD,BULL,0.913,b'\x05\x00\x00\x00\x00\x00\x00\x00',BUY,1.39,TRADE
2026-03-24T01:05:49.445738+00:00,X:XRPUSD,CHOP,0.655,b'\x06\x00\x00\x00\x00\x00\x00\x00',HOLD,1.43,HOLD
2026-03-24T05:21:55.289049+00:00,X:XRPUSD,CHOP,0.803,b'\x06\x00\x00\x00\x00\x00\x00\x00',HOLD,1.43,HOLD
2026-03-24T09:48:26.694793+00:00,X:XRPUSD,CHOP,0.635,b'\x06\x00\x00\x00\x00\x00\x00\x00',HOLD,1.43,HOLD
2026-03-24T14:10:30.687721+00:00,X:XRPUSD,BULL,0.792,b'\x06\x00\x00\x00\x00\x00\x00\x00',BUY,1.43,HOLD
2026-03-24T18:28:16.691233+00:00,X:XRPUSD,CHOP,0.687,b'\x06\x00\x00\x00\x00\x00\x00\x00',HOLD,1.43,HOLD
2026-03-24T23:07:10.996728+00:00,X:XRPUSD,CHOP,0.701,b'\x06\x00\x00\x00\x00\x00\x00\x00',HOLD,1.43,HOLD
2026-03-25T02:31:46.796395+00:00,X:XRPUSD,CHOP,0.561,b'\x04\x00\x00\x00\x00\x00\x00\x00',HOLD,1.42,TRADE
2026-03-25T06:48:17.989659+00:00,X:XRPUSD,CHOP,0.446,b'\x04\x00\x00\x00\x00\x00\x00\x00',HOLD,1.42,HOLD
2026-03-25T11:00:27.987652+00:00,X:XRPUSD,CHOP,0.511,b'\x04\x00\x00\x00\x00\x00\x00\x00',HOLD,1.42,HOLD
2026-03-25T15:19:17.696481+00:00,X:XRPUSD,CHOP,0.514,b'\x04\x00\x00\x00\x00\x00\x00\x00',HOLD,1.42,HOLD
2026-03-25T19:37:46.821160+00:00,X:XRPUSD,CHOP,0.67,b'\x04\x00\x00\x00\x00\x00\x00\x00',HOLD,1.42,HOLD
2026-03-25T23:51:10.032889+00:00,X:XRPUSD,CHOP,0.511,b'\x04\x00\x00\x00\x00\x00\x00\x00',HOLD,1.42,HOLD
2026-03-26T02:06:44.348082+00:00,X:XRPUSD,CHOP,0.959,b'\x05\x00\x00\x00\x00\x00\x00\x00',HOLD,1.41,TRADE
2026-03-26T02:54:03.794037+00:00,X:XRPUSD,CHOP,0.959,b'\x05\x00\x00\x00\x00\x00\x00\x00',HOLD,1.41,TRADE
2026-03-26T03:26:15.675446+00:00,X:XRPUSD,CHOP,0.931,b'\x05\x00\x00\x00\x00\x00\x00\x00',HOLD,1.41,TRADE
2026-03-26T03:59:57.189478+00:00,X:XRPUSD,CHOP,0.931,b'\x05\x00\x00\x00\x00\x00\x00\x00',HOLD,1.41,TRADE
2026-03-26T04:45:33.691483+00:00,X:XRPUSD,CHOP,0.934,b'\x05\x00\x00\x00\x00\x00\x00\x00',HOLD,1.41,TRADE
2026-03-26T05:26:36.660021+00:00,X:XRPUSD,CHOP,0.944,b'\x05\x00\x00\x00\x00\x00\x00\x00',HOLD,1.41,TRADE
2026-03-26T06:06:53.405813+00:00,X:XRPUSD,CHOP,0.969,b'\x05\x00\x00\x00\x00\x00\x00\x00',HOLD,1.41,TRADE
2026-03-26T07:02:51.889564+00:00,X:XRPUSD,CHOP,0.969,b'\x05\x00\x00\x00\x00\x00\x00\x00',HOLD,1.41,TRADE
2026-03-26T10:29:40.991142+00:00,X:XRPUSD,CHOP,0.952,b'\x05\x00\x00\x00\x00\x00\x00\x00',HOLD,1.41,TRADE
2026-03-26T12:08:48.625684+00:00,X:XRPUSD,CHOP,0.96,b'\x05\x00\x00\x00\x00\x00\x00\x00',HOLD,1.41,TRADE
2026-03-26T15:00:40.188575+00:00,X:XRPUSD,CHOP,0.91,b'\x05\x00\x00\x00\x00\x00\x00\x00',HOLD,1.41,TRADE
2026-03-26T16:19:20.737522+00:00,X:XRPUSD,CHOP,0.909,b'\x05\x00\x00\x00\x00\x00\x00\x00',HOLD,1.41,TRADE
2026-03-26T17:06:23.492450+00:00,X:XRPUSD,CHOP,0.909,b'\x05\x00\x00\x00\x00\x00\x00\x00',HOLD,1.41,TRADE
2026-03-26T18:10:09.595327+00:00,X:XRPUSD,CHOP,0.941,b'\x05\x00\x00\x00\x00\x00\x00\x00',HOLD,1.41,TRADE
2026-03-26T19:08:54.310425+00:00,X:XRPUSD,CHOP,0.949,b'\x05\x00\x00\x00\x00\x00\x00\x00',HOLD,1.41,TRADE
2026-03-26T19:53:53.201301+00:00,X:XRPUSD,CHOP,0.954,b'\x05\x00\x00\x00\x00\x00\x00\x00',HOLD,1.41,TRADE
2026-03-26T20:27:54.504168+00:00,X:XRPUSD,CHOP,0.936,b'\x05\x00\x00\x00\x00\x00\x00\x00',HOLD,1.41,TRADE
2026-03-26T21:42:59.087779+00:00,X:XRPUSD,CHOP,0.934,b'\x05\x00\x00\x00\x00\x00\x00\x00',HOLD,1.41,TRADE
2026-03-26T22:41:56.098996+00:00,X:XRPUSD,CHOP,0.919,b'\x05\x00\x00\x00\x00\x00\x00\x00',HOLD,1.41,TRADE
2026-03-26T23:43:17.991949+00:00,X:XRPUSD,CHOP,0.945,b'\x05\x00\x00\x00\x00\x00\x00\x00',HOLD,1.41,TRADE
2026-03-27T00:28:52.389678+00:00,X:XRPUSD,CHOP,0.528,b'\x04\x00\x00\x00\x00\x00\x00\x00',HOLD,1.36,TRADE
2026-03-27T01:14:07.194982+00:00,X:XRPUSD,BEAR,0.696,b'\x04\x00\x00\x00\x00\x00\x00\x00',SELL,1.36,TRADE
2026-03-27T01:46:16.594818+00:00,X:XRPUSD,BEAR,0.696,b'\x04\x00\x00\x00\x00\x00\x00\x00',SELL,1.36,TRADE
2026-03-27T02:15:20.398106+00:00,X:XRPUSD,CHOP,0.657,b'\x04\x00\x00\x00\x00\x00\x00\x00',HOLD,1.36,HOLD
2026-03-27T02:45:09.617947+00:00,X:XRPUSD,CHOP,0.657,b'\x04\x00\x00\x00\x00\x00\x00\x00',HOLD,1.36,HOLD
2026-03-27T03:17:51.396944+00:00,X:XRPUSD,BEAR,0.454,b'\x04\x00\x00\x00\x00\x00\x00\x00',SELL,1.36,HOLD
2026-03-27T04:01:48.293949+00:00,X:XRPUSD,BEAR,0.454,b'\x04\x00\x00\x00\x00\x00\x00\x00',SELL,1.36,HOLD
2026-03-27T04:55:17.062426+00:00,X:XRPUSD,CHOP,0.511,b'\x04\x00\x00\x00\x00\x00\x00\x00',HOLD,1.36,TRADE
2026-03-27T05:23:56.421835+00:00,X:XRPUSD,BEAR,0.804,b'\x04\x00\x00\x00\x00\x00\x00\x00',SELL,1.36,TRADE
2026-03-27T06:10:12.276656+00:00,X:XRPUSD,BULL,0.506,b'\x04\x00\x00\x00\x00\x00\x00\x00',HOLD,1.36,TRADE
2026-03-27T06:39:42.983427+00:00,X:XRPUSD,BULL,0.506,b'\x04\x00\x00\x00\x00\x00\x00\x00',HOLD,1.36,TRADE
2026-03-27T07:24:12.966560+00:00,X:XRPUSD,CHOP,0.524,b'\x04\x00\x00\x00\x00\x00\x00\x00',HOLD,1.36,TRADE
2026-03-27T07:55:51.037597+00:00,X:XRPUSD,CHOP,0.524,b'\x04\x00\x00\x00\x00\x00\x00\x00',HOLD,1.36,TRADE
2026-03-27T08:40:04.081793+00:00,X:XRPUSD,CHOP,0.725,b'\x04\x00\x00\x00\x00\x00\x00\x00',HOLD,1.36,TRADE
2026-03-27T09:11:36.799165+00:00,X:XRPUSD,BULL,0.509,b'\x04\x00\x00\x00\x00\x00\x00\x00',HOLD,1.36,TRADE
2026-03-27T09:55:39.368042+00:00,X:XRPUSD,BULL,0.509,b'\x04\x00\x00\x00\x00\x00\x00\x00',HOLD,1.36,TRADE
2026-03-27T10:26:53.083009+00:00,X:XRPUSD,CHOP,0.458,b'\x04\x00\x00\x00\x00\x00\x00\x00',HOLD,1.36,TRADE
2026-03-27T11:11:16.419162+00:00,X:XRPUSD,BULL,0.708,b'\x04\x00\x00\x00\x00\x00\x00\x00',HOLD,1.36,TRADE
2026-03-27T11:43:49.060060+00:00,X:XRPUSD,BULL,0.708,b'\x04\x00\x00\x00\x00\x00\x00\x00',HOLD,1.36,TRADE
2026-03-27T13:28:06.549991+00:00,X:XRPUSD,CHOP,0.599,b'\x04\x00\x00\x00\x00\x00\x00\x00',HOLD,1.36,TRADE
2026-03-27T14:31:22.941917+00:00,X:XRPUSD,BEAR,0.688,b'\x04\x00\x00\x00\x00\x00\x00\x00',SELL,1.36,TRADE
2026-03-27T15:14:56.353147+00:00,X:XRPUSD,CHOP,0.456,b'\x04\x00\x00\x00\x00\x00\x00\x00',HOLD,1.36,TRADE
2026-03-27T16:00:52.100360+00:00,X:XRPUSD,CHOP,0.456,b'\x04\x00\x00\x00\x00\x00\x00\x00',HOLD,1.36,TRADE
2026-03-27T17:02:41.400520+00:00,X:XRPUSD,CHOP,0.513,b'\x04\x00\x00\x00\x00\x00\x00\x00',HOLD,1.36,TRADE
2026-03-27T17:46:23.401024+00:00,X:XRPUSD,BEAR,0.531,b'\x04\x00\x00\x00\x00\x00\x00\x00',SELL,1.36,TRADE
2026-03-27T18:31:41.166780+00:00,X:XRPUSD,BEAR,0.539,b'\x04\x00\x00\x00\x00\x00\x00\x00',SELL,1.36,TRADE
2026-03-27T19:47:46.788943+00:00,X:XRPUSD,CHOP,0.649,b'\x04\x00\x00\x00\x00\x00\x00\x00',HOLD,1.36,TRADE
2026-03-27T20:19:55.828833+00:00,X:XRPUSD,BULL,0.552,b'\x04\x00\x00\x00\x00\x00\x00\x00',HOLD,1.36,TRADE
2026-03-27T21:34:35.382860+00:00,X:XRPUSD,BEAR,0.669,b'\x04\x00\x00\x00\x00\x00\x00\x00',SELL,1.36,TRADE
2026-03-27T21:59:19.095227+00:00,X:XRPUSD,BEAR,0.669,b'\x04\x00\x00\x00\x00\x00\x00\x00',SELL,1.36,TRADE
2026-03-28T02:21:09.001567+00:00,X:XRPUSD,CHOP,0.824,b'\x03\x00\x00\x00\x00\x00\x00\x00',HOLD,1.32,HOLD
2026-03-28T06:48:45.231188+00:00,X:XRPUSD,BULL,0.583,b'\x03\x00\x00\x00\x00\x00\x00\x00',HOLD,1.32,TRADE
2026-03-28T11:17:42.723522+00:00,X:XRPUSD,CHOP,0.606,b'\x03\x00\x00\x00\x00\x00\x00\x00',HOLD,1.32,HOLD
2026-03-28T15:40:03.690204+00:00,X:XRPUSD,BULL,0.625,b'\x03\x00\x00\x00\x00\x00\x00\x00',HOLD,1.32,HOLD
2026-03-28T20:10:22.293675+00:00,X:XRPUSD,CHOP,0.766,b'\x03\x00\x00\x00\x00\x00\x00\x00',HOLD,1.32,HOLD
2026-03-29T00:22:47.696154+00:00,X:XRPUSD,CHOP,0.919,b'\x06\x00\x00\x00\x00\x00\x00\x00',HOLD,1.33,HOLD
2026-03-29T04:36:15.809391+00:00,X:XRPUSD,BEAR,0.623,b'\x06\x00\x00\x00\x00\x00\x00\x00',SELL,1.33,HOLD
2026-03-29T04:59:09.391254+00:00,X:XRPUSD,BEAR,0.623,b'\x06\x00\x00\x00\x00\x00\x00\x00',SELL,1.33,HOLD
2026-03-29T09:20:44.888822+00:00,X:XRPUSD,CHOP,0.534,b'\x06\x00\x00\x00\x00\x00\x00\x00',HOLD,1.33,TRADE
2026-03-29T13:47:12.295213+00:00,X:XRPUSD,CHOP,0.889,b'\x06\x00\x00\x00\x00\x00\x00\x00',HOLD,1.33,HOLD
2026-03-29T17:54:25.503953+00:00,X:XRPUSD,CHOP,0.606,b'\x06\x00\x00\x00\x00\x00\x00\x00',HOLD,1.33,HOLD
2026-03-29T22:06:46.200525+00:00,X:XRPUSD,CHOP,0.692,b'\x06\x00\x00\x00\x00\x00\x00\x00',HOLD,1.33,HOLD
2026-03-30T02:19:08.287730+00:00,X:XRPUSD,BULL,0.996,b'\x06\x00\x00\x00\x00\x00\x00\x00',BUY,1.33,TRADE
