Datetime,Open,High,Low,Close,Volume
2025-12-21 21:00:00+00:00,0.3623,0.36374,0.3599,0.3604,1686212.9139570696
2025-12-21 22:00:00+00:00,0.3603,0.36517,0.3589,0.36517,2349954.56534319
2025-12-21 23:00:00+00:00,0.3647,0.36848,0.363894,0.366,2455679.509609198
2025-12-22 00:00:00+00:00,0.3662,0.37584,0.365749,0.3673,4734402.600218809
2025-12-22 01:00:00+00:00,0.36719,0.3732,0.3669,0.367,2222537.1790358606
2025-12-22 02:00:00+00:00,0.3671,0.36743,0.3616,0.365,2449280.52349416
2025-12-22 03:00:00+00:00,0.365,0.36866,0.3638,0.3671,1265183.68776414
2025-12-22 04:00:00+00:00,0.3672,0.36802,0.3655,0.3668,756756.21616773
2025-12-22 05:00:00+00:00,0.366686,0.36775,0.365457,0.3658,534943.3866938499
2025-12-22 06:00:00+00:00,0.3657,0.36768,0.3649,0.3662,625599.7265513798
2025-12-22 07:00:00+00:00,0.3662,0.36967,0.3657,0.368034,1128380.2198395005
2025-12-22 08:00:00+00:00,0.3681,0.3714,0.3668,0.36816,1367882.33294528
2025-12-22 09:00:00+00:00,0.36813,0.3703,0.367502,0.3693,749197.7022179901
2025-12-22 10:00:00+00:00,0.369284,0.37063,0.367988,0.3694,1837811.7554975804
2025-12-22 11:00:00+00:00,0.3694,0.3721,0.3684,0.3708,1426571.4836359303
2025-12-22 12:00:00+00:00,0.37077,0.37711,0.37077,0.3736,2216439.10318768
2025-12-22 13:00:00+00:00,0.3737,0.375,0.372097,0.373748,2574182.6891123904
2025-12-22 14:00:00+00:00,0.374,0.37844,0.3722,0.3775,3729989.902595861
2025-12-22 15:00:00+00:00,0.3774,0.38233,0.3737,0.3792,5150467.951254183
2025-12-22 16:00:00+00:00,0.3793,0.381281,0.3773,0.3786,2393439.9058054807
2025-12-22 17:00:00+00:00,0.378692,0.3797,0.3762,0.378,1708302.4772574897
2025-12-22 18:00:00+00:00,0.377997,0.38,0.3762,0.3765,2415946.93767931
2025-12-22 19:00:00+00:00,0.3767,0.3768,0.3677,0.3684,4275017.536700763
2025-12-22 20:00:00+00:00,0.3683,0.37028,0.365646,0.368,2282865.84880105
2025-12-22 21:00:00+00:00,0.368,0.37242,0.3679,0.3709,1321873.11921925
2025-12-22 22:00:00+00:00,0.3708,0.37365,0.3684,0.3725,1189837.94382932
2025-12-22 23:00:00+00:00,0.372517,0.372517,0.3699,0.3709,827735.19775608
2025-12-23 00:00:00+00:00,0.37097,0.37454,0.3702,0.3723,1217443.7300127104
2025-12-23 01:00:00+00:00,0.372253,0.37284,0.3687,0.3703,761598.6627955599
2025-12-23 02:00:00+00:00,0.3704,0.37203,0.3673,0.3679,1186597.8642800902
2025-12-23 03:00:00+00:00,0.368,0.36899,0.3655,0.3683,1481704.94233991
2025-12-23 04:00:00+00:00,0.3683,0.369318,0.366542,0.366703,457538.6451941702
2025-12-23 05:00:00+00:00,0.3667,0.3672,0.3634,0.3659,973213.95217706
2025-12-23 06:00:00+00:00,0.3658,0.36659,0.3632,0.3648,1816153.3617951795
2025-12-23 07:00:00+00:00,0.364795,0.3656,0.363827,0.3639,1746597.8685894492
2025-12-23 08:00:00+00:00,0.363913,0.36598,0.363,0.3637,606010.6116583298
2025-12-23 09:00:00+00:00,0.363827,0.3646,0.361959,0.3643,449385.86305372
2025-12-23 10:00:00+00:00,0.3641,0.36705,0.363322,0.366071,1080910.5086289404
2025-12-23 11:00:00+00:00,0.3661,0.36904,0.3657,0.3672,881945.7833394
2025-12-23 12:00:00+00:00,0.3671,0.367156,0.364,0.3643,675731.9032563003
2025-12-23 13:00:00+00:00,0.3643,0.365271,0.360233,0.3612,1689478.37380944
2025-12-23 14:00:00+00:00,0.3613,0.3632,0.355,0.3579,8810287.522001764
2025-12-23 15:00:00+00:00,0.357819,0.3626,0.3573,0.3607,2393456.5297742705
2025-12-23 16:00:00+00:00,0.3606,0.365017,0.3595,0.3638,2903589.13953151
2025-12-23 17:00:00+00:00,0.3639,0.3649,0.3591,0.36,2030520.1139741105
2025-12-23 18:00:00+00:00,0.360001,0.3643,0.3594,0.363653,3608744.6994876
2025-12-23 19:00:00+00:00,0.3638,0.3641,0.3603,0.3612,1428408.9071790106
2025-12-23 20:00:00+00:00,0.361246,0.365935,0.3602,0.3629,1217119.20008622
2025-12-23 21:00:00+00:00,0.3629,0.364007,0.3615,0.363457,934920.96488923
2025-12-23 22:00:00+00:00,0.3634,0.36431,0.3607,0.3618,904915.2217672602
2025-12-23 23:00:00+00:00,0.361753,0.3636,0.3605,0.3626,1560390.3092484795
2025-12-24 00:00:00+00:00,0.3626,0.36364,0.3616,0.3631,1958808.4220856405
2025-12-24 01:00:00+00:00,0.363,0.36492,0.3615,0.3616,708140.1456545102
2025-12-24 02:00:00+00:00,0.3615,0.361634,0.3573,0.3588,14044866.260621509
2025-12-24 03:00:00+00:00,0.3586,0.36046,0.3566,0.3599,2257234.0715030488
2025-12-24 04:00:00+00:00,0.36007,0.361863,0.3575,0.357831,866449.9515419097
2025-12-24 05:00:00+00:00,0.3577,0.35868,0.355,0.355092,4254439.83041514
2025-12-24 06:00:00+00:00,0.355104,0.35722,0.3538,0.3566,2170208.56216343
2025-12-24 07:00:00+00:00,0.356624,0.358031,0.3555,0.3555,766855.07808735
2025-12-24 08:00:00+00:00,0.3556,0.35672,0.3542,0.3553,1287997.897009011
2025-12-24 09:00:00+00:00,0.3554,0.3569,0.3554,0.3556,439753.48522936006
2025-12-24 10:00:00+00:00,0.3555,0.3576,0.3553,0.3562,1025808.4141698094
2025-12-24 11:00:00+00:00,0.3562,0.3594,0.3562,0.3585,1725323.1651087997
2025-12-24 12:00:00+00:00,0.3585,0.3594,0.357689,0.3588,744781.1926644499
2025-12-24 13:00:00+00:00,0.3587,0.358747,0.3561,0.356724,1417423.9157782097
2025-12-24 14:00:00+00:00,0.3567,0.35846,0.352087,0.353399,5666164.7777175
2025-12-24 15:00:00+00:00,0.3536,0.35684,0.3521,0.3554,1797660.4189076803
2025-12-24 16:00:00+00:00,0.3552,0.3582,0.3537,0.356009,2626388.501121601
2025-12-24 17:00:00+00:00,0.355989,0.35763,0.3545,0.3548,1288294.89245551
2025-12-24 18:00:00+00:00,0.354865,0.3562,0.3541,0.355281,1306764.12736625
2025-12-24 19:00:00+00:00,0.3553,0.3563,0.3544,0.3559,706604.6135663899
2025-12-24 20:00:00+00:00,0.355873,0.35754,0.3546,0.354883,1626620.1331748602
2025-12-24 21:00:00+00:00,0.3549,0.356715,0.3549,0.3561,1698637.209649
2025-12-24 22:00:00+00:00,0.356,0.3591,0.3555,0.3582,3732900.56539653
2025-12-24 23:00:00+00:00,0.358254,0.35861,0.3556,0.3564,1366431.6064311303
2025-12-25 00:00:00+00:00,0.3565,0.3566,0.354606,0.3547,952852.56211052
2025-12-25 01:00:00+00:00,0.3547,0.3579,0.3547,0.357,430785.26563388
2025-12-25 02:00:00+00:00,0.357,0.36052,0.3563,0.3602,1248154.5027844706
2025-12-25 03:00:00+00:00,0.3602,0.36087,0.3587,0.360267,975687.7584862104
2025-12-25 04:00:00+00:00,0.360234,0.3625,0.3595,0.3603,1483590.76268022
2025-12-25 05:00:00+00:00,0.3602,0.36051,0.359367,0.3594,331681.33696666994
2025-12-25 06:00:00+00:00,0.359475,0.36103,0.3588,0.3604,304159.20103616006
2025-12-25 07:00:00+00:00,0.360355,0.3605,0.35852,0.3589,700105.4746424102
2025-12-25 08:00:00+00:00,0.3588,0.3607,0.357,0.3576,1400264.12734339
2025-12-25 09:00:00+00:00,0.357627,0.3578,0.356267,0.3564,252722.61872250983
2025-12-25 10:00:00+00:00,0.356289,0.3563,0.34972,0.3505,1859318.5706427111
2025-12-25 11:00:00+00:00,0.3505,0.35192,0.3496,0.351001,1021900.9478090298
2025-12-25 12:00:00+00:00,0.3509,0.3517,0.35,0.3514,402679.20715053
2025-12-25 13:00:00+00:00,0.3514,0.3527,0.3494,0.3514,1306620.9240496298
2025-12-25 14:00:00+00:00,0.35132,0.3522,0.3502,0.350882,1432942.2487524997
2025-12-25 15:00:00+00:00,0.351,0.3592,0.3502,0.357,2885077.930242901
2025-12-25 16:00:00+00:00,0.3571,0.3586,0.3534,0.353952,2494727.6631061
2025-12-25 17:00:00+00:00,0.353952,0.3551,0.353,0.3546,1856540.40778622
2025-12-25 18:00:00+00:00,0.354615,0.35906,0.354615,0.357873,1673500.41533454
2025-12-25 19:00:00+00:00,0.3579,0.35973,0.356991,0.3595,1482133.3806078096
2025-12-25 20:00:00+00:00,0.3595,0.3598,0.3565,0.3572,884576.6814009898
2025-12-25 21:00:00+00:00,0.3572,0.35871,0.356682,0.35782,730874.7293582299
2025-12-25 22:00:00+00:00,0.3579,0.3581,0.33985,0.3468,6103395.103441771
2025-12-25 23:00:00+00:00,0.346869,0.3471,0.341652,0.343356,4434148.1721012
2025-12-26 00:00:00+00:00,0.3433,0.3446,0.341697,0.3433,2790049.2207420096
2025-12-26 01:00:00+00:00,0.3433,0.34683,0.3429,0.3457,2567698.25546569
2025-12-26 02:00:00+00:00,0.3456,0.3582,0.345077,0.3549,4571421.71169792
2025-12-26 03:00:00+00:00,0.355,0.3556,0.350933,0.353,1845920.9391477408
2025-12-26 04:00:00+00:00,0.3531,0.3547,0.350749,0.3534,1159835.62904975
2025-12-26 05:00:00+00:00,0.3535,0.35424,0.3522,0.3538,862791.3069258998
2025-12-26 06:00:00+00:00,0.3539,0.3572,0.3534,0.355124,1507047.79853245
2025-12-26 07:00:00+00:00,0.3552,0.3563,0.351,0.3518,1325101.6748390698
2025-12-26 08:00:00+00:00,0.3516,0.35395,0.351593,0.353555,444728.53045957006
2025-12-26 09:00:00+00:00,0.353555,0.35547,0.352884,0.355,3727128.333995301
2025-12-26 10:00:00+00:00,0.3551,0.3562,0.3542,0.355185,1694553.445817971
2025-12-26 11:00:00+00:00,0.355338,0.3558,0.3544,0.355,631882.46201324
2025-12-26 12:00:00+00:00,0.355009,0.35675,0.354965,0.3564,1930792.535535489
2025-12-26 13:00:00+00:00,0.3564,0.3577,0.3558,0.357077,1166063.42122817
2025-12-26 14:00:00+00:00,0.357095,0.35728,0.3486,0.3492,3040236.3435218213
2025-12-26 15:00:00+00:00,0.3491,0.34941,0.3452,0.3466,2519963.7099831807
2025-12-26 16:00:00+00:00,0.3466,0.34805,0.343913,0.3442,3059034.56425869
2025-12-26 17:00:00+00:00,0.344189,0.34931,0.344189,0.348,2646104.9695436
2025-12-26 18:00:00+00:00,0.348089,0.35067,0.348,0.348966,835981.3436499999
2025-12-26 19:00:00+00:00,0.348983,0.35085,0.3487,0.3498,1562915.28112664
2025-12-26 20:00:00+00:00,0.3499,0.3511,0.3486,0.3496,1106894.9757759
2025-12-26 21:00:00+00:00,0.3498,0.3507,0.349,0.3499,1578895.5970579102
2025-12-26 22:00:00+00:00,0.3499,0.35037,0.3487,0.3502,2072449.9602497907
2025-12-26 23:00:00+00:00,0.350276,0.35124,0.3493,0.3494,589508.16745472
2025-12-27 00:00:00+00:00,0.3493,0.3509,0.3485,0.3508,1005544.9721611502
2025-12-27 01:00:00+00:00,0.3508,0.35287,0.3505,0.352,853280.7959773199
2025-12-27 02:00:00+00:00,0.352,0.35371,0.350523,0.352611,876183.5527492297
2025-12-27 03:00:00+00:00,0.3526,0.35644,0.351561,0.3544,907121.79002681
2025-12-27 04:00:00+00:00,0.3545,0.35515,0.352435,0.3531,630440.14100044
2025-12-27 05:00:00+00:00,0.353,0.35405,0.35184,0.3536,699897.2409376599
2025-12-27 06:00:00+00:00,0.353584,0.35466,0.352387,0.3528,441071.9451388897
2025-12-27 07:00:00+00:00,0.352773,0.35411,0.3518,0.3521,456135.0379294701
2025-12-27 08:00:00+00:00,0.3521,0.3538,0.3519,0.3532,671516.90966678
2025-12-27 09:00:00+00:00,0.3531,0.35477,0.3531,0.3541,395256.32287509023
2025-12-27 10:00:00+00:00,0.354,0.35521,0.3522,0.354127,545486.1224383098
2025-12-27 11:00:00+00:00,0.354128,0.35537,0.353787,0.355,501147.2945893201
2025-12-27 12:00:00+00:00,0.3552,0.35977,0.3552,0.3571,2380795.738978379
2025-12-27 13:00:00+00:00,0.3572,0.3576,0.355377,0.3557,923649.4568504696
2025-12-27 14:00:00+00:00,0.355759,0.35705,0.3553,0.356498,820350.5553688399
2025-12-27 15:00:00+00:00,0.3565,0.35761,0.3553,0.3569,860894.51432133
2025-12-27 16:00:00+00:00,0.3569,0.35786,0.3558,0.356,754158.65296166
2025-12-27 17:00:00+00:00,0.355961,0.3578,0.3555,0.3575,873077.3093153201
2025-12-27 18:00:00+00:00,0.357498,0.3578,0.356,0.3565,1112277.12864844
2025-12-27 19:00:00+00:00,0.35639,0.35826,0.3562,0.3575,732835.69539543
2025-12-27 20:00:00+00:00,0.3575,0.37138,0.3575,0.36257,6989971.168877
2025-12-27 21:00:00+00:00,0.3617,0.36572,0.3617,0.36411,2508976.788795229
2025-12-27 22:00:00+00:00,0.363915,0.36717,0.363,0.3647,1803246.5923971
2025-12-27 23:00:00+00:00,0.364851,0.37081,0.3643,0.3696,4504420.453772119
2025-12-28 00:00:00+00:00,0.369597,0.37176,0.3675,0.3688,3368268.738391399
2025-12-28 01:00:00+00:00,0.3688,0.37075,0.3674,0.369,1509170.0800875805
2025-12-28 02:00:00+00:00,0.3689,0.3713,0.3684,0.368898,2136598.78049263
2025-12-28 03:00:00+00:00,0.3689,0.37034,0.3683,0.3697,573031.4732153699
2025-12-28 04:00:00+00:00,0.369635,0.37056,0.3687,0.3698,875567.1064450899
2025-12-28 05:00:00+00:00,0.3697,0.37322,0.3691,0.3705,2211336.92041653
2025-12-28 06:00:00+00:00,0.370526,0.37664,0.3699,0.3741,3808350.389362098
2025-12-28 07:00:00+00:00,0.374,0.37572,0.3732,0.3737,1794346.56411573
2025-12-28 08:00:00+00:00,0.3738,0.37515,0.3728,0.3736,793412.5430898103
2025-12-28 09:00:00+00:00,0.373672,0.37405,0.369495,0.3701,2215045.335410861
2025-12-28 10:00:00+00:00,0.3702,0.37203,0.3698,0.3701,989151.0630935398
2025-12-28 11:00:00+00:00,0.3701,0.37227,0.369755,0.3712,855166.9764070302
2025-12-28 12:00:00+00:00,0.3711,0.37174,0.369,0.3691,1109966.0022252998
2025-12-28 13:00:00+00:00,0.369126,0.37018,0.3683,0.369,1015285.7807656
2025-12-28 14:00:00+00:00,0.3691,0.37185,0.369,0.3706,1615300.69186856
2025-12-28 15:00:00+00:00,0.3706,0.37228,0.369,0.3693,726610.73330961
2025-12-28 16:00:00+00:00,0.369375,0.37185,0.3693,0.3697,1025274.20333691
2025-12-28 17:00:00+00:00,0.369604,0.37131,0.369139,0.3693,1182910.5258660405
2025-12-28 18:00:00+00:00,0.36929,0.3695,0.361101,0.363339,7669531.040379616
2025-12-28 19:00:00+00:00,0.3633,0.36497,0.3622,0.3624,2139720.7794863405
2025-12-28 20:00:00+00:00,0.3623,0.36411,0.3611,0.3626,1723267.6299268797
2025-12-28 21:00:00+00:00,0.3625,0.3643,0.3618,0.363364,1148026.58657861
2025-12-28 22:00:00+00:00,0.3634,0.36659,0.3627,0.365516,1059640.47151269
2025-12-28 23:00:00+00:00,0.365515,0.36927,0.3637,0.3684,1832906.4731034893
2025-12-29 00:00:00+00:00,0.368561,0.37416,0.3666,0.3713,4842327.232007518
2025-12-29 01:00:00+00:00,0.3712,0.3753,0.3675,0.3735,2232223.1512031
2025-12-29 02:00:00+00:00,0.3736,0.38023,0.373547,0.3764,3784046.10450722
2025-12-29 03:00:00+00:00,0.376432,0.38302,0.3754,0.3808,6209666.991697452
2025-12-29 04:00:00+00:00,0.3807,0.38439,0.380083,0.381,3337329.232896639
2025-12-29 05:00:00+00:00,0.38109,0.38396,0.3787,0.37961,6934302.608307613
2025-12-29 06:00:00+00:00,0.379482,0.37961,0.3757,0.37648,2430251.5458586207
2025-12-29 07:00:00+00:00,0.37658,0.37713,0.37327,0.3754,3328618.6110788924
2025-12-29 08:00:00+00:00,0.3753,0.37742,0.3736,0.3747,2125378.6040274496
2025-12-29 09:00:00+00:00,0.3748,0.37609,0.3669,0.369338,4097169.28718165
2025-12-29 10:00:00+00:00,0.369487,0.3718,0.3689,0.3697,1926045.2617490392
2025-12-29 11:00:00+00:00,0.3696,0.37119,0.3687,0.3688,990454.01273599
2025-12-29 12:00:00+00:00,0.3688,0.36986,0.3616,0.3652,4538589.671484732
2025-12-29 13:00:00+00:00,0.3651,0.36656,0.3628,0.3638,1641493.275209
2025-12-29 14:00:00+00:00,0.3637,0.3693,0.3628,0.3644,13098766.53507322
2025-12-29 15:00:00+00:00,0.3643,0.36735,0.363599,0.365,6432568.00567134
2025-12-29 16:00:00+00:00,0.365,0.36554,0.358196,0.3592,14540842.256071027
2025-12-29 17:00:00+00:00,0.359301,0.36082,0.3574,0.359,14584641.79944761
2025-12-29 18:00:00+00:00,0.358976,0.35943,0.354,0.35529,12940878.843926605
2025-12-29 19:00:00+00:00,0.3549,0.3571,0.35185,0.351851,14834028.122136662
2025-12-29 20:00:00+00:00,0.3522,0.35428,0.35,0.3516,7242667.031039206
2025-12-29 21:00:00+00:00,0.351626,0.3531,0.3512,0.3524,2596679.0000171806
2025-12-29 22:00:00+00:00,0.3522,0.355024,0.3515,0.3537,2452704.9274790403
2025-12-29 23:00:00+00:00,0.353767,0.35381,0.352392,0.3529,1994119.1427734103
2025-12-30 00:00:00+00:00,0.352718,0.35403,0.3515,0.3536,2332485.70450175
2025-12-30 01:00:00+00:00,0.3537,0.354829,0.3517,0.3522,2686282.92572431
2025-12-30 02:00:00+00:00,0.3522,0.35234,0.348,0.3503,5261876.379217731
2025-12-30 03:00:00+00:00,0.3503,0.35304,0.3494,0.3522,1418586.55524914
2025-12-30 04:00:00+00:00,0.352138,0.3535,0.3513,0.352,1158766.5661175798
2025-12-30 05:00:00+00:00,0.352,0.35212,0.3504,0.350571,1379171.24122178
2025-12-30 06:00:00+00:00,0.350567,0.35291,0.3503,0.3508,1318233.1959791298
2025-12-30 07:00:00+00:00,0.3507,0.35365,0.3506,0.3516,1525719.5377917096
2025-12-30 08:00:00+00:00,0.3517,0.3563,0.3516,0.3548,3239052.7745325123
2025-12-30 09:00:00+00:00,0.354756,0.35628,0.3539,0.3553,1568350.1106810998
2025-12-30 10:00:00+00:00,0.3553,0.35605,0.3532,0.3536,1590342.2208096904
2025-12-30 11:00:00+00:00,0.3535,0.35421,0.3514,0.3518,1463085.2572648504
2025-12-30 12:00:00+00:00,0.3518,0.35394,0.3516,0.3527,1083170.1645834402
2025-12-30 13:00:00+00:00,0.3527,0.35364,0.3519,0.3529,2099526.01824126
2025-12-30 14:00:00+00:00,0.3529,0.3564,0.34999,0.3548,4081346.6649019504
2025-12-30 15:00:00+00:00,0.3548,0.3555,0.351,0.3538,3279903.78220158
2025-12-30 16:00:00+00:00,0.3539,0.3553,0.3512,0.3533,2756779.0815968206
2025-12-30 17:00:00+00:00,0.353358,0.35444,0.3513,0.352518,2485677.4276605803
2025-12-30 18:00:00+00:00,0.352491,0.35322,0.3508,0.351384,1428307.2096241007
2025-12-30 19:00:00+00:00,0.3516,0.35232,0.3493,0.350987,2833584.097095519
2025-12-30 20:00:00+00:00,0.35126,0.35126,0.3485,0.3487,2873175.29133503
2025-12-30 21:00:00+00:00,0.3487,0.35069,0.3484,0.3501,1908390.8659558592
2025-12-30 22:00:00+00:00,0.3501,0.35118,0.349,0.350458,2422852.62924655
2025-12-30 23:00:00+00:00,0.3504,0.35225,0.35,0.35099,882109.68655881
2025-12-31 00:00:00+00:00,0.3508,0.3517,0.349,0.3503,1266139.1136376497
2025-12-31 01:00:00+00:00,0.3504,0.35373,0.350126,0.3513,4468593.638743412
2025-12-31 02:00:00+00:00,0.351289,0.35348,0.350392,0.3528,1659642.9233159898
2025-12-31 03:00:00+00:00,0.3528,0.3534,0.3505,0.351198,1607788.5055132296
2025-12-31 04:00:00+00:00,0.3513,0.35294,0.3508,0.3519,1431794.3885680705
2025-12-31 05:00:00+00:00,0.3519,0.35372,0.351811,0.3527,1593672.95290961
2025-12-31 06:00:00+00:00,0.352663,0.35354,0.350491,0.3515,2183893.8098559096
2025-12-31 07:00:00+00:00,0.351442,0.35221,0.35,0.3507,2294508.121964449
2025-12-31 08:00:00+00:00,0.3506,0.35178,0.3485,0.348772,1428249.0347721395
2025-12-31 09:00:00+00:00,0.348805,0.35005,0.3485,0.349297,850808.7878189101
2025-12-31 10:00:00+00:00,0.3493,0.35088,0.3488,0.3501,1753391.2405702888
2025-12-31 11:00:00+00:00,0.350138,0.35254,0.349669,0.351581,1632419.5080643403
2025-12-31 12:00:00+00:00,0.3515,0.3517,0.3488,0.3496,1599217.7956318704
2025-12-31 13:00:00+00:00,0.3495,0.35064,0.345,0.3482,5958549.095983407
2025-12-31 14:00:00+00:00,0.348257,0.35104,0.3469,0.3479,3482594.2987740403
2025-12-31 15:00:00+00:00,0.3478,0.34783,0.34,0.342,7645678.468966986
2025-12-31 16:00:00+00:00,0.342,0.34291,0.328876,0.333,13272732.172263728
2025-12-31 17:00:00+00:00,0.333236,0.33546,0.3323,0.3335,6431245.86413762
2025-12-31 18:00:00+00:00,0.3335,0.33607,0.3311,0.3328,13533265.972956069
2025-12-31 19:00:00+00:00,0.3328,0.3346,0.3313,0.331549,5720180.326615769
2025-12-31 20:00:00+00:00,0.3316,0.33492,0.3297,0.3329,9011704.48341268
2025-12-31 21:00:00+00:00,0.3329,0.33519,0.3319,0.3335,3291678.850669459
2025-12-31 22:00:00+00:00,0.3334,0.33427,0.331363,0.332259,6551858.223896567
2025-12-31 23:00:00+00:00,0.3323,0.33433,0.3316,0.3329,3951280.110747049
2026-01-01 00:00:00+00:00,0.3329,0.33526,0.3327,0.3333,4065989.5106160007
2026-01-01 01:00:00+00:00,0.333471,0.33566,0.332,0.3326,4485735.092585359
2026-01-01 02:00:00+00:00,0.3326,0.33388,0.3318,0.332247,5582588.511754102
2026-01-01 03:00:00+00:00,0.3321,0.33386,0.3314,0.3321,4180896.42870744
2026-01-01 04:00:00+00:00,0.3321,0.33324,0.3314,0.3317,3909005.6446957993
2026-01-01 05:00:00+00:00,0.3318,0.338019,0.3315,0.3361,6052528.141263612
2026-01-01 06:00:00+00:00,0.336271,0.33706,0.335478,0.335819,1122131.5490303903
2026-01-01 07:00:00+00:00,0.3359,0.33804,0.335279,0.336,3209382.1040808707
2026-01-01 08:00:00+00:00,0.335899,0.33774,0.3357,0.337627,602964.7348519099
2026-01-01 09:00:00+00:00,0.337626,0.34091,0.337626,0.3383,1936376.23381414
2026-01-01 10:00:00+00:00,0.3383,0.33934,0.337992,0.338252,333590.41869448003
2026-01-01 11:00:00+00:00,0.338224,0.34018,0.338224,0.339835,134307.8103143
2026-01-01 12:00:00+00:00,0.340207,0.34101,0.338882,0.33999,79005.09946647
2026-01-01 13:00:00+00:00,0.339208,0.34279,0.339047,0.34226,400926.17920797
2026-01-01 14:00:00+00:00,0.342261,0.34477,0.341953,0.343129,1329665.4439532002
2026-01-01 15:00:00+00:00,0.34304,0.34955,0.342756,0.34718,718088.8914110702
2026-01-01 16:00:00+00:00,0.347202,0.34903,0.345222,0.34874,767054.6544523699
2026-01-01 17:00:00+00:00,0.348146,0.35356,0.348,0.351025,1358311.42788504
2026-01-01 18:00:00+00:00,0.351107,0.35268,0.349363,0.351236,806738.9783114501
2026-01-01 19:00:00+00:00,0.351492,0.3586,0.351492,0.357317,1056703.65460209
2026-01-01 20:00:00+00:00,0.357661,0.36095,0.355247,0.356454,1437687.4701017
2026-01-01 21:00:00+00:00,0.356754,0.35741,0.355494,0.355658,676229.58041364
2026-01-01 22:00:00+00:00,0.355599,0.35794,0.3547,0.357104,333208.05993393
2026-01-01 23:00:00+00:00,0.357286,0.35887,0.355807,0.355952,630041.44775155
2026-01-02 00:00:00+00:00,0.3561,0.35729,0.354,0.3557,1960908.2364989195
2026-01-02 01:00:00+00:00,0.3558,0.35743,0.3549,0.3559,1660766.0506252302
2026-01-02 02:00:00+00:00,0.3559,0.35895,0.355,0.3578,1065746.5029770096
2026-01-02 03:00:00+00:00,0.3578,0.363,0.3576,0.361781,3043764.5217832094
2026-01-02 04:00:00+00:00,0.3619,0.36353,0.35857,0.3595,4117013.269559808
2026-01-02 05:00:00+00:00,0.3593,0.35971,0.3568,0.3577,1247227.8278079105
2026-01-02 06:00:00+00:00,0.357764,0.3588,0.3568,0.3576,798351.5628468203
2026-01-02 07:00:00+00:00,0.3576,0.358013,0.3548,0.3551,859786.8594504101
2026-01-02 08:00:00+00:00,0.355208,0.35789,0.3552,0.3572,844177.5393685901
2026-01-02 09:00:00+00:00,0.357221,0.36759,0.3567,0.3646,3020337.8109873603
2026-01-02 10:00:00+00:00,0.3647,0.3665,0.3632,0.3642,3956004.563622939
2026-01-02 11:00:00+00:00,0.364351,0.3644,0.3592,0.3602,2281306.7793409503
2026-01-02 12:00:00+00:00,0.360234,0.36464,0.358,0.3641,1998819.83231916
2026-01-02 13:00:00+00:00,0.36402,0.36581,0.3629,0.3644,2126127.8649991206
2026-01-02 14:00:00+00:00,0.364271,0.37092,0.360485,0.36847,6817671.587674499
2026-01-02 15:00:00+00:00,0.368,0.3744,0.3648,0.3712,5827198.296224898
2026-01-02 16:00:00+00:00,0.3714,0.395245,0.3714,0.3887,14637728.200502386
2026-01-02 17:00:00+00:00,0.3888,0.3933,0.3864,0.3884,13998422.488251949
2026-01-02 18:00:00+00:00,0.3884,0.3894,0.3801,0.3817,7025502.15176107
2026-01-02 19:00:00+00:00,0.3817,0.38882,0.3812,0.388,8076070.215297411
2026-01-02 20:00:00+00:00,0.3884,0.3894,0.3841,0.3857,3903549.32626865
2026-01-02 21:00:00+00:00,0.385776,0.39158,0.3856,0.390188,3417849.768368
2026-01-02 22:00:00+00:00,0.3903,0.39649,0.3895,0.394505,4961861.1113987975
2026-01-02 23:00:00+00:00,0.394549,0.3959,0.3923,0.394723,3098181.536812839
2026-01-03 00:00:00+00:00,0.3947,0.39935,0.3944,0.3946,3190632.1349238893
2026-01-03 01:00:00+00:00,0.3945,0.3961,0.3925,0.3938,2023915.189604489
2026-01-03 02:00:00+00:00,0.3936,0.39724,0.3912,0.3965,2769190.45086757
2026-01-03 03:00:00+00:00,0.396394,0.3987,0.3936,0.3982,1695157.7342790195
2026-01-03 04:00:00+00:00,0.3981,0.39882,0.39585,0.397,1171459.33840704
2026-01-03 05:00:00+00:00,0.396959,0.3983,0.3919,0.3927,1416890.5852985503
2026-01-03 06:00:00+00:00,0.3928,0.3951,0.3893,0.3906,2360898.3345950395
2026-01-03 07:00:00+00:00,0.3905,0.3917,0.382766,0.3841,4258404.05875285
2026-01-03 08:00:00+00:00,0.384039,0.38781,0.3825,0.386395,3803286.7436636616
2026-01-03 09:00:00+00:00,0.386477,0.389,0.3856,0.3873,1424913.30817878
2026-01-03 10:00:00+00:00,0.3871,0.38714,0.3847,0.3851,1578302.3502725998
2026-01-03 11:00:00+00:00,0.3851,0.385398,0.3831,0.384333,2028277.12664746
2026-01-03 12:00:00+00:00,0.3841,0.38661,0.3831,0.3866,1296671.944654391
2026-01-03 13:00:00+00:00,0.3865,0.3872,0.3852,0.386919,1010156.4268123502
2026-01-03 14:00:00+00:00,0.386931,0.39076,0.3863,0.3869,1955470.5418954096
2026-01-03 15:00:00+00:00,0.3867,0.3875,0.38547,0.386,1568634.6153220998
2026-01-03 16:00:00+00:00,0.386066,0.3883,0.38508,0.3874,1225057.6593616896
2026-01-03 17:00:00+00:00,0.38742,0.38851,0.38626,0.388,702686.2923737699
2026-01-03 18:00:00+00:00,0.388,0.38964,0.38665,0.389106,928565.8922396096
2026-01-03 19:00:00+00:00,0.3891,0.3891,0.38734,0.3883,543056.5136055199
2026-01-03 20:00:00+00:00,0.3883,0.3885,0.38544,0.387987,1569410.9479061102
2026-01-03 21:00:00+00:00,0.388,0.390104,0.3871,0.3887,1467074.040392581
2026-01-03 22:00:00+00:00,0.388681,0.3906,0.38769,0.3894,980776.96123333
2026-01-03 23:00:00+00:00,0.389552,0.39,0.3885,0.3892,692235.810241
2026-01-04 00:00:00+00:00,0.3891,0.3959,0.38827,0.3951,5145640.468205721
2026-01-04 01:00:00+00:00,0.3949,0.3949,0.39128,0.3941,2061953.35528769
2026-01-04 02:00:00+00:00,0.394,0.3956,0.39249,0.39379,1280033.4588029797
2026-01-04 03:00:00+00:00,0.3935,0.4002,0.3935,0.3995,3984605.55391272
2026-01-04 04:00:00+00:00,0.3993,0.401906,0.39665,0.3977,6266721.224200327
2026-01-04 05:00:00+00:00,0.3978,0.39917,0.3959,0.3985,1556987.71575765
2026-01-04 06:00:00+00:00,0.3984,0.3994,0.3937,0.3943,2077846.7509443096
2026-01-04 07:00:00+00:00,0.3943,0.3973,0.3941,0.396,2072791.792739139
2026-01-04 08:00:00+00:00,0.396091,0.3986,0.39264,0.3981,3160772.4824367305
2026-01-04 09:00:00+00:00,0.3981,0.4037,0.3964,0.4029,2988402.817270424
2026-01-04 10:00:00+00:00,0.4029,0.4055,0.4022,0.403204,4328865.858313778
2026-01-04 11:00:00+00:00,0.4032,0.4032,0.3992,0.401158,1007719.4566048495
2026-01-04 12:00:00+00:00,0.4012,0.40436,0.4005,0.4013,1782070.0405806506
2026-01-04 13:00:00+00:00,0.401294,0.401294,0.3972,0.400007,1557348.42280712
2026-01-04 14:00:00+00:00,0.400006,0.4006,0.3958,0.3986,3274182.9479705608
2026-01-04 15:00:00+00:00,0.3985,0.3992,0.3963,0.3988,1029296.2499608202
2026-01-04 16:00:00+00:00,0.39887,0.4027,0.3983,0.40237,2113022.977761959
2026-01-04 17:00:00+00:00,0.402272,0.404136,0.4005,0.403,2626277.68234098
2026-01-04 18:00:00+00:00,0.403,0.403532,0.39829,0.4007,2365259.7996591902
2026-01-04 19:00:00+00:00,0.4005,0.400599,0.39507,0.3987,3657722.23850054
2026-01-04 20:00:00+00:00,0.3985,0.4016,0.3981,0.399,822990.5586986699
2026-01-04 21:00:00+00:00,0.399,0.401721,0.39677,0.3987,2016255.23214942
2026-01-04 22:00:00+00:00,0.3986,0.4014,0.39742,0.398536,1014471.47998133
2026-01-04 23:00:00+00:00,0.398584,0.4024,0.398,0.400499,1513106.60353723
2026-01-05 00:00:00+00:00,0.400043,0.403007,0.39772,0.40123,338102.86391309
2026-01-05 01:00:00+00:00,0.401269,0.40761,0.400837,0.40576,1762144.5509117998
2026-01-05 02:00:00+00:00,0.40625,0.407083,0.40053,0.40358,980650.42925525
2026-01-05 03:00:00+00:00,0.404264,0.40527,0.40179,0.40302,265613.52375828
2026-01-05 04:00:00+00:00,0.402698,0.403465,0.39299,0.397333,934159.2405585
2026-01-05 05:00:00+00:00,0.397122,0.400602,0.396201,0.397771,207410.71330598008
2026-01-05 06:00:00+00:00,0.397919,0.399788,0.39508,0.399469,150493.58899487
2026-01-05 07:00:00+00:00,0.399505,0.40237,0.398708,0.400965,135408.77557658002
2026-01-05 08:00:00+00:00,0.400886,0.403932,0.39777,0.39777,256452.94695512
2026-01-05 09:00:00+00:00,0.39798,0.398899,0.39568,0.395977,84884.95917709
2026-01-05 10:00:00+00:00,0.396296,0.399925,0.396271,0.3978,580667.06510826
2026-01-05 11:00:00+00:00,0.39771,0.399688,0.396364,0.399656,189641.14533664
2026-01-05 12:00:00+00:00,0.399734,0.40135,0.398321,0.400525,206573.91568448
2026-01-05 13:00:00+00:00,0.400459,0.40162,0.39673,0.398014,355232.69829821
2026-01-05 14:00:00+00:00,0.398015,0.408094,0.397284,0.4035,1010543.01737261
2026-01-05 15:00:00+00:00,0.403748,0.413693,0.401264,0.412605,1598613.80390034
2026-01-05 16:00:00+00:00,0.41238,0.416145,0.411411,0.412736,2450101.9378834907
2026-01-05 17:00:00+00:00,0.413007,0.414377,0.40638,0.41366,2303630.2496335595
2026-01-05 18:00:00+00:00,0.41318,0.419272,0.41182,0.418833,1587330.4119549897
2026-01-05 19:00:00+00:00,0.418785,0.419377,0.41489,0.41677,2256578.84375576
2026-01-05 20:00:00+00:00,0.41677,0.423713,0.41676,0.41831,1780597.5689814202
2026-01-05 21:00:00+00:00,0.41813,0.422076,0.41779,0.421479,564861.6692308
2026-01-05 22:00:00+00:00,0.421379,0.425,0.41879,0.423465,887491.2431112702
2026-01-05 23:00:00+00:00,0.423357,0.42475,0.42045,0.421194,743692.8237809099
2026-01-06 00:00:00+00:00,0.421133,0.4244,0.4178,0.4239,4124374.8579003103
2026-01-06 01:00:00+00:00,0.4239,0.432065,0.42275,0.4241,7825153.190516443
2026-01-06 02:00:00+00:00,0.4242,0.4297,0.4235,0.424971,3992907.2109765
2026-01-06 03:00:00+00:00,0.424949,0.4278,0.4238,0.4259,1619907.5604995105
2026-01-06 04:00:00+00:00,0.426051,0.4269,0.42335,0.4246,1894144.84009823
2026-01-06 05:00:00+00:00,0.4245,0.4256,0.42156,0.4229,2032396.72367492
2026-01-06 06:00:00+00:00,0.4228,0.4256,0.41958,0.4232,2773776.8684518817
2026-01-06 07:00:00+00:00,0.4232,0.4233,0.4132,0.4146,4103715.894244292
2026-01-06 08:00:00+00:00,0.41466,0.4181,0.41466,0.4157,1982242.334591099
2026-01-06 09:00:00+00:00,0.4157,0.4183,0.41511,0.4175,1062896.6194815696
2026-01-06 10:00:00+00:00,0.4175,0.4202,0.41629,0.419,997335.5729004204
2026-01-06 11:00:00+00:00,0.419,0.4224,0.4182,0.422258,1476136.7266740703
2026-01-06 12:00:00+00:00,0.422,0.424,0.42098,0.42229,1304774.8796725697
2026-01-06 13:00:00+00:00,0.4224,0.425,0.42049,0.422214,1833467.3140752504
2026-01-06 14:00:00+00:00,0.42226,0.4374,0.42226,0.42701,11250883.109991292
2026-01-06 15:00:00+00:00,0.427,0.430154,0.417,0.4199,8346512.557617241
2026-01-06 16:00:00+00:00,0.4198,0.4208,0.4059,0.4098,8492456.71004963
2026-01-06 17:00:00+00:00,0.4097,0.4114,0.4013,0.4022,8443685.364374638
2026-01-06 18:00:00+00:00,0.402,0.409169,0.400691,0.4078,4003532.680777428
2026-01-06 19:00:00+00:00,0.4079,0.4091,0.40654,0.4072,1412593.94188382
2026-01-06 20:00:00+00:00,0.407215,0.414368,0.4072,0.4121,6385157.341649004
2026-01-06 21:00:00+00:00,0.412155,0.422,0.4101,0.4175,6602683.486380267
2026-01-06 22:00:00+00:00,0.41712,0.4191,0.41448,0.4174,1716010.97665119
2026-01-06 23:00:00+00:00,0.417324,0.4209,0.417,0.419381,1433127.95988905
2026-01-07 00:00:00+00:00,0.4193,0.4193,0.41173,0.4125,1921319.04104996
2026-01-07 01:00:00+00:00,0.4128,0.4146,0.40909,0.4099,1771984.7188229396
2026-01-07 02:00:00+00:00,0.409785,0.4146,0.4083,0.4138,1479546.7162036102
2026-01-07 03:00:00+00:00,0.4139,0.4153,0.4114,0.4118,1127893.38207213
2026-01-07 04:00:00+00:00,0.4118,0.4131,0.4104,0.4117,875962.8181153702
2026-01-07 05:00:00+00:00,0.4119,0.4123,0.40913,0.4098,1598204.2841422502
2026-01-07 06:00:00+00:00,0.40992,0.4124,0.4097,0.4108,915279.4704038202
2026-01-07 07:00:00+00:00,0.410862,0.4185,0.410862,0.4185,2371942.1016263813
2026-01-07 08:00:00+00:00,0.41833,0.4224,0.4175,0.4208,3489573.105064932
2026-01-07 09:00:00+00:00,0.4208,0.4208,0.4088,0.4101,3037530.16456723
2026-01-07 10:00:00+00:00,0.4099,0.41383,0.40878,0.4128,1515180.7394780302
2026-01-07 11:00:00+00:00,0.4128,0.4162,0.4126,0.4147,1383099.52483677
2026-01-07 12:00:00+00:00,0.4146,0.41577,0.4108,0.4111,2917241.469566078
2026-01-07 13:00:00+00:00,0.4112,0.4128,0.4091,0.4098,2142823.845758539
2026-01-07 14:00:00+00:00,0.4097,0.4098,0.4002,0.4072,7510714.196935762
2026-01-07 15:00:00+00:00,0.4073,0.4075,0.4,0.4024,4311016.197844829
2026-01-07 16:00:00+00:00,0.4025,0.4056,0.4014,0.4035,3436168.8901396096
2026-01-07 17:00:00+00:00,0.4037,0.4074,0.4025,0.4035,1403833.03120417
2026-01-07 18:00:00+00:00,0.4034,0.40574,0.4016,0.4031,2233930.27703096
2026-01-07 19:00:00+00:00,0.4031,0.4041,0.4,0.4024,2426082.761485429
2026-01-07 20:00:00+00:00,0.4025,0.4035,0.3986,0.4005,2453572.15771138
2026-01-07 21:00:00+00:00,0.4006,0.40236,0.4001,0.4009,949826.4239202904
2026-01-07 22:00:00+00:00,0.4007,0.40324,0.398354,0.4001,1663391.8308825805
2026-01-07 23:00:00+00:00,0.400061,0.4041,0.397045,0.402,2190120.27879016
2026-01-08 00:00:00+00:00,0.4019,0.4033,0.3992,0.4027,1785661.6781510503
2026-01-08 01:00:00+00:00,0.4027,0.40467,0.401314,0.4034,1330886.725076661
2026-01-08 02:00:00+00:00,0.403295,0.4041,0.399,0.3999,2307869.75412514
2026-01-08 03:00:00+00:00,0.3999,0.40246,0.395086,0.397443,2281650.72838008
2026-01-08 04:00:00+00:00,0.3974,0.4013,0.3961,0.4001,1417402.61194902
2026-01-08 05:00:00+00:00,0.4002,0.4015,0.3976,0.3984,934644.84160862
2026-01-08 06:00:00+00:00,0.398312,0.39928,0.390454,0.3909,4580477.251663901
2026-01-08 07:00:00+00:00,0.3909,0.39543,0.3885,0.3947,6539873.583473449
2026-01-08 08:00:00+00:00,0.394689,0.39686,0.3915,0.3919,1133167.8291598405
2026-01-08 09:00:00+00:00,0.392,0.3939,0.3892,0.3895,1391078.3176669097
2026-01-08 10:00:00+00:00,0.3894,0.39266,0.3864,0.39208,2210675.1586171696
2026-01-08 11:00:00+00:00,0.391786,0.39252,0.3869,0.39,2495244.1902591507
2026-01-08 12:00:00+00:00,0.3899,0.3901,0.3864,0.3881,1842285.6000463704
2026-01-08 13:00:00+00:00,0.3881,0.39035,0.387486,0.3886,1591134.4285278795
2026-01-08 14:00:00+00:00,0.3885,0.38981,0.384061,0.3882,6137858.287692372
2026-01-08 15:00:00+00:00,0.3881,0.39508,0.3861,0.39497,5968368.506003209
2026-01-08 16:00:00+00:00,0.3948,0.3956,0.39,0.3947,4242058.067184499
2026-01-08 17:00:00+00:00,0.3947,0.3975,0.3921,0.3967,2028071.77702918
2026-01-08 18:00:00+00:00,0.3966,0.39706,0.3933,0.3941,1698938.85194091
2026-01-08 19:00:00+00:00,0.3942,0.3961,0.392,0.3929,1746115.3547088795
2026-01-08 20:00:00+00:00,0.3928,0.3931,0.3891,0.3924,2480439.58473002
2026-01-08 21:00:00+00:00,0.3924,0.3979,0.3921,0.3974,4334826.597485289
2026-01-08 22:00:00+00:00,0.3975,0.398832,0.3942,0.3964,2715599.6471141214
2026-01-08 23:00:00+00:00,0.396481,0.3975,0.3952,0.3953,689330.1827872497
2026-01-09 00:00:00+00:00,0.3954,0.3981,0.3953,0.3972,1893929.03392684
2026-01-09 01:00:00+00:00,0.3973,0.4003,0.3943,0.3953,3063142.962357919
2026-01-09 02:00:00+00:00,0.39571,0.39924,0.3943,0.3951,1466814.6670638097
2026-01-09 03:00:00+00:00,0.395,0.39802,0.3942,0.3979,1496701.3290149802
2026-01-09 04:00:00+00:00,0.3979,0.39834,0.3955,0.3958,1103706.7196080398
2026-01-09 05:00:00+00:00,0.39586,0.3968,0.3935,0.3964,3338461.99728176
2026-01-09 06:00:00+00:00,0.3964,0.39952,0.3953,0.398996,990535.26765637
2026-01-09 07:00:00+00:00,0.3991,0.39922,0.3963,0.3965,4854902.915136711
2026-01-09 08:00:00+00:00,0.396733,0.3972,0.388868,0.391373,3232483.556195
2026-01-09 09:00:00+00:00,0.3913,0.39462,0.3911,0.391214,955600.84171858
2026-01-09 10:00:00+00:00,0.391237,0.3922,0.3904,0.391127,1221438.8122804598
2026-01-09 11:00:00+00:00,0.3913,0.39361,0.390815,0.3914,527012.36820864
2026-01-09 12:00:00+00:00,0.391294,0.3921,0.3893,0.3911,808314.09593203
2026-01-09 13:00:00+00:00,0.391,0.39755,0.3909,0.3952,5129946.352722541
2026-01-09 14:00:00+00:00,0.395181,0.3954,0.3873,0.3899,5326650.28402399
2026-01-09 15:00:00+00:00,0.3899,0.40488,0.388,0.3967,9663347.621319905
2026-01-09 16:00:00+00:00,0.3968,0.40402,0.3967,0.40163,5553578.168741412
2026-01-09 17:00:00+00:00,0.4014,0.401534,0.3922,0.396,2781787.678326118
2026-01-09 18:00:00+00:00,0.3959,0.39715,0.3893,0.392761,3153853.648242651
2026-01-09 19:00:00+00:00,0.3926,0.3926,0.3885,0.3897,2126082.14729246
2026-01-09 20:00:00+00:00,0.3897,0.3925,0.3893,0.3908,2467462.1132495697
2026-01-09 21:00:00+00:00,0.3907,0.3931,0.389,0.3922,1447070.0752015398
2026-01-09 22:00:00+00:00,0.3921,0.39366,0.3903,0.3928,963260.53089414
2026-01-09 23:00:00+00:00,0.392923,0.392923,0.3903,0.390926,647708.4088372801
2026-01-10 00:00:00+00:00,0.3911,0.3914,0.3881,0.3891,779736.6301612398
2026-01-10 01:00:00+00:00,0.3891,0.3904,0.3885,0.3897,758646.0746935398
2026-01-10 02:00:00+00:00,0.3898,0.39127,0.3886,0.389,529436.01161085
2026-01-10 03:00:00+00:00,0.389,0.38932,0.3861,0.388596,893880.4199213701
2026-01-10 04:00:00+00:00,0.3886,0.38936,0.3866,0.3872,947520.09063742
2026-01-10 05:00:00+00:00,0.387397,0.3885,0.386786,0.386987,538007.94254207
2026-01-10 06:00:00+00:00,0.3871,0.38769,0.3841,0.3856,946700.50878291
2026-01-10 07:00:00+00:00,0.3856,0.3881,0.3856,0.3875,736199.9560983701
2026-01-10 08:00:00+00:00,0.38756,0.38812,0.3866,0.3877,766025.25938932
2026-01-10 09:00:00+00:00,0.3878,0.39018,0.3874,0.3899,652416.9623294302
2026-01-10 10:00:00+00:00,0.3901,0.39144,0.389023,0.3908,822323.1484666598
2026-01-10 11:00:00+00:00,0.390708,0.390708,0.389535,0.390608,483760.2128269
2026-01-10 12:00:00+00:00,0.390606,0.39262,0.3904,0.3919,559919.47897489
2026-01-10 13:00:00+00:00,0.3919,0.39252,0.3899,0.39002,563268.24008752
2026-01-10 14:00:00+00:00,0.390014,0.39035,0.38824,0.3889,606515.77130285
2026-01-10 15:00:00+00:00,0.389,0.39032,0.3889,0.3892,830877.2518192799
2026-01-10 16:00:00+00:00,0.3891,0.39062,0.388075,0.389577,441129.3559079901
2026-01-10 17:00:00+00:00,0.389759,0.39195,0.3885,0.3888,1199050.10623477
2026-01-10 18:00:00+00:00,0.3887,0.391,0.3881,0.389,781295.8380238295
2026-01-10 19:00:00+00:00,0.3891,0.39107,0.3886,0.3908,430051.59619271
2026-01-10 20:00:00+00:00,0.3907,0.3914,0.3897,0.389782,421689.97506807017
2026-01-10 21:00:00+00:00,0.3898,0.39022,0.3884,0.3884,690854.4234629899
2026-01-10 22:00:00+00:00,0.388489,0.38887,0.3851,0.3853,1183329.4019726398
2026-01-10 23:00:00+00:00,0.385388,0.38888,0.3851,0.3881,869567.1903729299
2026-01-11 00:00:00+00:00,0.388,0.3894,0.3872,0.3887,512044.2206255297
2026-01-11 01:00:00+00:00,0.3886,0.39018,0.3881,0.389719,503593.94010641007
2026-01-11 02:00:00+00:00,0.3898,0.39191,0.389422,0.3897,1075404.05788208
2026-01-11 03:00:00+00:00,0.3898,0.3905,0.3893,0.3901,864712.6413135902
2026-01-11 04:00:00+00:00,0.390118,0.39115,0.389,0.390528,681770.7060003598
2026-01-11 05:00:00+00:00,0.3906,0.391553,0.3899,0.391003,1013144.66100009
2026-01-11 06:00:00+00:00,0.391,0.39164,0.3884,0.3901,415855.30338194006
2026-01-11 07:00:00+00:00,0.390237,0.39141,0.3896,0.390929,1261904.5558094103
2026-01-11 08:00:00+00:00,0.39091,0.39194,0.3902,0.3912,763835.4699017996
2026-01-11 09:00:00+00:00,0.391129,0.39337,0.3904,0.3908,741327.9407370898
2026-01-11 10:00:00+00:00,0.3908,0.391,0.3892,0.3906,404223.0442141299
2026-01-11 11:00:00+00:00,0.3907,0.392,0.3904,0.391374,439136.97315763
2026-01-11 12:00:00+00:00,0.3915,0.39687,0.3913,0.3953,1584929.1106685102
2026-01-11 13:00:00+00:00,0.395526,0.39699,0.3929,0.3932,3617755.847581162
2026-01-11 14:00:00+00:00,0.393096,0.3958,0.3926,0.3948,1073916.2716455804
2026-01-11 15:00:00+00:00,0.3951,0.3954,0.3882,0.39,3153194.723702291
2026-01-11 16:00:00+00:00,0.389968,0.3955,0.389674,0.3932,2842662.1082594
2026-01-11 17:00:00+00:00,0.3931,0.39527,0.3913,0.3943,1593691.5871249903
2026-01-11 18:00:00+00:00,0.3944,0.3945,0.391697,0.3939,512519.9869071
2026-01-11 19:00:00+00:00,0.394,0.39474,0.3917,0.3919,746152.8920517699
2026-01-11 20:00:00+00:00,0.3918,0.391911,0.3861,0.389109,2793430.716135679
2026-01-11 21:00:00+00:00,0.389,0.39261,0.38676,0.3913,1605619.9198796498
2026-01-11 22:00:00+00:00,0.391483,0.39186,0.3872,0.3873,1656756.490171851
2026-01-11 23:00:00+00:00,0.3874,0.39234,0.38323,0.3904,2706400.0119079864
2026-01-12 00:00:00+00:00,0.3903,0.3913,0.3852,0.3909,2442334.05085916
2026-01-12 01:00:00+00:00,0.3909,0.39546,0.3901,0.393814,4247830.498084631
2026-01-12 02:00:00+00:00,0.3941,0.40306,0.393814,0.40132,4668615.006283498
2026-01-12 03:00:00+00:00,0.4014,0.40322,0.396471,0.3968,2930962.0023902305
2026-01-12 04:00:00+00:00,0.3969,0.40094,0.3963,0.4,916428.49172391
2026-01-12 05:00:00+00:00,0.4,0.4007,0.397538,0.3979,1073966.7960959803
2026-01-12 06:00:00+00:00,0.398019,0.39931,0.394,0.3943,1138745.97751554
2026-01-12 07:00:00+00:00,0.394381,0.396238,0.3893,0.3899,1411212.65541797
2026-01-12 08:00:00+00:00,0.389904,0.3923,0.3847,0.3875,3891772.1633275854
2026-01-12 09:00:00+00:00,0.3875,0.38827,0.3859,0.3862,1402690.27992514
2026-01-12 10:00:00+00:00,0.3862,0.3877,0.3842,0.3849,959337.1074241404
2026-01-12 11:00:00+00:00,0.384893,0.3878,0.384498,0.3869,1393198.08724822
2026-01-12 12:00:00+00:00,0.387001,0.38796,0.3853,0.3858,803516.5996993099
2026-01-12 13:00:00+00:00,0.385825,0.3864,0.38129,0.3818,4876119.178962605
2026-01-12 14:00:00+00:00,0.382102,0.38955,0.381,0.388663,3413992.661437331
2026-01-12 15:00:00+00:00,0.3888,0.3945,0.3878,0.3941,3071592.3581859
2026-01-12 16:00:00+00:00,0.394,0.39975,0.3938,0.397229,3543431.9622016503
2026-01-12 17:00:00+00:00,0.397224,0.3987,0.3904,0.393005,2931745.02917454
2026-01-12 18:00:00+00:00,0.393,0.396518,0.3919,0.3932,1743182.7030924698
2026-01-12 19:00:00+00:00,0.3929,0.39385,0.3912,0.392933,1028310.44552522
2026-01-12 20:00:00+00:00,0.393,0.3949,0.3886,0.38886,2770302.9514981294
2026-01-12 21:00:00+00:00,0.388818,0.389,0.3835,0.3852,3158451.38849066
2026-01-12 22:00:00+00:00,0.3852,0.3875,0.3844,0.3868,2678357.8513474297
2026-01-12 23:00:00+00:00,0.3868,0.38925,0.385,0.385749,699597.7542078003
2026-01-13 00:00:00+00:00,0.3858,0.38705,0.3847,0.3863,1322594.2236370298
2026-01-13 01:00:00+00:00,0.3863,0.387938,0.3845,0.385691,820306.73099552
2026-01-13 02:00:00+00:00,0.3858,0.3886,0.3853,0.3855,729566.50284081
2026-01-13 03:00:00+00:00,0.3856,0.38808,0.3852,0.3863,1033279.5675697305
2026-01-13 04:00:00+00:00,0.386363,0.388726,0.386,0.3886,810802.8553005998
2026-01-13 05:00:00+00:00,0.3887,0.39546,0.3887,0.3914,3122209.81963233
2026-01-13 06:00:00+00:00,0.3915,0.393,0.39,0.3917,2832829.083513489
2026-01-13 07:00:00+00:00,0.3918,0.391938,0.3893,0.3896,661852.15646827
2026-01-13 08:00:00+00:00,0.389565,0.3935,0.3893,0.39264,2599343.75411645
2026-01-13 09:00:00+00:00,0.3927,0.395,0.3914,0.3925,1160019.4118178396
2026-01-13 10:00:00+00:00,0.3926,0.394,0.3906,0.3911,652646.6778660598
2026-01-13 11:00:00+00:00,0.3911,0.39342,0.39,0.3919,939675.6127567402
2026-01-13 12:00:00+00:00,0.3919,0.3933,0.39046,0.3929,922314.98169734
2026-01-13 13:00:00+00:00,0.3926,0.3971,0.3921,0.3937,3895156.713516865
2026-01-13 14:00:00+00:00,0.3936,0.4025,0.3918,0.398,8601595.298861727
2026-01-13 15:00:00+00:00,0.3979,0.4061,0.395308,0.4059,3810409.961201152
2026-01-13 16:00:00+00:00,0.4059,0.41092,0.4059,0.409275,8329260.63430778
2026-01-13 17:00:00+00:00,0.4094,0.4103,0.40475,0.40556,4755022.52580218
2026-01-13 18:00:00+00:00,0.4059,0.4087,0.40483,0.406124,3351196.419748799
2026-01-13 19:00:00+00:00,0.406,0.4103,0.4049,0.41,2826431.7554692696
2026-01-13 20:00:00+00:00,0.4102,0.4115,0.4065,0.4087,3015305.462479919
2026-01-13 21:00:00+00:00,0.40853,0.410711,0.4082,0.41,2114723.8288914594
2026-01-13 22:00:00+00:00,0.4101,0.425,0.4092,0.4223,13154799.365151623
2026-01-13 23:00:00+00:00,0.4224,0.4265,0.41874,0.4217,4744594.1403686
2026-01-14 00:00:00+00:00,0.4217,0.4238,0.41918,0.4222,2209040.9247826403
2026-01-14 01:00:00+00:00,0.4222,0.4241,0.4201,0.420853,2596886.213857028
2026-01-14 02:00:00+00:00,0.4208,0.4238,0.419696,0.4214,2074906.61780862
2026-01-14 03:00:00+00:00,0.4214,0.4258,0.42095,0.4258,2701591.08958028
2026-01-14 04:00:00+00:00,0.4256,0.427,0.42227,0.4236,3555172.1115386887
2026-01-14 05:00:00+00:00,0.423584,0.4238,0.42092,0.421688,2785582.164063659
2026-01-14 06:00:00+00:00,0.421687,0.4258,0.41764,0.4252,4722523.36528693
2026-01-14 07:00:00+00:00,0.4251,0.427622,0.4224,0.4237,3045534.97135874
2026-01-14 08:00:00+00:00,0.4237,0.4251,0.4202,0.4204,1542339.0623969298
2026-01-14 09:00:00+00:00,0.4204,0.4218,0.4195,0.4201,1873342.47076562
2026-01-14 10:00:00+00:00,0.4201,0.4208,0.4174,0.4182,1476247.1857999903
2026-01-14 11:00:00+00:00,0.4179,0.4182,0.413106,0.413701,1995370.6632488496
2026-01-14 12:00:00+00:00,0.4137,0.4161,0.4132,0.41507,2457157.88973312
2026-01-14 13:00:00+00:00,0.414991,0.4157,0.409881,0.41174,4264457.20337262
2026-01-14 14:00:00+00:00,0.411793,0.4226,0.411724,0.4197,7590301.2903259
2026-01-14 15:00:00+00:00,0.4197,0.4232,0.41635,0.42,6430818.046869462
2026-01-14 16:00:00+00:00,0.4201,0.424081,0.41912,0.421146,5586164.628337181
2026-01-14 17:00:00+00:00,0.421,0.4226,0.4154,0.4164,4511106.99859006
2026-01-14 18:00:00+00:00,0.4162,0.417648,0.40901,0.4135,4497826.880968439
2026-01-14 19:00:00+00:00,0.4135,0.4204,0.41233,0.414922,6198205.318909542
2026-01-14 20:00:00+00:00,0.4149,0.4176,0.4116,0.413,2749411.2994604707
2026-01-14 21:00:00+00:00,0.4129,0.416,0.4118,0.4142,3946574.1988170696
2026-01-14 22:00:00+00:00,0.4141,0.4147,0.40993,0.4122,3439022.06308706
2026-01-14 23:00:00+00:00,0.4123,0.416085,0.4122,0.4142,1407620.16454963
2026-01-15 00:00:00+00:00,0.4144,0.4144,0.41055,0.4118,1543464.9229068796
2026-01-15 01:00:00+00:00,0.4119,0.4143,0.40695,0.4084,4184575.146648509
2026-01-15 02:00:00+00:00,0.408422,0.4094,0.40385,0.405455,3575959.83123594
2026-01-15 03:00:00+00:00,0.4056,0.4062,0.39831,0.4001,4541050.42281045
2026-01-15 04:00:00+00:00,0.4,0.4031,0.3995,0.4025,1429112.24819087
2026-01-15 05:00:00+00:00,0.402577,0.404,0.4016,0.4023,882974.0480046796
2026-01-15 06:00:00+00:00,0.402451,0.4032,0.4003,0.401013,1231672.1971120792
2026-01-15 07:00:00+00:00,0.400962,0.4053,0.4006,0.4042,724433.4990427502
2026-01-15 08:00:00+00:00,0.4042,0.405232,0.402,0.403357,1265161.5545908196
2026-01-15 09:00:00+00:00,0.4032,0.4065,0.4011,0.4047,2932797.0091762086
2026-01-15 10:00:00+00:00,0.404916,0.4053,0.4035,0.4051,1415681.2425452797
2026-01-15 11:00:00+00:00,0.4052,0.406253,0.40335,0.4048,932979.21248363
2026-01-15 12:00:00+00:00,0.4047,0.4078,0.404378,0.4076,1546340.46712142
2026-01-15 13:00:00+00:00,0.4074,0.4106,0.40516,0.408378,2797706.5404247902
2026-01-15 14:00:00+00:00,0.408373,0.409828,0.400124,0.4029,5046355.894725012
2026-01-15 15:00:00+00:00,0.4028,0.4045,0.3932,0.3995,7100867.35497248
2026-01-15 16:00:00+00:00,0.3994,0.3999,0.39513,0.3991,4882829.72238269
2026-01-15 17:00:00+00:00,0.399,0.400904,0.3953,0.396,2616497.299583719
2026-01-15 18:00:00+00:00,0.3962,0.3969,0.3907,0.391706,5360939.818110628
2026-01-15 19:00:00+00:00,0.391705,0.393,0.38905,0.3923,3711952.2156143007
2026-01-15 20:00:00+00:00,0.3923,0.39398,0.38858,0.3904,2285848.80581306
2026-01-15 21:00:00+00:00,0.3905,0.393598,0.3902,0.3929,2710815.0287394403
2026-01-15 22:00:00+00:00,0.3928,0.394528,0.3921,0.3938,1310636.2617773102
2026-01-15 23:00:00+00:00,0.3937,0.3944,0.3925,0.3936,1135657.6534870598
2026-01-16 00:00:00+00:00,0.393515,0.3942,0.39263,0.393,1313757.54327419
2026-01-16 01:00:00+00:00,0.393,0.3939,0.3913,0.3921,888675.8846717299
2026-01-16 02:00:00+00:00,0.392101,0.3931,0.3895,0.393,1937239.90540665
2026-01-16 03:00:00+00:00,0.3929,0.3932,0.39039,0.3914,1263025.23975158
2026-01-16 04:00:00+00:00,0.391286,0.3924,0.38821,0.3899,1871262.9709797087
2026-01-16 05:00:00+00:00,0.3898,0.3939,0.3895,0.393,1251211.74088614
2026-01-16 06:00:00+00:00,0.392831,0.3943,0.39173,0.3938,642693.57546846
2026-01-16 07:00:00+00:00,0.393927,0.3942,0.3918,0.392366,499766.4419804201
2026-01-16 08:00:00+00:00,0.392543,0.393698,0.39201,0.3927,770441.14079156
2026-01-16 09:00:00+00:00,0.392648,0.393,0.39105,0.3917,389200.7665017801
2026-01-16 10:00:00+00:00,0.3918,0.3918,0.3905,0.3911,469773.4959550901
2026-01-16 11:00:00+00:00,0.391,0.3926,0.38994,0.3926,600984.1569444501
2026-01-16 12:00:00+00:00,0.392583,0.3927,0.39039,0.3913,800674.1972728899
2026-01-16 13:00:00+00:00,0.3914,0.3916,0.3887,0.3901,1095827.8685114104
2026-01-16 14:00:00+00:00,0.389913,0.392044,0.388933,0.3892,1657924.9233290695
2026-01-16 15:00:00+00:00,0.3892,0.3911,0.379,0.3816,5681341.377328967
2026-01-16 16:00:00+00:00,0.3815,0.3852,0.3802,0.3839,2313558.96143009
2026-01-16 17:00:00+00:00,0.383889,0.387283,0.38107,0.386607,2234903.1307216105
2026-01-16 18:00:00+00:00,0.3865,0.388,0.38582,0.386538,978864.30980353
2026-01-16 19:00:00+00:00,0.3863,0.3873,0.3843,0.38683,1196194.4896865487
2026-01-16 20:00:00+00:00,0.3866,0.395,0.3848,0.3946,2315754.19548756
2026-01-16 21:00:00+00:00,0.3947,0.3979,0.39299,0.3963,3261081.310652297
2026-01-16 22:00:00+00:00,0.3963,0.3984,0.3883,0.3964,1613645.6994498204
2026-01-16 23:00:00+00:00,0.396378,0.3971,0.395,0.395379,1035061.36424917
2026-01-17 00:00:00+00:00,0.3954,0.3973,0.395,0.3955,1257432.8732812903
2026-01-17 01:00:00+00:00,0.395497,0.396714,0.39495,0.395769,419152.29578971
2026-01-17 02:00:00+00:00,0.395892,0.395892,0.393182,0.3943,998156.06772299
2026-01-17 03:00:00+00:00,0.394547,0.395531,0.393501,0.394737,110298.28553852
2026-01-17 04:00:00+00:00,0.39448,0.396196,0.393681,0.396125,29874.46920046001
2026-01-17 05:00:00+00:00,0.395995,0.396602,0.39555,0.396098,32106.88869288
2026-01-17 06:00:00+00:00,0.395835,0.396102,0.39466,0.394926,124385.39949479
2026-01-17 07:00:00+00:00,0.394927,0.39572,0.39364,0.395387,276177.52081219
2026-01-17 08:00:00+00:00,0.395504,0.3967,0.395343,0.395671,37907.0735684
2026-01-17 09:00:00+00:00,0.395846,0.396672,0.395101,0.395101,34844.65828542999
2026-01-17 10:00:00+00:00,0.395121,0.396663,0.394577,0.396011,58828.84808355
2026-01-17 11:00:00+00:00,0.395962,0.396619,0.3945,0.394598,71917.71332001002
2026-01-17 12:00:00+00:00,0.394657,0.396497,0.394441,0.395907,49875.51485874999
2026-01-17 13:00:00+00:00,0.395786,0.39832,0.395184,0.397455,197915.26669536
2026-01-17 14:00:00+00:00,0.397546,0.40164,0.396283,0.400832,599063.4253490202
2026-01-17 15:00:00+00:00,0.400903,0.4025,0.39959,0.4025,704079.1812468903
2026-01-17 16:00:00+00:00,0.4024,0.404018,0.398766,0.39998,949201.40569766
2026-01-17 17:00:00+00:00,0.400326,0.40181,0.399328,0.400224,286276.96518371993
2026-01-17 18:00:00+00:00,0.400088,0.400097,0.398664,0.400097,115403.36340794
2026-01-17 19:00:00+00:00,0.399947,0.40127,0.39887,0.399922,262818.49879872
2026-01-17 20:00:00+00:00,0.400032,0.40199,0.39852,0.398863,353112.82869455987
2026-01-17 21:00:00+00:00,0.398964,0.398964,0.39746,0.398511,113374.29799595002
2026-01-17 22:00:00+00:00,0.398601,0.398601,0.394572,0.39662,187665.49986273
2026-01-17 23:00:00+00:00,0.39625,0.396997,0.395529,0.396997,157943.82621587
2026-01-18 00:00:00+00:00,0.3971,0.39871,0.3956,0.3962,849258.61574914
2026-01-18 01:00:00+00:00,0.3963,0.396696,0.39279,0.39395,1540658.43704216
2026-01-18 02:00:00+00:00,0.394,0.3958,0.3934,0.394,1163993.5180320898
2026-01-18 03:00:00+00:00,0.3939,0.39665,0.3937,0.3954,434868.7729495799
2026-01-18 04:00:00+00:00,0.3954,0.3955,0.3936,0.395311,304886.69446312
2026-01-18 05:00:00+00:00,0.3952,0.396,0.394174,0.395148,275577.61595565
2026-01-18 06:00:00+00:00,0.395249,0.39595,0.394076,0.395,377454.08892320015
2026-01-18 07:00:00+00:00,0.394935,0.3952,0.3932,0.394076,318319.73553308984
2026-01-18 08:00:00+00:00,0.39408,0.3942,0.3919,0.3937,1270396.48410526
2026-01-18 09:00:00+00:00,0.3936,0.3947,0.3929,0.3939,328990.54941752995
2026-01-18 10:00:00+00:00,0.3941,0.3945,0.3923,0.3936,814210.0279511
2026-01-18 11:00:00+00:00,0.393499,0.3936,0.39246,0.3927,393718.0517067201
2026-01-18 12:00:00+00:00,0.3927,0.3938,0.3919,0.3923,264778.7645201
2026-01-18 13:00:00+00:00,0.392307,0.3939,0.390759,0.3926,1101618.7423141098
2026-01-18 14:00:00+00:00,0.3926,0.395105,0.3898,0.3901,1891790.72646675
2026-01-18 15:00:00+00:00,0.3901,0.392432,0.3892,0.392226,1362507.94033852
2026-01-18 16:00:00+00:00,0.392258,0.39401,0.3913,0.3917,534435.7475760201
2026-01-18 17:00:00+00:00,0.3917,0.3924,0.39,0.3919,1628851.2023113703
2026-01-18 18:00:00+00:00,0.392,0.39618,0.390952,0.3947,1487795.98270497
2026-01-18 19:00:00+00:00,0.3946,0.3956,0.3917,0.3924,639280.5476999602
2026-01-18 20:00:00+00:00,0.3924,0.3951,0.3914,0.3936,438446.7956419802
2026-01-18 21:00:00+00:00,0.3937,0.3947,0.3926,0.394249,566922.9994290397
2026-01-18 22:00:00+00:00,0.3942,0.397108,0.3941,0.395648,915716.11410308
2026-01-18 23:00:00+00:00,0.3958,0.395831,0.3746,0.3757,7712118.8309445
2026-01-19 00:00:00+00:00,0.3755,0.3755,0.34435,0.363095,30570399.390863143
2026-01-19 01:00:00+00:00,0.3629,0.3666,0.360647,0.36342,8158246.80176162
2026-01-19 02:00:00+00:00,0.3634,0.3663,0.3625,0.3652,2929392.8815307994
2026-01-19 03:00:00+00:00,0.365122,0.3661,0.3637,0.365588,1495852.3581206503
2026-01-19 04:00:00+00:00,0.3654,0.3659,0.3627,0.3627,2773693.0379999094
2026-01-19 05:00:00+00:00,0.3628,0.368316,0.3628,0.3639,6398787.406358692
2026-01-19 06:00:00+00:00,0.3639,0.364267,0.3608,0.3623,3037987.126087989
2026-01-19 07:00:00+00:00,0.36247,0.36558,0.3624,0.3639,1985521.8562328308
2026-01-19 08:00:00+00:00,0.363954,0.3694,0.36314,0.369,3174959.498962741
2026-01-19 09:00:00+00:00,0.369,0.37106,0.368,0.3695,4923997.867609939
2026-01-19 10:00:00+00:00,0.3696,0.371,0.3683,0.3707,2024888.67480225
2026-01-19 11:00:00+00:00,0.3708,0.3725,0.3685,0.369001,2808073.51524596
2026-01-19 12:00:00+00:00,0.369034,0.369051,0.3658,0.366946,2510691.8796532387
2026-01-19 13:00:00+00:00,0.3669,0.3672,0.3649,0.3657,2602466.54482858
2026-01-19 14:00:00+00:00,0.365828,0.3707,0.3656,0.3677,2884635.76984838
2026-01-19 15:00:00+00:00,0.3677,0.3688,0.3656,0.3666,2297702.8450796097
2026-01-19 16:00:00+00:00,0.3665,0.37181,0.3662,0.370701,2466036.334265639
2026-01-19 17:00:00+00:00,0.3705,0.370701,0.3685,0.3685,1518498.9775338997
2026-01-19 18:00:00+00:00,0.368589,0.37,0.3681,0.3689,719515.69939343
2026-01-19 19:00:00+00:00,0.3691,0.3727,0.3691,0.3708,1554454.7335795497
2026-01-19 20:00:00+00:00,0.3708,0.3723,0.370588,0.3711,1232356.23658267
2026-01-19 21:00:00+00:00,0.370948,0.3719,0.3693,0.369849,1227724.1776766095
2026-01-19 22:00:00+00:00,0.3698,0.3707,0.3666,0.366688,4155500.7037304486
2026-01-19 23:00:00+00:00,0.3668,0.3711,0.3667,0.3701,3217320.55945502
2026-01-20 00:00:00+00:00,0.370034,0.3702,0.3677,0.3681,806898.2571894198
2026-01-20 01:00:00+00:00,0.3679,0.3704,0.3668,0.368645,1486244.7432774308
2026-01-20 02:00:00+00:00,0.3685,0.3688,0.365346,0.3676,2041530.9395332704
2026-01-20 03:00:00+00:00,0.3676,0.368,0.36519,0.366154,1359263.9095348697
2026-01-20 04:00:00+00:00,0.366164,0.36737,0.365,0.3654,1502450.08701006
2026-01-20 05:00:00+00:00,0.3655,0.3686,0.3637,0.3675,6464885.26326114
2026-01-20 06:00:00+00:00,0.3674,0.36784,0.3634,0.366192,2563371.007098991
2026-01-20 07:00:00+00:00,0.3661,0.36791,0.3654,0.365595,862680.7706087999
2026-01-20 08:00:00+00:00,0.3656,0.3663,0.3571,0.36031,4465667.06811356
2026-01-20 09:00:00+00:00,0.3602,0.36048,0.357509,0.358542,971647.96139291
2026-01-20 10:00:00+00:00,0.3584,0.36115,0.3584,0.3598,1360906.1069766302
2026-01-20 11:00:00+00:00,0.3597,0.3605,0.3573,0.3574,688027.60770139
2026-01-20 12:00:00+00:00,0.3575,0.35992,0.3571,0.3589,1775635.2579835602
2026-01-20 13:00:00+00:00,0.3588,0.3597,0.355567,0.3569,3765185.114524889
2026-01-20 14:00:00+00:00,0.3569,0.364698,0.3566,0.3604,10148022.167038426
2026-01-20 15:00:00+00:00,0.3603,0.36125,0.3565,0.359,4065908.48926016
2026-01-20 16:00:00+00:00,0.3588,0.36,0.3522,0.354,3729082.911627661
2026-01-20 17:00:00+00:00,0.3539,0.35667,0.349387,0.3516,10739967.461229287
2026-01-20 18:00:00+00:00,0.3516,0.3529,0.35,0.351,1780018.2251284893
2026-01-20 19:00:00+00:00,0.351,0.3528,0.3496,0.351898,1972153.7281179205
2026-01-20 20:00:00+00:00,0.351899,0.35389,0.3504,0.3532,1695299.04701614
2026-01-20 21:00:00+00:00,0.3533,0.35375,0.3506,0.351683,1543136.8298632689
2026-01-20 22:00:00+00:00,0.3516,0.35234,0.3463,0.3505,2817845.11504488
2026-01-20 23:00:00+00:00,0.350668,0.3519,0.3489,0.3503,2595872.43291458
2026-01-21 00:00:00+00:00,0.3503,0.35709,0.35,0.3566,2047474.2191353312
2026-01-21 01:00:00+00:00,0.356509,0.35982,0.3564,0.35787,5531321.197953892
2026-01-21 02:00:00+00:00,0.3575,0.36076,0.3574,0.3576,1177175.17362368
2026-01-21 03:00:00+00:00,0.3577,0.35984,0.3571,0.3577,1241705.9347619894
2026-01-21 04:00:00+00:00,0.3579,0.35942,0.3573,0.3585,1077798.7675305302
2026-01-21 05:00:00+00:00,0.3585,0.36212,0.3582,0.3609,1331743.9569581898
2026-01-21 06:00:00+00:00,0.361032,0.3611,0.358,0.3585,2551249.38854666
2026-01-21 07:00:00+00:00,0.358513,0.36316,0.358,0.3593,2318999.8418741706
2026-01-21 08:00:00+00:00,0.3591,0.35947,0.3562,0.3581,949763.40253754
2026-01-21 09:00:00+00:00,0.358,0.3587,0.35704,0.3577,720603.36703609
2026-01-21 10:00:00+00:00,0.3576,0.35942,0.3566,0.3566,571019.9488346301
2026-01-21 11:00:00+00:00,0.356696,0.35755,0.354,0.3544,979004.71161298
2026-01-21 12:00:00+00:00,0.3545,0.35534,0.349652,0.3545,2170560.46984441
2026-01-21 13:00:00+00:00,0.3544,0.35703,0.3518,0.3525,1689196.6824926
2026-01-21 14:00:00+00:00,0.3524,0.36259,0.3516,0.3615,3992141.40510974
2026-01-21 15:00:00+00:00,0.3615,0.3635,0.3582,0.3621,3362618.5315137403
2026-01-21 16:00:00+00:00,0.3622,0.3625,0.347,0.347442,3188889.3088226803
2026-01-21 17:00:00+00:00,0.3475,0.35152,0.3464,0.3507,3182673.853978111
2026-01-21 18:00:00+00:00,0.3506,0.35451,0.349,0.3534,1478554.3937256995
2026-01-21 19:00:00+00:00,0.3535,0.367674,0.3517,0.3672,9652266.50282983
2026-01-21 20:00:00+00:00,0.3672,0.36833,0.36216,0.366437,4922425.023097188
2026-01-21 21:00:00+00:00,0.366584,0.370906,0.3657,0.368868,3735483.9805244696
2026-01-21 22:00:00+00:00,0.368874,0.374715,0.3675,0.3682,4402017.885766778
2026-01-21 23:00:00+00:00,0.368345,0.36959,0.3646,0.3657,2032183.4875260703
2026-01-22 00:00:00+00:00,0.3658,0.3688,0.3655,0.3668,1222387.5186419198
2026-01-22 01:00:00+00:00,0.3668,0.36905,0.366,0.3675,870039.0244066903
2026-01-22 02:00:00+00:00,0.3674,0.36816,0.364649,0.3648,810820.9618966599
2026-01-22 03:00:00+00:00,0.3649,0.36722,0.3629,0.363641,852076.06576684
2026-01-22 04:00:00+00:00,0.36364,0.36626,0.363477,0.3656,1147322.3022756604
2026-01-22 05:00:00+00:00,0.3656,0.367,0.3646,0.365,851491.3201636202
2026-01-22 06:00:00+00:00,0.365097,0.36672,0.3638,0.365276,1670956.4285645103
2026-01-22 07:00:00+00:00,0.3653,0.365561,0.363092,0.3632,958801.52314873
2026-01-22 08:00:00+00:00,0.3633,0.365,0.362389,0.3644,4452347.34400639
2026-01-22 09:00:00+00:00,0.3643,0.3662,0.3636,0.3653,416331.1112336799
2026-01-22 10:00:00+00:00,0.3655,0.36627,0.364575,0.3654,729228.9948629603
2026-01-22 11:00:00+00:00,0.3653,0.3654,0.363,0.3633,621679.0575732699
2026-01-22 12:00:00+00:00,0.3634,0.36428,0.3629,0.363,534190.8367158101
2026-01-22 13:00:00+00:00,0.363,0.36596,0.3608,0.3618,2612789.7858645893
2026-01-22 14:00:00+00:00,0.361813,0.362635,0.3567,0.3577,3023879.175858541
2026-01-22 15:00:00+00:00,0.3578,0.36018,0.3552,0.358298,2266242.138406889
2026-01-22 16:00:00+00:00,0.3582,0.36281,0.3581,0.361651,2019374.32583318
2026-01-22 17:00:00+00:00,0.3616,0.36327,0.3597,0.3621,2812033.9569690493
2026-01-22 18:00:00+00:00,0.3621,0.36248,0.3592,0.3593,2023342.778662549
2026-01-22 19:00:00+00:00,0.3593,0.36199,0.3582,0.3612,1050826.36545048
2026-01-22 20:00:00+00:00,0.361101,0.3617,0.3587,0.3597,2360489.68442057
2026-01-22 21:00:00+00:00,0.3598,0.36129,0.3588,0.3591,1177789.11342662
2026-01-22 22:00:00+00:00,0.3591,0.3602,0.358382,0.3594,1511434.7765784694
2026-01-22 23:00:00+00:00,0.359365,0.35985,0.3573,0.359,1337516.6056639897
2026-01-23 00:00:00+00:00,0.3589,0.35995,0.358055,0.359063,841080.1856591601
2026-01-23 01:00:00+00:00,0.359,0.36135,0.3588,0.3609,809176.0754043099
2026-01-23 02:00:00+00:00,0.3608,0.361177,0.3589,0.35932,742853.4594833698
2026-01-23 03:00:00+00:00,0.3591,0.36312,0.359,0.3616,675841.5383288201
2026-01-23 04:00:00+00:00,0.3617,0.3648,0.361195,0.3641,1188384.2410368102
2026-01-23 05:00:00+00:00,0.364,0.364,0.3597,0.3602,1386954.5722277295
2026-01-23 06:00:00+00:00,0.3602,0.36258,0.3586,0.35978,2179665.960267498
2026-01-23 07:00:00+00:00,0.359927,0.36131,0.3591,0.3609,632366.2292699198
2026-01-23 08:00:00+00:00,0.360838,0.36147,0.3577,0.3587,1161954.2391807004
2026-01-23 09:00:00+00:00,0.35876,0.36073,0.3572,0.358266,1188557.7215014105
2026-01-23 10:00:00+00:00,0.3583,0.35983,0.3574,0.3585,584317.3480710399
2026-01-23 11:00:00+00:00,0.3586,0.36064,0.3583,0.3596,695082.6792884001
2026-01-23 12:00:00+00:00,0.359683,0.36063,0.358,0.3596,497762.4179003
2026-01-23 13:00:00+00:00,0.3595,0.36036,0.3584,0.3585,579908.7057764999
2026-01-23 14:00:00+00:00,0.358501,0.3587,0.3521,0.3545,3305335.401476571
2026-01-23 15:00:00+00:00,0.3546,0.3611,0.3528,0.36,3109769.5850773407
2026-01-23 16:00:00+00:00,0.3599,0.3666,0.3597,0.3631,2724614.8859591694
2026-01-23 17:00:00+00:00,0.362983,0.37055,0.36117,0.365641,3537868.194596729
2026-01-23 18:00:00+00:00,0.3656,0.3684,0.3644,0.3655,1587927.6879500395
2026-01-23 19:00:00+00:00,0.3655,0.3656,0.359013,0.361,2464864.32299229
2026-01-23 20:00:00+00:00,0.360963,0.36292,0.356934,0.3588,2084649.03269044
2026-01-23 21:00:00+00:00,0.3587,0.36114,0.3583,0.3595,699942.8820866399
2026-01-23 22:00:00+00:00,0.3594,0.3624,0.3594,0.361878,1115971.4384603202
2026-01-23 23:00:00+00:00,0.362055,0.362055,0.3598,0.3598,477503.05731368
2026-01-24 00:00:00+00:00,0.359951,0.36155,0.3586,0.3587,789903.99608496
2026-01-24 01:00:00+00:00,0.3586,0.36008,0.3578,0.359124,592851.2897006
2026-01-24 02:00:00+00:00,0.359118,0.3603,0.358993,0.359402,356812.43307755
2026-01-24 03:00:00+00:00,0.3595,0.36261,0.359,0.3612,544230.1179307301
2026-01-24 04:00:00+00:00,0.3613,0.3628,0.360369,0.3608,390456.44143464
2026-01-24 05:00:00+00:00,0.3608,0.36094,0.3596,0.3601,320791.40159672993
2026-01-24 06:00:00+00:00,0.3601,0.3602,0.3592,0.3594,416952.6050658402
2026-01-24 07:00:00+00:00,0.3594,0.3601,0.358987,0.359061,331228.28452521993
2026-01-24 08:00:00+00:00,0.35911,0.35981,0.3582,0.3592,382975.06339278
2026-01-24 09:00:00+00:00,0.359,0.36052,0.3586,0.359,566495.9337107901
2026-01-24 10:00:00+00:00,0.358966,0.35956,0.3583,0.3586,183716.02398259
2026-01-24 11:00:00+00:00,0.358656,0.35971,0.3586,0.359432,391256.2433153401
2026-01-24 12:00:00+00:00,0.35936,0.36029,0.3589,0.3597,368035.9045668799
2026-01-24 13:00:00+00:00,0.3596,0.3598,0.3576,0.3578,424700.05516570015
2026-01-24 14:00:00+00:00,0.3578,0.36032,0.3571,0.358875,742943.3899987299
2026-01-24 15:00:00+00:00,0.3589,0.3596,0.3569,0.3574,1198048.69179071
2026-01-24 16:00:00+00:00,0.3574,0.35895,0.3558,0.3581,699019.0831246802
2026-01-24 17:00:00+00:00,0.3581,0.35895,0.3575,0.3582,562282.92545621
2026-01-24 18:00:00+00:00,0.3582,0.35957,0.357579,0.358275,906578.36301143
2026-01-24 19:00:00+00:00,0.3583,0.35875,0.3572,0.3577,516182.80244493
2026-01-24 20:00:00+00:00,0.3577,0.35924,0.3577,0.3585,393355.51160454
2026-01-24 21:00:00+00:00,0.358601,0.35935,0.3577,0.3585,491155.72785899
2026-01-24 22:00:00+00:00,0.3585,0.35975,0.3582,0.3593,458226.1024538199
2026-01-24 23:00:00+00:00,0.359355,0.36003,0.357315,0.3579,750565.51002143
2026-01-25 00:00:00+00:00,0.3577,0.35877,0.3567,0.35877,507309.74885662994
2026-01-25 01:00:00+00:00,0.3585,0.35908,0.3565,0.356964,852984.5149712501
2026-01-25 02:00:00+00:00,0.3569,0.35817,0.3558,0.3561,784772.1883257899
2026-01-25 03:00:00+00:00,0.3562,0.3567,0.35378,0.3552,1217110.81585851
2026-01-25 04:00:00+00:00,0.355223,0.35767,0.355,0.3566,706369.4137305999
2026-01-25 05:00:00+00:00,0.356613,0.35718,0.3549,0.35626,518017.5968845901
2026-01-25 06:00:00+00:00,0.3564,0.35662,0.3551,0.355234,686750.3837829701
2026-01-25 07:00:00+00:00,0.3553,0.35579,0.3536,0.3552,708054.3307722701
2026-01-25 08:00:00+00:00,0.35522,0.35653,0.3533,0.3543,747673.28074487
2026-01-25 09:00:00+00:00,0.35461,0.3574,0.3533,0.356355,867586.5394372498
2026-01-25 10:00:00+00:00,0.3562,0.36012,0.3561,0.3579,723925.6305833601
2026-01-25 11:00:00+00:00,0.3578,0.35827,0.355677,0.356142,496616.91412642994
2026-01-25 12:00:00+00:00,0.3558,0.35625,0.354012,0.3556,538641.23858799
2026-01-25 13:00:00+00:00,0.355655,0.35709,0.3547,0.3563,448281.2034994698
2026-01-25 14:00:00+00:00,0.356375,0.356594,0.3497,0.3523,1858019.624973171
2026-01-25 15:00:00+00:00,0.3523,0.35385,0.3511,0.3519,974323.6812452704
2026-01-25 16:00:00+00:00,0.3517,0.35224,0.341276,0.3443,10491549.203114849
2026-01-25 17:00:00+00:00,0.3441,0.34522,0.341,0.3413,3147191.7796552703
2026-01-25 18:00:00+00:00,0.3414,0.34228,0.3378,0.3397,7239911.852692772
2026-01-25 19:00:00+00:00,0.3397,0.34021,0.3323,0.3342,6573147.693681261
2026-01-25 20:00:00+00:00,0.3341,0.33712,0.332658,0.3355,5470280.353777351
2026-01-25 21:00:00+00:00,0.3355,0.33932,0.3355,0.3388,2689166.07061052
2026-01-25 22:00:00+00:00,0.3387,0.339,0.3361,0.3383,2442896.6427639592
2026-01-25 23:00:00+00:00,0.3383,0.34002,0.3366,0.3386,2189384.33972042
2026-01-26 00:00:00+00:00,0.3387,0.34503,0.3384,0.3435,2517866.060461269
2026-01-26 01:00:00+00:00,0.3436,0.34947,0.34327,0.347979,5115198.638412653
2026-01-26 02:00:00+00:00,0.348,0.3483,0.345141,0.3458,1601162.29832077
2026-01-26 03:00:00+00:00,0.345833,0.34763,0.3435,0.3446,1217898.5051539
2026-01-26 04:00:00+00:00,0.3446,0.34973,0.3446,0.34769,1508166.8073671004
2026-01-26 05:00:00+00:00,0.34772,0.34801,0.3462,0.3471,643749.8396736901
2026-01-26 06:00:00+00:00,0.347282,0.3485,0.3458,0.3477,811660.8449716299
2026-01-26 07:00:00+00:00,0.347792,0.3492,0.3467,0.3478,1259129.85603351
2026-01-26 08:00:00+00:00,0.347937,0.35178,0.347004,0.3483,1505751.5453710086
2026-01-26 09:00:00+00:00,0.348275,0.348308,0.3445,0.345,990331.0842440496
2026-01-26 10:00:00+00:00,0.345,0.34768,0.345,0.3469,591474.17926265
2026-01-26 11:00:00+00:00,0.346881,0.348,0.3462,0.3468,498993.10175058007
2026-01-26 12:00:00+00:00,0.3467,0.34853,0.346398,0.3474,901664.9583747
2026-01-26 13:00:00+00:00,0.3475,0.34936,0.3471,0.3492,1300601.3906424306
2026-01-26 14:00:00+00:00,0.3493,0.355,0.3475,0.3536,4226738.13983647
2026-01-26 15:00:00+00:00,0.353672,0.35905,0.3505,0.352,3641240.61032496
2026-01-26 16:00:00+00:00,0.351962,0.35489,0.3503,0.3528,2773212.7601838605
2026-01-26 17:00:00+00:00,0.3528,0.3542,0.3491,0.3524,2296112.74739206
2026-01-26 18:00:00+00:00,0.3524,0.35622,0.3519,0.3536,2864380.9536712
2026-01-26 19:00:00+00:00,0.353633,0.35541,0.3513,0.3518,1520450.6445300106
2026-01-26 20:00:00+00:00,0.3517,0.35256,0.3491,0.3497,1515649.63353247
2026-01-26 21:00:00+00:00,0.35055,0.35449,0.3486,0.3529,3536694.14454578
2026-01-26 22:00:00+00:00,0.3529,0.3541,0.3512,0.3521,1279287.7058004595
2026-01-26 23:00:00+00:00,0.3519,0.354507,0.3509,0.3517,1973649.4033130792
2026-01-27 00:00:00+00:00,0.35182,0.35264,0.3507,0.3519,750478.5402389802
2026-01-27 01:00:00+00:00,0.351857,0.35551,0.3506,0.353526,1365907.2679320294
2026-01-27 02:00:00+00:00,0.3536,0.35566,0.35308,0.3542,2159709.6727172704
2026-01-27 03:00:00+00:00,0.3541,0.35457,0.352054,0.3522,1232749.0676052305
2026-01-27 04:00:00+00:00,0.352199,0.35499,0.352,0.3528,1164934.46866608
2026-01-27 05:00:00+00:00,0.35278,0.35278,0.3511,0.352,660795.83727443
2026-01-27 06:00:00+00:00,0.3521,0.3524,0.350561,0.3506,366275.05761272
2026-01-27 07:00:00+00:00,0.350712,0.352113,0.3505,0.3512,890286.20411123
2026-01-27 08:00:00+00:00,0.3515,0.35285,0.3505,0.3511,404625.01039072
2026-01-27 09:00:00+00:00,0.351,0.3518,0.3484,0.3487,702109.27925214
2026-01-27 10:00:00+00:00,0.348927,0.35039,0.348869,0.3491,893669.3085473899
2026-01-27 11:00:00+00:00,0.3493,0.35162,0.3487,0.35,1005066.0296605298
2026-01-27 12:00:00+00:00,0.35,0.35079,0.3488,0.3494,522886.4246244301
2026-01-27 13:00:00+00:00,0.3494,0.349801,0.3472,0.3478,1077080.1273238596
2026-01-27 14:00:00+00:00,0.3478,0.3528,0.3477,0.3486,1869025.92666814
2026-01-27 15:00:00+00:00,0.3485,0.35175,0.3481,0.3512,1538901.3458539196
2026-01-27 16:00:00+00:00,0.3511,0.35784,0.351,0.3569,7338847.63000735
2026-01-27 17:00:00+00:00,0.3569,0.357361,0.3488,0.3498,3050104.448243909
2026-01-27 18:00:00+00:00,0.3499,0.35691,0.3493,0.3552,1824657.5042775
2026-01-27 19:00:00+00:00,0.3552,0.35635,0.353693,0.3551,1677898.73805313
2026-01-27 20:00:00+00:00,0.35516,0.36311,0.3551,0.3613,3811345.016575018
2026-01-27 21:00:00+00:00,0.3613,0.36358,0.359085,0.3594,4091656.12634359
2026-01-27 22:00:00+00:00,0.3595,0.36273,0.359464,0.3607,2029617.4075580093
2026-01-27 23:00:00+00:00,0.360671,0.36233,0.3598,0.3601,2081287.1770763
2026-01-28 00:00:00+00:00,0.3603,0.360905,0.3572,0.3588,3131494.3718003696
2026-01-28 01:00:00+00:00,0.3589,0.3591,0.3557,0.357042,2879235.73740177
2026-01-28 02:00:00+00:00,0.3568,0.35882,0.3562,0.3573,2422083.2260897504
2026-01-28 03:00:00+00:00,0.357227,0.3576,0.3555,0.3562,2271535.6333312104
2026-01-28 04:00:00+00:00,0.3561,0.35647,0.3541,0.355,1763620.2624999003
2026-01-28 05:00:00+00:00,0.3552,0.35786,0.3545,0.3565,540366.8866589703
2026-01-28 06:00:00+00:00,0.3566,0.35899,0.3564,0.358072,1781641.5611899798
2026-01-28 07:00:00+00:00,0.3581,0.3586,0.356147,0.356939,1726920.8240507294
2026-01-28 08:00:00+00:00,0.357136,0.35877,0.3563,0.3566,903574.88136665
2026-01-28 09:00:00+00:00,0.3565,0.36091,0.3559,0.360545,2672798.117046209
2026-01-28 10:00:00+00:00,0.3607,0.36219,0.359299,0.3595,2533177.8282948886
2026-01-28 11:00:00+00:00,0.3596,0.3641,0.358872,0.364,1857763.00789068
2026-01-28 12:00:00+00:00,0.364,0.36482,0.3593,0.3606,2919574.212590319
2026-01-28 13:00:00+00:00,0.3605,0.36362,0.3604,0.3612,2042061.49789364
2026-01-28 14:00:00+00:00,0.3611,0.36168,0.3573,0.358,5420433.901140057
2026-01-28 15:00:00+00:00,0.3581,0.3594,0.3541,0.3567,2704979.8913338603
2026-01-28 16:00:00+00:00,0.3566,0.35892,0.3555,0.35648,1520628.7251898302
2026-01-28 17:00:00+00:00,0.35655,0.36168,0.3547,0.3596,3818870.3816875615
2026-01-28 18:00:00+00:00,0.3596,0.3596,0.355,0.357,1903378.12950256
2026-01-28 19:00:00+00:00,0.357,0.359,0.3552,0.3579,4093462.5757713206
2026-01-28 20:00:00+00:00,0.3578,0.36147,0.356353,0.3569,2604821.37325562
2026-01-28 21:00:00+00:00,0.357,0.35882,0.3546,0.3579,2455156.3637090903
2026-01-28 22:00:00+00:00,0.358012,0.36035,0.3562,0.3598,1180642.8727500995
2026-01-28 23:00:00+00:00,0.359836,0.3606,0.357498,0.3579,1981767.5163083395
2026-01-29 00:00:00+00:00,0.3579,0.35907,0.3545,0.3562,2552886.1473719697
2026-01-29 01:00:00+00:00,0.3561,0.35725,0.352286,0.3538,3596847.278993289
2026-01-29 02:00:00+00:00,0.3539,0.35576,0.349,0.3501,3103162.459472681
2026-01-29 03:00:00+00:00,0.3501,0.35324,0.3493,0.3506,1601411.2932437607
2026-01-29 04:00:00+00:00,0.3504,0.3507,0.34725,0.3495,3263334.2970307604
2026-01-29 05:00:00+00:00,0.3495,0.35106,0.3491,0.35,1165626.9665605903
2026-01-29 06:00:00+00:00,0.35,0.35153,0.3497,0.3513,823136.1652499401
2026-01-29 07:00:00+00:00,0.351303,0.35226,0.3503,0.3509,951228.78711636
2026-01-29 08:00:00+00:00,0.3508,0.3511,0.3485,0.3494,1287795.7399731104
2026-01-29 09:00:00+00:00,0.3492,0.35019,0.3483,0.3484,721861.30017423
2026-01-29 10:00:00+00:00,0.3484,0.34906,0.346764,0.3477,2372655.88060074
2026-01-29 11:00:00+00:00,0.3477,0.34833,0.3454,0.3459,1097978.9681521505
2026-01-29 12:00:00+00:00,0.3459,0.34649,0.3436,0.344638,2807585.6337768896
2026-01-29 13:00:00+00:00,0.3444,0.34678,0.3444,0.3458,1584827.9360195105
2026-01-29 14:00:00+00:00,0.3459,0.34708,0.3381,0.3385,3797262.61325098
2026-01-29 15:00:00+00:00,0.3386,0.3386,0.3294,0.332895,17087491.914581317
2026-01-29 16:00:00+00:00,0.3328,0.3362,0.33,0.3361,6165056.793624631
2026-01-29 17:00:00+00:00,0.336,0.340587,0.333062,0.3337,4586629.573949729
2026-01-29 18:00:00+00:00,0.3337,0.335,0.327576,0.3277,9678326.2742653
2026-01-29 19:00:00+00:00,0.3277,0.331501,0.3266,0.3305,3947197.726314951
2026-01-29 20:00:00+00:00,0.3303,0.33371,0.3295,0.333,2394743.896357669
2026-01-29 21:00:00+00:00,0.333063,0.33565,0.333,0.3345,2548360.69925761
2026-01-29 22:00:00+00:00,0.3347,0.33608,0.3342,0.3345,1766077.6630000607
2026-01-29 23:00:00+00:00,0.334576,0.33482,0.3325,0.334179,1592957.5939472895
2026-01-30 00:00:00+00:00,0.3341,0.33578,0.332266,0.3337,3812416.2910774704
2026-01-30 01:00:00+00:00,0.3338,0.33456,0.317224,0.326485,13636871.70764774
2026-01-30 02:00:00+00:00,0.3264,0.32686,0.3202,0.3243,5882925.14389903
2026-01-30 03:00:00+00:00,0.3244,0.32622,0.32398,0.3246,2965391.1633599107
2026-01-30 04:00:00+00:00,0.3246,0.3294,0.3246,0.3278,3386853.3896124293
2026-01-30 05:00:00+00:00,0.3279,0.32877,0.326252,0.32644,1716814.6588108805
2026-01-30 06:00:00+00:00,0.3263,0.32684,0.3192,0.3213,3941232.665700551
2026-01-30 07:00:00+00:00,0.321247,0.32683,0.321247,0.3249,2849937.192721749
2026-01-30 08:00:00+00:00,0.3249,0.32557,0.3211,0.3223,1732141.43714431
2026-01-30 09:00:00+00:00,0.3223,0.32362,0.32,0.3218,1544459.4637974498
2026-01-30 10:00:00+00:00,0.3218,0.3237,0.321,0.323157,3509074.12640766
2026-01-30 11:00:00+00:00,0.3232,0.32939,0.3228,0.3274,2094499.7253323605
2026-01-30 12:00:00+00:00,0.3274,0.32823,0.324,0.3249,1756999.955154129
2026-01-30 13:00:00+00:00,0.324868,0.32592,0.3212,0.3231,3267693.7191337
2026-01-30 14:00:00+00:00,0.323105,0.32838,0.323,0.324851,5952209.573049832
2026-01-30 15:00:00+00:00,0.325,0.32788,0.3204,0.3253,4719040.826691872
2026-01-30 16:00:00+00:00,0.3252,0.32834,0.323,0.3253,3738498.497854909
2026-01-30 17:00:00+00:00,0.3254,0.3284,0.3233,0.3248,4327109.2565877605
2026-01-30 18:00:00+00:00,0.3247,0.33072,0.3156,0.3283,9478129.098618634
2026-01-30 19:00:00+00:00,0.3285,0.33188,0.3279,0.32889,5162180.150212281
2026-01-30 20:00:00+00:00,0.3286,0.32874,0.3226,0.3231,5722737.858721351
2026-01-30 21:00:00+00:00,0.3231,0.3268,0.3226,0.3241,4719103.11962405
2026-01-30 22:00:00+00:00,0.324,0.32466,0.3213,0.3228,1994547.3745531093
2026-01-30 23:00:00+00:00,0.323,0.323,0.3196,0.3202,2186737.930366491
2026-01-31 00:00:00+00:00,0.3203,0.32104,0.3188,0.3197,2656836.83510733
2026-01-31 01:00:00+00:00,0.3196,0.32216,0.3195,0.3207,2430713.46592276
2026-01-31 02:00:00+00:00,0.3206,0.32077,0.3176,0.3192,1584911.7338340904
2026-01-31 03:00:00+00:00,0.31926,0.32004,0.3177,0.318,941698.39176277
2026-01-31 04:00:00+00:00,0.3179,0.3191,0.3142,0.3152,4915463.077151512
2026-01-31 05:00:00+00:00,0.3151,0.31649,0.312021,0.3153,4859372.3362886375
2026-01-31 06:00:00+00:00,0.3153,0.31635,0.3106,0.310966,4257752.3487021895
2026-01-31 07:00:00+00:00,0.3109,0.31291,0.31,0.3118,2519660.544624171
2026-01-31 08:00:00+00:00,0.311865,0.31237,0.3064,0.3097,7173379.373457593
2026-01-31 09:00:00+00:00,0.3098,0.31267,0.3092,0.3105,1729812.68396662
2026-01-31 10:00:00+00:00,0.3105,0.3128,0.3096,0.3106,4397007.424323229
2026-01-31 11:00:00+00:00,0.310792,0.31135,0.3069,0.3097,5015020.356893382
2026-01-31 12:00:00+00:00,0.309759,0.31101,0.3087,0.3094,1925609.0588198693
2026-01-31 13:00:00+00:00,0.3095,0.30984,0.3066,0.3076,3823742.23505383
2026-01-31 14:00:00+00:00,0.307679,0.30902,0.2914,0.2979,26882819.681577865
2026-01-31 15:00:00+00:00,0.298,0.30028,0.2955,0.2958,25588559.72069961
2026-01-31 16:00:00+00:00,0.2958,0.30051,0.2903,0.2922,12893481.369416252
2026-01-31 17:00:00+00:00,0.292,0.29335,0.27706,0.284,29019370.73520241
2026-01-31 18:00:00+00:00,0.284,0.28707,0.268014,0.2838,21788432.94197472
2026-01-31 19:00:00+00:00,0.2839,0.28701,0.2822,0.285,16059305.848864576
2026-01-31 20:00:00+00:00,0.28554,0.28792,0.2817,0.2853,7757340.6790585825
2026-01-31 21:00:00+00:00,0.2852,0.2917,0.284192,0.2909,9425589.769608509
2026-01-31 22:00:00+00:00,0.2908,0.29147,0.2868,0.288226,4288457.77686746
2026-01-31 23:00:00+00:00,0.288329,0.29589,0.288,0.2934,5109993.703633381
2026-02-01 00:00:00+00:00,0.2933,0.29669,0.293271,0.29544,4328130.71430395
2026-02-01 01:00:00+00:00,0.295444,0.29583,0.2914,0.2953,3418102.3466474507
2026-02-01 02:00:00+00:00,0.2954,0.29788,0.2938,0.2959,4721340.263711319
2026-02-01 03:00:00+00:00,0.2958,0.29667,0.2948,0.2957,1681385.0367636508
2026-02-01 04:00:00+00:00,0.29611,0.29828,0.2954,0.2966,4687912.852368819
2026-02-01 05:00:00+00:00,0.296612,0.29739,0.294133,0.2946,2839163.7836048896
2026-02-01 06:00:00+00:00,0.294688,0.29653,0.2932,0.2942,2186572.28868431
2026-02-01 07:00:00+00:00,0.2942,0.29897,0.2926,0.2959,9086946.236818412
2026-02-01 08:00:00+00:00,0.29595,0.29799,0.2944,0.2963,2650705.8886284926
2026-02-01 09:00:00+00:00,0.2962,0.29784,0.2948,0.2972,1523774.6588096905
2026-02-01 10:00:00+00:00,0.297382,0.2976,0.2914,0.2918,3591206.2579395506
2026-02-01 11:00:00+00:00,0.2917,0.29619,0.2917,0.2951,2541222.927525969
2026-02-01 12:00:00+00:00,0.2951,0.2956,0.291,0.2932,8033316.230728371
2026-02-01 13:00:00+00:00,0.293194,0.29678,0.2923,0.293507,6585011.411786431
2026-02-01 14:00:00+00:00,0.2934,0.29504,0.2884,0.2925,6990903.21398033
2026-02-01 15:00:00+00:00,0.2925,0.29295,0.2845,0.2891,7835304.845374776
2026-02-01 16:00:00+00:00,0.2891,0.29202,0.2863,0.2874,4943802.288463737
2026-02-01 17:00:00+00:00,0.2875,0.2883,0.2844,0.287012,5496621.560046582
2026-02-01 18:00:00+00:00,0.287,0.29289,0.287,0.2902,4489164.66356236
2026-02-01 19:00:00+00:00,0.2901,0.29112,0.2853,0.2867,3629064.45461276
2026-02-01 20:00:00+00:00,0.2866,0.29062,0.284086,0.287353,3436803.22272386
2026-02-01 21:00:00+00:00,0.2874,0.28818,0.2846,0.2857,2850363.975287621
2026-02-01 22:00:00+00:00,0.2858,0.29082,0.2855,0.2881,3609670.91471015
2026-02-01 23:00:00+00:00,0.288,0.29057,0.278715,0.2854,14672084.030444331
2026-02-02 00:00:00+00:00,0.28599,0.29185,0.2831,0.289,7117256.204662352
2026-02-02 01:00:00+00:00,0.289,0.29338,0.2851,0.2905,5202904.984961609
2026-02-02 02:00:00+00:00,0.2904,0.29182,0.2866,0.2872,4144548.431788501
2026-02-02 03:00:00+00:00,0.287266,0.2883,0.2761,0.2861,10495106.64646178
2026-02-02 04:00:00+00:00,0.2862,0.29052,0.2813,0.28465,4959525.694651709
2026-02-02 05:00:00+00:00,0.2846,0.28544,0.2766,0.2793,7435558.417724065
2026-02-02 06:00:00+00:00,0.279364,0.28829,0.2755,0.2839,10490377.99123156
2026-02-02 07:00:00+00:00,0.2839,0.28763,0.282908,0.2838,6622315.135605941
2026-02-02 08:00:00+00:00,0.2838,0.29014,0.2838,0.2888,6203850.974061528
2026-02-02 09:00:00+00:00,0.2888,0.29302,0.2871,0.2918,7833250.493189213
2026-02-02 10:00:00+00:00,0.2919,0.29351,0.2911,0.292,3808266.80892562
2026-02-02 11:00:00+00:00,0.292,0.29479,0.2918,0.2922,3111057.899110571
2026-02-02 12:00:00+00:00,0.2923,0.29693,0.2923,0.2956,3087314.36967117
2026-02-02 13:00:00+00:00,0.2955,0.29766,0.2944,0.2965,4706182.360881252
2026-02-02 14:00:00+00:00,0.29666,0.30316,0.2947,0.2984,21928070.4762116
2026-02-02 15:00:00+00:00,0.2985,0.3027,0.2976,0.3013,9590823.59810634
2026-02-02 16:00:00+00:00,0.3012,0.30284,0.2995,0.3003,5340037.283406226
2026-02-02 17:00:00+00:00,0.3003,0.301749,0.299,0.3004,7275038.563339298
2026-02-02 18:00:00+00:00,0.3003,0.30345,0.2994,0.3024,6148001.516752269
2026-02-02 19:00:00+00:00,0.3024,0.30355,0.2998,0.300201,3390902.295637811
2026-02-02 20:00:00+00:00,0.3001,0.30139,0.2976,0.2991,6580286.7279452495
2026-02-02 21:00:00+00:00,0.2992,0.30171,0.299,0.3005,1585104.5562814698
2026-02-02 22:00:00+00:00,0.300484,0.301878,0.2992,0.30076,4382629.190544743
2026-02-02 23:00:00+00:00,0.300254,0.3004,0.2985,0.2989,2310401.4973432506
2026-02-03 00:00:00+00:00,0.298899,0.30062,0.297148,0.299855,1731564.7931983497
2026-02-03 01:00:00+00:00,0.2999,0.3001,0.2978,0.2997,2495479.63613502
2026-02-03 02:00:00+00:00,0.2997,0.30004,0.2938,0.2942,2127311.346327309
2026-02-03 03:00:00+00:00,0.2942,0.29977,0.2932,0.2991,2267270.3409835906
2026-02-03 04:00:00+00:00,0.299195,0.30245,0.2976,0.3011,3298905.1299873097
2026-02-03 05:00:00+00:00,0.3012,0.3013,0.2975,0.2975,1366895.0094485602
2026-02-03 06:00:00+00:00,0.297612,0.29868,0.2955,0.297873,2528735.717596089
2026-02-03 07:00:00+00:00,0.2978,0.30077,0.2969,0.2991,1457417.39489241
2026-02-03 08:00:00+00:00,0.2992,0.3012,0.297595,0.2979,1499844.1526634395
2026-02-03 09:00:00+00:00,0.2979,0.2989,0.2937,0.29639,4465775.4341100175
2026-02-03 10:00:00+00:00,0.2961,0.296951,0.2945,0.2955,971379.75067459
2026-02-03 11:00:00+00:00,0.2956,0.2977,0.295543,0.297,1854881.5061045904
2026-02-03 12:00:00+00:00,0.297,0.29989,0.296,0.2988,2005513.1737590404
2026-02-03 13:00:00+00:00,0.2988,0.30024,0.2981,0.2993,2771658.74287667
2026-02-03 14:00:00+00:00,0.2993,0.3001,0.2939,0.29398,6600073.789319196
2026-02-03 15:00:00+00:00,0.2939,0.3047,0.292764,0.30379,12226156.016704278
2026-02-03 16:00:00+00:00,0.3038,0.3038,0.2944,0.2953,8159202.819594841
2026-02-03 17:00:00+00:00,0.2953,0.29639,0.286688,0.287,5568727.517942708
2026-02-03 18:00:00+00:00,0.2871,0.28893,0.2814,0.2821,12174579.177879903
2026-02-03 19:00:00+00:00,0.2819,0.29652,0.2817,0.2943,11783639.30514761
2026-02-03 20:00:00+00:00,0.294494,0.3044,0.2904,0.3008,13407532.255398044
2026-02-03 21:00:00+00:00,0.3009,0.3037,0.295529,0.2964,4250117.110328541
2026-02-03 22:00:00+00:00,0.296381,0.29723,0.2914,0.2924,3096794.63973544
2026-02-03 23:00:00+00:00,0.2923,0.29337,0.289235,0.2914,4153314.11007041
2026-02-04 00:00:00+00:00,0.2912,0.29628,0.2903,0.2939,2268818.76998122
2026-02-04 01:00:00+00:00,0.294,0.29936,0.294,0.2968,2677272.83497012
2026-02-04 02:00:00+00:00,0.2967,0.29795,0.2937,0.2947,2767490.6255576103
2026-02-04 03:00:00+00:00,0.2946,0.30202,0.2943,0.3007,4569062.175450991
2026-02-04 04:00:00+00:00,0.3008,0.30273,0.299124,0.2992,3439880.16619974
2026-02-04 05:00:00+00:00,0.2993,0.30005,0.2959,0.297,2458877.09777342
2026-02-04 06:00:00+00:00,0.296988,0.30064,0.2969,0.299,1950245.57922147
2026-02-04 07:00:00+00:00,0.298934,0.30087,0.297278,0.299369,2739645.6335262507
2026-02-04 08:00:00+00:00,0.299532,0.30294,0.2983,0.3018,1908787.8794936803
2026-02-04 09:00:00+00:00,0.3018,0.30235,0.2983,0.2997,2841736.22480549
2026-02-04 10:00:00+00:00,0.2997,0.30095,0.299,0.2993,1380561.0705697895
2026-02-04 11:00:00+00:00,0.2993,0.29995,0.293958,0.2968,9658785.431598272
2026-02-04 12:00:00+00:00,0.2969,0.29775,0.2951,0.296,2328436.0638059606
2026-02-04 13:00:00+00:00,0.2959,0.29686,0.291,0.2912,3078480.6120203105
2026-02-04 14:00:00+00:00,0.2912,0.29397,0.2862,0.28709,8803757.463035211
2026-02-04 15:00:00+00:00,0.2865,0.29078,0.283,0.28616,9488211.924249172
2026-02-04 16:00:00+00:00,0.2861,0.288538,0.2821,0.2854,8567727.672795359
2026-02-04 17:00:00+00:00,0.2852,0.28795,0.2816,0.285,6987590.994879911
2026-02-04 18:00:00+00:00,0.285,0.29121,0.2807,0.287,10721462.48256328
2026-02-04 19:00:00+00:00,0.2871,0.29309,0.2859,0.2918,5931683.67867421
2026-02-04 20:00:00+00:00,0.2919,0.29359,0.2883,0.2889,2699718.70837946
2026-02-04 21:00:00+00:00,0.2889,0.2897,0.2821,0.2847,3262910.4180033808
2026-02-04 22:00:00+00:00,0.284891,0.2898,0.2795,0.2828,5061927.282864551
2026-02-04 23:00:00+00:00,0.282933,0.28887,0.2821,0.2857,5834375.095110781
2026-02-05 00:00:00+00:00,0.285772,0.28773,0.2842,0.2858,2271161.4914748203
2026-02-05 01:00:00+00:00,0.2859,0.29,0.2831,0.285239,4834793.177478829
2026-02-05 02:00:00+00:00,0.2854,0.28944,0.283,0.2836,7621150.143270539
2026-02-05 03:00:00+00:00,0.2836,0.28644,0.2817,0.2822,4831879.385381429
2026-02-05 04:00:00+00:00,0.2822,0.28541,0.2806,0.2828,5374620.699201966
2026-02-05 05:00:00+00:00,0.282749,0.28625,0.27891,0.2833,5668413.024265961
2026-02-05 06:00:00+00:00,0.2834,0.28407,0.2779,0.2792,4456076.7167693
2026-02-05 07:00:00+00:00,0.2792,0.28368,0.2782,0.2787,3822577.2620298513
2026-02-05 08:00:00+00:00,0.2788,0.28281,0.2787,0.2802,3134986.65271959
2026-02-05 09:00:00+00:00,0.2803,0.28403,0.2789,0.28,3377014.879495331
2026-02-05 10:00:00+00:00,0.28,0.28071,0.270881,0.2724,7139801.441186588
2026-02-05 11:00:00+00:00,0.2723,0.27467,0.2667,0.2716,11424174.69103998
2026-02-05 12:00:00+00:00,0.2716,0.27359,0.2686,0.2715,8071413.427178592
2026-02-05 13:00:00+00:00,0.2715,0.27462,0.2688,0.2695,5410029.897198737
2026-02-05 14:00:00+00:00,0.2696,0.27776,0.2696,0.2712,10349265.746567044
2026-02-05 15:00:00+00:00,0.2713,0.27249,0.257,0.2619,26970267.79427484
2026-02-05 16:00:00+00:00,0.2619,0.2677,0.2593,0.2649,18007095.907758143
2026-02-05 17:00:00+00:00,0.2649,0.26656,0.2549,0.2576,17935807.906101413
2026-02-05 18:00:00+00:00,0.2575,0.26043,0.2532,0.2583,14251957.985321203
2026-02-05 19:00:00+00:00,0.2584,0.25902,0.2525,0.2532,11559693.459174884
2026-02-05 20:00:00+00:00,0.2538,0.25625,0.243203,0.2472,31210847.994525056
2026-02-05 21:00:00+00:00,0.2472,0.25475,0.2446,0.2467,21056628.642962
2026-02-05 22:00:00+00:00,0.2466,0.25235,0.2431,0.2489,14019830.996014528
2026-02-05 23:00:00+00:00,0.248873,0.25496,0.244,0.245061,12110309.605277471
2026-02-06 00:00:00+00:00,0.2449,0.24739,0.2203,0.2443,68735435.64663817
2026-02-06 01:00:00+00:00,0.2444,0.253711,0.243222,0.251795,18094333.626347948
2026-02-06 02:00:00+00:00,0.251795,0.25385,0.244393,0.2459,10487214.720851852
2026-02-06 03:00:00+00:00,0.24591,0.24931,0.2455,0.2487,7323190.903923677
2026-02-06 04:00:00+00:00,0.248843,0.25283,0.2477,0.251,5488813.992078928
2026-02-06 05:00:00+00:00,0.250898,0.25895,0.2505,0.2574,22656653.871233188
2026-02-06 06:00:00+00:00,0.2575,0.25947,0.253535,0.254,7301345.965286918
2026-02-06 07:00:00+00:00,0.253959,0.25469,0.2507,0.251,6923117.973702513
2026-02-06 08:00:00+00:00,0.251279,0.25297,0.2484,0.2508,8156441.420395697
2026-02-06 09:00:00+00:00,0.2506,0.25776,0.2497,0.2566,6685725.893291173
2026-02-06 10:00:00+00:00,0.256731,0.26266,0.256,0.2617,5505840.28294167
2026-02-06 11:00:00+00:00,0.2617,0.26393,0.2603,0.2613,4889383.82497845
2026-02-06 12:00:00+00:00,0.261182,0.263522,0.2596,0.2622,6404285.025371328
2026-02-06 13:00:00+00:00,0.2623,0.26614,0.2617,0.2644,6848510.41676561
2026-02-06 14:00:00+00:00,0.264385,0.27262,0.261892,0.2711,16221220.48814032
2026-02-06 15:00:00+00:00,0.2711,0.274946,0.2687,0.2734,19941696.924246788
2026-02-06 16:00:00+00:00,0.2736,0.28095,0.2726,0.2782,11869092.311094528
2026-02-06 17:00:00+00:00,0.2782,0.284163,0.2767,0.2804,12566511.8125007
2026-02-06 18:00:00+00:00,0.2804,0.2811,0.2748,0.2774,8820718.311672237
2026-02-06 19:00:00+00:00,0.277461,0.27882,0.2756,0.2782,5587429.3627902
2026-02-06 20:00:00+00:00,0.2779,0.2796,0.274581,0.2754,6063898.2751505785
2026-02-06 21:00:00+00:00,0.2755,0.27705,0.273746,0.2762,3136683.36578075
2026-02-06 22:00:00+00:00,0.276345,0.28044,0.275724,0.278966,3884624.967515811
2026-02-06 23:00:00+00:00,0.2789,0.28088,0.2755,0.2759,2471867.509544099
2026-02-07 00:00:00+00:00,0.275978,0.275987,0.2719,0.273,4307558.1616062
2026-02-07 01:00:00+00:00,0.2729,0.27518,0.270673,0.2748,2320807.8137533194
2026-02-07 02:00:00+00:00,0.2743,0.2745,0.2718,0.27314,1609363.6165275704
2026-02-07 03:00:00+00:00,0.2728,0.27669,0.2725,0.2757,3438664.443583981
2026-02-07 04:00:00+00:00,0.2758,0.27832,0.273234,0.274,7183229.480042743
2026-02-07 05:00:00+00:00,0.274,0.27766,0.273,0.2738,5147780.810796612
2026-02-07 06:00:00+00:00,0.2737,0.27546,0.269505,0.2699,2901424.0500711105
2026-02-07 07:00:00+00:00,0.2699,0.27161,0.2654,0.2681,6722297.599596139
2026-02-07 08:00:00+00:00,0.268126,0.27062,0.267,0.2695,4451715.558664869
2026-02-07 09:00:00+00:00,0.2695,0.26998,0.2664,0.2674,2305271.32123178
2026-02-07 10:00:00+00:00,0.2672,0.2686,0.2659,0.2669,1460989.94788988
2026-02-07 11:00:00+00:00,0.2668,0.26774,0.2661,0.267,878581.4675827597
2026-02-07 12:00:00+00:00,0.2669,0.27443,0.2665,0.2718,5015896.8772722
2026-02-07 13:00:00+00:00,0.2718,0.2727,0.269376,0.2709,2050645.2878064003
2026-02-07 14:00:00+00:00,0.270846,0.27179,0.268,0.2689,3590790.25657398
2026-02-07 15:00:00+00:00,0.2689,0.27393,0.2685,0.272476,3886351.62960374
2026-02-07 16:00:00+00:00,0.2725,0.28009,0.2711,0.273,18256257.195074946
2026-02-07 17:00:00+00:00,0.273,0.27466,0.2711,0.273802,2389938.653885101
2026-02-07 18:00:00+00:00,0.2736,0.27863,0.2732,0.276887,3023018.916585351
2026-02-07 19:00:00+00:00,0.27757,0.27757,0.274,0.2742,1624557.23941674
2026-02-07 20:00:00+00:00,0.2743,0.27607,0.273975,0.2755,1540003.7315485205
2026-02-07 21:00:00+00:00,0.2755,0.27631,0.2727,0.273,1378370.30913554
2026-02-07 22:00:00+00:00,0.2729,0.27432,0.2718,0.27269,1159732.6324489804
2026-02-07 23:00:00+00:00,0.2724,0.27318,0.269096,0.2719,3779802.354670531
2026-02-08 00:00:00+00:00,0.272,0.27278,0.2704,0.2714,1306675.68724636
2026-02-08 01:00:00+00:00,0.2715,0.27391,0.2712,0.2723,1555560.67465074
2026-02-08 02:00:00+00:00,0.2721,0.27303,0.269617,0.270456,1327728.2457110195
2026-02-08 03:00:00+00:00,0.2705,0.27147,0.2691,0.2695,2268106.8972626603
2026-02-08 04:00:00+00:00,0.269611,0.27111,0.2683,0.270637,2357347.72476952
2026-02-08 05:00:00+00:00,0.270701,0.27186,0.2697,0.2701,987688.39132113
2026-02-08 06:00:00+00:00,0.2701,0.2713,0.2696,0.269979,703682.51586904
2026-02-08 07:00:00+00:00,0.27,0.27138,0.2692,0.271,1365186.7245045798
2026-02-08 08:00:00+00:00,0.271,0.27622,0.2705,0.2752,2090121.1438480304
2026-02-08 09:00:00+00:00,0.275441,0.275441,0.2718,0.2719,1030266.9885727296
2026-02-08 10:00:00+00:00,0.2721,0.2732,0.2694,0.2709,1646911.9545881297
2026-02-08 11:00:00+00:00,0.2707,0.27489,0.2706,0.2744,2185894.698833329
2026-02-08 12:00:00+00:00,0.2746,0.27533,0.2728,0.2748,1782951.4628082898
2026-02-08 13:00:00+00:00,0.2748,0.27566,0.273184,0.2742,2988557.637498921
2026-02-08 14:00:00+00:00,0.273946,0.275,0.2729,0.2745,1382468.17511326
2026-02-08 15:00:00+00:00,0.2745,0.27543,0.2707,0.2726,2735313.617858989
2026-02-08 16:00:00+00:00,0.2725,0.27332,0.2668,0.2682,3365211.5603104094
2026-02-08 17:00:00+00:00,0.2683,0.2712,0.2683,0.270708,1926748.7550757509
2026-02-08 18:00:00+00:00,0.2707,0.2748,0.2704,0.2729,1457589.8451837096
2026-02-08 19:00:00+00:00,0.2729,0.27495,0.2725,0.274274,2134578.95249681
2026-02-08 20:00:00+00:00,0.2744,0.274522,0.2704,0.2707,1602048.4369825902
2026-02-08 21:00:00+00:00,0.2707,0.27208,0.2687,0.2702,2065560.2383015803
2026-02-08 22:00:00+00:00,0.27,0.2713,0.2695,0.2709,986264.65085555
2026-02-08 23:00:00+00:00,0.2709,0.27655,0.2678,0.2699,6575172.99529924
2026-02-09 00:00:00+00:00,0.270034,0.27103,0.268,0.2702,1322223.1062651698
2026-02-09 01:00:00+00:00,0.27,0.272648,0.268,0.2694,2370690.1377792787
2026-02-09 02:00:00+00:00,0.2694,0.2733,0.2687,0.2716,1446116.2591828906
2026-02-09 03:00:00+00:00,0.271672,0.27423,0.2714,0.2733,1561571.1756457605
2026-02-09 04:00:00+00:00,0.2732,0.2736,0.2713,0.272,618288.9653299102
2026-02-09 05:00:00+00:00,0.272106,0.27322,0.2717,0.2724,746769.8984040502
2026-02-09 06:00:00+00:00,0.272438,0.272438,0.2692,0.270965,1273974.73678515
2026-02-09 07:00:00+00:00,0.2709,0.27158,0.2687,0.269,1346613.4465562396
2026-02-09 08:00:00+00:00,0.269054,0.2699,0.264815,0.2662,4365250.872784391
2026-02-09 09:00:00+00:00,0.266239,0.2668,0.2634,0.263867,3039123.06248711
2026-02-09 10:00:00+00:00,0.2638,0.2646,0.2591,0.2603,3132604.6132413507
2026-02-09 11:00:00+00:00,0.2604,0.2622,0.2603,0.2613,1037057.7473848902
2026-02-09 12:00:00+00:00,0.2615,0.26484,0.2614,0.2645,1140995.6159012
2026-02-09 13:00:00+00:00,0.264545,0.26559,0.2624,0.2625,3140271.8936907696
2026-02-09 14:00:00+00:00,0.2625,0.2674,0.2616,0.265948,8243127.139811179
2026-02-09 15:00:00+00:00,0.2658,0.26825,0.2634,0.2678,2312470.6829090803
2026-02-09 16:00:00+00:00,0.2677,0.27223,0.2653,0.2697,4519226.93606158
2026-02-09 17:00:00+00:00,0.2697,0.27346,0.2678,0.2717,4364448.679914349
2026-02-09 18:00:00+00:00,0.2717,0.2731,0.2691,0.2701,1808585.43760492
2026-02-09 19:00:00+00:00,0.2701,0.27198,0.269321,0.2709,2484042.52111061
2026-02-09 20:00:00+00:00,0.2709,0.2721,0.2694,0.271,3121113.3179650195
2026-02-09 21:00:00+00:00,0.2711,0.2713,0.2678,0.2703,2477048.9598994097
2026-02-09 22:00:00+00:00,0.2704,0.27186,0.27,0.2705,895377.7089324698
2026-02-09 23:00:00+00:00,0.27062,0.27137,0.2694,0.2698,992279.07391056
2026-02-10 00:00:00+00:00,0.269786,0.27077,0.2681,0.2684,1075055.37494869
2026-02-10 01:00:00+00:00,0.2685,0.27041,0.2684,0.2699,1294750.28759237
2026-02-10 02:00:00+00:00,0.27,0.27045,0.2686,0.2692,1091328.12131041
2026-02-10 03:00:00+00:00,0.2692,0.269612,0.2642,0.266,3122933.4954346204
2026-02-10 04:00:00+00:00,0.265985,0.268,0.2659,0.2677,1504141.7627287596
2026-02-10 05:00:00+00:00,0.267689,0.268,0.2651,0.265707,1066872.43524624
2026-02-10 06:00:00+00:00,0.2655,0.266118,0.2614,0.2621,2929527.7971656
2026-02-10 07:00:00+00:00,0.262152,0.26349,0.2613,0.2627,1477862.3140427198
2026-02-10 08:00:00+00:00,0.2627,0.26455,0.2625,0.264,1172611.7344878598
2026-02-10 09:00:00+00:00,0.264,0.26571,0.2638,0.2643,1257709.12171931
2026-02-10 10:00:00+00:00,0.2644,0.265,0.2631,0.2637,732738.8693735898
2026-02-10 11:00:00+00:00,0.263656,0.2646,0.262545,0.2628,1283855.32141282
2026-02-10 12:00:00+00:00,0.2629,0.2638,0.2617,0.2624,1876062.65307406
2026-02-10 13:00:00+00:00,0.2623,0.264,0.2617,0.2632,1891591.7558374293
2026-02-10 14:00:00+00:00,0.263315,0.26621,0.2611,0.2627,3719461.634781999
2026-02-10 15:00:00+00:00,0.2626,0.26529,0.2618,0.2632,2567919.5136714093
2026-02-10 16:00:00+00:00,0.2632,0.2638,0.2608,0.26288,5759190.183450261
2026-02-10 17:00:00+00:00,0.262935,0.26511,0.2619,0.264197,1450853.87978522
2026-02-10 18:00:00+00:00,0.2644,0.2645,0.2597,0.261,3269852.427925471
2026-02-10 19:00:00+00:00,0.2609,0.26357,0.2603,0.2625,1682389.2913166697
2026-02-10 20:00:00+00:00,0.2624,0.2628,0.2611,0.2618,2032656.3266175897
2026-02-10 21:00:00+00:00,0.2617,0.2625,0.2604,0.2614,1507603.2104822604
2026-02-10 22:00:00+00:00,0.2613,0.263,0.2611,0.2616,797822.51062857
2026-02-10 23:00:00+00:00,0.2616,0.26225,0.2608,0.2618,940349.74362265
2026-02-11 00:00:00+00:00,0.261846,0.26295,0.2614,0.2626,1066522.16805667
2026-02-11 01:00:00+00:00,0.2627,0.26386,0.262,0.2631,1168387.4850800703
2026-02-11 02:00:00+00:00,0.2632,0.26492,0.2626,0.2628,2180240.263659301
2026-02-11 03:00:00+00:00,0.2628,0.263619,0.2602,0.2624,1859812.61057388
2026-02-11 04:00:00+00:00,0.2623,0.2628,0.258,0.2587,2810288.429871319
2026-02-11 05:00:00+00:00,0.258773,0.26003,0.2574,0.2576,1384092.5772278795
2026-02-11 06:00:00+00:00,0.257634,0.25788,0.2545,0.2553,3207560.3509421893
2026-02-11 07:00:00+00:00,0.255407,0.25718,0.255,0.25578,1568363.0802314896
2026-02-11 08:00:00+00:00,0.255363,0.25628,0.2547,0.2551,1430419.2858765605
2026-02-11 09:00:00+00:00,0.2551,0.25569,0.253447,0.2538,2423068.202042941
2026-02-11 10:00:00+00:00,0.2538,0.25446,0.252,0.252947,1421326.0596133496
2026-02-11 11:00:00+00:00,0.2528,0.25579,0.2528,0.2552,1801832.18610465
2026-02-11 12:00:00+00:00,0.255232,0.2562,0.254,0.2544,1862574.1561058296
2026-02-11 13:00:00+00:00,0.254419,0.25709,0.2532,0.2563,4393881.279928908
2026-02-11 14:00:00+00:00,0.2565,0.263358,0.253,0.253562,5418534.903494349
2026-02-11 15:00:00+00:00,0.2537,0.25542,0.2503,0.253,6265507.583273389
2026-02-11 16:00:00+00:00,0.253,0.257391,0.2515,0.2516,5171501.81116365
2026-02-11 17:00:00+00:00,0.2515,0.25745,0.2511,0.2552,3258927.187687889
2026-02-11 18:00:00+00:00,0.2552,0.25947,0.2541,0.2579,2960885.2920043394
2026-02-11 19:00:00+00:00,0.2578,0.2596,0.2562,0.2571,2211008.08155827
2026-02-11 20:00:00+00:00,0.257,0.25881,0.255451,0.2575,1778159.94295742
2026-02-11 21:00:00+00:00,0.2576,0.26045,0.2569,0.2584,3208287.1147902203
2026-02-11 22:00:00+00:00,0.258354,0.25945,0.256,0.2563,1669717.5903623195
2026-02-11 23:00:00+00:00,0.2563,0.25762,0.254043,0.2558,2457338.60153594
2026-02-12 00:00:00+00:00,0.255771,0.25878,0.255771,0.2574,1389356.0360657598
2026-02-12 01:00:00+00:00,0.2574,0.25949,0.2573,0.2574,1221280.3871822602
2026-02-12 02:00:00+00:00,0.2575,0.25933,0.2569,0.2579,723978.24572923
2026-02-12 03:00:00+00:00,0.258,0.25973,0.257751,0.259,658365.2548597399
2026-02-12 04:00:00+00:00,0.2589,0.25946,0.2577,0.2579,842789.4815138702
2026-02-12 05:00:00+00:00,0.257906,0.25964,0.2568,0.259174,831697.7421180494
2026-02-12 06:00:00+00:00,0.2591,0.26221,0.259,0.260992,1154295.48239927
2026-02-12 07:00:00+00:00,0.2611,0.26307,0.2603,0.2625,837970.7797045799
2026-02-12 08:00:00+00:00,0.262508,0.26345,0.2612,0.262172,1763516.2852909395
2026-02-12 09:00:00+00:00,0.2622,0.26637,0.2619,0.2653,3298689.0349717303
2026-02-12 10:00:00+00:00,0.2654,0.2694,0.2646,0.2692,2073662.921794489
2026-02-12 11:00:00+00:00,0.2692,0.2692,0.2668,0.2676,1878767.417353359
2026-02-12 12:00:00+00:00,0.2674,0.267858,0.2638,0.2649,1485065.3559364802
2026-02-12 13:00:00+00:00,0.264856,0.267127,0.2637,0.2671,2944122.863900891
2026-02-12 14:00:00+00:00,0.2671,0.2675,0.2648,0.2656,3128265.8051096806
2026-02-12 15:00:00+00:00,0.2657,0.2673,0.2622,0.2624,3205530.904701691
2026-02-12 16:00:00+00:00,0.2625,0.26348,0.2573,0.2586,5065760.407774936
2026-02-12 17:00:00+00:00,0.2585,0.26213,0.2578,0.259146,1891094.8958189504
2026-02-12 18:00:00+00:00,0.2591,0.2611,0.257597,0.2597,1605383.3941019704
2026-02-12 19:00:00+00:00,0.2599,0.26473,0.259,0.2615,2470954.7158770906
2026-02-12 20:00:00+00:00,0.2614,0.262,0.257963,0.2585,1005341.14949537
2026-02-12 21:00:00+00:00,0.2587,0.26055,0.2585,0.26014,1750834.364477649
2026-02-12 22:00:00+00:00,0.2594,0.26284,0.2582,0.2621,1573210.6484406595
2026-02-12 23:00:00+00:00,0.26223,0.26532,0.262,0.2641,3685501.02686715
2026-02-13 00:00:00+00:00,0.264173,0.26573,0.2613,0.2619,1734320.6588251505
2026-02-13 01:00:00+00:00,0.2619,0.264,0.2616,0.2623,3468111.0154240285
2026-02-13 02:00:00+00:00,0.2623,0.26384,0.2614,0.2635,4047801.163463108
2026-02-13 03:00:00+00:00,0.2635,0.2638,0.262,0.2627,817142.4350336799
2026-02-13 04:00:00+00:00,0.2627,0.26351,0.2614,0.261453,1184188.0510749903
2026-02-13 05:00:00+00:00,0.261503,0.26242,0.2593,0.2594,1622751.56687356
2026-02-13 06:00:00+00:00,0.2594,0.26175,0.2581,0.2613,2000323.9891222003
2026-02-13 07:00:00+00:00,0.2614,0.26329,0.261,0.261861,2672342.456062089
2026-02-13 08:00:00+00:00,0.261868,0.26452,0.2616,0.263612,1005299.56674847
2026-02-13 09:00:00+00:00,0.263776,0.26446,0.2617,0.2631,1178282.7287476
2026-02-13 10:00:00+00:00,0.263189,0.26447,0.2627,0.2637,1149102.3282710102
2026-02-13 11:00:00+00:00,0.263582,0.26415,0.2624,0.263835,665109.1214875403
2026-02-13 12:00:00+00:00,0.263811,0.263811,0.2623,0.2627,1839806.2720278
2026-02-13 13:00:00+00:00,0.2627,0.26661,0.2619,0.265348,4102989.499942111
2026-02-13 14:00:00+00:00,0.2652,0.26779,0.263,0.2654,7960067.281107752
2026-02-13 15:00:00+00:00,0.2655,0.27402,0.265,0.2689,8745220.742023861
2026-02-13 16:00:00+00:00,0.269,0.27579,0.2682,0.2731,4358104.482537448
2026-02-13 17:00:00+00:00,0.2731,0.27474,0.2713,0.2718,3651595.2771478696
2026-02-13 18:00:00+00:00,0.2717,0.27324,0.270119,0.2723,5553716.057398983
2026-02-13 19:00:00+00:00,0.2724,0.27426,0.2719,0.2724,4990139.198942237
2026-02-13 20:00:00+00:00,0.2724,0.27394,0.271122,0.2734,2145439.51529327
2026-02-13 21:00:00+00:00,0.2733,0.27481,0.2728,0.2737,1414712.9070089797
2026-02-13 22:00:00+00:00,0.2737,0.2741,0.2718,0.2726,813597.7693171101
2026-02-13 23:00:00+00:00,0.272546,0.27349,0.2718,0.2727,963862.15167694
2026-02-14 00:00:00+00:00,0.272762,0.27466,0.2725,0.2743,1224702.40399207
2026-02-14 01:00:00+00:00,0.2742,0.27745,0.2738,0.2757,1942120.7558324407
2026-02-14 02:00:00+00:00,0.2757,0.2761,0.2752,0.275824,1014768.1163102804
2026-02-14 03:00:00+00:00,0.2758,0.2779,0.2753,0.2772,1004699.95699456
2026-02-14 04:00:00+00:00,0.2773,0.2775,0.275442,0.2756,1443379.2015376196
2026-02-14 05:00:00+00:00,0.275621,0.2774,0.2749,0.2749,2154021.7728312886
2026-02-14 06:00:00+00:00,0.275,0.2755,0.2736,0.2743,718177.24726648
2026-02-14 07:00:00+00:00,0.2743,0.27641,0.2743,0.2757,569360.8221897301
2026-02-14 08:00:00+00:00,0.275703,0.27976,0.2756,0.2787,2539199.138275699
2026-02-14 09:00:00+00:00,0.2787,0.27906,0.277882,0.278209,620176.02513949
2026-02-14 10:00:00+00:00,0.2783,0.27913,0.2772,0.278499,593562.5192216301
2026-02-14 11:00:00+00:00,0.2786,0.28497,0.2783,0.2829,4496184.266075127
2026-02-14 12:00:00+00:00,0.2829,0.2841,0.2812,0.2818,4119623.699965661
2026-02-14 13:00:00+00:00,0.2817,0.28313,0.2803,0.2812,1778734.1536845
2026-02-14 14:00:00+00:00,0.281309,0.28693,0.281,0.2866,4281900.583573281
2026-02-14 15:00:00+00:00,0.2865,0.2865,0.2843,0.286247,3975246.5170507687
2026-02-14 16:00:00+00:00,0.2862,0.291,0.2842,0.2895,6232248.342211213
2026-02-14 17:00:00+00:00,0.2895,0.29245,0.289,0.2894,4270320.320102701
2026-02-14 18:00:00+00:00,0.2891,0.29424,0.289,0.2933,3920843.63821695
2026-02-14 19:00:00+00:00,0.2934,0.2995,0.2925,0.2983,8194355.694715511
2026-02-14 20:00:00+00:00,0.2985,0.30049,0.2959,0.2971,2663650.7194682
2026-02-14 21:00:00+00:00,0.297,0.30074,0.2943,0.2957,4896532.525665301
2026-02-14 22:00:00+00:00,0.2957,0.298654,0.2954,0.2968,3353655.374690389
2026-02-14 23:00:00+00:00,0.29708,0.29734,0.294184,0.2949,2799552.2959856703
2026-02-15 00:00:00+00:00,0.294863,0.29796,0.294785,0.2965,1541722.1349985993
2026-02-15 01:00:00+00:00,0.2964,0.2981,0.2941,0.29667,1557149.45762358
2026-02-15 02:00:00+00:00,0.2963,0.298288,0.292262,0.2952,3025666.575274509
2026-02-15 03:00:00+00:00,0.2952,0.29773,0.2925,0.2972,2871268.15435019
2026-02-15 04:00:00+00:00,0.2972,0.30124,0.2962,0.2971,4137859.126528681
2026-02-15 05:00:00+00:00,0.2973,0.2995,0.2972,0.298164,2335934.083022921
2026-02-15 06:00:00+00:00,0.29844,0.29922,0.2964,0.2968,1952800.71503464
2026-02-15 07:00:00+00:00,0.2968,0.30091,0.2966,0.3007,2367771.5812560897
2026-02-15 08:00:00+00:00,0.3007,0.30213,0.2948,0.2961,3060255.6108367
2026-02-15 09:00:00+00:00,0.296,0.298115,0.2949,0.2954,1252400.3380394003
2026-02-15 10:00:00+00:00,0.2951,0.2958,0.290645,0.2925,2513438.636874251
2026-02-15 11:00:00+00:00,0.2925,0.2935,0.2896,0.2904,972534.75176739
2026-02-15 12:00:00+00:00,0.2903,0.2909,0.283339,0.2834,4647994.24819598
2026-02-15 13:00:00+00:00,0.283424,0.286,0.2808,0.282,4997759.40717408
2026-02-15 14:00:00+00:00,0.2819,0.28547,0.2819,0.2846,3294674.0704478784
2026-02-15 15:00:00+00:00,0.2845,0.28661,0.2837,0.2841,1793372.5047248793
2026-02-15 16:00:00+00:00,0.284,0.28467,0.2817,0.2834,2473140.75066882
2026-02-15 17:00:00+00:00,0.283501,0.2843,0.278,0.2804,3935656.894069588
2026-02-15 18:00:00+00:00,0.2803,0.28159,0.2778,0.279,3050960.9588415595
2026-02-15 19:00:00+00:00,0.2789,0.28083,0.2773,0.2789,3295122.99188848
2026-02-15 20:00:00+00:00,0.2789,0.28053,0.2777,0.279078,1784965.92554509
2026-02-15 21:00:00+00:00,0.279136,0.28163,0.279,0.280335,1201161.4125868902
2026-02-15 22:00:00+00:00,0.280253,0.28271,0.279784,0.2822,969366.25785693
2026-02-15 23:00:00+00:00,0.2822,0.2823,0.279075,0.281639,1286687.9536108496
2026-02-16 00:00:00+00:00,0.28173,0.283433,0.2805,0.281936,1180160.1499494398
2026-02-16 01:00:00+00:00,0.2819,0.283,0.2799,0.2809,605808.4441812602
2026-02-16 02:00:00+00:00,0.2809,0.2828,0.2794,0.2798,900078.2315394399
2026-02-16 03:00:00+00:00,0.2799,0.28059,0.2792,0.2801,509905.5959400202
2026-02-16 04:00:00+00:00,0.280162,0.28243,0.27995,0.2822,878184.7102824299
2026-02-16 05:00:00+00:00,0.282172,0.2827,0.2773,0.278,2258659.192236391
2026-02-16 06:00:00+00:00,0.278101,0.28074,0.2778,0.28,460688.9811154101
2026-02-16 07:00:00+00:00,0.2799,0.281313,0.2791,0.28,1071116.3588397498
2026-02-16 08:00:00+00:00,0.280118,0.282614,0.28,0.2817,1280171.41371279
2026-02-16 09:00:00+00:00,0.281636,0.2859,0.2814,0.284963,2094338.834698481
2026-02-16 10:00:00+00:00,0.2848,0.284885,0.2821,0.2828,855737.2802290001
2026-02-16 11:00:00+00:00,0.282833,0.2837,0.2788,0.2828,2378327.46848434
2026-02-16 12:00:00+00:00,0.2828,0.288,0.282088,0.287,4040705.2378602
2026-02-16 13:00:00+00:00,0.2871,0.2891,0.280184,0.2811,3937930.891192429
2026-02-16 14:00:00+00:00,0.281067,0.28598,0.279,0.284114,1680186.0948673792
2026-02-16 15:00:00+00:00,0.284,0.28578,0.2766,0.279,4684111.706315949
2026-02-16 16:00:00+00:00,0.279,0.28244,0.2782,0.2813,2671160.2657076893
2026-02-16 17:00:00+00:00,0.2812,0.2831,0.2798,0.282,1542147.6789645297
2026-02-16 18:00:00+00:00,0.281948,0.2839,0.2813,0.2815,1688082.6106393395
2026-02-16 19:00:00+00:00,0.281588,0.2836,0.281,0.2821,661375.3266648102
2026-02-16 20:00:00+00:00,0.2821,0.28665,0.2813,0.2854,1849018.7363248493
2026-02-16 21:00:00+00:00,0.2854,0.28783,0.2843,0.2873,2366653.7352770995
2026-02-16 22:00:00+00:00,0.2874,0.28756,0.284216,0.2848,3114668.04381556
2026-02-16 23:00:00+00:00,0.2848,0.28635,0.2847,0.285715,816714.6169076602
2026-02-17 00:00:00+00:00,0.285719,0.28664,0.2844,0.2847,1190574.47593394
2026-02-17 01:00:00+00:00,0.2848,0.28648,0.283963,0.2844,611698.9488553698
2026-02-17 02:00:00+00:00,0.2843,0.28931,0.2827,0.2882,2736763.144721081
2026-02-17 03:00:00+00:00,0.28879,0.28879,0.2862,0.2864,681115.61511003
2026-02-17 04:00:00+00:00,0.286384,0.28787,0.285286,0.286442,1891100.3679735707
2026-02-17 05:00:00+00:00,0.286465,0.287,0.2835,0.2854,1258533.3034917505
2026-02-17 06:00:00+00:00,0.2855,0.28769,0.2855,0.2874,906711.9173623698
2026-02-17 07:00:00+00:00,0.2872,0.28987,0.2857,0.2864,3161162.2072893195
2026-02-17 08:00:00+00:00,0.286295,0.2871,0.283292,0.2835,1367591.05975229
2026-02-17 09:00:00+00:00,0.2834,0.28356,0.280785,0.2821,1956999.6556512408
2026-02-17 10:00:00+00:00,0.2821,0.2823,0.2793,0.28,1280822.0636765296
2026-02-17 11:00:00+00:00,0.28,0.281,0.2795,0.2802,1434427.3119403804
2026-02-17 12:00:00+00:00,0.2802,0.28356,0.2797,0.2817,2623085.5655732886
2026-02-17 13:00:00+00:00,0.2818,0.28451,0.2813,0.2832,1776338.4321295798
2026-02-17 14:00:00+00:00,0.2833,0.28459,0.2772,0.2782,5352044.09807932
2026-02-17 15:00:00+00:00,0.2781,0.28187,0.2775,0.2812,4158074.2545540174
2026-02-17 16:00:00+00:00,0.2813,0.28704,0.280866,0.2829,5667605.799269102
2026-02-17 17:00:00+00:00,0.2828,0.2835,0.2784,0.281,2678571.1128936806
2026-02-17 18:00:00+00:00,0.2809,0.2867,0.2805,0.2846,1990378.9997031307
2026-02-17 19:00:00+00:00,0.2846,0.28567,0.2826,0.283,1359650.0730478994
2026-02-17 20:00:00+00:00,0.283101,0.28367,0.2812,0.282624,1213144.8065223298
2026-02-17 21:00:00+00:00,0.2825,0.2836,0.2813,0.2824,652114.5240322802
2026-02-17 22:00:00+00:00,0.2824,0.282741,0.2806,0.281,859813.3783194701
2026-02-17 23:00:00+00:00,0.281109,0.28174,0.2802,0.28168,817854.4198330503
2026-02-18 00:00:00+00:00,0.281,0.28226,0.2798,0.279962,962154.34417692
2026-02-18 01:00:00+00:00,0.2799,0.28047,0.2789,0.28,799054.9043309697
2026-02-18 02:00:00+00:00,0.28,0.2831,0.28,0.28212,2224033.0480935806
2026-02-18 03:00:00+00:00,0.2823,0.2842,0.2822,0.283,684644.12831756
2026-02-18 04:00:00+00:00,0.2831,0.2835,0.2818,0.28259,744508.1603729201
2026-02-18 05:00:00+00:00,0.281973,0.28338,0.2815,0.282177,555347.1099019501
2026-02-18 06:00:00+00:00,0.282259,0.2834,0.282,0.28222,764353.5952138401
2026-02-18 07:00:00+00:00,0.2822,0.28499,0.2818,0.284379,504177.94141006994
2026-02-18 08:00:00+00:00,0.284438,0.28678,0.284,0.2851,651732.2310673997
2026-02-18 09:00:00+00:00,0.2851,0.2864,0.284783,0.2852,1099631.8792311202
2026-02-18 10:00:00+00:00,0.2853,0.286013,0.2828,0.2834,517442.77628797
2026-02-18 11:00:00+00:00,0.2834,0.28417,0.2804,0.2807,2346758.4220679784
2026-02-18 12:00:00+00:00,0.2806,0.28327,0.2806,0.2824,597917.5715769201
2026-02-18 13:00:00+00:00,0.2825,0.28335,0.2796,0.280747,746143.25316959
2026-02-18 14:00:00+00:00,0.2808,0.28218,0.2785,0.2812,2322641.4179056804
2026-02-18 15:00:00+00:00,0.2811,0.2875,0.281,0.284,2716537.43965567
2026-02-18 16:00:00+00:00,0.284,0.284,0.2792,0.279844,2482018.18963227
2026-02-18 17:00:00+00:00,0.2801,0.28282,0.2795,0.2797,1333277.6728796095
2026-02-18 18:00:00+00:00,0.2799,0.2806,0.2746,0.2755,6141649.147196292
2026-02-18 19:00:00+00:00,0.2754,0.277,0.27117,0.2735,3259948.5183440805
2026-02-18 20:00:00+00:00,0.2735,0.27594,0.2724,0.2739,2892106.5061716703
2026-02-18 21:00:00+00:00,0.274,0.27485,0.273,0.2737,1232170.5654176802
2026-02-18 22:00:00+00:00,0.2737,0.27429,0.2723,0.2733,726693.0223812601
2026-02-18 23:00:00+00:00,0.2733,0.27423,0.2722,0.2734,835473.3182531599
2026-02-19 00:00:00+00:00,0.2733,0.27386,0.272,0.2724,1748501.9868849895
2026-02-19 01:00:00+00:00,0.2725,0.27549,0.2725,0.275009,3837734.9765841495
2026-02-19 02:00:00+00:00,0.275,0.27605,0.2737,0.2747,917064.3661116896
2026-02-19 03:00:00+00:00,0.2747,0.27563,0.2735,0.275,1171563.14267666
2026-02-19 04:00:00+00:00,0.275,0.27597,0.274349,0.2745,653711.1463812202
2026-02-19 05:00:00+00:00,0.274547,0.2752,0.2732,0.274562,666789.4440356197
2026-02-19 06:00:00+00:00,0.2745,0.27714,0.27448,0.2762,358386.79148530005
2026-02-19 07:00:00+00:00,0.2763,0.27764,0.2755,0.2763,913927.30341678
2026-02-19 08:00:00+00:00,0.2762,0.2763,0.2729,0.2739,687090.6969687999
2026-02-19 09:00:00+00:00,0.2739,0.27542,0.272499,0.2732,2665095.9199432987
2026-02-19 10:00:00+00:00,0.2733,0.27453,0.2722,0.2735,822862.47004822
2026-02-19 11:00:00+00:00,0.2735,0.275,0.272,0.2721,2278017.42505461
2026-02-19 12:00:00+00:00,0.272,0.27322,0.271,0.272,1160271.4481632598
2026-02-19 13:00:00+00:00,0.2721,0.2724,0.268341,0.2697,3338837.18171604
2026-02-19 14:00:00+00:00,0.2697,0.27384,0.2691,0.2723,2877664.0782823903
2026-02-19 15:00:00+00:00,0.2723,0.27402,0.2687,0.2702,5061269.529496608
2026-02-19 16:00:00+00:00,0.2702,0.27065,0.267,0.2695,1800619.0214736003
2026-02-19 17:00:00+00:00,0.269532,0.27299,0.2682,0.2694,2979867.3919934905
2026-02-19 18:00:00+00:00,0.2693,0.27359,0.269149,0.273,1586468.5819127604
2026-02-19 19:00:00+00:00,0.273,0.27433,0.2713,0.2727,1584880.3561490902
2026-02-19 20:00:00+00:00,0.2727,0.27377,0.2716,0.2727,1576041.2725928405
2026-02-19 21:00:00+00:00,0.2726,0.27358,0.2719,0.272,929047.12545013
2026-02-19 22:00:00+00:00,0.272161,0.27303,0.2704,0.2722,605980.6684025399
2026-02-19 23:00:00+00:00,0.27226,0.27333,0.272,0.2728,905301.6544098
2026-02-20 00:00:00+00:00,0.2728,0.27549,0.2722,0.2741,712211.37254611
2026-02-20 01:00:00+00:00,0.273872,0.2745,0.2733,0.274,622199.1609549999
2026-02-20 02:00:00+00:00,0.274,0.2747,0.273667,0.2737,792315.3134464399
2026-02-20 03:00:00+00:00,0.273646,0.2752,0.2733,0.2738,489656.17624943
2026-02-20 04:00:00+00:00,0.2738,0.2738,0.271,0.2725,915323.43593743
2026-02-20 05:00:00+00:00,0.2725,0.27624,0.2717,0.2747,1813745.32806001
2026-02-20 06:00:00+00:00,0.2748,0.2749,0.2736,0.274558,969336.7403343898
2026-02-20 07:00:00+00:00,0.2746,0.2748,0.2733,0.273472,665631.1394068702
2026-02-20 08:00:00+00:00,0.273615,0.27536,0.2733,0.2746,462110.2474593701
2026-02-20 09:00:00+00:00,0.274564,0.2778,0.274564,0.2773,1877471.71320925
2026-02-20 10:00:00+00:00,0.2772,0.2803,0.2772,0.2785,1504778.6770269594
2026-02-20 11:00:00+00:00,0.2786,0.2787,0.2764,0.2766,1005509.2972220498
2026-02-20 12:00:00+00:00,0.276889,0.2784,0.276,0.2769,1389519.5561346596
2026-02-20 13:00:00+00:00,0.2768,0.2769,0.269636,0.2718,3575332.398443918
2026-02-20 14:00:00+00:00,0.2717,0.27918,0.2715,0.2772,4092830.133131669
2026-02-20 15:00:00+00:00,0.2773,0.28928,0.2772,0.288759,12019445.795825155
2026-02-20 16:00:00+00:00,0.2889,0.29412,0.2856,0.2882,12236608.44481447
2026-02-20 17:00:00+00:00,0.2882,0.28832,0.2801,0.285547,8110215.968539857
2026-02-20 18:00:00+00:00,0.2856,0.2857,0.2813,0.2832,6250029.68755515
2026-02-20 19:00:00+00:00,0.2833,0.284261,0.2819,0.283,2610335.525768152
2026-02-20 20:00:00+00:00,0.2829,0.28482,0.2823,0.2841,2135418.17972028
2026-02-20 21:00:00+00:00,0.2841,0.28516,0.2832,0.2845,739441.4159018099
2026-02-20 22:00:00+00:00,0.2845,0.2857,0.2832,0.2857,1025978.61655504
2026-02-20 23:00:00+00:00,0.285541,0.28608,0.284287,0.2849,393727.5228132802
2026-02-21 00:00:00+00:00,0.284796,0.28567,0.28183,0.283,2265153.2723235902
2026-02-21 01:00:00+00:00,0.2829,0.28383,0.2821,0.2834,936597.4086650098
2026-02-21 02:00:00+00:00,0.28347,0.28498,0.2825,0.283672,615239.7010743201
2026-02-21 03:00:00+00:00,0.2839,0.284,0.2821,0.283,855350.81715188
2026-02-21 04:00:00+00:00,0.2831,0.28347,0.282,0.2833,358657.7744214301
2026-02-21 05:00:00+00:00,0.283217,0.2843,0.2832,0.2833,500315.43647952
2026-02-21 06:00:00+00:00,0.2833,0.28342,0.2809,0.2817,1646931.5188542183
2026-02-21 07:00:00+00:00,0.2815,0.2821,0.2808,0.2814,446694.5834918
2026-02-21 08:00:00+00:00,0.28136,0.28422,0.2811,0.283759,705961.1309394299
2026-02-21 09:00:00+00:00,0.2838,0.28698,0.283386,0.284092,1029040.2573552504
2026-02-21 10:00:00+00:00,0.2841,0.2851,0.2834,0.2839,583485.0572577097
2026-02-21 11:00:00+00:00,0.283846,0.28504,0.2831,0.2833,291066.49518210004
2026-02-21 12:00:00+00:00,0.2835,0.28366,0.2816,0.2828,724209.8124623201
2026-02-21 13:00:00+00:00,0.2827,0.28342,0.281997,0.2834,355239.1626276501
2026-02-21 14:00:00+00:00,0.283372,0.28516,0.2827,0.2827,1545444.4413054297
2026-02-21 15:00:00+00:00,0.2828,0.28388,0.282,0.2825,1742165.72965231
2026-02-21 16:00:00+00:00,0.2825,0.2829,0.2795,0.2805,3750428.1587500586
2026-02-21 17:00:00+00:00,0.2806,0.28135,0.2796,0.280877,1875169.211275749
2026-02-21 18:00:00+00:00,0.2807,0.2822,0.2807,0.281633,1836234.8344170903
2026-02-21 19:00:00+00:00,0.2818,0.28205,0.2801,0.28018,693219.2611470801
2026-02-21 20:00:00+00:00,0.280241,0.2815,0.2791,0.2793,1968085.352197689
2026-02-21 21:00:00+00:00,0.2793,0.28127,0.2791,0.281,1665239.6818448096
2026-02-21 22:00:00+00:00,0.280998,0.2815,0.2799,0.2801,1185928.4418903887
2026-02-21 23:00:00+00:00,0.280243,0.28077,0.2795,0.28,754574.1123643102
2026-02-22 00:00:00+00:00,0.28,0.28053,0.277037,0.2785,1467388.1021110297
2026-02-22 01:00:00+00:00,0.278493,0.2794,0.278,0.2792,924279.18305862
2026-02-22 02:00:00+00:00,0.279337,0.2798,0.2766,0.277,1302457.6680808505
2026-02-22 03:00:00+00:00,0.277,0.2779,0.27542,0.277268,949523.2095886896
2026-02-22 04:00:00+00:00,0.277268,0.27764,0.2763,0.276457,593611.4361272599
2026-02-22 05:00:00+00:00,0.276457,0.27671,0.2753,0.275755,788327.3648925201
2026-02-22 06:00:00+00:00,0.2757,0.2769,0.2749,0.2765,891278.4845313197
2026-02-22 07:00:00+00:00,0.2765,0.276742,0.2758,0.2758,560161.5659764999
2026-02-22 08:00:00+00:00,0.2758,0.2762,0.275,0.2753,266789.26824853994
2026-02-22 09:00:00+00:00,0.2753,0.27655,0.2751,0.2764,296105.84248931
2026-02-22 10:00:00+00:00,0.276398,0.27764,0.27601,0.2761,475584.1080019
2026-02-22 11:00:00+00:00,0.2761,0.2765,0.2758,0.2758,512801.1016088999
2026-02-22 12:00:00+00:00,0.2758,0.276,0.27276,0.2733,1047610.94934115
2026-02-22 13:00:00+00:00,0.273309,0.2739,0.2721,0.2728,1398573.19858797
2026-02-22 14:00:00+00:00,0.2726,0.2732,0.2711,0.271915,1143943.98221628
2026-02-22 15:00:00+00:00,0.2719,0.2722,0.2702,0.2718,1469308.55556548
2026-02-22 16:00:00+00:00,0.2718,0.27185,0.269846,0.2712,1200395.4525764496
2026-02-22 17:00:00+00:00,0.2712,0.27148,0.269661,0.2703,1021157.86846536
2026-02-22 18:00:00+00:00,0.2703,0.27043,0.26878,0.2699,879748.6242640594
2026-02-22 19:00:00+00:00,0.2699,0.27084,0.2692,0.269887,833338.6993460896
2026-02-22 20:00:00+00:00,0.2698,0.2705,0.268636,0.2692,413870.3091356701
2026-02-22 21:00:00+00:00,0.2693,0.27097,0.269,0.2703,930081.38240011
2026-02-22 22:00:00+00:00,0.2703,0.27214,0.2702,0.271695,1023829.31085778
2026-02-22 23:00:00+00:00,0.271696,0.27218,0.2701,0.2716,2029875.1490173696
2026-02-23 00:00:00+00:00,0.271744,0.27193,0.268036,0.2683,2791395.6904208045
2026-02-23 01:00:00+00:00,0.2683,0.26844,0.2572,0.2585,14294590.50985783
2026-02-23 02:00:00+00:00,0.2583,0.26093,0.258,0.2603,2994168.501760292
2026-02-23 03:00:00+00:00,0.260288,0.26236,0.2602,0.261093,2081923.9404054903
2026-02-23 04:00:00+00:00,0.2611,0.261242,0.2596,0.2608,1654687.2128705091
2026-02-23 05:00:00+00:00,0.260795,0.26326,0.2606,0.2618,1732582.9181500897
2026-02-23 06:00:00+00:00,0.261789,0.26643,0.2616,0.2661,2402352.296445129
2026-02-23 07:00:00+00:00,0.2661,0.2675,0.2657,0.2665,880534.7091007399
2026-02-23 08:00:00+00:00,0.266651,0.266652,0.264803,0.265102,501047.02062104014
2026-02-23 09:00:00+00:00,0.265068,0.27179,0.265067,0.2711,1645252.9608235203
2026-02-23 10:00:00+00:00,0.2712,0.27193,0.269915,0.2704,740080.0042604402
2026-02-23 11:00:00+00:00,0.270546,0.2721,0.27,0.2713,1693455.183882189
2026-02-23 12:00:00+00:00,0.2713,0.27541,0.2707,0.2735,2600324.705830671
2026-02-23 13:00:00+00:00,0.2737,0.2741,0.271879,0.272,1527073.3389276797
2026-02-23 14:00:00+00:00,0.2721,0.2728,0.2686,0.2704,2456024.94990661
2026-02-23 15:00:00+00:00,0.2706,0.27114,0.2665,0.2669,6165503.040025197
2026-02-23 16:00:00+00:00,0.2669,0.2685,0.2653,0.266,2763539.126931691
2026-02-23 17:00:00+00:00,0.266,0.26722,0.2602,0.2633,3158645.120311749
2026-02-23 18:00:00+00:00,0.2632,0.26601,0.262426,0.2635,2849982.13778604
2026-02-23 19:00:00+00:00,0.2635,0.26381,0.2612,0.2619,2337218.933399
2026-02-23 20:00:00+00:00,0.2619,0.2635,0.2606,0.2631,2330782.5972174304
2026-02-23 21:00:00+00:00,0.2631,0.26446,0.262594,0.2635,1148183.97082441
2026-02-23 22:00:00+00:00,0.2635,0.26537,0.2632,0.26338,2403790.2627224503
2026-02-23 23:00:00+00:00,0.263313,0.26425,0.26193,0.26193,2538186.1777665303
2026-02-24 00:00:00+00:00,0.262168,0.26505,0.262168,0.2643,969248.0089985096
2026-02-24 01:00:00+00:00,0.2643,0.2643,0.2577,0.260951,4352647.57427602
2026-02-24 02:00:00+00:00,0.2609,0.26259,0.2595,0.2604,1490522.2881194004
2026-02-24 03:00:00+00:00,0.2602,0.2604,0.25767,0.2585,2903285.321509599
2026-02-24 04:00:00+00:00,0.258573,0.25948,0.2563,0.2579,2138783.432656669
2026-02-24 05:00:00+00:00,0.257937,0.25932,0.255608,0.2571,2352601.0235154
2026-02-24 06:00:00+00:00,0.2572,0.25779,0.2558,0.256421,1671977.7356674294
2026-02-24 07:00:00+00:00,0.2564,0.25799,0.2556,0.2575,925913.9183157298
2026-02-24 08:00:00+00:00,0.2575,0.25874,0.2567,0.2579,1480936.4105530097
2026-02-24 09:00:00+00:00,0.2579,0.258142,0.256,0.2571,1189383.3909411202
2026-02-24 10:00:00+00:00,0.2571,0.25803,0.256758,0.2575,1119951.59315303
2026-02-24 11:00:00+00:00,0.2574,0.2576,0.2567,0.2574,816549.6050905403
2026-02-24 12:00:00+00:00,0.2574,0.25809,0.2562,0.2566,1301123.82356848
2026-02-24 13:00:00+00:00,0.2566,0.257,0.253862,0.2562,2952961.327018191
2026-02-24 14:00:00+00:00,0.2562,0.25938,0.2536,0.2579,4107994.905531501
2026-02-24 15:00:00+00:00,0.2578,0.26137,0.2572,0.2597,3168896.111258399
2026-02-24 16:00:00+00:00,0.2598,0.262425,0.2593,0.2618,3683412.3625130607
2026-02-24 17:00:00+00:00,0.2619,0.2626,0.260878,0.2614,1867470.40261756
2026-02-24 18:00:00+00:00,0.2614,0.26302,0.259673,0.2612,2068778.4594507904
2026-02-24 19:00:00+00:00,0.2613,0.26232,0.2597,0.2603,1543117.0715970905
2026-02-24 20:00:00+00:00,0.260473,0.26123,0.259724,0.260551,1027194.3818129604
2026-02-24 21:00:00+00:00,0.2606,0.2606,0.2589,0.2594,1435498.3860701595
2026-02-24 22:00:00+00:00,0.2593,0.26097,0.259,0.2596,1028292.56038043
2026-02-24 23:00:00+00:00,0.259547,0.25988,0.2576,0.258677,1218238.79596942
2026-02-25 00:00:00+00:00,0.2587,0.259522,0.257747,0.2591,917081.4723385
2026-02-25 01:00:00+00:00,0.259,0.27025,0.259,0.26739,9665522.100268647
2026-02-25 02:00:00+00:00,0.2673,0.27179,0.267242,0.2688,11754262.899467494
2026-02-25 03:00:00+00:00,0.269,0.2695,0.2658,0.266,3371927.8229571907
2026-02-25 04:00:00+00:00,0.266,0.26713,0.2643,0.2659,2346567.01831755
2026-02-25 05:00:00+00:00,0.266001,0.26631,0.2621,0.263823,2150229.91603253
2026-02-25 06:00:00+00:00,0.263876,0.26551,0.263876,0.2644,1099759.0944123403
2026-02-25 07:00:00+00:00,0.2645,0.26689,0.264454,0.2661,816601.67630482
2026-02-25 08:00:00+00:00,0.266089,0.26881,0.2656,0.2685,2285428.304746
2026-02-25 09:00:00+00:00,0.2686,0.270671,0.2684,0.2701,1533341.18200306
2026-02-25 10:00:00+00:00,0.2701,0.27126,0.2693,0.2698,648877.6974663101
2026-02-25 11:00:00+00:00,0.2697,0.2713,0.2689,0.271,1719016.9424369102
2026-02-25 12:00:00+00:00,0.2711,0.2783,0.271,0.2768,6840747.212249799
2026-02-25 13:00:00+00:00,0.2769,0.28023,0.2768,0.278686,4806631.43420129
2026-02-25 14:00:00+00:00,0.2787,0.28767,0.2787,0.287202,11179511.85253068
2026-02-25 15:00:00+00:00,0.2873,0.293,0.287085,0.290361,17133430.36564695
2026-02-25 16:00:00+00:00,0.2905,0.296,0.2905,0.2952,11116117.051259996
2026-02-25 17:00:00+00:00,0.2953,0.2987,0.2947,0.2963,10335223.38515344
2026-02-25 18:00:00+00:00,0.2963,0.30042,0.2941,0.299,9381169.55175038
2026-02-25 19:00:00+00:00,0.299,0.30412,0.295461,0.3026,9044603.4420123
2026-02-25 20:00:00+00:00,0.3029,0.31304,0.302759,0.3072,31877626.961264104
2026-02-25 21:00:00+00:00,0.3073,0.3136,0.3062,0.3095,12721738.414178897
2026-02-25 22:00:00+00:00,0.309543,0.31274,0.2982,0.3007,13666788.020516984
2026-02-25 23:00:00+00:00,0.3004,0.30345,0.2943,0.2972,8350121.962322571
2026-02-26 00:00:00+00:00,0.297067,0.3009,0.2939,0.2956,4489437.642538631
2026-02-26 01:00:00+00:00,0.2957,0.299,0.2951,0.296479,2228256.37872544
2026-02-26 02:00:00+00:00,0.2964,0.29786,0.293802,0.296584,2983617.7395072915
2026-02-26 03:00:00+00:00,0.2967,0.2973,0.2949,0.295332,1427337.3240600298
2026-02-26 04:00:00+00:00,0.2952,0.30041,0.2949,0.297318,2883790.48060261
2026-02-26 05:00:00+00:00,0.297497,0.297498,0.2929,0.2953,2035371.2874283905
2026-02-26 06:00:00+00:00,0.2951,0.29734,0.2935,0.294186,932894.86714675
2026-02-26 07:00:00+00:00,0.294182,0.29614,0.2929,0.293286,1125067.3672217904
2026-02-26 08:00:00+00:00,0.2934,0.29542,0.292,0.292,3059542.48681787
2026-02-26 09:00:00+00:00,0.291845,0.29589,0.2905,0.294979,5915212.426817551
2026-02-26 10:00:00+00:00,0.2947,0.29518,0.2912,0.292,2728257.7824522406
2026-02-26 11:00:00+00:00,0.2921,0.2927,0.288856,0.2894,5192462.793046102
2026-02-26 12:00:00+00:00,0.2894,0.298,0.2892,0.2927,4784491.103356936
2026-02-26 13:00:00+00:00,0.292708,0.2939,0.2917,0.292135,2050524.06512022
2026-02-26 14:00:00+00:00,0.2921,0.294965,0.2893,0.2922,3898011.478262652
2026-02-26 15:00:00+00:00,0.2921,0.29436,0.289,0.2915,5433006.94327598
2026-02-26 16:00:00+00:00,0.2914,0.291619,0.2834,0.284126,7640545.073057598
2026-02-26 17:00:00+00:00,0.2841,0.2863,0.2828,0.2836,3784909.71955385
2026-02-26 18:00:00+00:00,0.2836,0.28701,0.2822,0.2863,2586402.29901131
2026-02-26 19:00:00+00:00,0.286418,0.29062,0.2863,0.2886,7663905.737877119
2026-02-26 20:00:00+00:00,0.2884,0.2897,0.2843,0.2851,6813878.150586406
2026-02-26 21:00:00+00:00,0.285,0.28649,0.2841,0.2856,2845819.5968155
2026-02-26 22:00:00+00:00,0.2856,0.28783,0.2852,0.2873,1609541.4361323204
2026-02-26 23:00:00+00:00,0.287332,0.2883,0.286149,0.286949,1210765.39563945
2026-02-27 00:00:00+00:00,0.287,0.28742,0.2849,0.2862,1814656.97805234
2026-02-27 01:00:00+00:00,0.2863,0.2882,0.2853,0.2877,1324216.5580194204
2026-02-27 02:00:00+00:00,0.287729,0.28906,0.2869,0.2871,1161890.7678512204
2026-02-27 03:00:00+00:00,0.287119,0.29126,0.2866,0.2902,1899517.50942783
2026-02-27 04:00:00+00:00,0.2902,0.29499,0.2901,0.2934,3588388.475051031
2026-02-27 05:00:00+00:00,0.293511,0.296345,0.2933,0.29489,2338807.3920626
2026-02-27 06:00:00+00:00,0.294942,0.295107,0.2909,0.292428,2253118.1113544307
2026-02-27 07:00:00+00:00,0.2924,0.2925,0.2894,0.2904,1222718.2887713904
2026-02-27 08:00:00+00:00,0.2903,0.29252,0.2903,0.29237,596870.20614453
2026-02-27 09:00:00+00:00,0.292369,0.29398,0.2896,0.2906,1331500.3606811897
2026-02-27 10:00:00+00:00,0.2905,0.29143,0.2854,0.2862,2878228.89390756
2026-02-27 11:00:00+00:00,0.2861,0.287,0.281392,0.2819,3530544.117341119
2026-02-27 12:00:00+00:00,0.281909,0.2843,0.2807,0.2836,2980377.7038303595
2026-02-27 13:00:00+00:00,0.2835,0.28499,0.2806,0.2839,6443223.113837081
2026-02-27 14:00:00+00:00,0.284003,0.28439,0.2812,0.2818,3298313.49692754
2026-02-27 15:00:00+00:00,0.2815,0.2831,0.279561,0.2808,3730580.1566177816
2026-02-27 16:00:00+00:00,0.2807,0.2807,0.277,0.2776,3098790.8134899708
2026-02-27 17:00:00+00:00,0.2777,0.27838,0.2744,0.278,5061592.08109347
2026-02-27 18:00:00+00:00,0.278,0.27904,0.2768,0.2768,2274276.708524961
2026-02-27 19:00:00+00:00,0.2768,0.27749,0.275,0.2756,1795720.4579089598
2026-02-27 20:00:00+00:00,0.2757,0.278333,0.2753,0.2774,2115143.25512705
2026-02-27 21:00:00+00:00,0.277491,0.27858,0.2753,0.2762,1270671.73934323
2026-02-27 22:00:00+00:00,0.2762,0.27682,0.272584,0.2767,5199138.214750609
2026-02-27 23:00:00+00:00,0.2766,0.27829,0.2763,0.2777,1371935.09710544
2026-02-28 00:00:00+00:00,0.2776,0.27865,0.2768,0.277957,3059728.5905127395
2026-02-28 01:00:00+00:00,0.2779,0.2786,0.277,0.2775,1025253.45132807
2026-02-28 02:00:00+00:00,0.2775,0.27999,0.2768,0.2792,615817.4763120201
2026-02-28 03:00:00+00:00,0.279,0.2791,0.2765,0.277,890797.261318
2026-02-28 04:00:00+00:00,0.2769,0.2776,0.2754,0.2767,645048.0365573503
2026-02-28 05:00:00+00:00,0.276683,0.27729,0.2747,0.275449,1643629.26673263
2026-02-28 06:00:00+00:00,0.2755,0.275515,0.262387,0.2631,18887252.603790805
2026-02-28 07:00:00+00:00,0.263,0.27062,0.2609,0.26517,13892967.878180625
2026-02-28 08:00:00+00:00,0.265109,0.26514,0.2606,0.261,3216536.57985504
2026-02-28 09:00:00+00:00,0.260973,0.262614,0.26,0.2611,3639207.91474857
2026-02-28 10:00:00+00:00,0.261,0.26577,0.25937,0.2634,6335000.777927355
2026-02-28 11:00:00+00:00,0.26333,0.2652,0.2621,0.2627,3793684.94665954
2026-02-28 12:00:00+00:00,0.2626,0.2639,0.2626,0.2635,1975022.06740902
2026-02-28 13:00:00+00:00,0.2635,0.27,0.2627,0.2699,5630386.661953739
2026-02-28 14:00:00+00:00,0.269992,0.27209,0.2658,0.2664,5478293.42572759
2026-02-28 15:00:00+00:00,0.2665,0.2686,0.2654,0.2679,4648838.374408091
2026-02-28 16:00:00+00:00,0.268,0.26932,0.2671,0.2691,1371239.3130464894
2026-02-28 17:00:00+00:00,0.2691,0.26948,0.2663,0.269,2486535.618490181
2026-02-28 18:00:00+00:00,0.269,0.27504,0.2682,0.2741,3708601.579883159
2026-02-28 19:00:00+00:00,0.274,0.2782,0.2718,0.2755,6165083.499257528
2026-02-28 20:00:00+00:00,0.2755,0.28156,0.2744,0.2806,5708232.167081801
2026-02-28 21:00:00+00:00,0.2807,0.281,0.276317,0.2782,4757353.648391419
2026-02-28 22:00:00+00:00,0.2783,0.2844,0.278263,0.2806,4182556.48988625
2026-02-28 23:00:00+00:00,0.2807,0.28223,0.2805,0.2811,1048021.6708828398
2026-03-01 00:00:00+00:00,0.281,0.2834,0.2786,0.2796,2925190.104881529
2026-03-01 01:00:00+00:00,0.2796,0.2878,0.2774,0.2862,5249539.782797881
2026-03-01 02:00:00+00:00,0.28617,0.292208,0.28617,0.29,7934373.437206131
2026-03-01 03:00:00+00:00,0.2901,0.2908,0.286,0.2869,4707764.656371478
2026-03-01 04:00:00+00:00,0.2869,0.28813,0.284,0.2859,2265071.3670626204
2026-03-01 05:00:00+00:00,0.28593,0.287,0.2854,0.2859,943029.7184953504
2026-03-01 06:00:00+00:00,0.285962,0.2861,0.2815,0.2826,3255980.12822015
2026-03-01 07:00:00+00:00,0.2826,0.28367,0.2816,0.282675,611068.5764161001
2026-03-01 08:00:00+00:00,0.2828,0.2835,0.2785,0.2791,2370713.77268785
2026-03-01 09:00:00+00:00,0.279,0.28129,0.2781,0.2788,1698632.615159081
2026-03-01 10:00:00+00:00,0.278634,0.28006,0.2774,0.2786,1625946.26262958
2026-03-01 11:00:00+00:00,0.2786,0.27921,0.2775,0.2781,797417.5716559796
2026-03-01 12:00:00+00:00,0.278,0.2793,0.2759,0.2762,1050471.4786404297
2026-03-01 13:00:00+00:00,0.276153,0.2825,0.2749,0.2806,3038285.4004419004
2026-03-01 14:00:00+00:00,0.2806,0.28371,0.2784,0.2792,3378109.635483949
2026-03-01 15:00:00+00:00,0.2792,0.28268,0.2788,0.2802,4190779.64955314
2026-03-01 16:00:00+00:00,0.2803,0.2821,0.2754,0.2771,2869083.0568653904
2026-03-01 17:00:00+00:00,0.27726,0.2774,0.27336,0.2749,3773568.07513596
2026-03-01 18:00:00+00:00,0.275,0.27929,0.2746,0.2762,2942167.967302441
2026-03-01 19:00:00+00:00,0.2761,0.2761,0.2728,0.2736,3289831.2330099894
2026-03-01 20:00:00+00:00,0.2736,0.27371,0.26907,0.2699,6178369.23354469
2026-03-01 21:00:00+00:00,0.269767,0.2733,0.269764,0.273,3359634.2402966795
2026-03-01 22:00:00+00:00,0.273,0.277,0.2709,0.2717,6126557.928247497
2026-03-01 23:00:00+00:00,0.2718,0.2756,0.2713,0.2735,2145803.0673776097
2026-03-02 00:00:00+00:00,0.273554,0.277123,0.272,0.2764,2374385.98223526
2026-03-02 01:00:00+00:00,0.2765,0.2806,0.2762,0.2767,2582968.21392879
2026-03-02 02:00:00+00:00,0.2768,0.27782,0.274,0.2758,1611000.46182034
2026-03-02 03:00:00+00:00,0.275805,0.278,0.2742,0.2771,2566726.280493001
2026-03-02 04:00:00+00:00,0.2771,0.2779,0.2757,0.2761,1664172.9036247802
2026-03-02 05:00:00+00:00,0.276133,0.2765,0.2743,0.2749,1530709.1225567202
2026-03-02 06:00:00+00:00,0.274981,0.275,0.2708,0.2719,2873193.8933837987
2026-03-02 07:00:00+00:00,0.2718,0.272056,0.2691,0.2707,1063706.9751692202
2026-03-02 08:00:00+00:00,0.2708,0.2726,0.267848,0.2721,2760247.05201942
2026-03-02 09:00:00+00:00,0.272197,0.2745,0.2717,0.2718,1701885.1098038503
2026-03-02 10:00:00+00:00,0.2717,0.2724,0.2709,0.271596,938480.67766447
2026-03-02 11:00:00+00:00,0.2716,0.2729,0.2706,0.272,1795441.151169859
2026-03-02 12:00:00+00:00,0.272,0.2723,0.2707,0.2709,1137532.1394596505
2026-03-02 13:00:00+00:00,0.2708,0.2722,0.2697,0.2701,2771840.776232089
2026-03-02 14:00:00+00:00,0.2701,0.27835,0.2695,0.2771,5782201.09564797
2026-03-02 15:00:00+00:00,0.277,0.2868,0.2766,0.2844,8257183.725354062
2026-03-02 16:00:00+00:00,0.284189,0.28863,0.2831,0.284506,7399321.478623933
2026-03-02 17:00:00+00:00,0.2848,0.28503,0.2782,0.282,4788984.309339111
2026-03-02 18:00:00+00:00,0.282,0.2825,0.27935,0.2806,4694431.634174521
2026-03-02 19:00:00+00:00,0.2806,0.281295,0.2787,0.2805,5374674.948326743
2026-03-02 20:00:00+00:00,0.2805,0.28248,0.278623,0.2794,2493492.8206584803
2026-03-02 21:00:00+00:00,0.2796,0.280046,0.278,0.2796,1879852.0638714
2026-03-02 22:00:00+00:00,0.2797,0.2816,0.2794,0.2806,1604226.8542588395
2026-03-02 23:00:00+00:00,0.280675,0.2808,0.2758,0.277,5881961.464146412
2026-03-03 00:00:00+00:00,0.277,0.277101,0.2741,0.2761,3236407.8960449384
2026-03-03 01:00:00+00:00,0.2761,0.2766,0.2739,0.274414,2657625.27816038
2026-03-03 02:00:00+00:00,0.2743,0.27471,0.272201,0.273862,2142889.14148135
2026-03-03 03:00:00+00:00,0.2737,0.2745,0.2716,0.2734,1122691.18200841
2026-03-03 04:00:00+00:00,0.2735,0.27383,0.2711,0.2715,2621216.7234634706
2026-03-03 05:00:00+00:00,0.271455,0.274,0.269736,0.2708,2583222.45057576
2026-03-03 06:00:00+00:00,0.2708,0.2711,0.2685,0.2693,2207239.1713595605
2026-03-03 07:00:00+00:00,0.2692,0.2705,0.2679,0.2688,3072522.92225824
2026-03-03 08:00:00+00:00,0.268747,0.2701,0.2658,0.266,2977443.9099510307
2026-03-03 09:00:00+00:00,0.2659,0.2671,0.264,0.2649,2757072.5150355804
2026-03-03 10:00:00+00:00,0.2649,0.2658,0.263797,0.2652,2705396.6789688896
2026-03-03 11:00:00+00:00,0.2651,0.265377,0.26267,0.2648,2034862.24298798
2026-03-03 12:00:00+00:00,0.2647,0.2673,0.264,0.2653,1565594.24217766
2026-03-03 13:00:00+00:00,0.2653,0.2653,0.263,0.2637,1420743.9871897895
2026-03-03 14:00:00+00:00,0.2636,0.26714,0.261,0.2628,7637688.642674468
2026-03-03 15:00:00+00:00,0.2628,0.26645,0.2615,0.2652,5493154.59142068
2026-03-03 16:00:00+00:00,0.2652,0.2722,0.2644,0.2681,7053305.157192929
2026-03-03 17:00:00+00:00,0.2685,0.2687,0.2647,0.2678,2709785.084237949
2026-03-03 18:00:00+00:00,0.2679,0.26973,0.2656,0.2671,3660861.25555382
2026-03-03 19:00:00+00:00,0.2672,0.26738,0.2628,0.2637,3956782.29312589
2026-03-03 20:00:00+00:00,0.263596,0.2641,0.260754,0.2617,3671421.7261093697
2026-03-03 21:00:00+00:00,0.2617,0.2624,0.260439,0.262,1842236.5168176407
2026-03-03 22:00:00+00:00,0.26206,0.2649,0.261848,0.2631,3543924.264570051
2026-03-03 23:00:00+00:00,0.263051,0.2646,0.262146,0.2626,2913515.71587385
2026-03-04 00:00:00+00:00,0.2625,0.2638,0.26111,0.2624,4080189.395009208
2026-03-04 01:00:00+00:00,0.2624,0.266332,0.2615,0.2639,3981356.392552498
2026-03-04 02:00:00+00:00,0.264,0.2647,0.2623,0.2642,1590544.26004885
2026-03-04 03:00:00+00:00,0.2641,0.2651,0.2609,0.2628,2736783.0998509293
2026-03-04 04:00:00+00:00,0.2627,0.2635,0.25853,0.2609,4529351.666371785
2026-03-04 05:00:00+00:00,0.260895,0.2621,0.2584,0.26089,3123518.212608598
2026-03-04 06:00:00+00:00,0.260897,0.2623,0.259493,0.2613,1898041.74815394
2026-03-04 07:00:00+00:00,0.261275,0.2657,0.2604,0.2651,2823112.80842276
2026-03-04 08:00:00+00:00,0.265045,0.2727,0.263755,0.2718,5996332.311805178
2026-03-04 09:00:00+00:00,0.2719,0.2744,0.2703,0.2726,7430656.891686181
2026-03-04 10:00:00+00:00,0.2727,0.2742,0.2695,0.27,5936747.07853784
2026-03-04 11:00:00+00:00,0.27,0.2711,0.26779,0.2689,2292386.0097388104
2026-03-04 12:00:00+00:00,0.2688,0.2694,0.2658,0.2692,2653143.0460956297
2026-03-04 13:00:00+00:00,0.2691,0.2725,0.269,0.2723,2803370.856287471
2026-03-04 14:00:00+00:00,0.2722,0.27855,0.2719,0.2729,15953141.42715276
2026-03-04 15:00:00+00:00,0.273,0.2814,0.2729,0.281089,13168600.271283371
2026-03-04 16:00:00+00:00,0.281,0.2845,0.277085,0.2805,6592804.7838451015
2026-03-04 17:00:00+00:00,0.2805,0.282855,0.27813,0.280759,8381684.159327342
2026-03-04 18:00:00+00:00,0.2809,0.281872,0.2784,0.2817,6267437.763279851
2026-03-04 19:00:00+00:00,0.2817,0.285,0.280693,0.282353,8064410.454823611
2026-03-04 20:00:00+00:00,0.2824,0.283,0.28022,0.2812,3017719.0202732007
2026-03-04 21:00:00+00:00,0.2813,0.2813,0.278564,0.2801,2686642.0249774493
2026-03-04 22:00:00+00:00,0.280216,0.282,0.2754,0.276,3568297.277427221
2026-03-04 23:00:00+00:00,0.276129,0.2768,0.2738,0.2763,2805918.8916927106
2026-03-05 00:00:00+00:00,0.276321,0.2764,0.2728,0.2743,2489642.1791747403
2026-03-05 01:00:00+00:00,0.2742,0.2768,0.272899,0.273234,1690868.6841938598
2026-03-05 02:00:00+00:00,0.2732,0.2759,0.2726,0.2739,1878155.89558566
2026-03-05 03:00:00+00:00,0.274002,0.2749,0.2733,0.2741,1984510.67339335
2026-03-05 04:00:00+00:00,0.2742,0.2763,0.274,0.275439,2505547.717612901
2026-03-05 05:00:00+00:00,0.275452,0.2765,0.2729,0.2733,2014997.3349592893
2026-03-05 06:00:00+00:00,0.2733,0.2745,0.2713,0.2743,1473733.6803852103
2026-03-05 07:00:00+00:00,0.274387,0.2748,0.27084,0.272184,1477313.6677106505
2026-03-05 08:00:00+00:00,0.2723,0.27273,0.27027,0.2718,1324408.6236180095
2026-03-05 09:00:00+00:00,0.2719,0.2743,0.2715,0.273403,1617941.6973567903
2026-03-05 10:00:00+00:00,0.27324,0.27771,0.2725,0.2767,1719821.93809846
2026-03-05 11:00:00+00:00,0.2769,0.2772,0.27291,0.2742,1996860.4016317304
2026-03-05 12:00:00+00:00,0.2742,0.2781,0.2733,0.2776,3288049.1976849805
2026-03-05 13:00:00+00:00,0.2776,0.2778,0.273221,0.274775,2613331.589289049
2026-03-05 14:00:00+00:00,0.274734,0.277,0.2732,0.2757,4827752.294620872
2026-03-05 15:00:00+00:00,0.276,0.2761,0.26954,0.2712,5381836.035699139
2026-03-05 16:00:00+00:00,0.2712,0.2712,0.264071,0.2689,11652262.825414576
2026-03-05 17:00:00+00:00,0.269,0.2705,0.2661,0.2667,2840395.70952215
2026-03-05 18:00:00+00:00,0.2666,0.2689,0.2662,0.2687,1625388.1756791703
2026-03-05 19:00:00+00:00,0.26858,0.272,0.26858,0.2694,2436004.0574550205
2026-03-05 20:00:00+00:00,0.2694,0.272001,0.2686,0.2711,1778170.3549322006
2026-03-05 21:00:00+00:00,0.2712,0.2718,0.268558,0.2691,1856474.4366078896
2026-03-05 22:00:00+00:00,0.2692,0.27,0.26774,0.2691,1099438.14153936
2026-03-05 23:00:00+00:00,0.2691,0.269913,0.268774,0.2693,1035762.45652059
2026-03-06 00:00:00+00:00,0.269175,0.2695,0.268,0.268308,1136171.8304092295
2026-03-06 01:00:00+00:00,0.2684,0.2712,0.267,0.2706,2059213.4751829093
2026-03-06 02:00:00+00:00,0.2709,0.2715,0.2698,0.2701,1323900.3948986898
2026-03-06 03:00:00+00:00,0.270169,0.2708,0.2693,0.2707,737715.3300729597
2026-03-06 04:00:00+00:00,0.2706,0.2708,0.2674,0.2689,723060.3404434298
2026-03-06 05:00:00+00:00,0.268915,0.2697,0.26715,0.2686,872775.2808125601
2026-03-06 06:00:00+00:00,0.2685,0.2697,0.2682,0.26836,587013.0016677001
2026-03-06 07:00:00+00:00,0.2686,0.271904,0.2684,0.2715,968846.7082216798
2026-03-06 08:00:00+00:00,0.271642,0.271642,0.2685,0.268927,535236.2895303201
2026-03-06 09:00:00+00:00,0.269085,0.269103,0.26574,0.2671,2091137.93048796
2026-03-06 10:00:00+00:00,0.267,0.269,0.2669,0.2679,1078708.8082690297
2026-03-06 11:00:00+00:00,0.2678,0.2681,0.266,0.2664,1485276.7970022005
2026-03-06 12:00:00+00:00,0.26635,0.2671,0.264475,0.2665,1809056.5018779107
2026-03-06 13:00:00+00:00,0.2666,0.2692,0.26384,0.2642,7564511.664024548
2026-03-06 14:00:00+00:00,0.264204,0.264237,0.257593,0.2587,10147106.309924245
2026-03-06 15:00:00+00:00,0.2586,0.25993,0.2558,0.2568,8747601.342090514
2026-03-06 16:00:00+00:00,0.2568,0.2594,0.2559,0.2573,3892323.9464010526
2026-03-06 17:00:00+00:00,0.257288,0.25862,0.2555,0.257158,7167356.01978911
2026-03-06 18:00:00+00:00,0.257,0.259328,0.2569,0.2588,2001054.7553233
2026-03-06 19:00:00+00:00,0.2588,0.2605,0.2584,0.2584,4401586.09329963
2026-03-06 20:00:00+00:00,0.2585,0.258783,0.2572,0.2582,4525197.41003683
2026-03-06 21:00:00+00:00,0.2582,0.259484,0.2579,0.2594,2019655.41577072
2026-03-06 22:00:00+00:00,0.2594,0.26019,0.259,0.2598,1127902.6499742
2026-03-06 23:00:00+00:00,0.259911,0.259911,0.2588,0.259,765816.4705752402
2026-03-07 00:00:00+00:00,0.259,0.26,0.259,0.2594,1121308.72668606
2026-03-07 01:00:00+00:00,0.259548,0.260267,0.2592,0.2592,747759.49645288
2026-03-07 02:00:00+00:00,0.2592,0.2597,0.258589,0.2595,944202.0229387102
2026-03-07 03:00:00+00:00,0.2596,0.261029,0.2586,0.258833,1235737.4422280593
2026-03-07 04:00:00+00:00,0.2587,0.25907,0.2569,0.2587,911268.8601702398
2026-03-07 05:00:00+00:00,0.258636,0.259221,0.2585,0.259,691588.38226646
2026-03-07 06:00:00+00:00,0.259,0.259,0.25759,0.258,1048443.0220191496
2026-03-07 07:00:00+00:00,0.258,0.25857,0.2571,0.2583,529124.4867301501
2026-03-07 08:00:00+00:00,0.258365,0.2591,0.2579,0.2579,515597.6744067799
2026-03-07 09:00:00+00:00,0.258,0.2587,0.25731,0.2583,317285.40745088004
2026-03-07 10:00:00+00:00,0.2584,0.25852,0.257581,0.2578,871102.0635373497
2026-03-07 11:00:00+00:00,0.257886,0.2594,0.2575,0.2588,817050.59791061
2026-03-07 12:00:00+00:00,0.258917,0.259,0.2572,0.2574,665511.0969754099
2026-03-07 13:00:00+00:00,0.2575,0.2586,0.2573,0.2579,1428885.42585377
2026-03-07 14:00:00+00:00,0.257991,0.258,0.25176,0.2557,13072364.335910749
2026-03-07 15:00:00+00:00,0.2557,0.2562,0.2541,0.255,1651561.87594447
2026-03-07 16:00:00+00:00,0.255061,0.256014,0.2547,0.2556,1133345.0893866098
2026-03-07 17:00:00+00:00,0.2555,0.2574,0.2555,0.257,1142483.05856236
2026-03-07 18:00:00+00:00,0.2567,0.257,0.25396,0.255518,3013543.49324276
2026-03-07 19:00:00+00:00,0.255571,0.2557,0.25341,0.2543,1858104.58327921
2026-03-07 20:00:00+00:00,0.2543,0.2555,0.2543,0.2551,848416.4175337899
2026-03-07 21:00:00+00:00,0.255095,0.25589,0.25447,0.2555,1573176.07114903
2026-03-07 22:00:00+00:00,0.2555,0.25565,0.25271,0.2538,1264104.37009749
2026-03-07 23:00:00+00:00,0.2538,0.255,0.2537,0.254505,979722.9971548102
2026-03-08 00:00:00+00:00,0.2545,0.2549,0.25334,0.2539,1082134.98341377
2026-03-08 01:00:00+00:00,0.2538,0.25489,0.25312,0.254451,915466.03703803
2026-03-08 02:00:00+00:00,0.254451,0.2546,0.2507,0.252,2244032.7795991
2026-03-08 03:00:00+00:00,0.252,0.253,0.2516,0.2521,1150113.84938188
2026-03-08 04:00:00+00:00,0.252083,0.2527,0.2497,0.2505,3763590.527965409
2026-03-08 05:00:00+00:00,0.250496,0.252902,0.250496,0.2522,831334.34143288
2026-03-08 06:00:00+00:00,0.2521,0.252206,0.2509,0.25183,686239.4348506402
2026-03-08 07:00:00+00:00,0.251877,0.2535,0.251877,0.2524,658108.7930686901
2026-03-08 08:00:00+00:00,0.252509,0.2528,0.250983,0.2525,672593.9757335
2026-03-08 09:00:00+00:00,0.2524,0.25439,0.2522,0.2542,1184183.8323840906
2026-03-08 10:00:00+00:00,0.2542,0.257313,0.2541,0.2562,1703582.5197828491
2026-03-08 11:00:00+00:00,0.2562,0.256255,0.253709,0.2548,1005405.26472778
2026-03-08 12:00:00+00:00,0.2548,0.2553,0.252,0.2542,1168395.68630975
2026-03-08 13:00:00+00:00,0.254199,0.2543,0.25047,0.252,2822354.1424610005
2026-03-08 14:00:00+00:00,0.2519,0.2527,0.2505,0.2514,1374893.2214798103
2026-03-08 15:00:00+00:00,0.2514,0.251432,0.24788,0.2498,5527111.551999858
2026-03-08 16:00:00+00:00,0.2498,0.25007,0.24834,0.249627,1782106.8179942505
2026-03-08 17:00:00+00:00,0.249742,0.25147,0.249742,0.25034,1350394.1954940492
2026-03-08 18:00:00+00:00,0.2506,0.2506,0.2491,0.2504,673875.61295282
2026-03-08 19:00:00+00:00,0.2504,0.2543,0.25014,0.2532,2347306.00885928
2026-03-08 20:00:00+00:00,0.2533,0.2547,0.252,0.253,3632248.20667772
2026-03-08 21:00:00+00:00,0.2532,0.2534,0.2508,0.2522,1636628.25491221
2026-03-08 22:00:00+00:00,0.2521,0.2523,0.245845,0.2507,11218782.949084137
2026-03-08 23:00:00+00:00,0.2507,0.2516,0.2487,0.2493,2137883.7747471603
2026-03-09 00:00:00+00:00,0.2492,0.253611,0.24876,0.2514,3311335.75019965
2026-03-09 01:00:00+00:00,0.2514,0.2526,0.2498,0.2498,2867444.4383988194
2026-03-09 02:00:00+00:00,0.2499,0.2525,0.24888,0.2516,2468480.47313842
2026-03-09 03:00:00+00:00,0.251623,0.2567,0.2513,0.2537,6099232.19377884
2026-03-09 04:00:00+00:00,0.2537,0.2555,0.253185,0.2532,1205929.12632465
2026-03-09 05:00:00+00:00,0.253271,0.2594,0.2527,0.2577,4870338.126587508
2026-03-09 06:00:00+00:00,0.2578,0.2579,0.255026,0.2553,1227889.2904959803
2026-03-09 07:00:00+00:00,0.2554,0.25553,0.2526,0.2549,2403136.571238579
2026-03-09 08:00:00+00:00,0.255,0.2573,0.2547,0.2562,2061395.95579018
2026-03-09 09:00:00+00:00,0.25626,0.258744,0.2546,0.2562,2163895.96484062
2026-03-09 10:00:00+00:00,0.2564,0.2566,0.25469,0.2551,911512.5496737296
2026-03-09 11:00:00+00:00,0.255081,0.255607,0.2533,0.255,971315.5854449098
2026-03-09 12:00:00+00:00,0.255011,0.2569,0.2542,0.2557,2478244.80869655
2026-03-09 13:00:00+00:00,0.255763,0.2599,0.2553,0.2585,4801408.024955491
2026-03-09 14:00:00+00:00,0.2585,0.2601,0.2567,0.2579,4072222.44060542
2026-03-09 15:00:00+00:00,0.258,0.25821,0.2547,0.2559,2405852.2062434503
2026-03-09 16:00:00+00:00,0.2559,0.2578,0.2554,0.256935,2197339.66470374
2026-03-09 17:00:00+00:00,0.2569,0.258,0.2556,0.256542,1790188.8224390403
2026-03-09 18:00:00+00:00,0.256557,0.2577,0.2551,0.2561,1175224.7062227298
2026-03-09 19:00:00+00:00,0.2563,0.2667,0.2552,0.2596,9045505.885305692
2026-03-09 20:00:00+00:00,0.2596,0.2602,0.257176,0.2587,4152675.14850103
2026-03-09 21:00:00+00:00,0.2586,0.25976,0.257629,0.2586,1122100.3856277298
2026-03-09 22:00:00+00:00,0.2586,0.2589,0.2548,0.255237,3533866.920483909
2026-03-09 23:00:00+00:00,0.255237,0.2562,0.25476,0.2553,1212591.8883292093
2026-03-10 00:00:00+00:00,0.25524,0.2589,0.255025,0.25771,1311605.9195930902
2026-03-10 01:00:00+00:00,0.2577,0.25908,0.25644,0.2582,1020752.31350213
2026-03-10 02:00:00+00:00,0.2583,0.2636,0.2573,0.2621,3074912.9814555
2026-03-10 03:00:00+00:00,0.2621,0.262931,0.2582,0.2587,3412821.429478299
2026-03-10 04:00:00+00:00,0.258821,0.26179,0.2588,0.2606,1203640.9350045102
2026-03-10 05:00:00+00:00,0.260583,0.2619,0.2596,0.2599,1088389.7307762098
2026-03-10 06:00:00+00:00,0.2599,0.25996,0.258281,0.2595,1014626.89647409
2026-03-10 07:00:00+00:00,0.2594,0.2612,0.258694,0.260267,1461206.84855289
2026-03-10 08:00:00+00:00,0.2605,0.2632,0.2603,0.2617,1130279.6486300996
2026-03-10 09:00:00+00:00,0.2618,0.2677,0.261769,0.267149,4747370.09596508
2026-03-10 10:00:00+00:00,0.267,0.26862,0.2653,0.2671,1535594.4573051503
2026-03-10 11:00:00+00:00,0.267,0.2672,0.2641,0.264273,5630098.944054821
2026-03-10 12:00:00+00:00,0.2643,0.26473,0.2626,0.2642,5693061.480175001
2026-03-10 13:00:00+00:00,0.264114,0.267,0.2616,0.264,4573444.932088389
2026-03-10 14:00:00+00:00,0.2639,0.2726,0.26101,0.272,6738732.231015481
2026-03-10 15:00:00+00:00,0.2721,0.2738,0.2686,0.2713,5792546.922099387
2026-03-10 16:00:00+00:00,0.2713,0.27436,0.2695,0.27226,4693442.181051749
2026-03-10 17:00:00+00:00,0.2722,0.2727,0.2678,0.2691,5155728.802282238
2026-03-10 18:00:00+00:00,0.269134,0.26917,0.263219,0.2638,5857072.169787858
2026-03-10 19:00:00+00:00,0.2637,0.26492,0.26208,0.2625,2137184.74965644
2026-03-10 20:00:00+00:00,0.2625,0.2639,0.2624,0.2633,2226865.614342159
2026-03-10 21:00:00+00:00,0.2634,0.2644,0.2604,0.261533,3279647.55290164
2026-03-10 22:00:00+00:00,0.2617,0.2626,0.26048,0.2611,698663.7244556397
2026-03-10 23:00:00+00:00,0.261197,0.2625,0.2611,0.2621,1684152.2047971506
2026-03-11 00:00:00+00:00,0.262048,0.262657,0.26031,0.262,1801313.6262755
2026-03-11 01:00:00+00:00,0.26209,0.2623,0.260155,0.260957,1155572.83583278
2026-03-11 02:00:00+00:00,0.260975,0.2611,0.2587,0.2602,1990741.7924565305
2026-03-11 03:00:00+00:00,0.2603,0.260935,0.259,0.259752,1216127.4014587102
2026-03-11 04:00:00+00:00,0.2598,0.2624,0.2593,0.2621,1992033.69157696
2026-03-11 05:00:00+00:00,0.262089,0.2622,0.257229,0.2584,1787592.9458576993
2026-03-11 06:00:00+00:00,0.258368,0.2597,0.2582,0.2587,1539800.4170894905
2026-03-11 07:00:00+00:00,0.258662,0.2595,0.256666,0.2575,1312291.2129207302
2026-03-11 08:00:00+00:00,0.2575,0.2585,0.2572,0.2582,1290962.3695081798
2026-03-11 09:00:00+00:00,0.2581,0.25875,0.2571,0.2573,670182.8909495999
2026-03-11 10:00:00+00:00,0.2575,0.2599,0.2572,0.259434,1723139.2981867702
2026-03-11 11:00:00+00:00,0.2594,0.2601,0.2584,0.2588,1331539.7303107104
2026-03-11 12:00:00+00:00,0.258699,0.263732,0.258099,0.2613,3569465.730349818
2026-03-11 13:00:00+00:00,0.2613,0.2679,0.26097,0.263,6211251.057355082
2026-03-11 14:00:00+00:00,0.263073,0.266,0.263,0.2638,3571724.27384142
2026-03-11 15:00:00+00:00,0.2638,0.264172,0.2594,0.2625,3189632.61122467
2026-03-11 16:00:00+00:00,0.2626,0.2644,0.2619,0.2636,3305359.4262353107
2026-03-11 17:00:00+00:00,0.2637,0.2664,0.2625,0.265,2645045.93908721
2026-03-11 18:00:00+00:00,0.265,0.2667,0.2648,0.2664,2168324.2780013
2026-03-11 19:00:00+00:00,0.2664,0.2669,0.265,0.2652,1259898.2806121204
2026-03-11 20:00:00+00:00,0.2652,0.2653,0.2632,0.2642,2081780.73506672
2026-03-11 21:00:00+00:00,0.2642,0.2653,0.2636,0.265,1193619.26932814
2026-03-11 22:00:00+00:00,0.264988,0.2662,0.263,0.2639,2124588.746557419
2026-03-11 23:00:00+00:00,0.263928,0.26461,0.261761,0.2626,1811499.6159915205
2026-03-12 00:00:00+00:00,0.262676,0.2631,0.2615,0.262235,1128743.25083196
2026-03-12 01:00:00+00:00,0.2622,0.262223,0.26035,0.2608,1326485.76182915
2026-03-12 02:00:00+00:00,0.2609,0.26133,0.25886,0.259,2149556.3129725894
2026-03-12 03:00:00+00:00,0.259,0.260315,0.2586,0.259,1300193.07185092
2026-03-12 04:00:00+00:00,0.259,0.2599,0.2586,0.2589,818927.38152979
2026-03-12 05:00:00+00:00,0.258728,0.2594,0.258,0.2591,1264503.15372243
2026-03-12 06:00:00+00:00,0.2591,0.2596,0.258587,0.2593,1138995.10491261
2026-03-12 07:00:00+00:00,0.2593,0.2611,0.2588,0.2607,1369299.68811248
2026-03-12 08:00:00+00:00,0.2607,0.2624,0.2603,0.261,1314437.7042393498
2026-03-12 09:00:00+00:00,0.26114,0.2634,0.25997,0.2617,924542.90472017
2026-03-12 10:00:00+00:00,0.2617,0.2639,0.2614,0.2632,969445.3901398396
2026-03-12 11:00:00+00:00,0.2631,0.2634,0.2616,0.2621,977787.1355944398
2026-03-12 12:00:00+00:00,0.2622,0.26421,0.261206,0.2633,2694447.36373264
2026-03-12 13:00:00+00:00,0.263143,0.2641,0.2604,0.2616,2873492.6320328102
2026-03-12 14:00:00+00:00,0.2617,0.2637,0.2584,0.26,3769312.752827781
2026-03-12 15:00:00+00:00,0.2599,0.2632,0.2592,0.2621,2261072.44469991
2026-03-12 16:00:00+00:00,0.2621,0.26368,0.2603,0.2632,2017714.4774758408
2026-03-12 17:00:00+00:00,0.2632,0.2634,0.2617,0.2625,812337.9113850499
2026-03-12 18:00:00+00:00,0.262529,0.2627,0.260856,0.2609,1560695.9277646302
2026-03-12 19:00:00+00:00,0.261,0.2633,0.260298,0.2631,1512700.8922424205
2026-03-12 20:00:00+00:00,0.263066,0.26373,0.2616,0.2618,893556.0924170802
2026-03-12 21:00:00+00:00,0.2618,0.263558,0.2618,0.2633,513452.49830358993
2026-03-12 22:00:00+00:00,0.2632,0.26372,0.2624,0.2633,1150864.15452858
2026-03-12 23:00:00+00:00,0.263313,0.2658,0.262588,0.26347,5862153.175539647
2026-03-13 00:00:00+00:00,0.2634,0.2729,0.26289,0.2694,7037681.217367589
2026-03-13 01:00:00+00:00,0.2693,0.2724,0.2692,0.272,2553134.5850034403
2026-03-13 02:00:00+00:00,0.272,0.2723,0.269199,0.2699,2766064.75000529
2026-03-13 03:00:00+00:00,0.2699,0.2723,0.268981,0.2716,1674366.79240035
2026-03-13 04:00:00+00:00,0.271588,0.2736,0.2701,0.271587,2052631.49306163
2026-03-13 05:00:00+00:00,0.27167,0.2757,0.2707,0.274,3371048.325734089
2026-03-13 06:00:00+00:00,0.274,0.2745,0.27156,0.2723,1579083.479426999
2026-03-13 07:00:00+00:00,0.2722,0.2734,0.271231,0.2717,1260204.43681716
2026-03-13 08:00:00+00:00,0.2716,0.2757,0.2709,0.2722,2095545.82247287
2026-03-13 09:00:00+00:00,0.272263,0.2747,0.271306,0.2744,1264355.0221240893
2026-03-13 10:00:00+00:00,0.2744,0.2758,0.2742,0.27477,2624232.130982279
2026-03-13 11:00:00+00:00,0.274965,0.2751,0.273296,0.2744,2093629.82920878
2026-03-13 12:00:00+00:00,0.274461,0.280409,0.2744,0.27843,6597383.391648979
2026-03-13 13:00:00+00:00,0.2785,0.2815,0.2774,0.2791,6948148.077149579
2026-03-13 14:00:00+00:00,0.2791,0.2805,0.2727,0.2735,7211119.922692548
2026-03-13 15:00:00+00:00,0.2736,0.275056,0.270536,0.271619,3532524.4219635404
2026-03-13 16:00:00+00:00,0.2716,0.273002,0.2706,0.272,2624403.266056291
2026-03-13 17:00:00+00:00,0.272,0.2722,0.26635,0.2673,3095419.5380308502
2026-03-13 18:00:00+00:00,0.2673,0.2681,0.2661,0.266579,1950612.7308823888
2026-03-13 19:00:00+00:00,0.2665,0.2678,0.26619,0.2673,1832306.6365581304
2026-03-13 20:00:00+00:00,0.2672,0.268109,0.26634,0.2677,2077557.9196296704
2026-03-13 21:00:00+00:00,0.2677,0.269,0.26643,0.266952,1436753.1010895304
2026-03-13 22:00:00+00:00,0.267,0.2671,0.26352,0.2651,2415693.2204406
2026-03-13 23:00:00+00:00,0.265162,0.266,0.26467,0.2657,1100050.38095734
2026-03-14 00:00:00+00:00,0.2656,0.265602,0.26336,0.2642,1195304.7611817503
2026-03-14 01:00:00+00:00,0.264,0.2654,0.2631,0.265,916495.5848774798
2026-03-14 02:00:00+00:00,0.2649,0.2662,0.26379,0.26468,3263511.124091349
2026-03-14 03:00:00+00:00,0.2648,0.2662,0.26453,0.2654,988473.3588483802
2026-03-14 04:00:00+00:00,0.2654,0.2667,0.2648,0.265314,937901.6735497096
2026-03-14 05:00:00+00:00,0.265346,0.2655,0.26308,0.264,601207.2076213099
2026-03-14 06:00:00+00:00,0.2639,0.2639,0.2616,0.2626,1460339.6988048004
2026-03-14 07:00:00+00:00,0.2625,0.2629,0.26118,0.2618,1462503.32680533
2026-03-14 08:00:00+00:00,0.2618,0.262,0.25927,0.2612,2572421.9007957694
2026-03-14 09:00:00+00:00,0.261278,0.2618,0.25982,0.2603,1151874.705765369
2026-03-14 10:00:00+00:00,0.2602,0.2603,0.259449,0.2601,1134127.6354040303
2026-03-14 11:00:00+00:00,0.260001,0.2613,0.2598,0.2611,943345.7831371898
2026-03-14 12:00:00+00:00,0.261,0.2611,0.2601,0.261,552729.7438365201
2026-03-14 13:00:00+00:00,0.2608,0.26214,0.26064,0.2614,807614.24090328
2026-03-14 14:00:00+00:00,0.261333,0.2617,0.2602,0.2604,957388.6082025104
2026-03-14 15:00:00+00:00,0.2604,0.26108,0.26014,0.2608,1681561.6532475203
2026-03-14 16:00:00+00:00,0.2607,0.2617,0.2605,0.261408,1028662.0186233798
2026-03-14 17:00:00+00:00,0.261408,0.261428,0.2597,0.2599,1621959.86114018
2026-03-14 18:00:00+00:00,0.2599,0.2599,0.25844,0.2592,2838205.59339298
2026-03-14 19:00:00+00:00,0.25907,0.2598,0.25876,0.2593,1087039.75761908
2026-03-14 20:00:00+00:00,0.2592,0.2599,0.258901,0.2598,965296.54006158
2026-03-14 21:00:00+00:00,0.2597,0.2607,0.259,0.2603,2867862.791039571
2026-03-14 22:00:00+00:00,0.2604,0.261,0.26,0.2604,1419201.81739151
2026-03-14 23:00:00+00:00,0.260482,0.2641,0.260471,0.26362,3961161.45273039
2026-03-15 00:00:00+00:00,0.263621,0.2642,0.261965,0.2624,2399933.9876222108
2026-03-15 01:00:00+00:00,0.2624,0.2627,0.26133,0.2619,899430.0721323907
2026-03-15 02:00:00+00:00,0.261834,0.2663,0.261834,0.2653,2217390.30652036
2026-03-15 03:00:00+00:00,0.2652,0.266,0.2637,0.265,2511930.2801320003
2026-03-15 04:00:00+00:00,0.264934,0.2668,0.26405,0.2655,3648495.638417691
2026-03-15 05:00:00+00:00,0.265541,0.2674,0.2652,0.26543,1271146.5778726905
2026-03-15 06:00:00+00:00,0.2653,0.2658,0.26309,0.264138,927602.72886058
2026-03-15 07:00:00+00:00,0.2642,0.2657,0.264,0.2648,621236.09128014
2026-03-15 08:00:00+00:00,0.2648,0.266,0.2647,0.2658,908669.3214990498
2026-03-15 09:00:00+00:00,0.2658,0.2665,0.2647,0.2649,1368146.6536589095
2026-03-15 10:00:00+00:00,0.264976,0.2659,0.2647,0.2657,715750.45511838
2026-03-15 11:00:00+00:00,0.2657,0.2662,0.26513,0.2657,741072.32955794
2026-03-15 12:00:00+00:00,0.2658,0.26623,0.26499,0.265844,441462.2297692201
2026-03-15 13:00:00+00:00,0.265857,0.2664,0.2624,0.2644,2402428.4445868204
2026-03-15 14:00:00+00:00,0.2644,0.26489,0.2627,0.26411,1035696.5542738
2026-03-15 15:00:00+00:00,0.2643,0.264888,0.26331,0.2637,1552977.4686632797
2026-03-15 16:00:00+00:00,0.2638,0.264634,0.26242,0.263,890816.61799496
2026-03-15 17:00:00+00:00,0.262873,0.2656,0.2627,0.2647,1039958.67574349
2026-03-15 18:00:00+00:00,0.2647,0.265,0.26205,0.262807,1176458.38301416
2026-03-15 19:00:00+00:00,0.2628,0.2642,0.2627,0.2638,968222.04241175
2026-03-15 20:00:00+00:00,0.2637,0.2654,0.2626,0.2644,1233078.79100465
2026-03-15 21:00:00+00:00,0.2645,0.2675,0.2639,0.2667,2284336.9242856805
2026-03-15 22:00:00+00:00,0.2667,0.2718,0.26475,0.2706,6235250.90431384
2026-03-15 23:00:00+00:00,0.2707,0.272,0.2678,0.2702,3925632.53097497
2026-03-16 00:00:00+00:00,0.270209,0.2727,0.2696,0.2707,2372953.4338634494
2026-03-16 01:00:00+00:00,0.2707,0.2722,0.269,0.271573,2141260.87832124
2026-03-16 02:00:00+00:00,0.2716,0.2722,0.268789,0.27101,1827958.8623987497
2026-03-16 03:00:00+00:00,0.271103,0.2805,0.2704,0.2773,9206464.123757577
2026-03-16 04:00:00+00:00,0.2775,0.28485,0.2775,0.2829,10002144.817515085
2026-03-16 05:00:00+00:00,0.283,0.2894,0.2821,0.2885,9727885.731514562
2026-03-16 06:00:00+00:00,0.288325,0.2915,0.2861,0.29,6032838.778942219
2026-03-16 07:00:00+00:00,0.2898,0.292416,0.28895,0.2899,7087035.14671957
2026-03-16 08:00:00+00:00,0.29,0.2935,0.284352,0.2846,5419723.73530715
2026-03-16 09:00:00+00:00,0.284688,0.2894,0.2845,0.2882,4379572.934487901
2026-03-16 10:00:00+00:00,0.2883,0.288814,0.2854,0.2869,4020978.3296316895
2026-03-16 11:00:00+00:00,0.2869,0.288,0.2842,0.2854,2912114.8337941896
2026-03-16 12:00:00+00:00,0.2854,0.28697,0.28457,0.285053,3848761.404497711
2026-03-16 13:00:00+00:00,0.2849,0.2893,0.2843,0.285434,5512052.5893708505
2026-03-16 14:00:00+00:00,0.285467,0.287649,0.2822,0.2866,5732300.173647711
2026-03-16 15:00:00+00:00,0.2866,0.2875,0.2835,0.2836,4275150.486108518
2026-03-16 16:00:00+00:00,0.2836,0.2876,0.2835,0.2875,3368301.9914602805
2026-03-16 17:00:00+00:00,0.28745,0.2877,0.2847,0.2868,3265811.7668896606
2026-03-16 18:00:00+00:00,0.2868,0.2888,0.2863,0.2867,4596895.484309889
2026-03-16 19:00:00+00:00,0.2867,0.2899,0.2862,0.2882,3244151.77437466
2026-03-16 20:00:00+00:00,0.2883,0.289129,0.2875,0.2879,2544042.3870603894
2026-03-16 21:00:00+00:00,0.2877,0.29077,0.2865,0.2875,5686023.538605061
2026-03-16 22:00:00+00:00,0.287545,0.2917,0.2875,0.2915,5675876.843172888
2026-03-16 23:00:00+00:00,0.291593,0.292,0.28773,0.290322,4030786.647414811
2026-03-17 00:00:00+00:00,0.290433,0.2928,0.2885,0.2902,6562788.626481449
2026-03-17 01:00:00+00:00,0.290403,0.2927,0.289,0.2908,5053486.100321746
2026-03-17 02:00:00+00:00,0.2908,0.2932,0.2893,0.2917,3086374.329993239
2026-03-17 03:00:00+00:00,0.2915,0.2916,0.28391,0.2858,4170722.8259833306
2026-03-17 04:00:00+00:00,0.285819,0.2865,0.28186,0.2844,3498137.4440648584
2026-03-17 05:00:00+00:00,0.28429,0.2853,0.282,0.283233,2036679.8719128307
2026-03-17 06:00:00+00:00,0.2835,0.2853,0.2824,0.2842,1317381.1418577298
2026-03-17 07:00:00+00:00,0.2843,0.288542,0.2842,0.286614,1799776.32853561
2026-03-17 08:00:00+00:00,0.2866,0.288,0.2856,0.2863,1584276.4610622595
2026-03-17 09:00:00+00:00,0.2862,0.288,0.28495,0.2865,2183113.64171592
2026-03-17 10:00:00+00:00,0.2866,0.2868,0.28527,0.2866,2256936.1998683494
2026-03-17 11:00:00+00:00,0.286651,0.288539,0.2865,0.286864,1276500.6915747505
2026-03-17 12:00:00+00:00,0.286912,0.2876,0.283694,0.2845,2103973.4775487697
2026-03-17 13:00:00+00:00,0.2844,0.2876,0.2841,0.2853,2954753.38106602
2026-03-17 14:00:00+00:00,0.2852,0.2885,0.2843,0.28734,2708180.9563779
2026-03-17 15:00:00+00:00,0.2872,0.2897,0.28447,0.2865,3411165.712592271
2026-03-17 16:00:00+00:00,0.286537,0.2888,0.285866,0.2868,1927800.1133676893
2026-03-17 17:00:00+00:00,0.2868,0.28965,0.286673,0.2895,1666466.457964711
2026-03-17 18:00:00+00:00,0.2894,0.2916,0.2894,0.28979,2098190.6735522803
2026-03-17 19:00:00+00:00,0.2902,0.2905,0.288265,0.2886,3518444.3873220803
2026-03-17 20:00:00+00:00,0.288612,0.289717,0.2879,0.2894,1803939.8286842883
2026-03-17 21:00:00+00:00,0.2894,0.29247,0.2894,0.2908,2811921.0340733104
2026-03-17 22:00:00+00:00,0.2909,0.2921,0.28949,0.2916,2150610.4517070903
2026-03-17 23:00:00+00:00,0.291581,0.2919,0.28853,0.289,1063176.2099336097
2026-03-18 00:00:00+00:00,0.289127,0.2898,0.286453,0.2885,2347502.182370639
2026-03-18 01:00:00+00:00,0.2886,0.29,0.2883,0.2887,1276931.7617456298
2026-03-18 02:00:00+00:00,0.2886,0.29195,0.2885,0.2905,1610093.5173655597
2026-03-18 03:00:00+00:00,0.2908,0.2938,0.2902,0.2919,2966797.647895959
2026-03-18 04:00:00+00:00,0.29196,0.2922,0.2903,0.290869,1095810.88448402
2026-03-18 05:00:00+00:00,0.290956,0.29531,0.28958,0.2899,4724235.938648312
2026-03-18 06:00:00+00:00,0.29,0.2915,0.28759,0.2886,1669138.67401587
2026-03-18 07:00:00+00:00,0.2885,0.2888,0.28724,0.2885,2521802.8815213903
2026-03-18 08:00:00+00:00,0.288594,0.29028,0.28847,0.2892,854564.5698676399
2026-03-18 09:00:00+00:00,0.289149,0.2912,0.288785,0.2912,621759.9779049901
2026-03-18 10:00:00+00:00,0.291224,0.2915,0.28787,0.2887,842417.9701903296
2026-03-18 11:00:00+00:00,0.2886,0.2886,0.2787,0.2797,6725021.128839951
2026-03-18 12:00:00+00:00,0.2796,0.28,0.2751,0.2764,5637290.632380492
2026-03-18 13:00:00+00:00,0.2763,0.277739,0.2753,0.2764,2159513.8899356094
2026-03-18 14:00:00+00:00,0.2765,0.2765,0.2707,0.2714,5152176.08959605
2026-03-18 15:00:00+00:00,0.271399,0.272578,0.2697,0.2717,3148315.558313241
2026-03-18 16:00:00+00:00,0.2716,0.2716,0.2698,0.2709,2432238.1874189097
2026-03-18 17:00:00+00:00,0.2709,0.273764,0.27,0.2725,2541286.451888371
2026-03-18 18:00:00+00:00,0.272319,0.275265,0.27104,0.2717,5548691.91305406
2026-03-18 19:00:00+00:00,0.2719,0.2737,0.2719,0.2725,1618071.95391907
2026-03-18 20:00:00+00:00,0.2724,0.2739,0.27029,0.2733,2382578.62002028
2026-03-18 21:00:00+00:00,0.2732,0.2748,0.2732,0.2743,1921888.8882093504
2026-03-18 22:00:00+00:00,0.2743,0.2744,0.273,0.2738,1487768.2815730898
2026-03-18 23:00:00+00:00,0.273814,0.2749,0.2732,0.2742,1525942.9019242
2026-03-19 00:00:00+00:00,0.274269,0.2746,0.27276,0.2731,1065222.2253947598
2026-03-19 01:00:00+00:00,0.273111,0.274,0.2725,0.2734,682407.5146615199
2026-03-19 02:00:00+00:00,0.2733,0.2733,0.27125,0.27211,1262846.3359843208
2026-03-19 03:00:00+00:00,0.2722,0.2767,0.2722,0.2747,1838194.0081412303
2026-03-19 04:00:00+00:00,0.2746,0.27494,0.2723,0.2725,1199778.3031227505
2026-03-19 05:00:00+00:00,0.272572,0.2729,0.27088,0.2715,1149721.8028652002
2026-03-19 06:00:00+00:00,0.2714,0.2723,0.27001,0.2714,2372885.1324579013
2026-03-19 07:00:00+00:00,0.2713,0.27153,0.26613,0.2686,4715210.406293523
2026-03-19 08:00:00+00:00,0.2685,0.2695,0.26744,0.2683,1510535.1329479096
2026-03-19 09:00:00+00:00,0.2684,0.271813,0.26814,0.271577,2829645.756392672
2026-03-19 10:00:00+00:00,0.2717,0.2721,0.2696,0.2697,1384005.3200220205
2026-03-19 11:00:00+00:00,0.26969,0.27012,0.268511,0.26876,1197474.9847535398
2026-03-19 12:00:00+00:00,0.2688,0.2688,0.2645,0.26495,3513591.865193913
2026-03-19 13:00:00+00:00,0.265,0.2673,0.2631,0.2666,4725287.625749764
2026-03-19 14:00:00+00:00,0.2667,0.2677,0.264,0.2661,2536532.7941265893
2026-03-19 15:00:00+00:00,0.266,0.2673,0.2633,0.26572,3310555.204729
2026-03-19 16:00:00+00:00,0.2656,0.2656,0.263682,0.2644,3376403.652924343
2026-03-19 17:00:00+00:00,0.2644,0.266,0.262354,0.265588,2912598.431834571
2026-03-19 18:00:00+00:00,0.2656,0.265796,0.26456,0.2656,1450460.2146428798
2026-03-19 19:00:00+00:00,0.2655,0.2692,0.2655,0.2675,4850147.68317632
2026-03-19 20:00:00+00:00,0.2674,0.26891,0.267,0.268,1764717.5195169412
2026-03-19 21:00:00+00:00,0.2679,0.2686,0.2667,0.2676,2814697.08490539
2026-03-19 22:00:00+00:00,0.2676,0.26773,0.26552,0.26677,1431389.61511571
2026-03-19 23:00:00+00:00,0.2667,0.2678,0.266283,0.2674,1766435.47239186
2026-03-20 00:00:00+00:00,0.267565,0.2697,0.2674,0.2696,1768845.5319541902
2026-03-20 01:00:00+00:00,0.269651,0.270982,0.269244,0.2697,2625391.62786378
2026-03-20 02:00:00+00:00,0.26999,0.2701,0.2682,0.2695,1647493.3077262505
2026-03-20 03:00:00+00:00,0.2695,0.2709,0.269078,0.2699,1629548.036806631
2026-03-20 04:00:00+00:00,0.269946,0.2714,0.2688,0.27102,1438315.890256661
2026-03-20 05:00:00+00:00,0.271058,0.273,0.2708,0.27171,2519159.172180731
2026-03-20 06:00:00+00:00,0.2716,0.272,0.2701,0.270348,1053466.80824792
2026-03-20 07:00:00+00:00,0.2704,0.2705,0.267631,0.270078,1227311.4948330305
2026-03-20 08:00:00+00:00,0.2701,0.27265,0.2696,0.2706,1610380.02010624
2026-03-20 09:00:00+00:00,0.2706,0.2706,0.2681,0.268577,887148.3699618998
2026-03-20 10:00:00+00:00,0.2686,0.2696,0.266964,0.2692,1727177.1138319303
2026-03-20 11:00:00+00:00,0.26923,0.2702,0.2673,0.268,1163565.0754799305
2026-03-20 12:00:00+00:00,0.267896,0.269,0.26672,0.2673,1081375.08718341
2026-03-20 13:00:00+00:00,0.2674,0.2686,0.2656,0.266,2412229.4095481904
2026-03-20 14:00:00+00:00,0.2659,0.2677,0.264725,0.2654,2738281.1633142894
2026-03-20 15:00:00+00:00,0.2654,0.2672,0.26443,0.266741,1666581.4666058507
2026-03-20 16:00:00+00:00,0.2667,0.2668,0.2646,0.2659,3031892.780762832
2026-03-20 17:00:00+00:00,0.265916,0.266847,0.263899,0.26595,2694662.0955630904
2026-03-20 18:00:00+00:00,0.2659,0.26621,0.2632,0.2636,1940021.4109957104
2026-03-20 19:00:00+00:00,0.2636,0.2644,0.26153,0.2639,2737285.429028162
2026-03-20 20:00:00+00:00,0.264,0.26453,0.2622,0.2639,3244495.801704072
2026-03-20 21:00:00+00:00,0.264,0.2665,0.2633,0.2659,2688406.5692592505
2026-03-20 22:00:00+00:00,0.266,0.26784,0.265812,0.2669,1344321.7122602398
2026-03-20 23:00:00+00:00,0.266956,0.266956,0.2651,0.2662,1251526.63589614
2026-03-21 00:00:00+00:00,0.26604,0.2668,0.265843,0.2664,931921.64107754
2026-03-21 01:00:00+00:00,0.2663,0.2674,0.265559,0.2658,974998.8821060002
2026-03-21 02:00:00+00:00,0.2657,0.26725,0.2656,0.2669,1051563.9395825104
2026-03-21 03:00:00+00:00,0.2669,0.26721,0.26575,0.266,409935.02842138
2026-03-21 04:00:00+00:00,0.266074,0.2664,0.2658,0.266,572158.0108797601
2026-03-21 05:00:00+00:00,0.266029,0.2668,0.26599,0.266,516265.99869223015
2026-03-21 06:00:00+00:00,0.2661,0.2669,0.265708,0.2666,990704.0911470702
2026-03-21 07:00:00+00:00,0.2666,0.26683,0.26468,0.2649,1107456.1714502422
2026-03-21 08:00:00+00:00,0.264896,0.26528,0.2645,0.265084,1194710.7129665103
2026-03-21 09:00:00+00:00,0.26501,0.2658,0.264,0.2647,2595583.498304771
2026-03-21 10:00:00+00:00,0.2647,0.2648,0.26383,0.2645,767387.0020165999
2026-03-21 11:00:00+00:00,0.264448,0.264717,0.264,0.2647,523881.06356484
2026-03-21 12:00:00+00:00,0.264648,0.2652,0.264497,0.2648,733733.6151894403
2026-03-21 13:00:00+00:00,0.2648,0.2651,0.2639,0.264441,543929.663652
2026-03-21 14:00:00+00:00,0.264441,0.2656,0.26283,0.2633,2147360.43754039
2026-03-21 15:00:00+00:00,0.2633,0.265,0.263,0.2648,1912668.6573870112
2026-03-21 16:00:00+00:00,0.264898,0.2651,0.2637,0.2642,1920595.181300904
2026-03-21 17:00:00+00:00,0.2641,0.2647,0.2636,0.2644,3645847.072131332
2026-03-21 18:00:00+00:00,0.2644,0.2651,0.263996,0.2645,1934843.93608136
2026-03-21 19:00:00+00:00,0.2644,0.2651,0.264171,0.26486,693681.00758063
2026-03-21 20:00:00+00:00,0.2649,0.266328,0.264871,0.2662,1550058.1977643198
2026-03-21 21:00:00+00:00,0.2662,0.2663,0.2651,0.2655,913707.5998910198
2026-03-21 22:00:00+00:00,0.265638,0.265638,0.26449,0.2648,960489.00327345
2026-03-21 23:00:00+00:00,0.264756,0.2648,0.2554,0.2574,9068207.805426346
2026-03-22 00:00:00+00:00,0.2574,0.2589,0.252565,0.2573,15454043.594765715
2026-03-22 01:00:00+00:00,0.2573,0.2584,0.2555,0.2567,3205536.16848971
2026-03-22 02:00:00+00:00,0.256834,0.2593,0.2567,0.25788,1976811.4044693408
2026-03-22 03:00:00+00:00,0.2577,0.2602,0.256861,0.2582,1681251.4360850295
2026-03-22 04:00:00+00:00,0.258293,0.2591,0.2576,0.2587,1254359.1398623306
2026-03-22 05:00:00+00:00,0.258699,0.25872,0.2575,0.257573,1530909.77109591
2026-03-22 06:00:00+00:00,0.2577,0.2578,0.2568,0.2578,1141374.75017658
2026-03-22 07:00:00+00:00,0.2576,0.2589,0.2567,0.2568,827256.9364625702
2026-03-22 08:00:00+00:00,0.2567,0.2568,0.25478,0.2567,1962010.13689494
2026-03-22 09:00:00+00:00,0.2566,0.2575,0.255867,0.2563,1188753.7987938002
2026-03-22 10:00:00+00:00,0.2562,0.25623,0.2551,0.255426,620796.3864917498
2026-03-22 11:00:00+00:00,0.2554,0.256,0.25491,0.2552,1485762.406773341
2026-03-22 12:00:00+00:00,0.255115,0.257,0.2551,0.2559,2023480.43572888
2026-03-22 13:00:00+00:00,0.255967,0.2572,0.2553,0.256217,899019.6300998601
2026-03-22 14:00:00+00:00,0.2561,0.2568,0.2554,0.2558,1179980.51636762
2026-03-22 15:00:00+00:00,0.25579,0.25653,0.2552,0.2556,2109096.151487013
2026-03-22 16:00:00+00:00,0.2557,0.2559,0.253046,0.2548,4499561.717997446
2026-03-22 17:00:00+00:00,0.2547,0.2552,0.254,0.25415,1192451.2650816203
2026-03-22 18:00:00+00:00,0.25413,0.2547,0.252,0.2535,2899605.011747572
2026-03-22 19:00:00+00:00,0.2535,0.2535,0.2506,0.2517,3283604.412775131
2026-03-22 20:00:00+00:00,0.251673,0.25264,0.251,0.2513,1675946.50333244
2026-03-22 21:00:00+00:00,0.2513,0.25177,0.24735,0.2504,7899549.798622177
2026-03-22 22:00:00+00:00,0.2505,0.2523,0.248486,0.2523,3777877.799398765
2026-03-22 23:00:00+00:00,0.252154,0.25305,0.2503,0.2506,1538261.9013516796
2026-03-23 00:00:00+00:00,0.2507,0.2519,0.24947,0.2514,3022561.0112495013
2026-03-23 01:00:00+00:00,0.2514,0.25263,0.2508,0.2514,1229613.3155169005
2026-03-23 02:00:00+00:00,0.2515,0.25422,0.25045,0.2527,1637503.2468827812
2026-03-23 03:00:00+00:00,0.25283,0.2538,0.2511,0.2512,952337.06663452
2026-03-23 04:00:00+00:00,0.2512,0.2526,0.2512,0.25245,741447.2880201801
2026-03-23 05:00:00+00:00,0.252433,0.253,0.2515,0.2526,2033353.4102114504
2026-03-23 06:00:00+00:00,0.252532,0.252532,0.2485,0.2494,2709672.636309149
2026-03-23 07:00:00+00:00,0.2494,0.25074,0.247673,0.2501,2358128.653377711
2026-03-23 08:00:00+00:00,0.2501,0.251008,0.249,0.2493,1203028.82953068
2026-03-23 09:00:00+00:00,0.249257,0.25027,0.2478,0.2502,1107843.240132
2026-03-23 10:00:00+00:00,0.2502,0.25183,0.2497,0.2503,995153.1092753398
2026-03-23 11:00:00+00:00,0.25038,0.2643,0.250316,0.2585,26458056.087904178
2026-03-23 12:00:00+00:00,0.2588,0.26165,0.2569,0.2604,4350659.896583912
2026-03-23 13:00:00+00:00,0.26056,0.264189,0.2593,0.2633,3945241.724689239
2026-03-23 14:00:00+00:00,0.2634,0.26569,0.262478,0.2641,2654916.712353771
2026-03-23 15:00:00+00:00,0.264,0.2669,0.2607,0.261,5380662.639512013
2026-03-23 16:00:00+00:00,0.26125,0.262,0.2585,0.261,6109292.794892515
2026-03-23 17:00:00+00:00,0.261244,0.2637,0.2598,0.2619,2822090.8534397217
2026-03-23 18:00:00+00:00,0.2619,0.2627,0.26056,0.2624,2455131.86215944
2026-03-23 19:00:00+00:00,0.2624,0.2635,0.2605,0.2607,2519249.026765412
2026-03-23 20:00:00+00:00,0.2608,0.2631,0.2601,0.2627,1589349.55470816
2026-03-23 21:00:00+00:00,0.2628,0.26452,0.2627,0.263,1596714.12867011
2026-03-23 22:00:00+00:00,0.262829,0.2631,0.261,0.2616,1357034.1435160802
2026-03-23 23:00:00+00:00,0.261519,0.26213,0.2602,0.26174,1678058.0609294702
2026-03-24 00:00:00+00:00,0.261567,0.26244,0.25911,0.26011,1870378.0158434208
2026-03-24 01:00:00+00:00,0.260027,0.260299,0.257989,0.2591,1765171.60732234
2026-03-24 02:00:00+00:00,0.25913,0.26073,0.2585,0.2588,878461.14925026
2026-03-24 03:00:00+00:00,0.258651,0.26171,0.2585,0.2617,726906.7377887398
2026-03-24 04:00:00+00:00,0.26162,0.2626,0.2597,0.26066,1042519.62671094
2026-03-24 05:00:00+00:00,0.260737,0.2614,0.2597,0.2607,664156.8156065898
2026-03-24 06:00:00+00:00,0.260689,0.2613,0.26,0.2611,692425.0110355599
2026-03-24 07:00:00+00:00,0.2611,0.2658,0.2609,0.2657,4914296.750567695
2026-03-24 08:00:00+00:00,0.265627,0.2684,0.26554,0.266852,4571932.716891056
2026-03-24 09:00:00+00:00,0.2666,0.26698,0.264169,0.2653,2178048.9590839017
2026-03-24 10:00:00+00:00,0.265251,0.2653,0.263,0.2637,1162589.43815193
2026-03-24 11:00:00+00:00,0.263649,0.26423,0.262,0.2637,1351226.1034035808
2026-03-24 12:00:00+00:00,0.263645,0.263828,0.2628,0.2631,775693.7233497996
2026-03-24 13:00:00+00:00,0.263042,0.2637,0.2605,0.2613,2383987.3406382203
2026-03-24 14:00:00+00:00,0.261239,0.26241,0.25888,0.261324,3400747.659612842
2026-03-24 15:00:00+00:00,0.2613,0.2628,0.26073,0.2609,1588570.89132778
2026-03-24 16:00:00+00:00,0.260928,0.261,0.2591,0.259522,3070057.6118560806
2026-03-24 17:00:00+00:00,0.2598,0.26,0.25802,0.2591,1589422.80077523
2026-03-24 18:00:00+00:00,0.259,0.2619,0.25887,0.260281,2167192.9431023905
2026-03-24 19:00:00+00:00,0.2604,0.2613,0.259544,0.2601,894030.8992208401
2026-03-24 20:00:00+00:00,0.26,0.2655,0.259772,0.2646,3454179.30654702
2026-03-24 21:00:00+00:00,0.2646,0.265649,0.2634,0.2654,1896427.87961185
2026-03-24 22:00:00+00:00,0.2654,0.267059,0.2647,0.2651,2767481.203563882
2026-03-24 23:00:00+00:00,0.2652,0.267019,0.265,0.2662,2668175.333421602
2026-03-25 00:00:00+00:00,0.2663,0.26861,0.2657,0.2674,3464504.244801415
2026-03-25 01:00:00+00:00,0.267349,0.269,0.266884,0.2678,3350906.003352921
2026-03-25 02:00:00+00:00,0.267773,0.2685,0.2662,0.2664,1854588.2005746893
2026-03-25 03:00:00+00:00,0.266378,0.2682,0.2655,0.2676,1348349.3401063103
2026-03-25 04:00:00+00:00,0.26769,0.2685,0.2669,0.268014,662278.7234355601
2026-03-25 05:00:00+00:00,0.267982,0.26955,0.26765,0.268065,2421153.206664431
2026-03-25 06:00:00+00:00,0.268065,0.27031,0.268065,0.269305,2170260.22116834
2026-03-25 07:00:00+00:00,0.269331,0.2717,0.2687,0.26942,3061976.5292008403
2026-03-25 08:00:00+00:00,0.269425,0.2725,0.26938,0.2715,2737410.5071450216
2026-03-25 09:00:00+00:00,0.271562,0.2723,0.2709,0.271997,2887730.395522834
2026-03-25 10:00:00+00:00,0.271954,0.2734,0.271954,0.2723,2009970.20075244
2026-03-25 11:00:00+00:00,0.2722,0.2747,0.2712,0.2731,4664637.099614196
2026-03-25 12:00:00+00:00,0.272975,0.27597,0.2716,0.2745,7090457.665234759
2026-03-25 13:00:00+00:00,0.27456,0.2767,0.2721,0.2733,6245171.724550605
2026-03-25 14:00:00+00:00,0.2734,0.2737,0.2714,0.2717,2148557.16321171
2026-03-25 15:00:00+00:00,0.271723,0.272222,0.2686,0.2702,2145341.9523886894
2026-03-25 16:00:00+00:00,0.2702,0.27255,0.2695,0.2713,2584941.590816441
2026-03-25 17:00:00+00:00,0.271353,0.272249,0.269999,0.2705,1337632.48654621
2026-03-25 18:00:00+00:00,0.2706,0.2712,0.2696,0.27,1049299.51273684
2026-03-25 19:00:00+00:00,0.2701,0.27121,0.269522,0.2704,1365493.6690957197
2026-03-25 20:00:00+00:00,0.2705,0.2705,0.268,0.2696,2018831.8960020696
2026-03-25 21:00:00+00:00,0.269673,0.27,0.2688,0.2691,1091405.04933241
2026-03-25 22:00:00+00:00,0.269115,0.2713,0.2686,0.2706,2968920.9228043314
2026-03-25 23:00:00+00:00,0.270505,0.27111,0.26947,0.2703,1371831.1916484698
2026-03-26 00:00:00+00:00,0.270453,0.27098,0.269,0.2693,1146677.1539723803
2026-03-26 01:00:00+00:00,0.2693,0.2703,0.2685,0.2689,1095915.7095111902
2026-03-26 02:00:00+00:00,0.268901,0.268922,0.2664,0.2675,2516864.7844283697
2026-03-26 03:00:00+00:00,0.267415,0.267464,0.2657,0.2663,1554267.3157044102
2026-03-26 04:00:00+00:00,0.266176,0.266421,0.265381,0.265597,779443.7111663797
2026-03-26 05:00:00+00:00,0.265595,0.2657,0.26195,0.26232,2648528.2725626915
2026-03-26 06:00:00+00:00,0.262262,0.2626,0.2611,0.2616,1062419.4973854094
2026-03-26 07:00:00+00:00,0.261584,0.2623,0.2609,0.26223,975235.60812325
2026-03-26 08:00:00+00:00,0.2619,0.2619,0.2595,0.260128,4405043.805080938
2026-03-26 09:00:00+00:00,0.260129,0.2606,0.2567,0.2575,2522340.4935429576
2026-03-26 10:00:00+00:00,0.257375,0.2586,0.2567,0.258397,1381895.9852800302
2026-03-26 11:00:00+00:00,0.2585,0.25886,0.2572,0.2572,1256858.23230266
2026-03-26 12:00:00+00:00,0.2571,0.258137,0.2566,0.25789,2061142.5699948007
2026-03-26 13:00:00+00:00,0.257821,0.25974,0.2571,0.2587,2406551.9591105897
2026-03-26 14:00:00+00:00,0.258637,0.2592,0.25669,0.257114,1807444.11853046
2026-03-26 15:00:00+00:00,0.257113,0.2575,0.2543,0.255911,5209279.59090038
2026-03-26 16:00:00+00:00,0.256,0.25662,0.25535,0.255556,1447061.7120117994
2026-03-26 17:00:00+00:00,0.255503,0.25653,0.2537,0.2544,2245621.517226471
2026-03-26 18:00:00+00:00,0.2544,0.2548,0.253,0.2537,3043667.263923292
2026-03-26 19:00:00+00:00,0.253833,0.2542,0.253,0.2536,1587279.651856361
2026-03-26 20:00:00+00:00,0.2535,0.2572,0.2525,0.2547,4502440.889897031
2026-03-26 21:00:00+00:00,0.2547,0.2574,0.2545,0.2558,4277281.22173137
2026-03-26 22:00:00+00:00,0.2557,0.25596,0.2539,0.25503,1571944.3149661294
2026-03-26 23:00:00+00:00,0.2551,0.25545,0.2535,0.2545,1109388.78055122
2026-03-27 00:00:00+00:00,0.254642,0.255043,0.2531,0.2543,2191952.8220801405
2026-03-27 01:00:00+00:00,0.254533,0.25607,0.2538,0.2557,1462261.9875127904
2026-03-27 02:00:00+00:00,0.2557,0.2561,0.2549,0.2549,1045294.6709660704
2026-03-27 03:00:00+00:00,0.2552,0.255326,0.25388,0.2543,1180670.7932087202
2026-03-27 04:00:00+00:00,0.2543,0.25442,0.2523,0.25404,1575579.6821160512
2026-03-27 05:00:00+00:00,0.254042,0.255561,0.2532,0.2535,975084.9115024403
2026-03-27 06:00:00+00:00,0.253525,0.254135,0.2531,0.2537,837295.4330723803
2026-03-27 07:00:00+00:00,0.253676,0.25513,0.253516,0.2547,923242.24008111
2026-03-27 08:00:00+00:00,0.254617,0.25513,0.2502,0.2521,3123797.049572584
2026-03-27 09:00:00+00:00,0.252059,0.252142,0.24984,0.2508,1553411.4795397709
2026-03-27 10:00:00+00:00,0.25074,0.251535,0.245359,0.246081,14952268.643086078
2026-03-27 11:00:00+00:00,0.2461,0.2481,0.2443,0.247245,7445728.437273386
2026-03-27 12:00:00+00:00,0.24727,0.2474,0.2458,0.247,3288518.815934342
2026-03-27 13:00:00+00:00,0.246852,0.2501,0.2459,0.2473,5159720.342714562
2026-03-27 14:00:00+00:00,0.247255,0.248637,0.2459,0.2477,4248540.782404681
2026-03-27 15:00:00+00:00,0.2477,0.2498,0.246642,0.247605,4453297.408474982
2026-03-27 16:00:00+00:00,0.2476,0.248,0.246305,0.2472,2945098.79572443
2026-03-27 17:00:00+00:00,0.24711,0.2485,0.2463,0.2465,2093264.6120017515
2026-03-27 18:00:00+00:00,0.246481,0.246721,0.24498,0.246057,2108907.3977409904
2026-03-27 19:00:00+00:00,0.246009,0.247423,0.2452,0.2464,3291797.901540882
2026-03-27 20:00:00+00:00,0.24635,0.247116,0.24469,0.2461,2530941.097200781
2026-03-27 21:00:00+00:00,0.24607,0.24685,0.2456,0.2458,1964655.788128771
2026-03-27 22:00:00+00:00,0.245772,0.246102,0.244777,0.24567,1976799.346457129
2026-03-27 23:00:00+00:00,0.245775,0.2464,0.2451,0.2458,1899860.5590958905
2026-03-28 00:00:00+00:00,0.245889,0.24704,0.2458,0.2465,1247411.95990913
2026-03-28 01:00:00+00:00,0.2464,0.2465,0.2442,0.2459,2312071.2189561813
2026-03-28 02:00:00+00:00,0.2459,0.2471,0.2446,0.245028,1729037.0386245614
2026-03-28 03:00:00+00:00,0.245,0.24551,0.2445,0.2446,1538852.9516042997
2026-03-28 04:00:00+00:00,0.24497,0.24539,0.24393,0.245,1163938.9585626004
2026-03-28 05:00:00+00:00,0.245024,0.245827,0.2445,0.2458,710644.4392400098
2026-03-28 06:00:00+00:00,0.2457,0.2473,0.245468,0.2464,1145256.2723665698
2026-03-28 07:00:00+00:00,0.24636,0.2483,0.246,0.2483,1321274.8310255297
2026-03-28 08:00:00+00:00,0.248307,0.24878,0.2478,0.2479,1139616.8875258102
2026-03-28 09:00:00+00:00,0.247896,0.24834,0.24706,0.2473,620395.18568866
2026-03-28 10:00:00+00:00,0.2473,0.249288,0.2472,0.2483,1976230.2702855505
2026-03-28 11:00:00+00:00,0.248417,0.2488,0.2481,0.248404,1071980.07163826
2026-03-28 12:00:00+00:00,0.2483,0.2488,0.246149,0.2475,2614162.18090034
2026-03-28 13:00:00+00:00,0.2474,0.2522,0.2473,0.250144,3742333.42402181
2026-03-28 14:00:00+00:00,0.250232,0.2511,0.2487,0.2499,1967988.2386211024
2026-03-28 15:00:00+00:00,0.2499,0.2528,0.249629,0.2512,3647858.278586699
2026-03-28 16:00:00+00:00,0.25132,0.2517,0.2503,0.250728,1506382.93641862
2026-03-28 17:00:00+00:00,0.2508,0.2514,0.2494,0.25,2019954.9537885007
2026-03-28 18:00:00+00:00,0.25,0.25104,0.2499,0.2502,583636.5512565401
2026-03-28 19:00:00+00:00,0.2502,0.2504,0.249091,0.2496,658488.0187416901
2026-03-28 20:00:00+00:00,0.2497,0.25059,0.2496,0.2499,970693.7104355504
2026-03-28 21:00:00+00:00,0.250107,0.250107,0.2482,0.2483,581977.4022136598
2026-03-28 22:00:00+00:00,0.2484,0.248924,0.247932,0.2484,595746.15886692
2026-03-28 23:00:00+00:00,0.248483,0.248483,0.2449,0.2456,2655138.080069672
2026-03-29 00:00:00+00:00,0.2458,0.24629,0.2449,0.245916,1367656.6368517
2026-03-29 01:00:00+00:00,0.245838,0.24693,0.245287,0.245974,2183514.821682671
2026-03-29 02:00:00+00:00,0.245976,0.2463,0.2455,0.246,420324.3690998299
2026-03-29 03:00:00+00:00,0.246,0.2471,0.2457,0.246499,762910.2792633299
2026-03-29 04:00:00+00:00,0.2464,0.246701,0.2448,0.245309,7413118.607335688
2026-03-29 05:00:00+00:00,0.245312,0.24562,0.242728,0.2453,2558159.0386968446
2026-03-29 06:00:00+00:00,0.24554,0.246086,0.2447,0.2458,969416.6888834799
2026-03-29 07:00:00+00:00,0.2457,0.2457,0.2445,0.2449,515640.6862514402
2026-03-29 08:00:00+00:00,0.244935,0.245123,0.244456,0.244816,371121.88671239995
2026-03-29 09:00:00+00:00,0.2448,0.244826,0.2434,0.2442,1380114.8457031313
2026-03-29 10:00:00+00:00,0.244,0.2441,0.24136,0.2426,5754934.764853998
2026-03-29 11:00:00+00:00,0.2426,0.24441,0.242477,0.243658,1360502.4724012306
2026-03-29 12:00:00+00:00,0.243584,0.243584,0.2418,0.2427,1095875.73526197
2026-03-29 13:00:00+00:00,0.24279,0.2428,0.24018,0.2407,3380522.507365163
2026-03-29 14:00:00+00:00,0.2407,0.24274,0.2405,0.24178,2163994.6114597316
2026-03-29 15:00:00+00:00,0.2418,0.2424,0.2404,0.2413,1386506.0552119298
2026-03-29 16:00:00+00:00,0.2413,0.24213,0.240687,0.2409,1062617.74050499
2026-03-29 17:00:00+00:00,0.240995,0.2416,0.23988,0.2412,4184620.2166526057
2026-03-29 18:00:00+00:00,0.2414,0.2419,0.240482,0.2412,1899561.3684593902
2026-03-29 19:00:00+00:00,0.24126,0.2413,0.2391,0.239887,2476642.1479371744
2026-03-29 20:00:00+00:00,0.2397,0.24174,0.2397,0.2406,4465763.241526713
2026-03-29 21:00:00+00:00,0.2406,0.24177,0.2405,0.241585,1398602.14135016
2026-03-29 22:00:00+00:00,0.2414,0.2414,0.232708,0.2382,10384800.5944857
2026-03-29 23:00:00+00:00,0.238234,0.24039,0.238,0.2396,3364456.888502562
