Datetime,Open,High,Low,Close,Volume
2025-12-21 21:00:00+00:00,12.06,12.072,11.98,12.0,20641.59158079
2025-12-21 22:00:00+00:00,12.0,12.13,11.99,12.12,26638.90074408001
2025-12-21 23:00:00+00:00,12.13,12.254,12.09,12.14,27530.505100309987
2025-12-22 00:00:00+00:00,12.16,12.425,12.15,12.23,42835.91180454
2025-12-22 01:00:00+00:00,12.22,12.317,12.18,12.18,17452.993045689997
2025-12-22 02:00:00+00:00,12.18,12.19,12.01,12.1,38809.57090260001
2025-12-22 03:00:00+00:00,12.1,12.218,12.07,12.2,16772.729229309996
2025-12-22 04:00:00+00:00,12.2,12.267,12.2,12.23,10142.25881918
2025-12-22 05:00:00+00:00,12.23,12.24,12.17,12.17,11829.889491649998
2025-12-22 06:00:00+00:00,12.18,12.184,12.14,12.154,10019.381670399996
2025-12-22 07:00:00+00:00,12.14,12.2,12.13,12.18,7307.348729380003
2025-12-22 08:00:00+00:00,12.19,12.33,12.16,12.21,42056.890496620006
2025-12-22 09:00:00+00:00,12.21,12.246,12.19,12.24,8346.783184089998
2025-12-22 10:00:00+00:00,12.25,12.29,12.21,12.29,8540.365422769999
2025-12-22 11:00:00+00:00,12.28,12.378,12.24,12.36,41841.48547279999
2025-12-22 12:00:00+00:00,12.36,12.44,12.33,12.37,52516.933686320015
2025-12-22 13:00:00+00:00,12.37,12.379,12.32,12.37,17235.95945425
2025-12-22 14:00:00+00:00,12.37,12.412,12.29,12.36,42299.55328025
2025-12-22 15:00:00+00:00,12.37,12.44,12.27,12.36,50146.35739743
2025-12-22 16:00:00+00:00,12.37,12.4,12.34,12.36,21282.63484154
2025-12-22 17:00:00+00:00,12.36,12.385,12.3,12.385,17165.680484239998
2025-12-22 18:00:00+00:00,12.38,12.4,12.32,12.34,32862.98562907
2025-12-22 19:00:00+00:00,12.34,12.34,12.11,12.15,56818.45582991004
2025-12-22 20:00:00+00:00,12.14,12.203,12.08,12.17,90728.26783915996
2025-12-22 21:00:00+00:00,12.17,12.36,12.17,12.32,88292.62268133005
2025-12-22 22:00:00+00:00,12.32,12.412,12.28,12.4,41393.50135711
2025-12-22 23:00:00+00:00,12.4,12.448,12.34,12.41,31439.85379418001
2025-12-23 00:00:00+00:00,12.42,12.554,12.39,12.46,25970.93849990999
2025-12-23 01:00:00+00:00,12.46,12.524,12.41,12.45,39837.797022690014
2025-12-23 02:00:00+00:00,12.44,12.505,12.38,12.38,30227.875481190003
2025-12-23 03:00:00+00:00,12.39,12.43,12.33,12.4,24853.6385582
2025-12-23 04:00:00+00:00,12.4,12.42,12.3,12.33,100097.89980437998
2025-12-23 05:00:00+00:00,12.33,12.346,12.25,12.3,54395.88672099
2025-12-23 06:00:00+00:00,12.29,12.3,12.12,12.2,57835.92687412001
2025-12-23 07:00:00+00:00,12.19,12.229,12.16,12.19,26270.1642924
2025-12-23 08:00:00+00:00,12.19,12.28,12.18,12.19,17024.119134059998
2025-12-23 09:00:00+00:00,12.18,12.232,12.16,12.18,9913.943769280004
2025-12-23 10:00:00+00:00,12.18,12.25,12.18,12.23,10007.048351409998
2025-12-23 11:00:00+00:00,12.23,12.323,12.21,12.29,15419.256563850002
2025-12-23 12:00:00+00:00,12.28,12.28,12.16,12.18,11153.04631656
2025-12-23 13:00:00+00:00,12.17,12.21,12.01,12.07,45897.13564925003
2025-12-23 14:00:00+00:00,12.07,12.11,11.84,11.94,131206.12273143994
2025-12-23 15:00:00+00:00,11.93,12.0,11.89,11.95,33459.59857449001
2025-12-23 16:00:00+00:00,11.95,12.076,11.91,12.05,40589.14892937999
2025-12-23 17:00:00+00:00,12.05,12.101,11.96,11.96,22706.34751312
2025-12-23 18:00:00+00:00,11.97,12.175,11.97,12.14,18831.88072485
2025-12-23 19:00:00+00:00,12.14,12.189,12.08,12.12,12776.26917538
2025-12-23 20:00:00+00:00,12.12,12.33,12.07,12.26,40219.26065385999
2025-12-23 21:00:00+00:00,12.27,12.348,12.21,12.23,24518.98315992002
2025-12-23 22:00:00+00:00,12.23,12.29,12.15,12.18,19407.58453733
2025-12-23 23:00:00+00:00,12.18,12.19,12.11,12.18,29932.46452601002
2025-12-24 00:00:00+00:00,12.18,12.2,12.12,12.18,13690.10149903
2025-12-24 01:00:00+00:00,12.18,12.23,12.13,12.15,15333.74408603
2025-12-24 02:00:00+00:00,12.15,12.15,11.98,12.0,47369.84614261001
2025-12-24 03:00:00+00:00,11.99,12.08,11.96,12.05,17886.800045629992
2025-12-24 04:00:00+00:00,12.06,12.13,12.0,12.01,28917.754704870003
2025-12-24 05:00:00+00:00,12.01,12.05,11.95,11.97,60115.74759981
2025-12-24 06:00:00+00:00,11.98,12.01,11.93,11.99,23905.74650870001
2025-12-24 07:00:00+00:00,11.99,12.021,11.97,11.98,12508.461717120004
2025-12-24 08:00:00+00:00,11.98,12.051,11.96,11.99,14736.788525020002
2025-12-24 09:00:00+00:00,12.0,12.052,12.0,12.01,6308.37291348
2025-12-24 10:00:00+00:00,12.01,12.11,12.0,12.07,7551.28497242
2025-12-24 11:00:00+00:00,12.07,12.133,12.07,12.1,64012.76888521
2025-12-24 12:00:00+00:00,12.1,12.13,12.08,12.13,11305.0397132
2025-12-24 13:00:00+00:00,12.13,12.14,12.04,12.06,10482.20862579
2025-12-24 14:00:00+00:00,12.06,12.08,11.88,11.97,60621.90603687
2025-12-24 15:00:00+00:00,11.98,12.03,11.91,12.0,26960.95561403
2025-12-24 16:00:00+00:00,12.01,12.093,11.94,11.97,35107.452168420015
2025-12-24 17:00:00+00:00,11.97,12.024,11.92,11.92,16892.222708549998
2025-12-24 18:00:00+00:00,11.92,12.01,11.9,11.98,16164.931252960005
2025-12-24 19:00:00+00:00,11.97,12.051,11.96,12.03,18437.79813679
2025-12-24 20:00:00+00:00,12.03,12.096,12.01,12.04,19133.747163950007
2025-12-24 21:00:00+00:00,12.04,12.075,12.03,12.06,6956.76524233
2025-12-24 22:00:00+00:00,12.07,12.13,12.06,12.11,34205.920193080005
2025-12-24 23:00:00+00:00,12.11,12.153,12.08,12.11,36882.00619127
2025-12-25 00:00:00+00:00,12.11,12.11,12.05,12.05,9565.18290766
2025-12-25 01:00:00+00:00,12.05,12.1,12.05,12.1,7961.963106489999
2025-12-25 02:00:00+00:00,12.1,12.18,12.07,12.18,22328.91680337
2025-12-25 03:00:00+00:00,12.18,12.225,12.13,12.15,12433.283473469995
2025-12-25 04:00:00+00:00,12.16,12.212,12.14,12.19,7566.344381860002
2025-12-25 05:00:00+00:00,12.19,12.19,12.15,12.17,9585.68955688
2025-12-25 06:00:00+00:00,12.17,12.211,12.16,12.19,10962.300325210002
2025-12-25 07:00:00+00:00,12.2,12.25,12.18,12.24,9646.202739000002
2025-12-25 08:00:00+00:00,12.25,12.348,12.19,12.26,18797.71440842
2025-12-25 09:00:00+00:00,12.26,12.301,12.22,12.26,19115.351803800007
2025-12-25 10:00:00+00:00,12.27,12.27,12.11,12.13,24149.069224859995
2025-12-25 11:00:00+00:00,12.134,12.205,12.13,12.152,8431.127992999998
2025-12-25 12:00:00+00:00,12.15,12.19,12.14,12.19,2925.7552301099995
2025-12-25 13:00:00+00:00,12.19,12.261,12.18,12.24,8234.641007399998
2025-12-25 14:00:00+00:00,12.24,12.26,12.14,12.21,27623.65159655
2025-12-25 15:00:00+00:00,12.21,12.412,12.18,12.34,58342.77347022
2025-12-25 16:00:00+00:00,12.35,12.446,12.33,12.39,110225.5221388
2025-12-25 17:00:00+00:00,12.4,12.423,12.36,12.4,17225.39755257
2025-12-25 18:00:00+00:00,12.39,12.55,12.39,12.479,94607.81507931002
2025-12-25 19:00:00+00:00,12.47,12.491,12.43,12.474,24757.279919199995
2025-12-25 20:00:00+00:00,12.47,12.495,12.39,12.43,14487.846971129997
2025-12-25 21:00:00+00:00,12.43,12.442,12.4,12.42,4426.159921739998
2025-12-25 22:00:00+00:00,12.41,12.42,12.25,12.3,56289.131581780006
2025-12-25 23:00:00+00:00,12.3,12.32,12.05,12.08,68902.33619364999
2025-12-26 00:00:00+00:00,12.07,12.13,12.02,12.125,59169.96582163998
2025-12-26 01:00:00+00:00,12.123,12.35,12.11,12.342,36383.65275705
2025-12-26 02:00:00+00:00,12.33,12.605,12.33,12.51,148668.28777754997
2025-12-26 03:00:00+00:00,12.525,12.54,12.45,12.533,24128.72900956
2025-12-26 04:00:00+00:00,12.52,12.572,12.5,12.5,29178.83971976001
2025-12-26 05:00:00+00:00,12.5,12.518,12.45,12.51,19251.86617599001
2025-12-26 06:00:00+00:00,12.5,12.515,12.46,12.48,14496.832694499995
2025-12-26 07:00:00+00:00,12.48,12.503,12.39,12.4,43816.07039502
2025-12-26 08:00:00+00:00,12.41,12.459,12.4,12.45,7307.47314211
2025-12-26 09:00:00+00:00,12.45,12.5,12.42,12.5,27726.70901999001
2025-12-26 10:00:00+00:00,12.49,12.492,12.45,12.48,5252.19169056
2025-12-26 11:00:00+00:00,12.48,12.48,12.44,12.45,12541.63218567
2025-12-26 12:00:00+00:00,12.45,12.47,12.43,12.45,4944.776384219999
2025-12-26 13:00:00+00:00,12.44,12.49,12.44,12.47,7373.256623610002
2025-12-26 14:00:00+00:00,12.47,12.48,12.25,12.295,70291.32073644002
2025-12-26 15:00:00+00:00,12.28,12.28,12.14,12.23,60891.32947609002
2025-12-26 16:00:00+00:00,12.23,12.299,12.19,12.2,25212.22389257999
2025-12-26 17:00:00+00:00,12.19,12.326,12.16,12.3,48703.80839183
2025-12-26 18:00:00+00:00,12.3,12.363,12.29,12.33,18170.35288175
2025-12-26 19:00:00+00:00,12.33,12.404,12.32,12.36,18450.25070029
2025-12-26 20:00:00+00:00,12.37,12.401,12.34,12.35,18168.250382179995
2025-12-26 21:00:00+00:00,12.35,12.386,12.34,12.34,27753.94267016001
2025-12-26 22:00:00+00:00,12.35,12.379,12.31,12.34,22738.56078394
2025-12-26 23:00:00+00:00,12.34,12.367,12.32,12.34,32248.64214353
2025-12-27 00:00:00+00:00,12.33,12.409,12.33,12.37,47386.33712575
2025-12-27 01:00:00+00:00,12.36,12.382,12.33,12.36,11609.861661620002
2025-12-27 02:00:00+00:00,12.36,12.38,12.33,12.35,12582.57413659
2025-12-27 03:00:00+00:00,12.34,12.428,12.33,12.4,31299.64774312
2025-12-27 04:00:00+00:00,12.41,12.433,12.38,12.39,10803.745669410002
2025-12-27 05:00:00+00:00,12.39,12.454,12.38,12.44,43137.82609041999
2025-12-27 06:00:00+00:00,12.44,12.452,12.39,12.4,9195.46658519
2025-12-27 07:00:00+00:00,12.4,12.48,12.4,12.44,19677.60116661
2025-12-27 08:00:00+00:00,12.45,12.502,12.43,12.45,8198.95051832
2025-12-27 09:00:00+00:00,12.45,12.492,12.41,12.42,6910.734523230001
2025-12-27 10:00:00+00:00,12.42,12.461,12.39,12.44,6754.718892069999
2025-12-27 11:00:00+00:00,12.45,12.481,12.43,12.45,5720.978621489999
2025-12-27 12:00:00+00:00,12.46,12.502,12.45,12.48,7312.945255469998
2025-12-27 13:00:00+00:00,12.48,12.49,12.43,12.48,7971.217002079999
2025-12-27 14:00:00+00:00,12.48,12.548,12.47,12.5,14026.725739700005
2025-12-27 15:00:00+00:00,12.5,12.587,12.49,12.54,19306.28607396
2025-12-27 16:00:00+00:00,12.56,12.62,12.55,12.56,31338.79122348001
2025-12-27 17:00:00+00:00,12.56,12.597,12.53,12.56,11694.945782409995
2025-12-27 18:00:00+00:00,12.56,12.574,12.5,12.52,21883.91052878
2025-12-27 19:00:00+00:00,12.52,12.558,12.5,12.52,16637.13999011001
2025-12-27 20:00:00+00:00,12.53,12.584,12.52,12.53,5890.978907069999
2025-12-27 21:00:00+00:00,12.53,12.71,12.53,12.59,28911.723092380013
2025-12-27 22:00:00+00:00,12.59,12.666,12.54,12.56,27668.14351826999
2025-12-27 23:00:00+00:00,12.57,12.799,12.56,12.717,46070.36057281996
2025-12-28 00:00:00+00:00,12.69,12.765,12.69,12.74,54180.71734413001
2025-12-28 01:00:00+00:00,12.74,12.791,12.73,12.76,34457.11083658999
2025-12-28 02:00:00+00:00,12.75,12.88,12.74,12.78,56578.36180104999
2025-12-28 03:00:00+00:00,12.77,12.836,12.74,12.77,36984.17158816
2025-12-28 04:00:00+00:00,12.78,12.856,12.77,12.78,21031.779928220007
2025-12-28 05:00:00+00:00,12.78,12.829,12.77,12.79,14072.4631643
2025-12-28 06:00:00+00:00,12.8,12.851,12.79,12.851,11611.888517319998
2025-12-28 07:00:00+00:00,12.82,12.854,12.75,12.79,12113.674997610004
2025-12-28 08:00:00+00:00,12.79,12.855,12.79,12.81,15578.567214150002
2025-12-28 09:00:00+00:00,12.8,12.823,12.73,12.75,5818.834552550001
2025-12-28 10:00:00+00:00,12.75,12.783,12.74,12.74,9735.716651469998
2025-12-28 11:00:00+00:00,12.75,12.76,12.66,12.67,31960.54333159
2025-12-28 12:00:00+00:00,12.68,12.69,12.57,12.67,74660.56422798998
2025-12-28 13:00:00+00:00,12.681,12.699,12.64,12.67,16558.97271026
2025-12-28 14:00:00+00:00,12.66,12.773,12.64,12.73,14751.349458889998
2025-12-28 15:00:00+00:00,12.74,12.776,12.7,12.73,14576.458150739996
2025-12-28 16:00:00+00:00,12.73,12.74,12.68,12.69,15406.878286420002
2025-12-28 17:00:00+00:00,12.69,12.728,12.66,12.68,9387.009033230002
2025-12-28 18:00:00+00:00,12.68,12.683,12.57,12.59,46694.60273039999
2025-12-28 19:00:00+00:00,12.58,12.649,12.57,12.58,27816.86971332
2025-12-28 20:00:00+00:00,12.58,12.587,12.53,12.55,32889.95793539
2025-12-28 21:00:00+00:00,12.55,12.571,12.52,12.56,21524.22420489
2025-12-28 22:00:00+00:00,12.55,12.647,12.54,12.63,9370.522573700002
2025-12-28 23:00:00+00:00,12.63,12.667,12.58,12.654,22525.31308454
2025-12-29 00:00:00+00:00,12.64,12.763,12.62,12.73,34449.88380788
2025-12-29 01:00:00+00:00,12.74,12.836,12.62,12.78,33783.26776884
2025-12-29 02:00:00+00:00,12.78,12.962,12.78,12.85,79837.32178727003
2025-12-29 03:00:00+00:00,12.86,13.1,12.84,13.08,86111.41515107999
2025-12-29 04:00:00+00:00,13.08,13.184,13.04,13.07,69206.36617842002
2025-12-29 05:00:00+00:00,13.08,13.122,13.0,13.03,28517.02087812001
2025-12-29 06:00:00+00:00,13.049,13.1,13.01,13.03,10193.95152186
2025-12-29 07:00:00+00:00,13.03,13.053,12.9,13.0,42830.82374151001
2025-12-29 08:00:00+00:00,13.0,13.051,12.88,12.906,72483.36491636999
2025-12-29 09:00:00+00:00,12.89,12.907,12.66,12.71,65735.24630994002
2025-12-29 10:00:00+00:00,12.7,12.773,12.69,12.73,16933.41321392
2025-12-29 11:00:00+00:00,12.736,12.754,12.7,12.71,19624.7268452
2025-12-29 12:00:00+00:00,12.71,12.743,12.44,12.59,133906.26618427996
2025-12-29 13:00:00+00:00,12.58,12.62,12.52,12.56,25295.12078847
2025-12-29 14:00:00+00:00,12.56,12.693,12.51,12.58,62651.31809153
2025-12-29 15:00:00+00:00,12.58,12.735,12.57,12.69,44095.46436827001
2025-12-29 16:00:00+00:00,12.69,12.713,12.57,12.6,31871.95882411
2025-12-29 17:00:00+00:00,12.6,12.653,12.56,12.63,41166.131548820005
2025-12-29 18:00:00+00:00,12.63,12.65,12.52,12.54,52036.98336312
2025-12-29 19:00:00+00:00,12.53,12.577,12.48,12.49,66497.4048231
2025-12-29 20:00:00+00:00,12.49,12.526,12.32,12.41,108073.24988372998
2025-12-29 21:00:00+00:00,12.41,12.46,12.4,12.43,46786.75339321999
2025-12-29 22:00:00+00:00,12.42,12.44,12.36,12.42,47950.65717552
2025-12-29 23:00:00+00:00,12.42,12.432,12.34,12.36,70265.38996287
2025-12-30 00:00:00+00:00,12.36,12.39,12.35,12.37,33702.30900234
2025-12-30 01:00:00+00:00,12.37,12.42,12.34,12.37,46146.21422813001
2025-12-30 02:00:00+00:00,12.37,12.38,12.34,12.36,38905.33868033002
2025-12-30 03:00:00+00:00,12.36,12.415,12.32,12.39,49879.27696320001
2025-12-30 04:00:00+00:00,12.39,12.434,12.37,12.38,21610.89090676
2025-12-30 05:00:00+00:00,12.38,12.401,12.35,12.38,71304.17130398001
2025-12-30 06:00:00+00:00,12.38,12.443,12.37,12.42,28509.01940582
2025-12-30 07:00:00+00:00,12.42,12.44,12.4,12.4,44687.76823898
2025-12-30 08:00:00+00:00,12.41,12.546,12.41,12.5,50312.60717622
2025-12-30 09:00:00+00:00,12.51,12.539,12.46,12.5,13551.59531143
2025-12-30 10:00:00+00:00,12.51,12.53,12.47,12.47,7526.250637619999
2025-12-30 11:00:00+00:00,12.47,12.502,12.46,12.49,7582.336305459999
2025-12-30 12:00:00+00:00,12.5,12.53,12.48,12.48,6405.818540800003
2025-12-30 13:00:00+00:00,12.48,12.532,12.48,12.51,18155.45460561
2025-12-30 14:00:00+00:00,12.52,12.596,12.43,12.55,47537.87628178
2025-12-30 15:00:00+00:00,12.56,12.59,12.47,12.57,41546.65514479
2025-12-30 16:00:00+00:00,12.58,12.631,12.52,12.55,123300.1338233
2025-12-30 17:00:00+00:00,12.56,12.617,12.51,12.566,29182.01310069
2025-12-30 18:00:00+00:00,12.569,12.569,12.5,12.53,97091.91282327
2025-12-30 19:00:00+00:00,12.52,12.525,12.45,12.5,111345.98424751006
2025-12-30 20:00:00+00:00,12.5,12.501,12.43,12.46,86657.01790159
2025-12-30 21:00:00+00:00,12.47,12.537,12.46,12.51,33605.666629839994
2025-12-30 22:00:00+00:00,12.51,12.584,12.51,12.56,34342.66473395002
2025-12-30 23:00:00+00:00,12.56,12.589,12.53,12.56,29508.44969899
2025-12-31 00:00:00+00:00,12.56,12.56,12.5,12.52,44671.43167121
2025-12-31 01:00:00+00:00,12.53,12.713,12.52,12.64,64505.483845220006
2025-12-31 02:00:00+00:00,12.64,12.655,12.6,12.61,18271.0639571
2025-12-31 03:00:00+00:00,12.61,12.65,12.56,12.58,66530.72671494
2025-12-31 04:00:00+00:00,12.59,12.62,12.57,12.58,52757.32040787
2025-12-31 05:00:00+00:00,12.58,12.608,12.54,12.55,17113.068895810004
2025-12-31 06:00:00+00:00,12.54,12.57,12.53,12.57,11880.706016710004
2025-12-31 07:00:00+00:00,12.55,12.557,12.51,12.54,18908.67699789
2025-12-31 08:00:00+00:00,12.53,12.578,12.46,12.47,22834.868577580008
2025-12-31 09:00:00+00:00,12.47,12.513,12.46,12.49,1891.09231601
2025-12-31 10:00:00+00:00,12.49,12.527,12.47,12.49,3560.9009917000008
2025-12-31 11:00:00+00:00,12.506,12.571,12.49,12.56,13252.238942469998
2025-12-31 12:00:00+00:00,12.59,12.601,12.51,12.553,5610.539716909998
2025-12-31 13:00:00+00:00,12.53,12.59,12.53,12.55,2603.76660006
2025-12-31 14:00:00+00:00,12.56,12.669,12.52,12.54,7486.620569230001
2025-12-31 15:00:00+00:00,12.53,12.534,12.41,12.46,5896.466686050001
2025-12-31 16:00:00+00:00,12.46,12.478,12.2,12.32,32681.10369554
2025-12-31 17:00:00+00:00,12.31,12.36,12.29,12.33,7235.046043009999
2025-12-31 18:00:00+00:00,12.32,12.385,12.31,12.33,9917.913761359998
2025-12-31 19:00:00+00:00,12.33,12.368,12.3,12.339,6101.723396100001
2025-12-31 20:00:00+00:00,12.31,12.385,12.24,12.34,5320.902681310001
2025-12-31 21:00:00+00:00,12.35,12.388,12.32,12.34,2254.03506787
2025-12-31 22:00:00+00:00,12.355,12.385,12.31,12.33,5847.428736689997
2025-12-31 23:00:00+00:00,12.32,12.374,12.3,12.3,4545.708750719999
2026-01-01 00:00:00+00:00,12.3,12.366,12.29,12.32,61873.17943341998
2026-01-01 01:00:00+00:00,12.31,12.378,12.29,12.31,31147.21425045
2026-01-01 02:00:00+00:00,12.31,12.35,12.29,12.3,32747.616650290016
2026-01-01 03:00:00+00:00,12.29,12.32,12.25,12.26,30067.144671719994
2026-01-01 04:00:00+00:00,12.27,12.292,12.2,12.22,53133.94729525001
2026-01-01 05:00:00+00:00,12.22,12.296,12.22,12.24,26906.205588780005
2026-01-01 06:00:00+00:00,12.25,12.291,12.24,12.25,13411.37245693
2026-01-01 07:00:00+00:00,12.26,12.287,12.24,12.26,17684.67330225001
2026-01-01 08:00:00+00:00,12.25,12.315,12.24,12.29,57249.49039474999
2026-01-01 09:00:00+00:00,12.3,12.37,12.3,12.32,38083.88928511
2026-01-01 10:00:00+00:00,12.33,12.34,12.31,12.33,6470.12185186
2026-01-01 11:00:00+00:00,12.33,12.385,12.32,12.36,3806.27117413
2026-01-01 12:00:00+00:00,12.37,12.37,12.33,12.34,807.4408113799999
2026-01-01 13:00:00+00:00,12.34,12.419,12.33,12.41,12259.05492557
2026-01-01 14:00:00+00:00,12.4,12.449,12.39,12.41,22027.348286220004
2026-01-01 15:00:00+00:00,12.43,12.556,12.41,12.51,3845.72310413
2026-01-01 16:00:00+00:00,12.52,12.604,12.49,12.56,6184.3587997199975
2026-01-01 17:00:00+00:00,12.56,12.7,12.55,12.67,8331.88947413
2026-01-01 18:00:00+00:00,12.696,12.98,12.68,12.92,40116.23525276003
2026-01-01 19:00:00+00:00,12.967,13.562,12.94,13.52,58433.80411137002
2026-01-01 20:00:00+00:00,13.53,13.683,13.41,13.448,38606.99669174
2026-01-01 21:00:00+00:00,13.447,13.582,13.38,13.57,22470.34571826001
2026-01-01 22:00:00+00:00,13.55,13.659,13.5,13.658,10487.70967349
2026-01-01 23:00:00+00:00,13.64,13.678,13.53,13.57,13630.97141591
2026-01-02 00:00:00+00:00,13.56,13.682,13.49,13.61,44689.17277837001
2026-01-02 01:00:00+00:00,13.641,13.648,13.5,13.59,39105.09763142999
2026-01-02 02:00:00+00:00,13.6,13.87,13.53,13.74,368576.3551299999
2026-01-02 03:00:00+00:00,13.74,13.821,13.64,13.72,52435.3480187
2026-01-02 04:00:00+00:00,13.72,13.748,13.53,13.55,29041.14234469
2026-01-02 05:00:00+00:00,13.55,13.631,13.51,13.6,25863.138550520005
2026-01-02 06:00:00+00:00,13.6,13.61,13.51,13.51,20569.75142035
2026-01-02 07:00:00+00:00,13.51,13.54,13.34,13.37,53209.23159443
2026-01-02 08:00:00+00:00,13.38,13.47,13.37,13.45,32655.142431000007
2026-01-02 09:00:00+00:00,13.44,13.571,13.4,13.52,59636.66044107002
2026-01-02 10:00:00+00:00,13.53,13.571,13.49,13.54,32379.002544679995
2026-01-02 11:00:00+00:00,13.54,13.551,13.33,13.38,28431.22221089
2026-01-02 12:00:00+00:00,13.39,13.464,13.34,13.423,18840.978609210008
2026-01-02 13:00:00+00:00,13.41,13.435,13.34,13.38,21216.449097239987
2026-01-02 14:00:00+00:00,13.37,13.422,13.08,13.28,138187.07104733
2026-01-02 15:00:00+00:00,13.28,13.324,13.09,13.27,181426.82813838
2026-01-02 16:00:00+00:00,13.28,13.51,13.26,13.5,90500.01143771
2026-01-02 17:00:00+00:00,13.48,13.631,13.48,13.602,111195.39159481996
2026-01-02 18:00:00+00:00,13.596,13.641,13.49,13.54,197834.2042688701
2026-01-02 19:00:00+00:00,13.55,13.68,13.54,13.65,53597.97714480001
2026-01-02 20:00:00+00:00,13.64,13.686,13.56,13.62,116668.85616264
2026-01-02 21:00:00+00:00,13.61,13.86,13.6,13.85,113604.83840274005
2026-01-02 22:00:00+00:00,13.86,13.97,13.78,13.83,153178.77137163
2026-01-02 23:00:00+00:00,13.83,13.836,13.75,13.81,26080.30405957
2026-01-03 00:00:00+00:00,13.81,14.0,13.81,13.89,68537.06533247001
2026-01-03 01:00:00+00:00,13.889,13.94,13.81,13.85,21111.996148220005
2026-01-03 02:00:00+00:00,13.84,13.98,13.78,13.93,27699.257481130004
2026-01-03 03:00:00+00:00,13.919,14.28,13.91,14.25,154801.90427298003
2026-01-03 04:00:00+00:00,14.25,14.27,14.06,14.1,47240.58441965999
2026-01-03 05:00:00+00:00,14.109,14.136,13.94,13.98,29116.76925805999
2026-01-03 06:00:00+00:00,13.97,14.09,13.87,13.89,49584.35497750001
2026-01-03 07:00:00+00:00,13.89,13.9,13.66,13.72,58669.998329790025
2026-01-03 08:00:00+00:00,13.71,13.87,13.71,13.83,18461.68713361
2026-01-03 09:00:00+00:00,13.83,14.01,13.79,13.94,14903.45914277
2026-01-03 10:00:00+00:00,13.95,14.0,13.9,13.959,15431.084278179997
2026-01-03 11:00:00+00:00,13.96,13.982,13.919,13.98,8306.030346170002
2026-01-03 12:00:00+00:00,13.97,14.383,13.94,14.15,103831.86651385002
2026-01-03 13:00:00+00:00,14.14,14.15,14.02,14.06,74599.57232833
2026-01-03 14:00:00+00:00,14.07,14.1,13.96,13.98,54851.75907043001
2026-01-03 15:00:00+00:00,13.98,13.98,13.813,13.86,29887.917743360005
2026-01-03 16:00:00+00:00,13.87,13.97,13.78,13.903,29717.72564214
2026-01-03 17:00:00+00:00,13.9,13.961,13.887,13.89,56373.646003019945
2026-01-03 18:00:00+00:00,13.9,13.92,13.85,13.876,21220.73483947
2026-01-03 19:00:00+00:00,13.88,13.88,13.82,13.86,18438.51177317
2026-01-03 20:00:00+00:00,13.86,13.91,13.79,13.88,35137.83874071001
2026-01-03 21:00:00+00:00,13.87,13.95,13.85,13.897,12514.740941980002
2026-01-03 22:00:00+00:00,13.91,13.99,13.867,13.97,20005.9125005
2026-01-03 23:00:00+00:00,13.97,14.012,13.93,13.99,46761.161291070006
2026-01-04 00:00:00+00:00,13.99,14.091,13.95,14.01,72935.46205832998
2026-01-04 01:00:00+00:00,14.01,14.02,13.89,13.95,28779.656784779992
2026-01-04 02:00:00+00:00,13.95,13.99,13.9,13.91,22159.14590079
2026-01-04 03:00:00+00:00,13.92,14.04,13.92,14.01,32105.620333100003
2026-01-04 04:00:00+00:00,14.01,14.06,13.97,13.99,30915.47589304001
2026-01-04 05:00:00+00:00,13.99,14.03,13.95,14.03,17867.329838770005
2026-01-04 06:00:00+00:00,14.03,14.13,13.959,14.01,135970.03753883997
2026-01-04 07:00:00+00:00,14.01,14.1,14.01,14.04,24581.995197439992
2026-01-04 08:00:00+00:00,14.04,14.04,13.96,14.03,66118.88589209005
2026-01-04 09:00:00+00:00,14.03,14.1,13.982,14.059,40954.01714734001
2026-01-04 10:00:00+00:00,14.063,14.09,14.007,14.02,15586.13381305
2026-01-04 11:00:00+00:00,14.02,14.1,14.0,14.07,19227.698889450003
2026-01-04 12:00:00+00:00,14.057,14.16,14.033,14.06,27617.04886532
2026-01-04 13:00:00+00:00,14.048,14.21,14.028,14.2,53928.51219548
2026-01-04 14:00:00+00:00,14.2,14.2,14.01,14.11,25301.48165932
2026-01-04 15:00:00+00:00,14.11,14.2,14.07,14.19,17795.460476190005
2026-01-04 16:00:00+00:00,14.19,14.27,14.14,14.23,23604.179419929995
2026-01-04 17:00:00+00:00,14.23,14.29,14.187,14.2,32782.392102710015
2026-01-04 18:00:00+00:00,14.21,14.21,14.03,14.16,40791.00087783
2026-01-04 19:00:00+00:00,14.15,14.16,13.99,14.14,17493.470420179998
2026-01-04 20:00:00+00:00,14.13,14.22,14.12,14.17,24950.34929106
2026-01-04 21:00:00+00:00,14.17,14.48,14.12,14.386,115531.33568158004
2026-01-04 22:00:00+00:00,14.39,14.47,14.23,14.28,42363.74016856
2026-01-04 23:00:00+00:00,14.28,14.37,14.2,14.24,25856.90851899
2026-01-05 00:00:00+00:00,14.24,14.35,14.2,14.3,45165.14051138
2026-01-05 01:00:00+00:00,14.3,14.52,14.26,14.44,75679.83749534002
2026-01-05 02:00:00+00:00,14.45,14.51,14.298,14.41,42271.88815983999
2026-01-05 03:00:00+00:00,14.41,14.49,14.32,14.39,26268.398428150005
2026-01-05 04:00:00+00:00,14.39,14.41,14.091,14.17,66052.20824152001
2026-01-05 05:00:00+00:00,14.18,14.25,14.096,14.12,80136.48009441
2026-01-05 06:00:00+00:00,14.11,14.27,14.064,14.245,69103.06585467
2026-01-05 07:00:00+00:00,14.27,14.33,14.19,14.27,22911.44079402
2026-01-05 08:00:00+00:00,14.25,14.36,14.23,14.23,25722.67155535
2026-01-05 09:00:00+00:00,14.215,14.24,14.13,14.17,15943.78289659
2026-01-05 10:00:00+00:00,14.18,14.35,14.17,14.21,11489.293777550003
2026-01-05 11:00:00+00:00,14.21,14.21,14.12,14.2,21053.20353686
2026-01-05 12:00:00+00:00,14.2,14.2,14.098,14.16,29422.26923205
2026-01-05 13:00:00+00:00,14.16,14.21,14.02,14.08,167478.24445288986
2026-01-05 14:00:00+00:00,14.09,14.24,14.02,14.19,190710.45981245983
2026-01-05 15:00:00+00:00,14.18,14.29,14.06,14.18,159303.28075294997
2026-01-05 16:00:00+00:00,14.18,14.18,14.026,14.12,101054.04848514004
2026-01-05 17:00:00+00:00,14.1,14.23,13.9,14.21,97853.95726097008
2026-01-05 18:00:00+00:00,14.21,14.3,14.125,14.28,82000.62813275003
2026-01-05 19:00:00+00:00,14.28,14.35,14.227,14.26,108679.53023208004
2026-01-05 20:00:00+00:00,14.28,14.47,14.26,14.43,144024.80399706
2026-01-05 21:00:00+00:00,14.43,14.52,14.369,14.48,151823.42195359
2026-01-05 22:00:00+00:00,14.46,14.72,14.446,14.56,196300.4745659002
2026-01-05 23:00:00+00:00,14.56,14.59,14.443,14.45,40307.96853912
2026-01-06 00:00:00+00:00,14.46,14.51,14.328,14.5,232462.15871589
2026-01-06 01:00:00+00:00,14.48,14.75,14.371,14.4,106507.2425467
2026-01-06 02:00:00+00:00,14.4,14.44,14.24,14.31,126026.84637067004
2026-01-06 03:00:00+00:00,14.3,14.47,14.29,14.42,59713.94587283002
2026-01-06 04:00:00+00:00,14.43,14.51,14.41,14.45,24683.62485350999
2026-01-06 05:00:00+00:00,14.44,14.47,14.338,14.38,50734.54200601002
2026-01-06 06:00:00+00:00,14.36,14.56,14.307,14.5,51239.147157660016
2026-01-06 07:00:00+00:00,14.5,14.5,14.24,14.27,51620.91815880998
2026-01-06 08:00:00+00:00,14.28,14.34,14.231,14.248,35224.89357338001
2026-01-06 09:00:00+00:00,14.27,14.45,14.243,14.368,13612.18598834
2026-01-06 10:00:00+00:00,14.39,14.49,14.363,14.45,16571.580660490003
2026-01-06 11:00:00+00:00,14.45,14.52,14.44,14.505,10562.016870980002
2026-01-06 12:00:00+00:00,14.52,14.64,14.482,14.62,19953.46544256
2026-01-06 13:00:00+00:00,14.62,14.7,14.568,14.58,46551.93830449001
2026-01-06 14:00:00+00:00,14.6,14.83,14.553,14.63,141356.09944928996
2026-01-06 15:00:00+00:00,14.63,14.7,14.418,14.53,144533.23869896
2026-01-06 16:00:00+00:00,14.53,14.61,14.416,14.5,113717.25924194
2026-01-06 17:00:00+00:00,14.49,14.53,14.28,14.34,137083.47937775005
2026-01-06 18:00:00+00:00,14.34,14.54,14.268,14.49,104064.32731472002
2026-01-06 19:00:00+00:00,14.49,14.52,14.46,14.47,35545.94823229
2026-01-06 20:00:00+00:00,14.47,14.55,14.44,14.48,34013.99322547002
2026-01-06 21:00:00+00:00,14.48,14.76,14.45,14.54,82482.66624692001
2026-01-06 22:00:00+00:00,14.54,14.59,14.479,14.5,24958.05090736
2026-01-06 23:00:00+00:00,14.52,14.62,14.502,14.59,49673.51710672999
2026-01-07 00:00:00+00:00,14.59,14.59,14.46,14.47,48554.49589286001
2026-01-07 01:00:00+00:00,14.47,14.51,14.388,14.47,88620.96698399003
2026-01-07 02:00:00+00:00,14.47,14.51,14.449,14.49,32763.10611494
2026-01-07 03:00:00+00:00,14.5,14.51,14.454,14.47,30933.42012279
2026-01-07 04:00:00+00:00,14.47,14.5,14.408,14.47,11500.60341306
2026-01-07 05:00:00+00:00,14.47,14.5,14.44,14.46,21523.03471612
2026-01-07 06:00:00+00:00,14.46,14.52,14.435,14.47,23062.97975117
2026-01-07 07:00:00+00:00,14.47,14.53,14.465,14.51,15433.54025881
2026-01-07 08:00:00+00:00,14.51,14.55,14.48,14.5,14137.485956689998
2026-01-07 09:00:00+00:00,14.5,14.5,14.417,14.45,52508.949027040006
2026-01-07 10:00:00+00:00,14.45,14.51,14.45,14.48,16373.906419050008
2026-01-07 11:00:00+00:00,14.47,14.533,14.47,14.496,21117.52046621
2026-01-07 12:00:00+00:00,14.49,14.5,14.36,14.39,19919.86704423
2026-01-07 13:00:00+00:00,14.399,14.42,14.31,14.35,32695.561586749987
2026-01-07 14:00:00+00:00,14.36,14.36,14.09,14.24,171423.01370126
2026-01-07 15:00:00+00:00,14.25,14.263,13.95,14.0,239717.53661189004
2026-01-07 16:00:00+00:00,14.01,14.061,13.88,13.99,81084.45714985004
2026-01-07 17:00:00+00:00,13.99,14.15,13.97,14.05,37441.33792737
2026-01-07 18:00:00+00:00,14.05,14.121,14.0,14.06,66887.21268282
2026-01-07 19:00:00+00:00,14.07,14.134,13.99,14.11,58122.567054539984
2026-01-07 20:00:00+00:00,14.11,14.13,14.02,14.07,19727.57277502
2026-01-07 21:00:00+00:00,14.06,14.09,14.04,14.04,12221.682390469998
2026-01-07 22:00:00+00:00,14.03,14.143,13.99,14.05,16728.94994426
2026-01-07 23:00:00+00:00,14.05,14.177,14.0,14.1,20559.452932490003
2026-01-08 00:00:00+00:00,14.1,14.16,14.04,14.13,18956.49356256
2026-01-08 01:00:00+00:00,14.14,14.217,14.1,14.19,46451.91111705001
2026-01-08 02:00:00+00:00,14.18,14.23,14.08,14.11,28258.13409714001
2026-01-08 03:00:00+00:00,14.12,14.204,13.98,14.01,26253.377023660003
2026-01-08 04:00:00+00:00,14.02,14.134,13.99,14.08,16265.070650039996
2026-01-08 05:00:00+00:00,14.08,14.12,14.0,14.02,20887.0003187
2026-01-08 06:00:00+00:00,14.03,14.03,13.77,13.78,42766.45745833
2026-01-08 07:00:00+00:00,13.79,13.92,13.66,13.89,56953.46506713002
2026-01-08 08:00:00+00:00,13.89,13.96,13.82,13.83,31831.47724156
2026-01-08 09:00:00+00:00,13.84,13.906,13.73,13.75,18451.495277359994
2026-01-08 10:00:00+00:00,13.74,13.932,13.66,13.91,35622.20122918001
2026-01-08 11:00:00+00:00,13.9,13.923,13.76,13.88,45322.891910929975
2026-01-08 12:00:00+00:00,13.87,13.881,13.75,13.78,26058.80557684
2026-01-08 13:00:00+00:00,13.78,13.82,13.7,13.75,20061.432316310005
2026-01-08 14:00:00+00:00,13.75,13.765,13.57,13.71,57560.27415640001
2026-01-08 15:00:00+00:00,13.72,13.94,13.66,13.92,48349.66073496999
2026-01-08 16:00:00+00:00,13.93,13.978,13.81,13.96,29862.30111722001
2026-01-08 17:00:00+00:00,13.96,14.03,13.9,14.01,31636.59239443001
2026-01-08 18:00:00+00:00,14.02,14.03,13.86,13.89,13176.597927949995
2026-01-08 19:00:00+00:00,13.89,13.923,13.81,13.84,10620.739209570002
2026-01-08 20:00:00+00:00,13.85,13.852,13.71,13.83,22439.77416331
2026-01-08 21:00:00+00:00,13.83,13.963,13.82,13.94,15951.737524809994
2026-01-08 22:00:00+00:00,13.959,13.989,13.87,13.92,12755.883283039995
2026-01-08 23:00:00+00:00,13.93,13.95,13.87,13.88,11669.219066010002
2026-01-09 00:00:00+00:00,13.88,13.94,13.87,13.92,6462.760754069999
2026-01-09 01:00:00+00:00,13.92,14.05,13.84,13.89,48238.66861519003
2026-01-09 02:00:00+00:00,13.89,14.017,13.88,13.89,20348.124172610005
2026-01-09 03:00:00+00:00,13.89,13.985,13.87,13.97,13827.671221989996
2026-01-09 04:00:00+00:00,13.97,13.992,13.92,13.93,10418.438890710006
2026-01-09 05:00:00+00:00,13.93,13.98,13.89,13.98,16796.841083489995
2026-01-09 06:00:00+00:00,13.996,14.03,13.94,13.99,14094.29378749999
2026-01-09 07:00:00+00:00,13.99,14.006,13.91,13.91,37740.809383979984
2026-01-09 08:00:00+00:00,13.91,13.93,13.63,13.7,53267.65009910999
2026-01-09 09:00:00+00:00,13.7,13.838,13.7,13.76,26064.44962172
2026-01-09 10:00:00+00:00,13.77,13.8,13.74,13.78,8601.39742198
2026-01-09 11:00:00+00:00,13.79,13.818,13.75,13.76,10667.242932409998
2026-01-09 12:00:00+00:00,13.76,13.77,13.69,13.71,13533.50302833
2026-01-09 13:00:00+00:00,13.7,13.88,13.7,13.82,51822.29009819999
2026-01-09 14:00:00+00:00,13.83,13.83,13.63,13.68,37371.56347754
2026-01-09 15:00:00+00:00,13.68,14.16,13.59,13.96,87811.17382502003
2026-01-09 16:00:00+00:00,13.97,14.217,13.96,14.14,53741.415474790025
2026-01-09 17:00:00+00:00,14.15,14.173,13.91,14.0,30474.006349650004
2026-01-09 18:00:00+00:00,14.0,14.03,13.72,13.85,42023.33120574999
2026-01-09 19:00:00+00:00,13.84,13.84,13.68,13.73,17933.45305634
2026-01-09 20:00:00+00:00,13.73,13.819,13.71,13.76,43057.89763092999
2026-01-09 21:00:00+00:00,13.75,13.852,13.71,13.82,39761.75353722
2026-01-09 22:00:00+00:00,13.81,13.834,13.76,13.81,19319.528209170006
2026-01-09 23:00:00+00:00,13.8,13.82,13.76,13.77,10865.62977549
2026-01-10 00:00:00+00:00,13.77,13.795,13.71,13.72,16333.8627476
2026-01-10 01:00:00+00:00,13.72,13.792,13.7,13.76,12203.013340669995
2026-01-10 02:00:00+00:00,13.76,13.803,13.68,13.7,25728.390897120004
2026-01-10 03:00:00+00:00,13.7,13.7,13.64,13.68,40882.38161225001
2026-01-10 04:00:00+00:00,13.68,13.696,13.63,13.64,12903.80692175
2026-01-10 05:00:00+00:00,13.64,13.71,13.62,13.67,9780.80117793
2026-01-10 06:00:00+00:00,13.67,13.733,13.64,13.7,16679.318375989995
2026-01-10 07:00:00+00:00,13.7,13.831,13.7,13.8,15347.393981979998
2026-01-10 08:00:00+00:00,13.79,13.81,13.73,13.77,15856.996549110005
2026-01-10 09:00:00+00:00,13.77,13.85,13.76,13.83,40170.37227028001
2026-01-10 10:00:00+00:00,13.82,13.861,13.8,13.83,14389.10020618
2026-01-10 11:00:00+00:00,13.82,13.858,13.8,13.857,11458.925351730002
2026-01-10 12:00:00+00:00,13.858,13.876,13.82,13.85,14955.111251450002
2026-01-10 13:00:00+00:00,13.85,13.872,13.81,13.84,19997.37743143
2026-01-10 14:00:00+00:00,13.85,13.855,13.79,13.8,18726.64106786
2026-01-10 15:00:00+00:00,13.8,13.838,13.78,13.82,5430.432725949999
2026-01-10 16:00:00+00:00,13.82,13.868,13.79,13.85,48753.17112214998
2026-01-10 17:00:00+00:00,13.85,13.936,13.83,13.85,43618.79214929
2026-01-10 18:00:00+00:00,13.84,13.866,13.8,13.82,14831.594533400008
2026-01-10 19:00:00+00:00,13.83,13.85,13.81,13.84,8547.237559520005
2026-01-10 20:00:00+00:00,13.85,13.878,13.79,13.82,19820.02851305
2026-01-10 21:00:00+00:00,13.832,13.837,13.75,13.75,18064.60018278
2026-01-10 22:00:00+00:00,13.75,13.764,13.67,13.68,31815.38834929999
2026-01-10 23:00:00+00:00,13.68,13.751,13.68,13.72,11422.152447290006
2026-01-11 00:00:00+00:00,13.72,13.727,13.66,13.71,17636.565592970004
2026-01-11 01:00:00+00:00,13.71,13.732,13.67,13.71,19722.24838334
2026-01-11 02:00:00+00:00,13.71,13.731,13.67,13.68,20566.312392430005
2026-01-11 03:00:00+00:00,13.68,13.74,13.68,13.71,10870.17782849
2026-01-11 04:00:00+00:00,13.71,13.76,13.7,13.75,14515.778400730002
2026-01-11 05:00:00+00:00,13.75,13.803,13.73,13.79,10699.579571090004
2026-01-11 06:00:00+00:00,13.78,13.828,13.73,13.81,20455.80129987
2026-01-11 07:00:00+00:00,13.8,13.825,13.78,13.8,13098.89459152001
2026-01-11 08:00:00+00:00,13.79,13.831,13.75,13.79,18503.21720263
2026-01-11 09:00:00+00:00,13.78,13.83,13.77,13.79,22490.56867172999
2026-01-11 10:00:00+00:00,13.78,13.8,13.75,13.78,19210.04106191001
2026-01-11 11:00:00+00:00,13.79,13.822,13.77,13.811,18138.069164230004
2026-01-11 12:00:00+00:00,13.79,13.88,13.79,13.84,23228.06965220001
2026-01-11 13:00:00+00:00,13.85,13.872,13.8,13.81,19533.832148760004
2026-01-11 14:00:00+00:00,13.82,13.964,13.8,13.94,29355.01794384001
2026-01-11 15:00:00+00:00,13.94,13.96,13.74,13.79,47450.30569298998
2026-01-11 16:00:00+00:00,13.8,13.974,13.77,13.941,48937.78368046999
2026-01-11 17:00:00+00:00,13.93,13.955,13.85,13.92,26554.174020020004
2026-01-11 18:00:00+00:00,13.93,13.93,13.84,13.88,18814.66596469
2026-01-11 19:00:00+00:00,13.88,13.94,13.81,13.82,39700.82713175
2026-01-11 20:00:00+00:00,13.82,13.83,13.62,13.71,53879.11002884001
2026-01-11 21:00:00+00:00,13.71,13.754,13.64,13.74,26030.45436533
2026-01-11 22:00:00+00:00,13.73,13.73,13.6,13.61,32995.88194613999
2026-01-11 23:00:00+00:00,13.6,13.71,13.47,13.68,56413.25733597999
2026-01-12 00:00:00+00:00,13.69,13.788,13.59,13.75,47734.87463621002
2026-01-12 01:00:00+00:00,13.767,13.895,13.74,13.83,68575.91252714
2026-01-12 02:00:00+00:00,13.83,14.076,13.82,14.04,57302.18071815
2026-01-12 03:00:00+00:00,14.05,14.209,13.96,13.97,113059.10644485996
2026-01-12 04:00:00+00:00,13.97,14.039,13.94,14.0,19863.760154010004
2026-01-12 05:00:00+00:00,14.01,14.043,13.94,13.98,21345.793100240004
2026-01-12 06:00:00+00:00,13.98,14.022,13.9,13.91,18639.93194502
2026-01-12 07:00:00+00:00,13.93,13.957,13.72,13.73,28449.32965017
2026-01-12 08:00:00+00:00,13.72,13.79,13.49,13.59,77400.14474072002
2026-01-12 09:00:00+00:00,13.59,13.653,13.55,13.6,43105.49243461
2026-01-12 10:00:00+00:00,13.6,13.633,13.54,13.57,18576.73517623001
2026-01-12 11:00:00+00:00,13.57,13.667,13.56,13.64,18075.864176020004
2026-01-12 12:00:00+00:00,13.63,13.688,13.6,13.61,16937.80110198
2026-01-12 13:00:00+00:00,13.62,13.65,13.52,13.55,26842.06518580001
2026-01-12 14:00:00+00:00,13.56,13.65,13.37,13.61,105459.81085063
2026-01-12 15:00:00+00:00,13.61,13.9,13.58,13.86,137953.98477533998
2026-01-12 16:00:00+00:00,13.86,13.981,13.82,13.85,56626.93027768
2026-01-12 17:00:00+00:00,13.85,13.9,13.54,13.71,79305.65514946998
2026-01-12 18:00:00+00:00,13.71,13.79,13.65,13.66,25286.87640596
2026-01-12 19:00:00+00:00,13.66,13.723,13.61,13.7,25779.70497696
2026-01-12 20:00:00+00:00,13.71,13.77,13.61,13.62,31804.423152870004
2026-01-12 21:00:00+00:00,13.62,13.63,13.46,13.52,39463.84218457998
2026-01-12 22:00:00+00:00,13.51,13.58,13.51,13.53,20494.08123448
2026-01-12 23:00:00+00:00,13.53,13.53,13.47,13.51,10839.319115899998
2026-01-13 00:00:00+00:00,13.49,13.54,13.48,13.54,20004.59495789
2026-01-13 01:00:00+00:00,13.52,13.594,13.46,13.52,16338.845603839993
2026-01-13 02:00:00+00:00,13.5,13.602,13.5,13.51,11681.829051779996
2026-01-13 03:00:00+00:00,13.51,13.594,13.5,13.57,19661.61689549001
2026-01-13 04:00:00+00:00,13.56,13.674,13.56,13.66,17441.57286994
2026-01-13 05:00:00+00:00,13.66,13.818,13.65,13.72,28613.66528881
2026-01-13 06:00:00+00:00,13.72,13.765,13.68,13.73,22186.56383995
2026-01-13 07:00:00+00:00,13.73,13.741,13.68,13.69,16398.118227839997
2026-01-13 08:00:00+00:00,13.7,13.829,13.7,13.78,22344.735686440006
2026-01-13 09:00:00+00:00,13.78,13.853,13.76,13.79,40973.14606898999
2026-01-13 10:00:00+00:00,13.79,13.83,13.74,13.79,25015.819603669992
2026-01-13 11:00:00+00:00,13.77,13.79,13.74,13.76,14724.49074973
2026-01-13 12:00:00+00:00,13.75,13.82,13.71,13.8,19038.77282352
2026-01-13 13:00:00+00:00,13.79,13.92,13.78,13.88,74221.79148051002
2026-01-13 14:00:00+00:00,13.87,14.09,13.83,13.96,171093.82730831995
2026-01-13 15:00:00+00:00,13.97,14.36,13.9,14.35,162384.33706179998
2026-01-13 16:00:00+00:00,14.36,14.6,14.35,14.486,227132.96717113
2026-01-13 17:00:00+00:00,14.49,14.54,14.45,14.52,104125.91136469998
2026-01-13 18:00:00+00:00,14.51,14.56,14.46,14.48,113699.47697515004
2026-01-13 19:00:00+00:00,14.48,14.52,14.46,14.51,37032.882659
2026-01-13 20:00:00+00:00,14.51,14.55,14.46,14.5,82621.82335989
2026-01-13 21:00:00+00:00,14.49,14.53,14.473,14.51,41953.04162008002
2026-01-13 22:00:00+00:00,14.52,14.85,14.493,14.76,177167.52558501012
2026-01-13 23:00:00+00:00,14.76,14.82,14.62,14.727,99209.10281066
2026-01-14 00:00:00+00:00,14.75,14.79,14.707,14.74,24042.284144069992
2026-01-14 01:00:00+00:00,14.74,14.78,14.707,14.737,25926.30891034
2026-01-14 02:00:00+00:00,14.74,14.77,14.685,14.72,25000.61293207
2026-01-14 03:00:00+00:00,14.72,14.76,14.697,14.76,14630.35543877
2026-01-14 04:00:00+00:00,14.742,14.76,14.692,14.72,43609.679772250005
2026-01-14 05:00:00+00:00,14.71,14.74,14.667,14.7,30684.33749141001
2026-01-14 06:00:00+00:00,14.7,14.72,14.649,14.7,41118.15295959999
2026-01-14 07:00:00+00:00,14.7,14.73,14.665,14.68,35585.087327559995
2026-01-14 08:00:00+00:00,14.68,14.75,14.68,14.68,44798.5935477
2026-01-14 09:00:00+00:00,14.68,14.73,14.68,14.73,8899.632462260002
2026-01-14 10:00:00+00:00,14.71,14.71,14.574,14.59,27462.13628097
2026-01-14 11:00:00+00:00,14.59,14.6,14.48,14.51,46277.34557010002
2026-01-14 12:00:00+00:00,14.51,14.56,14.49,14.53,21810.30509989999
2026-01-14 13:00:00+00:00,14.54,14.57,14.408,14.43,50361.68030927001
2026-01-14 14:00:00+00:00,14.44,14.69,14.429,14.61,66296.58782193
2026-01-14 15:00:00+00:00,14.6,14.77,14.536,14.75,104073.47754674002
2026-01-14 16:00:00+00:00,14.76,14.94,14.753,14.84,118858.40881908
2026-01-14 17:00:00+00:00,14.83,14.86,14.602,14.63,73256.92701697997
2026-01-14 18:00:00+00:00,14.61,14.65,14.404,14.55,67955.85919039001
2026-01-14 19:00:00+00:00,14.54,14.74,14.512,14.64,59432.91953422
2026-01-14 20:00:00+00:00,14.64,14.73,14.609,14.68,49518.48089077998
2026-01-14 21:00:00+00:00,14.68,14.71,14.589,14.66,20583.99397339
2026-01-14 22:00:00+00:00,14.65,14.67,14.535,14.58,25381.44082035
2026-01-14 23:00:00+00:00,14.58,14.67,14.559,14.61,25379.5151671
2026-01-15 00:00:00+00:00,14.61,14.63,14.471,14.5,38546.74482514001
2026-01-15 01:00:00+00:00,14.52,14.59,14.411,14.47,30488.140459459995
2026-01-15 02:00:00+00:00,14.47,14.49,14.288,14.34,44868.35946378998
2026-01-15 03:00:00+00:00,14.33,14.34,14.11,14.15,101294.42899848997
2026-01-15 04:00:00+00:00,14.14,14.29,14.13,14.225,45339.42446960001
2026-01-15 05:00:00+00:00,14.25,14.29,14.211,14.26,32424.74214359
2026-01-15 06:00:00+00:00,14.25,14.29,14.155,14.166,27284.273910039985
2026-01-15 07:00:00+00:00,14.18,14.37,14.16,14.34,23405.130420820005
2026-01-15 08:00:00+00:00,14.34,14.43,14.314,14.41,14509.443065629996
2026-01-15 09:00:00+00:00,14.41,14.47,14.34,14.44,55569.580058979984
2026-01-15 10:00:00+00:00,14.44,14.44,14.35,14.37,32103.37316945001
2026-01-15 11:00:00+00:00,14.37,14.4,14.29,14.3,16352.99727503
2026-01-15 12:00:00+00:00,14.3,14.38,14.29,14.37,9548.00781674
2026-01-15 13:00:00+00:00,14.354,14.41,14.32,14.37,29806.907055490006
2026-01-15 14:00:00+00:00,14.36,14.41,14.08,14.18,66512.63680938998
2026-01-15 15:00:00+00:00,14.18,14.24,13.801,14.049,87116.04763571001
2026-01-15 16:00:00+00:00,14.05,14.06,13.918,14.02,47620.79901197001
2026-01-15 17:00:00+00:00,14.01,14.07,13.889,13.91,35996.34650909
2026-01-15 18:00:00+00:00,13.91,13.94,13.72,13.74,54262.94629963001
2026-01-15 19:00:00+00:00,13.74,13.77,13.628,13.75,65678.28627869
2026-01-15 20:00:00+00:00,13.75,13.77,13.615,13.68,36265.51672066
2026-01-15 21:00:00+00:00,13.68,13.75,13.67,13.73,17813.91008910001
2026-01-15 22:00:00+00:00,13.73,13.83,13.7,13.79,62199.367314810006
2026-01-15 23:00:00+00:00,13.79,13.83,13.76,13.83,11732.964118140004
2026-01-16 00:00:00+00:00,13.82,13.86,13.766,13.82,19791.02398845
2026-01-16 01:00:00+00:00,13.81,13.83,13.741,13.77,9219.466108419996
2026-01-16 02:00:00+00:00,13.75,13.85,13.71,13.85,20034.84809082
2026-01-16 03:00:00+00:00,13.85,13.85,13.74,13.74,6190.784851809999
2026-01-16 04:00:00+00:00,13.74,13.78,13.669,13.73,25795.915994860003
2026-01-16 05:00:00+00:00,13.72,13.82,13.71,13.8,22376.62964778
2026-01-16 06:00:00+00:00,13.81,13.84,13.79,13.82,5834.352987090001
2026-01-16 07:00:00+00:00,13.81,13.83,13.77,13.8,13563.47872986
2026-01-16 08:00:00+00:00,13.81,13.87,13.8,13.82,10986.249819409994
2026-01-16 09:00:00+00:00,13.81,13.82,13.78,13.78,9149.822635460005
2026-01-16 10:00:00+00:00,13.78,13.79,13.73,13.75,9624.505066450003
2026-01-16 11:00:00+00:00,13.75,13.8,13.725,13.79,18169.22620077
2026-01-16 12:00:00+00:00,13.78,13.8,13.75,13.79,7197.654020270001
2026-01-16 13:00:00+00:00,13.79,13.8,13.71,13.77,22363.47242922
2026-01-16 14:00:00+00:00,13.76,13.81,13.75,13.76,27361.962106449995
2026-01-16 15:00:00+00:00,13.75,13.8,13.329,13.41,91879.46080162
2026-01-16 16:00:00+00:00,13.41,13.44,13.18,13.37,73640.95325440004
2026-01-16 17:00:00+00:00,13.38,13.41,13.29,13.41,27389.82342621
2026-01-16 18:00:00+00:00,13.4,13.46,13.36,13.36,20131.80020759
2026-01-16 19:00:00+00:00,13.36,13.43,13.299,13.39,21822.53754841
2026-01-16 20:00:00+00:00,13.41,13.59,13.29,13.58,30206.86410014
2026-01-16 21:00:00+00:00,13.59,13.66,13.56,13.57,32683.09575812
2026-01-16 22:00:00+00:00,13.59,13.65,13.5,13.6,15024.668988370006
2026-01-16 23:00:00+00:00,13.59,13.63,13.57,13.58,18189.11656128
2026-01-17 00:00:00+00:00,13.58,13.6,13.554,13.59,29892.76082512
2026-01-17 01:00:00+00:00,13.59,13.63,13.58,13.6,17938.645377409997
2026-01-17 02:00:00+00:00,13.6,13.6,13.54,13.57,22919.391537169988
2026-01-17 03:00:00+00:00,13.56,13.58,13.54,13.57,14038.893610329997
2026-01-17 04:00:00+00:00,13.56,13.57,13.535,13.57,11403.59420878
2026-01-17 05:00:00+00:00,13.57,13.6,13.55,13.58,14821.473348940004
2026-01-17 06:00:00+00:00,13.59,13.59,13.55,13.56,8642.111329779997
2026-01-17 07:00:00+00:00,13.56,13.6,13.523,13.6,12730.32908317
2026-01-17 08:00:00+00:00,13.593,13.7,13.593,13.68,18099.234405460003
2026-01-17 09:00:00+00:00,13.69,13.707,13.65,13.67,26073.51832667
2026-01-17 10:00:00+00:00,13.66,13.71,13.63,13.65,19327.507176880004
2026-01-17 11:00:00+00:00,13.66,13.67,13.62,13.64,16920.347888130003
2026-01-17 12:00:00+00:00,13.64,13.71,13.64,13.69,12293.874905579998
2026-01-17 13:00:00+00:00,13.69,13.78,13.68,13.76,24983.02436291
2026-01-17 14:00:00+00:00,13.77,13.96,13.74,13.9,42168.10897382
2026-01-17 15:00:00+00:00,13.91,13.93,13.83,13.89,35420.111694119994
2026-01-17 16:00:00+00:00,13.89,13.9,13.75,13.8,29654.32175228
2026-01-17 17:00:00+00:00,13.8,13.84,13.76,13.79,16068.63419717
2026-01-17 18:00:00+00:00,13.79,13.83,13.76,13.83,13117.93235138
2026-01-17 19:00:00+00:00,13.83,13.84,13.8,13.82,14115.83129423
2026-01-17 20:00:00+00:00,13.83,13.86,13.8,13.81,20862.137393990008
2026-01-17 21:00:00+00:00,13.81,13.81,13.761,13.81,18503.303312699994
2026-01-17 22:00:00+00:00,13.81,13.82,13.71,13.76,26160.930565740004
2026-01-17 23:00:00+00:00,13.75,13.78,13.715,13.73,12255.219221009998
2026-01-18 00:00:00+00:00,13.74,13.82,13.73,13.77,22858.156550929994
2026-01-18 01:00:00+00:00,13.78,13.79,13.65,13.68,31313.44899308001
2026-01-18 02:00:00+00:00,13.69,13.725,13.63,13.67,39984.40131077001
2026-01-18 03:00:00+00:00,13.68,13.71,13.66,13.66,12990.625469340006
2026-01-18 04:00:00+00:00,13.67,13.68,13.64,13.66,20379.42972648
2026-01-18 05:00:00+00:00,13.66,13.68,13.635,13.68,15559.63036445
2026-01-18 06:00:00+00:00,13.68,13.7,13.64,13.64,12518.705260270002
2026-01-18 07:00:00+00:00,13.64,13.65,13.57,13.62,33871.46543529999
2026-01-18 08:00:00+00:00,13.62,13.65,13.6,13.63,13542.118029729998
2026-01-18 09:00:00+00:00,13.63,13.65,13.61,13.64,9078.886428030002
2026-01-18 10:00:00+00:00,13.64,13.65,13.58,13.58,16985.790548399997
2026-01-18 11:00:00+00:00,13.59,13.62,13.57,13.58,8828.090843459999
2026-01-18 12:00:00+00:00,13.58,13.6,13.54,13.56,16947.282031420003
2026-01-18 13:00:00+00:00,13.55,13.59,13.52,13.56,18751.57504789
2026-01-18 14:00:00+00:00,13.56,13.62,13.49,13.51,32892.91409297
2026-01-18 15:00:00+00:00,13.51,13.57,13.48,13.57,23555.927730940013
2026-01-18 16:00:00+00:00,13.57,13.62,13.54,13.59,42946.26039303999
2026-01-18 17:00:00+00:00,13.596,13.62,13.54,13.589,14671.253095830005
2026-01-18 18:00:00+00:00,13.587,13.731,13.559,13.7,36427.10156921999
2026-01-18 19:00:00+00:00,13.7,13.72,13.62,13.66,15802.87323913
2026-01-18 20:00:00+00:00,13.66,13.72,13.65,13.69,17948.770760309995
2026-01-18 21:00:00+00:00,13.7,13.736,13.68,13.7,12891.791606729998
2026-01-18 22:00:00+00:00,13.7,13.757,13.7,13.73,12679.399209099998
2026-01-18 23:00:00+00:00,13.73,13.73,12.95,12.98,221991.67733281
2026-01-19 00:00:00+00:00,12.98,12.98,12.09,12.562,482699.0757368801
2026-01-19 01:00:00+00:00,12.57,12.69,12.5,12.614,85722.60428888998
2026-01-19 02:00:00+00:00,12.61,12.76,12.59,12.69,58054.53310453002
2026-01-19 03:00:00+00:00,12.69,12.73,12.63,12.71,36288.79532998998
2026-01-19 04:00:00+00:00,12.71,12.73,12.62,12.63,21804.46629828
2026-01-19 05:00:00+00:00,12.63,12.68,12.58,12.62,33367.02003732
2026-01-19 06:00:00+00:00,12.61,12.63,12.55,12.6,22236.92873460001
2026-01-19 07:00:00+00:00,12.6,12.65,12.6,12.64,9440.327334960002
2026-01-19 08:00:00+00:00,12.63,12.83,12.61,12.8,43335.83937526
2026-01-19 09:00:00+00:00,12.8,12.813,12.77,12.79,9575.860990519996
2026-01-19 10:00:00+00:00,12.8,12.8,12.73,12.74,10557.996368760005
2026-01-19 11:00:00+00:00,12.75,12.75,12.68,12.71,21637.62469656
2026-01-19 12:00:00+00:00,12.7,12.731,12.65,12.69,14113.37341906
2026-01-19 13:00:00+00:00,12.69,12.75,12.668,12.71,11151.6157081
2026-01-19 14:00:00+00:00,12.72,12.773,12.7,12.75,12985.203124180003
2026-01-19 15:00:00+00:00,12.75,12.79,12.67,12.72,11113.891919060005
2026-01-19 16:00:00+00:00,12.72,12.76,12.7,12.73,26053.97228527
2026-01-19 17:00:00+00:00,12.74,12.76,12.62,12.69,37107.60232923
2026-01-19 18:00:00+00:00,12.69,12.75,12.68,12.75,32144.728266599992
2026-01-19 19:00:00+00:00,12.75,12.85,12.75,12.81,28262.23933117
2026-01-19 20:00:00+00:00,12.81,12.836,12.77,12.79,24708.49247219
2026-01-19 21:00:00+00:00,12.79,12.812,12.76,12.77,23932.573434019992
2026-01-19 22:00:00+00:00,12.77,12.773,12.64,12.64,35837.70846923
2026-01-19 23:00:00+00:00,12.64,12.773,12.61,12.73,32695.69225602
2026-01-20 00:00:00+00:00,12.72,12.72,12.64,12.66,40692.975042670005
2026-01-20 01:00:00+00:00,12.657,12.74,12.61,12.67,27836.711582259995
2026-01-20 02:00:00+00:00,12.67,12.72,12.61,12.704,35225.523766499995
2026-01-20 03:00:00+00:00,12.69,12.73,12.65,12.69,24568.44145397001
2026-01-20 04:00:00+00:00,12.69,12.74,12.67,12.68,24310.60394353
2026-01-20 05:00:00+00:00,12.67,12.75,12.62,12.73,47024.147531039984
2026-01-20 06:00:00+00:00,12.73,12.73,12.52,12.57,38874.23989427
2026-01-20 07:00:00+00:00,12.58,12.64,12.54,12.55,20523.870872560004
2026-01-20 08:00:00+00:00,12.54,12.56,12.38,12.47,46529.51337846001
2026-01-20 09:00:00+00:00,12.46,12.6,12.45,12.54,54103.39311929998
2026-01-20 10:00:00+00:00,12.55,12.64,12.48,12.49,40176.55465729
2026-01-20 11:00:00+00:00,12.48,12.531,12.43,12.45,34513.58495487
2026-01-20 12:00:00+00:00,12.44,12.488,12.43,12.46,19640.532908070003
2026-01-20 13:00:00+00:00,12.46,12.46,12.32,12.32,35760.565112369986
2026-01-20 14:00:00+00:00,12.33,12.54,12.33,12.46,65684.18337721
2026-01-20 15:00:00+00:00,12.46,12.46,12.29,12.38,56936.98414573
2026-01-20 16:00:00+00:00,12.38,12.433,12.12,12.2,107197.88149080996
2026-01-20 17:00:00+00:00,12.2,12.313,12.06,12.14,82259.25911479001
2026-01-20 18:00:00+00:00,12.15,12.18,12.08,12.13,44582.76161563
2026-01-20 19:00:00+00:00,12.13,12.19,12.1,12.16,28552.97161115
2026-01-20 20:00:00+00:00,12.17,12.281,12.13,12.25,39001.91038839
2026-01-20 21:00:00+00:00,12.26,12.26,12.17,12.18,20888.65792181999
2026-01-20 22:00:00+00:00,12.18,12.226,11.96,12.12,48628.89324568001
2026-01-20 23:00:00+00:00,12.13,12.14,12.06,12.09,26452.28783448
2026-01-21 00:00:00+00:00,12.07,12.25,12.05,12.25,33090.996665800005
2026-01-21 01:00:00+00:00,12.24,12.291,12.23,12.25,23950.84467217
2026-01-21 02:00:00+00:00,12.25,12.316,12.23,12.28,22764.6245682
2026-01-21 03:00:00+00:00,12.28,12.337,12.28,12.29,10854.228401120004
2026-01-21 04:00:00+00:00,12.27,12.302,12.24,12.25,13750.28012466
2026-01-21 05:00:00+00:00,12.26,12.391,12.26,12.35,18172.289692970004
2026-01-21 06:00:00+00:00,12.36,12.36,12.23,12.25,12919.44367815
2026-01-21 07:00:00+00:00,12.24,12.307,12.2,12.248,12991.292226139998
2026-01-21 08:00:00+00:00,12.22,12.24,12.13,12.2,26481.44169306
2026-01-21 09:00:00+00:00,12.2,12.252,12.18,12.21,10839.02184469
2026-01-21 10:00:00+00:00,12.21,12.272,12.18,12.18,11614.17854358
2026-01-21 11:00:00+00:00,12.17,12.23,12.08,12.1,18383.13996302
2026-01-21 12:00:00+00:00,12.1,12.11,11.94,12.08,33797.23250773999
2026-01-21 13:00:00+00:00,12.08,12.13,12.0,12.02,20832.38023239
2026-01-21 14:00:00+00:00,12.02,12.349,12.01,12.29,59700.79701906001
2026-01-21 15:00:00+00:00,12.29,12.42,12.26,12.38,50929.51906448002
2026-01-21 16:00:00+00:00,12.39,12.408,11.87,11.91,55401.69957835
2026-01-21 17:00:00+00:00,11.91,12.041,11.88,12.02,41091.629761610006
2026-01-21 18:00:00+00:00,12.01,12.16,11.97,12.11,28826.65078901
2026-01-21 19:00:00+00:00,12.11,12.602,12.08,12.58,95376.59843041004
2026-01-21 20:00:00+00:00,12.59,12.621,12.4,12.52,45990.57849369
2026-01-21 21:00:00+00:00,12.52,12.717,12.5,12.61,32586.09382062
2026-01-21 22:00:00+00:00,12.61,12.701,12.48,12.5,40958.62568394
2026-01-21 23:00:00+00:00,12.5,12.533,12.37,12.4,36767.46928812999
2026-01-22 00:00:00+00:00,12.41,12.514,12.41,12.47,16969.021108330002
2026-01-22 01:00:00+00:00,12.47,12.59,12.46,12.57,17290.545768130003
2026-01-22 02:00:00+00:00,12.57,12.61,12.51,12.52,18670.62530743
2026-01-22 03:00:00+00:00,12.52,12.57,12.43,12.48,13582.614167240006
2026-01-22 04:00:00+00:00,12.48,12.527,12.47,12.516,10883.091264930004
2026-01-22 05:00:00+00:00,12.5,12.552,12.47,12.48,8328.18116906
2026-01-22 06:00:00+00:00,12.49,12.515,12.44,12.48,9741.76389243
2026-01-22 07:00:00+00:00,12.49,12.49,12.41,12.42,11310.022040379996
2026-01-22 08:00:00+00:00,12.42,12.463,12.35,12.44,13911.574931330004
2026-01-22 09:00:00+00:00,12.43,12.492,12.42,12.47,14075.665143739994
2026-01-22 10:00:00+00:00,12.48,12.48,12.43,12.44,9707.27537797
2026-01-22 11:00:00+00:00,12.44,12.45,12.33,12.33,26555.1684003
2026-01-22 12:00:00+00:00,12.33,12.341,12.28,12.3,13787.53297532
2026-01-22 13:00:00+00:00,12.29,12.396,12.24,12.27,35899.439258820006
2026-01-22 14:00:00+00:00,12.27,12.32,12.13,12.15,40448.80292321
2026-01-22 15:00:00+00:00,12.14,12.24,12.03,12.16,42787.28143939001
2026-01-22 16:00:00+00:00,12.16,12.264,12.12,12.22,21152.85759944
2026-01-22 17:00:00+00:00,12.22,12.24,12.11,12.19,25622.09535413
2026-01-22 18:00:00+00:00,12.19,12.19,12.08,12.1,28636.32491986
2026-01-22 19:00:00+00:00,12.122,12.19,12.07,12.16,13751.298764959996
2026-01-22 20:00:00+00:00,12.16,12.19,12.07,12.11,15410.15146501
2026-01-22 21:00:00+00:00,12.11,12.182,12.1,12.14,14068.597752839998
2026-01-22 22:00:00+00:00,12.14,12.202,12.12,12.15,13697.449197750002
2026-01-22 23:00:00+00:00,12.16,12.196,12.11,12.19,17386.54712657
2026-01-23 00:00:00+00:00,12.19,12.222,12.16,12.206,12940.727929800005
2026-01-23 01:00:00+00:00,12.19,12.29,12.19,12.29,12409.316731520004
2026-01-23 02:00:00+00:00,12.28,12.299,12.2,12.2,13451.37555803
2026-01-23 03:00:00+00:00,12.21,12.278,12.19,12.25,12990.18436367
2026-01-23 04:00:00+00:00,12.25,12.361,12.23,12.35,23708.87004698
2026-01-23 05:00:00+00:00,12.35,12.35,12.25,12.27,12360.26493679
2026-01-23 06:00:00+00:00,12.27,12.325,12.22,12.23,7198.16803668
2026-01-23 07:00:00+00:00,12.23,12.25,12.1,12.12,26625.46596306001
2026-01-23 08:00:00+00:00,12.11,12.13,12.03,12.06,14249.177701880006
2026-01-23 09:00:00+00:00,12.05,12.187,12.04,12.14,22151.637350580004
2026-01-23 10:00:00+00:00,12.13,12.172,12.11,12.15,7336.688066510004
2026-01-23 11:00:00+00:00,12.14,12.208,12.14,12.18,5347.705068070002
2026-01-23 12:00:00+00:00,12.19,12.205,12.15,12.18,11094.031958440002
2026-01-23 13:00:00+00:00,12.18,12.215,12.16,12.19,8624.606140070004
2026-01-23 14:00:00+00:00,12.19,12.205,11.98,12.05,43799.6595271
2026-01-23 15:00:00+00:00,12.06,12.25,12.0,12.23,30829.95267297
2026-01-23 16:00:00+00:00,12.22,12.356,12.16,12.29,22549.2477325
2026-01-23 17:00:00+00:00,12.26,12.49,12.23,12.36,35792.897205620015
2026-01-23 18:00:00+00:00,12.36,12.428,12.31,12.33,21024.70614242
2026-01-23 19:00:00+00:00,12.33,12.33,12.12,12.15,32226.64909446
2026-01-23 20:00:00+00:00,12.16,12.19,12.02,12.07,17241.69268986
2026-01-23 21:00:00+00:00,12.07,12.143,12.06,12.1,8789.6061235
2026-01-23 22:00:00+00:00,12.09,12.192,12.09,12.16,11058.120749409998
2026-01-23 23:00:00+00:00,12.15,12.15,12.1,12.12,5579.933463719999
2026-01-24 00:00:00+00:00,12.12,12.158,12.1,12.11,6743.8225339
2026-01-24 01:00:00+00:00,12.1,12.132,12.08,12.11,4024.0571785
2026-01-24 02:00:00+00:00,12.12,12.14,12.11,12.12,4389.55631566
2026-01-24 03:00:00+00:00,12.12,12.177,12.11,12.14,4911.778910570002
2026-01-24 04:00:00+00:00,12.13,12.174,12.13,12.174,3231.00616183
2026-01-24 05:00:00+00:00,12.15,12.15,12.12,12.13,6126.570170420001
2026-01-24 06:00:00+00:00,12.15,12.155,12.12,12.13,6805.62353416
2026-01-24 07:00:00+00:00,12.13,12.13,12.09,12.11,4363.003609639999
2026-01-24 08:00:00+00:00,12.11,12.141,12.09,12.141,2472.1153341500003
2026-01-24 09:00:00+00:00,12.12,12.12,12.07,12.07,4621.19255834
2026-01-24 10:00:00+00:00,12.08,12.086,12.05,12.08,3766.8261015
2026-01-24 11:00:00+00:00,12.08,12.124,12.07,12.1,4982.98458047
2026-01-24 12:00:00+00:00,12.1,12.144,12.09,12.11,4040.39380594
2026-01-24 13:00:00+00:00,12.11,12.11,12.06,12.06,5127.276612469999
2026-01-24 14:00:00+00:00,12.06,12.097,12.04,12.05,7993.0177685
2026-01-24 15:00:00+00:00,12.06,12.108,12.0,12.02,18005.599461809998
2026-01-24 16:00:00+00:00,12.02,12.071,11.95,12.058,13126.14127725
2026-01-24 17:00:00+00:00,12.03,12.05,12.0,12.03,7235.156146480001
2026-01-24 18:00:00+00:00,12.03,12.058,12.01,12.03,10814.694331510002
2026-01-24 19:00:00+00:00,12.03,12.044,12.0,12.02,8859.537265780002
2026-01-24 20:00:00+00:00,12.02,12.078,12.01,12.07,8079.57331451
2026-01-24 21:00:00+00:00,12.07,12.086,12.04,12.06,6908.931383469999
2026-01-24 22:00:00+00:00,12.05,12.115,12.05,12.09,3838.839199419999
2026-01-24 23:00:00+00:00,12.09,12.096,12.02,12.02,24258.46497263001
2026-01-25 00:00:00+00:00,12.03,12.065,12.01,12.05,15965.904099769998
2026-01-25 01:00:00+00:00,12.05,12.06,11.97,11.97,13890.30024605
2026-01-25 02:00:00+00:00,11.98,12.016,11.97,11.99,16082.584935089995
2026-01-25 03:00:00+00:00,11.98,12.009,11.86,11.92,24341.1398473
2026-01-25 04:00:00+00:00,11.917,11.984,11.91,11.95,6218.628367679999
2026-01-25 05:00:00+00:00,11.94,11.983,11.93,11.97,4364.707672809999
2026-01-25 06:00:00+00:00,11.97,11.97,11.91,11.92,16050.561390839996
2026-01-25 07:00:00+00:00,11.92,11.931,11.87,11.92,8965.269087179999
2026-01-25 08:00:00+00:00,11.92,11.93,11.82,11.87,21375.80053416
2026-01-25 09:00:00+00:00,11.86,11.98,11.85,11.94,17352.231023710006
2026-01-25 10:00:00+00:00,11.95,12.058,11.94,11.98,20955.59322627
2026-01-25 11:00:00+00:00,11.97,11.993,11.92,11.94,7103.482282150003
2026-01-25 12:00:00+00:00,11.93,11.948,11.86,11.92,17580.911418480006
2026-01-25 13:00:00+00:00,11.92,11.961,11.88,11.95,12749.765251189998
2026-01-25 14:00:00+00:00,11.95,11.96,11.81,11.87,11634.47610754
2026-01-25 15:00:00+00:00,11.86,11.894,11.81,11.84,11524.87222052
2026-01-25 16:00:00+00:00,11.84,11.84,11.57,11.66,96303.9527414899
2026-01-25 17:00:00+00:00,11.66,11.69,11.57,11.62,12442.97429017
2026-01-25 18:00:00+00:00,11.61,11.63,11.45,11.53,42416.38239511999
2026-01-25 19:00:00+00:00,11.53,11.545,11.22,11.3,70623.13167685001
2026-01-25 20:00:00+00:00,11.3,11.39,11.24,11.35,54777.78794576001
2026-01-25 21:00:00+00:00,11.34,11.448,11.34,11.42,28712.46822497
2026-01-25 22:00:00+00:00,11.42,11.42,11.34,11.38,16760.853529340002
2026-01-25 23:00:00+00:00,11.38,11.51,11.33,11.48,33565.46656211001
2026-01-26 00:00:00+00:00,11.48,11.572,11.46,11.56,34542.650700310005
2026-01-26 01:00:00+00:00,11.56,11.74,11.55,11.7,46345.93543436999
2026-01-26 02:00:00+00:00,11.7,11.7,11.6,11.6,27729.90960030001
2026-01-26 03:00:00+00:00,11.61,11.63,11.49,11.52,50670.076911750046
2026-01-26 04:00:00+00:00,11.52,11.64,11.52,11.58,23137.26708826
2026-01-26 05:00:00+00:00,11.59,11.61,11.57,11.6,8216.983297879999
2026-01-26 06:00:00+00:00,11.6,11.682,11.56,11.66,13491.511999569995
2026-01-26 07:00:00+00:00,11.67,11.71,11.63,11.68,15279.876229439997
2026-01-26 08:00:00+00:00,11.701,11.777,11.66,11.68,33020.91139865
2026-01-26 09:00:00+00:00,11.69,11.69,11.59,11.6,34381.023447470005
2026-01-26 10:00:00+00:00,11.6,11.666,11.6,11.64,10692.34600596
2026-01-26 11:00:00+00:00,11.65,11.702,11.64,11.65,21619.686813470005
2026-01-26 12:00:00+00:00,11.65,11.704,11.64,11.66,10750.291236830002
2026-01-26 13:00:00+00:00,11.66,11.74,11.66,11.71,17772.93525538
2026-01-26 14:00:00+00:00,11.71,11.821,11.62,11.79,40884.99010008
2026-01-26 15:00:00+00:00,11.78,11.918,11.69,11.75,44705.88011910999
2026-01-26 16:00:00+00:00,11.75,11.808,11.68,11.75,21664.185267860004
2026-01-26 17:00:00+00:00,11.73,11.784,11.61,11.69,31623.542316250005
2026-01-26 18:00:00+00:00,11.69,11.816,11.69,11.76,27982.926354810003
2026-01-26 19:00:00+00:00,11.77,11.809,11.68,11.69,22174.292304399994
2026-01-26 20:00:00+00:00,11.69,11.718,11.62,11.64,35483.813579910006
2026-01-26 21:00:00+00:00,11.64,11.802,11.62,11.74,22923.38003589
2026-01-26 22:00:00+00:00,11.75,11.794,11.71,11.74,11993.27567675
2026-01-26 23:00:00+00:00,11.74,11.791,11.7,11.72,15610.323166389995
2026-01-27 00:00:00+00:00,11.71,11.733,11.68,11.71,10357.53465734
2026-01-27 01:00:00+00:00,11.71,11.829,11.68,11.77,20739.9575363
2026-01-27 02:00:00+00:00,11.77,11.862,11.76,11.83,29535.72447444
2026-01-27 03:00:00+00:00,11.83,11.84,11.76,11.77,15462.50691901
2026-01-27 04:00:00+00:00,11.77,11.83,11.73,11.77,17911.381159100005
2026-01-27 05:00:00+00:00,11.76,11.787,11.73,11.75,12598.92259397
2026-01-27 06:00:00+00:00,11.75,11.76,11.71,11.72,8687.27401366
2026-01-27 07:00:00+00:00,11.73,11.817,11.72,11.74,14917.134770450002
2026-01-27 08:00:00+00:00,11.75,11.77,11.73,11.75,7005.428633340001
2026-01-27 09:00:00+00:00,11.74,11.757,11.67,11.68,10040.299092619998
2026-01-27 10:00:00+00:00,11.68,11.728,11.66,11.66,11909.581160019996
2026-01-27 11:00:00+00:00,11.67,11.699,11.64,11.66,6351.413356800002
2026-01-27 12:00:00+00:00,11.67,11.707,11.66,11.67,2913.82785043
2026-01-27 13:00:00+00:00,11.68,11.68,11.6,11.62,14669.993454220004
2026-01-27 14:00:00+00:00,11.62,11.748,11.58,11.61,29452.309229989994
2026-01-27 15:00:00+00:00,11.61,11.734,11.58,11.71,21986.583745690008
2026-01-27 16:00:00+00:00,11.71,11.95,11.7,11.89,25063.61867726999
2026-01-27 17:00:00+00:00,11.89,11.916,11.56,11.62,25713.74471911999
2026-01-27 18:00:00+00:00,11.62,11.888,11.6,11.83,23862.032398000003
2026-01-27 19:00:00+00:00,11.82,11.902,11.79,11.84,15250.910600410009
2026-01-27 20:00:00+00:00,11.84,12.152,11.84,12.07,32178.7615441
2026-01-27 21:00:00+00:00,12.07,12.112,12.01,12.02,50153.04462872001
2026-01-27 22:00:00+00:00,12.02,12.124,12.02,12.08,14857.485085900002
2026-01-27 23:00:00+00:00,12.08,12.19,12.07,12.11,17834.6401724
2026-01-28 00:00:00+00:00,12.12,12.164,12.05,12.14,21323.00712795999
2026-01-28 01:00:00+00:00,12.12,12.161,12.06,12.1,15693.260269000002
2026-01-28 02:00:00+00:00,12.1,12.11,12.01,12.06,17941.010514850004
2026-01-28 03:00:00+00:00,12.06,12.1,12.03,12.05,15323.868223770003
2026-01-28 04:00:00+00:00,12.05,12.06,12.01,12.048,15576.312172529995
2026-01-28 05:00:00+00:00,12.04,12.108,12.02,12.08,8513.50167679
2026-01-28 06:00:00+00:00,12.09,12.153,12.06,12.14,15492.513816590004
2026-01-28 07:00:00+00:00,12.13,12.135,12.06,12.06,10370.08745075
2026-01-28 08:00:00+00:00,12.07,12.09,12.01,12.04,6493.058169479999
2026-01-28 09:00:00+00:00,12.03,12.165,12.02,12.165,14790.483889629995
2026-01-28 10:00:00+00:00,12.16,12.224,12.12,12.167,24172.83724331
2026-01-28 11:00:00+00:00,12.16,12.233,12.1,12.22,13596.96503431
2026-01-28 12:00:00+00:00,12.22,12.28,12.11,12.15,19073.13647731
2026-01-28 13:00:00+00:00,12.14,12.239,12.12,12.13,11887.55542612
2026-01-28 14:00:00+00:00,12.15,12.15,12.03,12.07,21736.83857766
2026-01-28 15:00:00+00:00,12.06,12.1,11.93,12.0,35200.62704383
2026-01-28 16:00:00+00:00,12.0,12.047,11.94,12.0,20057.93783135
2026-01-28 17:00:00+00:00,12.0,12.12,11.91,12.07,24994.431323159995
2026-01-28 18:00:00+00:00,12.06,12.063,11.98,12.02,18617.307025170005
2026-01-28 19:00:00+00:00,12.02,12.079,11.96,12.06,28552.941410360007
2026-01-28 20:00:00+00:00,12.05,12.177,12.01,12.03,27188.09360875
2026-01-28 21:00:00+00:00,12.04,12.1,11.95,12.05,26696.9376722
2026-01-28 22:00:00+00:00,12.06,12.11,12.01,12.1,12525.304146130004
2026-01-28 23:00:00+00:00,12.11,12.153,12.04,12.06,16141.08891087
2026-01-29 00:00:00+00:00,12.06,12.07,11.94,12.0,25460.511846019992
2026-01-29 01:00:00+00:00,12.0,12.03,11.88,11.91,18834.05412881
2026-01-29 02:00:00+00:00,11.91,11.973,11.73,11.78,42004.74523446
2026-01-29 03:00:00+00:00,11.77,11.861,11.75,11.77,19300.92873286
2026-01-29 04:00:00+00:00,11.77,11.805,11.67,11.78,20071.709562000004
2026-01-29 05:00:00+00:00,11.77,11.839,11.76,11.78,13906.11306766
2026-01-29 06:00:00+00:00,11.78,11.83,11.77,11.81,5049.71671587
2026-01-29 07:00:00+00:00,11.824,11.854,11.77,11.78,22094.63683347001
2026-01-29 08:00:00+00:00,11.77,11.805,11.71,11.73,9163.02142837
2026-01-29 09:00:00+00:00,11.73,11.763,11.7,11.71,9014.167399179998
2026-01-29 10:00:00+00:00,11.723,11.734,11.68,11.69,4363.7992341
2026-01-29 11:00:00+00:00,11.713,11.713,11.62,11.64,27011.03935254
2026-01-29 12:00:00+00:00,11.64,11.662,11.51,11.54,24173.47400163999
2026-01-29 13:00:00+00:00,11.54,11.592,11.53,11.592,16763.951220540002
2026-01-29 14:00:00+00:00,11.58,11.614,11.15,11.16,135380.18389039996
2026-01-29 15:00:00+00:00,11.16,11.167,10.86,11.007,217502.08813827
2026-01-29 16:00:00+00:00,11.0,11.038,10.93,11.01,92218.68948413
2026-01-29 17:00:00+00:00,11.01,11.15,10.99,11.0,83106.34579140002
2026-01-29 18:00:00+00:00,10.99,11.03,10.79,10.81,138012.07313714002
2026-01-29 19:00:00+00:00,10.81,11.015,10.8,10.97,66231.22466514999
2026-01-29 20:00:00+00:00,10.98,11.043,10.95,11.02,52833.34683642997
2026-01-29 21:00:00+00:00,11.02,11.055,11.0,11.02,43103.67586947001
2026-01-29 22:00:00+00:00,11.02,11.055,10.98,11.02,27629.190225569982
2026-01-29 23:00:00+00:00,11.01,11.049,10.99,11.03,21992.57609439001
2026-01-30 00:00:00+00:00,11.03,11.09,11.01,11.05,23292.062644650006
2026-01-30 01:00:00+00:00,11.06,11.074,10.69,10.94,120934.40526629004
2026-01-30 02:00:00+00:00,10.95,10.96,10.75,10.9,57695.11942824999
2026-01-30 03:00:00+00:00,10.9,10.97,10.88,10.91,12790.76941493
2026-01-30 04:00:00+00:00,10.91,11.004,10.91,10.98,25810.78681765
2026-01-30 05:00:00+00:00,10.96,10.987,10.93,10.94,18889.84542439
2026-01-30 06:00:00+00:00,10.93,10.94,10.71,10.78,37142.01883010001
2026-01-30 07:00:00+00:00,10.78,10.989,10.78,10.94,23791.20834276
2026-01-30 08:00:00+00:00,10.93,10.95,10.84,10.86,25657.4272733
2026-01-30 09:00:00+00:00,10.88,10.91,10.79,10.84,27800.44221752
2026-01-30 10:00:00+00:00,10.85,10.942,10.81,10.92,14206.09827427
2026-01-30 11:00:00+00:00,10.92,11.049,10.91,10.99,18689.67905485999
2026-01-30 12:00:00+00:00,11.0,11.021,10.92,10.95,36090.164778999984
2026-01-30 13:00:00+00:00,10.95,10.95,10.82,10.86,57003.97693563
2026-01-30 14:00:00+00:00,10.86,11.016,10.86,10.93,36488.64228556
2026-01-30 15:00:00+00:00,10.94,11.0,10.79,10.93,31030.315907
2026-01-30 16:00:00+00:00,10.93,11.015,10.85,10.93,39675.17171747002
2026-01-30 17:00:00+00:00,10.94,10.993,10.86,10.92,26760.318787500004
2026-01-30 18:00:00+00:00,10.91,11.035,10.62,10.98,74486.66883976002
2026-01-30 19:00:00+00:00,10.99,11.045,10.96,10.98,65583.20414928
2026-01-30 20:00:00+00:00,10.98,10.99,10.8,10.84,65995.57844269999
2026-01-30 21:00:00+00:00,10.84,10.935,10.8,10.91,36716.65941881999
2026-01-30 22:00:00+00:00,10.91,10.91,10.82,10.88,21104.22674233
2026-01-30 23:00:00+00:00,10.89,10.9,10.82,10.86,28418.65905567
2026-01-31 00:00:00+00:00,10.86,10.874,10.83,10.85,17141.266335190005
2026-01-31 01:00:00+00:00,10.85,10.881,10.82,10.86,12666.73301376
2026-01-31 02:00:00+00:00,10.85,10.888,10.79,10.84,23683.406247979983
2026-01-31 03:00:00+00:00,10.85,10.871,10.81,10.83,11738.96439294
2026-01-31 04:00:00+00:00,10.82,10.86,10.8,10.81,7418.242123109998
2026-01-31 05:00:00+00:00,10.8,10.818,10.75,10.8,18869.15802176
2026-01-31 06:00:00+00:00,10.79,10.8,10.67,10.71,26203.138318009995
2026-01-31 07:00:00+00:00,10.71,10.73,10.57,10.64,30213.034656
2026-01-31 08:00:00+00:00,10.64,10.677,10.4,10.56,71146.49186183003
2026-01-31 09:00:00+00:00,10.56,10.655,10.54,10.59,7839.560809289998
2026-01-31 10:00:00+00:00,10.59,10.645,10.55,10.6,7933.50728232
2026-01-31 11:00:00+00:00,10.61,10.64,10.55,10.57,11778.589101869997
2026-01-31 12:00:00+00:00,10.57,10.613,10.53,10.53,11956.354584120005
2026-01-31 13:00:00+00:00,10.54,10.565,10.43,10.45,29147.21855172
2026-01-31 14:00:00+00:00,10.46,10.498,9.99,10.128,183630.51073169
2026-01-31 15:00:00+00:00,10.11,10.233,10.09,10.16,73256.02320177999
2026-01-31 16:00:00+00:00,10.16,10.28,10.01,10.06,137133.62296957005
2026-01-31 17:00:00+00:00,10.06,10.108,9.53,9.77,238030.82750470025
2026-01-31 18:00:00+00:00,9.7938,9.8563,9.08,9.77,318759.6987290498
2026-01-31 19:00:00+00:00,9.78,9.9633,9.77,9.83,108380.09744773
2026-01-31 20:00:00+00:00,9.83,9.9245,9.73,9.87,47905.32526212999
2026-01-31 21:00:00+00:00,9.86,10.004,9.82,9.97,50149.53938165
2026-01-31 22:00:00+00:00,9.97,9.9938,9.89,9.97,36048.33292419
2026-01-31 23:00:00+00:00,9.96,10.18,9.94,10.11,73935.61662697003
2026-02-01 00:00:00+00:00,10.11,10.211,10.1,10.18,26352.74424226
2026-02-01 01:00:00+00:00,10.18,10.182,10.09,10.16,26116.23692181
2026-02-01 02:00:00+00:00,10.17,10.23,10.14,10.2,15026.40422455
2026-02-01 03:00:00+00:00,10.2,10.229,10.18,10.2,22577.018386950003
2026-02-01 04:00:00+00:00,10.21,10.25,10.19,10.2,12879.440889649994
2026-02-01 05:00:00+00:00,10.2,10.23,10.15,10.15,31484.13904820001
2026-02-01 06:00:00+00:00,10.16,10.231,10.14,10.179,12879.46450783
2026-02-01 07:00:00+00:00,10.17,10.263,10.12,10.18,26440.09848209
2026-02-01 08:00:00+00:00,10.18,10.218,10.13,10.16,29891.51173909
2026-02-01 09:00:00+00:00,10.15,10.218,10.12,10.2,9500.4404036
2026-02-01 10:00:00+00:00,10.18,10.212,10.01,10.027,25798.80712639001
2026-02-01 11:00:00+00:00,10.02,10.171,10.02,10.12,13841.395046569998
2026-02-01 12:00:00+00:00,10.12,10.13,10.02,10.05,27667.60510925001
2026-02-01 13:00:00+00:00,10.06,10.149,10.03,10.06,26553.494140980005
2026-02-01 14:00:00+00:00,10.07,10.097,9.88,10.03,47548.23985167001
2026-02-01 15:00:00+00:00,10.044,10.044,9.73,9.85,76839.94853740002
2026-02-01 16:00:00+00:00,9.85,9.9203,9.75,9.86,32706.98770736999
2026-02-01 17:00:00+00:00,9.86,9.9077,9.79,9.9,25222.32829222999
2026-02-01 18:00:00+00:00,9.9,10.093,9.9,9.98,39874.32036482001
2026-02-01 19:00:00+00:00,9.98,10.014,9.83,9.88,16741.727323839998
2026-02-01 20:00:00+00:00,9.88,10.028,9.8,9.93,41104.88401395
2026-02-01 21:00:00+00:00,9.93,9.9452,9.82,9.85,39594.71181099
2026-02-01 22:00:00+00:00,9.85,10.044,9.85,9.98,40531.73535059002
2026-02-01 23:00:00+00:00,9.97,10.066,9.67,9.9,95179.12078056
2026-02-02 00:00:00+00:00,9.9305,10.092,9.84,10.01,62341.63490807998
2026-02-02 01:00:00+00:00,10.01,10.133,9.88,10.06,37378.076252440005
2026-02-02 02:00:00+00:00,10.05,10.08,9.91,9.92,35639.91716936
2026-02-02 03:00:00+00:00,9.93,9.93,9.52,9.85,145304.48001692
2026-02-02 04:00:00+00:00,9.86,10.01,9.71,9.82,52359.77978542999
2026-02-02 05:00:00+00:00,9.83,9.8429,9.59,9.7157,68271.90312846999
2026-02-02 06:00:00+00:00,9.66,9.9411,9.53,9.8,88131.51977746002
2026-02-02 07:00:00+00:00,9.81,9.9411,9.78,9.87,28022.253407820008
2026-02-02 08:00:00+00:00,9.88,9.981,9.88,9.93,15426.914234859998
2026-02-02 09:00:00+00:00,9.93,10.078,9.86,10.0,34001.723171419995
2026-02-02 10:00:00+00:00,10.0,10.03,9.95,9.97,29201.142371290007
2026-02-02 11:00:00+00:00,9.97,10.051,9.96,9.97,25421.101695009995
2026-02-02 12:00:00+00:00,9.98,10.098,9.97,10.07,20589.45818843
2026-02-02 13:00:00+00:00,10.06,10.149,10.03,10.11,30021.335042920004
2026-02-02 14:00:00+00:00,10.11,10.237,10.02,10.14,83140.33173260998
2026-02-02 15:00:00+00:00,10.14,10.321,10.12,10.24,95789.23840449996
2026-02-02 16:00:00+00:00,10.24,10.28,10.17,10.19,28386.78459575
2026-02-02 17:00:00+00:00,10.18,10.23,10.14,10.16,42278.611571230016
2026-02-02 18:00:00+00:00,10.16,10.212,10.13,10.17,29116.313942330005
2026-02-02 19:00:00+00:00,10.17,10.195,10.12,10.145,19049.03693496
2026-02-02 20:00:00+00:00,10.12,10.165,10.07,10.1,16316.218563429997
2026-02-02 21:00:00+00:00,10.1,10.186,10.1,10.14,24104.392323700005
2026-02-02 22:00:00+00:00,10.15,10.194,10.14,10.16,21944.50852678
2026-02-02 23:00:00+00:00,10.17,10.193,10.13,10.14,25689.52106187
2026-02-03 00:00:00+00:00,10.14,10.15,10.06,10.14,34116.905698309994
2026-02-03 01:00:00+00:00,10.14,10.14,10.06,10.12,16510.969678440004
2026-02-03 02:00:00+00:00,10.12,10.12,9.97,9.97,22045.11232609
2026-02-03 03:00:00+00:00,9.97,10.163,9.93,10.13,25782.15565839
2026-02-03 04:00:00+00:00,10.13,10.208,10.09,10.15,21626.59987134
2026-02-03 05:00:00+00:00,10.16,10.16,10.07,10.07,12216.888338560004
2026-02-03 06:00:00+00:00,10.07,10.133,10.03,10.12,10600.498944549998
2026-02-03 07:00:00+00:00,10.12,10.185,10.09,10.14,12141.803746010004
2026-02-03 08:00:00+00:00,10.14,10.181,10.09,10.1,10303.42396309
2026-02-03 09:00:00+00:00,10.1,10.13,9.97,10.05,53116.97688443998
2026-02-03 10:00:00+00:00,10.05,10.092,10.02,10.05,15004.447471569998
2026-02-03 11:00:00+00:00,10.05,10.122,10.04,10.07,19404.63951125
2026-02-03 12:00:00+00:00,10.07,10.173,10.04,10.13,30544.70882747
2026-02-03 13:00:00+00:00,10.13,10.171,10.12,10.14,12172.499598969998
2026-02-03 14:00:00+00:00,10.15,10.166,9.92,9.93,47889.360356410005
2026-02-03 15:00:00+00:00,9.92,10.17,9.9,10.15,103880.68367745
2026-02-03 16:00:00+00:00,10.15,10.173,9.91,9.94,63573.87829946
2026-02-03 17:00:00+00:00,9.95,9.95,9.74,9.74,89934.05658266
2026-02-03 18:00:00+00:00,9.74,9.8128,9.52,9.55,124960.08473627004
2026-02-03 19:00:00+00:00,9.55,10.017,9.54,9.96,91918.24430263994
2026-02-03 20:00:00+00:00,9.95,10.352,9.84,10.2,123796.69870985004
2026-02-03 21:00:00+00:00,10.2,10.275,10.06,10.09,47302.59195012
2026-02-03 22:00:00+00:00,10.08,10.096,9.93,9.96,30721.04901359
2026-02-03 23:00:00+00:00,9.96,9.9958,9.87,9.91,46348.05499484998
2026-02-04 00:00:00+00:00,9.91,10.034,9.88,9.97,31893.836056209995
2026-02-04 01:00:00+00:00,9.98,10.127,9.98,10.04,40352.21495426001
2026-02-04 02:00:00+00:00,10.04,10.074,9.94,10.0,16613.920989079998
2026-02-04 03:00:00+00:00,10.0,10.137,9.99,10.09,25528.73655572
2026-02-04 04:00:00+00:00,10.114,10.138,10.08,10.09,23149.45214802
2026-02-04 05:00:00+00:00,10.1,10.1,10.01,10.03,11472.718901420005
2026-02-04 06:00:00+00:00,10.04,10.156,10.02,10.12,14867.404487770003
2026-02-04 07:00:00+00:00,10.11,10.162,10.07,10.13,35692.36738304001
2026-02-04 08:00:00+00:00,10.14,10.164,10.07,10.12,26971.50158626
2026-02-04 09:00:00+00:00,10.13,10.14,10.04,10.05,11853.919601430003
2026-02-04 10:00:00+00:00,10.06,10.077,10.02,10.03,10329.77144668
2026-02-04 11:00:00+00:00,10.02,10.057,9.91,10.034,44052.09220843999
2026-02-04 12:00:00+00:00,10.01,10.042,9.96,10.0,14839.70051887
2026-02-04 13:00:00+00:00,9.99,10.0,9.85,9.85,25915.24056877
2026-02-04 14:00:00+00:00,9.86,9.9329,9.71,9.72,55015.78481921001
2026-02-04 15:00:00+00:00,9.71,9.861,9.61,9.71,65798.34164503
2026-02-04 16:00:00+00:00,9.72,9.7641,9.57,9.68,82095.68584316003
2026-02-04 17:00:00+00:00,9.68,9.7813,9.56,9.68,56161.02748481002
2026-02-04 18:00:00+00:00,9.68,9.901,9.56,9.75,79349.89859357002
2026-02-04 19:00:00+00:00,9.75,9.9609,9.69,9.91,57658.54672860999
2026-02-04 20:00:00+00:00,9.92,9.9683,9.81,9.82,22728.303722770008
2026-02-04 21:00:00+00:00,9.82,9.8591,9.6,9.7,56163.883123110005
2026-02-04 22:00:00+00:00,9.7,9.8667,9.53,9.63,86310.92997373005
2026-02-04 23:00:00+00:00,9.62,9.801,9.6,9.7,75509.582945
2026-02-05 00:00:00+00:00,9.7,9.7811,9.65,9.71,31214.690308580004
2026-02-05 01:00:00+00:00,9.71,9.8515,9.63,9.72,71033.11690662002
2026-02-05 02:00:00+00:00,9.72,9.8251,9.62,9.64,66629.38632227998
2026-02-05 03:00:00+00:00,9.63,9.7228,9.58,9.6,32177.98138385999
2026-02-05 04:00:00+00:00,9.61,9.6657,9.52,9.56,66947.79634782001
2026-02-05 05:00:00+00:00,9.57,9.6812,9.4265,9.54,70148.34436314
2026-02-05 06:00:00+00:00,9.55,9.578,9.43,9.48,39277.390975630005
2026-02-05 07:00:00+00:00,9.47,9.606,9.45,9.48,38322.4536014
2026-02-05 08:00:00+00:00,9.49,9.6412,9.49,9.55,21217.61737885
2026-02-05 09:00:00+00:00,9.55,9.6812,9.53,9.55,37739.39475065
2026-02-05 10:00:00+00:00,9.55,9.5802,9.3,9.35,72173.99313958998
2026-02-05 11:00:00+00:00,9.34,9.38,9.17,9.25,98615.73576768998
2026-02-05 12:00:00+00:00,9.25,9.3133,9.13,9.23,93267.0282136
2026-02-05 13:00:00+00:00,9.23,9.3253,9.19,9.2,66873.28201046003
2026-02-05 14:00:00+00:00,9.21,9.4454,9.16,9.18,85148.35156598002
2026-02-05 15:00:00+00:00,9.17,9.223,8.68,8.86,334642.0027605102
2026-02-05 16:00:00+00:00,8.86,9.0902,8.79,8.98,144667.58911518002
2026-02-05 17:00:00+00:00,8.98,9.02,8.71,8.81,137994.73613294997
2026-02-05 18:00:00+00:00,8.81,8.9285,8.7,8.88,109464.74220571
2026-02-05 19:00:00+00:00,8.88,8.9027,8.65,8.67,105927.67619835002
2026-02-05 20:00:00+00:00,8.67,8.759,8.24,8.35,368313.00659743015
2026-02-05 21:00:00+00:00,8.35,8.5793,8.25,8.35,159155.93520101003
2026-02-05 22:00:00+00:00,8.35,8.5338,8.23,8.38,115813.73805590002
2026-02-05 23:00:00+00:00,8.37,8.5793,8.25,8.3,79973.11104394999
2026-02-06 00:00:00+00:00,8.3,8.3472,7.53,8.23,570831.7674375598
2026-02-06 01:00:00+00:00,8.22,8.4751,8.18,8.45,137405.91852181
2026-02-06 02:00:00+00:00,8.46,8.5254,8.25,8.29,67599.95015410999
2026-02-06 03:00:00+00:00,8.3,8.3563,8.19,8.26,59683.321419
2026-02-06 04:00:00+00:00,8.26,8.4045,8.23,8.36,28050.61418115001
2026-02-06 05:00:00+00:00,8.36,8.6245,8.34,8.613,69759.23198184001
2026-02-06 06:00:00+00:00,8.6,8.6512,8.4,8.41,41921.68987633999
2026-02-06 07:00:00+00:00,8.41,8.4895,8.33,8.4,59022.64172645001
2026-02-06 08:00:00+00:00,8.41,8.4728,8.33,8.38,59268.20937569
2026-02-06 09:00:00+00:00,8.37,8.6321,8.37,8.59,77393.13006539
2026-02-06 10:00:00+00:00,8.6,8.7051,8.57,8.67,37795.785006200014
2026-02-06 11:00:00+00:00,8.67,8.7432,8.65,8.7,57141.09582054
2026-02-06 12:00:00+00:00,8.69,8.7194,8.64,8.7,52246.29941800999
2026-02-06 13:00:00+00:00,8.7,8.8523,8.69,8.79,47310.31336543
2026-02-06 14:00:00+00:00,8.8,9.03,8.72,8.97,67152.60979113002
2026-02-06 15:00:00+00:00,8.98,9.0633,8.88,9.02,69096.80033053999
2026-02-06 16:00:00+00:00,9.04,9.32,9.0,9.26,73571.35041754
2026-02-06 17:00:00+00:00,9.25,9.47,9.22,9.34,86505.05098240003
2026-02-06 18:00:00+00:00,9.34,9.36,9.12,9.22,39679.26897729
2026-02-06 19:00:00+00:00,9.22,9.273,9.15,9.24,29900.35527627999
2026-02-06 20:00:00+00:00,9.24,9.305,9.14,9.16,41411.26506631001
2026-02-06 21:00:00+00:00,9.16,9.2217,9.1,9.19,36364.12403408
2026-02-06 22:00:00+00:00,9.18,9.3363,9.17,9.31,68439.88933852
2026-02-06 23:00:00+00:00,9.31,9.3827,9.21,9.27,43726.33003778002
2026-02-07 00:00:00+00:00,9.26,9.2684,9.14,9.19,36728.27226023999
2026-02-07 01:00:00+00:00,9.19,9.2597,9.13,9.24,24168.43136861
2026-02-07 02:00:00+00:00,9.24,9.25,9.19,9.21,16447.13627486
2026-02-07 03:00:00+00:00,9.2309,9.3135,9.21,9.28,40795.84815101999
2026-02-07 04:00:00+00:00,9.28,9.373,9.24,9.26,24401.60851575
2026-02-07 05:00:00+00:00,9.2643,9.3203,9.23,9.26,30410.73077944
2026-02-07 06:00:00+00:00,9.26,9.3386,9.11,9.11,81567.93258151002
2026-02-07 07:00:00+00:00,9.11,9.1549,8.91,9.009,76134.8975965
2026-02-07 08:00:00+00:00,8.99,9.0839,8.96,9.05,19947.615991100003
2026-02-07 09:00:00+00:00,9.05,9.1004,8.98,8.99,24575.30761173
2026-02-07 10:00:00+00:00,9.0,9.0419,8.93,8.97,8796.71457651
2026-02-07 11:00:00+00:00,8.97,8.9899,8.94,8.98,10619.682245619992
2026-02-07 12:00:00+00:00,8.97,9.2675,8.97,9.16,41128.50341753002
2026-02-07 13:00:00+00:00,9.16,9.19,9.06,9.11,18952.866650310003
2026-02-07 14:00:00+00:00,9.12,9.1604,9.03,9.05,15626.711923479996
2026-02-07 15:00:00+00:00,9.05,9.2194,9.03,9.16,33560.86472771001
2026-02-07 16:00:00+00:00,9.18,9.3836,9.14,9.2,254184.49975253985
2026-02-07 17:00:00+00:00,9.2,9.2718,9.15,9.23,11719.44306112
2026-02-07 18:00:00+00:00,9.24,9.3767,9.24,9.32,26742.63425824
2026-02-07 19:00:00+00:00,9.32,9.33,9.24,9.25,5492.174696150002
2026-02-07 20:00:00+00:00,9.26,9.3288,9.23,9.31,12249.231344870002
2026-02-07 21:00:00+00:00,9.32,9.3344,9.24,9.25,18082.62411714
2026-02-07 22:00:00+00:00,9.25,9.3038,9.23,9.25,7595.235906510001
2026-02-07 23:00:00+00:00,9.25,9.2588,9.17,9.22,14811.839133659998
2026-02-08 00:00:00+00:00,9.22,9.22,9.17,9.19,10370.39463539
2026-02-08 01:00:00+00:00,9.19,9.2539,9.18,9.2,14006.51549875
2026-02-08 02:00:00+00:00,9.21,9.2531,9.14,9.17,7674.798883539998
2026-02-08 03:00:00+00:00,9.18,9.19,9.11,9.12,17254.71548782
2026-02-08 04:00:00+00:00,9.12,9.1657,9.09,9.15,14486.791374310002
2026-02-08 05:00:00+00:00,9.15,9.17,9.11,9.13,6780.92409397
2026-02-08 06:00:00+00:00,9.13,9.142,9.1,9.11,3596.26329406
2026-02-08 07:00:00+00:00,9.11,9.15,9.07,9.15,25627.24006008
2026-02-08 08:00:00+00:00,9.14,9.29,9.12,9.26,26965.522945490004
2026-02-08 09:00:00+00:00,9.26,9.26,9.15,9.17,16439.69860505
2026-02-08 10:00:00+00:00,9.18,9.2337,9.1,9.13,22422.245616050008
2026-02-08 11:00:00+00:00,9.14,9.2792,9.14,9.26,18827.43245901
2026-02-08 12:00:00+00:00,9.27,9.2792,9.21,9.25,12753.669919649998
2026-02-08 13:00:00+00:00,9.24,9.2809,9.21,9.26,23109.9622591
2026-02-08 14:00:00+00:00,9.27,9.2825,9.22,9.25,11332.965427890003
2026-02-08 15:00:00+00:00,9.25,9.2792,9.14,9.17,21470.9670864
2026-02-08 16:00:00+00:00,9.17,9.2061,9.0,9.03,29423.821255830007
2026-02-08 17:00:00+00:00,9.04,9.1198,9.04,9.09,9403.238170839995
2026-02-08 18:00:00+00:00,9.1,9.2275,9.1,9.15,12346.97020974
2026-02-08 19:00:00+00:00,9.15,9.225,9.15,9.2,11055.60593694
2026-02-08 20:00:00+00:00,9.21,9.21,9.08,9.1,12775.616089
2026-02-08 21:00:00+00:00,9.1,9.12,9.01,9.05,17870.42980651001
2026-02-08 22:00:00+00:00,9.05,9.0892,9.03,9.08,10545.51810392
2026-02-08 23:00:00+00:00,9.08,9.2565,9.0,9.07,61389.18215197
2026-02-09 00:00:00+00:00,9.07,9.1345,9.04,9.1,25404.87917042001
2026-02-09 01:00:00+00:00,9.09,9.1708,9.03,9.07,39927.42347727001
2026-02-09 02:00:00+00:00,9.07,9.1772,9.05,9.11,20378.73416733
2026-02-09 03:00:00+00:00,9.12,9.2035,9.11,9.18,14546.658046270004
2026-02-09 04:00:00+00:00,9.18,9.18,9.09,9.12,6654.376167509998
2026-02-09 05:00:00+00:00,9.11,9.152,9.09,9.13,10813.42739446
2026-02-09 06:00:00+00:00,9.12,9.1327,9.01,9.06,23725.536146859995
2026-02-09 07:00:00+00:00,9.06,9.0816,9.02,9.03,15571.216525059996
2026-02-09 08:00:00+00:00,9.02,9.04,8.85,8.92,64352.333571840005
2026-02-09 09:00:00+00:00,8.93,8.935,8.84,8.86,37228.57534152
2026-02-09 10:00:00+00:00,8.87,8.89,8.72,8.75,34676.85755389002
2026-02-09 11:00:00+00:00,8.76,8.8141,8.75,8.78,24949.597850729995
2026-02-09 12:00:00+00:00,8.78,8.8591,8.77,8.8322,25077.9445497
2026-02-09 13:00:00+00:00,8.83,8.8672,8.77,8.77,25319.278009339992
2026-02-09 14:00:00+00:00,8.77,8.94,8.74,8.9,84342.06936667998
2026-02-09 15:00:00+00:00,8.91,9.0012,8.85,8.99,27174.334645780003
2026-02-09 16:00:00+00:00,9.0,9.17,8.91,9.07,36588.43720661001
2026-02-09 17:00:00+00:00,9.06,9.1851,9.0,9.13,59987.84429775
2026-02-09 18:00:00+00:00,9.13,9.1851,9.05,9.09,33007.80876695001
2026-02-09 19:00:00+00:00,9.09,9.1346,9.06,9.11,27020.78225414
2026-02-09 20:00:00+00:00,9.11,9.1494,9.04,9.09,28339.91932210001
2026-02-09 21:00:00+00:00,9.09,9.1007,8.98,9.08,33676.17423215
2026-02-09 22:00:00+00:00,9.08,9.12,9.06,9.07,22367.17250217
2026-02-09 23:00:00+00:00,9.08,9.1124,9.04,9.05,18369.33288537
2026-02-10 00:00:00+00:00,9.05,9.06,9.0,9.01,18596.28618612
2026-02-10 01:00:00+00:00,9.01,9.115,9.0,9.09,19567.89814619
2026-02-10 02:00:00+00:00,9.08,9.0907,9.01,9.02,18537.76689134
2026-02-10 03:00:00+00:00,9.02,9.04,8.86,8.9,35774.6524727
2026-02-10 04:00:00+00:00,8.9,8.9834,8.9,8.95,21343.66353915
2026-02-10 05:00:00+00:00,8.97,8.98,8.88,8.9,17721.200673089996
2026-02-10 06:00:00+00:00,8.89,8.92,8.74,8.77,47026.65599846
2026-02-10 07:00:00+00:00,8.78,8.8587,8.77,8.82,16024.531063710005
2026-02-10 08:00:00+00:00,8.82,8.8625,8.79,8.86,8299.3943696
2026-02-10 09:00:00+00:00,8.85,8.9044,8.83,8.86,15936.253481500002
2026-02-10 10:00:00+00:00,8.86,8.8659,8.81,8.82,5878.70250216
2026-02-10 11:00:00+00:00,8.8267,8.85,8.77,8.78,15187.068913249996
2026-02-10 12:00:00+00:00,8.78,8.83,8.76,8.77,14205.124333869995
2026-02-10 13:00:00+00:00,8.76,8.82,8.74,8.8,13029.263067170004
2026-02-10 14:00:00+00:00,8.8,8.88,8.71,8.76,33725.93192119
2026-02-10 15:00:00+00:00,8.77,8.84,8.74,8.78,17530.693217890002
2026-02-10 16:00:00+00:00,8.79,8.84,8.74,8.77,23818.83588501
2026-02-10 17:00:00+00:00,8.78,8.8594,8.75,8.81,30957.28930706
2026-02-10 18:00:00+00:00,8.82,8.83,8.66,8.72,25695.771753490004
2026-02-10 19:00:00+00:00,8.71,8.77,8.68,8.73,24422.279885020005
2026-02-10 20:00:00+00:00,8.72,8.7534,8.69,8.71,17623.51560418
2026-02-10 21:00:00+00:00,8.71,8.73,8.65,8.68,20176.82152684
2026-02-10 22:00:00+00:00,8.69,8.7641,8.68,8.72,5254.653584260002
2026-02-10 23:00:00+00:00,8.73,8.753,8.7,8.74,5391.747202410002
2026-02-11 00:00:00+00:00,8.74,8.7797,8.73,8.77,22227.633989790003
2026-02-11 01:00:00+00:00,8.76,8.7919,8.74,8.77,7541.405766939998
2026-02-11 02:00:00+00:00,8.77,8.892,8.77,8.85,33725.65693089999
2026-02-11 03:00:00+00:00,8.85,8.9719,8.78,8.86,57181.25262788
2026-02-11 04:00:00+00:00,8.87,8.88,8.7,8.7369,49343.61268932
2026-02-11 05:00:00+00:00,8.74,8.7621,8.67,8.67,33369.486804470005
2026-02-11 06:00:00+00:00,8.68,8.69,8.54,8.56,43679.14727887
2026-02-11 07:00:00+00:00,8.56,8.6223,8.55,8.58,11475.87542901
2026-02-11 08:00:00+00:00,8.58,8.58,8.53,8.54,16369.64219339
2026-02-11 09:00:00+00:00,8.55,8.573,8.51,8.52,12317.779057629996
2026-02-11 10:00:00+00:00,8.52,8.54,8.47,8.52,23735.620059120003
2026-02-11 11:00:00+00:00,8.53,8.5995,8.52,8.58,8823.826847410002
2026-02-11 12:00:00+00:00,8.58,8.6213,8.56,8.58,14443.228555990005
2026-02-11 13:00:00+00:00,8.5932,8.6757,8.55,8.65,29017.554263999988
2026-02-11 14:00:00+00:00,8.66,8.901,8.53,8.55,83615.04150636002
2026-02-11 15:00:00+00:00,8.55,8.58,8.43,8.51,52144.26496734
2026-02-11 16:00:00+00:00,8.52,8.67,8.48,8.56,29707.49418574999
2026-02-11 17:00:00+00:00,8.55,8.6865,8.52,8.63,49364.1055214
2026-02-11 18:00:00+00:00,8.63,8.7519,8.58,8.71,32285.852132580003
2026-02-11 19:00:00+00:00,8.71,8.76,8.68,8.7,23235.66213987
2026-02-11 20:00:00+00:00,8.69,8.7124,8.63,8.69,27668.40683898999
2026-02-11 21:00:00+00:00,8.7,8.815,8.68,8.74,31557.70065878001
2026-02-11 22:00:00+00:00,8.75,8.75,8.66,8.67,32546.89714987
2026-02-11 23:00:00+00:00,8.66,8.69,8.58,8.63,26012.457259210005
2026-02-12 00:00:00+00:00,8.64,8.7559,8.63,8.71,25465.887891150007
2026-02-12 01:00:00+00:00,8.71,8.7882,8.71,8.72,17936.62056778
2026-02-12 02:00:00+00:00,8.72,8.7768,8.69,8.72,14673.558113349998
2026-02-12 03:00:00+00:00,8.71,8.7517,8.7,8.75,11178.51679355
2026-02-12 04:00:00+00:00,8.75,8.7779,8.72,8.73,15704.127332510005
2026-02-12 05:00:00+00:00,8.74,8.78,8.68,8.77,29333.45570348
2026-02-12 06:00:00+00:00,8.77,8.8495,8.77,8.8,18726.629412490005
2026-02-12 07:00:00+00:00,8.81,8.8489,8.78,8.83,14804.102711499998
2026-02-12 08:00:00+00:00,8.81,8.83,8.78,8.79,21520.385933290003
2026-02-12 09:00:00+00:00,8.79,8.9058,8.78,8.8937,31568.040796779995
2026-02-12 10:00:00+00:00,8.887,8.9614,8.86,8.95,23717.95491162
2026-02-12 11:00:00+00:00,8.9563,8.9797,8.9,8.91,24756.200548630004
2026-02-12 12:00:00+00:00,8.9246,8.9269,8.82,8.84,27983.16723067001
2026-02-12 13:00:00+00:00,8.8499,8.94,8.8,8.93,39351.46658949999
2026-02-12 14:00:00+00:00,8.93,8.9735,8.89,8.92,52407.071316140005
2026-02-12 15:00:00+00:00,8.92,8.95,8.8,8.8,39771.311518140006
2026-02-12 16:00:00+00:00,8.81,8.81,8.62,8.66,76039.85963968
2026-02-12 17:00:00+00:00,8.66,8.7555,8.65,8.67,21549.75568856
2026-02-12 18:00:00+00:00,8.67,8.76,8.64,8.73,27081.67352723
2026-02-12 19:00:00+00:00,8.72,8.8681,8.7,8.7829,32269.347802929995
2026-02-12 20:00:00+00:00,8.76,8.7809,8.68,8.7,29486.49454103001
2026-02-12 21:00:00+00:00,8.7,8.7727,8.7,8.73,13727.276575289998
2026-02-12 22:00:00+00:00,8.73,8.8389,8.7,8.83,15796.01817604
2026-02-12 23:00:00+00:00,8.82,8.9189,8.82,8.9,27414.00082891
2026-02-13 00:00:00+00:00,8.89,8.9347,8.82,8.85,80756.43527728005
2026-02-13 01:00:00+00:00,8.84,8.9194,8.84,8.86,19904.06413778001
2026-02-13 02:00:00+00:00,8.86,8.892,8.82,8.86,13835.567100289998
2026-02-13 03:00:00+00:00,8.86,8.9097,8.81,8.85,7886.024665920001
2026-02-13 04:00:00+00:00,8.85,8.8599,8.8,8.8,10887.08343723
2026-02-13 05:00:00+00:00,8.8,8.8487,8.77,8.78,26261.82538664
2026-02-13 06:00:00+00:00,8.79,8.8179,8.73,8.81,15805.332733230003
2026-02-13 07:00:00+00:00,8.81,8.8741,8.8,8.82,12801.71680727
2026-02-13 08:00:00+00:00,8.83,8.913,8.8,8.9,16105.5836735
2026-02-13 09:00:00+00:00,8.9,8.9,8.84,8.87,16591.14505246
2026-02-13 10:00:00+00:00,8.88,8.9171,8.86,8.89,9857.678979960005
2026-02-13 11:00:00+00:00,8.88,8.8926,8.84,8.87,5601.85396337
2026-02-13 12:00:00+00:00,8.86,8.8689,8.82,8.85,4059.07880251
2026-02-13 13:00:00+00:00,8.85,8.9561,8.83,8.91,48995.03972710001
2026-02-13 14:00:00+00:00,8.92,9.0405,8.87,8.98,61912.26571498999
2026-02-13 15:00:00+00:00,8.99,9.2217,8.99,9.1,119506.89175664003
2026-02-13 16:00:00+00:00,9.11,9.251,9.09,9.18,57835.90184181
2026-02-13 17:00:00+00:00,9.19,9.2095,9.14,9.16,11598.956289839996
2026-02-13 18:00:00+00:00,9.15,9.2085,9.12,9.18,11486.44516641
2026-02-13 19:00:00+00:00,9.18,9.213,9.16,9.18,6228.579749090001
2026-02-13 20:00:00+00:00,9.17,9.2182,9.15,9.2,9614.0923259
2026-02-13 21:00:00+00:00,9.2,9.2497,9.2,9.21,16889.004183850004
2026-02-13 22:00:00+00:00,9.22,9.2539,9.17,9.19,9392.036744199995
2026-02-13 23:00:00+00:00,9.19,9.19,9.13,9.14,11641.3194808
2026-02-14 00:00:00+00:00,9.14,9.2145,9.12,9.192,9466.095608989996
2026-02-14 01:00:00+00:00,9.18,9.2021,9.15,9.17,10193.736597420002
2026-02-14 02:00:00+00:00,9.17,9.19,9.16,9.18,6347.80658336
2026-02-14 03:00:00+00:00,9.18,9.2269,9.17,9.21,7813.201222059998
2026-02-14 04:00:00+00:00,9.2,9.21,9.17,9.17,2044.5366877
2026-02-14 05:00:00+00:00,9.17,9.19,9.14,9.16,4822.753986620001
2026-02-14 06:00:00+00:00,9.16,9.18,9.13,9.17,19307.1678731
2026-02-14 07:00:00+00:00,9.17,9.2124,9.17,9.19,7383.040589580001
2026-02-14 08:00:00+00:00,9.19,9.2797,9.19,9.26,18344.504912910004
2026-02-14 09:00:00+00:00,9.26,9.2609,9.22,9.24,5544.517537690001
2026-02-14 10:00:00+00:00,9.25,9.25,9.22,9.25,3117.394953329999
2026-02-14 11:00:00+00:00,9.24,9.3928,9.24,9.3765,73958.71351494
2026-02-14 12:00:00+00:00,9.37,9.3969,9.3,9.3,21951.39930086
2026-02-14 13:00:00+00:00,9.3,9.31,9.25,9.28,30048.22677248
2026-02-14 14:00:00+00:00,9.29,9.3816,9.28,9.38,34209.57125107
2026-02-14 15:00:00+00:00,9.38,9.39,9.33,9.39,21065.23281797
2026-02-14 16:00:00+00:00,9.39,9.4568,9.34,9.44,38074.56022403
2026-02-14 17:00:00+00:00,9.4397,9.4949,9.41,9.46,36392.71244556
2026-02-14 18:00:00+00:00,9.46,9.5692,9.459,9.56,66743.02796266001
2026-02-14 19:00:00+00:00,9.56,9.6387,9.49,9.6387,68895.91505896999
2026-02-14 20:00:00+00:00,9.63,9.6586,9.53,9.59,23528.482266600004
2026-02-14 21:00:00+00:00,9.59,9.6554,9.54,9.64,78410.67205871
2026-02-14 22:00:00+00:00,9.64,9.7212,9.63,9.64,33869.253309019994
2026-02-14 23:00:00+00:00,9.64,9.6425,9.56,9.6,19496.983938189995
2026-02-15 00:00:00+00:00,9.59,9.62,9.53,9.57,29527.708054089995
2026-02-15 01:00:00+00:00,9.57,9.646,9.51,9.57,18197.53807736
2026-02-15 02:00:00+00:00,9.56,9.6288,9.49,9.55,13554.868431380002
2026-02-15 03:00:00+00:00,9.54,9.6002,9.47,9.59,22687.91211751
2026-02-15 04:00:00+00:00,9.6034,9.705,9.58,9.61,37893.25875405001
2026-02-15 05:00:00+00:00,9.62,9.71,9.61,9.68,21468.104699600004
2026-02-15 06:00:00+00:00,9.69,9.7,9.6,9.64,10506.537681230002
2026-02-15 07:00:00+00:00,9.63,9.7507,9.63,9.711,18542.928985220005
2026-02-15 08:00:00+00:00,9.69,9.71,9.53,9.58,16402.00448161
2026-02-15 09:00:00+00:00,9.58,9.6441,9.56,9.59,7329.6936700199985
2026-02-15 10:00:00+00:00,9.58,9.59,9.51,9.54,6480.322595019997
2026-02-15 11:00:00+00:00,9.55,9.57,9.51,9.52,4810.806855299999
2026-02-15 12:00:00+00:00,9.52,9.54,9.33,9.33,35296.92722519
2026-02-15 13:00:00+00:00,9.33,9.4164,9.27,9.3,56239.515381320016
2026-02-15 14:00:00+00:00,9.29,9.38,9.29,9.37,14650.170106980002
2026-02-15 15:00:00+00:00,9.37,9.4,9.35,9.38,9167.57829958
2026-02-15 16:00:00+00:00,9.39,9.39,9.32,9.35,11932.548312850004
2026-02-15 17:00:00+00:00,9.35,9.3809,9.18,9.26,62363.949990989975
2026-02-15 18:00:00+00:00,9.25,9.2722,9.17,9.19,77956.98380328002
2026-02-15 19:00:00+00:00,9.19,9.24,9.13,9.18,35497.37582154
2026-02-15 20:00:00+00:00,9.17,9.2389,9.14,9.21,15991.199077540005
2026-02-15 21:00:00+00:00,9.22,9.2847,9.22,9.2471,5105.037717370001
2026-02-15 22:00:00+00:00,9.23,9.3076,9.22,9.27,6420.5915887
2026-02-15 23:00:00+00:00,9.28,9.3,9.2,9.28,27413.17286365
2026-02-16 00:00:00+00:00,9.27,9.3403,9.25,9.28,33987.01706762999
2026-02-16 01:00:00+00:00,9.28,9.3334,9.21,9.24,8767.88345859
2026-02-16 02:00:00+00:00,9.24,9.27,9.2,9.2,13824.832398640005
2026-02-16 03:00:00+00:00,9.21,9.24,9.2,9.24,6918.047793160001
2026-02-16 04:00:00+00:00,9.23,9.32,9.23,9.31,9748.975724900003
2026-02-16 05:00:00+00:00,9.31,9.3277,9.18,9.2,13516.536048610003
2026-02-16 06:00:00+00:00,9.2,9.2764,9.2,9.25,3171.328105779999
2026-02-16 07:00:00+00:00,9.2699,9.3075,9.23,9.25,4223.739263349999
2026-02-16 08:00:00+00:00,9.25,9.3,9.25,9.27,5662.820892310001
2026-02-16 09:00:00+00:00,9.28,9.3533,9.27,9.33,6960.96759785
2026-02-16 10:00:00+00:00,9.32,9.32,9.26,9.26,3047.85688695
2026-02-16 11:00:00+00:00,9.26,9.299,9.17,9.27,15673.29285369
2026-02-16 12:00:00+00:00,9.27,9.3813,9.0,9.36,199184.32656445992
2026-02-16 13:00:00+00:00,9.37,9.42,9.18,9.2,64161.25052449
2026-02-16 14:00:00+00:00,9.2,9.2793,9.15,9.22,58169.98508930001
2026-02-16 15:00:00+00:00,9.22,9.272,9.04,9.09,81284.67012312
2026-02-16 16:00:00+00:00,9.09,9.15,9.06,9.13,58344.67629384999
2026-02-16 17:00:00+00:00,9.13,9.187,9.1,9.15,41703.94226979
2026-02-16 18:00:00+00:00,9.15,9.1791,9.12,9.12,40640.01409632998
2026-02-16 19:00:00+00:00,9.14,9.1681,9.11,9.13,31050.49197694
2026-02-16 20:00:00+00:00,9.13,9.2231,9.11,9.2,45957.68721555999
2026-02-16 21:00:00+00:00,9.2,9.2813,9.17,9.27,41426.156723570006
2026-02-16 22:00:00+00:00,9.27,9.3139,9.25,9.25,74844.41910529001
2026-02-16 23:00:00+00:00,9.25,9.2828,9.24,9.25,36532.662103960014
2026-02-17 00:00:00+00:00,9.26,9.287,9.23,9.25,18097.83482327999
2026-02-17 01:00:00+00:00,9.24,9.27,9.21,9.22,46516.89753811
2026-02-17 02:00:00+00:00,9.22,9.3063,9.18,9.27,21724.28500174001
2026-02-17 03:00:00+00:00,9.27,9.28,9.21,9.22,6247.90065644
2026-02-17 04:00:00+00:00,9.21,9.2616,9.18,9.22,8210.006041379998
2026-02-17 05:00:00+00:00,9.22,9.23,9.13,9.17,24832.97372915
2026-02-17 06:00:00+00:00,9.17,9.213,9.17,9.19,4318.208512339998
2026-02-17 07:00:00+00:00,9.19,9.2219,9.16,9.19,7134.233358269999
2026-02-17 08:00:00+00:00,9.19,9.22,9.14,9.16,4193.98642062
2026-02-17 09:00:00+00:00,9.15,9.16,9.1,9.13,12781.362816060006
2026-02-17 10:00:00+00:00,9.12,9.13,9.05,9.08,34047.56809831999
2026-02-17 11:00:00+00:00,9.08,9.1273,9.07,9.11,9572.4770935
2026-02-17 12:00:00+00:00,9.11,9.183,9.1,9.13,6264.32235638
2026-02-17 13:00:00+00:00,9.14,9.2358,9.13,9.2065,10833.69806016
2026-02-17 14:00:00+00:00,9.19,9.236,9.01,9.04,33532.67668828
2026-02-17 15:00:00+00:00,9.03,9.1147,9.0,9.08,30661.31586142999
2026-02-17 16:00:00+00:00,9.08,9.3067,9.08,9.14,59686.48437715
2026-02-17 17:00:00+00:00,9.1558,9.16,9.04,9.08,18587.108110270005
2026-02-17 18:00:00+00:00,9.07,9.2607,9.06,9.2375,18142.90546951001
2026-02-17 19:00:00+00:00,9.22,9.2537,9.17,9.18,7734.410251330001
2026-02-17 20:00:00+00:00,9.17,9.19,9.13,9.1727,7753.218198069999
2026-02-17 21:00:00+00:00,9.16,9.2028,9.13,9.17,6208.125598640001
2026-02-17 22:00:00+00:00,9.16,9.2,9.15,9.16,5583.918012229999
2026-02-17 23:00:00+00:00,9.16,9.17,9.12,9.13,13363.61328481
2026-02-18 00:00:00+00:00,9.13,9.15,9.1,9.11,67729.31987532
2026-02-18 01:00:00+00:00,9.1,9.1229,9.06,9.09,47366.52640888
2026-02-18 02:00:00+00:00,9.1,9.1682,9.1,9.1,69900.85958683
2026-02-18 03:00:00+00:00,9.1,9.13,9.08,9.1,106991.61960094998
2026-02-18 04:00:00+00:00,9.1,9.128,9.06,9.0869,78200.94332258
2026-02-18 05:00:00+00:00,9.07,9.08,9.03,9.04,126969.43117337002
2026-02-18 06:00:00+00:00,9.04,9.0972,9.02,9.06,39271.61345655999
2026-02-18 07:00:00+00:00,9.06,9.145,9.05,9.12,18905.28538145
2026-02-18 08:00:00+00:00,9.12,9.213,9.12,9.13,11376.2079528
2026-02-18 09:00:00+00:00,9.14,9.14,9.11,9.11,4739.22844537
2026-02-18 10:00:00+00:00,9.12,9.15,9.08,9.09,15505.452842639996
2026-02-18 11:00:00+00:00,9.1089,9.1089,8.99,9.03,3603.745989299999
2026-02-18 12:00:00+00:00,9.04,9.06,9.01,9.04,4190.413161829999
2026-02-18 13:00:00+00:00,9.05,9.06,8.97,8.99,8734.280671170001
2026-02-18 14:00:00+00:00,8.99,9.0339,8.94,9.02,16381.0102238
2026-02-18 15:00:00+00:00,9.02,9.2042,9.02,9.12,18011.09454656
2026-02-18 16:00:00+00:00,9.12,9.12,9.01,9.02,11379.449330820002
2026-02-18 17:00:00+00:00,9.03,9.115,9.01,9.01,13969.093619759997
2026-02-18 18:00:00+00:00,9.01,9.02,8.9,8.93,31307.295468400007
2026-02-18 19:00:00+00:00,8.92,9.15,8.76,8.89,188730.58366525
2026-02-18 20:00:00+00:00,8.89,8.92,8.85,8.87,58469.22425759
2026-02-18 21:00:00+00:00,8.8928,8.9146,8.85,8.85,17449.79765563
2026-02-18 22:00:00+00:00,8.85,8.8742,8.8,8.85,16669.889478060006
2026-02-18 23:00:00+00:00,8.85,8.8713,8.83,8.86,15846.714278409998
2026-02-19 00:00:00+00:00,8.85,8.87,8.83,8.84,14407.723827709997
2026-02-19 01:00:00+00:00,8.84,8.913,8.84,8.9,16789.112248259993
2026-02-19 02:00:00+00:00,8.91,8.9309,8.87,8.9,12938.80938047
2026-02-19 03:00:00+00:00,8.89,8.9292,8.88,8.92,16559.672608819998
2026-02-19 04:00:00+00:00,8.91,8.94,8.89,8.9,10435.76459339
2026-02-19 05:00:00+00:00,8.9,8.9,8.84,8.87,4285.32643709
2026-02-19 06:00:00+00:00,8.87,8.93,8.87,8.91,3531.81808481
2026-02-19 07:00:00+00:00,8.9,8.92,8.88,8.91,8999.95764651
2026-02-19 08:00:00+00:00,8.9,8.9,8.81,8.8468,13601.256247220004
2026-02-19 09:00:00+00:00,8.84,8.88,8.82,8.83,8487.45077385
2026-02-19 10:00:00+00:00,8.841,8.8572,8.81,8.83,20503.78964188
2026-02-19 11:00:00+00:00,8.83,8.84,8.78,8.79,19520.997280540003
2026-02-19 12:00:00+00:00,8.79,8.8231,8.77,8.8,21341.43416378
2026-02-19 13:00:00+00:00,8.79,8.8,8.66,8.71,26684.89046443
2026-02-19 14:00:00+00:00,8.7,8.8131,8.69,8.78,31037.64245179
2026-02-19 15:00:00+00:00,8.78,8.8668,8.76,8.82,94303.93506314995
2026-02-19 16:00:00+00:00,8.82,8.9125,8.73,8.84,29545.97831642
2026-02-19 17:00:00+00:00,8.84,8.9393,8.77,8.79,25484.201575129995
2026-02-19 18:00:00+00:00,8.8,8.9191,8.79,8.89,16048.197525549998
2026-02-19 19:00:00+00:00,8.89,8.91,8.83,8.8922,13364.24323268
2026-02-19 20:00:00+00:00,8.89,8.9323,8.86,8.9,31642.03301631001
2026-02-19 21:00:00+00:00,8.9,8.92,8.88,8.89,8301.064325369998
2026-02-19 22:00:00+00:00,8.89,8.91,8.85,8.9,7248.325023079999
2026-02-19 23:00:00+00:00,8.9,8.93,8.88,8.89,35611.2054979
2026-02-20 00:00:00+00:00,8.9,8.9721,8.89,8.94,13412.413291359995
2026-02-20 01:00:00+00:00,8.93,8.9529,8.91,8.93,13853.22420455
2026-02-20 02:00:00+00:00,8.93,8.951,8.91,8.93,14166.084766820002
2026-02-20 03:00:00+00:00,8.93,8.9697,8.92,8.94,8297.501155979997
2026-02-20 04:00:00+00:00,8.94,8.952,8.88,8.91,7887.224001709998
2026-02-20 05:00:00+00:00,8.92,9.0399,8.9,9.0,29880.85009059
2026-02-20 06:00:00+00:00,9.0,9.0927,8.99,9.08,30068.22196586
2026-02-20 07:00:00+00:00,9.08,9.2912,9.08,9.19,78537.20380231
2026-02-20 08:00:00+00:00,9.2,9.2704,9.19,9.22,41958.14353826999
2026-02-20 09:00:00+00:00,9.22,9.3362,9.22,9.294,57358.86824668
2026-02-20 10:00:00+00:00,9.29,9.366,9.22,9.2384,50149.58867329
2026-02-20 11:00:00+00:00,9.2389,9.241,9.1,9.11,26809.90862634001
2026-02-20 12:00:00+00:00,9.12,9.1371,9.08,9.1,18493.166809570004
2026-02-20 13:00:00+00:00,9.09,9.12,8.93,8.98,45376.99322111001
2026-02-20 14:00:00+00:00,8.98,9.0637,8.98,9.0264,29223.09599373
2026-02-20 15:00:00+00:00,9.03,9.1938,9.02,9.17,63650.55901577997
2026-02-20 16:00:00+00:00,9.18,9.24,9.1,9.16,38476.10982406
2026-02-20 17:00:00+00:00,9.15,9.1628,9.0,9.15,51230.43445743
2026-02-20 18:00:00+00:00,9.15,9.1856,9.09,9.14,23623.99470908999
2026-02-20 19:00:00+00:00,9.14,9.15,9.1,9.15,20237.65248212
2026-02-20 20:00:00+00:00,9.15,9.165,9.09,9.13,20382.781445559995
2026-02-20 21:00:00+00:00,9.13,9.1608,9.11,9.15,21534.070243450005
2026-02-20 22:00:00+00:00,9.14,9.17,9.12,9.14,22214.763282700005
2026-02-20 23:00:00+00:00,9.15,9.22,9.06,9.17,127459.26655577
2026-02-21 00:00:00+00:00,9.17,9.1814,9.11,9.13,8124.437355420001
2026-02-21 01:00:00+00:00,9.14,9.15,9.11,9.15,5379.653663270001
2026-02-21 02:00:00+00:00,9.15,9.2039,9.14,9.19,11450.782284049996
2026-02-21 03:00:00+00:00,9.19,9.2,9.13,9.16,11058.792108159996
2026-02-21 04:00:00+00:00,9.16,9.18,9.14,9.17,14389.257355859998
2026-02-21 05:00:00+00:00,9.19,9.2155,9.18,9.2,12311.97438203
2026-02-21 06:00:00+00:00,9.2,9.2154,9.13,9.1608,10758.82626746
2026-02-21 07:00:00+00:00,9.1564,9.1707,9.13,9.15,6843.882166330002
2026-02-21 08:00:00+00:00,9.15,9.227,9.14,9.2209,22777.14080302
2026-02-21 09:00:00+00:00,9.221,9.266,9.19,9.23,21603.918418980007
2026-02-21 10:00:00+00:00,9.23,9.2942,9.23,9.26,15121.469814430002
2026-02-21 11:00:00+00:00,9.2656,9.301,9.25,9.27,19976.565300830003
2026-02-21 12:00:00+00:00,9.27,9.2927,9.24,9.28,14061.33660886
2026-02-21 13:00:00+00:00,9.2934,9.3522,9.27,9.34,26427.38004877
2026-02-21 14:00:00+00:00,9.35,9.4551,9.32,9.359,64633.55800996001
2026-02-21 15:00:00+00:00,9.35,9.3825,9.26,9.28,27776.099022949995
2026-02-21 16:00:00+00:00,9.29,9.29,9.2,9.23,29914.156012950007
2026-02-21 17:00:00+00:00,9.22,9.2849,9.2,9.27,11341.337986020004
2026-02-21 18:00:00+00:00,9.27,9.3123,9.26,9.3,9706.027570799995
2026-02-21 19:00:00+00:00,9.3,9.31,9.25,9.26,8292.475850150002
2026-02-21 20:00:00+00:00,9.26,9.28,9.15,9.1631,15510.41669814
2026-02-21 21:00:00+00:00,9.15,9.2,9.14,9.19,9473.616861599998
2026-02-21 22:00:00+00:00,9.2,9.2039,9.15,9.16,18409.53399632
2026-02-21 23:00:00+00:00,9.15,9.17,9.1,9.11,32002.93712408
2026-02-22 00:00:00+00:00,9.11,9.1173,9.02,9.075,51534.418490659984
2026-02-22 01:00:00+00:00,9.06,9.1011,9.04,9.08,33191.49446163999
2026-02-22 02:00:00+00:00,9.08,9.11,9.03,9.03,20747.986749850003
2026-02-22 03:00:00+00:00,9.03,9.06,9.01,9.05,18454.148259559995
2026-02-22 04:00:00+00:00,9.04,9.06,9.03,9.04,10577.592907709995
2026-02-22 05:00:00+00:00,9.04,9.05,8.99,9.009,15624.221693139998
2026-02-22 06:00:00+00:00,9.0,9.02,8.96,9.01,28359.82499926
2026-02-22 07:00:00+00:00,9.0,9.0253,9.0,9.01,10846.328037640002
2026-02-22 08:00:00+00:00,9.01,9.02,8.97,8.98,14544.091185599998
2026-02-22 09:00:00+00:00,8.98,8.99,8.97,8.99,9896.48237052
2026-02-22 10:00:00+00:00,8.99,9.0669,8.99,9.03,15964.409401850002
2026-02-22 11:00:00+00:00,9.02,9.04,9.0,9.0,6207.501520950001
2026-02-22 12:00:00+00:00,9.01,9.01,8.91,8.93,21738.60173708
2026-02-22 13:00:00+00:00,8.93,8.9356,8.87,8.9,43765.90808664999
2026-02-22 14:00:00+00:00,8.9,8.91,8.84,8.87,14099.84896118
2026-02-22 15:00:00+00:00,8.86,8.9001,8.82,8.88,14215.180826940004
2026-02-22 16:00:00+00:00,8.89,8.89,8.85,8.87,9032.368971980002
2026-02-22 17:00:00+00:00,8.87,8.87,8.79,8.82,45121.49924104001
2026-02-22 18:00:00+00:00,8.81,8.84,8.8,8.82,21074.5958149
2026-02-22 19:00:00+00:00,8.82,8.83,8.8,8.82,12682.809021670004
2026-02-22 20:00:00+00:00,8.829,8.829,8.79,8.8,13542.120426749996
2026-02-22 21:00:00+00:00,8.8,8.84,8.79,8.81,13311.714360450003
2026-02-22 22:00:00+00:00,8.82,8.8717,8.81,8.86,6736.738008280002
2026-02-22 23:00:00+00:00,8.86,8.89,8.83,8.88,9230.585973640002
2026-02-23 00:00:00+00:00,8.86,8.8976,8.77,8.78,23134.44069698
2026-02-23 01:00:00+00:00,8.78,8.78,8.35,8.36,158520.26137452998
2026-02-23 02:00:00+00:00,8.36,8.441,8.33,8.41,34575.47512976
2026-02-23 03:00:00+00:00,8.42,8.4665,8.37,8.42,22455.563241119995
2026-02-23 04:00:00+00:00,8.42,8.4339,8.34,8.37,31773.28933009001
2026-02-23 05:00:00+00:00,8.36,8.4523,8.36,8.43,14398.96550055
2026-02-23 06:00:00+00:00,8.43,8.5831,8.43,8.57,14701.021513030002
2026-02-23 07:00:00+00:00,8.58,8.6136,8.55,8.57,5542.5036972
2026-02-23 08:00:00+00:00,8.569,8.569,8.5,8.51,6539.90183563
2026-02-23 09:00:00+00:00,8.52,8.7238,8.52,8.69,12139.26402304
2026-02-23 10:00:00+00:00,8.7,8.7338,8.67,8.68,5136.110699739998
2026-02-23 11:00:00+00:00,8.69,8.7179,8.64,8.65,13770.941694040002
2026-02-23 12:00:00+00:00,8.65,8.7842,8.65,8.73,6489.95536935
2026-02-23 13:00:00+00:00,8.74,8.7409,8.68,8.69,6925.5581524
2026-02-23 14:00:00+00:00,8.69,8.7028,8.57,8.64,32899.309047430004
2026-02-23 15:00:00+00:00,8.64,8.65,8.56,8.57,34139.77127215001
2026-02-23 16:00:00+00:00,8.57,8.6269,8.51,8.55,35240.445343390005
2026-02-23 17:00:00+00:00,8.56,8.5829,8.34,8.43,85922.74755732997
2026-02-23 18:00:00+00:00,8.43,8.5228,8.41,8.41,33768.887715289995
2026-02-23 19:00:00+00:00,8.42,8.4418,8.36,8.37,25316.572133020003
2026-02-23 20:00:00+00:00,8.36,8.37,8.27,8.35,36438.00599564998
2026-02-23 21:00:00+00:00,8.3561,8.4291,8.34,8.4,21830.08059876
2026-02-23 22:00:00+00:00,8.4,8.45,8.4,8.41,11949.108950020003
2026-02-23 23:00:00+00:00,8.41,8.44,8.35,8.37,21136.5397617
2026-02-24 00:00:00+00:00,8.37,8.4415,8.37,8.41,15576.861881159995
2026-02-24 01:00:00+00:00,8.41,8.4501,8.21,8.37,48359.12854264
2026-02-24 02:00:00+00:00,8.37,8.4215,8.35,8.38,26418.36093358
2026-02-24 03:00:00+00:00,8.38,8.3829,8.27,8.3,20629.667906160004
2026-02-24 04:00:00+00:00,8.3,8.3233,8.24,8.26,32384.04988084
2026-02-24 05:00:00+00:00,8.27,8.3145,8.21,8.25,30479.141853739995
2026-02-24 06:00:00+00:00,8.25,8.289,8.23,8.24,20608.171123
2026-02-24 07:00:00+00:00,8.24,8.2812,8.22,8.25,12954.124994639997
2026-02-24 08:00:00+00:00,8.25,8.3328,8.23,8.32,5244.360142599999
2026-02-24 09:00:00+00:00,8.3,8.31,8.23,8.28,8784.649294600002
2026-02-24 10:00:00+00:00,8.28,8.3,8.26,8.28,11008.070463409997
2026-02-24 11:00:00+00:00,8.28,8.3387,8.26,8.31,30523.50704147
2026-02-24 12:00:00+00:00,8.31,8.3643,8.3,8.3091,6524.44348214
2026-02-24 13:00:00+00:00,8.3,8.3111,8.2,8.26,30675.706461509995
2026-02-24 14:00:00+00:00,8.25,8.3815,8.18,8.32,24844.17989567
2026-02-24 15:00:00+00:00,8.33,8.3651,8.3,8.33,15197.59992217
2026-02-24 16:00:00+00:00,8.34,8.42,8.32,8.4025,25772.30643863
2026-02-24 17:00:00+00:00,8.4041,8.4115,8.36,8.39,16311.159657589998
2026-02-24 18:00:00+00:00,8.38,8.44,8.34,8.39,16956.311155590007
2026-02-24 19:00:00+00:00,8.39,8.4295,8.32,8.35,24335.75564888
2026-02-24 20:00:00+00:00,8.34,8.3831,8.34,8.36,13309.7106304
2026-02-24 21:00:00+00:00,8.35,8.3602,8.29,8.31,31496.86144334
2026-02-24 22:00:00+00:00,8.31,8.3476,8.29,8.32,9072.34046584
2026-02-24 23:00:00+00:00,8.32,8.32,8.25,8.29,9608.57115884
2026-02-25 00:00:00+00:00,8.28,8.3322,8.27,8.33,9892.27069033
2026-02-25 01:00:00+00:00,8.32,8.7,8.32,8.62,95179.72307738
2026-02-25 02:00:00+00:00,8.62,8.717,8.61,8.63,55576.91611825999
2026-02-25 03:00:00+00:00,8.63,8.64,8.5,8.52,26260.04135532
2026-02-25 04:00:00+00:00,8.52,8.5749,8.45,8.54,33545.79303779001
2026-02-25 05:00:00+00:00,8.53,8.54,8.42,8.47,17623.863950659997
2026-02-25 06:00:00+00:00,8.48,8.5453,8.48,8.5,7961.630241429999
2026-02-25 07:00:00+00:00,8.5,8.59,8.5,8.57,9416.612201600004
2026-02-25 08:00:00+00:00,8.58,8.641,8.54,8.6394,11035.974668210005
2026-02-25 09:00:00+00:00,8.62,8.7585,8.62,8.73,24107.48325565001
2026-02-25 10:00:00+00:00,8.74,8.8339,8.74,8.79,41623.850364180005
2026-02-25 11:00:00+00:00,8.8,8.9908,8.77,8.97,99253.79545731004
2026-02-25 12:00:00+00:00,8.97,9.3419,8.96,9.3,262877.56291878
2026-02-25 13:00:00+00:00,9.31,9.52,9.31,9.38,232950.58328008009
2026-02-25 14:00:00+00:00,9.39,9.4958,9.32,9.47,521440.89492391015
2026-02-25 15:00:00+00:00,9.47,9.6046,9.45,9.52,247290.9543721899
2026-02-25 16:00:00+00:00,9.53,9.8219,9.53,9.802,119420.64094394
2026-02-25 17:00:00+00:00,9.79,9.8223,9.61,9.67,91698.99837665
2026-02-25 18:00:00+00:00,9.67,9.7753,9.58,9.73,58514.11642386001
2026-02-25 19:00:00+00:00,9.73,9.7808,9.63,9.75,56955.45367968999
2026-02-25 20:00:00+00:00,9.75,9.7927,9.64,9.68,51174.96220771
2026-02-25 21:00:00+00:00,9.69,9.841,9.64,9.7,81596.90653832004
2026-02-25 22:00:00+00:00,9.71,9.7502,9.53,9.59,53165.64451544001
2026-02-25 23:00:00+00:00,9.58,9.6585,9.41,9.51,87595.74236082999
2026-02-26 00:00:00+00:00,9.51,9.6419,9.48,9.52,64220.34113658
2026-02-26 01:00:00+00:00,9.52,9.5827,9.49,9.5,37498.44499733002
2026-02-26 02:00:00+00:00,9.5,9.5239,9.43,9.49,39092.26764753
2026-02-26 03:00:00+00:00,9.48,9.5009,9.42,9.46,40090.46635208
2026-02-26 04:00:00+00:00,9.45,9.5705,9.45,9.5,21371.98043045001
2026-02-26 05:00:00+00:00,9.5,9.5043,9.41,9.43,56505.99249344
2026-02-26 06:00:00+00:00,9.43,9.47,9.35,9.36,80948.27605672
2026-02-26 07:00:00+00:00,9.37,9.3934,9.33,9.33,30037.30945295
2026-02-26 08:00:00+00:00,9.33,9.3866,9.31,9.32,27429.69340554999
2026-02-26 09:00:00+00:00,9.32,9.4202,9.31,9.39,43808.4948333
2026-02-26 10:00:00+00:00,9.38,9.41,9.27,9.29,27943.55254065999
2026-02-26 11:00:00+00:00,9.3,9.31,9.24,9.25,49868.73341951
2026-02-26 12:00:00+00:00,9.25,9.3728,9.23,9.35,17578.24826707
2026-02-26 13:00:00+00:00,9.36,9.3858,9.32,9.34,16043.93118844
2026-02-26 14:00:00+00:00,9.34,9.4,9.27,9.33,41973.42952885
2026-02-26 15:00:00+00:00,9.33,9.36,9.17,9.31,87840.64674263002
2026-02-26 16:00:00+00:00,9.31,9.3303,9.09,9.1,139962.68979006002
2026-02-26 17:00:00+00:00,9.11,9.1959,9.1,9.12,32087.77404428
2026-02-26 18:00:00+00:00,9.12,9.2408,9.1,9.22,61110.77636229
2026-02-26 19:00:00+00:00,9.22,9.3577,9.22,9.31,80829.43192611
2026-02-26 20:00:00+00:00,9.3,9.3417,9.23,9.25,21289.04480914
2026-02-26 21:00:00+00:00,9.25,9.28,9.22,9.24,31073.14211313
2026-02-26 22:00:00+00:00,9.24,9.39,9.24,9.32,77749.86782620999
2026-02-26 23:00:00+00:00,9.33,9.34,9.29,9.31,13996.739727850005
2026-02-27 00:00:00+00:00,9.31,9.32,9.26,9.29,11694.80521368
2026-02-27 01:00:00+00:00,9.28,9.3201,9.25,9.3,12913.297794090007
2026-02-27 02:00:00+00:00,9.31,9.3875,9.31,9.35,24057.2300121
2026-02-27 03:00:00+00:00,9.36,9.4353,9.31,9.42,26026.058129239995
2026-02-27 04:00:00+00:00,9.41,9.4923,9.39,9.4,49797.36085637
2026-02-27 05:00:00+00:00,9.4,9.432,9.38,9.41,33155.90068787
2026-02-27 06:00:00+00:00,9.41,9.448,9.37,9.41,56155.84592201997
2026-02-27 07:00:00+00:00,9.41,9.42,9.34,9.39,21515.9858605
2026-02-27 08:00:00+00:00,9.38,9.4353,9.37,9.38,11631.44235167
2026-02-27 09:00:00+00:00,9.38,9.39,9.26,9.28,20095.22538547
2026-02-27 10:00:00+00:00,9.28,9.28,9.08,9.1,80355.97928745
2026-02-27 11:00:00+00:00,9.1,9.1423,8.99,9.04,85824.54413749003
2026-02-27 12:00:00+00:00,9.03,9.0674,9.0,9.02,36736.759355440015
2026-02-27 13:00:00+00:00,9.02,9.05,8.92,9.01,87801.02370134996
2026-02-27 14:00:00+00:00,9.01,9.01,8.93,8.96,98112.32807577998
2026-02-27 15:00:00+00:00,8.96,9.0334,8.95,9.02,26342.49590897
2026-02-27 16:00:00+00:00,9.02,9.02,8.9,8.92,32294.740350180007
2026-02-27 17:00:00+00:00,8.91,8.9612,8.87,8.96,43872.41190607999
2026-02-27 18:00:00+00:00,8.96,8.9983,8.93,8.94,25522.791612810004
2026-02-27 19:00:00+00:00,8.93,8.96,8.86,8.9,38069.37604441
2026-02-27 20:00:00+00:00,8.9,8.92,8.88,8.9,22160.73378649
2026-02-27 21:00:00+00:00,8.91,8.9504,8.87,8.9,14391.005373559998
2026-02-27 22:00:00+00:00,8.9,8.9109,8.78,8.89,24775.038019969983
2026-02-27 23:00:00+00:00,8.9,8.9729,8.9,8.95,12201.123153230004
2026-02-28 00:00:00+00:00,8.95,8.9813,8.94,8.96,17795.25947909
2026-02-28 01:00:00+00:00,8.9674,8.97,8.89,8.91,10004.219019730002
2026-02-28 02:00:00+00:00,8.91,8.94,8.91,8.93,7007.06144148
2026-02-28 03:00:00+00:00,8.93,8.93,8.88,8.88,11688.639189639998
2026-02-28 04:00:00+00:00,8.88,8.9,8.85,8.88,17347.280767400003
2026-02-28 05:00:00+00:00,8.89,8.9132,8.86,8.89,12975.0484606
2026-02-28 06:00:00+00:00,8.88,8.89,8.51,8.55,196154.31144866004
2026-02-28 07:00:00+00:00,8.54,8.74,8.49,8.62,42356.15093827
2026-02-28 08:00:00+00:00,8.6251,8.6251,8.47,8.48,51735.67477147
2026-02-28 09:00:00+00:00,8.49,8.51,8.43,8.49,28417.781281400003
2026-02-28 10:00:00+00:00,8.47,8.55,8.44,8.51,32896.99030565
2026-02-28 11:00:00+00:00,8.51,8.57,8.47,8.48,20942.56940776999
2026-02-28 12:00:00+00:00,8.47,8.52,8.47,8.52,38341.15974707
2026-02-28 13:00:00+00:00,8.52,8.7119,8.49,8.7,38701.27348682004
2026-02-28 14:00:00+00:00,8.7,8.76,8.59,8.61,60023.53063110001
2026-02-28 15:00:00+00:00,8.61,8.6691,8.55,8.63,41507.11954310998
2026-02-28 16:00:00+00:00,8.64,8.69,8.62,8.6865,12200.220862729995
2026-02-28 17:00:00+00:00,8.68,8.75,8.64,8.74,34707.60653895
2026-02-28 18:00:00+00:00,8.74,8.96,8.72,8.9,51570.91894743
2026-02-28 19:00:00+00:00,8.9,9.0,8.83,8.92,74280.06086415001
2026-02-28 20:00:00+00:00,8.93,9.1788,8.92,9.14,201434.03616313983
2026-02-28 21:00:00+00:00,9.15,9.1994,9.09,9.12,85236.82788823
2026-02-28 22:00:00+00:00,9.13,9.2735,9.13,9.21,66850.95187529999
2026-02-28 23:00:00+00:00,9.21,9.2168,9.13,9.16,43068.12519265
2026-03-01 00:00:00+00:00,9.18,9.2193,9.14,9.14,24862.4788638
2026-03-01 01:00:00+00:00,9.1415,9.34,9.05,9.27,120690.02971710998
2026-03-01 02:00:00+00:00,9.27,9.43,9.27,9.35,123385.87196243
2026-03-01 03:00:00+00:00,9.35,9.384,9.23,9.26,33882.29389333999
2026-03-01 04:00:00+00:00,9.27,9.297,9.18,9.26,31555.59271143001
2026-03-01 05:00:00+00:00,9.27,9.3058,9.26,9.2719,9875.043100469997
2026-03-01 06:00:00+00:00,9.27,9.2774,9.16,9.19,26141.24152442
2026-03-01 07:00:00+00:00,9.19,9.2374,9.16,9.21,9109.51802488
2026-03-01 08:00:00+00:00,9.22,9.2644,9.13,9.14,21684.12671096
2026-03-01 09:00:00+00:00,9.14,9.231,9.11,9.14,32477.56100679001
2026-03-01 10:00:00+00:00,9.14,9.19,9.11,9.16,23033.081065020004
2026-03-01 11:00:00+00:00,9.17,9.19,9.12,9.12,11073.326583159997
2026-03-01 12:00:00+00:00,9.13,9.14,9.07,9.08,22054.96490824
2026-03-01 13:00:00+00:00,9.07,9.2214,9.03,9.17,52476.64276944002
2026-03-01 14:00:00+00:00,9.17,9.2416,9.12,9.14,21598.661462360003
2026-03-01 15:00:00+00:00,9.14,9.206,9.13,9.13,24875.308266389995
2026-03-01 16:00:00+00:00,9.14,9.1756,8.97,9.03,36294.95258732001
2026-03-01 17:00:00+00:00,9.02,9.052,8.94,9.005,57284.63184358999
2026-03-01 18:00:00+00:00,9.0,9.1098,9.0,9.03,29284.87476973
2026-03-01 19:00:00+00:00,9.03,9.04,8.94,8.95,57432.76406972
2026-03-01 20:00:00+00:00,8.95,8.96,8.84,8.8717,74412.48793621999
2026-03-01 21:00:00+00:00,8.8744,8.96,8.87,8.94,15243.0633586
2026-03-01 22:00:00+00:00,8.94,9.09,8.94,8.96,68437.75797204004
2026-03-01 23:00:00+00:00,8.97,9.07,8.95,9.03,17976.129993909995
2026-03-02 00:00:00+00:00,9.03,9.1386,9.01,9.1,30438.18494686
2026-03-02 01:00:00+00:00,9.1,9.2022,9.08,9.11,34994.306259430006
2026-03-02 02:00:00+00:00,9.11,9.13,9.02,9.05,18521.959740859988
2026-03-02 03:00:00+00:00,9.06,9.1462,9.03,9.12,21598.94715985
2026-03-02 04:00:00+00:00,9.13,9.14,9.08,9.09,16787.56474709
2026-03-02 05:00:00+00:00,9.1,9.1226,9.06,9.06,10600.308444539996
2026-03-02 06:00:00+00:00,9.0701,9.0701,8.94,8.95,30706.43951581
2026-03-02 07:00:00+00:00,8.95,8.96,8.88,8.9403,40550.52704138002
2026-03-02 08:00:00+00:00,8.93,8.9848,8.86,8.9848,39033.77755012
2026-03-02 09:00:00+00:00,8.98,9.0321,8.96,8.9722,14127.455074820002
2026-03-02 10:00:00+00:00,8.96,8.9735,8.93,8.96,12357.66898142
2026-03-02 11:00:00+00:00,8.97,9.01,8.93,8.97,14410.174972730005
2026-03-02 12:00:00+00:00,8.98,8.99,8.94,8.95,13731.678594809997
2026-03-02 13:00:00+00:00,8.96,8.9823,8.9,8.91,29870.324845870004
2026-03-02 14:00:00+00:00,8.92,9.16,8.9,9.14,70615.78402459998
2026-03-02 15:00:00+00:00,9.14,9.39,9.13,9.31,245281.88879772
2026-03-02 16:00:00+00:00,9.3115,9.48,9.31,9.3712,144356.03749216
2026-03-02 17:00:00+00:00,9.37,9.3758,9.19,9.28,69580.60811538
2026-03-02 18:00:00+00:00,9.27,9.2975,9.2,9.24,37289.23493870001
2026-03-02 19:00:00+00:00,9.23,9.2544,9.18,9.24,33134.04843765999
2026-03-02 20:00:00+00:00,9.24,9.2831,9.19,9.23,45887.94103452
2026-03-02 21:00:00+00:00,9.23,9.23,9.17,9.22,33586.60665408001
2026-03-02 22:00:00+00:00,9.22,9.2857,9.21,9.27,16950.36760098
2026-03-02 23:00:00+00:00,9.27,9.28,9.1453,9.17,25813.10159022
2026-03-03 00:00:00+00:00,9.17,9.2411,9.15,9.21,22921.89439891
2026-03-03 01:00:00+00:00,9.21,9.2559,9.16,9.16,18862.17922506
2026-03-03 02:00:00+00:00,9.16,9.1823,9.08,9.16,35290.468399320016
2026-03-03 03:00:00+00:00,9.16,9.1722,9.11,9.15,9214.89502334
2026-03-03 04:00:00+00:00,9.15,9.177,9.1,9.12,8962.911327990001
2026-03-03 05:00:00+00:00,9.11,9.1971,9.07,9.1,20072.33468012
2026-03-03 06:00:00+00:00,9.1,9.12,9.07,9.1164,23477.02758553
2026-03-03 07:00:00+00:00,9.1,9.14,9.09,9.12,8541.211524250002
2026-03-03 08:00:00+00:00,9.11,9.13,8.99,9.0,40921.16394743
2026-03-03 09:00:00+00:00,9.0,9.0508,8.967,8.99,27935.4977059
2026-03-03 10:00:00+00:00,8.99,9.0099,8.95,8.99,32508.21958227
2026-03-03 11:00:00+00:00,8.98,9.02,8.98,9.02,16461.733113039998
2026-03-03 12:00:00+00:00,9.02,9.12,9.01,9.05,18908.01504899001
2026-03-03 13:00:00+00:00,9.06,9.06,8.95,8.97,29482.489726900007
2026-03-03 14:00:00+00:00,8.96,9.08,8.9,8.96,62603.32723557
2026-03-03 15:00:00+00:00,8.96,9.18,8.94,9.17,49903.84434843
2026-03-03 16:00:00+00:00,9.17,9.33,9.1,9.21,84954.70060131999
2026-03-03 17:00:00+00:00,9.21,9.25,9.13,9.24,34507.29365253
2026-03-03 18:00:00+00:00,9.25,9.3176,9.21,9.24,33781.48906037001
2026-03-03 19:00:00+00:00,9.25,9.25,9.16,9.18,41549.12570535999
2026-03-03 20:00:00+00:00,9.18,9.19,9.13,9.14,25045.21861631001
2026-03-03 21:00:00+00:00,9.15,9.15,9.07,9.11,20703.95635466999
2026-03-03 22:00:00+00:00,9.11,9.203,9.11,9.16,15228.501570760009
2026-03-03 23:00:00+00:00,9.17,9.248,9.17,9.18,14515.41479392
2026-03-04 00:00:00+00:00,9.18,9.2097,9.1384,9.18,29384.12824456
2026-03-04 01:00:00+00:00,9.17,9.2493,9.15,9.1806,19660.323415010003
2026-03-04 02:00:00+00:00,9.19,9.23,9.15,9.22,25624.70464805
2026-03-04 03:00:00+00:00,9.21,9.23,9.1,9.171,21239.55479366999
2026-03-04 04:00:00+00:00,9.18,9.2021,9.06,9.11,36080.67811689
2026-03-04 05:00:00+00:00,9.11,9.12,9.0,9.05,47200.49738202999
2026-03-04 06:00:00+00:00,9.05,9.1063,9.0,9.08,31684.954144360006
2026-03-04 07:00:00+00:00,9.076,9.2,9.05,9.19,37216.57989265001
2026-03-04 08:00:00+00:00,9.18,9.4157,9.16,9.38,69952.74371081997
2026-03-04 09:00:00+00:00,9.38,9.4963,9.35,9.39,83721.45558765995
2026-03-04 10:00:00+00:00,9.39,9.44,9.33,9.34,25640.977959879987
2026-03-04 11:00:00+00:00,9.34,9.38,9.28,9.3,45784.04835054
2026-03-04 12:00:00+00:00,9.3053,9.3215,9.24,9.32,29849.112873559992
2026-03-04 13:00:00+00:00,9.32,9.38,9.32,9.35,24401.79751206001
2026-03-04 14:00:00+00:00,9.345,9.53,9.3423,9.3807,60788.91135675997
2026-03-04 15:00:00+00:00,9.38,9.73,9.38,9.71,123171.31909386002
2026-03-04 16:00:00+00:00,9.72,9.75,9.53,9.58,113742.32499627
2026-03-04 17:00:00+00:00,9.58,9.6405,9.51,9.61,75072.91040345002
2026-03-04 18:00:00+00:00,9.61,9.642,9.53,9.64,38162.85829806
2026-03-04 19:00:00+00:00,9.64,9.7808,9.62,9.6649,81006.01990576
2026-03-04 20:00:00+00:00,9.6769,9.69,9.5783,9.5783,31485.60686467999
2026-03-04 21:00:00+00:00,9.59,9.59,9.52,9.55,49874.73468931
2026-03-04 22:00:00+00:00,9.56,9.61,9.47,9.49,27441.861325179994
2026-03-04 23:00:00+00:00,9.48,9.52,9.43,9.5,44044.14616749999
2026-03-05 00:00:00+00:00,9.5,9.5,9.44,9.47,29452.57219599
2026-03-05 01:00:00+00:00,9.4733,9.54,9.41,9.4337,30139.552264510003
2026-03-05 02:00:00+00:00,9.44,9.52,9.43,9.48,38216.01403785999
2026-03-05 03:00:00+00:00,9.48,9.5,9.43,9.46,15157.689564140004
2026-03-05 04:00:00+00:00,9.45,9.51,9.44,9.48,20763.57032294
2026-03-05 05:00:00+00:00,9.48,9.49,9.39,9.4066,19635.63944083
2026-03-05 06:00:00+00:00,9.41,9.46,9.3591,9.44,47042.38569888
2026-03-05 07:00:00+00:00,9.45,9.45,9.34,9.39,25503.27040211
2026-03-05 08:00:00+00:00,9.39,9.44,9.36,9.43,34162.17744071
2026-03-05 09:00:00+00:00,9.43,9.51,9.43,9.47,20678.31293156999
2026-03-05 10:00:00+00:00,9.47,9.58,9.4477,9.55,20230.472976320005
2026-03-05 11:00:00+00:00,9.56,9.57,9.43,9.45,23656.926993540008
2026-03-05 12:00:00+00:00,9.45,9.53,9.43,9.51,34100.97406025
2026-03-05 13:00:00+00:00,9.51,9.51,9.39,9.43,49424.65532943001
2026-03-05 14:00:00+00:00,9.43,9.52,9.42,9.51,47623.24690084
2026-03-05 15:00:00+00:00,9.51,9.52,9.3459,9.4,54076.13192876
2026-03-05 16:00:00+00:00,9.41,9.41,9.28,9.38,64712.176611890005
2026-03-05 17:00:00+00:00,9.38,9.43,9.2654,9.28,60185.81438111
2026-03-05 18:00:00+00:00,9.28,9.37,9.2656,9.36,42299.96613323999
2026-03-05 19:00:00+00:00,9.37,9.46,9.3671,9.38,52196.16812511
2026-03-05 20:00:00+00:00,9.39,9.5,9.38,9.4703,28420.09341276
2026-03-05 21:00:00+00:00,9.48,9.51,9.42,9.43,33357.63708878001
2026-03-05 22:00:00+00:00,9.4401,9.4401,9.3929,9.42,6960.929350950001
2026-03-05 23:00:00+00:00,9.408,9.43,9.37,9.37,14590.93956216
2026-03-06 00:00:00+00:00,9.38,9.4,9.36,9.38,8272.16669397
2026-03-06 01:00:00+00:00,9.37,9.44,9.33,9.44,26976.69590365999
2026-03-06 02:00:00+00:00,9.43,9.45,9.38,9.39,15653.473381710006
2026-03-06 03:00:00+00:00,9.4,9.42,9.38,9.41,6505.702400779999
2026-03-06 04:00:00+00:00,9.41,9.43,9.34,9.37,10343.690672480005
2026-03-06 05:00:00+00:00,9.37,9.39,9.3154,9.37,16103.03605748
2026-03-06 06:00:00+00:00,9.37,9.4,9.34,9.37,10817.20982969
2026-03-06 07:00:00+00:00,9.37,9.47,9.35,9.45,13008.16760082
2026-03-06 08:00:00+00:00,9.46,9.46,9.39,9.4,9335.285319670002
2026-03-06 09:00:00+00:00,9.41,9.41,9.28,9.32,42916.38855263
2026-03-06 10:00:00+00:00,9.32,9.38,9.31,9.34,10028.430268930006
2026-03-06 11:00:00+00:00,9.34,9.34,9.25,9.26,34884.83592614
2026-03-06 12:00:00+00:00,9.2486,9.26,9.17,9.22,37148.28585901998
2026-03-06 13:00:00+00:00,9.22,9.25,9.0857,9.1,62175.51183564997
2026-03-06 14:00:00+00:00,9.1,9.1,8.93,8.97,96995.39154776998
2026-03-06 15:00:00+00:00,8.97,9.05,8.9488,8.98,36405.82312229
2026-03-06 16:00:00+00:00,8.98,9.01,8.9358,8.97,20817.44390604
2026-03-06 17:00:00+00:00,8.97,9.0,8.88,8.93,32354.439756
2026-03-06 18:00:00+00:00,8.92,8.99,8.92,8.97,18150.882904949995
2026-03-06 19:00:00+00:00,8.97,9.0,8.95,8.97,26960.050185699994
2026-03-06 20:00:00+00:00,8.97,8.97,8.92,8.96,22092.59297262
2026-03-06 21:00:00+00:00,8.96,9.04,8.9549,9.04,30433.147139799992
2026-03-06 22:00:00+00:00,9.04,9.07,9.02,9.06,23652.36316796
2026-03-06 23:00:00+00:00,9.06,9.07,9.019,9.03,16007.521348380002
2026-03-07 00:00:00+00:00,9.02,9.06,9.0,9.05,9681.45187208
2026-03-07 01:00:00+00:00,9.04,9.05,9.03,9.04,6050.914451489999
2026-03-07 02:00:00+00:00,9.04,9.05,9.02,9.05,6411.8943036
2026-03-07 03:00:00+00:00,9.04,9.08,9.0188,9.03,6760.194237040002
2026-03-07 04:00:00+00:00,9.02,9.03,8.98,9.01,11966.03591979
2026-03-07 05:00:00+00:00,9.01,9.03,9.0,9.02,6262.34251163
2026-03-07 06:00:00+00:00,9.01,9.02,8.97,8.98,5049.388794260001
2026-03-07 07:00:00+00:00,8.99,9.02,8.96,9.02,5009.121281510001
2026-03-07 08:00:00+00:00,9.02,9.05,9.0,9.0,3851.9076352899992
2026-03-07 09:00:00+00:00,9.01,9.03,8.9898,9.02,4095.7507188800014
2026-03-07 10:00:00+00:00,9.03,9.04,9.0,9.0,3944.49834151
2026-03-07 11:00:00+00:00,9.0,9.06,8.99,9.02,6714.410321249999
2026-03-07 12:00:00+00:00,9.02,9.03,8.99,8.99,5421.90363353
2026-03-07 13:00:00+00:00,8.99,9.01,8.98,9.0,7849.988648920003
2026-03-07 14:00:00+00:00,9.0,9.01,8.94,8.99,14996.620336590002
2026-03-07 15:00:00+00:00,9.0,9.02,8.94,8.97,28642.640242580004
2026-03-07 16:00:00+00:00,8.97,8.98,8.95,8.98,4605.6908194200005
2026-03-07 17:00:00+00:00,8.98,9.02,8.98,9.0,9560.94130716
2026-03-07 18:00:00+00:00,9.0,9.0,8.9286,8.94,25334.93052361
2026-03-07 19:00:00+00:00,8.94,8.95,8.87,8.89,20636.679087620007
2026-03-07 20:00:00+00:00,8.89,8.93,8.89,8.93,7541.27234825
2026-03-07 21:00:00+00:00,8.93,8.94,8.91,8.93,9921.36977768
2026-03-07 22:00:00+00:00,8.94,8.94,8.88,8.89,17003.29243187
2026-03-07 23:00:00+00:00,8.9,8.92,8.89,8.91,7065.98599032
2026-03-08 00:00:00+00:00,8.91,8.93,8.88,8.89,11033.724243700002
2026-03-08 01:00:00+00:00,8.89,8.92,8.88,8.91,20361.75180185999
2026-03-08 02:00:00+00:00,8.91,8.91,8.8186,8.83,28557.10505238
2026-03-08 03:00:00+00:00,8.83,8.87,8.82,8.85,25580.77162726
2026-03-08 04:00:00+00:00,8.86,8.87,8.79,8.82,19294.476029099995
2026-03-08 05:00:00+00:00,8.82,8.89,8.82,8.87,6948.937689529999
2026-03-08 06:00:00+00:00,8.87,8.87,8.84,8.86,4298.20142731
2026-03-08 07:00:00+00:00,8.86,8.9003,8.86,8.88,4454.644032949999
2026-03-08 08:00:00+00:00,8.89,8.89,8.84,8.87,5274.89971352
2026-03-08 09:00:00+00:00,8.87,8.95,8.86,8.94,5025.234635350001
2026-03-08 10:00:00+00:00,8.93,9.0124,8.93,8.98,8417.903583860003
2026-03-08 11:00:00+00:00,8.98,8.98,8.89,8.92,6811.80146618
2026-03-08 12:00:00+00:00,8.92,9.02,8.85,8.96,25332.602790009994
2026-03-08 13:00:00+00:00,8.96,8.97,8.85,8.9,8008.770814859999
2026-03-08 14:00:00+00:00,8.9,8.93,8.8682,8.9,4306.599188160001
2026-03-08 15:00:00+00:00,8.9,8.9,8.85,8.87,6923.326822370001
2026-03-08 16:00:00+00:00,8.87,8.88,8.81,8.84,11414.36666385
2026-03-08 17:00:00+00:00,8.84,8.88,8.83,8.85,5780.565565570001
2026-03-08 18:00:00+00:00,8.87,8.87,8.8215,8.85,9736.281460900003
2026-03-08 19:00:00+00:00,8.85,8.9801,8.85,8.97,15448.589395590005
2026-03-08 20:00:00+00:00,8.95,8.99,8.92,8.9325,6750.225674119999
2026-03-08 21:00:00+00:00,8.93,8.94,8.86,8.91,9850.21819688
2026-03-08 22:00:00+00:00,8.9,8.9,8.6881,8.84,97507.55811745994
2026-03-08 23:00:00+00:00,8.85,8.89,8.79,8.81,21595.87139072
2026-03-09 00:00:00+00:00,8.82,8.98,8.81,8.9,18833.62726828
2026-03-09 01:00:00+00:00,8.9,8.93,8.85,8.85,14793.474664660003
2026-03-09 02:00:00+00:00,8.8464,8.94,8.82,8.92,15671.12625506
2026-03-09 03:00:00+00:00,8.92,9.091,8.91,8.97,48461.25381572
2026-03-09 04:00:00+00:00,8.98,9.0412,8.98,8.99,17187.918749219996
2026-03-09 05:00:00+00:00,8.99,9.26,8.989,9.21,147110.99455504
2026-03-09 06:00:00+00:00,9.21,9.29,9.12,9.12,135194.42102064003
2026-03-09 07:00:00+00:00,9.13,9.13,9.02,9.08,28715.34064410999
2026-03-09 08:00:00+00:00,9.09,9.1529,9.08,9.09,28033.25876249
2026-03-09 09:00:00+00:00,9.09,9.1751,9.04,9.11,32758.12189083
2026-03-09 10:00:00+00:00,9.11,9.13,9.04,9.06,13626.58122741
2026-03-09 11:00:00+00:00,9.06,9.09,9.0,9.09,18411.19902469
2026-03-09 12:00:00+00:00,9.09,9.17,9.08,9.14,18447.58954874
2026-03-09 13:00:00+00:00,9.13,9.34,9.12,9.28,69734.8394918
2026-03-09 14:00:00+00:00,9.28,9.3232,9.2,9.26,39224.107386350006
2026-03-09 15:00:00+00:00,9.26,9.29,9.21,9.28,17307.49148968
2026-03-09 16:00:00+00:00,9.28,9.3368,9.28,9.29,22750.1230764
2026-03-09 17:00:00+00:00,9.29,9.33,9.24,9.26,24296.451762890007
2026-03-09 18:00:00+00:00,9.25,9.3,9.21,9.24,20860.8956374
2026-03-09 19:00:00+00:00,9.25,9.54,9.23,9.4,54466.96459899998
2026-03-09 20:00:00+00:00,9.39,9.43,9.33,9.37,39664.10919732001
2026-03-09 21:00:00+00:00,9.37,9.4,9.32,9.36,11625.835746569996
2026-03-09 22:00:00+00:00,9.36,9.3801,9.24,9.25,31641.64090802999
2026-03-09 23:00:00+00:00,9.25,9.29,9.23,9.27,15342.75593789
2026-03-10 00:00:00+00:00,9.26,9.37,9.25,9.33,7299.823145790003
2026-03-10 01:00:00+00:00,9.32,9.38,9.31,9.35,20990.478606070003
2026-03-10 02:00:00+00:00,9.35,9.51,9.32,9.45,43089.40721196
2026-03-10 03:00:00+00:00,9.45,9.47,9.31,9.33,38065.410930280006
2026-03-10 04:00:00+00:00,9.33,9.4828,9.33,9.44,13574.77995051
2026-03-10 05:00:00+00:00,9.43,9.44,9.38,9.39,5316.022818920001
2026-03-10 06:00:00+00:00,9.39,9.41,9.33,9.361,7391.40050775
2026-03-10 07:00:00+00:00,9.36,9.4,9.33,9.4,17876.540418390006
2026-03-10 08:00:00+00:00,9.4,9.4715,9.4,9.42,13434.629215209998
2026-03-10 09:00:00+00:00,9.44,9.6,9.43,9.57,25914.50527336
2026-03-10 10:00:00+00:00,9.57,9.593,9.49,9.54,12613.741985830002
2026-03-10 11:00:00+00:00,9.53,9.6,9.48,9.5043,28597.13486519
2026-03-10 12:00:00+00:00,9.5,9.5,9.41,9.44,12749.59806127
2026-03-10 13:00:00+00:00,9.44,9.49,9.34,9.37,42234.32897278001
2026-03-10 14:00:00+00:00,9.3805,9.67,9.31,9.65,96636.56220175998
2026-03-10 15:00:00+00:00,9.65,9.8015,9.62,9.76,192434.88796018
2026-03-10 16:00:00+00:00,9.7722,9.96,9.7,9.84,215413.0910774
2026-03-10 17:00:00+00:00,9.84,9.96,9.82,9.88,126473.16784564
2026-03-10 18:00:00+00:00,9.88,9.886,9.61,9.63,68743.78951804001
2026-03-10 19:00:00+00:00,9.63,9.65,9.55,9.6034,54161.00417255998
2026-03-10 20:00:00+00:00,9.6,9.66,9.59,9.62,20979.73340124
2026-03-10 21:00:00+00:00,9.63,9.6608,9.51,9.54,21471.65847649
2026-03-10 22:00:00+00:00,9.54,9.59,9.506,9.51,20504.691930820005
2026-03-10 23:00:00+00:00,9.52,9.54,9.49,9.53,20404.956006889995
2026-03-11 00:00:00+00:00,9.53,9.5821,9.5,9.57,16479.94991411
2026-03-11 01:00:00+00:00,9.56,9.57,9.5,9.56,11491.89259506
2026-03-11 02:00:00+00:00,9.55,9.5655,9.477,9.56,18397.24451455
2026-03-11 03:00:00+00:00,9.56,9.6038,9.54,9.55,10090.901415610004
2026-03-11 04:00:00+00:00,9.54,9.7,9.53,9.7,16959.02243761
2026-03-11 05:00:00+00:00,9.7,9.74,9.49,9.5,17786.321906920002
2026-03-11 06:00:00+00:00,9.51,9.6355,9.5,9.62,14073.20760837
2026-03-11 07:00:00+00:00,9.61,9.6114,9.49,9.52,9935.37758544
2026-03-11 08:00:00+00:00,9.52,9.57,9.5,9.55,14073.069074960002
2026-03-11 09:00:00+00:00,9.55,9.574,9.51,9.51,8644.286311719998
2026-03-11 10:00:00+00:00,9.52,9.6099,9.52,9.59,5449.67120602
2026-03-11 11:00:00+00:00,9.58,9.62,9.55,9.5601,11582.946498550002
2026-03-11 12:00:00+00:00,9.56,9.68,9.52,9.61,22341.37637242
2026-03-11 13:00:00+00:00,9.61,9.86,9.61,9.71,39664.92377824002
2026-03-11 14:00:00+00:00,9.72,9.78,9.65,9.69,26725.06877777
2026-03-11 15:00:00+00:00,9.68,9.69,9.51,9.6,18360.09701936
2026-03-11 16:00:00+00:00,9.6,9.67,9.58,9.64,15540.122840359996
2026-03-11 17:00:00+00:00,9.64,9.7437,9.62,9.68,33416.17918087001
2026-03-11 18:00:00+00:00,9.68,9.7514,9.67,9.74,37228.01275976
2026-03-11 19:00:00+00:00,9.74,9.75,9.69,9.71,32396.616905040017
2026-03-11 20:00:00+00:00,9.7,9.71,9.64,9.67,15555.909945420002
2026-03-11 21:00:00+00:00,9.67,9.68,9.62,9.65,25349.816044680003
2026-03-11 22:00:00+00:00,9.64,9.66,9.58,9.6,11585.426076000002
2026-03-11 23:00:00+00:00,9.61,9.6241,9.5375,9.55,12256.9671995
2026-03-12 00:00:00+00:00,9.56,9.56,9.52,9.55,7509.43387702
2026-03-12 01:00:00+00:00,9.54,9.55,9.49,9.52,15195.90260557
2026-03-12 02:00:00+00:00,9.51,9.5201,9.4399,9.45,14552.43138311
2026-03-12 03:00:00+00:00,9.45,9.52,9.45,9.49,9385.00536368
2026-03-12 04:00:00+00:00,9.49,9.53,9.47,9.48,10694.797209839997
2026-03-12 05:00:00+00:00,9.48,9.49,9.45,9.47,19864.58239183001
2026-03-12 06:00:00+00:00,9.47,9.5508,9.47,9.54,10167.460949610002
2026-03-12 07:00:00+00:00,9.53,9.59,9.51,9.58,7695.735065379999
2026-03-12 08:00:00+00:00,9.59,9.6423,9.54,9.58,21779.74278090002
2026-03-12 09:00:00+00:00,9.5761,9.65,9.51,9.58,8934.465538529998
2026-03-12 10:00:00+00:00,9.59,9.6531,9.57,9.62,12772.277036869998
2026-03-12 11:00:00+00:00,9.62,9.624,9.55,9.57,15767.25363543
2026-03-12 12:00:00+00:00,9.58,9.6446,9.54,9.62,6895.77487067
2026-03-12 13:00:00+00:00,9.62,9.64,9.51,9.57,15897.908374489998
2026-03-12 14:00:00+00:00,9.57,9.63,9.45,9.5,38363.599442800005
2026-03-12 15:00:00+00:00,9.51,9.62,9.49,9.59,14392.66741397
2026-03-12 16:00:00+00:00,9.58,9.6234,9.54,9.6,13147.697182430004
2026-03-12 17:00:00+00:00,9.6,9.6151,9.53,9.55,13561.000285420005
2026-03-12 18:00:00+00:00,9.55,9.59,9.53,9.54,13171.266345159998
2026-03-12 19:00:00+00:00,9.55,9.6213,9.53,9.6,60353.66455877002
2026-03-12 20:00:00+00:00,9.6,9.6216,9.59,9.61,17450.484560149995
2026-03-12 21:00:00+00:00,9.61,9.68,9.61,9.66,29777.380312419984
2026-03-12 22:00:00+00:00,9.65,9.6902,9.62,9.65,30316.41266127
2026-03-12 23:00:00+00:00,9.65,9.74,9.64,9.67,28691.801476990007
2026-03-13 00:00:00+00:00,9.67,9.96,9.66,9.82,109919.50114351
2026-03-13 01:00:00+00:00,9.83,9.97,9.82,9.95,54014.08971104
2026-03-13 02:00:00+00:00,9.96,10.01,9.8759,9.9,101176.79114094008
2026-03-13 03:00:00+00:00,9.9,9.98,9.859,9.95,31874.65233978
2026-03-13 04:00:00+00:00,9.95,9.9511,9.87,9.92,24780.01485303
2026-03-13 05:00:00+00:00,9.92,10.0,9.88,9.95,46504.00333179
2026-03-13 06:00:00+00:00,9.95,9.97,9.81,9.86,58802.57429429998
2026-03-13 07:00:00+00:00,9.8462,9.885,9.82,9.85,8261.146121879998
2026-03-13 08:00:00+00:00,9.85,9.94,9.8042,9.85,17487.913672430008
2026-03-13 09:00:00+00:00,9.85,9.97,9.8151,9.95,14452.788077009998
2026-03-13 10:00:00+00:00,9.96,10.041,9.9463,10.012,22276.60983766001
2026-03-13 11:00:00+00:00,10.02,10.02,9.98,10.011,16635.158250289995
2026-03-13 12:00:00+00:00,10.01,10.17,9.9948,10.095,83318.67308160003
2026-03-13 13:00:00+00:00,10.1,10.29,10.08,10.206,107117.31814430004
2026-03-13 14:00:00+00:00,10.22,10.27,9.9483,9.9596,80109.63893200002
2026-03-13 15:00:00+00:00,9.97,10.05,9.87,9.9,73057.98069825
2026-03-13 16:00:00+00:00,9.89,9.94,9.83,9.9,33412.64051962001
2026-03-13 17:00:00+00:00,9.9,9.92,9.72,9.75,63892.63557765
2026-03-13 18:00:00+00:00,9.77,9.82,9.74,9.78,21416.30160446
2026-03-13 19:00:00+00:00,9.78,9.79,9.74,9.77,21624.37032048
2026-03-13 20:00:00+00:00,9.77,9.81,9.7481,9.8,22990.740635060007
2026-03-13 21:00:00+00:00,9.7865,9.83,9.7382,9.76,17942.61819972
2026-03-13 22:00:00+00:00,9.77,9.77,9.666,9.72,23193.677544230013
2026-03-13 23:00:00+00:00,9.71,9.73,9.6888,9.72,11739.98067109
2026-03-14 00:00:00+00:00,9.72,9.72,9.652,9.67,34361.94319698001
2026-03-14 01:00:00+00:00,9.66,9.71,9.63,9.71,20769.84494886
2026-03-14 02:00:00+00:00,9.7,9.72,9.67,9.72,28315.63175779
2026-03-14 03:00:00+00:00,9.72,9.76,9.7,9.74,17371.371343580002
2026-03-14 04:00:00+00:00,9.74,9.79,9.71,9.71,31389.40640456
2026-03-14 05:00:00+00:00,9.71,9.72,9.64,9.68,9651.78657676
2026-03-14 06:00:00+00:00,9.67,9.67,9.58,9.62,18368.10162846001
2026-03-14 07:00:00+00:00,9.62,9.62,9.58,9.59,7596.419472190003
2026-03-14 08:00:00+00:00,9.6,9.62,9.58,9.6,9360.342729679998
2026-03-14 09:00:00+00:00,9.59,9.61,9.55,9.56,7225.14159152
2026-03-14 10:00:00+00:00,9.56,9.57,9.52,9.56,96489.70238753
2026-03-14 11:00:00+00:00,9.5579,9.59,9.55,9.57,14687.3531146
2026-03-14 12:00:00+00:00,9.57,9.57,9.55,9.568,7553.774094089999
2026-03-14 13:00:00+00:00,9.57,9.6,9.56,9.58,3783.8003380600007
2026-03-14 14:00:00+00:00,9.58,9.59,9.55,9.56,21062.712788469995
2026-03-14 15:00:00+00:00,9.56,9.58,9.5491,9.56,3913.235390069999
2026-03-14 16:00:00+00:00,9.57,9.61,9.55,9.61,8559.62464951
2026-03-14 17:00:00+00:00,9.61,9.61,9.57,9.58,4032.3954993900006
2026-03-14 18:00:00+00:00,9.58,9.59,9.56,9.58,4778.012056079999
2026-03-14 19:00:00+00:00,9.57,9.58,9.56,9.58,1309.64264643
2026-03-14 20:00:00+00:00,9.57,9.6028,9.565,9.59,8431.863115220003
2026-03-14 21:00:00+00:00,9.59,9.63,9.57,9.62,7748.758230510001
2026-03-14 22:00:00+00:00,9.62,9.64,9.61,9.63,12989.516371909996
2026-03-14 23:00:00+00:00,9.6321,9.74,9.63,9.74,31683.08924072
2026-03-15 00:00:00+00:00,9.74,9.75,9.68,9.69,11879.180282550004
2026-03-15 01:00:00+00:00,9.69,9.74,9.66,9.72,11129.87649035
2026-03-15 02:00:00+00:00,9.72,9.8,9.7,9.78,13584.69702651
2026-03-15 03:00:00+00:00,9.79,9.8,9.7,9.72,13880.258675469997
2026-03-15 04:00:00+00:00,9.72,9.76,9.68,9.71,27736.67119119001
2026-03-15 05:00:00+00:00,9.71,9.75,9.69,9.71,14327.21158169
2026-03-15 06:00:00+00:00,9.72,9.73,9.66,9.71,22222.66415486999
2026-03-15 07:00:00+00:00,9.71,9.74,9.69,9.71,2473.81177988
2026-03-15 08:00:00+00:00,9.72,9.79,9.71,9.79,17866.562511740005
2026-03-15 09:00:00+00:00,9.79,9.87,9.7781,9.79,24784.33554163
2026-03-15 10:00:00+00:00,9.8,9.83,9.78,9.8,4708.207461140002
2026-03-15 11:00:00+00:00,9.82,9.82,9.79,9.8,5560.331206350001
2026-03-15 12:00:00+00:00,9.81,9.88,9.8,9.83,10784.99967871
2026-03-15 13:00:00+00:00,9.84,9.85,9.7,9.76,14245.550683089998
2026-03-15 14:00:00+00:00,9.76,9.8,9.71,9.75,7239.62124076
2026-03-15 15:00:00+00:00,9.76,9.76,9.71,9.71,2513.3556761900004
2026-03-15 16:00:00+00:00,9.72,9.74,9.686,9.71,5709.953443160001
2026-03-15 17:00:00+00:00,9.71,9.8,9.7,9.78,7206.30167437
2026-03-15 18:00:00+00:00,9.77,9.79,9.68,9.69,8121.718690119999
2026-03-15 19:00:00+00:00,9.69,9.77,9.68,9.77,5619.877892499998
2026-03-15 20:00:00+00:00,9.76,9.84,9.74,9.79,28032.151721600032
2026-03-15 21:00:00+00:00,9.8,9.87,9.76,9.85,8460.05970427
2026-03-15 22:00:00+00:00,9.85,10.02,9.7897,9.97,38376.93678379
2026-03-15 23:00:00+00:00,9.98,10.04,9.88,9.95,45867.87938100997
2026-03-16 00:00:00+00:00,9.95,10.0,9.91,9.95,24217.160004500005
2026-03-16 01:00:00+00:00,9.9399,10.04,9.8836,10.0,20813.149285730004
2026-03-16 02:00:00+00:00,10.01,10.03,9.9,9.97,8966.94270631
2026-03-16 03:00:00+00:00,9.98,10.4,9.94,10.27,149637.05229042
2026-03-16 04:00:00+00:00,10.27,10.47,10.269,10.42,57819.647385659984
2026-03-16 05:00:00+00:00,10.42,10.52,10.374,10.49,57331.65218596999
2026-03-16 06:00:00+00:00,10.49,10.5,10.39,10.41,20478.24418445001
2026-03-16 07:00:00+00:00,10.41,10.46,10.34,10.37,28799.14151516
2026-03-16 08:00:00+00:00,10.38,10.442,10.23,10.25,37380.62827872999
2026-03-16 09:00:00+00:00,10.25,10.31,10.24,10.27,15499.42465823
2026-03-16 10:00:00+00:00,10.276,10.3,10.19,10.26,17883.142008899995
2026-03-16 11:00:00+00:00,10.27,10.29,10.18,10.21,16651.445726439997
2026-03-16 12:00:00+00:00,10.21,10.28,10.158,10.17,44661.08273092
2026-03-16 13:00:00+00:00,10.17,10.27,10.15,10.19,49740.33650216001
2026-03-16 14:00:00+00:00,10.192,10.25,10.03,10.14,67855.94227268003
2026-03-16 15:00:00+00:00,10.15,10.2,10.07,10.07,54021.94153703999
2026-03-16 16:00:00+00:00,10.09,10.27,10.07,10.25,28154.504174170008
2026-03-16 17:00:00+00:00,10.25,10.3,10.22,10.25,22296.77874212
2026-03-16 18:00:00+00:00,10.25,10.34,10.23,10.24,41708.09909087
2026-03-16 19:00:00+00:00,10.24,10.33,10.195,10.28,43023.43526722
2026-03-16 20:00:00+00:00,10.28,10.38,10.267,10.33,30565.70922852
2026-03-16 21:00:00+00:00,10.33,10.45,10.32,10.38,44956.818933
2026-03-16 22:00:00+00:00,10.38,10.51,10.37,10.49,63140.63144066
2026-03-16 23:00:00+00:00,10.5,10.513,10.35,10.48,39653.73087545001
2026-03-17 00:00:00+00:00,10.48,10.55,10.45,10.51,77900.79353724
2026-03-17 01:00:00+00:00,10.51,10.52,10.44,10.5,75752.39226686001
2026-03-17 02:00:00+00:00,10.49,10.51,10.445,10.49,73508.55761447999
2026-03-17 03:00:00+00:00,10.47,10.48,10.28,10.36,59275.80132829001
2026-03-17 04:00:00+00:00,10.37,10.39,10.247,10.29,44828.386936859984
2026-03-17 05:00:00+00:00,10.29,10.33,10.24,10.276,51245.13370631002
2026-03-17 06:00:00+00:00,10.28,10.38,10.26,10.29,36575.77514342
2026-03-17 07:00:00+00:00,10.29,10.4,10.29,10.31,10022.207805910002
2026-03-17 08:00:00+00:00,10.31,10.35,10.271,10.29,16497.411986059997
2026-03-17 09:00:00+00:00,10.29,10.3,10.25,10.28,38048.70898709
2026-03-17 10:00:00+00:00,10.27,10.29,10.23,10.26,65288.88684930003
2026-03-17 11:00:00+00:00,10.27,10.31,10.27,10.27,35068.04652285001
2026-03-17 12:00:00+00:00,10.26,10.282,10.2,10.25,66547.14082648004
2026-03-17 13:00:00+00:00,10.24,10.31,10.23,10.26,54313.1556006
2026-03-17 14:00:00+00:00,10.26,10.31,10.24,10.28,32031.38076413
2026-03-17 15:00:00+00:00,10.29,10.34,10.227,10.27,113519.18175563004
2026-03-17 16:00:00+00:00,10.27,10.33,10.26,10.27,23628.96224794
2026-03-17 17:00:00+00:00,10.27,10.31,10.25,10.31,22431.11634301001
2026-03-17 18:00:00+00:00,10.3,10.33,10.27,10.3,11056.980660969995
2026-03-17 19:00:00+00:00,10.31,10.31,10.24,10.24,15003.18868788
2026-03-17 20:00:00+00:00,10.26,10.3,10.25,10.28,8414.66647728
2026-03-17 21:00:00+00:00,10.29,10.33,10.27,10.31,8462.95500624
2026-03-17 22:00:00+00:00,10.31,10.34,10.217,10.26,64191.890425130005
2026-03-17 23:00:00+00:00,10.27,10.27,10.17,10.2,54146.841507020006
2026-03-18 00:00:00+00:00,10.2,10.23,10.164,10.21,55056.69140253999
2026-03-18 01:00:00+00:00,10.21,10.25,10.21,10.23,25454.747401119985
2026-03-18 02:00:00+00:00,10.23,10.29,10.22,10.27,22144.80662664
2026-03-18 03:00:00+00:00,10.27,10.36,10.27,10.32,43713.11011386999
2026-03-18 04:00:00+00:00,10.32,10.32,10.237,10.25,21872.66843186
2026-03-18 05:00:00+00:00,10.25,10.33,10.23,10.246,20462.39513289
2026-03-18 06:00:00+00:00,10.25,10.32,10.25,10.27,15998.224962889995
2026-03-18 07:00:00+00:00,10.259,10.26,10.23,10.24,9652.292188940004
2026-03-18 08:00:00+00:00,10.25,10.3,10.24,10.25,5698.426334520001
2026-03-18 09:00:00+00:00,10.25,10.28,10.24,10.25,3343.684356700001
2026-03-18 10:00:00+00:00,10.26,10.26,10.206,10.22,18166.079112719992
2026-03-18 11:00:00+00:00,10.22,10.24,9.9433,9.99,63839.68337558
2026-03-18 12:00:00+00:00,9.97,9.97,9.7421,9.81,75917.62683032
2026-03-18 13:00:00+00:00,9.8,9.84,9.75,9.8,51711.869715500005
2026-03-18 14:00:00+00:00,9.8,9.81,9.57,9.58,96145.67399393
2026-03-18 15:00:00+00:00,9.58,9.6,9.49,9.57,66899.17485141999
2026-03-18 16:00:00+00:00,9.57,9.57,9.49,9.54,37878.15820410998
2026-03-18 17:00:00+00:00,9.54,9.65,9.52,9.63,37460.13241007
2026-03-18 18:00:00+00:00,9.63,9.72,9.57,9.6,51422.09576616
2026-03-18 19:00:00+00:00,9.6,9.69,9.6,9.62,31222.9897794
2026-03-18 20:00:00+00:00,9.62,9.68,9.54,9.67,27673.862319520013
2026-03-18 21:00:00+00:00,9.66,9.74,9.66,9.72,8884.031507669999
2026-03-18 22:00:00+00:00,9.73,9.73,9.66,9.7,12462.496763339996
2026-03-18 23:00:00+00:00,9.7,9.7,9.63,9.69,33542.660787860004
2026-03-19 00:00:00+00:00,9.68,9.7,9.65329,9.66444,11721.274973619998
2026-03-19 01:00:00+00:00,9.66447,9.69,9.64,9.67,23521.33133263
2026-03-19 02:00:00+00:00,9.66,9.67,9.61,9.62538,53482.73873341
2026-03-19 03:00:00+00:00,9.63,9.74611,9.6,9.66558,64325.27088746001
2026-03-19 04:00:00+00:00,9.66367,9.6661,9.61526,9.63,24594.999985319995
2026-03-19 05:00:00+00:00,9.63,9.64,9.59,9.6,19565.39205061
2026-03-19 06:00:00+00:00,9.60444,9.62454,9.56,9.6,20147.643805060005
2026-03-19 07:00:00+00:00,9.6,9.6,9.44,9.52,58473.22220236001
2026-03-19 08:00:00+00:00,9.52,9.54732,9.49,9.52,41246.79257127999
2026-03-19 09:00:00+00:00,9.52,9.61,9.51,9.61,31077.29120245
2026-03-19 10:00:00+00:00,9.6,9.61,9.54,9.54,13542.56616436
2026-03-19 11:00:00+00:00,9.54,9.58,9.53,9.55,12533.717865559998
2026-03-19 12:00:00+00:00,9.54512,9.54512,9.42,9.44,43573.20670639999
2026-03-19 13:00:00+00:00,9.43,9.48259,9.36,9.46697,83211.83351321
2026-03-19 14:00:00+00:00,9.48,9.50397,9.37,9.4361,33279.82626431999
2026-03-19 15:00:00+00:00,9.43649,9.48,9.33,9.41,56661.27709473
2026-03-19 16:00:00+00:00,9.41,9.4136,9.35438,9.38,38985.79520332
2026-03-19 17:00:00+00:00,9.37,9.48,9.3354,9.47,35355.50458494
2026-03-19 18:00:00+00:00,9.47,9.47,9.42,9.45,28660.261327769986
2026-03-19 19:00:00+00:00,9.45338,9.58,9.45,9.5,42539.10512548
2026-03-19 20:00:00+00:00,9.5,9.55,9.4969,9.51,36429.42338594
2026-03-19 21:00:00+00:00,9.51,9.53,9.5,9.51,23761.97724165
2026-03-19 22:00:00+00:00,9.51,9.51,9.42,9.46,26159.75510964
2026-03-19 23:00:00+00:00,9.46445,9.49,9.44,9.48,22254.393277200008
2026-03-20 00:00:00+00:00,9.48,9.53,9.46,9.52182,17011.518218800004
2026-03-20 01:00:00+00:00,9.53,9.59865,9.52,9.55445,33079.920339349985
2026-03-20 02:00:00+00:00,9.56,9.56306,9.5,9.54,22415.11198737
2026-03-20 03:00:00+00:00,9.54,9.58204,9.52,9.56,13037.583540449998
2026-03-20 04:00:00+00:00,9.56,9.59,9.52,9.57077,8865.3964172
2026-03-20 05:00:00+00:00,9.57,9.60032,9.55,9.57,22957.10877251002
2026-03-20 06:00:00+00:00,9.56,9.56,9.52,9.52,4499.355651450002
2026-03-20 07:00:00+00:00,9.51,9.5512,9.45,9.53555,26016.076960800005
2026-03-20 08:00:00+00:00,9.54,9.61,9.52861,9.57,40549.02344638001
2026-03-20 09:00:00+00:00,9.57438,9.58,9.49,9.51524,13022.873361070007
2026-03-20 10:00:00+00:00,9.53,9.56,9.48,9.54317,7473.373644709999
2026-03-20 11:00:00+00:00,9.54,9.59,9.48993,9.52,13548.930485920002
2026-03-20 12:00:00+00:00,9.51632,9.55,9.47,9.48,9579.502824879995
2026-03-20 13:00:00+00:00,9.49,9.54,9.44,9.45,32189.414245259995
2026-03-20 14:00:00+00:00,9.45,9.54,9.42,9.44523,29065.76609313001
2026-03-20 15:00:00+00:00,9.46,9.4945,9.42,9.48,14505.025894809994
2026-03-20 16:00:00+00:00,9.49,9.5,9.44443,9.49,9925.75273392
2026-03-20 17:00:00+00:00,9.48,9.4941,9.41517,9.4839,16021.031680319997
2026-03-20 18:00:00+00:00,9.49,9.53,9.43,9.467,28061.084286819994
2026-03-20 19:00:00+00:00,9.47,9.54071,9.42021,9.53,14076.962360050002
2026-03-20 20:00:00+00:00,9.53,9.5402,9.45,9.51,17932.248002049993
2026-03-20 21:00:00+00:00,9.51,9.6069,9.484,9.58,17225.82872086
2026-03-20 22:00:00+00:00,9.58,9.65,9.57,9.58392,42973.57019507999
2026-03-20 23:00:00+00:00,9.5846,9.5846,9.53,9.57,23719.4282795
2026-03-21 00:00:00+00:00,9.57,9.6054,9.54,9.57,17090.81999194
2026-03-21 01:00:00+00:00,9.57,9.5929,9.53656,9.54,8869.108517379998
2026-03-21 02:00:00+00:00,9.54,9.61,9.53442,9.6,18104.78983164
2026-03-21 03:00:00+00:00,9.6,9.61,9.57,9.58,7456.603935579998
2026-03-21 04:00:00+00:00,9.58574,9.61,9.55,9.57,10158.757672359998
2026-03-21 05:00:00+00:00,9.56391,9.62,9.56,9.58392,9311.178148809997
2026-03-21 06:00:00+00:00,9.58373,9.64,9.58,9.62,15202.387509330008
2026-03-21 07:00:00+00:00,9.6229,9.63,9.57,9.58,5740.038452559999
2026-03-21 08:00:00+00:00,9.59,9.59,9.54,9.56439,14364.964203519998
2026-03-21 09:00:00+00:00,9.56,9.59,9.54,9.55,8369.1257088
2026-03-21 10:00:00+00:00,9.5446,9.55,9.49,9.5,49335.33775272998
2026-03-21 11:00:00+00:00,9.5,9.52,9.49,9.5046,10036.450284250002
2026-03-21 12:00:00+00:00,9.50258,9.52,9.49354,9.50255,6451.31024539
2026-03-21 13:00:00+00:00,9.50516,9.51015,9.47,9.5,11542.901065489998
2026-03-21 14:00:00+00:00,9.5,9.55,9.46,9.47724,19162.9123311
2026-03-21 15:00:00+00:00,9.48,9.54,9.47,9.53395,7666.066426370001
2026-03-21 16:00:00+00:00,9.54,9.56377,9.49,9.5,9286.74233528
2026-03-21 17:00:00+00:00,9.5,9.51,9.48,9.49,12440.459566060004
2026-03-21 18:00:00+00:00,9.49,9.51,9.48,9.48,14857.387384229998
2026-03-21 19:00:00+00:00,9.49,9.5,9.47,9.48,5811.202006249998
2026-03-21 20:00:00+00:00,9.5,9.53,9.4839,9.52391,7026.398355949999
2026-03-21 21:00:00+00:00,9.53,9.54,9.5,9.50384,5908.62073997
2026-03-21 22:00:00+00:00,9.5038,9.52,9.48,9.49,6668.693633489998
2026-03-21 23:00:00+00:00,9.49,9.49,9.15,9.21,130768.34275142002
2026-03-22 00:00:00+00:00,9.21,9.26381,9.05,9.22,95057.97001009996
2026-03-22 01:00:00+00:00,9.22262,9.26,9.1986,9.23,46501.01363891999
2026-03-22 02:00:00+00:00,9.24,9.31539,9.22,9.29,24486.227107600003
2026-03-22 03:00:00+00:00,9.28,9.35208,9.25454,9.28,24407.17661078
2026-03-22 04:00:00+00:00,9.28,9.31461,9.26,9.3,20383.370610780003
2026-03-22 05:00:00+00:00,9.3,9.30011,9.24,9.24262,32535.552032740008
2026-03-22 06:00:00+00:00,9.24,9.25,9.21,9.23966,17841.608905790003
2026-03-22 07:00:00+00:00,9.24,9.26,9.19,9.20028,24157.307299530003
2026-03-22 08:00:00+00:00,9.2,9.2,9.1,9.15439,56833.35939647998
2026-03-22 09:00:00+00:00,9.16,9.18172,9.11436,9.13461,65088.855990890006
2026-03-22 10:00:00+00:00,9.132,9.14,9.09,9.11,26851.51310648
2026-03-22 11:00:00+00:00,9.10051,9.11,9.06,9.07,16100.614037869998
2026-03-22 12:00:00+00:00,9.0636,9.15,9.06,9.11,18967.02253584
2026-03-22 13:00:00+00:00,9.11999,9.1425,9.07,9.10356,69400.20116891997
2026-03-22 14:00:00+00:00,9.10434,9.14,9.07091,9.08754,28284.137414059995
2026-03-22 15:00:00+00:00,9.09,9.11,9.07,9.09361,20169.88779451
2026-03-22 16:00:00+00:00,9.1,9.11,9.08,9.0939,12788.21751797
2026-03-22 17:00:00+00:00,9.08434,9.09321,9.06,9.08,17662.308092509997
2026-03-22 18:00:00+00:00,9.07,9.08,9.0,9.03373,28299.176082330006
2026-03-22 19:00:00+00:00,9.03,9.04,8.94,8.98,40935.30726354999
2026-03-22 20:00:00+00:00,8.97358,9.03,8.96483,8.99,21158.18290762
2026-03-22 21:00:00+00:00,8.98358,8.99,8.87929,8.97118,43783.98124888
2026-03-22 22:00:00+00:00,8.9713,9.09263,8.92,9.0437,33394.72746619
2026-03-22 23:00:00+00:00,9.04373,9.09,9.00726,9.02,15055.75647191
2026-03-23 00:00:00+00:00,9.0399,9.0651,8.99,9.04,20951.28088112
2026-03-23 01:00:00+00:00,9.04,9.11,9.02,9.07,12409.583402679997
2026-03-23 02:00:00+00:00,9.07,9.1419,9.0454,9.11,14557.811372420005
2026-03-23 03:00:00+00:00,9.11,9.1906,9.09,9.1,8170.55784432
2026-03-23 04:00:00+00:00,9.11,9.1581,9.1,9.15,6184.61792734
2026-03-23 05:00:00+00:00,9.15294,9.18,9.11739,9.15,14082.86786927
2026-03-23 06:00:00+00:00,9.15,9.1526,8.99417,9.02396,25023.239725420008
2026-03-23 07:00:00+00:00,9.03,9.06,8.95695,9.02,24785.557608330004
2026-03-23 08:00:00+00:00,9.02336,9.05371,8.97,8.98319,24435.80961639
2026-03-23 09:00:00+00:00,8.99,9.0147,8.92,9.00464,21198.525542220003
2026-03-23 10:00:00+00:00,9.01,9.06,8.98,9.00372,16853.313112430005
2026-03-23 11:00:00+00:00,9.00296,9.58,9.0,9.37396,370821.0560330498
2026-03-23 12:00:00+00:00,9.38221,9.49,9.34,9.46,62612.04822327
2026-03-23 13:00:00+00:00,9.46,9.633,9.43,9.61373,44388.26638511
2026-03-23 14:00:00+00:00,9.63,9.76,9.58,9.63368,90522.09765685996
2026-03-23 15:00:00+00:00,9.64,9.6755,9.4041,9.42,56697.23421191999
2026-03-23 16:00:00+00:00,9.43,9.47211,9.35,9.46,59649.48400014999
2026-03-23 17:00:00+00:00,9.46,9.5585,9.42837,9.53,37141.84433223999
2026-03-23 18:00:00+00:00,9.52,9.5449,9.43,9.53,61417.07506975999
2026-03-23 19:00:00+00:00,9.53,9.57857,9.45495,9.46,19728.73477109
2026-03-23 20:00:00+00:00,9.46,9.54,9.44,9.53,7611.700242299999
2026-03-23 21:00:00+00:00,9.53,9.58,9.52,9.56415,16061.176714499994
2026-03-23 22:00:00+00:00,9.57,9.5858,9.50503,9.55787,28703.67786928
2026-03-23 23:00:00+00:00,9.55,9.57,9.49,9.57,90994.63407328996
2026-03-24 00:00:00+00:00,9.5917,9.5917,9.4807,9.54,12807.642811520003
2026-03-24 01:00:00+00:00,9.53,9.54,9.45,9.5,15831.517430900003
2026-03-24 02:00:00+00:00,9.5,9.57269,9.49,9.51,19365.42554174999
2026-03-24 03:00:00+00:00,9.51,9.6,9.50543,9.57,45214.32875501001
2026-03-24 04:00:00+00:00,9.57307,9.61,9.49,9.51912,10876.59345038
2026-03-24 05:00:00+00:00,9.52,9.55204,9.46,9.53,38503.772750380005
2026-03-24 06:00:00+00:00,9.53,9.55,9.49495,9.54364,19147.61727196
2026-03-24 07:00:00+00:00,9.55,9.61,9.53,9.6,64835.76221512002
2026-03-24 08:00:00+00:00,9.61,9.63,9.57,9.59,27851.45833045
2026-03-24 09:00:00+00:00,9.59,9.62,9.54,9.61,20449.44834822
2026-03-24 10:00:00+00:00,9.59,9.6,9.54,9.56262,8481.384204619997
2026-03-24 11:00:00+00:00,9.56,9.571,9.52,9.54,13384.607866470004
2026-03-24 12:00:00+00:00,9.54398,9.56,9.51,9.55,12989.809358759998
2026-03-24 13:00:00+00:00,9.55,9.56,9.43,9.45444,40491.70926609
2026-03-24 14:00:00+00:00,9.4602,9.49442,9.38632,9.46651,47099.24019363001
2026-03-24 15:00:00+00:00,9.47,9.49,9.44,9.44,28670.54211872
2026-03-24 16:00:00+00:00,9.45,9.47,9.4,9.41,18672.032618750003
2026-03-24 17:00:00+00:00,9.40439,9.41365,9.35,9.37,31301.39089239001
2026-03-24 18:00:00+00:00,9.38,9.4472,9.37991,9.40663,59067.63345872
2026-03-24 19:00:00+00:00,9.4,9.43,9.37,9.38,87400.4328179
2026-03-24 20:00:00+00:00,9.3882,9.58,9.38,9.55,91170.2520097
2026-03-24 21:00:00+00:00,9.56,9.5713,9.5,9.55918,27790.28804159001
2026-03-24 22:00:00+00:00,9.56,9.5894,9.53,9.58,55390.77399396999
2026-03-24 23:00:00+00:00,9.58,9.6423,9.55,9.62,48316.34476138001
2026-03-25 00:00:00+00:00,9.62,9.67,9.58,9.63,40769.96776042001
2026-03-25 01:00:00+00:00,9.63,9.6548,9.59,9.5983,14842.038900899995
2026-03-25 02:00:00+00:00,9.5985,9.61,9.57,9.5793,10683.012460710004
2026-03-25 03:00:00+00:00,9.58,9.62,9.56,9.60769,9993.06700347
2026-03-25 04:00:00+00:00,9.61,9.6561,9.6,9.64,6542.524447509999
2026-03-25 05:00:00+00:00,9.64253,9.6836,9.62,9.64106,21960.00448568
2026-03-25 06:00:00+00:00,9.64,9.6806,9.6,9.64,42566.52863611001
2026-03-25 07:00:00+00:00,9.63,9.7114,9.63,9.65,29166.26670598
2026-03-25 08:00:00+00:00,9.64,9.73352,9.62,9.68,68216.33981910002
2026-03-25 09:00:00+00:00,9.69297,9.71331,9.65,9.7,19390.45127959
2026-03-25 10:00:00+00:00,9.7,9.73076,9.69,9.71,30380.43325752
2026-03-25 11:00:00+00:00,9.71556,9.78,9.69574,9.74,28856.61542369
2026-03-25 12:00:00+00:00,9.74152,9.79557,9.67,9.73346,42951.92429557001
2026-03-25 13:00:00+00:00,9.73346,9.77071,9.70809,9.73,43471.75623530999
2026-03-25 14:00:00+00:00,9.73,9.74,9.69,9.7,23813.53990622
2026-03-25 15:00:00+00:00,9.69635,9.72,9.59,9.66,39477.29859272999
2026-03-25 16:00:00+00:00,9.67,9.75043,9.64854,9.70289,44103.896869119984
2026-03-25 17:00:00+00:00,9.7,9.71,9.55,9.65251,48083.19769535
2026-03-25 18:00:00+00:00,9.66,9.69348,9.64482,9.66,13763.219093819998
2026-03-25 19:00:00+00:00,9.66,9.7,9.65,9.68,11968.635612679998
2026-03-25 20:00:00+00:00,9.68253,9.68253,9.61,9.65,17570.114581239995
2026-03-25 21:00:00+00:00,9.65,9.67,9.63,9.64251,12622.303012619994
2026-03-25 22:00:00+00:00,9.64,9.72463,9.63,9.68865,16934.55976916
2026-03-25 23:00:00+00:00,9.68,9.69249,9.65,9.67,9071.650002719998
2026-03-26 00:00:00+00:00,9.67856,9.69,9.648,9.68,11845.84223103
2026-03-26 01:00:00+00:00,9.67154,9.69,9.64,9.66,11280.28677536
2026-03-26 02:00:00+00:00,9.66,9.67,9.56,9.59314,20212.58228855
2026-03-26 03:00:00+00:00,9.59,9.61078,9.53,9.57,17508.58514524
2026-03-26 04:00:00+00:00,9.56083,9.57,9.52,9.55,25774.0690418
2026-03-26 05:00:00+00:00,9.55269,9.56,9.44,9.44131,44840.91910486999
2026-03-26 06:00:00+00:00,9.44271,9.46,9.4157,9.43162,68201.63653980999
2026-03-26 07:00:00+00:00,9.43272,9.45119,9.40976,9.44,39972.772163190006
2026-03-26 08:00:00+00:00,9.44,9.44199,9.38,9.41,57888.92857860999
2026-03-26 09:00:00+00:00,9.41,9.42,9.27,9.29,82378.06020008997
2026-03-26 10:00:00+00:00,9.28472,9.2881,9.23783,9.26,72524.99688141
2026-03-26 11:00:00+00:00,9.2615,9.28007,9.23,9.23,45984.72162121998
2026-03-26 12:00:00+00:00,9.23244,9.26,9.18,9.23994,68236.33427541002
2026-03-26 13:00:00+00:00,9.24169,9.34,9.23,9.3,51811.90514151001
2026-03-26 14:00:00+00:00,9.3,9.3124,9.21,9.24,38878.90718731001
2026-03-26 15:00:00+00:00,9.25,9.25,9.13,9.18,82567.08192019997
2026-03-26 16:00:00+00:00,9.18,9.21,9.13286,9.14,48144.59972329
2026-03-26 17:00:00+00:00,9.13286,9.1639,9.02,9.05587,84799.35619271998
2026-03-26 18:00:00+00:00,9.05,9.07,8.98,9.01618,94513.76207030998
2026-03-26 19:00:00+00:00,9.01485,9.03,8.98,9.00994,29550.666423210005
2026-03-26 20:00:00+00:00,9.01,9.14,8.98931,9.09,51257.07169689999
2026-03-26 21:00:00+00:00,9.09,9.13632,9.07,9.1,28923.20135093
2026-03-26 22:00:00+00:00,9.1,9.12,9.0599,9.11016,57023.71726708001
2026-03-26 23:00:00+00:00,9.12,9.13,9.06,9.09883,46427.88237376999
2026-03-27 00:00:00+00:00,9.09,9.11,9.06776,9.1,33107.10717703
2026-03-27 01:00:00+00:00,9.11,9.14,9.06994,9.14,38090.9227742
2026-03-27 02:00:00+00:00,9.13,9.15,9.1,9.11767,20990.65282959
2026-03-27 03:00:00+00:00,9.12,9.12106,9.06104,9.07946,26863.90835604
2026-03-27 04:00:00+00:00,9.07,9.08,8.99038,9.04,58528.041484780006
2026-03-27 05:00:00+00:00,9.05,9.09,9.03,9.08,25974.73375104
2026-03-27 06:00:00+00:00,9.07,9.094,9.05,9.07941,23176.22350564
2026-03-27 07:00:00+00:00,9.06,9.09009,9.03005,9.05995,24379.479698680007
2026-03-27 08:00:00+00:00,9.07,9.07,8.90744,8.9709,50112.55569662999
2026-03-27 09:00:00+00:00,8.97169,8.98,8.91,8.93,53860.15121063
2026-03-27 10:00:00+00:00,8.93094,8.95,8.69,8.71,108873.10810003996
2026-03-27 11:00:00+00:00,8.71108,8.77,8.66,8.751,101127.52497919
2026-03-27 12:00:00+00:00,8.75,8.79,8.73,8.78,35245.18125293999
2026-03-27 13:00:00+00:00,8.77892,8.83,8.74,8.77,59410.57186452001
2026-03-27 14:00:00+00:00,8.78,8.82,8.72,8.79,46209.12042633999
2026-03-27 15:00:00+00:00,8.79,8.88,8.77,8.81,44559.72918198998
2026-03-27 16:00:00+00:00,8.81,8.81,8.74,8.76,25488.90117115
2026-03-27 17:00:00+00:00,8.76099,8.82,8.71,8.71,25254.34713112
2026-03-27 18:00:00+00:00,8.72,8.73,8.65908,8.71943,60898.75522044
2026-03-27 19:00:00+00:00,8.71985,8.77,8.68928,8.76001,19419.450990429992
2026-03-27 20:00:00+00:00,8.75924,8.772,8.71793,8.76,23694.659709020005
2026-03-27 21:00:00+00:00,8.75,8.8,8.75,8.77,9184.21007359
2026-03-27 22:00:00+00:00,8.77,8.78,8.73,8.75,27405.13848267
2026-03-27 23:00:00+00:00,8.76,8.79,8.73975,8.77959,13225.46893677
2026-03-28 00:00:00+00:00,8.78,8.78429,8.75,8.75,13333.60083569
2026-03-28 01:00:00+00:00,8.75781,8.76,8.7,8.74069,21185.77141152
2026-03-28 02:00:00+00:00,8.74,8.78,8.71,8.72,14211.024877499998
2026-03-28 03:00:00+00:00,8.73,8.7483,8.72,8.73,8972.199470389998
2026-03-28 04:00:00+00:00,8.73,8.74,8.7,8.72928,23090.58137063
2026-03-28 05:00:00+00:00,8.73404,8.77,8.71,8.75,11397.954916620003
2026-03-28 06:00:00+00:00,8.75588,8.7917,8.74,8.77923,14748.481761569998
2026-03-28 07:00:00+00:00,8.77969,8.82597,8.77,8.8253,5205.898190839999
2026-03-28 08:00:00+00:00,8.83,8.8429,8.8,8.80009,12031.001724180003
2026-03-28 09:00:00+00:00,8.79,8.81,8.78,8.79,5929.104351769997
2026-03-28 10:00:00+00:00,8.79,8.8359,8.77,8.8,7533.467834840001
2026-03-28 11:00:00+00:00,8.79,8.82,8.78,8.81,5822.290025690001
2026-03-28 12:00:00+00:00,8.81,8.84,8.77,8.77697,30531.109490280003
2026-03-28 13:00:00+00:00,8.78,8.93,8.76,8.88537,50894.80596095
2026-03-28 14:00:00+00:00,8.89,8.92,8.85,8.87,20129.08651406
2026-03-28 15:00:00+00:00,8.87,8.9807,8.86,8.92462,33237.851077379986
2026-03-28 16:00:00+00:00,8.93,8.94,8.89,8.91,16123.04138093001
2026-03-28 17:00:00+00:00,8.92,8.9321,8.85,8.88,11573.145970999996
2026-03-28 18:00:00+00:00,8.88,8.92,8.87097,8.9,5587.08481177
2026-03-28 19:00:00+00:00,8.89209,8.9,8.85,8.87,4568.6001431800005
2026-03-28 20:00:00+00:00,8.87,8.90596,8.87,8.89,12682.20178683
2026-03-28 21:00:00+00:00,8.89,8.89,8.81,8.83,10106.224811949998
2026-03-28 22:00:00+00:00,8.83,8.85,8.81,8.83122,9218.49203638
2026-03-28 23:00:00+00:00,8.82957,8.83,8.71,8.75,28807.825127399992
2026-03-29 00:00:00+00:00,8.75,8.7702,8.72,8.73997,15155.116898929997
2026-03-29 01:00:00+00:00,8.74,8.78,8.72,8.74928,12999.803174809997
2026-03-29 02:00:00+00:00,8.76,8.78,8.74,8.77,10392.495921480002
2026-03-29 03:00:00+00:00,8.77,8.82,8.75885,8.79,14021.110753389992
2026-03-29 04:00:00+00:00,8.79,8.8,8.76,8.77,8735.119717210002
2026-03-29 05:00:00+00:00,8.77007,8.7703,8.72898,8.76,12047.808228760003
2026-03-29 06:00:00+00:00,8.76076,8.7807,8.74794,8.75009,3998.955349789999
2026-03-29 07:00:00+00:00,8.74,8.75009,8.72,8.74,7786.49979284
2026-03-29 08:00:00+00:00,8.74,8.75,8.72773,8.75,5853.328716000001
2026-03-29 09:00:00+00:00,8.7404,8.7531,8.70709,8.71719,9406.99204053
2026-03-29 10:00:00+00:00,8.71,8.72,8.66,8.68975,15826.402788549996
2026-03-29 11:00:00+00:00,8.68995,8.75,8.68995,8.73,7816.75853072
2026-03-29 12:00:00+00:00,8.72,8.73,8.67611,8.7,14636.539155059998
2026-03-29 13:00:00+00:00,8.69943,8.70013,8.61624,8.64696,27837.620763269995
2026-03-29 14:00:00+00:00,8.65,8.7,8.63,8.67,17172.117279719994
2026-03-29 15:00:00+00:00,8.69,8.7,8.63,8.65,24187.094888409993
2026-03-29 16:00:00+00:00,8.66,8.6732,8.62,8.62516,17972.856704179998
2026-03-29 17:00:00+00:00,8.63,8.65,8.55,8.61,56539.501522859995
2026-03-29 18:00:00+00:00,8.61,8.637,8.58935,8.61703,17478.37330705
2026-03-29 19:00:00+00:00,8.62,8.637,8.59,8.59,9998.2985824
2026-03-29 20:00:00+00:00,8.6,8.6814,8.59054,8.64,26820.107268549997
2026-03-29 21:00:00+00:00,8.64,8.67,8.63744,8.66,10018.24860942
2026-03-29 22:00:00+00:00,8.64931,8.66,8.36,8.54941,138564.44748341
2026-03-29 23:00:00+00:00,8.55,8.6225,8.53,8.5948,37053.76024419
