Datetime,Open,High,Low,Close,Volume
2025-12-21 21:00:00+00:00,586.63,589.03,584.08,584.73,32.35903612
2025-12-21 22:00:00+00:00,585.01,588.79,585.01,587.87,4.954729029999999
2025-12-21 23:00:00+00:00,588.48,591.0,587.8,590.8,7.545364249999999
2025-12-22 00:00:00+00:00,591.08,598.39,590.66,593.63,937.53000107
2025-12-22 01:00:00+00:00,593.61,596.5,585.41,587.49,985.1414397999996
2025-12-22 02:00:00+00:00,587.46,587.97,572.84,581.7,2835.2440723899945
2025-12-22 03:00:00+00:00,581.74,584.29,579.8,581.91,860.2610124199998
2025-12-22 04:00:00+00:00,581.99,582.83,578.75,581.03,779.9345663899995
2025-12-22 05:00:00+00:00,581.1,585.45,578.69,580.75,1234.7346684299998
2025-12-22 06:00:00+00:00,580.62,581.22,575.4,577.95,1220.2575184299997
2025-12-22 07:00:00+00:00,577.9,579.48,577.23,577.67,896.4910922900001
2025-12-22 08:00:00+00:00,577.59,580.31,577.44,578.35,658.3615812999998
2025-12-22 09:00:00+00:00,578.38,580.94,578.09,579.92,2889.848348079999
2025-12-22 10:00:00+00:00,579.85,585.18,577.16,584.99,989.2874016
2025-12-22 11:00:00+00:00,584.94,594.05,584.76,590.73,2118.0872390400004
2025-12-22 12:00:00+00:00,590.67,595.56,589.5,590.17,756.5413140900002
2025-12-22 13:00:00+00:00,590.1,595.29,588.98,589.6,616.0239302100002
2025-12-22 14:00:00+00:00,589.8,593.89,587.59,591.63,967.3254032099998
2025-12-22 15:00:00+00:00,591.78,596.22,587.05,594.35,2106.400047590001
2025-12-22 16:00:00+00:00,594.3,596.75,591.88,595.46,1790.48588623
2025-12-22 17:00:00+00:00,595.2,595.75,590.72,593.46,757.5368768500001
2025-12-22 18:00:00+00:00,593.41,593.58,589.26,589.39,697.1140928400001
2025-12-22 19:00:00+00:00,589.35,589.77,583.23,588.2,2355.7723753100004
2025-12-22 20:00:00+00:00,588.16,591.57,586.6,588.82,1119.2669801800002
2025-12-22 21:00:00+00:00,588.81,590.4,587.8,589.57,685.4330746999999
2025-12-22 22:00:00+00:00,589.35,591.67,585.94,589.39,1295.21575745
2025-12-22 23:00:00+00:00,589.54,590.91,588.38,590.04,562.9106968000001
2025-12-23 00:00:00+00:00,590.05,590.52,588.45,589.65,668.3424461600001
2025-12-23 01:00:00+00:00,589.62,590.75,588.3,590.45,901.39912611
2025-12-23 02:00:00+00:00,590.46,593.35,588.2,589.32,747.7295949100001
2025-12-23 03:00:00+00:00,589.4,590.37,587.57,589.79,566.6370680700002
2025-12-23 04:00:00+00:00,589.95,589.95,579.15,580.89,1246.79106715
2025-12-23 05:00:00+00:00,580.85,581.92,578.0,579.9,624.0969159599999
2025-12-23 06:00:00+00:00,579.85,582.89,577.66,581.85,584.0009583399997
2025-12-23 07:00:00+00:00,581.8,583.16,581.16,581.61,355.13636375999994
2025-12-23 08:00:00+00:00,581.6,585.94,580.5,585.94,364.80115575
2025-12-23 09:00:00+00:00,585.84,587.52,583.79,584.49,871.60687907
2025-12-23 10:00:00+00:00,584.36,584.36,580.55,581.01,225.29892289000009
2025-12-23 11:00:00+00:00,581.14,582.55,579.31,580.54,171.70871882999992
2025-12-23 12:00:00+00:00,580.44,580.44,576.85,578.46,420.56187023
2025-12-23 13:00:00+00:00,578.45,580.52,576.48,576.66,631.1843955500001
2025-12-23 14:00:00+00:00,576.6,577.84,570.99,573.9,2124.105191990004
2025-12-23 15:00:00+00:00,574.3,577.63,572.3,576.47,768.3718681499997
2025-12-23 16:00:00+00:00,576.31,580.8,575.76,576.06,715.53880801
2025-12-23 17:00:00+00:00,576.05,577.2,570.45,570.69,835.2314396500003
2025-12-23 18:00:00+00:00,570.77,576.92,570.42,576.47,581.0862883099998
2025-12-23 19:00:00+00:00,576.63,579.66,574.11,574.92,366.7648649000001
2025-12-23 20:00:00+00:00,574.9,578.4,573.56,576.17,446.90198692000007
2025-12-23 21:00:00+00:00,576.2,576.94,575.1,576.71,173.86248386999992
2025-12-23 22:00:00+00:00,576.7,576.85,574.23,575.55,259.7619833
2025-12-23 23:00:00+00:00,575.6,575.67,571.65,572.1,515.2581356399999
2025-12-24 00:00:00+00:00,572.2,575.29,570.9,574.92,482.31853336
2025-12-24 01:00:00+00:00,574.98,577.49,574.98,576.5,602.8789139
2025-12-24 02:00:00+00:00,576.39,576.99,568.41,571.78,1088.87625556
2025-12-24 03:00:00+00:00,571.83,574.05,568.24,573.08,439.5355801
2025-12-24 04:00:00+00:00,573.0,574.26,570.91,571.16,612.3562134799995
2025-12-24 05:00:00+00:00,571.05,577.16,570.65,572.88,1970.7577606900013
2025-12-24 06:00:00+00:00,572.84,575.32,570.67,571.71,425.95085066000007
2025-12-24 07:00:00+00:00,571.56,574.6,571.45,572.2,717.1052815800003
2025-12-24 08:00:00+00:00,572.3,573.4,569.05,569.74,823.6764800599999
2025-12-24 09:00:00+00:00,569.85,572.89,569.7,571.15,403.7756560900001
2025-12-24 10:00:00+00:00,571.18,575.75,570.9,575.04,164.99561705000002
2025-12-24 11:00:00+00:00,575.13,577.8,574.7,574.8,333.37451102
2025-12-24 12:00:00+00:00,574.75,580.48,574.19,579.14,558.6617205599996
2025-12-24 13:00:00+00:00,579.12,579.12,575.21,575.33,365.35739743000016
2025-12-24 14:00:00+00:00,575.32,576.66,565.4,566.9,917.24205898
2025-12-24 15:00:00+00:00,566.87,568.6,564.14,568.08,1534.86416389
2025-12-24 16:00:00+00:00,567.85,572.5,566.43,567.37,739.1385763999998
2025-12-24 17:00:00+00:00,567.25,567.66,564.83,565.45,488.3472436799999
2025-12-24 18:00:00+00:00,565.41,567.28,564.38,567.28,354.5069013899998
2025-12-24 19:00:00+00:00,567.36,568.72,564.34,565.36,527.1168529299997
2025-12-24 20:00:00+00:00,565.32,566.04,561.11,563.0,1143.5147989000006
2025-12-24 21:00:00+00:00,563.0,566.72,563.0,565.35,297.27542149000004
2025-12-24 22:00:00+00:00,565.51,567.89,563.9,567.73,484.1504471400002
2025-12-24 23:00:00+00:00,567.9,569.41,565.45,568.28,465.13914397
2025-12-25 00:00:00+00:00,568.43,570.17,566.82,567.6,258.74554818000007
2025-12-25 01:00:00+00:00,567.65,568.97,566.06,568.21,203.20780069
2025-12-25 02:00:00+00:00,568.12,573.92,566.67,572.6,735.53956483
2025-12-25 03:00:00+00:00,572.62,573.41,569.53,571.67,515.1566220400001
2025-12-25 04:00:00+00:00,571.53,572.24,569.17,571.79,315.19780012
2025-12-25 05:00:00+00:00,571.65,572.77,570.95,571.51,125.78906387
2025-12-25 06:00:00+00:00,571.44,574.2,570.67,574.08,1020.6082073300006
2025-12-25 07:00:00+00:00,573.95,575.19,573.36,574.08,327.54688539999995
2025-12-25 08:00:00+00:00,574.32,600.0,574.32,587.22,5434.581397539998
2025-12-25 09:00:00+00:00,587.01,587.46,583.4,587.46,882.9810807000001
2025-12-25 10:00:00+00:00,587.38,587.42,581.06,583.5,851.5807507399998
2025-12-25 11:00:00+00:00,583.54,586.48,583.33,586.3,410.5661094700002
2025-12-25 12:00:00+00:00,586.3,590.26,585.3,589.76,1006.2199085200008
2025-12-25 13:00:00+00:00,589.72,591.06,586.38,590.31,597.1797576299999
2025-12-25 14:00:00+00:00,589.93,596.95,589.71,591.38,1453.8353102699996
2025-12-25 15:00:00+00:00,591.64,595.51,589.45,593.52,1106.79927692
2025-12-25 16:00:00+00:00,593.58,595.38,591.54,592.32,409.67201882
2025-12-25 17:00:00+00:00,592.5,596.5,591.67,595.63,389.40024398000014
2025-12-25 18:00:00+00:00,595.81,599.52,595.31,599.06,1034.95516131
2025-12-25 19:00:00+00:00,598.78,599.5,593.92,595.16,707.3793130000004
2025-12-25 20:00:00+00:00,595.18,596.2,592.18,594.47,1680.1709602899991
2025-12-25 21:00:00+00:00,594.49,595.69,594.02,594.23,247.25412891
2025-12-25 22:00:00+00:00,594.37,594.37,586.29,591.18,955.90214332
2025-12-25 23:00:00+00:00,591.34,596.33,588.33,589.36,1294.2823706700003
2025-12-26 00:00:00+00:00,589.28,591.07,586.51,590.77,922.16945722
2025-12-26 01:00:00+00:00,590.77,595.41,589.84,592.13,481.45394622999993
2025-12-26 02:00:00+00:00,591.93,600.13,590.46,596.63,1272.73266644
2025-12-26 03:00:00+00:00,596.95,613.87,596.89,609.47,3677.6707467400015
2025-12-26 04:00:00+00:00,609.52,609.78,606.29,608.95,602.3615833999999
2025-12-26 05:00:00+00:00,608.88,608.88,604.5,606.11,522.2227085100003
2025-12-26 06:00:00+00:00,606.0,608.05,605.26,605.65,414.3233006099998
2025-12-26 07:00:00+00:00,605.65,610.15,597.02,599.75,2979.80497851
2025-12-26 08:00:00+00:00,599.58,601.93,598.13,601.11,602.1348311400004
2025-12-26 09:00:00+00:00,601.3,604.72,600.15,604.71,166.59996248000002
2025-12-26 10:00:00+00:00,604.63,605.97,602.94,605.81,131.11613701999997
2025-12-26 11:00:00+00:00,605.92,607.51,605.14,605.53,185.35769711000003
2025-12-26 12:00:00+00:00,605.57,607.05,604.72,605.71,253.07271904000007
2025-12-26 13:00:00+00:00,605.66,606.61,603.7,605.85,557.21965856
2025-12-26 14:00:00+00:00,605.85,607.3,599.22,599.32,1095.3384075700003
2025-12-26 15:00:00+00:00,599.31,603.73,596.0,601.9,1537.84822589
2025-12-26 16:00:00+00:00,601.91,602.99,595.49,595.74,1067.8860134
2025-12-26 17:00:00+00:00,595.68,598.57,595.62,597.17,958.5827937400002
2025-12-26 18:00:00+00:00,597.2,598.93,596.18,597.25,429.1024926299999
2025-12-26 19:00:00+00:00,597.25,599.98,597.2,598.25,516.4521239200001
2025-12-26 20:00:00+00:00,598.14,600.9,597.07,599.67,680.3770890200001
2025-12-26 21:00:00+00:00,599.75,600.1,593.51,594.08,2279.905533360002
2025-12-26 22:00:00+00:00,593.99,595.66,589.32,590.0,4923.847078300001
2025-12-26 23:00:00+00:00,589.99,594.66,588.67,594.23,2799.597180470002
2025-12-27 00:00:00+00:00,594.23,596.85,592.44,596.82,567.3316701299999
2025-12-27 01:00:00+00:00,596.85,598.77,596.3,598.64,1181.1912004799997
2025-12-27 02:00:00+00:00,598.64,601.02,597.4,600.37,780.8425286599997
2025-12-27 03:00:00+00:00,600.42,602.67,599.47,601.8,460.0315932400003
2025-12-27 04:00:00+00:00,601.92,603.02,600.63,602.38,602.68846786
2025-12-27 05:00:00+00:00,602.57,602.63,600.4,601.61,326.5394116799999
2025-12-27 06:00:00+00:00,601.75,601.92,598.27,599.18,1309.4200858700003
2025-12-27 07:00:00+00:00,599.15,602.19,598.98,600.22,450.7061898300001
2025-12-27 08:00:00+00:00,600.15,602.83,598.67,602.71,333.1450231999999
2025-12-27 09:00:00+00:00,602.71,619.97,602.3,609.81,4959.456705349985
2025-12-27 10:00:00+00:00,609.65,613.67,608.29,612.28,833.2590556099997
2025-12-27 11:00:00+00:00,612.35,614.83,610.04,611.28,546.7074219300001
2025-12-27 12:00:00+00:00,611.37,612.29,609.48,611.48,665.3509935200001
2025-12-27 13:00:00+00:00,611.72,615.01,610.39,613.5,715.8457020399998
2025-12-27 14:00:00+00:00,613.53,619.0,613.11,617.15,1269.5640722699998
2025-12-27 15:00:00+00:00,617.16,623.1,615.98,620.41,1331.4981136099998
2025-12-27 16:00:00+00:00,620.41,622.02,617.53,618.26,659.2332598400001
2025-12-27 17:00:00+00:00,618.38,621.59,616.55,621.49,603.20828569
2025-12-27 18:00:00+00:00,621.49,621.5,614.23,614.7,579.72920571
2025-12-27 19:00:00+00:00,614.57,619.93,613.6,619.42,789.0330498999997
2025-12-27 20:00:00+00:00,619.87,619.87,617.34,618.28,219.50514494
2025-12-27 21:00:00+00:00,618.1,619.72,617.08,619.3,364.34072765
2025-12-27 22:00:00+00:00,619.33,622.14,617.99,619.82,529.22691683
2025-12-27 23:00:00+00:00,619.59,625.0,618.95,622.53,1041.37844016
2025-12-28 00:00:00+00:00,622.58,623.86,619.31,621.1,810.9811899199998
2025-12-28 01:00:00+00:00,621.05,621.55,610.01,613.31,2054.966708529998
2025-12-28 02:00:00+00:00,613.16,618.12,613.16,617.78,493.47829607000006
2025-12-28 03:00:00+00:00,617.82,618.16,614.02,614.13,267.69658456
2025-12-28 04:00:00+00:00,614.17,616.93,613.78,616.09,298.4241337
2025-12-28 05:00:00+00:00,616.11,616.3,612.39,614.05,1153.5064584400002
2025-12-28 06:00:00+00:00,614.01,627.53,613.25,621.71,2660.391041229996
2025-12-28 07:00:00+00:00,621.48,623.15,620.02,620.6,654.2503539199997
2025-12-28 08:00:00+00:00,620.65,622.95,619.06,620.46,559.5424451900002
2025-12-28 09:00:00+00:00,620.41,621.3,617.56,619.49,1133.580406230001
2025-12-28 10:00:00+00:00,619.62,621.54,619.39,620.25,571.5865256799999
2025-12-28 11:00:00+00:00,620.13,621.1,618.36,619.8,193.1442172
2025-12-28 12:00:00+00:00,619.84,621.16,618.98,620.76,321.50976087
2025-12-28 13:00:00+00:00,620.9,624.2,620.22,621.74,681.5643942999999
2025-12-28 14:00:00+00:00,621.71,637.12,621.63,630.02,2263.716973309999
2025-12-28 15:00:00+00:00,629.95,634.19,629.52,631.16,1002.88024228
2025-12-28 16:00:00+00:00,631.26,632.01,627.81,631.02,1042.44028765
2025-12-28 17:00:00+00:00,630.93,633.2,629.1,629.92,528.1168249599999
2025-12-28 18:00:00+00:00,629.84,629.99,615.01,623.69,3242.597736220001
2025-12-28 19:00:00+00:00,623.65,624.33,617.42,620.08,1491.4065010299985
2025-12-28 20:00:00+00:00,620.05,621.76,616.72,617.35,762.6888126599998
2025-12-28 21:00:00+00:00,617.34,617.96,615.19,617.85,847.0977724600001
2025-12-28 22:00:00+00:00,617.83,622.35,616.15,621.07,341.78572244000003
2025-12-28 23:00:00+00:00,621.08,622.37,619.0,622.11,670.88278983
2025-12-29 00:00:00+00:00,621.99,624.12,619.16,623.01,486.48264054
2025-12-29 01:00:00+00:00,623.0,623.9,619.37,621.84,974.1988880299996
2025-12-29 02:00:00+00:00,621.9,626.28,610.47,620.51,6908.748245770005
2025-12-29 03:00:00+00:00,620.56,621.97,604.92,615.99,4001.523635310002
2025-12-29 04:00:00+00:00,615.92,618.86,614.76,618.0,856.1119577900002
2025-12-29 05:00:00+00:00,618.01,619.97,617.82,618.01,450.7523706400001
2025-12-29 06:00:00+00:00,618.02,619.12,615.78,616.86,583.8664850200003
2025-12-29 07:00:00+00:00,616.92,618.32,614.64,616.47,739.2459654399996
2025-12-29 08:00:00+00:00,616.67,618.11,615.19,617.92,1047.0825634100004
2025-12-29 09:00:00+00:00,617.9,619.18,604.73,607.28,5722.115596130003
2025-12-29 10:00:00+00:00,607.01,607.24,602.78,605.76,1685.5225738
2025-12-29 11:00:00+00:00,605.72,605.88,600.42,600.42,1064.71046474
2025-12-29 12:00:00+00:00,600.78,604.03,598.1,603.89,994.92928098
2025-12-29 13:00:00+00:00,603.89,604.24,600.47,601.03,665.8493579100002
2025-12-29 14:00:00+00:00,601.21,606.02,600.4,601.51,745.5752022800001
2025-12-29 15:00:00+00:00,601.4,602.98,599.8,600.81,897.5171405800002
2025-12-29 16:00:00+00:00,600.68,604.88,598.8,603.73,990.8713344300004
2025-12-29 17:00:00+00:00,603.85,604.69,592.8,593.83,3058.463950619999
2025-12-29 18:00:00+00:00,593.86,596.88,592.2,592.69,1301.2338425099997
2025-12-29 19:00:00+00:00,592.77,596.53,592.77,596.37,488.02318125000016
2025-12-29 20:00:00+00:00,596.62,597.19,594.63,596.2,313.2535784799999
2025-12-29 21:00:00+00:00,596.01,597.45,595.03,595.69,450.86410526000014
2025-12-29 22:00:00+00:00,595.69,597.11,594.41,596.2,551.9492713199995
2025-12-29 23:00:00+00:00,596.25,601.3,595.68,598.5,1056.575897519999
2025-12-30 00:00:00+00:00,598.47,598.63,595.37,597.55,433.2368633100001
2025-12-30 01:00:00+00:00,597.84,600.38,596.86,598.92,350.85452185
2025-12-30 02:00:00+00:00,598.89,599.23,596.26,597.89,879.3192017300003
2025-12-30 03:00:00+00:00,597.89,603.17,596.63,602.41,774.9254945399997
2025-12-30 04:00:00+00:00,602.4,607.55,601.23,604.65,841.7235675500007
2025-12-30 05:00:00+00:00,604.6,605.15,600.89,601.89,764.2103425299999
2025-12-30 06:00:00+00:00,601.95,603.34,596.85,596.91,703.0100298299999
2025-12-30 07:00:00+00:00,596.8,598.15,594.9,596.81,531.8627039200001
2025-12-30 08:00:00+00:00,596.98,599.75,594.5,596.24,614.0406463899998
2025-12-30 09:00:00+00:00,596.23,598.46,595.73,596.07,343.36701809999994
2025-12-30 10:00:00+00:00,596.12,600.84,595.26,599.51,554.0403450499998
2025-12-30 11:00:00+00:00,599.63,599.96,598.38,599.04,440.84339446
2025-12-30 12:00:00+00:00,599.04,603.0,598.08,601.41,624.4914674700004
2025-12-30 13:00:00+00:00,601.25,605.67,599.99,604.31,553.5623886400001
2025-12-30 14:00:00+00:00,604.38,604.52,599.79,602.94,498.21234533000006
2025-12-30 15:00:00+00:00,602.94,603.36,595.48,601.65,1390.6896822299989
2025-12-30 16:00:00+00:00,601.75,604.44,596.42,597.5,1059.00401245
2025-12-30 17:00:00+00:00,597.48,599.84,594.54,595.07,1277.18471304
2025-12-30 18:00:00+00:00,595.39,596.04,592.32,595.11,913.34650063
2025-12-30 19:00:00+00:00,594.95,597.23,593.23,596.07,222.2687416400001
2025-12-30 20:00:00+00:00,596.05,596.05,592.83,593.07,315.2232382400001
2025-12-30 21:00:00+00:00,593.2,594.34,590.5,593.06,410.31981176
2025-12-30 22:00:00+00:00,593.0,596.6,592.93,595.09,456.83218977
2025-12-30 23:00:00+00:00,595.05,597.51,593.95,595.24,817.57298059
2025-12-31 00:00:00+00:00,594.99,596.37,593.65,595.15,366.79342719
2025-12-31 01:00:00+00:00,595.14,596.26,593.4,595.51,329.6655020500001
2025-12-31 02:00:00+00:00,595.5,597.58,594.49,596.78,243.55427116000004
2025-12-31 03:00:00+00:00,596.8,598.85,596.4,597.57,313.9627829999999
2025-12-31 04:00:00+00:00,597.6,598.24,595.32,595.61,366.07783832000007
2025-12-31 05:00:00+00:00,595.57,599.39,595.57,599.16,365.7561362
2025-12-31 06:00:00+00:00,599.1,601.0,598.5,600.2,327.18454244000014
2025-12-31 07:00:00+00:00,600.18,600.24,598.5,599.71,260.62882203999993
2025-12-31 08:00:00+00:00,599.55,600.48,597.0,598.25,270.10423195000004
2025-12-31 09:00:00+00:00,598.01,599.69,597.83,599.15,224.5917074
2025-12-31 10:00:00+00:00,599.11,599.41,596.94,598.65,238.18965575
2025-12-31 11:00:00+00:00,598.5,602.43,598.01,601.16,698.6571659099988
2025-12-31 12:00:00+00:00,601.3,601.48,597.35,597.79,429.95207686
2025-12-31 13:00:00+00:00,597.72,598.22,594.0,595.61,557.8448754100002
2025-12-31 14:00:00+00:00,595.6,598.85,594.81,597.54,383.89031115000006
2025-12-31 15:00:00+00:00,597.38,597.47,593.67,595.24,437.33588402999993
2025-12-31 16:00:00+00:00,595.27,597.57,592.43,595.29,2596.2930313299994
2025-12-31 17:00:00+00:00,595.0,599.43,594.88,597.15,987.97927525
2025-12-31 18:00:00+00:00,597.12,599.99,595.98,596.61,640.7668788199999
2025-12-31 19:00:00+00:00,596.71,597.53,595.27,596.76,425.3599067199999
2025-12-31 20:00:00+00:00,596.75,599.0,594.62,598.4,778.3267988100005
2025-12-31 21:00:00+00:00,598.46,601.3,597.5,599.8,590.7068421600001
2025-12-31 22:00:00+00:00,599.89,602.31,596.75,597.53,725.2764386199999
2025-12-31 23:00:00+00:00,597.52,599.87,596.34,598.41,811.5938619199998
2026-01-01 00:00:00+00:00,598.78,605.23,598.22,602.47,1199.0857704199998
2026-01-01 01:00:00+00:00,602.47,602.55,596.66,599.14,838.4351291700002
2026-01-01 02:00:00+00:00,599.05,600.86,598.85,600.1,150.92706231999998
2026-01-01 03:00:00+00:00,599.94,599.94,595.81,595.95,435.1719371600001
2026-01-01 04:00:00+00:00,595.99,596.52,593.37,593.97,882.7243038800002
2026-01-01 05:00:00+00:00,594.12,596.48,594.12,595.92,226.77584763
2026-01-01 06:00:00+00:00,595.84,596.75,595.01,595.01,232.86404850000005
2026-01-01 07:00:00+00:00,595.15,596.18,594.1,594.35,367.26153862000007
2026-01-01 08:00:00+00:00,594.3,596.25,593.68,596.24,300.17838565999995
2026-01-01 09:00:00+00:00,596.14,597.65,594.85,595.02,280.86663746999994
2026-01-01 10:00:00+00:00,595.02,595.44,593.92,594.38,194.07654273
2026-01-01 11:00:00+00:00,594.08,594.45,592.51,594.45,31.42986
2026-01-01 12:00:00+00:00,594.0,594.0,591.34,591.49,6.672353889999999
2026-01-01 13:00:00+00:00,590.92,592.94,590.88,591.14,21.00968524
2026-01-01 14:00:00+00:00,590.71,591.23,586.17,588.8,111.85753255000002
2026-01-01 15:00:00+00:00,588.92,589.91,587.0,589.77,87.18740315
2026-01-01 16:00:00+00:00,590.09,590.8,583.01,587.32,385.5078454500001
2026-01-01 17:00:00+00:00,587.56,590.16,587.56,588.58,105.79949651999998
2026-01-01 18:00:00+00:00,588.05,588.59,587.81,587.81,17.253238169999996
2026-01-01 19:00:00+00:00,587.91,590.73,587.85,589.9,57.4097931
2026-01-01 20:00:00+00:00,590.73,592.2,590.06,590.96,166.45475826
2026-01-01 21:00:00+00:00,590.86,592.35,589.85,592.35,32.62526301
2026-01-01 22:00:00+00:00,593.21,594.0,591.54,592.04,25.09729511
2026-01-01 23:00:00+00:00,592.68,592.94,591.63,591.93,76.87956272
2026-01-02 00:00:00+00:00,592.59,593.15,588.81,591.32,661.03667862
2026-01-02 01:00:00+00:00,591.35,591.84,587.21,588.95,421.56149029999983
2026-01-02 02:00:00+00:00,588.75,588.75,586.78,588.04,683.90088579
2026-01-02 03:00:00+00:00,588.01,592.42,584.95,591.91,2079.645894790003
2026-01-02 04:00:00+00:00,592.07,592.73,588.64,590.33,716.9513487400006
2026-01-02 05:00:00+00:00,590.21,592.64,589.7,592.27,314.8531473400001
2026-01-02 06:00:00+00:00,592.14,594.82,591.96,592.07,380.29354688000006
2026-01-02 07:00:00+00:00,592.2,595.54,592.2,593.67,476.13022999
2026-01-02 08:00:00+00:00,593.85,595.38,592.91,594.06,440.45714352
2026-01-02 09:00:00+00:00,593.75,599.4,593.68,598.83,547.3350068899996
2026-01-02 10:00:00+00:00,598.62,600.98,595.42,595.95,967.7493714899996
2026-01-02 11:00:00+00:00,595.93,595.93,593.19,594.57,421.8339135700001
2026-01-02 12:00:00+00:00,594.66,596.52,592.66,593.23,518.12004677
2026-01-02 13:00:00+00:00,593.15,596.2,592.0,593.55,1041.1896759200006
2026-01-02 14:00:00+00:00,593.55,600.0,587.5,595.82,1629.7290915300007
2026-01-02 15:00:00+00:00,595.92,597.12,588.65,591.91,865.3508338800001
2026-01-02 16:00:00+00:00,591.75,599.58,590.0,596.64,1352.4134181500003
2026-01-02 17:00:00+00:00,596.7,618.0,594.7,611.94,7020.29702641
2026-01-02 18:00:00+00:00,611.69,615.44,608.99,613.7,1351.6620211499985
2026-01-02 19:00:00+00:00,613.9,615.04,611.28,611.33,597.1317880600001
2026-01-02 20:00:00+00:00,611.65,611.91,605.35,605.53,476.92731447000006
2026-01-02 21:00:00+00:00,605.78,607.08,604.12,606.5,389.3209469700001
2026-01-02 22:00:00+00:00,606.49,608.89,604.04,605.73,415.72723370999984
2026-01-02 23:00:00+00:00,605.75,612.63,604.59,609.48,1257.8694622799994
2026-01-03 00:00:00+00:00,609.52,630.6,608.15,627.64,3815.829045080004
2026-01-03 01:00:00+00:00,627.92,640.0,620.8,636.0,4244.458663999997
2026-01-03 02:00:00+00:00,637.27,639.32,626.81,627.41,2075.3433286600007
2026-01-03 03:00:00+00:00,627.24,630.16,625.6,628.55,1137.85744016
2026-01-03 04:00:00+00:00,628.53,629.58,625.84,626.84,468.76736399
2026-01-03 05:00:00+00:00,626.94,627.63,621.3,624.52,609.28862449
2026-01-03 06:00:00+00:00,624.51,639.29,623.53,631.48,1357.9420878600015
2026-01-03 07:00:00+00:00,631.76,637.47,625.58,626.54,1639.514561179999
2026-01-03 08:00:00+00:00,626.4,634.16,626.2,631.08,843.7523057600001
2026-01-03 09:00:00+00:00,631.09,633.44,630.0,630.01,526.36831355
2026-01-03 10:00:00+00:00,630.11,634.82,628.36,632.92,1002.8146772800002
2026-01-03 11:00:00+00:00,633.36,641.17,632.18,635.57,2241.574822049999
2026-01-03 12:00:00+00:00,635.68,638.82,632.75,636.16,944.5808630400002
2026-01-03 13:00:00+00:00,635.92,641.57,634.74,639.18,1220.6567322500002
2026-01-03 14:00:00+00:00,639.22,640.45,633.56,639.46,1492.3929809
2026-01-03 15:00:00+00:00,639.49,640.74,630.49,631.41,2092.16117156
2026-01-03 16:00:00+00:00,631.34,638.63,630.7,637.72,1278.63574051
2026-01-03 17:00:00+00:00,637.76,640.21,636.44,639.08,1672.6217332900003
2026-01-03 18:00:00+00:00,638.91,641.16,636.34,637.78,1006.61164302
2026-01-03 19:00:00+00:00,637.77,638.56,635.48,638.52,489.79989163
2026-01-03 20:00:00+00:00,638.28,663.5,637.15,657.76,6759.954871039996
2026-01-03 21:00:00+00:00,657.83,660.29,644.9,652.68,3292.78587382
2026-01-03 22:00:00+00:00,652.74,656.94,648.07,650.85,1509.93074913
2026-01-03 23:00:00+00:00,650.58,656.24,650.58,654.22,1094.4573471899994
2026-01-04 00:00:00+00:00,654.66,662.15,644.67,649.14,956.66772239
2026-01-04 01:00:00+00:00,649.14,650.34,642.02,644.83,337.0126852199999
2026-01-04 02:00:00+00:00,644.36,645.72,642.52,643.78,50.42069210000001
2026-01-04 03:00:00+00:00,643.1,647.1,643.1,646.19,204.09224392
2026-01-04 04:00:00+00:00,646.36,649.01,646.36,648.6,206.63791939
2026-01-04 05:00:00+00:00,649.48,649.77,644.02,644.25,62.28252563
2026-01-04 06:00:00+00:00,644.01,645.73,640.58,641.35,150.04383651000003
2026-01-04 07:00:00+00:00,642.07,643.1,640.66,641.46,39.51944735000001
2026-01-04 08:00:00+00:00,641.36,649.05,640.0,648.06,348.77844030999995
2026-01-04 09:00:00+00:00,648.67,652.42,645.39,649.35,378.96032957
2026-01-04 10:00:00+00:00,649.52,652.35,648.64,649.82,81.46127243
2026-01-04 11:00:00+00:00,649.78,653.49,647.59,647.59,111.51592168999996
2026-01-04 12:00:00+00:00,648.58,649.38,635.44,639.25,1072.65429663
2026-01-04 13:00:00+00:00,638.83,641.4,638.77,641.4,52.80347928000001
2026-01-04 14:00:00+00:00,640.64,644.77,636.1,638.3,345.80433293
2026-01-04 15:00:00+00:00,638.91,643.28,637.54,641.62,193.80344173
2026-01-04 16:00:00+00:00,641.01,642.66,639.99,641.97,30.855418270000005
2026-01-04 17:00:00+00:00,643.05,646.01,642.79,645.16,214.04995351
2026-01-04 18:00:00+00:00,643.83,643.88,638.09,639.77,208.93064545
2026-01-04 19:00:00+00:00,639.86,641.63,637.56,641.63,74.76741192
2026-01-04 20:00:00+00:00,641.88,642.71,637.54,637.54,290.17698966
2026-01-04 21:00:00+00:00,638.66,641.45,638.66,639.17,121.57573628000004
2026-01-04 22:00:00+00:00,640.61,641.97,639.34,639.34,9.96758026
2026-01-04 23:00:00+00:00,640.43,642.11,637.74,639.04,127.30988450999996
2026-01-05 00:00:00+00:00,639.5,651.0,639.5,649.93,1016.5082973000004
2026-01-05 01:00:00+00:00,650.23,654.47,648.04,650.29,434.99595357999993
2026-01-05 02:00:00+00:00,650.13,651.54,646.26,650.91,218.48125420000008
2026-01-05 03:00:00+00:00,649.78,650.87,648.83,650.87,145.32311376
2026-01-05 04:00:00+00:00,651.06,655.95,650.69,652.79,136.90685585999998
2026-01-05 05:00:00+00:00,652.45,656.93,651.7,656.24,106.27244251999996
2026-01-05 06:00:00+00:00,655.25,666.03,654.95,662.8,605.7485287499999
2026-01-05 07:00:00+00:00,662.66,662.79,659.05,661.12,101.55564814
2026-01-05 08:00:00+00:00,659.81,666.65,659.44,659.73,343.91087982999994
2026-01-05 09:00:00+00:00,659.88,666.95,658.61,662.62,942.1497796600004
2026-01-05 10:00:00+00:00,662.94,668.61,659.98,660.22,298.1736002900001
2026-01-05 11:00:00+00:00,659.75,659.75,649.71,654.05,145.43816053
2026-01-05 12:00:00+00:00,654.39,654.39,648.27,650.09,182.73315165
2026-01-05 13:00:00+00:00,650.3,651.32,649.18,651.1,16.656121
2026-01-05 14:00:00+00:00,650.98,653.05,642.72,647.87,283.55691495
2026-01-05 15:00:00+00:00,648.39,652.99,645.51,650.25,158.67839804
2026-01-05 16:00:00+00:00,650.08,651.4,645.46,646.68,403.68427262
2026-01-05 17:00:00+00:00,646.18,648.96,643.55,647.91,211.97618838
2026-01-05 18:00:00+00:00,647.47,649.82,646.17,649.82,178.73113208999996
2026-01-05 19:00:00+00:00,648.8,649.93,647.68,649.71,92.19940123
2026-01-05 20:00:00+00:00,649.43,654.5,648.76,649.19,281.06096148
2026-01-05 21:00:00+00:00,649.05,649.05,645.73,647.36,116.40714945
2026-01-05 22:00:00+00:00,646.83,650.23,646.41,647.86,10.73911555
2026-01-05 23:00:00+00:00,647.68,647.68,643.79,645.59,118.05841481
2026-01-06 00:00:00+00:00,645.55,656.56,638.82,653.18,4052.122143080001
2026-01-06 01:00:00+00:00,653.25,655.16,648.66,648.92,864.3369956099999
2026-01-06 02:00:00+00:00,649.21,650.31,644.6,644.95,517.4551427099999
2026-01-06 03:00:00+00:00,645.0,647.19,644.01,646.62,338.71775201
2026-01-06 04:00:00+00:00,646.45,649.71,645.95,645.95,570.5632361099999
2026-01-06 05:00:00+00:00,645.95,648.22,645.57,647.76,355.0891922999999
2026-01-06 06:00:00+00:00,647.76,648.36,644.02,644.8,405.2379535299999
2026-01-06 07:00:00+00:00,644.7,647.25,641.86,642.01,884.5155186500004
2026-01-06 08:00:00+00:00,642.02,642.86,638.84,639.3,2525.1899313500003
2026-01-06 09:00:00+00:00,639.17,642.84,637.35,638.69,1152.4064579499998
2026-01-06 10:00:00+00:00,638.67,640.6,638.14,638.76,205.26486057999992
2026-01-06 11:00:00+00:00,638.64,641.53,636.99,639.69,1280.0029257700005
2026-01-06 12:00:00+00:00,639.67,641.84,638.97,640.42,540.83311559
2026-01-06 13:00:00+00:00,640.4,641.91,624.0,632.96,4135.347076979995
2026-01-06 14:00:00+00:00,633.25,641.31,632.75,634.35,1857.038930209999
2026-01-06 15:00:00+00:00,634.54,636.75,628.0,631.16,1969.53383727
2026-01-06 16:00:00+00:00,631.16,634.26,627.84,632.72,1909.395083810001
2026-01-06 17:00:00+00:00,632.79,634.56,626.0,627.45,907.33985551
2026-01-06 18:00:00+00:00,627.46,632.0,626.6,629.79,781.14496014
2026-01-06 19:00:00+00:00,629.91,633.72,628.88,630.65,416.63211336
2026-01-06 20:00:00+00:00,630.64,636.02,630.62,635.33,463.1375076499998
2026-01-06 21:00:00+00:00,635.41,640.24,633.8,635.13,871.52802732
2026-01-06 22:00:00+00:00,634.92,637.36,634.68,635.7,1210.2880393200007
2026-01-06 23:00:00+00:00,635.89,639.96,635.75,637.92,409.15979969
2026-01-07 00:00:00+00:00,637.93,637.93,631.99,632.36,710.3008152
2026-01-07 01:00:00+00:00,632.37,633.67,628.41,629.7,857.3570201800005
2026-01-07 02:00:00+00:00,629.32,636.48,629.1,635.79,365.97434084
2026-01-07 03:00:00+00:00,636.0,636.39,633.09,634.15,286.6081176
2026-01-07 04:00:00+00:00,634.11,634.79,631.51,632.15,230.05790479
2026-01-07 05:00:00+00:00,632.02,634.87,630.58,631.73,361.70807101
2026-01-07 06:00:00+00:00,631.61,633.09,629.8,630.66,315.9974749299999
2026-01-07 07:00:00+00:00,630.75,633.43,629.44,633.3,289.40801050999994
2026-01-07 08:00:00+00:00,633.24,636.13,632.64,634.8,354.5019332699998
2026-01-07 09:00:00+00:00,634.74,634.8,625.46,628.29,702.9167477199999
2026-01-07 10:00:00+00:00,628.25,631.56,627.57,629.82,494.94438836000006
2026-01-07 11:00:00+00:00,629.77,631.39,629.42,630.02,317.1318062699999
2026-01-07 12:00:00+00:00,630.06,630.78,628.83,629.27,266.56537575000004
2026-01-07 13:00:00+00:00,629.26,633.25,628.32,631.6,290.36120435
2026-01-07 14:00:00+00:00,631.56,634.27,626.22,633.36,574.5680956299999
2026-01-07 15:00:00+00:00,633.46,633.46,626.64,627.37,757.27767023
2026-01-07 16:00:00+00:00,627.16,632.51,626.49,630.1,567.6022256199998
2026-01-07 17:00:00+00:00,630.4,632.81,628.32,629.09,607.7833751899996
2026-01-07 18:00:00+00:00,628.97,629.15,624.23,625.09,819.2705665100001
2026-01-07 19:00:00+00:00,625.44,628.2,621.67,627.65,942.7221159
2026-01-07 20:00:00+00:00,627.75,629.71,626.82,627.91,557.6550369400001
2026-01-07 21:00:00+00:00,627.9,629.8,627.39,629.63,364.64800256000007
2026-01-07 22:00:00+00:00,629.52,631.5,628.3,629.79,497.78531441000007
2026-01-07 23:00:00+00:00,629.61,632.25,627.26,628.65,217.1389572
2026-01-08 00:00:00+00:00,628.68,631.5,627.2,630.7,224.01773629
2026-01-08 01:00:00+00:00,630.7,653.24,630.0,649.33,4741.199949059974
2026-01-08 02:00:00+00:00,649.53,652.33,639.8,640.38,2453.940741370001
2026-01-08 03:00:00+00:00,640.5,644.51,637.24,638.68,980.6700336799996
2026-01-08 04:00:00+00:00,638.55,641.32,635.73,640.92,764.6212020100005
2026-01-08 05:00:00+00:00,640.98,644.81,639.35,639.79,471.09069352
2026-01-08 06:00:00+00:00,639.8,640.78,629.33,630.36,995.75209163
2026-01-08 07:00:00+00:00,630.28,635.5,629.6,635.15,767.57990095
2026-01-08 08:00:00+00:00,635.28,640.58,632.8,633.6,1027.8510122500002
2026-01-08 09:00:00+00:00,633.76,634.08,626.39,627.92,1381.55244385
2026-01-08 10:00:00+00:00,627.7,629.0,623.54,628.22,2473.030895810002
2026-01-08 11:00:00+00:00,628.21,629.47,624.84,628.06,464.3632252799999
2026-01-08 12:00:00+00:00,628.04,628.14,622.44,623.78,540.3024656099998
2026-01-08 13:00:00+00:00,623.7,624.75,618.93,622.92,1389.8739197900002
2026-01-08 14:00:00+00:00,622.78,630.08,621.13,629.51,1533.6189612300009
2026-01-08 15:00:00+00:00,629.45,638.67,627.05,636.65,1410.2584226200008
2026-01-08 16:00:00+00:00,636.6,642.32,633.93,642.0,1163.3619239399995
2026-01-08 17:00:00+00:00,642.12,642.16,626.84,628.1,1778.447805430001
2026-01-08 18:00:00+00:00,628.16,634.98,627.01,632.36,1977.4747972
2026-01-08 19:00:00+00:00,632.36,634.33,629.14,630.3,560.37666201
2026-01-08 20:00:00+00:00,630.05,630.05,625.46,627.48,450.42456655000007
2026-01-08 21:00:00+00:00,627.55,631.75,627.55,630.56,298.43745138
2026-01-08 22:00:00+00:00,630.55,634.57,630.2,633.3,323.41588459
2026-01-08 23:00:00+00:00,633.3,634.69,631.02,631.37,191.86348973999992
2026-01-09 00:00:00+00:00,631.38,632.47,628.71,631.91,388.0881250500001
2026-01-09 01:00:00+00:00,631.91,638.03,631.29,637.2,694.28317062
2026-01-09 02:00:00+00:00,636.91,641.79,636.56,636.66,697.0186925499999
2026-01-09 03:00:00+00:00,636.89,640.18,636.89,639.06,645.49346246
2026-01-09 04:00:00+00:00,639.23,641.71,636.64,637.08,582.06162039
2026-01-09 05:00:00+00:00,636.99,637.85,634.16,635.18,389.49519025000006
2026-01-09 06:00:00+00:00,635.05,638.76,633.53,637.96,398.65530586
2026-01-09 07:00:00+00:00,638.0,638.07,630.26,630.3,344.67962766000005
2026-01-09 08:00:00+00:00,630.6,631.59,624.48,629.4,802.6492855900003
2026-01-09 09:00:00+00:00,629.29,631.34,628.89,629.88,216.95406464
2026-01-09 10:00:00+00:00,629.82,632.41,629.25,632.21,223.08036861
2026-01-09 11:00:00+00:00,632.36,633.15,630.52,631.02,225.87332814
2026-01-09 12:00:00+00:00,631.05,633.38,628.69,629.92,425.31269565
2026-01-09 13:00:00+00:00,630.05,632.24,628.23,629.95,565.2462629600002
2026-01-09 14:00:00+00:00,629.99,631.8,628.0,629.51,668.7307935
2026-01-09 15:00:00+00:00,629.61,637.5,626.74,634.47,2001.6826829800004
2026-01-09 16:00:00+00:00,634.4,638.32,633.9,636.73,1032.0055660299995
2026-01-09 17:00:00+00:00,636.73,637.19,633.74,634.38,328.03120154999993
2026-01-09 18:00:00+00:00,634.33,635.57,630.48,634.58,630.3288942599999
2026-01-09 19:00:00+00:00,634.47,634.78,629.56,629.77,488.52589151
2026-01-09 20:00:00+00:00,629.64,630.96,628.27,629.38,379.12090979
2026-01-09 21:00:00+00:00,629.37,632.56,627.65,632.02,599.0616051099998
2026-01-09 22:00:00+00:00,632.0,635.04,631.83,634.47,169.82567392999997
2026-01-09 23:00:00+00:00,634.41,635.3,633.26,633.77,317.09794225
2026-01-10 00:00:00+00:00,633.76,633.8,630.83,631.4,329.43830624
2026-01-10 01:00:00+00:00,631.51,636.83,630.56,635.89,371.53579143
2026-01-10 02:00:00+00:00,635.9,637.68,634.33,635.88,668.0207217999997
2026-01-10 03:00:00+00:00,635.93,635.95,631.61,632.52,440.09136929
2026-01-10 04:00:00+00:00,632.57,635.08,630.45,634.62,340.5470979199999
2026-01-10 05:00:00+00:00,634.68,637.63,633.88,635.1,748.3648453699992
2026-01-10 06:00:00+00:00,635.07,638.04,634.58,635.43,641.9503567199997
2026-01-10 07:00:00+00:00,635.4,638.66,634.72,637.54,622.3061411499998
2026-01-10 08:00:00+00:00,637.66,638.3,635.36,636.34,244.8960314100001
2026-01-10 09:00:00+00:00,636.2,637.79,635.29,636.68,409.6116756499999
2026-01-10 10:00:00+00:00,636.74,640.27,635.99,639.19,1468.4585238499994
2026-01-10 11:00:00+00:00,639.18,640.45,636.47,637.57,374.59470264999993
2026-01-10 12:00:00+00:00,637.7,639.05,636.25,637.98,272.4039724599999
2026-01-10 13:00:00+00:00,637.9,638.41,636.54,637.3,303.16190125
2026-01-10 14:00:00+00:00,637.36,639.59,636.66,638.41,458.63568805999984
2026-01-10 15:00:00+00:00,638.26,640.5,637.59,638.63,464.10477543
2026-01-10 16:00:00+00:00,638.44,640.4,638.24,640.23,223.69883675
2026-01-10 17:00:00+00:00,640.21,641.4,638.4,639.91,293.41041125999993
2026-01-10 18:00:00+00:00,640.2,654.38,638.7,641.05,1422.9812022999995
2026-01-10 19:00:00+00:00,641.04,643.89,641.04,641.8,410.3834271500001
2026-01-10 20:00:00+00:00,641.83,643.69,640.92,642.88,436.6099322799999
2026-01-10 21:00:00+00:00,643.09,686.8,641.99,651.52,5668.603120099985
2026-01-10 22:00:00+00:00,651.52,651.78,642.46,642.76,1934.3948273400008
2026-01-10 23:00:00+00:00,642.76,645.14,642.13,643.31,369.2935461000001
2026-01-11 00:00:00+00:00,643.38,645.63,642.31,644.43,631.8913206100001
2026-01-11 01:00:00+00:00,644.43,646.44,639.84,641.69,944.34113403
2026-01-11 02:00:00+00:00,641.73,648.09,641.0,645.89,646.0226068700002
2026-01-11 03:00:00+00:00,645.93,648.91,644.18,648.23,489.72920234000014
2026-01-11 04:00:00+00:00,648.13,649.0,644.9,646.58,417.5834405000003
2026-01-11 05:00:00+00:00,646.66,657.04,645.41,654.49,1180.6080137
2026-01-11 06:00:00+00:00,654.53,665.0,645.88,647.56,5837.347170650006
2026-01-11 07:00:00+00:00,647.63,653.7,644.67,652.86,2406.310163270001
2026-01-11 08:00:00+00:00,653.04,655.42,652.08,654.93,796.8943225699999
2026-01-11 09:00:00+00:00,654.83,654.83,650.0,650.11,1302.22292645
2026-01-11 10:00:00+00:00,650.11,658.08,650.01,657.73,590.9152195299997
2026-01-11 11:00:00+00:00,657.79,658.81,648.0,649.57,2453.935493890001
2026-01-11 12:00:00+00:00,649.6,654.16,647.79,651.92,1574.6585608000005
2026-01-11 13:00:00+00:00,651.86,653.06,648.89,649.11,608.75764058
2026-01-11 14:00:00+00:00,649.15,655.35,648.82,653.86,1981.4114832899995
2026-01-11 15:00:00+00:00,654.0,654.29,650.51,654.16,881.2556338100001
2026-01-11 16:00:00+00:00,654.13,657.36,653.01,655.24,1544.6464657899994
2026-01-11 17:00:00+00:00,655.2,658.57,654.87,658.13,696.5637138
2026-01-11 18:00:00+00:00,658.1,658.1,654.03,656.65,1007.6559823000002
2026-01-11 19:00:00+00:00,656.47,656.93,654.5,655.1,977.23453504
2026-01-11 20:00:00+00:00,655.06,656.2,651.93,655.82,719.3081666200001
2026-01-11 21:00:00+00:00,655.7,655.7,651.4,653.2,668.5365385899999
2026-01-11 22:00:00+00:00,653.19,653.29,640.0,644.75,2529.17240571
2026-01-11 23:00:00+00:00,644.81,650.37,643.67,648.27,1320.6141340499996
2026-01-12 00:00:00+00:00,648.27,655.45,646.83,654.98,1659.0805105300008
2026-01-12 01:00:00+00:00,655.3,660.0,642.38,646.33,4480.30552082
2026-01-12 02:00:00+00:00,646.41,649.32,645.1,648.57,1152.9996970099996
2026-01-12 03:00:00+00:00,648.71,649.61,646.25,646.92,999.79836282
2026-01-12 04:00:00+00:00,646.98,650.65,645.47,646.86,1405.0821318099995
2026-01-12 05:00:00+00:00,646.89,646.89,640.31,641.96,1912.97886424
2026-01-12 06:00:00+00:00,641.9,642.82,630.0,632.02,2569.2173786900007
2026-01-12 07:00:00+00:00,631.86,633.5,605.78,617.67,4233.021822860001
2026-01-12 08:00:00+00:00,617.67,630.47,616.8,624.17,4507.424239419992
2026-01-12 09:00:00+00:00,624.09,627.85,623.06,626.04,1843.97361975
2026-01-12 10:00:00+00:00,626.1,626.5,621.77,624.15,832.1510489499999
2026-01-12 11:00:00+00:00,624.15,627.26,623.76,625.68,1542.9169839000006
2026-01-12 12:00:00+00:00,625.6,627.07,624.67,625.48,820.3837929199999
2026-01-12 13:00:00+00:00,625.57,625.84,623.06,624.26,545.87792037
2026-01-12 14:00:00+00:00,624.25,624.28,600.01,618.73,4299.373485860001
2026-01-12 15:00:00+00:00,618.84,619.28,614.52,618.15,2859.4432551900004
2026-01-12 16:00:00+00:00,618.14,622.88,617.4,619.77,1818.406423900001
2026-01-12 17:00:00+00:00,619.72,621.21,612.41,617.15,2245.6803294
2026-01-12 18:00:00+00:00,617.15,620.0,616.76,619.15,977.6179814900004
2026-01-12 19:00:00+00:00,619.18,621.06,618.26,620.74,820.1205593300001
2026-01-12 20:00:00+00:00,620.74,622.17,618.0,618.34,1029.1360892600003
2026-01-12 21:00:00+00:00,618.21,620.74,617.44,620.22,728.02834054
2026-01-12 22:00:00+00:00,620.3,620.8,618.15,619.31,384.5649437000001
2026-01-12 23:00:00+00:00,619.2,623.31,618.55,621.01,1063.8335742199995
2026-01-13 00:00:00+00:00,621.0,622.47,619.85,622.28,1110.3352446700003
2026-01-13 01:00:00+00:00,622.28,625.71,622.0,623.89,1023.71450135
2026-01-13 02:00:00+00:00,624.01,625.23,622.14,624.45,460.37651539000007
2026-01-13 03:00:00+00:00,624.45,625.44,613.75,613.91,1979.56760746
2026-01-13 04:00:00+00:00,613.86,615.39,608.01,615.2,3021.493982660001
2026-01-13 05:00:00+00:00,615.15,617.0,608.45,608.85,2003.35654383
2026-01-13 06:00:00+00:00,608.62,609.85,605.0,608.15,1979.1364381900007
2026-01-13 07:00:00+00:00,608.4,610.72,606.57,610.72,1733.8386745199996
2026-01-13 08:00:00+00:00,610.65,612.91,608.77,610.75,520.36978477
2026-01-13 09:00:00+00:00,610.72,613.29,609.88,611.34,456.3894977000001
2026-01-13 10:00:00+00:00,611.4,614.93,608.48,609.33,949.56032653
2026-01-13 11:00:00+00:00,609.21,610.19,608.46,608.9,538.3492484399999
2026-01-13 12:00:00+00:00,608.85,610.81,607.83,610.62,732.9306590400001
2026-01-13 13:00:00+00:00,610.67,612.12,608.0,610.38,1467.145725210001
2026-01-13 14:00:00+00:00,610.2,614.7,609.27,609.54,1042.6324894599993
2026-01-13 15:00:00+00:00,609.48,612.31,604.41,611.82,1238.4586717300003
2026-01-13 16:00:00+00:00,611.88,618.42,611.82,612.67,1112.2049641899996
2026-01-13 17:00:00+00:00,612.85,613.59,610.11,610.33,570.05986469
2026-01-13 18:00:00+00:00,610.53,613.58,610.19,612.37,763.3435735599999
2026-01-13 19:00:00+00:00,612.15,615.42,610.81,614.08,307.1243111500001
2026-01-13 20:00:00+00:00,614.1,616.07,611.94,612.96,966.56370321
2026-01-13 21:00:00+00:00,612.9,614.98,610.98,614.12,550.7940585199998
2026-01-13 22:00:00+00:00,614.12,624.0,613.52,622.76,2551.04745544
2026-01-13 23:00:00+00:00,622.83,624.32,612.6,616.68,2532.4352157000003
2026-01-14 00:00:00+00:00,616.72,618.1,610.0,612.26,2149.73476903
2026-01-14 01:00:00+00:00,612.6,618.48,611.45,617.7,1553.689634129999
2026-01-14 02:00:00+00:00,617.64,618.76,612.52,613.74,775.5038355199999
2026-01-14 03:00:00+00:00,613.8,619.02,612.96,618.6,1707.411052510001
2026-01-14 04:00:00+00:00,618.6,619.19,615.09,616.08,575.71886283
2026-01-14 05:00:00+00:00,616.0,617.92,614.1,614.67,314.29488057000003
2026-01-14 06:00:00+00:00,614.54,614.84,612.45,614.48,313.94766002
2026-01-14 07:00:00+00:00,614.3,616.18,612.01,614.15,848.3502001300002
2026-01-14 08:00:00+00:00,614.05,615.53,592.42,601.58,3848.270691330004
2026-01-14 09:00:00+00:00,601.72,605.02,600.43,602.88,769.0413006300001
2026-01-14 10:00:00+00:00,602.92,605.29,602.38,602.67,429.35516365000007
2026-01-14 11:00:00+00:00,602.87,603.84,598.76,599.56,1682.8369951600002
2026-01-14 12:00:00+00:00,599.55,603.0,598.87,600.11,719.4761982199999
2026-01-14 13:00:00+00:00,600.12,600.6,593.95,599.95,2443.18362189
2026-01-14 14:00:00+00:00,599.9,609.07,599.55,605.65,3102.396973020003
2026-01-14 15:00:00+00:00,605.46,608.86,603.69,607.6,1680.7720638600006
2026-01-14 16:00:00+00:00,607.65,612.49,601.44,603.95,3994.328542430001
2026-01-14 17:00:00+00:00,604.06,607.13,602.39,602.87,1198.8830840400003
2026-01-14 18:00:00+00:00,602.86,605.27,601.5,603.01,802.3238694300002
2026-01-14 19:00:00+00:00,603.25,607.6,603.0,604.24,1931.16790231
2026-01-14 20:00:00+00:00,604.24,605.81,601.98,602.81,961.78416678
2026-01-14 21:00:00+00:00,602.99,603.63,601.51,602.45,920.1143949600004
2026-01-14 22:00:00+00:00,602.51,602.51,595.65,597.05,2202.70082231
2026-01-14 23:00:00+00:00,597.05,600.11,595.73,597.36,978.90144641
2026-01-15 00:00:00+00:00,597.37,598.46,589.81,591.76,1586.4606061199995
2026-01-15 01:00:00+00:00,591.76,600.43,586.04,600.02,4508.924065109998
2026-01-15 02:00:00+00:00,599.93,601.08,597.38,599.31,1054.3234692599997
2026-01-15 03:00:00+00:00,598.87,600.89,597.5,599.41,1029.0991346700002
2026-01-15 04:00:00+00:00,599.41,623.85,598.8,618.53,9736.343571660003
2026-01-15 05:00:00+00:00,618.34,619.59,612.79,614.08,1783.6465149300002
2026-01-15 06:00:00+00:00,614.06,614.54,608.62,610.2,1505.3527312500016
2026-01-15 07:00:00+00:00,610.14,614.45,609.15,611.4,1329.9128145299994
2026-01-15 08:00:00+00:00,611.38,615.22,610.42,614.45,726.5280666500001
2026-01-15 09:00:00+00:00,614.22,630.07,612.35,624.23,2891.594756079998
2026-01-15 10:00:00+00:00,624.44,628.67,620.42,625.44,2179.6634298100007
2026-01-15 11:00:00+00:00,625.5,628.73,621.25,621.76,860.0720714500003
2026-01-15 12:00:00+00:00,621.74,623.6,617.15,617.3,721.4091622200003
2026-01-15 13:00:00+00:00,617.35,617.9,610.51,611.81,845.4433837100001
2026-01-15 14:00:00+00:00,612.05,612.76,602.59,604.56,1295.3009819400006
2026-01-15 15:00:00+00:00,604.56,605.85,596.54,601.14,1961.9186516199995
2026-01-15 16:00:00+00:00,600.89,603.85,591.21,591.73,2005.77433386
2026-01-15 17:00:00+00:00,591.72,594.79,582.45,588.1,3314.2269865300027
2026-01-15 18:00:00+00:00,587.9,589.08,578.3,579.09,1826.3812406399995
2026-01-15 19:00:00+00:00,578.99,582.84,574.52,581.57,2086.7412121199995
2026-01-15 20:00:00+00:00,581.6,583.66,579.54,581.16,834.6644835800003
2026-01-15 21:00:00+00:00,581.04,585.79,580.86,584.71,493.36242815
2026-01-15 22:00:00+00:00,584.71,586.81,583.73,585.69,244.24034826
2026-01-15 23:00:00+00:00,585.82,593.71,584.69,590.76,634.8997360299999
2026-01-16 00:00:00+00:00,590.76,593.92,589.59,592.28,691.7103045599998
2026-01-16 01:00:00+00:00,592.05,592.06,589.47,590.83,300.27558275
2026-01-16 02:00:00+00:00,590.9,598.73,589.8,598.4,1146.0496228699997
2026-01-16 03:00:00+00:00,598.38,598.61,592.29,593.6,678.5848983299998
2026-01-16 04:00:00+00:00,593.59,595.1,591.31,592.7,334.1882190300002
2026-01-16 05:00:00+00:00,592.7,602.19,591.41,599.35,928.33622698
2026-01-16 06:00:00+00:00,599.38,602.03,599.0,599.52,453.00184929
2026-01-16 07:00:00+00:00,599.58,601.44,597.84,600.81,575.8162215300001
2026-01-16 08:00:00+00:00,600.83,600.99,596.54,599.6,259.26807301
2026-01-16 09:00:00+00:00,599.45,600.38,599.1,599.68,144.13347982999997
2026-01-16 10:00:00+00:00,599.76,601.45,597.16,600.88,1084.034699
2026-01-16 11:00:00+00:00,600.6,600.75,599.04,599.5,173.91169528000003
2026-01-16 12:00:00+00:00,599.58,600.11,599.17,599.67,353.00418909
2026-01-16 13:00:00+00:00,599.72,601.06,598.86,599.37,348.42303182
2026-01-16 14:00:00+00:00,599.4,599.95,598.8,599.0,275.5867521199999
2026-01-16 15:00:00+00:00,598.94,601.39,594.52,599.7,1520.1465670900018
2026-01-16 16:00:00+00:00,599.58,606.68,599.3,602.77,941.3176326699996
2026-01-16 17:00:00+00:00,602.51,605.79,599.54,602.81,1220.010640839999
2026-01-16 18:00:00+00:00,602.95,604.39,601.09,601.77,904.1641764
2026-01-16 19:00:00+00:00,601.76,602.49,596.84,600.47,1019.8315883600004
2026-01-16 20:00:00+00:00,600.67,602.25,598.89,599.33,895.1715082100002
2026-01-16 21:00:00+00:00,599.35,600.29,597.59,599.22,392.6819208599999
2026-01-16 22:00:00+00:00,599.25,603.21,597.0,601.87,227.86425998
2026-01-16 23:00:00+00:00,601.88,602.08,598.9,599.22,576.14713566
2026-01-17 00:00:00+00:00,599.23,602.29,598.26,599.48,618.9582238699999
2026-01-17 01:00:00+00:00,599.46,599.59,598.47,599.23,457.8822847400001
2026-01-17 02:00:00+00:00,599.26,599.55,598.8,599.26,148.07445886000005
2026-01-17 03:00:00+00:00,599.27,599.89,595.66,596.2,451.1600467399999
2026-01-17 04:00:00+00:00,596.15,596.15,587.67,592.96,1325.6962674699998
2026-01-17 05:00:00+00:00,592.97,595.05,591.36,594.77,506.58878274000006
2026-01-17 06:00:00+00:00,594.77,594.92,592.25,593.29,633.3801945099998
2026-01-17 07:00:00+00:00,593.25,594.03,591.85,592.33,412.80433084999993
2026-01-17 08:00:00+00:00,592.33,594.68,591.6,594.56,714.6234917300001
2026-01-17 09:00:00+00:00,594.5,596.75,593.65,596.47,856.6839683
2026-01-17 10:00:00+00:00,596.3,596.94,594.41,594.9,324.18683083
2026-01-17 11:00:00+00:00,594.65,595.5,593.95,595.3,304.27523684
2026-01-17 12:00:00+00:00,595.35,600.18,594.7,597.04,984.31560238
2026-01-17 13:00:00+00:00,597.05,598.32,596.51,597.89,281.20189113
2026-01-17 14:00:00+00:00,597.81,599.22,596.21,597.4,446.9353552999999
2026-01-17 15:00:00+00:00,597.42,598.25,596.13,597.69,507.49872273
2026-01-17 16:00:00+00:00,597.97,597.97,592.77,593.09,959.3592426600002
2026-01-17 17:00:00+00:00,593.1,594.12,591.96,592.82,313.14334221
2026-01-17 18:00:00+00:00,593.14,594.45,592.3,593.98,205.79945437000003
2026-01-17 19:00:00+00:00,593.8,594.09,592.59,593.39,467.6027719299999
2026-01-17 20:00:00+00:00,593.38,594.09,593.22,593.37,181.47051533
2026-01-17 21:00:00+00:00,593.35,594.33,593.12,594.13,138.73253511
2026-01-17 22:00:00+00:00,594.13,594.16,591.3,592.9,168.1400193099999
2026-01-17 23:00:00+00:00,592.85,593.97,592.3,593.72,424.73343851
2026-01-18 00:00:00+00:00,593.67,594.63,591.96,593.06,1090.2656291300004
2026-01-18 01:00:00+00:00,593.09,593.56,590.3,591.05,386.4837965
2026-01-18 02:00:00+00:00,591.1,592.7,590.98,591.86,372.32366834999993
2026-01-18 03:00:00+00:00,591.86,595.62,591.76,594.69,372.0784122200001
2026-01-18 04:00:00+00:00,594.66,594.88,593.22,593.32,150.13444219999994
2026-01-18 05:00:00+00:00,593.45,595.16,593.31,595.07,199.52634931
2026-01-18 06:00:00+00:00,595.04,596.06,593.26,594.7,251.15669932
2026-01-18 07:00:00+00:00,594.68,595.91,593.83,595.34,328.08000049
2026-01-18 08:00:00+00:00,595.26,596.68,593.46,593.64,182.26831358
2026-01-18 09:00:00+00:00,593.75,594.96,593.11,594.8,283.8195341299999
2026-01-18 10:00:00+00:00,594.66,594.66,591.52,593.11,339.05243928999994
2026-01-18 11:00:00+00:00,593.1,593.1,591.33,591.52,185.51389234
2026-01-18 12:00:00+00:00,591.62,591.99,590.41,590.95,173.65697378999997
2026-01-18 13:00:00+00:00,590.91,592.5,590.37,592.33,264.39850203000003
2026-01-18 14:00:00+00:00,592.33,592.89,588.58,588.65,360.14572183000007
2026-01-18 15:00:00+00:00,588.62,593.36,587.44,592.39,627.4849940499998
2026-01-18 16:00:00+00:00,592.51,594.26,589.7,590.06,446.76977918
2026-01-18 17:00:00+00:00,589.97,591.27,589.07,591.16,397.6945348
2026-01-18 18:00:00+00:00,591.16,594.34,590.49,593.5,224.60805411
2026-01-18 19:00:00+00:00,593.45,594.32,591.95,592.7,355.24952244
2026-01-18 20:00:00+00:00,592.7,593.71,592.1,593.0,380.93221464999993
2026-01-18 21:00:00+00:00,593.0,594.39,592.52,593.15,188.62252268999995
2026-01-18 22:00:00+00:00,593.14,601.76,593.05,598.81,2195.608881689998
2026-01-18 23:00:00+00:00,598.81,601.55,590.65,591.37,3179.593778700001
2026-01-19 00:00:00+00:00,591.0,594.14,562.0,585.97,7455.235639559994
2026-01-19 01:00:00+00:00,585.85,587.4,581.81,583.75,614.9304582900002
2026-01-19 02:00:00+00:00,583.95,591.37,583.95,589.74,635.0180920600002
2026-01-19 03:00:00+00:00,589.8,591.61,587.91,589.49,1113.71585857
2026-01-19 04:00:00+00:00,589.45,590.96,587.12,588.95,715.1866594600002
2026-01-19 05:00:00+00:00,589.02,590.87,588.63,589.46,250.74772125
2026-01-19 06:00:00+00:00,589.32,590.82,588.65,590.78,252.01602836
2026-01-19 07:00:00+00:00,590.8,591.22,588.57,590.64,329.7606682799998
2026-01-19 08:00:00+00:00,590.63,592.12,588.91,589.5,278.9752510200001
2026-01-19 09:00:00+00:00,589.25,589.62,588.66,589.04,267.13038615000005
2026-01-19 10:00:00+00:00,589.0,590.23,588.4,589.77,1422.6015056300012
2026-01-19 11:00:00+00:00,589.85,591.91,588.85,589.37,394.8580674100003
2026-01-19 12:00:00+00:00,589.35,589.88,588.55,589.85,171.66303564
2026-01-19 13:00:00+00:00,589.8,590.58,589.03,589.43,110.52125518999996
2026-01-19 14:00:00+00:00,589.8,591.26,588.47,591.26,144.17768026000002
2026-01-19 15:00:00+00:00,591.27,594.3,590.29,590.45,457.9402136900001
2026-01-19 16:00:00+00:00,590.52,591.7,590.21,590.86,256.70639347
2026-01-19 17:00:00+00:00,590.75,590.86,588.75,589.48,175.86345911000004
2026-01-19 18:00:00+00:00,589.4,590.57,588.95,590.14,164.50808246999998
2026-01-19 19:00:00+00:00,589.96,590.99,588.15,589.48,255.6657398300001
2026-01-19 20:00:00+00:00,589.26,590.46,588.9,589.24,86.12238797000002
2026-01-19 21:00:00+00:00,589.54,589.68,588.85,589.04,116.62675936
2026-01-19 22:00:00+00:00,589.05,589.29,580.62,581.36,570.8346514400004
2026-01-19 23:00:00+00:00,581.35,586.2,580.03,583.66,436.5603077500001
2026-01-20 00:00:00+00:00,583.66,585.39,582.15,585.28,344.6739363600001
2026-01-20 01:00:00+00:00,585.28,586.81,584.73,585.53,299.75547784
2026-01-20 02:00:00+00:00,585.45,585.45,576.45,580.51,1065.13656795
2026-01-20 03:00:00+00:00,580.53,582.42,579.97,581.26,242.00710263
2026-01-20 04:00:00+00:00,581.26,582.1,578.78,579.27,195.10846646
2026-01-20 05:00:00+00:00,579.15,581.52,576.05,578.94,879.1487463699997
2026-01-20 06:00:00+00:00,578.88,580.78,573.48,578.71,995.96485646
2026-01-20 07:00:00+00:00,578.79,580.15,577.02,578.47,800.7075425400002
2026-01-20 08:00:00+00:00,578.46,578.86,576.91,578.42,1250.35397102
2026-01-20 09:00:00+00:00,578.32,578.48,572.01,572.45,321.46648882999995
2026-01-20 10:00:00+00:00,572.4,575.4,572.27,574.79,363.99089432
2026-01-20 11:00:00+00:00,574.75,578.41,574.07,577.37,317.38968952
2026-01-20 12:00:00+00:00,577.28,578.1,572.46,572.66,363.93205021
2026-01-20 13:00:00+00:00,572.65,572.82,567.84,569.11,1204.5469183600003
2026-01-20 14:00:00+00:00,569.1,573.22,567.4,569.6,3531.66973188
2026-01-20 15:00:00+00:00,569.6,572.9,567.95,570.5,1017.20308383
2026-01-20 16:00:00+00:00,570.19,571.83,568.1,569.06,640.18672382
2026-01-20 17:00:00+00:00,569.05,570.69,567.36,568.87,578.2636565000001
2026-01-20 18:00:00+00:00,569.0,573.34,568.3,568.93,1224.335524009999
2026-01-20 19:00:00+00:00,569.0,570.22,567.04,570.21,1447.0868717000008
2026-01-20 20:00:00+00:00,570.2,570.75,568.95,569.96,451.91874221999984
2026-01-20 21:00:00+00:00,569.89,570.15,567.78,568.92,358.48584374000006
2026-01-20 22:00:00+00:00,568.85,580.18,563.62,572.13,1165.0947689700004
2026-01-20 23:00:00+00:00,572.15,575.83,570.17,572.23,901.32460574
2026-01-21 00:00:00+00:00,572.23,587.34,571.82,580.86,1431.5002877599995
2026-01-21 01:00:00+00:00,580.64,582.76,578.98,579.54,421.13191256
2026-01-21 02:00:00+00:00,579.49,589.69,579.49,589.25,1603.9371300200005
2026-01-21 03:00:00+00:00,589.42,591.37,585.6,589.26,1236.322542560001
2026-01-21 04:00:00+00:00,589.25,590.91,587.28,589.62,516.73882196
2026-01-21 05:00:00+00:00,589.68,597.31,589.68,595.69,708.9288295299998
2026-01-21 06:00:00+00:00,595.71,596.13,585.35,589.12,2092.3619391199977
2026-01-21 07:00:00+00:00,589.3,593.99,586.81,591.7,1065.01740298
2026-01-21 08:00:00+00:00,591.8,593.81,590.62,591.4,293.25056626
2026-01-21 09:00:00+00:00,591.4,595.32,591.2,594.33,507.89970033
2026-01-21 10:00:00+00:00,594.4,597.07,593.1,593.94,403.1580378400001
2026-01-21 11:00:00+00:00,593.95,596.27,591.93,592.27,563.26430493
2026-01-21 12:00:00+00:00,592.2,592.25,581.0,585.51,2973.580656470003
2026-01-21 13:00:00+00:00,585.54,588.04,582.9,584.95,622.3239379899998
2026-01-21 14:00:00+00:00,584.98,592.2,584.47,590.03,850.89625266
2026-01-21 15:00:00+00:00,589.99,593.13,589.0,590.75,925.30254871
2026-01-21 16:00:00+00:00,590.9,591.12,570.83,572.69,1330.6286279900007
2026-01-21 17:00:00+00:00,572.7,577.51,569.26,577.4,1331.1516211000005
2026-01-21 18:00:00+00:00,577.4,580.36,576.25,578.13,376.1396172800001
2026-01-21 19:00:00+00:00,578.14,589.0,576.45,588.44,1293.8557250700003
2026-01-21 20:00:00+00:00,588.44,590.4,586.33,589.67,667.2323613899999
2026-01-21 21:00:00+00:00,589.8,592.45,589.22,591.46,809.7343445300003
2026-01-21 22:00:00+00:00,591.46,591.69,586.01,586.77,365.2415639100001
2026-01-21 23:00:00+00:00,586.75,589.38,583.2,584.2,375.46971096000016
2026-01-22 00:00:00+00:00,584.03,591.37,583.88,587.85,902.9311781499998
2026-01-22 01:00:00+00:00,587.81,593.93,587.33,592.38,1434.44062683
2026-01-22 02:00:00+00:00,592.33,599.98,591.47,594.51,1922.376195659997
2026-01-22 03:00:00+00:00,594.54,594.6,591.48,592.97,580.7535896700001
2026-01-22 04:00:00+00:00,592.95,595.33,591.12,591.12,449.13672844
2026-01-22 05:00:00+00:00,591.11,591.79,589.02,590.88,402.9203717499998
2026-01-22 06:00:00+00:00,590.9,596.68,590.9,594.8,386.2226095399999
2026-01-22 07:00:00+00:00,594.82,599.6,593.8,596.37,1092.6204038900005
2026-01-22 08:00:00+00:00,596.37,597.41,594.24,596.51,272.73591496000006
2026-01-22 09:00:00+00:00,596.5,599.36,596.05,597.93,278.7583201
2026-01-22 10:00:00+00:00,598.14,599.17,597.25,598.26,344.5182268599999
2026-01-22 11:00:00+00:00,598.0,598.3,594.21,594.65,537.00915063
2026-01-22 12:00:00+00:00,594.61,596.23,594.16,595.99,273.05774444
2026-01-22 13:00:00+00:00,595.91,598.22,592.43,594.05,1161.5383063000002
2026-01-22 14:00:00+00:00,593.8,595.08,591.33,591.75,650.8467562199999
2026-01-22 15:00:00+00:00,591.65,595.76,589.3,594.09,875.3219765499995
2026-01-22 16:00:00+00:00,593.97,596.29,592.16,595.14,463.2719043
2026-01-22 17:00:00+00:00,595.09,601.53,594.7,600.77,670.32287007
2026-01-22 18:00:00+00:00,600.31,601.6,596.75,597.85,1002.24078789
2026-01-22 19:00:00+00:00,597.8,603.27,597.2,602.32,420.97382814
2026-01-22 20:00:00+00:00,602.22,602.89,597.86,598.04,427.93558817
2026-01-22 21:00:00+00:00,598.15,599.18,595.95,596.44,585.6410585299999
2026-01-22 22:00:00+00:00,596.4,597.0,594.44,595.89,178.08520814
2026-01-22 23:00:00+00:00,595.92,599.14,594.76,598.48,293.36098423
2026-01-23 00:00:00+00:00,598.61,600.75,596.71,600.11,524.22877061
2026-01-23 01:00:00+00:00,600.12,600.71,598.1,598.79,292.13937982
2026-01-23 02:00:00+00:00,598.8,599.18,595.0,595.63,343.5922152300001
2026-01-23 03:00:00+00:00,595.62,598.73,595.62,597.93,389.3054342900001
2026-01-23 04:00:00+00:00,597.88,598.44,596.21,596.29,236.98062974
2026-01-23 05:00:00+00:00,596.24,596.5,594.02,594.98,273.38889131
2026-01-23 06:00:00+00:00,594.99,596.37,593.49,595.23,138.13971601000006
2026-01-23 07:00:00+00:00,595.2,595.71,594.0,594.0,176.81696817999998
2026-01-23 08:00:00+00:00,593.95,594.61,591.03,591.9,324.26973803999994
2026-01-23 09:00:00+00:00,591.78,594.37,591.78,593.54,166.28032828000002
2026-01-23 10:00:00+00:00,593.65,593.65,591.22,591.91,140.40859505999998
2026-01-23 11:00:00+00:00,591.9,595.64,591.68,594.47,225.94563405000008
2026-01-23 12:00:00+00:00,594.18,598.37,593.98,597.2,452.31425346000015
2026-01-23 13:00:00+00:00,597.38,598.25,595.15,596.5,93.19497152
2026-01-23 14:00:00+00:00,596.47,598.5,592.9,593.56,432.31949362
2026-01-23 15:00:00+00:00,593.93,594.15,589.82,593.55,548.3704617500002
2026-01-23 16:00:00+00:00,593.69,595.62,590.87,593.42,520.07937262
2026-01-23 17:00:00+00:00,593.3,599.17,592.1,595.55,886.7262753100003
2026-01-23 18:00:00+00:00,595.43,597.8,594.77,595.68,551.8362514499998
2026-01-23 19:00:00+00:00,595.65,595.7,591.79,592.76,437.5632172000001
2026-01-23 20:00:00+00:00,592.75,592.75,585.74,586.85,645.1815887600001
2026-01-23 21:00:00+00:00,586.89,591.53,586.61,589.89,1147.021998860001
2026-01-23 22:00:00+00:00,589.89,594.7,589.89,593.19,327.1283834200001
2026-01-23 23:00:00+00:00,593.12,595.33,592.82,594.98,127.91612730999998
2026-01-24 00:00:00+00:00,594.87,596.37,593.97,594.58,111.95120084
2026-01-24 01:00:00+00:00,594.57,594.73,591.55,593.09,115.09480567
2026-01-24 02:00:00+00:00,592.9,593.51,592.32,593.15,106.44768724999996
2026-01-24 03:00:00+00:00,593.1,594.13,592.25,592.93,125.84912065999995
2026-01-24 04:00:00+00:00,592.92,596.72,592.92,596.0,222.89586896
2026-01-24 05:00:00+00:00,595.9,596.37,592.15,592.91,162.02568759999997
2026-01-24 06:00:00+00:00,593.04,593.34,590.95,592.3,149.89581448999994
2026-01-24 07:00:00+00:00,592.34,593.75,589.89,592.64,214.19613234
2026-01-24 08:00:00+00:00,592.71,595.34,591.9,595.18,123.02514625
2026-01-24 09:00:00+00:00,595.26,595.26,594.07,594.6,86.79117606000001
2026-01-24 10:00:00+00:00,594.56,596.28,594.55,596.16,117.81137165
2026-01-24 11:00:00+00:00,596.15,598.08,596.15,596.85,169.1641695800001
2026-01-24 12:00:00+00:00,596.9,597.93,595.72,596.64,109.12828801999996
2026-01-24 13:00:00+00:00,596.74,597.66,595.16,596.45,82.02123704
2026-01-24 14:00:00+00:00,596.33,596.58,594.83,596.26,112.32959480999996
2026-01-24 15:00:00+00:00,596.09,597.65,593.85,595.43,158.51931099000004
2026-01-24 16:00:00+00:00,595.54,595.55,591.5,593.91,290.32558100999995
2026-01-24 17:00:00+00:00,593.57,594.12,592.74,593.89,53.06636892
2026-01-24 18:00:00+00:00,593.74,595.62,593.51,595.51,52.92936327999999
2026-01-24 19:00:00+00:00,595.44,595.94,593.51,593.83,463.87594154
2026-01-24 20:00:00+00:00,593.8,594.33,592.7,593.43,347.4091563
2026-01-24 21:00:00+00:00,593.25,593.91,592.52,593.69,43.63120226999998
2026-01-24 22:00:00+00:00,593.79,594.3,593.14,594.16,134.79297266000003
2026-01-24 23:00:00+00:00,594.2,594.38,592.37,592.7,263.01209497
2026-01-25 00:00:00+00:00,592.65,594.87,592.63,593.91,512.3177215200001
2026-01-25 01:00:00+00:00,593.91,594.73,591.77,592.15,136.29843929
2026-01-25 02:00:00+00:00,592.0,592.76,591.08,591.78,242.90528013999992
2026-01-25 03:00:00+00:00,591.8,592.78,590.47,591.17,126.74326383
2026-01-25 04:00:00+00:00,591.15,592.35,590.0,591.35,212.01101967
2026-01-25 05:00:00+00:00,591.37,592.14,590.58,592.11,118.75689015
2026-01-25 06:00:00+00:00,592.0,593.67,590.7,593.08,116.53504142000004
2026-01-25 07:00:00+00:00,592.95,592.95,590.08,590.37,120.05798812
2026-01-25 08:00:00+00:00,590.34,592.12,587.63,588.96,348.18902668999993
2026-01-25 09:00:00+00:00,588.95,591.32,588.29,589.0,2355.62888723
2026-01-25 10:00:00+00:00,589.0,590.28,586.99,588.18,1927.5730395400008
2026-01-25 11:00:00+00:00,587.55,588.05,584.93,585.74,183.5310946200001
2026-01-25 12:00:00+00:00,586.05,586.81,584.74,586.05,227.28970693
2026-01-25 13:00:00+00:00,586.03,586.61,585.25,585.7,85.94231403000002
2026-01-25 14:00:00+00:00,585.91,586.44,581.44,582.39,497.52827821
2026-01-25 15:00:00+00:00,582.32,582.48,578.01,581.83,946.95389472
2026-01-25 16:00:00+00:00,581.65,581.65,574.34,576.9,940.5302306
2026-01-25 17:00:00+00:00,577.06,579.0,576.15,577.53,183.54897240000005
2026-01-25 18:00:00+00:00,577.5,577.87,572.19,574.44,833.23596595
2026-01-25 19:00:00+00:00,574.35,574.72,566.5,568.37,946.0227865399996
2026-01-25 20:00:00+00:00,568.47,570.18,563.76,567.0,1531.24217964
2026-01-25 21:00:00+00:00,566.9,574.0,566.16,569.8,1696.7561374399993
2026-01-25 22:00:00+00:00,569.84,569.99,566.15,567.57,355.0975236
2026-01-25 23:00:00+00:00,567.48,572.08,565.55,571.43,411.15099568000016
2026-01-26 00:00:00+00:00,571.48,578.24,570.71,574.85,599.7430150500002
2026-01-26 01:00:00+00:00,574.83,582.19,574.58,580.55,1194.7858632199998
2026-01-26 02:00:00+00:00,580.58,580.77,577.32,578.14,345.6124318999998
2026-01-26 03:00:00+00:00,578.14,579.91,573.11,574.43,315.3847919899998
2026-01-26 04:00:00+00:00,574.44,579.6,574.14,577.9,187.34078026
2026-01-26 05:00:00+00:00,577.92,578.88,576.31,578.34,113.38405926000002
2026-01-26 06:00:00+00:00,578.49,579.39,576.69,578.92,147.64279385999998
2026-01-26 07:00:00+00:00,578.68,580.0,577.5,579.71,294.30360506999995
2026-01-26 08:00:00+00:00,579.7,582.6,578.71,579.2,386.37922858
2026-01-26 09:00:00+00:00,579.15,579.15,574.38,575.01,139.77813393
2026-01-26 10:00:00+00:00,574.86,577.08,574.86,575.26,176.07290654
2026-01-26 11:00:00+00:00,575.4,577.08,575.37,576.47,80.19689372
2026-01-26 12:00:00+00:00,576.68,578.19,575.16,575.78,398.8484784999999
2026-01-26 13:00:00+00:00,575.94,577.89,574.9,577.26,217.89609699
2026-01-26 14:00:00+00:00,577.33,580.71,575.3,579.15,385.0996449500001
2026-01-26 15:00:00+00:00,579.26,582.54,575.86,576.91,428.6732863
2026-01-26 16:00:00+00:00,576.88,578.68,574.02,577.06,328.37883551
2026-01-26 17:00:00+00:00,577.1,578.12,572.47,576.24,545.85331456
2026-01-26 18:00:00+00:00,576.22,581.35,576.21,580.46,502.2191625399997
2026-01-26 19:00:00+00:00,580.59,580.81,576.45,576.85,304.8570255199999
2026-01-26 20:00:00+00:00,576.83,578.27,574.56,575.01,337.4242095400001
2026-01-26 21:00:00+00:00,574.91,579.5,574.75,578.5,178.81759892999997
2026-01-26 22:00:00+00:00,578.48,579.05,576.93,578.26,136.51762373
2026-01-26 23:00:00+00:00,578.26,580.15,577.62,578.0,228.64130716
2026-01-27 00:00:00+00:00,577.98,579.48,576.53,579.41,173.88527874999994
2026-01-27 01:00:00+00:00,579.3,580.91,577.12,580.13,361.1617979499999
2026-01-27 02:00:00+00:00,580.24,598.03,579.4,594.43,4382.74152053
2026-01-27 03:00:00+00:00,594.39,595.71,591.56,592.12,1253.8030407200004
2026-01-27 04:00:00+00:00,592.41,592.43,587.9,588.42,330.33624822
2026-01-27 05:00:00+00:00,588.29,589.87,586.68,589.42,570.6448264999999
2026-01-27 06:00:00+00:00,589.43,590.37,588.48,589.3,340.13724796999986
2026-01-27 07:00:00+00:00,589.33,591.9,588.55,588.66,246.37446686
2026-01-27 08:00:00+00:00,588.52,589.65,587.52,587.81,217.92757952
2026-01-27 09:00:00+00:00,587.72,591.0,586.6,590.82,591.9871291100001
2026-01-27 10:00:00+00:00,590.7,593.37,589.82,590.61,619.35535777
2026-01-27 11:00:00+00:00,590.6,590.6,588.35,589.94,248.5410633099999
2026-01-27 12:00:00+00:00,589.72,589.72,587.14,588.5,277.0516395200001
2026-01-27 13:00:00+00:00,588.49,590.45,586.3,586.8,242.62910082
2026-01-27 14:00:00+00:00,586.9,591.3,586.9,587.95,284.5097254499998
2026-01-27 15:00:00+00:00,587.88,591.15,585.18,588.71,686.3798739900002
2026-01-27 16:00:00+00:00,588.66,593.92,588.59,593.52,364.82030766
2026-01-27 17:00:00+00:00,593.55,593.55,587.7,589.06,335.72841588000006
2026-01-27 18:00:00+00:00,589.16,594.72,588.48,593.88,217.73013855000008
2026-01-27 19:00:00+00:00,593.88,595.83,593.13,595.04,486.84313168
2026-01-27 20:00:00+00:00,595.02,599.6,594.79,599.28,772.76965464
2026-01-27 21:00:00+00:00,598.96,599.73,597.51,597.85,348.33873401999995
2026-01-27 22:00:00+00:00,598.02,602.42,597.15,602.19,949.33211966
2026-01-27 23:00:00+00:00,602.08,602.88,599.13,599.3,774.73824663
2026-01-28 00:00:00+00:00,599.31,601.04,597.49,598.83,330.1726700699999
2026-01-28 01:00:00+00:00,598.83,599.92,597.09,598.59,150.31249500999994
2026-01-28 02:00:00+00:00,598.6,598.64,594.8,597.12,133.35012233
2026-01-28 03:00:00+00:00,597.0,598.74,593.83,598.36,223.11063651
2026-01-28 04:00:00+00:00,598.48,598.88,596.45,596.51,139.32824710000006
2026-01-28 05:00:00+00:00,596.55,597.95,589.66,593.74,1429.95529899
2026-01-28 06:00:00+00:00,593.76,595.32,593.47,594.5,143.96752741000003
2026-01-28 07:00:00+00:00,594.6,595.0,591.36,592.23,168.93353258999997
2026-01-28 08:00:00+00:00,592.06,593.25,590.86,591.69,119.89763197
2026-01-28 09:00:00+00:00,591.56,595.04,591.5,594.91,218.86264293
2026-01-28 10:00:00+00:00,594.7,596.67,594.03,594.49,189.2017639700001
2026-01-28 11:00:00+00:00,594.5,597.11,593.65,597.1,107.93192498
2026-01-28 12:00:00+00:00,596.99,597.16,592.86,595.06,228.29099188
2026-01-28 13:00:00+00:00,595.07,598.59,595.07,596.88,212.8441531800001
2026-01-28 14:00:00+00:00,596.76,597.3,591.45,592.52,929.519263659999
2026-01-28 15:00:00+00:00,592.57,593.34,589.68,591.23,534.2959893899998
2026-01-28 16:00:00+00:00,591.04,591.63,588.71,590.6,277.35244194000006
2026-01-28 17:00:00+00:00,590.73,595.39,589.51,592.69,308.21529991999995
2026-01-28 18:00:00+00:00,592.69,593.27,590.1,591.5,694.5249756199999
2026-01-28 19:00:00+00:00,591.35,592.81,589.2,591.74,167.78344971
2026-01-28 20:00:00+00:00,591.76,593.57,589.73,589.92,583.56780835
2026-01-28 21:00:00+00:00,590.27,591.77,588.61,590.27,254.68655062
2026-01-28 22:00:00+00:00,590.15,591.14,588.99,591.14,100.85278663999996
2026-01-28 23:00:00+00:00,591.15,591.66,589.59,590.36,223.58905612
2026-01-29 00:00:00+00:00,590.24,590.65,588.42,589.49,186.83855533000005
2026-01-29 01:00:00+00:00,589.61,590.11,587.09,587.21,173.26082962
2026-01-29 02:00:00+00:00,587.16,588.34,582.0,583.71,1643.2112986599998
2026-01-29 03:00:00+00:00,583.69,585.12,579.37,580.99,883.1684136299999
2026-01-29 04:00:00+00:00,580.98,581.87,578.5,580.98,402.21196806
2026-01-29 05:00:00+00:00,580.92,582.12,577.89,578.49,271.62965369
2026-01-29 06:00:00+00:00,578.44,579.6,577.7,578.28,269.85247589999994
2026-01-29 07:00:00+00:00,578.17,582.3,578.16,581.89,180.37137446
2026-01-29 08:00:00+00:00,581.65,582.66,579.27,579.49,169.63855687999998
2026-01-29 09:00:00+00:00,579.25,579.58,577.87,578.26,276.30479346
2026-01-29 10:00:00+00:00,577.93,579.78,577.2,579.29,232.69295091000004
2026-01-29 11:00:00+00:00,579.17,579.24,575.82,576.03,339.40695530999994
2026-01-29 12:00:00+00:00,575.96,576.9,572.71,573.73,977.4268253
2026-01-29 13:00:00+00:00,573.74,575.28,573.3,574.75,357.70524705
2026-01-29 14:00:00+00:00,575.05,575.94,566.0,566.63,1355.19521748
2026-01-29 15:00:00+00:00,566.04,566.04,547.48,551.76,3338.162448809998
2026-01-29 16:00:00+00:00,551.75,559.0,549.24,558.47,1548.72368206
2026-01-29 17:00:00+00:00,558.4,562.39,554.91,555.45,1377.6127375500002
2026-01-29 18:00:00+00:00,555.49,557.94,549.57,550.11,1237.57133371
2026-01-29 19:00:00+00:00,550.03,554.48,549.36,553.35,658.4679879300002
2026-01-29 20:00:00+00:00,553.17,556.23,552.5,555.4,506.0114542399999
2026-01-29 21:00:00+00:00,555.54,557.73,555.46,556.89,607.19770699
2026-01-29 22:00:00+00:00,556.9,557.99,555.0,555.0,282.39004786
2026-01-29 23:00:00+00:00,554.96,555.03,552.68,553.3,384.51807697
2026-01-30 00:00:00+00:00,553.19,554.34,550.74,551.23,507.3299835800001
2026-01-30 01:00:00+00:00,551.26,552.6,535.45,541.45,2398.5324363099994
2026-01-30 02:00:00+00:00,541.45,541.62,532.52,538.75,1567.60186218
2026-01-30 03:00:00+00:00,539.13,544.51,539.0,544.0,449.3040952
2026-01-30 04:00:00+00:00,544.25,549.2,544.11,545.0,477.29715766000015
2026-01-30 05:00:00+00:00,544.9,548.31,543.89,545.9,314.8512036999999
2026-01-30 06:00:00+00:00,545.95,546.11,538.21,541.56,647.5130412900002
2026-01-30 07:00:00+00:00,541.65,549.8,541.26,548.3,1264.9125537000004
2026-01-30 08:00:00+00:00,548.22,549.19,544.84,546.26,353.3875188000002
2026-01-30 09:00:00+00:00,546.2,547.71,542.65,544.7,402.2727292000001
2026-01-30 10:00:00+00:00,544.6,546.64,542.26,546.07,215.82011704
2026-01-30 11:00:00+00:00,546.33,552.2,546.05,551.5,750.2783778200001
2026-01-30 12:00:00+00:00,551.55,552.35,547.48,550.1,299.21164101
2026-01-30 13:00:00+00:00,550.05,552.48,545.64,550.33,593.6715249999993
2026-01-30 14:00:00+00:00,550.26,556.76,550.25,552.3,1012.8670713199998
2026-01-30 15:00:00+00:00,552.36,554.76,547.4,550.42,859.51932151
2026-01-30 16:00:00+00:00,550.4,554.04,547.68,551.24,429.03264703
2026-01-30 17:00:00+00:00,551.28,554.46,549.88,550.27,993.03474078
2026-01-30 18:00:00+00:00,550.07,557.95,543.35,556.93,1225.6122266200005
2026-01-30 19:00:00+00:00,556.9,558.9,554.46,555.41,920.9702849999996
2026-01-30 20:00:00+00:00,555.41,555.62,550.03,550.82,934.31963775
2026-01-30 21:00:00+00:00,550.76,554.0,549.59,552.85,822.96204019
2026-01-30 22:00:00+00:00,552.8,553.62,550.75,553.27,232.87551950000008
2026-01-30 23:00:00+00:00,553.34,553.57,550.61,552.43,256.66977184
2026-01-31 00:00:00+00:00,552.18,553.19,550.8,550.8,338.81679177000007
2026-01-31 01:00:00+00:00,550.96,552.7,549.86,550.63,146.31863563
2026-01-31 02:00:00+00:00,550.41,551.13,547.19,550.16,505.3581642500002
2026-01-31 03:00:00+00:00,550.16,550.91,547.0,547.65,203.24382013
2026-01-31 04:00:00+00:00,547.48,548.74,547.11,547.72,126.92416663000002
2026-01-31 05:00:00+00:00,547.56,547.74,544.22,544.87,1638.425649670001
2026-01-31 06:00:00+00:00,544.88,545.46,539.77,542.82,783.1881191100002
2026-01-31 07:00:00+00:00,542.66,544.07,538.53,541.41,984.5482886099996
2026-01-31 08:00:00+00:00,541.55,541.7,531.95,538.95,2487.30912414
2026-01-31 09:00:00+00:00,538.95,540.0,534.89,536.34,544.8989068400001
2026-01-31 10:00:00+00:00,536.36,537.71,534.3,536.45,290.82064001000003
2026-01-31 11:00:00+00:00,536.4,536.4,532.23,533.39,188.18102327000005
2026-01-31 12:00:00+00:00,533.25,536.33,532.36,532.76,338.59045872999985
2026-01-31 13:00:00+00:00,532.84,532.88,527.66,529.4,808.9795106399998
2026-01-31 14:00:00+00:00,529.46,530.23,515.15,520.0,2577.8238428799987
2026-01-31 15:00:00+00:00,519.95,524.2,518.58,519.04,729.7494071699999
2026-01-31 16:00:00+00:00,518.94,524.65,503.47,509.5,2407.9807608400006
2026-01-31 17:00:00+00:00,509.52,511.04,480.2,487.15,6414.239789939991
2026-01-31 18:00:00+00:00,486.84,493.04,467.54,488.27,3497.803462329998
2026-01-31 19:00:00+00:00,488.49,492.66,483.01,486.46,1664.4608428799995
2026-01-31 20:00:00+00:00,486.31,489.35,480.0,484.92,1378.21991258
2026-01-31 21:00:00+00:00,484.9,490.71,482.5,488.95,1155.71550449
2026-01-31 22:00:00+00:00,488.95,495.54,487.8,493.47,722.6915171400002
2026-01-31 23:00:00+00:00,493.6,508.51,493.55,506.79,3180.876541820001
2026-02-01 00:00:00+00:00,506.87,513.82,505.68,513.5,1120.915058339999
2026-02-01 01:00:00+00:00,513.7,515.48,507.63,514.75,914.53325896
2026-02-01 02:00:00+00:00,514.81,519.62,509.1,516.5,1221.2366260500005
2026-02-01 03:00:00+00:00,516.6,518.64,515.05,517.45,331.11976109
2026-02-01 04:00:00+00:00,517.41,521.9,513.79,520.91,1142.8552461100016
2026-02-01 05:00:00+00:00,520.95,523.57,518.88,521.25,534.15262252
2026-02-01 06:00:00+00:00,521.4,525.28,519.05,521.57,1165.5940114200005
2026-02-01 07:00:00+00:00,521.82,528.61,518.3,525.46,1476.820376169999
2026-02-01 08:00:00+00:00,525.45,529.89,524.87,529.26,952.1926271599998
2026-02-01 09:00:00+00:00,529.25,530.62,522.28,528.83,899.0272777399997
2026-02-01 10:00:00+00:00,529.05,531.86,526.4,527.11,830.6974188699996
2026-02-01 11:00:00+00:00,527.25,536.6,527.25,535.35,761.2801031300002
2026-02-01 12:00:00+00:00,535.4,535.82,527.35,533.77,954.5361541499998
2026-02-01 13:00:00+00:00,533.71,537.76,529.05,531.91,1017.40554555
2026-02-01 14:00:00+00:00,531.9,534.05,522.17,530.63,1420.1603651499995
2026-02-01 15:00:00+00:00,530.51,530.52,515.38,521.79,2114.80460991
2026-02-01 16:00:00+00:00,521.7,525.0,515.87,519.52,977.9090031799996
2026-02-01 17:00:00+00:00,519.45,523.15,517.06,523.11,518.7645660900002
2026-02-01 18:00:00+00:00,522.91,531.19,521.48,523.55,687.9671086199997
2026-02-01 19:00:00+00:00,523.55,524.61,517.2,520.19,513.33683969
2026-02-01 20:00:00+00:00,520.19,525.9,517.35,521.34,714.6037835500001
2026-02-01 21:00:00+00:00,521.25,521.25,514.39,516.1,873.8588705400001
2026-02-01 22:00:00+00:00,516.2,524.89,515.43,522.11,552.1611932799999
2026-02-01 23:00:00+00:00,521.91,523.2,508.51,515.7,1301.61547936
2026-02-02 00:00:00+00:00,515.75,527.38,513.3,521.58,789.6897992900002
2026-02-02 01:00:00+00:00,521.1,524.34,514.3,520.95,788.2687246200002
2026-02-02 02:00:00+00:00,521.08,521.08,512.9,513.25,512.5889556899998
2026-02-02 03:00:00+00:00,513.06,514.38,497.0,510.32,2047.675780479999
2026-02-02 04:00:00+00:00,510.32,516.5,504.69,509.55,604.7176321699999
2026-02-02 05:00:00+00:00,509.5,511.78,499.95,504.1,809.1236132000004
2026-02-02 06:00:00+00:00,504.06,514.54,497.3,510.23,1387.6121446499997
2026-02-02 07:00:00+00:00,510.23,516.02,508.32,511.3,579.4877665700002
2026-02-02 08:00:00+00:00,511.32,516.87,511.25,515.02,669.0329409399999
2026-02-02 09:00:00+00:00,515.01,519.36,511.95,517.0,804.0863246099998
2026-02-02 10:00:00+00:00,516.99,531.23,516.09,525.73,3165.16019694999
2026-02-02 11:00:00+00:00,525.7,526.62,523.44,523.75,407.69502081
2026-02-02 12:00:00+00:00,523.92,527.35,523.08,524.77,421.35717055999976
2026-02-02 13:00:00+00:00,524.64,535.76,523.32,532.79,2262.1780678599944
2026-02-02 14:00:00+00:00,532.79,536.04,526.37,531.14,1362.29230111
2026-02-02 15:00:00+00:00,531.24,543.43,529.75,540.55,1393.69377539
2026-02-02 16:00:00+00:00,540.27,543.88,537.01,538.15,943.9392388600002
2026-02-02 17:00:00+00:00,538.05,541.1,536.0,537.55,264.03920283
2026-02-02 18:00:00+00:00,537.49,538.08,533.96,535.29,624.6836261600001
2026-02-02 19:00:00+00:00,535.25,537.26,534.66,535.8,231.6179816
2026-02-02 20:00:00+00:00,535.75,536.75,533.59,534.83,506.0822388
2026-02-02 21:00:00+00:00,534.75,537.47,533.95,536.71,670.2574906799998
2026-02-02 22:00:00+00:00,536.75,540.38,536.75,538.89,324.67157505000006
2026-02-02 23:00:00+00:00,538.78,540.98,537.42,538.89,474.1294909999999
2026-02-03 00:00:00+00:00,539.29,540.12,535.95,536.2,736.8478074099996
2026-02-03 01:00:00+00:00,536.0,536.37,532.13,533.21,347.04070222
2026-02-03 02:00:00+00:00,533.45,533.49,526.0,526.45,450.98944709000017
2026-02-03 03:00:00+00:00,526.36,533.48,525.8,532.32,431.92981476000006
2026-02-03 04:00:00+00:00,532.28,535.14,530.82,533.1,463.2126822699999
2026-02-03 05:00:00+00:00,533.1,533.1,525.5,525.6,403.59829678000017
2026-02-03 06:00:00+00:00,525.6,529.82,524.22,528.63,396.19428366999983
2026-02-03 07:00:00+00:00,528.52,531.17,528.04,529.81,250.15417286000007
2026-02-03 08:00:00+00:00,529.76,532.2,528.25,529.07,266.8172579100001
2026-02-03 09:00:00+00:00,529.2,531.11,524.17,526.9,568.34072944
2026-02-03 10:00:00+00:00,527.04,528.98,524.76,525.3,257.2914138800001
2026-02-03 11:00:00+00:00,525.55,527.81,525.15,526.2,161.12601246999998
2026-02-03 12:00:00+00:00,526.23,528.79,525.3,526.89,399.2821208199999
2026-02-03 13:00:00+00:00,526.89,529.04,526.51,527.75,315.62082676999995
2026-02-03 14:00:00+00:00,527.72,528.16,520.72,521.06,640.7457266699998
2026-02-03 15:00:00+00:00,520.87,532.51,519.67,532.0,1207.25103498
2026-02-03 16:00:00+00:00,532.08,532.08,524.64,525.7,1073.3922058800006
2026-02-03 17:00:00+00:00,525.63,526.93,518.4,518.6,1603.1454171599996
2026-02-03 18:00:00+00:00,518.7,521.0,509.0,511.25,1576.8413547099997
2026-02-03 19:00:00+00:00,511.25,529.27,510.05,527.81,1434.0519623300002
2026-02-03 20:00:00+00:00,527.3,541.52,523.45,538.02,1301.5784115700003
2026-02-03 21:00:00+00:00,538.02,540.6,529.19,530.44,422.3670285100001
2026-02-03 22:00:00+00:00,530.36,530.78,524.68,526.11,320.86461236
2026-02-03 23:00:00+00:00,526.11,526.59,522.35,526.35,393.90538665000025
2026-02-04 00:00:00+00:00,526.26,532.4,524.89,532.36,770.2521916399999
2026-02-04 01:00:00+00:00,532.4,537.08,531.8,533.31,916.32674691
2026-02-04 02:00:00+00:00,533.3,535.34,528.46,530.09,801.0031262199999
2026-02-04 03:00:00+00:00,530.06,533.68,529.69,533.21,808.9717501400002
2026-02-04 04:00:00+00:00,533.21,533.21,530.5,530.84,299.94975813
2026-02-04 05:00:00+00:00,530.85,531.51,527.8,529.0,275.49684035
2026-02-04 06:00:00+00:00,529.15,530.6,527.35,529.67,444.74745396
2026-02-04 07:00:00+00:00,529.5,531.35,527.67,530.4,373.4277211
2026-02-04 08:00:00+00:00,530.6,530.95,527.27,530.05,210.70086468
2026-02-04 09:00:00+00:00,529.96,530.48,526.32,526.4,318.5296278999999
2026-02-04 10:00:00+00:00,526.41,527.57,524.59,525.35,321.2479788299999
2026-02-04 11:00:00+00:00,525.4,529.83,521.17,528.42,774.7610902000004
2026-02-04 12:00:00+00:00,528.78,529.6,524.88,527.42,251.36963124
2026-02-04 13:00:00+00:00,527.16,527.46,521.6,521.81,401.76661747000026
2026-02-04 14:00:00+00:00,521.6,525.06,517.56,518.15,731.2110574300001
2026-02-04 15:00:00+00:00,517.82,522.88,514.78,519.74,2225.91504844
2026-02-04 16:00:00+00:00,519.66,523.8,515.54,518.85,1814.9104989400005
2026-02-04 17:00:00+00:00,518.81,521.64,514.0,518.86,1253.30387243
2026-02-04 18:00:00+00:00,518.7,530.55,516.39,527.45,981.40246784
2026-02-04 19:00:00+00:00,527.58,538.56,527.31,537.86,1400.2740840099998
2026-02-04 20:00:00+00:00,537.83,538.01,534.62,535.3,492.5134595900001
2026-02-04 21:00:00+00:00,535.15,535.85,526.28,529.1,731.5690758400002
2026-02-04 22:00:00+00:00,529.16,535.53,523.43,527.57,629.4153323899997
2026-02-04 23:00:00+00:00,527.03,533.64,525.84,531.28,616.2922982899998
2026-02-05 00:00:00+00:00,531.28,533.88,527.82,533.68,467.24207136
2026-02-05 01:00:00+00:00,533.49,541.27,532.45,534.24,1077.6185710599998
2026-02-05 02:00:00+00:00,534.14,538.44,531.4,533.07,938.7980629200003
2026-02-05 03:00:00+00:00,532.99,533.83,527.79,528.53,810.2503451
2026-02-05 04:00:00+00:00,528.61,530.2,523.77,524.73,926.7910843600004
2026-02-05 05:00:00+00:00,524.9,525.26,517.83,520.54,806.1335093400003
2026-02-05 06:00:00+00:00,520.55,522.43,514.4,520.62,1161.2198981499996
2026-02-05 07:00:00+00:00,520.51,531.57,520.0,525.36,1413.8136838299995
2026-02-05 08:00:00+00:00,525.36,532.06,524.16,528.79,664.4087617600001
2026-02-05 09:00:00+00:00,529.07,531.78,521.12,521.57,777.8156296499996
2026-02-05 10:00:00+00:00,521.51,526.24,515.6,516.59,613.91783145
2026-02-05 11:00:00+00:00,516.62,518.89,507.59,510.7,1287.17194216
2026-02-05 12:00:00+00:00,510.8,512.64,498.97,502.17,4059.962091840004
2026-02-05 13:00:00+00:00,502.46,507.0,499.04,501.67,1226.36454696
2026-02-05 14:00:00+00:00,501.76,511.01,500.14,501.56,1630.83598412
2026-02-05 15:00:00+00:00,501.56,502.49,482.0,488.49,4065.229342919997
2026-02-05 16:00:00+00:00,488.52,497.79,484.24,494.52,2806.357202250001
2026-02-05 17:00:00+00:00,494.57,495.52,479.96,480.24,1977.31014014
2026-02-05 18:00:00+00:00,480.32,483.2,472.65,478.87,4061.981813099999
2026-02-05 19:00:00+00:00,478.9,479.43,471.36,473.61,1171.0537471400005
2026-02-05 20:00:00+00:00,473.61,477.4,459.2,467.23,3074.06897646
2026-02-05 21:00:00+00:00,467.23,475.61,460.56,461.6,2292.1637998400006
2026-02-05 22:00:00+00:00,461.68,470.25,457.7,464.51,1457.2119980199996
2026-02-05 23:00:00+00:00,464.45,470.16,451.64,452.73,1854.47533041
2026-02-06 00:00:00+00:00,452.87,464.0,423.0,450.89,6938.4176336999935
2026-02-06 01:00:00+00:00,451.06,460.24,447.05,459.16,2925.427957800001
2026-02-06 02:00:00+00:00,459.52,463.91,445.15,448.0,3169.3815984199987
2026-02-06 03:00:00+00:00,448.0,452.95,443.55,451.01,1240.14918462
2026-02-06 04:00:00+00:00,451.08,456.89,448.81,454.83,2456.0561580900016
2026-02-06 05:00:00+00:00,454.72,473.58,454.33,470.1,3806.5160289699993
2026-02-06 06:00:00+00:00,470.2,472.11,462.84,464.19,1678.715925299999
2026-02-06 07:00:00+00:00,464.27,467.47,460.08,465.43,1250.5039208299995
2026-02-06 08:00:00+00:00,465.57,470.24,464.73,468.03,1501.09429147
2026-02-06 09:00:00+00:00,468.09,474.51,465.31,471.01,955.07333804
2026-02-06 10:00:00+00:00,471.27,474.4,469.44,471.67,624.3096612099998
2026-02-06 11:00:00+00:00,471.63,473.8,470.25,472.0,487.7118594100001
2026-02-06 12:00:00+00:00,472.0,472.0,468.73,470.5,391.0198971
2026-02-06 13:00:00+00:00,470.64,491.04,470.17,485.71,3559.0044292299885
2026-02-06 14:00:00+00:00,485.52,504.12,483.31,501.41,2491.2604441799995
2026-02-06 15:00:00+00:00,501.68,502.01,490.21,491.26,1138.7028732999995
2026-02-06 16:00:00+00:00,491.32,496.93,489.62,495.74,1100.1745736799996
2026-02-06 17:00:00+00:00,495.6,501.01,493.99,498.48,2592.241614759999
2026-02-06 18:00:00+00:00,498.62,506.06,496.06,504.49,2540.61388484
2026-02-06 19:00:00+00:00,504.43,505.2,498.34,501.13,733.926017
2026-02-06 20:00:00+00:00,500.99,503.1,497.29,499.04,929.0117210899996
2026-02-06 21:00:00+00:00,499.42,505.19,497.27,503.84,459.99363207
2026-02-06 22:00:00+00:00,503.98,538.63,502.56,531.84,4770.213870389997
2026-02-06 23:00:00+00:00,531.8,541.91,521.42,522.96,6093.287694939999
2026-02-07 00:00:00+00:00,522.88,525.72,518.54,522.47,2590.8854228499995
2026-02-07 01:00:00+00:00,522.53,532.2,518.97,528.64,1382.4392588999983
2026-02-07 02:00:00+00:00,528.56,535.68,526.08,527.28,1138.2828702000002
2026-02-07 03:00:00+00:00,527.5,529.96,523.39,525.6,1406.6719425500005
2026-02-07 04:00:00+00:00,525.58,529.84,522.03,524.9,1055.36501465
2026-02-07 05:00:00+00:00,524.61,532.84,524.38,527.45,1024.5329733
2026-02-07 06:00:00+00:00,527.52,529.6,519.89,520.43,666.3895488300001
2026-02-07 07:00:00+00:00,520.39,524.76,513.92,519.94,2432.560542510001
2026-02-07 08:00:00+00:00,519.91,525.78,517.24,524.34,739.42550327
2026-02-07 09:00:00+00:00,524.25,525.14,515.43,516.26,1279.0882122500002
2026-02-07 10:00:00+00:00,516.24,519.78,514.13,518.94,1246.05142089
2026-02-07 11:00:00+00:00,518.96,519.35,515.9,517.94,472.92768301000007
2026-02-07 12:00:00+00:00,517.82,528.92,517.53,525.7,1838.8860443200003
2026-02-07 13:00:00+00:00,525.77,528.26,523.74,525.54,346.90097976
2026-02-07 14:00:00+00:00,525.81,527.42,522.63,523.95,667.03876757
2026-02-07 15:00:00+00:00,524.03,530.48,523.31,526.63,1090.62841964
2026-02-07 16:00:00+00:00,526.79,531.62,520.7,523.77,2993.4234675199978
2026-02-07 17:00:00+00:00,523.69,530.96,521.4,527.92,1158.5380611299995
2026-02-07 18:00:00+00:00,527.96,535.05,527.92,533.77,602.6532842799999
2026-02-07 19:00:00+00:00,533.76,535.85,532.88,534.4,827.1690589799999
2026-02-07 20:00:00+00:00,534.35,538.08,531.06,537.93,1310.9865683400008
2026-02-07 21:00:00+00:00,537.96,540.05,535.45,536.41,958.3451048900004
2026-02-07 22:00:00+00:00,536.42,537.67,532.35,533.43,285.23697627
2026-02-07 23:00:00+00:00,533.59,533.59,520.2,524.75,2243.878823239997
2026-02-08 00:00:00+00:00,524.76,526.54,521.5,523.58,590.8498641000003
2026-02-08 01:00:00+00:00,523.64,523.67,520.96,521.45,1839.9114603699995
2026-02-08 02:00:00+00:00,521.43,524.16,520.34,522.34,1266.96484105
2026-02-08 03:00:00+00:00,522.4,523.11,518.58,519.15,796.4447124399999
2026-02-08 04:00:00+00:00,519.24,521.21,517.71,521.19,191.42375346000009
2026-02-08 05:00:00+00:00,521.01,521.19,518.37,520.06,341.86672860000016
2026-02-08 06:00:00+00:00,520.08,520.45,516.46,518.86,472.7121539500004
2026-02-08 07:00:00+00:00,519.0,524.04,517.88,523.54,1251.3581710699998
2026-02-08 08:00:00+00:00,523.4,531.98,523.34,530.39,2183.3570493900006
2026-02-08 09:00:00+00:00,530.4,531.71,525.7,526.12,1586.0457244300003
2026-02-08 10:00:00+00:00,526.05,527.09,521.06,521.43,341.4109188300001
2026-02-08 11:00:00+00:00,521.24,527.38,521.24,526.74,263.86754814
2026-02-08 12:00:00+00:00,526.75,539.87,524.29,535.26,3098.1989324200017
2026-02-08 13:00:00+00:00,535.2,535.92,529.76,532.32,938.4401428299996
2026-02-08 14:00:00+00:00,532.39,536.23,531.99,535.51,432.11903052000014
2026-02-08 15:00:00+00:00,535.95,535.95,529.76,530.28,306.59846553999984
2026-02-08 16:00:00+00:00,530.24,530.84,522.88,524.5,278.90383112
2026-02-08 17:00:00+00:00,524.52,529.11,524.52,526.13,254.75981692
2026-02-08 18:00:00+00:00,526.07,531.37,525.65,529.5,240.74709585
2026-02-08 19:00:00+00:00,529.51,533.13,528.21,532.24,489.48406948
2026-02-08 20:00:00+00:00,532.2,533.11,529.42,530.53,160.33960887999996
2026-02-08 21:00:00+00:00,530.6,532.35,525.14,526.26,320.98971191000004
2026-02-08 22:00:00+00:00,526.19,528.29,525.56,527.94,80.06601774000002
2026-02-08 23:00:00+00:00,527.94,535.55,523.47,526.64,672.6955869999998
2026-02-09 00:00:00+00:00,526.64,529.76,525.65,526.91,311.70733849
2026-02-09 01:00:00+00:00,527.11,528.86,521.6,524.34,574.1266471799998
2026-02-09 02:00:00+00:00,524.63,529.24,523.28,526.79,538.404209
2026-02-09 03:00:00+00:00,526.94,531.2,526.07,528.8,303.86908957
2026-02-09 04:00:00+00:00,528.83,530.4,527.6,529.04,424.71674315
2026-02-09 05:00:00+00:00,528.98,529.04,526.25,527.12,217.5611050900001
2026-02-09 06:00:00+00:00,527.18,527.2,522.19,524.09,275.47032308000007
2026-02-09 07:00:00+00:00,524.08,525.04,520.56,521.19,227.49928621000004
2026-02-09 08:00:00+00:00,520.76,521.9,514.28,518.8,614.24894058
2026-02-09 09:00:00+00:00,518.84,520.8,515.65,515.69,258.90978743000005
2026-02-09 10:00:00+00:00,515.63,517.49,510.66,512.71,538.92652317
2026-02-09 11:00:00+00:00,512.92,519.4,512.92,517.37,308.7423237700001
2026-02-09 12:00:00+00:00,517.51,518.7,514.39,516.39,684.9066466099997
2026-02-09 13:00:00+00:00,516.46,519.11,513.54,513.66,170.2106608500001
2026-02-09 14:00:00+00:00,513.72,522.69,512.98,519.44,532.82771824
2026-02-09 15:00:00+00:00,519.73,524.76,519.34,524.5,474.90040460000006
2026-02-09 16:00:00+00:00,524.51,530.31,523.35,526.58,1324.1216290499997
2026-02-09 17:00:00+00:00,526.56,534.93,526.5,534.13,1089.62781188
2026-02-09 18:00:00+00:00,534.25,534.69,530.0,532.83,642.4784478899998
2026-02-09 19:00:00+00:00,532.89,535.0,532.18,534.77,233.15234721
2026-02-09 20:00:00+00:00,534.83,538.0,533.09,535.17,1408.5266368599991
2026-02-09 21:00:00+00:00,535.27,535.64,528.61,533.0,312.3340580199998
2026-02-09 22:00:00+00:00,532.8,534.98,532.1,533.57,217.72536896
2026-02-09 23:00:00+00:00,533.52,535.8,532.08,532.85,163.71027636999997
2026-02-10 00:00:00+00:00,532.82,533.92,526.68,526.93,518.71153902
2026-02-10 01:00:00+00:00,526.96,532.26,526.55,531.74,299.4636346199999
2026-02-10 02:00:00+00:00,531.62,531.97,527.84,528.15,233.48733632
2026-02-10 03:00:00+00:00,528.16,528.7,519.85,523.19,801.3347927099999
2026-02-10 04:00:00+00:00,523.32,527.15,523.32,525.26,461.22695775
2026-02-10 05:00:00+00:00,525.28,525.34,520.92,522.91,255.03148839
2026-02-10 06:00:00+00:00,522.98,524.12,518.0,521.35,1731.3120634999984
2026-02-10 07:00:00+00:00,521.64,523.18,519.05,519.61,953.4102494299996
2026-02-10 08:00:00+00:00,519.95,524.34,519.3,523.23,487.6306285000001
2026-02-10 09:00:00+00:00,523.2,525.2,520.29,522.02,229.0115118
2026-02-10 10:00:00+00:00,521.96,540.0,520.08,525.62,2795.990389540005
2026-02-10 11:00:00+00:00,525.63,535.0,525.36,529.24,2348.0448354900013
2026-02-10 12:00:00+00:00,529.28,531.59,526.26,526.26,390.8608755400001
2026-02-10 13:00:00+00:00,526.43,527.04,520.89,522.32,911.1662830399998
2026-02-10 14:00:00+00:00,522.16,523.32,509.03,513.78,3562.4178858500004
2026-02-10 15:00:00+00:00,513.78,520.72,512.32,517.12,1169.2114151299993
2026-02-10 16:00:00+00:00,517.27,522.37,516.48,519.36,477.7699840899999
2026-02-10 17:00:00+00:00,519.36,522.42,518.75,521.05,698.3289266199998
2026-02-10 18:00:00+00:00,521.11,521.88,512.96,518.22,835.1231088599998
2026-02-10 19:00:00+00:00,518.14,520.71,516.82,520.03,427.1989433700001
2026-02-10 20:00:00+00:00,520.03,521.41,518.49,518.49,265.38982896
2026-02-10 21:00:00+00:00,518.52,526.38,517.91,522.24,2198.847069600001
2026-02-10 22:00:00+00:00,522.23,525.64,521.84,524.78,264.52102359
2026-02-10 23:00:00+00:00,524.66,525.8,523.07,524.09,307.48813074000003
2026-02-11 00:00:00+00:00,523.99,527.39,522.78,524.99,263.77076745000005
2026-02-11 01:00:00+00:00,524.89,527.6,523.05,523.44,396.6189422700001
2026-02-11 02:00:00+00:00,523.35,527.4,523.17,524.96,289.92261005999995
2026-02-11 03:00:00+00:00,524.64,524.64,515.89,520.51,2241.5588644400027
2026-02-11 04:00:00+00:00,520.4,522.18,515.52,517.89,726.9066833799999
2026-02-11 05:00:00+00:00,518.1,519.64,517.3,518.21,486.6812870499999
2026-02-11 06:00:00+00:00,518.0,519.11,513.18,518.14,1175.6770556800002
2026-02-11 07:00:00+00:00,518.07,520.1,515.06,517.3,1079.4114031099996
2026-02-11 08:00:00+00:00,517.43,517.57,512.94,515.48,247.33326931
2026-02-11 09:00:00+00:00,515.2,516.42,512.75,513.05,181.67210407
2026-02-11 10:00:00+00:00,513.38,513.45,507.85,509.82,1434.3103959299997
2026-02-11 11:00:00+00:00,509.95,513.57,509.34,513.36,289.28400508
2026-02-11 12:00:00+00:00,513.24,516.0,512.7,515.35,506.1144573200001
2026-02-11 13:00:00+00:00,515.28,520.21,513.52,518.36,560.0309045900002
2026-02-11 14:00:00+00:00,518.76,522.69,513.69,515.05,1108.0636049900002
2026-02-11 15:00:00+00:00,515.01,516.18,507.36,510.58,909.83212372
2026-02-11 16:00:00+00:00,510.63,517.3,510.09,510.77,650.68077817
2026-02-11 17:00:00+00:00,511.01,517.58,509.64,515.13,247.19040143
2026-02-11 18:00:00+00:00,515.23,519.33,513.1,518.59,328.08974016
2026-02-11 19:00:00+00:00,518.62,520.32,517.16,518.45,166.90113557999993
2026-02-11 20:00:00+00:00,518.35,520.17,516.86,518.84,114.52233761
2026-02-11 21:00:00+00:00,519.12,523.69,518.22,520.62,381.04244121
2026-02-11 22:00:00+00:00,520.59,521.4,516.36,516.65,336.32323519000005
2026-02-11 23:00:00+00:00,516.83,518.32,511.76,515.76,487.44951634000006
2026-02-12 00:00:00+00:00,515.63,520.53,515.21,518.16,218.37250512000003
2026-02-12 01:00:00+00:00,518.09,520.26,517.52,518.0,225.11079427
2026-02-12 02:00:00+00:00,517.76,518.0,514.5,514.5,164.47995325
2026-02-12 03:00:00+00:00,514.56,516.74,514.11,515.19,90.87015381999998
2026-02-12 04:00:00+00:00,514.88,515.42,510.12,510.12,125.38148601000002
2026-02-12 05:00:00+00:00,510.3,511.2,504.51,509.63,586.10076739
2026-02-12 06:00:00+00:00,509.61,512.42,508.08,509.36,146.53248286
2026-02-12 07:00:00+00:00,509.4,510.79,506.79,510.63,198.46594698000004
2026-02-12 08:00:00+00:00,510.79,511.55,507.68,508.89,324.5006118
2026-02-12 09:00:00+00:00,508.76,511.54,508.61,509.94,359.2336228299999
2026-02-12 10:00:00+00:00,510.0,513.82,509.52,513.76,201.99868047000004
2026-02-12 11:00:00+00:00,513.84,515.36,511.91,513.76,685.6316800099999
2026-02-12 12:00:00+00:00,513.68,514.28,511.74,512.78,64.04822325999997
2026-02-12 13:00:00+00:00,512.64,517.5,511.68,517.5,274.56718600000005
2026-02-12 14:00:00+00:00,517.34,517.95,512.2,512.4,596.8589166499999
2026-02-12 15:00:00+00:00,512.58,513.17,503.16,503.64,800.4877129199997
2026-02-12 16:00:00+00:00,503.63,505.46,495.0,497.29,1191.5816466899998
2026-02-12 17:00:00+00:00,497.0,500.89,496.23,496.24,588.43537344
2026-02-12 18:00:00+00:00,496.21,500.36,493.42,499.56,766.1203918499999
2026-02-12 19:00:00+00:00,499.67,505.05,498.4,501.55,310.98144361000004
2026-02-12 20:00:00+00:00,501.41,503.37,500.08,500.22,312.3777634999999
2026-02-12 21:00:00+00:00,500.35,502.92,498.83,500.27,211.42708241
2026-02-12 22:00:00+00:00,500.26,503.8,496.81,502.72,354.09648725000005
2026-02-12 23:00:00+00:00,502.73,507.7,500.01,502.55,1171.0630788999997
2026-02-13 00:00:00+00:00,502.53,503.54,499.31,503.09,187.24200696
2026-02-13 01:00:00+00:00,502.95,508.38,502.49,506.97,171.48216214
2026-02-13 02:00:00+00:00,506.95,512.15,506.26,511.59,268.5896425700001
2026-02-13 03:00:00+00:00,511.56,513.32,509.95,512.27,333.80299728
2026-02-13 04:00:00+00:00,512.26,512.36,509.67,510.51,283.85428964
2026-02-13 05:00:00+00:00,510.85,512.48,508.9,509.28,170.24026558000003
2026-02-13 06:00:00+00:00,509.27,510.86,507.34,509.72,216.66454058999992
2026-02-13 07:00:00+00:00,509.79,514.2,509.79,511.63,147.7420772699999
2026-02-13 08:00:00+00:00,511.7,521.56,511.65,519.92,604.0828495999992
2026-02-13 09:00:00+00:00,520.0,520.01,517.27,518.88,226.37984631000003
2026-02-13 10:00:00+00:00,518.76,527.0,517.52,525.54,2328.849333010001
2026-02-13 11:00:00+00:00,525.59,528.57,523.14,527.32,586.0623276199999
2026-02-13 12:00:00+00:00,527.58,528.66,523.43,525.66,282.83644185
2026-02-13 13:00:00+00:00,525.78,531.27,524.34,528.58,618.8576373199999
2026-02-13 14:00:00+00:00,528.74,535.36,525.57,533.25,1179.4075991399998
2026-02-13 15:00:00+00:00,533.25,546.5,532.12,544.09,2291.49430589
2026-02-13 16:00:00+00:00,544.09,548.34,541.25,544.99,1615.6710144799997
2026-02-13 17:00:00+00:00,544.75,549.71,542.92,549.57,453.3433000699999
2026-02-13 18:00:00+00:00,549.5,558.01,548.16,556.41,1892.68464919
2026-02-13 19:00:00+00:00,556.42,559.44,555.49,557.32,543.89010136
2026-02-13 20:00:00+00:00,557.27,557.44,550.91,552.85,1184.28159789
2026-02-13 21:00:00+00:00,552.93,564.31,551.36,563.06,3261.1837026100025
2026-02-13 22:00:00+00:00,562.89,566.54,550.84,551.2,3019.1990930000043
2026-02-13 23:00:00+00:00,551.62,570.7,549.36,563.75,3401.139729809983
2026-02-14 00:00:00+00:00,563.52,566.25,561.73,563.92,507.2470576700001
2026-02-14 01:00:00+00:00,563.6,567.09,562.56,566.86,490.87864919
2026-02-14 02:00:00+00:00,566.64,566.88,559.98,562.45,656.3269892799999
2026-02-14 03:00:00+00:00,562.01,564.75,560.4,563.19,258.77855188
2026-02-14 04:00:00+00:00,563.17,563.17,560.65,561.28,112.10599845000009
2026-02-14 05:00:00+00:00,561.27,564.48,558.68,559.05,273.7232205400001
2026-02-14 06:00:00+00:00,558.8,563.09,558.0,561.71,317.28487339
2026-02-14 07:00:00+00:00,561.44,564.3,560.24,562.69,402.11209366
2026-02-14 08:00:00+00:00,562.96,569.0,562.64,567.94,1137.06737945
2026-02-14 09:00:00+00:00,567.99,568.4,564.8,565.7,336.84329088999993
2026-02-14 10:00:00+00:00,565.68,567.59,564.17,567.2,159.24693774999997
2026-02-14 11:00:00+00:00,567.12,572.42,563.76,564.8,1816.4590274199995
2026-02-14 12:00:00+00:00,564.87,565.16,559.68,560.38,921.9456410200002
2026-02-14 13:00:00+00:00,560.32,562.73,557.0,560.89,525.4240739699997
2026-02-14 14:00:00+00:00,561.04,563.04,560.0,562.13,339.08773634999994
2026-02-14 15:00:00+00:00,562.03,564.56,561.62,564.46,258.53325269
2026-02-14 16:00:00+00:00,564.26,566.25,563.55,564.61,326.17448198000005
2026-02-14 17:00:00+00:00,564.59,565.95,561.63,562.22,495.37156502000056
2026-02-14 18:00:00+00:00,562.55,565.58,562.36,565.31,327.45962571
2026-02-14 19:00:00+00:00,565.58,569.27,564.8,568.39,583.99980767
2026-02-14 20:00:00+00:00,568.44,569.04,565.5,566.33,147.93062104000006
2026-02-14 21:00:00+00:00,566.32,567.5,563.71,565.53,378.76293981
2026-02-14 22:00:00+00:00,565.34,566.43,563.68,563.97,133.31223024000005
2026-02-14 23:00:00+00:00,563.61,564.12,561.85,562.41,534.8559535300001
2026-02-15 00:00:00+00:00,562.58,562.72,558.65,562.33,349.9530116200001
2026-02-15 01:00:00+00:00,562.1,565.06,561.04,564.79,117.66951625000006
2026-02-15 02:00:00+00:00,564.87,565.32,558.32,560.0,553.8770167200001
2026-02-15 03:00:00+00:00,559.92,562.87,555.93,562.87,141.95122817
2026-02-15 04:00:00+00:00,562.78,565.66,562.16,564.18,228.19940991
2026-02-15 05:00:00+00:00,564.15,566.18,563.37,563.37,143.44155065
2026-02-15 06:00:00+00:00,563.44,563.68,561.4,562.92,72.47594852
2026-02-15 07:00:00+00:00,562.72,564.24,560.48,561.16,157.57029271999997
2026-02-15 08:00:00+00:00,561.0,561.95,555.97,558.53,445.6874149899998
2026-02-15 09:00:00+00:00,558.76,562.87,558.21,560.2,246.00908704000017
2026-02-15 10:00:00+00:00,560.0,562.44,558.56,561.2,87.30283640999998
2026-02-15 11:00:00+00:00,561.12,561.89,559.95,560.41,159.16013380000004
2026-02-15 12:00:00+00:00,560.32,561.98,554.08,554.54,340.0233654800001
2026-02-15 13:00:00+00:00,554.96,557.84,551.06,554.0,600.1190808899999
2026-02-15 14:00:00+00:00,554.02,557.64,553.76,557.04,207.06366831000005
2026-02-15 15:00:00+00:00,557.14,559.97,555.92,557.83,474.8058118000002
2026-02-15 16:00:00+00:00,557.68,558.57,553.52,557.19,657.0190219999998
2026-02-15 17:00:00+00:00,557.34,558.96,550.6,554.25,309.8209011299999
2026-02-15 18:00:00+00:00,554.17,556.43,551.04,552.72,505.46830051
2026-02-15 19:00:00+00:00,552.32,555.91,550.4,552.04,232.32341786000003
2026-02-15 20:00:00+00:00,552.08,554.52,550.96,554.02,137.92131214000003
2026-02-15 21:00:00+00:00,554.16,558.16,554.16,554.59,199.74300933
2026-02-15 22:00:00+00:00,555.04,556.95,553.34,555.62,159.69923586
2026-02-15 23:00:00+00:00,555.52,555.52,551.59,552.98,213.36476514000003
2026-02-16 00:00:00+00:00,552.97,556.62,552.61,556.3,261.47188011000003
2026-02-16 01:00:00+00:00,556.02,558.71,554.96,558.21,2379.6180559100007
2026-02-16 02:00:00+00:00,558.27,560.82,555.6,556.86,1023.8306531899998
2026-02-16 03:00:00+00:00,556.94,562.88,556.94,562.46,661.20588489
2026-02-16 04:00:00+00:00,562.54,570.81,562.48,568.48,1523.86008898
2026-02-16 05:00:00+00:00,568.45,568.73,557.82,559.33,1329.3315677300002
2026-02-16 06:00:00+00:00,559.27,561.84,557.66,561.03,200.57610562
2026-02-16 07:00:00+00:00,560.97,561.42,555.3,557.55,300.11435907
2026-02-16 08:00:00+00:00,557.4,558.99,556.02,557.01,259.49469932000005
2026-02-16 09:00:00+00:00,557.0,559.16,556.47,557.66,137.36629119
2026-02-16 10:00:00+00:00,557.55,557.61,555.25,556.79,301.5937702599998
2026-02-16 11:00:00+00:00,556.91,559.01,554.13,558.0,246.03220957
2026-02-16 12:00:00+00:00,558.19,567.93,557.51,567.62,866.9639561500001
2026-02-16 13:00:00+00:00,567.78,570.0,557.3,559.07,1014.7157567099996
2026-02-16 14:00:00+00:00,559.0,560.27,555.17,557.92,327.05211155
2026-02-16 15:00:00+00:00,557.91,559.43,550.48,555.94,671.5873504600003
2026-02-16 16:00:00+00:00,556.0,561.71,555.52,559.19,384.9277968399999
2026-02-16 17:00:00+00:00,559.22,560.16,557.0,559.78,133.16509829000006
2026-02-16 18:00:00+00:00,559.83,564.7,559.83,564.2,500.03351056000014
2026-02-16 19:00:00+00:00,564.16,576.16,563.37,571.04,1796.9522616800004
2026-02-16 20:00:00+00:00,571.03,581.04,570.0,571.9,2001.2516302399983
2026-02-16 21:00:00+00:00,571.93,575.21,566.88,574.4,1348.3297653500003
2026-02-16 22:00:00+00:00,574.38,576.45,569.01,569.25,695.3043723399999
2026-02-16 23:00:00+00:00,569.12,570.27,567.68,568.86,807.5123793000002
2026-02-17 00:00:00+00:00,568.96,573.35,568.54,571.83,270.88308141000005
2026-02-17 01:00:00+00:00,571.88,577.51,571.88,573.5,794.8313073200003
2026-02-17 02:00:00+00:00,573.66,576.51,570.74,571.63,525.2871244
2026-02-17 03:00:00+00:00,571.84,572.41,565.0,566.04,450.4574993599995
2026-02-17 04:00:00+00:00,566.03,566.56,559.44,562.62,1016.4964551400004
2026-02-17 05:00:00+00:00,562.67,563.56,560.3,561.71,370.6593925100001
2026-02-17 06:00:00+00:00,562.08,563.36,559.59,562.62,587.28649591
2026-02-17 07:00:00+00:00,562.46,562.68,559.6,559.66,99.21504266999996
2026-02-17 08:00:00+00:00,559.9,560.22,556.75,557.85,303.84238668
2026-02-17 09:00:00+00:00,557.64,559.7,556.92,559.39,209.20427821000004
2026-02-17 10:00:00+00:00,559.4,560.51,555.67,557.4,306.6421825600001
2026-02-17 11:00:00+00:00,557.5,558.5,555.94,557.46,616.1502957200001
2026-02-17 12:00:00+00:00,557.4,563.9,557.27,561.28,457.04951997
2026-02-17 13:00:00+00:00,561.0,566.37,560.58,562.38,192.65150852
2026-02-17 14:00:00+00:00,562.32,564.78,550.25,555.02,1579.1574580199988
2026-02-17 15:00:00+00:00,555.0,558.27,552.9,557.77,1108.01965027
2026-02-17 16:00:00+00:00,558.0,567.7,557.73,565.69,917.8343948500002
2026-02-17 17:00:00+00:00,565.56,566.89,560.7,562.0,475.9370157700001
2026-02-17 18:00:00+00:00,561.9,567.75,560.3,565.9,667.3535777399995
2026-02-17 19:00:00+00:00,565.84,570.5,563.55,566.7,1288.27476676
2026-02-17 20:00:00+00:00,566.67,569.22,566.32,568.68,190.48289664000004
2026-02-17 21:00:00+00:00,568.61,569.36,566.23,567.8,274.06597891
2026-02-17 22:00:00+00:00,567.98,568.19,565.36,565.37,324.4852148299999
2026-02-17 23:00:00+00:00,565.36,565.52,562.23,563.03,270.29697622
2026-02-18 00:00:00+00:00,563.33,564.56,560.62,560.88,141.92170403999998
2026-02-18 01:00:00+00:00,560.86,562.16,556.41,557.89,744.9879521200003
2026-02-18 02:00:00+00:00,557.91,561.34,557.54,559.92,319.3498223100001
2026-02-18 03:00:00+00:00,560.2,563.87,560.16,563.8,148.69630691999998
2026-02-18 04:00:00+00:00,563.84,569.25,563.84,567.44,429.7416305100001
2026-02-18 05:00:00+00:00,567.3,569.81,563.54,564.11,126.18037970000002
2026-02-18 06:00:00+00:00,564.2,566.71,563.43,565.87,132.98343557
2026-02-18 07:00:00+00:00,565.7,567.6,565.34,566.7,297.51780193
2026-02-18 08:00:00+00:00,566.77,569.36,564.62,564.82,132.09219069000002
2026-02-18 09:00:00+00:00,564.76,566.45,562.55,563.54,607.3815905299998
2026-02-18 10:00:00+00:00,563.37,563.42,558.78,559.58,317.5834166100001
2026-02-18 11:00:00+00:00,559.58,560.25,556.14,558.88,292.2177978099999
2026-02-18 12:00:00+00:00,558.8,561.54,558.73,559.44,149.46985775999997
2026-02-18 13:00:00+00:00,559.51,560.33,555.38,556.32,428.49801011
2026-02-18 14:00:00+00:00,556.48,557.36,551.13,554.51,729.33071104
2026-02-18 15:00:00+00:00,554.32,563.26,554.18,559.83,706.6089105099999
2026-02-18 16:00:00+00:00,559.6,561.09,554.65,560.45,342.9307107800001
2026-02-18 17:00:00+00:00,560.48,564.71,560.4,563.04,291.90455726
2026-02-18 18:00:00+00:00,563.19,563.76,555.76,558.66,412.30709212999983
2026-02-18 19:00:00+00:00,558.32,560.85,552.96,554.1,536.4568864499998
2026-02-18 20:00:00+00:00,554.07,555.29,551.45,552.6,346.7184849499999
2026-02-18 21:00:00+00:00,552.69,554.78,550.35,552.25,362.10872985
2026-02-18 22:00:00+00:00,552.23,556.47,550.65,555.51,131.60680448000002
2026-02-18 23:00:00+00:00,555.6,558.02,554.79,557.43,422.07673013
2026-02-19 00:00:00+00:00,557.34,558.74,556.43,557.41,179.66935302999997
2026-02-19 01:00:00+00:00,557.44,560.66,557.13,558.4,211.25873583
2026-02-19 02:00:00+00:00,558.4,559.77,555.16,556.7,367.63822025
2026-02-19 03:00:00+00:00,556.56,557.74,555.54,556.81,246.0818101
2026-02-19 04:00:00+00:00,556.9,558.57,556.46,557.13,341.38433334000007
2026-02-19 05:00:00+00:00,557.2,557.59,554.38,556.78,64.45474881999998
2026-02-19 06:00:00+00:00,556.58,563.24,556.41,562.39,317.24428307999995
2026-02-19 07:00:00+00:00,562.56,564.72,560.96,561.63,148.22195748
2026-02-19 08:00:00+00:00,561.52,561.76,554.97,556.2,248.95900571000004
2026-02-19 09:00:00+00:00,556.29,556.65,544.47,547.74,1608.6729766399983
2026-02-19 10:00:00+00:00,547.67,550.27,545.58,548.99,620.5566536200002
2026-02-19 11:00:00+00:00,548.91,550.92,546.43,547.3,509.1524510899996
2026-02-19 12:00:00+00:00,547.33,547.46,545.29,545.85,285.23773418
2026-02-19 13:00:00+00:00,545.84,548.94,538.49,539.76,2108.4552543699974
2026-02-19 14:00:00+00:00,539.92,551.56,539.6,547.24,2594.410289369996
2026-02-19 15:00:00+00:00,547.22,549.84,545.55,548.98,547.87816122
2026-02-19 16:00:00+00:00,549.03,552.73,546.09,551.84,298.56996399
2026-02-19 17:00:00+00:00,551.88,557.76,550.34,552.66,570.4530066200001
2026-02-19 18:00:00+00:00,552.44,562.97,551.9,560.25,783.0270274900003
2026-02-19 19:00:00+00:00,560.36,560.72,556.61,558.94,194.22885091
2026-02-19 20:00:00+00:00,558.93,559.52,555.29,556.19,415.9895877399999
2026-02-19 21:00:00+00:00,555.73,561.0,555.48,559.91,491.05734319999993
2026-02-19 22:00:00+00:00,559.93,563.0,558.98,561.28,303.26006954
2026-02-19 23:00:00+00:00,561.27,562.09,559.49,560.07,233.95691158
2026-02-20 00:00:00+00:00,559.92,563.44,558.81,561.76,383.14582645
2026-02-20 01:00:00+00:00,561.82,562.28,558.95,560.11,506.34263439
2026-02-20 02:00:00+00:00,560.13,560.8,558.49,558.49,197.51336071000003
2026-02-20 03:00:00+00:00,558.72,561.74,558.62,561.38,279.27096785
2026-02-20 04:00:00+00:00,561.35,561.76,554.47,556.48,1614.2265724300012
2026-02-20 05:00:00+00:00,556.53,563.4,556.03,562.11,408.4718383300003
2026-02-20 06:00:00+00:00,562.14,564.39,560.88,563.12,235.3119862
2026-02-20 07:00:00+00:00,563.37,563.42,558.0,558.96,202.22686797
2026-02-20 08:00:00+00:00,559.2,561.08,552.59,556.49,2131.52595323
2026-02-20 09:00:00+00:00,556.56,559.22,555.09,555.91,667.61378501
2026-02-20 10:00:00+00:00,556.0,556.43,554.56,555.33,179.05698646000005
2026-02-20 11:00:00+00:00,555.34,555.98,553.1,553.21,227.81851557
2026-02-20 12:00:00+00:00,553.3,553.65,550.57,550.89,203.22612285999995
2026-02-20 13:00:00+00:00,550.76,550.88,542.0,544.0,1843.88994901
2026-02-20 14:00:00+00:00,543.92,544.72,540.66,543.61,1002.9787010000002
2026-02-20 15:00:00+00:00,543.97,560.09,542.4,556.08,4117.343518530009
2026-02-20 16:00:00+00:00,556.1,570.67,554.85,561.1,4049.04620466
2026-02-20 17:00:00+00:00,561.3,563.53,554.0,562.91,1516.0205431400004
2026-02-20 18:00:00+00:00,563.15,565.8,560.39,563.52,600.0963398099999
2026-02-20 19:00:00+00:00,563.68,566.12,559.42,560.21,582.06083301
2026-02-20 20:00:00+00:00,560.02,561.98,559.52,561.04,159.01034553
2026-02-20 21:00:00+00:00,561.12,561.77,558.54,559.02,294.26265944000005
2026-02-20 22:00:00+00:00,559.09,560.6,555.99,559.83,242.82269513000008
2026-02-20 23:00:00+00:00,560.02,562.98,559.87,562.26,214.1221232
2026-02-21 00:00:00+00:00,562.27,562.48,558.64,559.76,262.99883158000006
2026-02-21 01:00:00+00:00,559.75,564.0,558.35,563.69,384.1046112499998
2026-02-21 02:00:00+00:00,563.6,567.56,563.36,566.15,479.2318794299999
2026-02-21 03:00:00+00:00,566.12,567.18,564.09,564.83,218.37943698
2026-02-21 04:00:00+00:00,564.82,565.81,564.02,565.54,191.47115479
2026-02-21 05:00:00+00:00,565.53,567.9,565.43,566.93,214.38679582
2026-02-21 06:00:00+00:00,567.0,567.12,562.73,563.29,32.48302696999999
2026-02-21 07:00:00+00:00,563.32,565.0,562.26,564.92,252.7441492
2026-02-21 08:00:00+00:00,564.94,566.64,563.14,566.37,242.8482091700002
2026-02-21 09:00:00+00:00,566.35,569.15,566.13,567.64,354.77578389000007
2026-02-21 10:00:00+00:00,567.59,570.87,567.08,569.44,505.9849544699997
2026-02-21 11:00:00+00:00,569.52,570.22,567.26,567.45,81.70385803999999
2026-02-21 12:00:00+00:00,567.63,570.8,566.83,569.35,191.02027368000003
2026-02-21 13:00:00+00:00,569.17,570.24,568.34,570.08,136.19271786
2026-02-21 14:00:00+00:00,570.26,575.52,568.28,571.4,880.3002311499998
2026-02-21 15:00:00+00:00,571.5,574.3,570.51,573.04,460.5692354999998
2026-02-21 16:00:00+00:00,573.09,573.3,564.32,564.5,1534.4806002200005
2026-02-21 17:00:00+00:00,564.36,565.24,563.58,564.2,323.34547708
2026-02-21 18:00:00+00:00,564.39,567.0,562.82,565.18,146.89342571000003
2026-02-21 19:00:00+00:00,565.4,566.45,564.05,564.21,184.17628053
2026-02-21 20:00:00+00:00,564.28,565.22,563.28,563.9,100.63856022999998
2026-02-21 21:00:00+00:00,563.84,566.38,563.2,565.45,196.78012770000004
2026-02-21 22:00:00+00:00,565.33,566.22,563.99,564.62,463.8810804500002
2026-02-21 23:00:00+00:00,564.58,565.55,563.57,563.92,360.02564119
2026-02-22 00:00:00+00:00,563.87,565.4,562.08,563.15,448.57821589
2026-02-22 01:00:00+00:00,563.21,563.74,561.78,562.4,155.88076680999998
2026-02-22 02:00:00+00:00,562.41,565.11,559.78,560.45,383.42194124000025
2026-02-22 03:00:00+00:00,560.49,570.0,559.15,569.22,564.1152040000002
2026-02-22 04:00:00+00:00,569.4,569.6,566.08,567.87,423.31506271000006
2026-02-22 05:00:00+00:00,567.99,568.59,565.95,567.76,446.0537078500001
2026-02-22 06:00:00+00:00,567.56,581.03,567.28,577.26,2250.2551862899963
2026-02-22 07:00:00+00:00,576.97,585.51,573.6,580.47,3873.9893607700014
2026-02-22 08:00:00+00:00,580.75,581.09,571.61,575.0,1434.8769190799983
2026-02-22 09:00:00+00:00,575.41,575.41,571.89,572.32,387.89769858000005
2026-02-22 10:00:00+00:00,572.32,574.27,567.62,568.48,644.3804075999999
2026-02-22 11:00:00+00:00,568.4,578.23,567.51,575.46,1663.13107267
2026-02-22 12:00:00+00:00,575.53,575.54,569.21,571.07,477.6350040999999
2026-02-22 13:00:00+00:00,571.0,574.49,569.16,572.83,541.4534573400002
2026-02-22 14:00:00+00:00,572.85,572.91,567.99,569.11,626.6765134200002
2026-02-22 15:00:00+00:00,569.21,571.23,567.82,569.3,294.19949389999994
2026-02-22 16:00:00+00:00,569.29,576.29,568.94,573.0,844.6374627099979
2026-02-22 17:00:00+00:00,573.24,574.89,570.32,571.06,352.00785308
2026-02-22 18:00:00+00:00,571.13,571.13,568.94,569.87,212.75063215
2026-02-22 19:00:00+00:00,569.82,570.5,565.75,566.97,404.22741249000006
2026-02-22 20:00:00+00:00,567.0,570.19,566.58,569.64,283.0265681000001
2026-02-22 21:00:00+00:00,569.64,570.8,569.27,570.28,129.99950390999996
2026-02-22 22:00:00+00:00,570.01,573.22,569.73,572.86,210.34489608
2026-02-22 23:00:00+00:00,572.76,572.76,569.44,570.25,318.34784179
2026-02-23 00:00:00+00:00,570.37,570.71,561.02,563.4,891.4265277000003
2026-02-23 01:00:00+00:00,563.34,564.12,538.62,541.12,5667.691820500001
2026-02-23 02:00:00+00:00,541.18,544.27,540.31,542.79,692.34170971
2026-02-23 03:00:00+00:00,543.18,543.6,538.81,540.21,340.8854054499999
2026-02-23 04:00:00+00:00,540.26,540.94,537.67,538.96,417.18703074
2026-02-23 05:00:00+00:00,539.09,541.68,538.64,539.76,263.10478534000003
2026-02-23 06:00:00+00:00,539.68,544.22,536.8,541.76,2111.567062839998
2026-02-23 07:00:00+00:00,541.68,543.67,540.58,542.6,365.1819945600002
2026-02-23 08:00:00+00:00,542.48,542.88,539.2,539.8,149.30659448000003
2026-02-23 09:00:00+00:00,539.76,545.32,537.73,545.2,817.50089925
2026-02-23 10:00:00+00:00,545.28,546.31,539.67,541.52,1347.9931529200005
2026-02-23 11:00:00+00:00,541.68,542.72,539.84,540.3,502.5179149999999
2026-02-23 12:00:00+00:00,540.01,540.8,535.62,538.95,1439.3549321500006
2026-02-23 13:00:00+00:00,538.93,539.95,535.51,535.65,837.90261213
2026-02-23 14:00:00+00:00,535.68,536.41,530.1,534.28,1682.6248400800002
2026-02-23 15:00:00+00:00,534.32,538.57,532.51,535.3,1019.93406221
2026-02-23 16:00:00+00:00,535.3,535.3,528.52,531.07,1260.0942462699998
2026-02-23 17:00:00+00:00,531.13,532.48,525.52,528.32,879.5780877300001
2026-02-23 18:00:00+00:00,528.4,529.77,525.4,526.3,997.5568201699996
2026-02-23 19:00:00+00:00,526.29,528.22,509.13,509.95,3893.453421200005
2026-02-23 20:00:00+00:00,510.04,510.67,487.33,495.14,5943.565065760005
2026-02-23 21:00:00+00:00,495.18,502.9,494.81,500.64,1344.8760609699991
2026-02-23 22:00:00+00:00,500.76,504.28,499.5,500.49,859.8239490500002
2026-02-23 23:00:00+00:00,500.75,505.17,493.0,495.73,790.84577093
2026-02-24 00:00:00+00:00,495.6,498.93,491.0,497.7,1294.70009795
2026-02-24 01:00:00+00:00,497.73,498.19,488.3,489.03,2112.59875438
2026-02-24 02:00:00+00:00,488.96,489.99,483.36,486.0,1384.8608041699997
2026-02-24 03:00:00+00:00,486.0,486.97,483.44,484.56,1507.377659939999
2026-02-24 04:00:00+00:00,484.62,487.84,482.53,487.81,884.1671322400002
2026-02-24 05:00:00+00:00,487.68,492.78,483.82,483.82,478.0964877900001
2026-02-24 06:00:00+00:00,483.77,484.96,479.96,482.54,1066.8691085399994
2026-02-24 07:00:00+00:00,482.31,485.93,480.93,481.23,541.8093710299997
2026-02-24 08:00:00+00:00,481.15,486.23,479.76,484.8,313.0607921199999
2026-02-24 09:00:00+00:00,484.65,485.72,481.83,484.9,273.43010631
2026-02-24 10:00:00+00:00,484.96,485.02,477.77,478.13,1047.4512674500006
2026-02-24 11:00:00+00:00,478.29,479.61,476.22,478.94,744.0552594100001
2026-02-24 12:00:00+00:00,478.87,479.58,473.87,476.0,902.8001292
2026-02-24 13:00:00+00:00,475.93,481.23,474.39,479.86,520.2592581700001
2026-02-24 14:00:00+00:00,479.9,481.46,475.34,479.45,1256.86324137
2026-02-24 15:00:00+00:00,479.47,480.87,473.12,475.6,1292.3155349899996
2026-02-24 16:00:00+00:00,475.62,480.25,470.79,474.66,939.3967219600004
2026-02-24 17:00:00+00:00,474.65,477.19,472.57,476.54,1178.08294225
2026-02-24 18:00:00+00:00,476.53,495.56,474.26,484.2,5319.503138269991
2026-02-24 19:00:00+00:00,484.28,487.06,482.7,483.11,2358.07797753
2026-02-24 20:00:00+00:00,483.14,484.18,481.95,483.04,679.4952619999999
2026-02-24 21:00:00+00:00,482.94,485.59,480.52,485.23,384.39255854999993
2026-02-24 22:00:00+00:00,485.12,485.81,482.44,484.26,262.72122487000007
2026-02-24 23:00:00+00:00,484.19,486.64,482.7,484.93,669.32704073
2026-02-25 00:00:00+00:00,484.75,493.28,483.98,491.48,742.0874821400008
2026-02-25 01:00:00+00:00,491.53,506.29,489.23,499.55,3377.181855960001
2026-02-25 02:00:00+00:00,499.52,503.02,497.88,499.93,684.2389315
2026-02-25 03:00:00+00:00,499.98,500.25,496.2,499.4,1072.29229712
2026-02-25 04:00:00+00:00,499.41,501.21,497.49,500.02,470.4397873
2026-02-25 05:00:00+00:00,500.13,500.51,494.19,495.65,529.2143389299999
2026-02-25 06:00:00+00:00,495.63,495.63,489.68,490.54,690.4553063199999
2026-02-25 07:00:00+00:00,490.58,492.86,487.44,490.84,671.5683842700001
2026-02-25 08:00:00+00:00,490.73,493.17,490.23,491.56,242.78846600999995
2026-02-25 09:00:00+00:00,491.4,494.53,491.04,492.41,259.77758172
2026-02-25 10:00:00+00:00,492.52,493.62,491.21,491.94,301.71425156
2026-02-25 11:00:00+00:00,492.1,492.94,485.74,487.13,1362.7804912600002
2026-02-25 12:00:00+00:00,487.09,493.72,486.99,491.7,1400.7838267299987
2026-02-25 13:00:00+00:00,491.89,515.08,490.58,507.66,6061.35771110999
2026-02-25 14:00:00+00:00,507.68,520.57,506.9,516.5,2466.9879888899973
2026-02-25 15:00:00+00:00,516.52,519.61,514.74,517.44,1192.33843762
2026-02-25 16:00:00+00:00,517.7,517.93,510.96,513.86,960.4958532099996
2026-02-25 17:00:00+00:00,514.11,515.94,512.31,514.5,848.90548498
2026-02-25 18:00:00+00:00,514.5,520.31,511.75,517.89,935.1813534600002
2026-02-25 19:00:00+00:00,517.9,517.99,511.81,515.94,788.20685094
2026-02-25 20:00:00+00:00,515.62,516.49,512.4,513.17,464.1870268600001
2026-02-25 21:00:00+00:00,513.1,517.92,509.24,511.77,1829.85180292
2026-02-25 22:00:00+00:00,511.84,512.99,499.0,502.55,4547.706692149999
2026-02-25 23:00:00+00:00,502.46,503.3,490.79,492.81,835.9712485199999
2026-02-26 00:00:00+00:00,492.94,496.62,490.99,493.01,1119.1301344
2026-02-26 01:00:00+00:00,492.87,497.59,492.32,494.67,574.44924127
2026-02-26 02:00:00+00:00,494.73,502.6,491.54,502.04,1197.39767158
2026-02-26 03:00:00+00:00,502.23,502.49,496.79,500.32,1277.0440703600002
2026-02-26 04:00:00+00:00,500.2,503.45,498.69,503.01,642.0199721300002
2026-02-26 05:00:00+00:00,502.92,503.6,500.51,502.27,774.9195634300002
2026-02-26 06:00:00+00:00,502.11,505.92,501.15,502.11,239.38949735
2026-02-26 07:00:00+00:00,502.02,503.46,500.72,501.66,377.49078318
2026-02-26 08:00:00+00:00,501.84,503.01,497.56,498.07,435.77861411
2026-02-26 09:00:00+00:00,498.17,503.25,498.03,502.74,347.49837869999993
2026-02-26 10:00:00+00:00,502.65,502.83,496.72,498.4,367.07619469
2026-02-26 11:00:00+00:00,498.39,502.47,498.39,500.96,136.90693920000004
2026-02-26 12:00:00+00:00,501.02,502.41,500.4,501.67,242.37118239
2026-02-26 13:00:00+00:00,501.68,502.13,496.99,497.6,654.7012975700002
2026-02-26 14:00:00+00:00,497.59,497.75,491.44,494.44,849.0875007199996
2026-02-26 15:00:00+00:00,494.48,494.5,487.2,489.64,1211.63159744
2026-02-26 16:00:00+00:00,489.58,490.44,479.15,480.93,2860.5779607800023
2026-02-26 17:00:00+00:00,480.84,483.5,480.13,481.39,1457.8136872100004
2026-02-26 18:00:00+00:00,481.45,483.8,479.48,480.83,775.22894105
2026-02-26 19:00:00+00:00,480.97,484.1,480.12,482.62,822.9328383200002
2026-02-26 20:00:00+00:00,482.56,483.95,479.99,480.16,328.42731364
2026-02-26 21:00:00+00:00,480.1,481.37,479.65,480.0,250.29374069
2026-02-26 22:00:00+00:00,479.9,480.87,476.71,478.68,803.6625865
2026-02-26 23:00:00+00:00,478.6,480.36,477.22,478.39,311.61792200999986
2026-02-27 00:00:00+00:00,478.24,479.98,475.2,477.52,678.2250841399998
2026-02-27 01:00:00+00:00,477.61,480.99,476.4,480.1,241.41170052
2026-02-27 02:00:00+00:00,480.07,481.12,478.63,478.67,210.5569684199999
2026-02-27 03:00:00+00:00,478.86,482.36,478.24,481.12,222.3408074900001
2026-02-27 04:00:00+00:00,480.98,490.75,480.62,485.46,2904.8900388400025
2026-02-27 05:00:00+00:00,485.49,486.97,484.59,485.06,564.9153777700001
2026-02-27 06:00:00+00:00,485.08,485.08,478.67,481.25,444.01598068
2026-02-27 07:00:00+00:00,481.18,482.25,479.25,481.7,744.0359088899999
2026-02-27 08:00:00+00:00,481.59,484.79,481.26,484.39,257.75879796000004
2026-02-27 09:00:00+00:00,484.45,486.01,480.87,482.22,267.19733655999994
2026-02-27 10:00:00+00:00,482.13,482.94,477.82,478.19,701.0935077299999
2026-02-27 11:00:00+00:00,478.24,480.15,470.69,474.56,1329.9915618799996
2026-02-27 12:00:00+00:00,474.52,475.42,471.19,472.87,1208.8283692599996
2026-02-27 13:00:00+00:00,472.6,473.17,461.69,466.48,2499.3643554399987
2026-02-27 14:00:00+00:00,466.41,468.75,464.28,466.22,799.0419368800003
2026-02-27 15:00:00+00:00,466.13,469.94,465.44,465.76,521.67673906
2026-02-27 16:00:00+00:00,465.73,469.76,463.68,465.34,1679.471286560003
2026-02-27 17:00:00+00:00,465.24,468.23,460.0,467.65,1719.9947472499998
2026-02-27 18:00:00+00:00,467.61,468.25,463.3,463.31,755.9616594800002
2026-02-27 19:00:00+00:00,463.3,464.02,461.37,463.27,334.5343726600001
2026-02-27 20:00:00+00:00,463.26,463.96,462.26,463.3,284.20576139
2026-02-27 21:00:00+00:00,463.31,465.11,459.76,460.52,623.9805938999999
2026-02-27 22:00:00+00:00,460.52,460.81,455.22,458.72,1555.79560244
2026-02-27 23:00:00+00:00,458.64,462.35,457.87,461.44,581.1692759000001
2026-02-28 00:00:00+00:00,461.39,464.54,461.3,464.08,478.80019858
2026-02-28 01:00:00+00:00,464.08,464.08,460.53,462.28,438.37809909999993
2026-02-28 02:00:00+00:00,462.22,464.46,461.66,463.05,340.9367856600001
2026-02-28 03:00:00+00:00,463.04,463.33,460.32,461.94,569.6700567899996
2026-02-28 04:00:00+00:00,461.91,461.92,458.1,459.64,189.05959788
2026-02-28 05:00:00+00:00,459.64,459.78,455.67,459.08,508.7232828199996
2026-02-28 06:00:00+00:00,459.08,459.26,443.4,444.7,3822.750637399996
2026-02-28 07:00:00+00:00,444.6,451.34,440.44,446.24,2888.826021449998
2026-02-28 08:00:00+00:00,446.18,448.75,443.46,443.86,798.84747588
2026-02-28 09:00:00+00:00,443.85,446.39,441.21,442.67,404.47599389
2026-02-28 10:00:00+00:00,442.58,446.89,439.88,444.1,644.7065006300002
2026-02-28 11:00:00+00:00,444.29,447.13,444.09,445.25,350.8041358000001
2026-02-28 12:00:00+00:00,445.35,448.22,444.0,444.36,233.72460126
2026-02-28 13:00:00+00:00,444.38,452.62,441.88,449.06,1112.4811534099997
2026-02-28 14:00:00+00:00,449.47,451.95,443.94,444.99,1537.64363148
2026-02-28 15:00:00+00:00,445.07,447.86,443.59,444.92,611.0902575399999
2026-02-28 16:00:00+00:00,444.75,446.96,443.15,445.2,911.1946748099996
2026-02-28 17:00:00+00:00,445.2,445.55,441.07,445.22,995.0629653399994
2026-02-28 18:00:00+00:00,445.08,450.69,442.31,447.96,805.40717258
2026-02-28 19:00:00+00:00,448.06,452.33,442.67,449.31,1761.89777883
2026-02-28 20:00:00+00:00,449.19,460.56,447.74,458.27,2032.601069479999
2026-02-28 21:00:00+00:00,458.5,458.78,453.45,455.34,483.44630137000007
2026-02-28 22:00:00+00:00,455.6,468.21,455.1,460.54,2183.7476387300007
2026-02-28 23:00:00+00:00,460.64,460.96,455.44,457.49,938.8704089700002
2026-03-01 00:00:00+00:00,457.59,459.14,452.93,456.12,410.5878433700001
2026-03-01 01:00:00+00:00,455.94,462.91,451.44,460.8,1049.4389402999998
2026-03-01 02:00:00+00:00,460.9,467.28,460.53,463.85,719.2684204999998
2026-03-01 03:00:00+00:00,464.31,464.74,460.16,461.4,787.5298583599998
2026-03-01 04:00:00+00:00,461.47,462.06,455.77,459.72,819.3854435100003
2026-03-01 05:00:00+00:00,459.69,460.1,456.94,457.38,631.88386313
2026-03-01 06:00:00+00:00,457.47,457.8,451.54,452.17,390.7839554600001
2026-03-01 07:00:00+00:00,452.46,453.76,449.66,453.2,252.22970471
2026-03-01 08:00:00+00:00,453.11,454.02,445.76,446.97,497.9245088100002
2026-03-01 09:00:00+00:00,446.96,449.46,445.69,446.5,321.9066475700001
2026-03-01 10:00:00+00:00,446.73,448.35,444.62,445.86,569.2204988899999
2026-03-01 11:00:00+00:00,446.03,448.11,445.48,446.66,375.7501597500001
2026-03-01 12:00:00+00:00,446.51,448.0,445.3,445.71,222.87636399
2026-03-01 13:00:00+00:00,445.83,454.06,445.26,449.97,1291.3273416099996
2026-03-01 14:00:00+00:00,450.08,452.63,446.52,447.02,496.71682537999993
2026-03-01 15:00:00+00:00,446.97,450.3,446.6,447.71,470.8492173199999
2026-03-01 16:00:00+00:00,447.75,449.86,436.66,440.21,976.80756453
2026-03-01 17:00:00+00:00,440.1,440.89,434.0,438.97,1462.5010033599983
2026-03-01 18:00:00+00:00,438.97,443.8,438.72,439.63,598.8983467800002
2026-03-01 19:00:00+00:00,439.6,439.8,435.34,437.03,922.20280725
2026-03-01 20:00:00+00:00,437.06,437.06,430.84,432.95,780.7825128000002
2026-03-01 21:00:00+00:00,432.9,440.3,432.81,439.44,421.57641591
2026-03-01 22:00:00+00:00,439.25,445.09,437.63,437.81,833.4696585899997
2026-03-01 23:00:00+00:00,437.81,442.89,435.55,441.8,448.84540677000007
2026-03-02 00:00:00+00:00,441.63,447.51,441.24,446.34,750.2653818499998
2026-03-02 01:00:00+00:00,446.04,454.24,445.83,450.02,511.8771209099999
2026-03-02 02:00:00+00:00,450.1,450.73,446.67,449.37,370.64044755000015
2026-03-02 03:00:00+00:00,449.54,451.6,446.88,450.23,661.1042041799999
2026-03-02 04:00:00+00:00,450.24,450.6,446.74,449.33,548.1504238599998
2026-03-02 05:00:00+00:00,449.23,453.6,447.94,451.98,392.6066964199999
2026-03-02 06:00:00+00:00,452.02,452.22,444.79,446.67,334.79581044
2026-03-02 07:00:00+00:00,446.6,446.95,438.99,440.65,1290.6816129799993
2026-03-02 08:00:00+00:00,440.72,440.72,436.45,437.76,644.36296326
2026-03-02 09:00:00+00:00,437.69,445.89,437.28,437.71,1416.7969772999993
2026-03-02 10:00:00+00:00,437.67,440.1,437.15,439.67,519.3497504299999
2026-03-02 11:00:00+00:00,439.61,439.75,436.24,437.79,405.65620247
2026-03-02 12:00:00+00:00,437.85,442.77,437.07,441.45,2964.76784437
2026-03-02 13:00:00+00:00,441.63,444.65,439.39,440.49,501.5870357600001
2026-03-02 14:00:00+00:00,440.58,444.92,437.29,444.15,1172.27416435
2026-03-02 15:00:00+00:00,444.11,452.44,442.5,447.65,2491.3222009900005
2026-03-02 16:00:00+00:00,447.72,453.75,445.14,448.29,1358.60088576
2026-03-02 17:00:00+00:00,448.29,449.88,441.98,446.17,716.20545368
2026-03-02 18:00:00+00:00,445.97,449.07,443.52,446.11,510.7450956299998
2026-03-02 19:00:00+00:00,446.18,447.09,442.89,444.89,516.1442138000001
2026-03-02 20:00:00+00:00,444.88,446.85,440.68,442.19,438.4429437500002
2026-03-02 21:00:00+00:00,442.16,448.56,440.65,446.75,375.9434065199998
2026-03-02 22:00:00+00:00,446.95,450.94,446.95,448.43,692.4106763899999
2026-03-02 23:00:00+00:00,448.76,448.76,442.77,445.27,386.62349379000005
2026-03-03 00:00:00+00:00,445.56,448.63,444.5,446.95,349.8827691
2026-03-03 01:00:00+00:00,446.67,447.51,443.37,443.8,149.51378372999994
2026-03-03 02:00:00+00:00,443.73,445.09,439.72,444.15,1235.6421026999994
2026-03-03 03:00:00+00:00,444.22,444.98,440.77,444.34,209.24643965
2026-03-03 04:00:00+00:00,444.34,445.25,441.49,442.1,124.73912791
2026-03-03 05:00:00+00:00,442.12,444.38,440.19,441.63,262.88608574000006
2026-03-03 06:00:00+00:00,441.6,444.08,440.51,443.8,138.37114034
2026-03-03 07:00:00+00:00,443.73,448.25,443.53,444.06,234.50773256
2026-03-03 08:00:00+00:00,444.0,444.0,435.6,436.98,487.2599065600001
2026-03-03 09:00:00+00:00,436.96,438.35,434.75,436.27,333.57881401
2026-03-03 10:00:00+00:00,436.2,440.49,435.45,437.78,453.4972158500002
2026-03-03 11:00:00+00:00,437.85,440.76,436.66,437.41,567.0563938599996
2026-03-03 12:00:00+00:00,437.85,441.5,435.47,435.47,546.1193547600001
2026-03-03 13:00:00+00:00,436.86,436.93,432.63,434.81,372.60264903000007
2026-03-03 14:00:00+00:00,434.53,437.49,432.22,434.82,1056.687529359999
2026-03-03 15:00:00+00:00,434.79,441.2,433.8,440.11,983.16033404
2026-03-03 16:00:00+00:00,440.1,445.34,436.8,441.37,470.2845871699999
2026-03-03 17:00:00+00:00,441.54,442.7,437.4,441.2,502.57111202
2026-03-03 18:00:00+00:00,441.4,444.7,440.4,442.8,158.39828905999997
2026-03-03 19:00:00+00:00,442.71,443.53,440.02,441.52,467.9711053200001
2026-03-03 20:00:00+00:00,441.49,442.01,439.15,439.16,282.32322408999994
2026-03-03 21:00:00+00:00,439.15,442.08,438.2,441.88,268.2248086600001
2026-03-03 22:00:00+00:00,441.9,449.0,441.9,447.0,443.6524408399999
2026-03-03 23:00:00+00:00,447.09,450.0,443.77,443.77,511.4901358899999
2026-03-04 00:00:00+00:00,444.08,445.21,442.12,442.95,804.2316966399997
2026-03-04 01:00:00+00:00,442.97,445.55,441.08,443.28,584.4388461
2026-03-04 02:00:00+00:00,443.34,444.21,441.39,443.55,596.0606667199999
2026-03-04 03:00:00+00:00,443.57,443.73,439.57,442.57,888.0521453599997
2026-03-04 04:00:00+00:00,442.39,443.12,439.09,441.59,337.9121411599999
2026-03-04 05:00:00+00:00,441.36,443.34,439.9,441.51,247.01975408
2026-03-04 06:00:00+00:00,441.49,442.6,439.47,441.3,215.56626627000009
2026-03-04 07:00:00+00:00,441.27,456.9,439.75,452.28,2612.593111509994
2026-03-04 08:00:00+00:00,452.33,458.13,449.78,458.0,1465.7327549900008
2026-03-04 09:00:00+00:00,457.76,462.45,457.11,459.68,1234.9203231499996
2026-03-04 10:00:00+00:00,459.97,462.0,455.1,456.6,1080.2470481900002
2026-03-04 11:00:00+00:00,456.66,459.49,456.4,458.62,438.2691045
2026-03-04 12:00:00+00:00,458.76,459.97,453.2,458.15,761.7656486199999
2026-03-04 13:00:00+00:00,458.22,460.4,457.7,460.16,355.3456298600001
2026-03-04 14:00:00+00:00,460.06,472.37,455.07,467.94,3532.229402309996
2026-03-04 15:00:00+00:00,468.16,473.08,465.56,472.81,1984.4000853000005
2026-03-04 16:00:00+00:00,472.6,473.23,466.54,469.95,1501.5486838400002
2026-03-04 17:00:00+00:00,470.01,470.73,463.98,467.25,523.4154675799999
2026-03-04 18:00:00+00:00,467.55,471.33,465.93,471.15,312.7318388299999
2026-03-04 19:00:00+00:00,470.97,476.87,470.88,471.79,760.83124561
2026-03-04 20:00:00+00:00,471.93,472.44,467.19,467.35,1237.07156049
2026-03-04 21:00:00+00:00,467.73,470.74,467.14,470.38,1459.1465804099992
2026-03-04 22:00:00+00:00,470.45,471.75,465.52,466.37,291.04339903000005
2026-03-04 23:00:00+00:00,466.14,468.97,464.42,466.92,464.55961554000015
2026-03-05 00:00:00+00:00,466.88,466.96,456.66,461.7,2482.9993198300026
2026-03-05 01:00:00+00:00,461.7,464.17,459.07,459.63,357.34639417999995
2026-03-05 02:00:00+00:00,459.76,462.21,458.58,459.65,224.02649554
2026-03-05 03:00:00+00:00,459.69,461.09,459.0,460.37,223.09972412
2026-03-05 04:00:00+00:00,460.38,464.5,460.29,462.91,407.8624370800001
2026-03-05 05:00:00+00:00,462.98,463.84,459.74,460.37,122.69145068000002
2026-03-05 06:00:00+00:00,460.39,461.3,458.44,460.82,124.56389249
2026-03-05 07:00:00+00:00,460.67,460.67,456.68,459.04,404.99350037
2026-03-05 08:00:00+00:00,458.85,460.84,458.15,460.27,250.2023252400001
2026-03-05 09:00:00+00:00,460.25,464.1,460.2,463.86,144.68096969
2026-03-05 10:00:00+00:00,463.85,467.82,462.21,466.74,353.08850816000006
2026-03-05 11:00:00+00:00,466.83,466.92,461.71,463.34,375.85593489
2026-03-05 12:00:00+00:00,463.38,463.83,460.93,463.25,155.62444244000002
2026-03-05 13:00:00+00:00,463.26,463.26,459.01,461.67,447.7958069600001
2026-03-05 14:00:00+00:00,461.88,465.15,459.33,463.82,1718.25065158
2026-03-05 15:00:00+00:00,464.08,464.48,457.62,459.12,446.72910157
2026-03-05 16:00:00+00:00,459.06,462.34,454.79,461.37,383.46085813
2026-03-05 17:00:00+00:00,461.44,463.05,456.76,457.13,827.7397754000001
2026-03-05 18:00:00+00:00,457.02,457.58,455.09,456.54,314.44499007
2026-03-05 19:00:00+00:00,456.6,459.98,456.44,456.84,122.22952560000002
2026-03-05 20:00:00+00:00,456.96,461.12,456.9,460.68,247.9701360100001
2026-03-05 21:00:00+00:00,460.62,460.99,459.09,459.96,240.81073238
2026-03-05 22:00:00+00:00,459.9,462.53,459.78,462.2,193.88237131000005
2026-03-05 23:00:00+00:00,462.1,464.26,461.38,461.88,201.22786028
2026-03-06 00:00:00+00:00,461.59,463.49,460.74,461.39,337.60478164000006
2026-03-06 01:00:00+00:00,461.37,463.14,458.12,462.59,971.8031291500002
2026-03-06 02:00:00+00:00,462.49,463.14,459.54,460.05,1266.516926610001
2026-03-06 03:00:00+00:00,460.08,461.78,458.33,460.22,338.83427664999994
2026-03-06 04:00:00+00:00,460.02,460.62,457.36,458.95,80.42889606
2026-03-06 05:00:00+00:00,458.98,459.72,456.04,458.19,192.24650037
2026-03-06 06:00:00+00:00,458.11,458.84,456.63,458.23,87.39907706000001
2026-03-06 07:00:00+00:00,458.19,460.59,456.98,459.74,138.38556464
2026-03-06 08:00:00+00:00,459.55,459.98,458.14,458.37,125.45427941
2026-03-06 09:00:00+00:00,458.43,459.14,455.7,457.14,130.40851422999995
2026-03-06 10:00:00+00:00,456.97,458.36,456.09,456.86,51.299476659999975
2026-03-06 11:00:00+00:00,456.9,457.11,453.06,453.21,135.50093701000006
2026-03-06 12:00:00+00:00,453.39,453.71,450.78,452.09,189.56286845000005
2026-03-06 13:00:00+00:00,452.06,453.96,445.42,445.62,572.8065376299999
2026-03-06 14:00:00+00:00,445.56,447.93,442.26,443.94,835.8682205300005
2026-03-06 15:00:00+00:00,443.97,446.88,442.45,443.08,586.6629465399999
2026-03-06 16:00:00+00:00,443.03,451.97,442.06,445.9,1720.479469869995
2026-03-06 17:00:00+00:00,445.69,452.56,444.26,446.68,1463.2315418100002
2026-03-06 18:00:00+00:00,446.81,450.55,446.81,450.38,206.13159268
2026-03-06 19:00:00+00:00,450.31,453.1,448.93,449.88,226.87693837000003
2026-03-06 20:00:00+00:00,450.07,451.5,447.9,448.5,168.60384057
2026-03-06 21:00:00+00:00,448.43,451.26,447.99,450.18,137.29987389
2026-03-06 22:00:00+00:00,450.24,450.57,448.56,449.83,169.49102571999998
2026-03-06 23:00:00+00:00,449.84,451.08,449.4,449.72,145.80754287
2026-03-07 00:00:00+00:00,449.72,451.5,449.59,449.83,291.05050513000003
2026-03-07 01:00:00+00:00,449.7,450.4,448.2,449.32,180.5571461
2026-03-07 02:00:00+00:00,449.34,450.42,448.38,450.42,65.67853604999999
2026-03-07 03:00:00+00:00,450.35,452.29,448.32,448.94,152.45300276999998
2026-03-07 04:00:00+00:00,448.89,449.39,447.09,449.23,92.00117373
2026-03-07 05:00:00+00:00,448.91,449.82,448.26,449.39,50.99992778000001
2026-03-07 06:00:00+00:00,449.26,449.31,446.69,447.1,87.45825177000002
2026-03-07 07:00:00+00:00,447.13,449.27,446.93,448.62,416.2087154700002
2026-03-07 08:00:00+00:00,448.56,452.43,448.54,451.45,115.45733502
2026-03-07 09:00:00+00:00,451.66,451.86,450.31,450.9,119.24159355999996
2026-03-07 10:00:00+00:00,450.87,451.77,449.37,449.62,83.80016460000002
2026-03-07 11:00:00+00:00,449.62,451.68,448.5,450.75,140.89468043000002
2026-03-07 12:00:00+00:00,450.81,451.71,449.67,449.73,94.86720223000002
2026-03-07 13:00:00+00:00,449.7,451.19,449.41,450.87,218.742957
2026-03-07 14:00:00+00:00,450.85,451.71,448.67,450.42,185.26299406000004
2026-03-07 15:00:00+00:00,450.36,452.46,449.5,450.54,143.28269619999995
2026-03-07 16:00:00+00:00,450.36,451.36,449.84,451.08,472.83620658000007
2026-03-07 17:00:00+00:00,451.08,452.38,451.05,451.3,264.8009493999999
2026-03-07 18:00:00+00:00,451.21,451.21,449.28,450.64,176.24908974000004
2026-03-07 19:00:00+00:00,450.52,450.52,445.31,446.48,186.00054746
2026-03-07 20:00:00+00:00,446.67,454.09,446.49,451.84,521.6172291399997
2026-03-07 21:00:00+00:00,451.99,452.27,450.25,450.79,554.67882759
2026-03-07 22:00:00+00:00,450.78,450.81,446.06,447.42,568.1951405299999
2026-03-07 23:00:00+00:00,447.48,450.35,447.48,450.26,272.39726784
2026-03-08 00:00:00+00:00,450.36,451.22,447.41,448.63,321.35816158000006
2026-03-08 01:00:00+00:00,448.47,450.78,447.86,449.63,216.55708740999995
2026-03-08 02:00:00+00:00,449.58,451.17,446.59,447.31,172.72622070000006
2026-03-08 03:00:00+00:00,447.1,448.91,445.9,448.21,127.0337522
2026-03-08 04:00:00+00:00,448.14,448.81,446.28,447.22,151.54187016
2026-03-08 05:00:00+00:00,447.09,449.41,447.09,448.9,127.73328721
2026-03-08 06:00:00+00:00,449.1,449.22,447.09,448.25,64.75030927
2026-03-08 07:00:00+00:00,448.21,450.54,447.79,449.82,69.63260197
2026-03-08 08:00:00+00:00,450.09,450.35,448.48,450.15,142.09124567
2026-03-08 09:00:00+00:00,449.99,452.54,449.99,451.01,159.76241247
2026-03-08 10:00:00+00:00,450.8,455.31,450.71,453.79,95.1194013
2026-03-08 11:00:00+00:00,453.81,453.81,448.44,449.02,165.92372955000002
2026-03-08 12:00:00+00:00,448.91,450.03,446.67,449.46,170.04835820999992
2026-03-08 13:00:00+00:00,449.47,450.14,445.1,448.04,284.2631799700002
2026-03-08 14:00:00+00:00,448.07,448.84,447.08,448.05,151.15396305
2026-03-08 15:00:00+00:00,448.21,448.86,445.91,446.94,209.83021644999985
2026-03-08 16:00:00+00:00,446.8,447.15,443.54,443.82,237.66461036
2026-03-08 17:00:00+00:00,443.88,445.64,443.39,445.32,353.1365522599999
2026-03-08 18:00:00+00:00,445.34,445.44,443.28,444.48,111.37624729000002
2026-03-08 19:00:00+00:00,444.68,448.64,444.26,447.3,138.55277366999994
2026-03-08 20:00:00+00:00,447.16,449.82,446.32,447.8,313.02735379000006
2026-03-08 21:00:00+00:00,447.59,448.76,445.34,447.98,148.01795910999996
2026-03-08 22:00:00+00:00,447.87,447.87,440.52,445.69,583.64606414
2026-03-08 23:00:00+00:00,445.8,446.5,441.7,442.99,240.34369509000007
2026-03-09 00:00:00+00:00,442.96,448.07,442.9,444.64,251.9110393800001
2026-03-09 01:00:00+00:00,444.78,448.07,443.29,444.78,184.13118013
2026-03-09 02:00:00+00:00,444.71,448.69,443.03,447.42,300.89038602000005
2026-03-09 03:00:00+00:00,447.3,454.52,447.07,450.77,454.7759827799999
2026-03-09 04:00:00+00:00,450.54,452.65,449.01,449.01,1443.3171618100007
2026-03-09 05:00:00+00:00,449.01,452.53,448.27,451.71,281.31870625000005
2026-03-09 06:00:00+00:00,451.75,451.84,446.39,446.82,1105.429282100002
2026-03-09 07:00:00+00:00,447.06,448.3,444.56,447.3,250.3638544
2026-03-09 08:00:00+00:00,447.36,449.05,446.58,448.25,200.78004078
2026-03-09 09:00:00+00:00,448.32,451.32,445.98,448.35,201.25822284000003
2026-03-09 10:00:00+00:00,448.8,450.0,447.04,447.75,44.721405050000016
2026-03-09 11:00:00+00:00,447.52,450.25,446.72,449.68,31.30649634
2026-03-09 12:00:00+00:00,449.68,451.92,449.44,450.97,118.58588121
2026-03-09 13:00:00+00:00,450.94,456.74,450.94,454.56,854.5386735199996
2026-03-09 14:00:00+00:00,454.48,455.2,446.08,448.49,1410.133471450001
2026-03-09 15:00:00+00:00,448.43,449.92,445.65,449.06,1202.6195308900003
2026-03-09 16:00:00+00:00,448.92,451.8,448.56,450.22,1003.7669759200004
2026-03-09 17:00:00+00:00,450.22,451.87,449.52,450.53,481.3634268899999
2026-03-09 18:00:00+00:00,450.32,451.6,448.96,449.23,177.23976238000006
2026-03-09 19:00:00+00:00,449.12,453.81,448.5,450.37,839.2447170999997
2026-03-09 20:00:00+00:00,450.45,450.8,449.25,450.53,74.83417248999997
2026-03-09 21:00:00+00:00,450.67,451.65,449.52,450.17,292.07057002999994
2026-03-09 22:00:00+00:00,450.17,450.45,446.37,446.81,336.84714147
2026-03-09 23:00:00+00:00,447.05,447.4,443.62,444.67,348.41923241
2026-03-10 00:00:00+00:00,444.58,447.55,443.74,445.82,375.4988831900001
2026-03-10 01:00:00+00:00,445.76,448.26,445.47,447.71,122.54179340999998
2026-03-10 02:00:00+00:00,447.65,454.44,447.5,449.68,1552.8414435599998
2026-03-10 03:00:00+00:00,449.65,450.74,446.55,447.22,208.10153976
2026-03-10 04:00:00+00:00,447.21,449.5,446.7,448.7,155.06470092999996
2026-03-10 05:00:00+00:00,448.61,449.64,446.52,446.99,216.3678714
2026-03-10 06:00:00+00:00,446.82,446.82,443.0,445.48,450.4469725199999
2026-03-10 07:00:00+00:00,445.45,446.67,444.37,446.19,377.82201134
2026-03-10 08:00:00+00:00,446.28,449.79,445.59,448.77,847.2354869799998
2026-03-10 09:00:00+00:00,448.84,452.43,447.86,450.66,533.50161807
2026-03-10 10:00:00+00:00,450.74,450.74,448.17,448.51,308.9087205000002
2026-03-10 11:00:00+00:00,448.49,448.7,445.85,447.02,867.24008099
2026-03-10 12:00:00+00:00,447.0,449.27,445.45,449.17,972.7287184000002
2026-03-10 13:00:00+00:00,449.28,450.71,446.56,446.75,1026.17820329
2026-03-10 14:00:00+00:00,446.57,451.94,442.75,451.54,769.14800071
2026-03-10 15:00:00+00:00,451.57,452.5,449.47,450.84,710.7619768799998
2026-03-10 16:00:00+00:00,450.87,452.97,449.04,451.22,454.3760543000001
2026-03-10 17:00:00+00:00,451.29,452.2,448.76,449.83,397.16634422
2026-03-10 18:00:00+00:00,449.58,449.99,444.85,445.48,394.43737136
2026-03-10 19:00:00+00:00,445.45,446.27,444.25,445.75,229.49783038
2026-03-10 20:00:00+00:00,445.68,447.38,445.56,446.94,90.89482684
2026-03-10 21:00:00+00:00,446.97,447.53,444.16,445.31,190.56732326
2026-03-10 22:00:00+00:00,445.05,446.74,444.24,446.3,73.11297490000001
2026-03-10 23:00:00+00:00,446.35,447.21,445.95,447.17,162.95363077999988
2026-03-11 00:00:00+00:00,446.99,447.66,445.69,446.5,126.22131265999997
2026-03-11 01:00:00+00:00,446.73,448.68,446.57,448.59,119.29712142999998
2026-03-11 02:00:00+00:00,448.59,449.82,447.95,448.56,384.0008925700001
2026-03-11 03:00:00+00:00,448.74,449.34,446.43,447.81,133.95137433
2026-03-11 04:00:00+00:00,447.8,451.53,446.53,451.53,215.41807982
2026-03-11 05:00:00+00:00,451.35,452.3,448.56,449.4,162.97101835999993
2026-03-11 06:00:00+00:00,449.52,453.3,448.98,451.03,394.1606517700002
2026-03-11 07:00:00+00:00,451.38,452.47,448.71,449.33,124.9249131
2026-03-11 08:00:00+00:00,449.76,450.56,447.18,450.56,111.30142071000006
2026-03-11 09:00:00+00:00,450.42,450.42,447.0,447.44,211.63910963
2026-03-11 10:00:00+00:00,447.16,449.4,447.16,449.35,84.73747993999996
2026-03-11 11:00:00+00:00,449.13,449.88,448.14,448.36,102.65350430999996
2026-03-11 12:00:00+00:00,448.35,452.41,447.1,450.62,217.4606618800001
2026-03-11 13:00:00+00:00,450.72,461.97,450.27,453.38,3774.312039329992
2026-03-11 14:00:00+00:00,453.39,457.79,453.11,455.36,494.3667715000001
2026-03-11 15:00:00+00:00,455.55,455.85,451.12,455.74,189.73717174
2026-03-11 16:00:00+00:00,455.52,457.74,455.07,457.05,168.71436841999994
2026-03-11 17:00:00+00:00,457.25,459.03,456.0,457.11,271.20011545999995
2026-03-11 18:00:00+00:00,457.16,458.2,456.33,457.29,135.18097847
2026-03-11 19:00:00+00:00,457.33,458.39,456.28,458.01,73.7122417
2026-03-11 20:00:00+00:00,457.69,458.19,456.12,457.14,162.33499689999996
2026-03-11 21:00:00+00:00,456.96,460.1,456.54,459.26,359.4033385000001
2026-03-11 22:00:00+00:00,459.18,460.64,455.52,456.19,287.38447848
2026-03-11 23:00:00+00:00,456.21,456.72,454.77,455.27,188.29839068
2026-03-12 00:00:00+00:00,455.25,458.5,455.0,458.16,267.4048747699999
2026-03-12 01:00:00+00:00,458.2,458.32,455.74,456.5,154.82822234
2026-03-12 02:00:00+00:00,456.6,456.85,451.85,452.52,674.3499736899997
2026-03-12 03:00:00+00:00,452.7,454.8,452.41,453.49,110.06189925
2026-03-12 04:00:00+00:00,453.36,454.94,453.25,453.67,45.50481526
2026-03-12 05:00:00+00:00,453.67,454.93,453.36,454.44,83.34893588000001
2026-03-12 06:00:00+00:00,454.32,454.66,452.71,453.54,280.34232430999987
2026-03-12 07:00:00+00:00,453.36,455.76,452.79,455.45,50.37160178999999
2026-03-12 08:00:00+00:00,455.36,456.24,453.99,456.24,97.52047856
2026-03-12 09:00:00+00:00,456.14,457.94,454.27,456.21,96.18037666000002
2026-03-12 10:00:00+00:00,456.21,460.42,456.21,459.82,34.50653390000001
2026-03-12 11:00:00+00:00,459.68,460.0,457.8,458.27,115.18868751000002
2026-03-12 12:00:00+00:00,458.3,459.13,456.93,458.57,388.5490852299999
2026-03-12 13:00:00+00:00,458.54,461.3,456.89,458.78,168.63593250999998
2026-03-12 14:00:00+00:00,458.85,459.9,452.5,453.51,224.58899374
2026-03-12 15:00:00+00:00,453.32,456.84,453.25,456.33,114.27572235
2026-03-12 16:00:00+00:00,456.26,458.62,454.44,457.04,96.56659295999998
2026-03-12 17:00:00+00:00,457.16,457.55,454.37,455.05,107.38808584000004
2026-03-12 18:00:00+00:00,455.04,456.32,454.02,455.22,82.0706573
2026-03-12 19:00:00+00:00,455.29,457.16,455.03,456.26,108.30714141
2026-03-12 20:00:00+00:00,456.25,456.4,453.7,454.17,235.1133590000001
2026-03-12 21:00:00+00:00,454.18,455.34,454.18,455.0,52.54887874999999
2026-03-12 22:00:00+00:00,454.93,455.3,453.29,454.91,110.51058225
2026-03-12 23:00:00+00:00,454.92,457.8,454.79,455.09,142.69939618999996
2026-03-13 00:00:00+00:00,454.97,475.33,454.72,465.11,2186.054871569994
2026-03-13 01:00:00+00:00,465.12,472.39,459.7,467.18,4082.57421455999
2026-03-13 02:00:00+00:00,467.02,467.28,461.39,465.15,1567.03069722
2026-03-13 03:00:00+00:00,465.12,470.35,464.61,467.85,687.6561758199997
2026-03-13 04:00:00+00:00,467.83,471.14,466.39,467.58,670.1633077099996
2026-03-13 05:00:00+00:00,467.58,467.75,465.86,466.08,165.87896478999997
2026-03-13 06:00:00+00:00,466.02,467.37,464.32,464.86,94.20942940000002
2026-03-13 07:00:00+00:00,464.64,466.01,464.38,465.9,148.32912571
2026-03-13 08:00:00+00:00,465.83,469.74,464.84,468.5,218.78873115
2026-03-13 09:00:00+00:00,468.48,471.12,468.48,469.63,520.3011745899989
2026-03-13 10:00:00+00:00,469.64,471.35,469.58,470.8,195.13291803000004
2026-03-13 11:00:00+00:00,470.8,471.24,470.08,470.11,245.74185917
2026-03-13 12:00:00+00:00,470.32,470.86,465.65,469.7,613.0760795399996
2026-03-13 13:00:00+00:00,469.77,474.34,467.71,469.36,1268.91221667
2026-03-13 14:00:00+00:00,469.57,474.33,465.47,466.11,1080.0486891299995
2026-03-13 15:00:00+00:00,466.16,469.09,462.86,463.6,513.2729583600002
2026-03-13 16:00:00+00:00,463.67,465.61,462.01,464.5,878.6532417999996
2026-03-13 17:00:00+00:00,464.64,465.8,461.49,462.84,1161.15406003
2026-03-13 18:00:00+00:00,462.9,465.14,462.64,464.44,115.27666671
2026-03-13 19:00:00+00:00,464.33,464.96,463.05,463.28,106.84720768000004
2026-03-13 20:00:00+00:00,463.28,464.29,462.91,464.07,56.14681896
2026-03-13 21:00:00+00:00,464.02,464.94,462.92,463.02,175.47820076999992
2026-03-13 22:00:00+00:00,462.96,463.26,459.71,460.9,293.98833025999994
2026-03-13 23:00:00+00:00,460.62,462.07,459.86,460.99,296.4466017200001
2026-03-14 00:00:00+00:00,460.73,461.28,459.0,459.84,464.08425739
2026-03-14 01:00:00+00:00,459.84,460.98,458.64,460.1,155.16861541000003
2026-03-14 02:00:00+00:00,459.97,460.71,457.69,458.99,123.63177709
2026-03-14 03:00:00+00:00,458.93,461.81,458.84,461.1,120.44710330000002
2026-03-14 04:00:00+00:00,461.15,463.16,461.15,461.72,115.52959215
2026-03-14 05:00:00+00:00,461.79,462.52,460.22,460.52,89.45065593
2026-03-14 06:00:00+00:00,460.46,460.46,456.7,458.64,65.74053191
2026-03-14 07:00:00+00:00,458.66,461.92,458.16,459.14,74.79869991999999
2026-03-14 08:00:00+00:00,459.2,459.8,457.2,457.83,73.12224882000001
2026-03-14 09:00:00+00:00,457.94,458.84,456.24,457.51,69.72028416999999
2026-03-14 10:00:00+00:00,457.34,457.34,454.5,455.62,97.80641908999998
2026-03-14 11:00:00+00:00,455.63,464.02,455.52,460.55,952.4927237900006
2026-03-14 12:00:00+00:00,460.54,461.76,457.72,459.3,248.55963939
2026-03-14 13:00:00+00:00,459.29,460.5,458.11,459.74,438.99796561
2026-03-14 14:00:00+00:00,459.66,460.2,457.44,457.8,218.88390031
2026-03-14 15:00:00+00:00,457.73,463.45,457.24,461.5,688.2070546699999
2026-03-14 16:00:00+00:00,461.52,463.82,461.52,462.74,231.4454588000001
2026-03-14 17:00:00+00:00,462.74,463.86,461.61,462.12,160.55634524
2026-03-14 18:00:00+00:00,462.04,463.26,461.17,462.39,78.8268838
2026-03-14 19:00:00+00:00,462.7,464.08,462.48,463.89,32.00126035
2026-03-14 20:00:00+00:00,463.89,465.01,462.57,464.38,76.38581027999999
2026-03-14 21:00:00+00:00,464.31,465.55,463.14,465.55,102.35512972999996
2026-03-14 22:00:00+00:00,465.54,466.76,465.21,465.65,101.79251858
2026-03-14 23:00:00+00:00,465.42,468.58,465.01,467.77,125.22194976999997
2026-03-15 00:00:00+00:00,467.67,468.91,459.01,463.62,1324.314459539999
2026-03-15 01:00:00+00:00,463.62,464.67,463.36,464.37,128.78470851999998
2026-03-15 02:00:00+00:00,464.29,466.83,464.29,465.59,154.51886253
2026-03-15 03:00:00+00:00,465.71,466.2,464.09,465.31,108.21583634000002
2026-03-15 04:00:00+00:00,465.16,466.0,464.8,465.92,63.08068418999998
2026-03-15 05:00:00+00:00,465.82,466.97,465.35,465.46,81.00032738000006
2026-03-15 06:00:00+00:00,465.62,466.58,463.47,464.4,49.06167214999998
2026-03-15 07:00:00+00:00,464.29,465.43,463.88,464.7,53.27973183
2026-03-15 08:00:00+00:00,464.74,468.62,464.15,468.44,145.66730822
2026-03-15 09:00:00+00:00,468.56,469.69,466.38,466.96,68.40176290999999
2026-03-15 10:00:00+00:00,466.85,468.64,466.21,468.53,79.97052120000001
2026-03-15 11:00:00+00:00,468.54,469.14,467.75,468.58,36.168867030000015
2026-03-15 12:00:00+00:00,468.51,468.51,466.25,466.47,241.64670352000007
2026-03-15 13:00:00+00:00,466.47,467.23,460.0,463.78,1142.6542420000007
2026-03-15 14:00:00+00:00,463.86,464.1,462.11,463.89,197.93506552000005
2026-03-15 15:00:00+00:00,463.89,464.0,462.54,462.74,137.60704149
2026-03-15 16:00:00+00:00,462.78,463.89,460.81,461.67,84.28308804999999
2026-03-15 17:00:00+00:00,461.67,464.55,461.52,463.4,143.86473528
2026-03-15 18:00:00+00:00,463.6,463.74,460.95,461.3,162.78593601999998
2026-03-15 19:00:00+00:00,461.27,462.14,460.88,462.0,98.10680689000004
2026-03-15 20:00:00+00:00,461.51,463.82,460.8,462.37,76.91649877999997
2026-03-15 21:00:00+00:00,462.37,465.36,461.58,464.87,108.21879244000004
2026-03-15 22:00:00+00:00,464.87,471.13,463.22,469.57,1215.0087287700007
2026-03-15 23:00:00+00:00,469.53,471.84,467.39,469.98,733.4324608199998
2026-03-16 00:00:00+00:00,469.74,470.6,467.17,467.74,102.45186174
2026-03-16 01:00:00+00:00,467.89,468.23,465.16,468.03,286.68680922
2026-03-16 02:00:00+00:00,468.02,468.65,465.74,467.96,146.87264014999994
2026-03-16 03:00:00+00:00,467.67,475.41,467.04,471.59,656.3697590699996
2026-03-16 04:00:00+00:00,471.67,474.83,469.45,470.77,1076.9723349199996
2026-03-16 05:00:00+00:00,470.82,474.16,470.82,473.8,179.19738431999994
2026-03-16 06:00:00+00:00,473.81,473.81,470.46,470.94,219.71654751
2026-03-16 07:00:00+00:00,470.88,473.28,470.58,471.76,180.93334682
2026-03-16 08:00:00+00:00,471.76,473.33,469.19,470.35,229.50673908000007
2026-03-16 09:00:00+00:00,470.37,472.82,470.37,471.94,158.46867989000003
2026-03-16 10:00:00+00:00,472.0,475.92,471.98,474.55,344.97558985000006
2026-03-16 11:00:00+00:00,474.46,475.91,472.92,474.22,213.6057610299999
2026-03-16 12:00:00+00:00,474.25,477.22,473.81,475.1,690.7872655399999
2026-03-16 13:00:00+00:00,475.44,480.18,475.24,477.89,674.40417053
2026-03-16 14:00:00+00:00,477.96,479.46,474.0,477.74,287.02189284
2026-03-16 15:00:00+00:00,477.89,479.92,475.93,476.2,349.02611685000005
2026-03-16 16:00:00+00:00,476.16,479.52,475.89,479.34,188.5459995900001
2026-03-16 17:00:00+00:00,479.24,480.13,477.4,478.7,467.4870819900001
2026-03-16 18:00:00+00:00,478.6,480.54,477.97,478.75,619.14970314
2026-03-16 19:00:00+00:00,478.82,482.22,478.33,479.72,475.0048193499998
2026-03-16 20:00:00+00:00,479.91,481.91,479.34,481.27,1024.9471220499995
2026-03-16 21:00:00+00:00,481.2,483.5,479.74,481.05,963.56465822
2026-03-16 22:00:00+00:00,480.76,484.83,480.6,480.93,249.4961539800001
2026-03-16 23:00:00+00:00,480.76,480.76,476.89,478.92,167.24506531000003
2026-03-17 00:00:00+00:00,478.68,481.0,477.12,478.48,565.42874669
2026-03-17 01:00:00+00:00,478.58,481.18,477.0,478.27,426.66955407
2026-03-17 02:00:00+00:00,478.38,480.06,476.1,478.24,204.41021615
2026-03-17 03:00:00+00:00,478.17,478.17,473.78,475.44,239.74343945
2026-03-17 04:00:00+00:00,475.36,475.93,471.37,473.52,171.20889307999997
2026-03-17 05:00:00+00:00,473.27,475.32,472.51,474.32,53.63076765999999
2026-03-17 06:00:00+00:00,474.39,474.76,472.57,473.32,196.71462894
2026-03-17 07:00:00+00:00,473.2,475.98,473.14,473.71,200.6838576200001
2026-03-17 08:00:00+00:00,473.71,474.67,472.71,473.08,118.6167924
2026-03-17 09:00:00+00:00,473.13,475.07,472.25,473.71,120.90387915999992
2026-03-17 10:00:00+00:00,473.46,474.64,472.17,473.95,202.32699187000003
2026-03-17 11:00:00+00:00,474.04,475.93,473.8,475.09,68.02939502000001
2026-03-17 12:00:00+00:00,475.07,476.29,472.93,473.36,78.52955922
2026-03-17 13:00:00+00:00,473.36,475.3,472.22,473.73,195.66061257000004
2026-03-17 14:00:00+00:00,473.54,476.0,472.78,475.69,126.49659586000008
2026-03-17 15:00:00+00:00,475.72,477.89,470.78,472.83,237.32272591000003
2026-03-17 16:00:00+00:00,472.85,475.63,472.01,474.66,100.11456776
2026-03-17 17:00:00+00:00,474.66,476.49,474.32,476.16,98.39102751
2026-03-17 18:00:00+00:00,476.21,477.33,475.15,475.95,284.1782651800002
2026-03-17 19:00:00+00:00,475.91,476.4,474.06,474.24,137.02510127000002
2026-03-17 20:00:00+00:00,474.36,475.06,473.48,474.4,35.952606749999994
2026-03-17 21:00:00+00:00,474.4,475.88,474.13,475.64,109.55386709000004
2026-03-17 22:00:00+00:00,475.45,476.41,472.53,473.84,84.84912174
2026-03-17 23:00:00+00:00,473.8,473.92,470.35,470.66,88.34800681
2026-03-18 00:00:00+00:00,470.82,472.24,469.77,471.81,548.0275680799998
2026-03-18 01:00:00+00:00,471.87,472.31,469.05,470.65,377.63243270999993
2026-03-18 02:00:00+00:00,470.47,472.71,470.11,472.26,105.38079736000002
2026-03-18 03:00:00+00:00,472.22,472.69,470.57,470.74,73.39400751
2026-03-18 04:00:00+00:00,470.95,471.4,469.91,470.73,123.94972675
2026-03-18 05:00:00+00:00,470.8,472.84,470.3,470.84,113.96189846000004
2026-03-18 06:00:00+00:00,470.85,471.99,470.65,471.0,22.99269605
2026-03-18 07:00:00+00:00,471.0,471.01,469.07,470.25,40.72850069000001
2026-03-18 08:00:00+00:00,470.3,471.51,469.3,469.42,88.17074661000001
2026-03-18 09:00:00+00:00,469.4,469.66,468.66,469.6,92.39155982000004
2026-03-18 10:00:00+00:00,469.58,469.84,467.74,468.52,41.38866714
2026-03-18 11:00:00+00:00,468.37,468.37,462.1,462.5,412.4470804900002
2026-03-18 12:00:00+00:00,462.49,462.49,456.19,456.89,375.54787936
2026-03-18 13:00:00+00:00,456.68,457.41,453.95,454.8,407.0382168899999
2026-03-18 14:00:00+00:00,454.9,454.94,448.6,448.93,521.91828458
2026-03-18 15:00:00+00:00,449.0,450.4,446.71,448.63,439.09794164000016
2026-03-18 16:00:00+00:00,448.56,449.71,446.82,448.54,312.48005188999974
2026-03-18 17:00:00+00:00,448.43,457.09,447.66,452.94,1442.9866599799975
2026-03-18 18:00:00+00:00,453.04,455.35,451.57,452.41,471.1540275200001
2026-03-18 19:00:00+00:00,452.48,454.09,451.92,452.3,101.98337783999996
2026-03-18 20:00:00+00:00,452.32,456.3,451.29,455.21,417.6637854300001
2026-03-18 21:00:00+00:00,455.07,458.39,454.76,458.33,108.51326483999998
2026-03-18 22:00:00+00:00,458.16,458.31,455.18,455.54,195.09464794
2026-03-18 23:00:00+00:00,455.47,457.23,454.79,457.01,303.91177287999994
2026-03-19 00:00:00+00:00,457.01,457.61,455.22,455.3,165.48564924
2026-03-19 01:00:00+00:00,455.44,455.98,454.38,455.27,399.86073856
2026-03-19 02:00:00+00:00,455.27,457.32,453.87,456.26,489.7740351099998
2026-03-19 03:00:00+00:00,456.24,460.52,456.24,457.35,321.72046776
2026-03-19 04:00:00+00:00,457.29,458.02,456.32,457.59,211.8624040800001
2026-03-19 05:00:00+00:00,457.69,459.34,455.94,456.64,259.76889156999994
2026-03-19 06:00:00+00:00,456.55,458.43,454.68,455.13,162.09924607
2026-03-19 07:00:00+00:00,455.14,459.5,449.88,456.27,1525.4456347199996
2026-03-19 08:00:00+00:00,456.38,457.94,454.51,456.34,660.29630561
2026-03-19 09:00:00+00:00,456.41,460.42,455.88,459.6,129.76651012000002
2026-03-19 10:00:00+00:00,459.7,460.32,457.38,457.46,134.79205035
2026-03-19 11:00:00+00:00,457.5,458.16,455.56,455.65,83.29188316
2026-03-19 12:00:00+00:00,455.49,455.68,452.49,453.13,258.13254703
2026-03-19 13:00:00+00:00,452.97,457.24,452.1,457.24,341.83958093
2026-03-19 14:00:00+00:00,457.24,459.47,454.82,457.17,481.59178651
2026-03-19 15:00:00+00:00,457.1,458.23,452.46,453.74,320.18509231
2026-03-19 16:00:00+00:00,453.67,454.3,451.91,453.33,575.41207466
2026-03-19 17:00:00+00:00,453.44,456.62,451.85,456.21,412.7215495700001
2026-03-19 18:00:00+00:00,456.11,457.11,454.51,455.63,93.35745771
2026-03-19 19:00:00+00:00,455.52,458.35,455.52,456.32,250.58863547
2026-03-19 20:00:00+00:00,456.26,458.54,456.05,457.22,132.35765633
2026-03-19 21:00:00+00:00,457.27,457.55,455.11,455.71,147.17422653999998
2026-03-19 22:00:00+00:00,455.71,456.08,453.54,455.28,365.7944690700001
2026-03-19 23:00:00+00:00,455.34,456.48,454.06,455.7,154.32802532
2026-03-20 00:00:00+00:00,455.73,458.68,455.18,458.26,243.70460351
2026-03-20 01:00:00+00:00,458.35,461.91,457.11,461.87,423.18006036
2026-03-20 02:00:00+00:00,461.86,463.53,459.16,462.36,1519.5291570600002
2026-03-20 03:00:00+00:00,462.42,465.31,461.83,464.65,550.1797047599998
2026-03-20 04:00:00+00:00,464.58,465.52,462.92,464.59,176.54197929000006
2026-03-20 05:00:00+00:00,464.69,464.69,461.76,462.18,124.95999101
2026-03-20 06:00:00+00:00,462.24,464.34,460.62,463.9,275.9538315
2026-03-20 07:00:00+00:00,463.8,468.14,461.92,467.17,695.52388092
2026-03-20 08:00:00+00:00,467.0,470.84,466.23,470.17,656.1202371099997
2026-03-20 09:00:00+00:00,470.26,470.29,458.03,463.95,2023.91602823
2026-03-20 10:00:00+00:00,463.75,464.26,461.79,463.94,221.55597975
2026-03-20 11:00:00+00:00,463.9,469.53,463.81,467.49,1025.42957187
2026-03-20 12:00:00+00:00,467.46,469.47,466.55,467.12,136.57795563000002
2026-03-20 13:00:00+00:00,467.08,468.31,464.24,465.19,693.5761594500001
2026-03-20 14:00:00+00:00,465.09,472.14,464.22,468.75,624.6168132399998
2026-03-20 15:00:00+00:00,469.33,471.91,467.7,468.9,358.1522891000002
2026-03-20 16:00:00+00:00,469.12,470.19,466.55,468.05,178.62700362
2026-03-20 17:00:00+00:00,468.29,469.23,465.52,467.7,243.52435622000004
2026-03-20 18:00:00+00:00,467.84,468.04,464.56,466.91,486.29146888
2026-03-20 19:00:00+00:00,466.78,469.02,466.47,468.61,409.07853005
2026-03-20 20:00:00+00:00,468.72,469.14,465.24,467.79,297.05520163
2026-03-20 21:00:00+00:00,467.82,471.17,466.52,470.59,244.63036372000005
2026-03-20 22:00:00+00:00,470.41,475.23,470.41,472.65,676.49907587
2026-03-20 23:00:00+00:00,472.61,475.02,470.75,474.85,495.98879096
2026-03-21 00:00:00+00:00,474.63,477.17,472.24,472.3,541.5854867500001
2026-03-21 01:00:00+00:00,472.62,472.95,470.52,471.1,299.02280559
2026-03-21 02:00:00+00:00,471.03,471.86,470.2,471.62,317.42493745
2026-03-21 03:00:00+00:00,471.57,471.71,469.69,470.91,68.10230733000002
2026-03-21 04:00:00+00:00,470.83,471.98,470.52,470.71,178.90227554999996
2026-03-21 05:00:00+00:00,470.63,471.79,470.5,471.32,134.813735
2026-03-21 06:00:00+00:00,471.42,471.91,466.44,469.06,1187.9254917099995
2026-03-21 07:00:00+00:00,468.8,468.93,465.11,468.1,1234.37379471
2026-03-21 08:00:00+00:00,468.07,469.88,467.02,469.27,602.2537670799998
2026-03-21 09:00:00+00:00,469.4,470.24,468.05,469.48,230.9676623100001
2026-03-21 10:00:00+00:00,469.32,469.54,467.85,467.85,130.2975311
2026-03-21 11:00:00+00:00,467.98,468.37,466.38,467.84,146.68800796999994
2026-03-21 12:00:00+00:00,467.81,468.89,467.55,467.97,64.10092243
2026-03-21 13:00:00+00:00,468.24,469.07,467.48,468.72,557.5498699900002
2026-03-21 14:00:00+00:00,468.63,470.33,467.58,467.99,385.4175650100002
2026-03-21 15:00:00+00:00,467.92,469.04,465.64,465.97,314.2240070900001
2026-03-21 16:00:00+00:00,466.02,467.87,465.5,466.21,394.3320099900001
2026-03-21 17:00:00+00:00,466.56,468.46,466.45,467.64,201.54285233
2026-03-21 18:00:00+00:00,467.67,470.13,467.22,469.08,256.78108149
2026-03-21 19:00:00+00:00,469.02,469.73,467.4,467.72,282.0914077800001
2026-03-21 20:00:00+00:00,467.73,468.23,466.86,468.16,117.18800672999998
2026-03-21 21:00:00+00:00,468.06,469.09,467.73,468.65,109.23737322000002
2026-03-21 22:00:00+00:00,468.31,469.2,467.14,467.58,79.08252095000002
2026-03-21 23:00:00+00:00,467.52,467.52,459.83,461.79,1324.71591383
2026-03-22 00:00:00+00:00,462.42,462.42,457.69,458.43,604.8505934600001
2026-03-22 01:00:00+00:00,458.57,460.35,458.15,459.57,464.79033616000015
2026-03-22 02:00:00+00:00,459.6,461.44,458.29,460.32,258.04511197
2026-03-22 03:00:00+00:00,460.52,468.64,459.45,464.76,1719.18063903
2026-03-22 04:00:00+00:00,464.59,468.92,464.36,468.14,464.0205053399999
2026-03-22 05:00:00+00:00,468.23,468.46,466.11,466.64,292.50445578
2026-03-22 06:00:00+00:00,466.66,466.73,465.43,466.34,61.12371263
2026-03-22 07:00:00+00:00,466.06,467.24,464.47,464.87,105.58524789000002
2026-03-22 08:00:00+00:00,464.52,468.67,463.05,467.04,695.84322226
2026-03-22 09:00:00+00:00,466.9,467.68,465.14,465.78,135.51136031999997
2026-03-22 10:00:00+00:00,465.5,466.99,465.37,465.86,77.70692955999998
2026-03-22 11:00:00+00:00,465.85,468.56,465.15,465.24,412.3057462699998
2026-03-22 12:00:00+00:00,465.22,468.18,465.05,467.74,148.96730488
2026-03-22 13:00:00+00:00,467.56,469.41,466.85,467.65,173.66715222000002
2026-03-22 14:00:00+00:00,467.91,469.26,466.47,467.76,400.75276996
2026-03-22 15:00:00+00:00,467.94,469.98,466.79,468.75,533.08037515
2026-03-22 16:00:00+00:00,468.65,469.39,468.29,468.55,170.64552083000007
2026-03-22 17:00:00+00:00,468.54,468.54,467.16,467.46,48.025058240000014
2026-03-22 18:00:00+00:00,467.4,468.45,465.03,466.85,125.8169047
2026-03-22 19:00:00+00:00,466.86,467.19,465.13,465.58,127.69416492
2026-03-22 20:00:00+00:00,465.6,466.76,464.88,465.34,141.83949701
2026-03-22 21:00:00+00:00,465.26,468.6,460.9,466.43,501.67690128999993
2026-03-22 22:00:00+00:00,466.06,469.69,464.67,469.07,262.7135864599999
2026-03-22 23:00:00+00:00,469.21,471.35,467.11,467.4,290.21217856
2026-03-23 00:00:00+00:00,467.18,467.84,463.86,466.02,348.81081962999986
2026-03-23 01:00:00+00:00,466.19,470.72,465.66,468.66,206.28659860999988
2026-03-23 02:00:00+00:00,468.78,472.8,467.97,471.41,529.9852666000002
2026-03-23 03:00:00+00:00,471.36,472.6,468.09,468.51,313.31620441
2026-03-23 04:00:00+00:00,468.44,468.57,466.45,467.86,508.084599
2026-03-23 05:00:00+00:00,467.82,469.15,466.56,467.77,178.54797713000002
2026-03-23 06:00:00+00:00,467.73,467.73,462.72,464.38,292.25524564
2026-03-23 07:00:00+00:00,464.46,467.88,463.1,466.27,478.4457599199999
2026-03-23 08:00:00+00:00,466.34,468.86,465.78,466.2,135.89961359
2026-03-23 09:00:00+00:00,466.25,466.97,464.27,466.83,186.9319202
2026-03-23 10:00:00+00:00,466.9,469.3,466.77,468.65,279.63510704000004
2026-03-23 11:00:00+00:00,468.6,485.57,468.2,475.79,3624.1620482600015
2026-03-23 12:00:00+00:00,475.79,482.72,474.39,481.9,1125.8520382199993
2026-03-23 13:00:00+00:00,481.95,484.08,479.85,482.15,859.7489484700002
2026-03-23 14:00:00+00:00,482.3,483.44,479.22,480.97,516.79170745
2026-03-23 15:00:00+00:00,480.9,481.46,477.15,477.96,340.68628749000004
2026-03-23 16:00:00+00:00,478.16,480.15,477.81,480.11,272.6802559799999
2026-03-23 17:00:00+00:00,480.2,480.55,475.44,479.13,1693.0895867400002
2026-03-23 18:00:00+00:00,478.75,480.53,478.03,478.33,606.8957467500005
2026-03-23 19:00:00+00:00,478.45,480.2,476.0,476.8,235.69821259
2026-03-23 20:00:00+00:00,476.62,478.63,476.41,478.63,228.78007281
2026-03-23 21:00:00+00:00,478.64,480.02,476.39,476.42,256.47110049
2026-03-23 22:00:00+00:00,476.63,477.62,475.56,477.4,235.52794461
2026-03-23 23:00:00+00:00,477.22,478.29,475.83,477.96,234.17682764000003
2026-03-24 00:00:00+00:00,478.04,478.61,474.39,475.05,505.7550663799999
2026-03-24 01:00:00+00:00,474.66,476.48,472.83,473.36,439.0107222400001
2026-03-24 02:00:00+00:00,473.4,474.82,470.15,471.24,2161.9628575
2026-03-24 03:00:00+00:00,471.24,474.0,470.89,473.88,262.28569247999985
2026-03-24 04:00:00+00:00,473.86,474.0,472.15,473.63,85.79423095000001
2026-03-24 05:00:00+00:00,473.58,476.45,472.14,474.95,346.05557760000005
2026-03-24 06:00:00+00:00,475.01,476.18,473.86,475.86,97.94669275
2026-03-24 07:00:00+00:00,475.79,477.19,475.3,476.57,201.18279317
2026-03-24 08:00:00+00:00,476.3,477.96,476.09,476.84,192.65409084
2026-03-24 09:00:00+00:00,476.96,479.85,476.63,479.51,190.41245866000003
2026-03-24 10:00:00+00:00,479.28,479.28,468.77,472.32,3395.7111711599987
2026-03-24 11:00:00+00:00,472.16,474.19,471.28,473.28,226.09429833
2026-03-24 12:00:00+00:00,473.36,473.87,472.51,473.06,261.37863531000005
2026-03-24 13:00:00+00:00,472.93,473.36,470.05,471.5,612.3762640600002
2026-03-24 14:00:00+00:00,471.76,473.26,469.53,470.81,301.1550839700001
2026-03-24 15:00:00+00:00,470.88,474.75,470.62,474.06,812.6367715700001
2026-03-24 16:00:00+00:00,474.21,475.42,473.4,475.15,539.7895485300002
2026-03-24 17:00:00+00:00,475.2,475.5,471.04,472.47,362.6897725599999
2026-03-24 18:00:00+00:00,472.74,475.0,472.18,473.41,339.7367146799999
2026-03-24 19:00:00+00:00,473.19,474.03,472.41,473.67,261.3335403700001
2026-03-24 20:00:00+00:00,473.64,476.45,472.85,476.23,264.32550570000006
2026-03-24 21:00:00+00:00,476.08,478.14,475.47,477.86,290.32779074
2026-03-24 22:00:00+00:00,477.89,478.21,476.6,477.66,206.96235005
2026-03-24 23:00:00+00:00,477.47,478.26,477.0,477.36,154.66731906000004
2026-03-25 00:00:00+00:00,477.04,478.32,476.13,477.95,303.9725871300001
2026-03-25 01:00:00+00:00,477.9,478.27,477.06,477.4,109.83473908000002
2026-03-25 02:00:00+00:00,477.33,477.96,476.22,477.4,180.05053261000003
2026-03-25 03:00:00+00:00,477.19,479.05,476.5,478.88,152.59358742
2026-03-25 04:00:00+00:00,478.83,479.74,477.81,478.51,162.02370361000004
2026-03-25 05:00:00+00:00,478.38,479.9,477.51,477.73,108.37590115
2026-03-25 06:00:00+00:00,477.9,478.32,476.25,476.35,186.75785641
2026-03-25 07:00:00+00:00,476.39,478.99,474.67,478.24,399.4973385300002
2026-03-25 08:00:00+00:00,478.3,480.09,477.85,478.62,263.57957847000006
2026-03-25 09:00:00+00:00,478.7,479.0,477.5,478.74,178.79864017
2026-03-25 10:00:00+00:00,478.8,479.6,478.22,478.45,86.04621474000001
2026-03-25 11:00:00+00:00,478.4,479.47,477.04,477.62,194.57702081
2026-03-25 12:00:00+00:00,477.6,478.62,476.45,477.74,91.20720188000004
2026-03-25 13:00:00+00:00,477.77,479.3,474.63,476.2,333.5522672200001
2026-03-25 14:00:00+00:00,475.98,477.18,475.3,475.68,253.92456875
2026-03-25 15:00:00+00:00,475.63,476.76,473.34,476.51,383.96477318
2026-03-25 16:00:00+00:00,476.58,479.16,476.1,477.59,195.24545866999992
2026-03-25 17:00:00+00:00,477.58,477.64,475.6,475.87,80.41055943
2026-03-25 18:00:00+00:00,476.17,476.86,472.81,475.18,205.97944113000003
2026-03-25 19:00:00+00:00,475.08,475.89,473.46,473.82,298.4050436899999
2026-03-25 20:00:00+00:00,473.88,474.02,472.95,472.97,82.91718976000001
2026-03-25 21:00:00+00:00,472.82,473.29,471.71,472.4,226.73378763999995
2026-03-25 22:00:00+00:00,472.66,474.66,471.35,473.72,296.99451983
2026-03-25 23:00:00+00:00,473.83,474.0,472.38,473.26,234.2681233
2026-03-26 00:00:00+00:00,473.54,474.03,472.22,473.27,188.52182232000004
2026-03-26 01:00:00+00:00,473.27,473.51,472.17,472.48,90.69188915000002
2026-03-26 02:00:00+00:00,472.55,472.74,470.63,471.36,401.48473553
2026-03-26 03:00:00+00:00,471.28,471.3,469.99,470.44,160.80147686000004
2026-03-26 04:00:00+00:00,470.4,470.64,469.48,470.07,122.89509357
2026-03-26 05:00:00+00:00,470.0,470.15,466.26,467.48,351.0345970500002
2026-03-26 06:00:00+00:00,467.34,473.69,464.72,467.95,1899.6898604
2026-03-26 07:00:00+00:00,468.11,469.1,466.62,466.7,480.0037490699999
2026-03-26 08:00:00+00:00,466.68,467.36,465.77,467.26,98.50469089
2026-03-26 09:00:00+00:00,467.36,468.05,463.89,464.77,315.1767137600001
2026-03-26 10:00:00+00:00,464.88,464.89,462.21,462.49,249.61576839
2026-03-26 11:00:00+00:00,462.31,463.17,460.93,461.58,317.6135106999999
2026-03-26 12:00:00+00:00,461.74,462.88,461.58,462.11,117.64103244999993
2026-03-26 13:00:00+00:00,462.09,465.18,461.46,464.04,309.99827287
2026-03-26 14:00:00+00:00,464.1,464.73,462.5,464.35,437.02996958
2026-03-26 15:00:00+00:00,464.35,464.36,460.91,461.54,227.55353029
2026-03-26 16:00:00+00:00,461.4,463.08,460.41,461.81,284.82087344
2026-03-26 17:00:00+00:00,461.75,463.76,461.5,462.0,121.71203755
2026-03-26 18:00:00+00:00,462.12,462.88,459.72,460.75,377.14062533
2026-03-26 19:00:00+00:00,460.66,460.76,458.41,459.75,179.60106079
2026-03-26 20:00:00+00:00,459.84,466.35,459.6,462.38,383.4194806799998
2026-03-26 21:00:00+00:00,462.26,462.29,460.25,461.68,259.4515287700001
2026-03-26 22:00:00+00:00,461.72,462.01,459.45,460.9,353.7120005899999
2026-03-26 23:00:00+00:00,460.91,462.27,460.91,461.76,203.19347189
2026-03-27 00:00:00+00:00,461.7,463.61,461.52,463.27,83.24469280999999
2026-03-27 01:00:00+00:00,463.12,464.64,463.12,464.4,86.47949324
2026-03-27 02:00:00+00:00,464.38,465.79,464.38,464.87,94.95073649999998
2026-03-27 03:00:00+00:00,464.97,465.4,463.19,463.69,157.55191554999996
2026-03-27 04:00:00+00:00,463.54,464.95,461.72,463.86,255.01379645
2026-03-27 05:00:00+00:00,463.86,472.2,463.5,471.77,1622.1429308400004
2026-03-27 06:00:00+00:00,471.8,473.16,465.49,467.71,787.9167356600002
2026-03-27 07:00:00+00:00,467.62,469.61,458.0,458.68,386.3771735799999
2026-03-27 08:00:00+00:00,458.38,465.4,458.38,465.17,253.52733130000007
2026-03-27 09:00:00+00:00,465.05,468.08,463.29,466.52,501.82206206
2026-03-27 10:00:00+00:00,466.15,467.17,460.32,460.95,632.5334434899999
2026-03-27 11:00:00+00:00,460.66,462.65,459.46,461.52,219.73083202
2026-03-27 12:00:00+00:00,461.74,464.88,460.92,462.91,385.7784361199998
2026-03-27 13:00:00+00:00,463.19,464.48,460.29,460.98,539.16956783
2026-03-27 14:00:00+00:00,461.05,464.22,460.04,463.93,857.1227216899999
2026-03-27 15:00:00+00:00,463.98,469.52,463.79,466.56,1363.8698621
2026-03-27 16:00:00+00:00,466.46,469.56,465.29,468.62,536.5703470999998
2026-03-27 17:00:00+00:00,468.75,471.5,463.53,464.81,1055.5844319999997
2026-03-27 18:00:00+00:00,464.8,467.81,464.13,467.21,377.50012249
2026-03-27 19:00:00+00:00,466.83,467.38,464.0,465.71,848.49740978
2026-03-27 20:00:00+00:00,465.64,469.4,464.75,468.72,417.1063285000001
2026-03-27 21:00:00+00:00,468.75,471.53,468.67,469.76,573.6623646899999
2026-03-27 22:00:00+00:00,469.98,472.06,469.84,471.16,286.73956480000004
2026-03-27 23:00:00+00:00,471.33,472.75,470.25,472.63,205.0662826
2026-03-28 00:00:00+00:00,472.69,474.99,471.9,474.52,674.8958366499999
2026-03-28 01:00:00+00:00,474.56,475.44,471.39,474.34,562.74052807
2026-03-28 02:00:00+00:00,474.2,477.03,471.72,473.28,934.91955163
2026-03-28 03:00:00+00:00,473.34,475.37,473.01,474.81,273.65627784000003
2026-03-28 04:00:00+00:00,474.84,475.13,470.51,473.2,580.4754087499998
2026-03-28 05:00:00+00:00,473.22,474.27,471.84,473.92,158.88503978999998
2026-03-28 06:00:00+00:00,473.86,476.86,473.55,476.21,166.93529403000002
2026-03-28 07:00:00+00:00,476.24,479.52,475.95,479.29,348.10109707
2026-03-28 08:00:00+00:00,479.32,479.57,475.44,476.93,451.1557209299999
2026-03-28 09:00:00+00:00,476.76,478.29,475.79,478.1,119.95235825
2026-03-28 10:00:00+00:00,478.26,479.4,474.01,475.86,273.14326014999995
2026-03-28 11:00:00+00:00,476.0,477.9,475.65,477.61,91.57158547999998
2026-03-28 12:00:00+00:00,477.68,478.44,475.95,478.37,462.94945855
2026-03-28 13:00:00+00:00,478.33,482.95,478.3,481.02,845.3000245299999
2026-03-28 14:00:00+00:00,481.0,482.22,478.7,480.03,253.9297532100001
2026-03-28 15:00:00+00:00,480.23,483.51,480.23,482.47,597.8943764199998
2026-03-28 16:00:00+00:00,482.36,483.71,481.4,481.8,610.7562378499998
2026-03-28 17:00:00+00:00,481.87,483.67,481.08,481.92,974.2461370500002
2026-03-28 18:00:00+00:00,481.89,483.67,481.44,483.42,207.65890162
2026-03-28 19:00:00+00:00,483.55,483.77,480.87,482.27,394.9147980899999
2026-03-28 20:00:00+00:00,482.27,483.18,481.51,481.68,259.86751431000005
2026-03-28 21:00:00+00:00,481.76,482.91,480.76,482.5,95.14341836999998
2026-03-28 22:00:00+00:00,482.5,482.84,480.86,482.72,76.71831902999998
2026-03-28 23:00:00+00:00,482.81,483.06,477.54,480.72,518.5143392399999
2026-03-29 00:00:00+00:00,480.65,481.82,480.28,481.54,370.9555937
2026-03-29 01:00:00+00:00,481.53,483.71,481.48,483.6,117.77370519
2026-03-29 02:00:00+00:00,483.53,484.12,482.89,483.7,238.99732292
2026-03-29 03:00:00+00:00,483.66,484.19,482.32,483.56,382.9400949099999
2026-03-29 04:00:00+00:00,483.53,484.02,482.61,482.61,261.4993777200001
2026-03-29 05:00:00+00:00,482.58,483.83,481.11,483.15,284.9064453000001
2026-03-29 06:00:00+00:00,483.23,483.85,482.43,483.6,321.29736838999986
2026-03-29 07:00:00+00:00,483.56,483.56,481.67,482.52,209.66870503999988
2026-03-29 08:00:00+00:00,482.4,483.79,481.74,482.97,140.77559076000003
2026-03-29 09:00:00+00:00,482.97,483.68,481.39,481.9,111.08496241000005
2026-03-29 10:00:00+00:00,481.67,482.5,480.69,481.04,233.94713470000008
2026-03-29 11:00:00+00:00,480.97,482.78,480.76,482.24,138.58851989
2026-03-29 12:00:00+00:00,482.23,482.53,481.25,481.61,105.73399383
2026-03-29 13:00:00+00:00,481.54,481.74,477.15,477.62,606.83150367
2026-03-29 14:00:00+00:00,477.85,477.92,457.0,459.27,4685.81286357
2026-03-29 15:00:00+00:00,459.02,462.09,457.17,458.8,1332.63315128
2026-03-29 16:00:00+00:00,458.59,458.59,450.76,451.12,1658.9847452300005
2026-03-29 17:00:00+00:00,451.14,454.65,449.07,452.83,604.7519352500002
2026-03-29 18:00:00+00:00,453.04,453.64,450.02,452.3,638.9426022600001
2026-03-29 19:00:00+00:00,452.13,454.94,451.15,454.19,255.66805914
2026-03-29 20:00:00+00:00,454.23,455.07,453.21,453.65,372.90028214
2026-03-29 21:00:00+00:00,453.53,454.71,451.82,454.4,214.75111794000003
2026-03-29 22:00:00+00:00,454.23,454.23,446.6,451.22,932.57769122
2026-03-29 23:00:00+00:00,451.42,453.04,447.76,452.34,669.79628823
2026-03-30 00:00:00+00:00,452.4,455.5,450.24,454.91,690.4032711299999
2026-03-30 01:00:00+00:00,455.0,455.89,453.36,455.65,388.1156047800002
2026-03-30 02:00:00+00:00,456.78,459.38,454.24,458.29,562.1981811200001
2026-03-30 03:00:00+00:00,458.36,458.59,455.14,456.26,289.57457717000005
2026-03-30 04:00:00+00:00,456.29,456.45,453.81,455.89,405.47260798
2026-03-30 05:00:00+00:00,455.75,456.69,453.96,454.14,299.44464554999985
2026-03-30 06:00:00+00:00,454.17,454.86,453.68,454.28,159.43954377
2026-03-30 07:00:00+00:00,454.05,454.41,451.53,452.96,137.07099508999997
2026-03-30 08:00:00+00:00,452.73,454.83,452.09,453.6,282.85014064000006
2026-03-30 09:00:00+00:00,453.52,454.64,452.26,454.14,535.3324197399999
2026-03-30 10:00:00+00:00,454.12,455.08,453.04,454.04,231.37236809999985
2026-03-30 11:00:00+00:00,454.19,457.86,453.68,456.17,455.5916296699999
2026-03-30 12:00:00+00:00,456.29,459.22,455.52,458.89,804.5896146300005
2026-03-30 13:00:00+00:00,458.88,459.36,456.11,456.58,903.25092751
2026-03-30 14:00:00+00:00,456.78,460.15,455.56,459.69,804.3509724000005
2026-03-30 15:00:00+00:00,460.03,465.84,459.27,464.94,610.97310223
2026-03-30 16:00:00+00:00,464.66,466.92,462.75,466.62,400.86839562
2026-03-30 17:00:00+00:00,466.91,466.92,461.67,463.55,1118.0210970299995
2026-03-30 18:00:00+00:00,463.57,463.99,459.13,460.29,237.17833737
2026-03-30 19:00:00+00:00,460.14,461.45,456.61,458.91,1130.4959457000002
2026-03-30 20:00:00+00:00,459.06,459.97,457.03,458.64,250.08935419
2026-03-30 21:00:00+00:00,458.68,462.39,458.41,461.17,387.1145262399999
2026-03-30 22:00:00+00:00,461.17,462.12,459.72,460.4,311.9133172500001
2026-03-30 23:00:00+00:00,460.39,460.39,457.91,459.95,359.59695239
2026-03-31 00:00:00+00:00,459.76,464.66,459.6,463.79,782.5214856899998
2026-03-31 01:00:00+00:00,463.83,467.85,462.68,466.03,704.7120325400001
2026-03-31 02:00:00+00:00,466.05,466.27,463.1,465.24,334.88958638000014
2026-03-31 03:00:00+00:00,465.21,466.34,464.04,466.25,345.80674419
2026-03-31 04:00:00+00:00,466.41,467.28,464.89,465.81,285.93653673000006
2026-03-31 05:00:00+00:00,466.03,469.9,464.55,469.18,427.59352661
2026-03-31 06:00:00+00:00,469.0,469.39,467.14,468.86,317.80319928999984
2026-03-31 07:00:00+00:00,468.95,469.85,466.87,469.62,452.12850311
2026-03-31 08:00:00+00:00,469.56,471.58,467.09,467.93,372.91692814
2026-03-31 09:00:00+00:00,467.92,467.93,464.0,465.14,451.81285789
2026-03-31 10:00:00+00:00,465.07,467.87,464.88,467.33,127.64165665000004
2026-03-31 11:00:00+00:00,467.3,468.99,465.96,466.81,164.19578668000003
2026-03-31 12:00:00+00:00,466.65,468.72,464.56,467.54,252.75889849
2026-03-31 13:00:00+00:00,467.36,471.27,466.18,470.48,937.1295844600002
2026-03-31 14:00:00+00:00,470.55,474.93,469.69,470.61,1049.6596137800002
2026-03-31 15:00:00+00:00,470.61,474.64,469.06,469.28,1152.98245245
2026-03-31 16:00:00+00:00,469.17,474.32,468.81,473.04,525.8420425999999
2026-03-31 17:00:00+00:00,473.12,477.34,472.73,474.24,965.8205233399996
2026-03-31 18:00:00+00:00,474.0,476.16,471.22,472.56,583.6961879499997
2026-03-31 19:00:00+00:00,472.57,472.8,469.75,470.22,474.28482867
2026-03-31 20:00:00+00:00,470.29,471.92,469.12,469.71,1537.2599609800004
2026-03-31 21:00:00+00:00,469.6,469.71,463.41,463.74,1683.264795429999
2026-03-31 22:00:00+00:00,463.68,467.93,463.15,466.31,544.12042429
2026-03-31 23:00:00+00:00,466.36,467.66,465.76,466.37,158.44215425000002
2026-04-01 00:00:00+00:00,466.24,466.24,462.89,465.21,1365.03088569
2026-04-01 01:00:00+00:00,465.24,465.25,461.02,461.75,665.14308603
2026-04-01 02:00:00+00:00,461.86,462.29,459.95,460.26,313.73556984000004
2026-04-01 03:00:00+00:00,460.44,463.72,460.24,462.35,339.93042190000006
2026-04-01 04:00:00+00:00,462.65,463.7,461.11,461.82,369.9473682000001
2026-04-01 05:00:00+00:00,461.9,463.4,461.5,462.0,297.8877115000001
2026-04-01 06:00:00+00:00,462.1,465.85,462.1,463.79,347.40338697999994
2026-04-01 07:00:00+00:00,463.95,465.03,459.93,460.38,691.9110361800001
2026-04-01 08:00:00+00:00,460.5,461.93,460.21,460.54,454.58665829999984
2026-04-01 09:00:00+00:00,460.56,460.74,458.77,459.18,543.85974658
2026-04-01 10:00:00+00:00,459.0,461.54,457.93,461.54,193.95484885
2026-04-01 11:00:00+00:00,461.58,463.66,461.58,462.35,282.19093461
2026-04-01 12:00:00+00:00,462.31,463.02,459.27,459.31,530.11945613
2026-04-01 13:00:00+00:00,459.31,461.3,457.6,459.22,681.5973379499999
2026-04-01 14:00:00+00:00,459.21,461.51,458.86,459.69,840.1120648199998
2026-04-01 15:00:00+00:00,459.62,460.62,457.46,458.86,387.6119673200001
2026-04-01 16:00:00+00:00,458.85,460.42,458.31,458.71,180.6135667
2026-04-01 17:00:00+00:00,458.57,460.46,458.12,458.62,393.82695856
2026-04-01 18:00:00+00:00,458.71,458.71,456.13,457.29,781.73388399
2026-04-01 19:00:00+00:00,457.1,457.15,455.5,455.54,122.92786922999996
2026-04-01 20:00:00+00:00,455.46,456.05,454.78,455.02,199.46958926
2026-04-01 21:00:00+00:00,454.99,455.64,453.95,454.72,320.5253003500002
2026-04-01 22:00:00+00:00,454.67,455.74,453.73,454.37,416.3725998499999
2026-04-01 23:00:00+00:00,454.26,454.72,453.75,454.71,284.87328412999983
2026-04-02 00:00:00+00:00,455.12,455.85,454.02,454.81,200.47642727
2026-04-02 01:00:00+00:00,454.89,455.13,449.46,450.21,1068.18475933
2026-04-02 02:00:00+00:00,450.0,451.26,446.74,448.19,464.54846459
2026-04-02 03:00:00+00:00,448.1,448.1,444.52,444.95,1008.7481446300004
2026-04-02 04:00:00+00:00,444.96,445.97,442.01,442.38,608.5960024800002
2026-04-02 05:00:00+00:00,442.42,445.07,439.73,442.38,624.2509543299998
2026-04-02 06:00:00+00:00,442.05,443.85,440.26,440.43,361.25241051999984
2026-04-02 07:00:00+00:00,440.46,442.15,440.45,441.53,207.63724871
2026-04-02 08:00:00+00:00,441.52,444.87,441.07,443.21,226.38210012000005
2026-04-02 09:00:00+00:00,443.16,445.88,443.16,445.26,295.0725944299999
2026-04-02 10:00:00+00:00,445.2,445.92,443.7,444.4,163.79872898
2026-04-02 11:00:00+00:00,444.13,445.39,442.22,444.06,203.79942403000004
2026-04-02 12:00:00+00:00,444.0,444.37,441.0,441.75,407.9515492199999
2026-04-02 13:00:00+00:00,441.75,444.18,439.75,444.17,509.15066819
2026-04-02 14:00:00+00:00,444.13,448.68,443.95,446.15,317.45960599000006
2026-04-02 15:00:00+00:00,446.04,446.12,442.17,442.64,217.91255846
2026-04-02 16:00:00+00:00,442.59,445.28,442.31,444.35,211.13389369
2026-04-02 17:00:00+00:00,444.3,445.34,439.92,440.76,532.50447388
2026-04-02 18:00:00+00:00,440.76,442.34,440.74,441.82,186.71943806
2026-04-02 19:00:00+00:00,441.65,442.66,439.6,442.36,590.92139277
2026-04-02 20:00:00+00:00,442.47,443.09,441.37,442.67,321.59934792
2026-04-02 21:00:00+00:00,442.56,443.84,442.24,443.84,133.43433165999997
2026-04-02 22:00:00+00:00,443.88,444.92,443.49,444.44,160.85963896
2026-04-02 23:00:00+00:00,444.35,445.55,443.7,444.27,207.46318536000004
2026-04-03 00:00:00+00:00,444.27,445.51,443.96,444.1,98.07718568
2026-04-03 01:00:00+00:00,444.05,444.91,443.43,444.42,57.37645622
2026-04-03 02:00:00+00:00,444.42,445.06,442.64,444.34,89.61160517
2026-04-03 03:00:00+00:00,444.28,445.01,444.04,444.78,83.76041613000001
2026-04-03 04:00:00+00:00,444.84,445.48,444.02,445.01,172.07126018999998
2026-04-03 05:00:00+00:00,445.02,446.61,444.2,444.24,282.45678811
2026-04-03 06:00:00+00:00,444.32,445.08,443.68,444.3,94.71167713000004
2026-04-03 07:00:00+00:00,444.34,445.4,444.19,444.82,58.35837299000001
2026-04-03 08:00:00+00:00,444.83,445.59,442.96,443.83,92.01425046
2026-04-03 09:00:00+00:00,443.61,443.64,441.61,442.07,114.90941633999996
2026-04-03 10:00:00+00:00,441.9,443.55,441.02,443.31,73.48097251999998
2026-04-03 11:00:00+00:00,443.45,444.16,442.55,443.65,218.61106772
2026-04-03 12:00:00+00:00,443.64,446.37,442.15,442.31,1217.6236551900008
2026-04-03 13:00:00+00:00,442.27,443.27,441.19,442.38,289.57124539999995
2026-04-03 14:00:00+00:00,442.32,442.95,441.36,442.26,118.41929934
2026-04-03 15:00:00+00:00,442.2,442.32,440.08,440.81,274.56175217000003
2026-04-03 16:00:00+00:00,440.56,442.9,439.54,441.99,683.3244439099998
2026-04-03 17:00:00+00:00,441.92,442.3,440.53,442.08,138.86735818000002
2026-04-03 18:00:00+00:00,442.11,442.99,441.86,441.91,101.9743307
2026-04-03 19:00:00+00:00,441.91,442.02,440.62,441.75,99.9548584
2026-04-03 20:00:00+00:00,441.77,443.95,441.49,443.52,136.60493730999997
2026-04-03 21:00:00+00:00,443.52,444.73,443.23,443.63,74.69132807
2026-04-03 22:00:00+00:00,443.63,443.98,442.29,443.51,110.82941944999996
2026-04-03 23:00:00+00:00,443.5,443.51,442.35,442.91,165.15363272000008
2026-04-04 00:00:00+00:00,443.0,443.94,442.23,442.47,148.94062422
2026-04-04 01:00:00+00:00,442.43,442.93,441.89,442.5,84.67991854999997
2026-04-04 02:00:00+00:00,442.51,443.16,441.96,443.15,125.10583058999995
2026-04-04 03:00:00+00:00,443.02,444.02,442.88,443.33,72.94726330999997
2026-04-04 04:00:00+00:00,443.52,444.01,443.32,443.46,66.48371997000001
2026-04-04 05:00:00+00:00,443.22,444.1,442.97,443.79,39.951973210000006
2026-04-04 06:00:00+00:00,443.79,444.23,443.26,443.81,55.30005457
2026-04-04 07:00:00+00:00,443.8,443.8,442.33,442.83,30.981086229999995
2026-04-04 08:00:00+00:00,442.75,443.82,442.42,443.06,37.60647927
2026-04-04 09:00:00+00:00,443.03,443.19,441.99,442.4,45.47335208000001
2026-04-04 10:00:00+00:00,442.4,442.82,441.8,442.65,66.34813588000003
2026-04-04 11:00:00+00:00,442.7,442.8,441.91,442.6,59.16082223
2026-04-04 12:00:00+00:00,442.51,442.9,442.25,442.37,52.471834910000005
2026-04-04 13:00:00+00:00,442.5,445.06,442.35,443.51,319.06438666
2026-04-04 14:00:00+00:00,443.47,444.21,442.51,442.8,64.24666753
2026-04-04 15:00:00+00:00,442.85,443.58,442.31,442.64,109.95546243
2026-04-04 16:00:00+00:00,442.73,443.03,442.04,442.13,50.89027499000001
2026-04-04 17:00:00+00:00,442.12,443.04,441.84,441.95,140.09285637
2026-04-04 18:00:00+00:00,441.84,441.91,440.87,441.33,131.98908246
2026-04-04 19:00:00+00:00,441.58,442.62,440.87,441.14,110.89954311000004
2026-04-04 20:00:00+00:00,441.07,442.36,440.89,442.04,107.53034282
2026-04-04 21:00:00+00:00,441.84,442.86,441.39,441.92,195.9672306999999
2026-04-04 22:00:00+00:00,442.09,442.48,441.54,441.72,180.07306246000002
2026-04-04 23:00:00+00:00,441.8,441.81,440.86,441.08,122.32916878
2026-04-05 00:00:00+00:00,441.08,442.17,439.89,441.26,363.43272991999993
2026-04-05 01:00:00+00:00,441.36,441.4,440.19,440.21,143.58498669
2026-04-05 02:00:00+00:00,440.19,441.27,439.86,440.75,87.01706225
2026-04-05 03:00:00+00:00,440.71,440.87,439.95,440.35,48.45129904999999
2026-04-05 04:00:00+00:00,440.16,440.59,434.37,435.78,1025.96832651
2026-04-05 05:00:00+00:00,435.66,437.92,433.99,436.37,665.5139862300003
2026-04-05 06:00:00+00:00,436.62,436.84,434.42,436.03,311.61974906000006
2026-04-05 07:00:00+00:00,435.85,436.38,434.65,435.41,192.18208076
2026-04-05 08:00:00+00:00,435.46,435.84,434.97,435.11,59.01608528
2026-04-05 09:00:00+00:00,435.02,435.99,434.68,435.89,70.59026637
2026-04-05 10:00:00+00:00,435.79,436.26,435.0,435.0,100.02359309
2026-04-05 11:00:00+00:00,434.98,435.16,432.51,432.85,327.50767998
2026-04-05 12:00:00+00:00,432.85,433.1,426.33,427.56,563.8238854000003
2026-04-05 13:00:00+00:00,427.43,427.74,425.79,426.78,350.90434577
2026-04-05 14:00:00+00:00,426.6,426.94,424.33,424.45,513.9667073700001
2026-04-05 15:00:00+00:00,424.38,424.63,420.07,421.32,1043.85199482
2026-04-05 16:00:00+00:00,421.36,426.3,420.86,425.99,445.5210879599999
2026-04-05 17:00:00+00:00,426.01,428.16,425.11,426.05,165.26566587999997
2026-04-05 18:00:00+00:00,426.05,428.13,425.21,427.33,256.74066049
2026-04-05 19:00:00+00:00,427.35,427.41,424.24,425.47,343.56768595000005
2026-04-05 20:00:00+00:00,425.49,426.19,424.03,425.46,271.65382849
2026-04-05 21:00:00+00:00,425.46,425.91,422.08,422.28,382.1806076000001
2026-04-05 22:00:00+00:00,422.22,425.7,421.62,425.56,457.73203502
2026-04-05 23:00:00+00:00,425.45,429.04,424.45,428.4,1035.52484963
2026-04-06 00:00:00+00:00,428.45,432.71,428.45,431.45,944.19643903
2026-04-06 01:00:00+00:00,431.46,432.85,430.51,431.59,831.9022784699999
2026-04-06 02:00:00+00:00,432.26,435.31,431.63,433.8,729.2178994299999
2026-04-06 03:00:00+00:00,433.92,434.73,431.96,432.81,303.09382909999994
2026-04-06 04:00:00+00:00,432.9,434.58,432.19,434.22,111.96417460000004
2026-04-06 05:00:00+00:00,434.4,436.48,433.46,435.8,496.3158174
2026-04-06 06:00:00+00:00,435.8,436.34,432.96,434.52,316.2636926300002
2026-04-06 07:00:00+00:00,434.57,437.09,433.82,436.17,176.38253761
2026-04-06 08:00:00+00:00,435.93,438.06,435.89,436.16,728.0215136799998
2026-04-06 09:00:00+00:00,436.15,440.17,435.84,437.64,488.93216514
2026-04-06 10:00:00+00:00,437.67,440.58,437.62,439.68,508.7045525600001
2026-04-06 11:00:00+00:00,439.68,439.68,437.4,439.03,421.19843536
2026-04-06 12:00:00+00:00,439.2,439.92,437.62,437.95,157.48891191999996
2026-04-06 13:00:00+00:00,437.94,439.38,436.98,437.33,251.00002391
2026-04-06 14:00:00+00:00,437.51,439.86,436.8,438.55,346.11113662
2026-04-06 15:00:00+00:00,438.55,438.92,437.23,438.6,95.97929399
2026-04-06 16:00:00+00:00,438.49,438.79,436.87,437.22,163.58614758000002
2026-04-06 17:00:00+00:00,437.05,438.28,435.64,437.56,224.39638832
2026-04-06 18:00:00+00:00,437.43,438.57,437.05,437.34,149.68834121
2026-04-06 19:00:00+00:00,437.18,437.29,435.88,436.46,86.97662362999998
2026-04-06 20:00:00+00:00,436.58,438.83,436.13,438.2,178.63016606000002
2026-04-06 21:00:00+00:00,438.15,438.91,437.64,438.12,140.92912873999998
2026-04-06 22:00:00+00:00,438.0,438.3,434.49,434.49,386.68447007
2026-04-06 23:00:00+00:00,434.49,436.21,432.6,435.18,393.02381131
2026-04-07 00:00:00+00:00,435.16,437.98,433.47,433.64,212.17232522
2026-04-07 01:00:00+00:00,433.5,434.03,430.71,431.33,264.30114284
2026-04-07 02:00:00+00:00,431.32,433.45,430.71,432.87,254.4811973
2026-04-07 03:00:00+00:00,432.77,433.83,432.33,432.46,319.33642614
2026-04-07 04:00:00+00:00,432.46,433.56,431.85,433.23,71.88184443000002
2026-04-07 05:00:00+00:00,433.21,433.24,432.12,432.75,95.27026105000002
2026-04-07 06:00:00+00:00,432.82,433.26,430.0,430.81,257.0526884199999
2026-04-07 07:00:00+00:00,430.91,431.88,430.28,431.04,120.55694357
2026-04-07 08:00:00+00:00,431.03,433.33,430.92,433.19,74.99343864999999
2026-04-07 09:00:00+00:00,433.09,434.21,432.88,433.48,98.20558046999996
2026-04-07 10:00:00+00:00,433.43,434.56,431.45,431.65,300.06855551
2026-04-07 11:00:00+00:00,431.7,433.12,430.65,432.3,119.70786197
2026-04-07 12:00:00+00:00,432.35,433.61,431.03,432.73,604.2858435800001
2026-04-07 13:00:00+00:00,432.82,434.35,432.39,432.66,92.81731435000002
2026-04-07 14:00:00+00:00,432.66,433.41,430.0,431.9,207.03671190000009
2026-04-07 15:00:00+00:00,431.7,435.15,431.36,433.07,396.75017896
2026-04-07 16:00:00+00:00,433.14,435.03,432.85,433.79,101.69571281
2026-04-07 17:00:00+00:00,433.69,436.15,433.07,434.83,188.82125233
2026-04-07 18:00:00+00:00,434.84,435.12,432.3,433.04,144.39860755
2026-04-07 19:00:00+00:00,432.9,435.7,432.57,435.7,97.93644013
2026-04-07 20:00:00+00:00,435.42,437.46,435.42,436.92,215.33588643
2026-04-07 21:00:00+00:00,437.16,441.95,436.96,440.44,794.6741896999999
2026-04-07 22:00:00+00:00,440.44,445.46,440.32,445.14,1428.9170365799998
2026-04-07 23:00:00+00:00,445.13,448.21,443.94,446.33,1034.80745977
2026-04-08 00:00:00+00:00,445.9,447.33,441.73,442.27,996.04965511
2026-04-08 01:00:00+00:00,442.49,443.8,441.96,443.01,161.66088729
2026-04-08 02:00:00+00:00,443.16,444.62,443.04,443.82,284.99079759000017
2026-04-08 03:00:00+00:00,443.88,444.15,442.33,443.04,137.54063395
2026-04-08 04:00:00+00:00,443.16,446.0,443.09,443.54,786.8064842500002
2026-04-08 05:00:00+00:00,443.56,444.57,442.8,443.41,164.64656628999995
2026-04-08 06:00:00+00:00,443.47,443.75,442.79,443.29,251.14163488999992
2026-04-08 07:00:00+00:00,443.28,445.86,442.8,444.13,188.7932106299999
2026-04-08 08:00:00+00:00,444.24,445.94,444.09,445.77,115.07465389
2026-04-08 09:00:00+00:00,445.83,447.57,445.5,447.27,79.01793808
2026-04-08 10:00:00+00:00,447.15,447.3,445.55,446.15,126.95701178000004
2026-04-08 11:00:00+00:00,446.1,446.55,444.15,445.78,185.29541579000005
2026-04-08 12:00:00+00:00,445.77,449.03,445.77,448.63,261.4087307699999
2026-04-08 13:00:00+00:00,448.63,449.92,446.95,448.07,230.19308565999992
2026-04-08 14:00:00+00:00,447.87,448.33,441.99,443.16,673.7969698199997
2026-04-08 15:00:00+00:00,443.17,445.5,442.99,444.72,429.73019072000005
2026-04-08 16:00:00+00:00,444.9,445.79,443.74,444.12,147.59427065
2026-04-08 17:00:00+00:00,444.02,446.1,443.37,445.89,151.54892309
2026-04-08 18:00:00+00:00,445.87,446.02,443.5,443.55,187.37123797000004
2026-04-08 19:00:00+00:00,443.52,443.96,442.24,442.54,100.90265
2026-04-08 20:00:00+00:00,442.43,443.68,442.36,442.67,193.12975662
2026-04-08 21:00:00+00:00,442.55,444.79,442.14,443.22,128.76654589000003
2026-04-08 22:00:00+00:00,443.5,443.65,441.15,441.16,161.70593720999992
2026-04-08 23:00:00+00:00,441.15,441.88,440.03,441.63,82.1359053
2026-04-09 00:00:00+00:00,441.49,441.91,440.01,441.87,201.87357244
2026-04-09 01:00:00+00:00,441.67,441.91,440.0,441.05,111.81411367
2026-04-09 02:00:00+00:00,441.12,442.22,440.84,442.11,61.15280750999999
2026-04-09 03:00:00+00:00,442.1,442.3,440.28,441.04,47.85571889
2026-04-09 04:00:00+00:00,441.06,441.22,438.68,439.53,338.09082682
2026-04-09 05:00:00+00:00,439.44,442.07,439.24,441.46,333.70070114
2026-04-09 06:00:00+00:00,441.43,442.46,440.5,442.3,53.794335620000005
2026-04-09 07:00:00+00:00,442.33,445.77,442.33,443.74,271.54001145
2026-04-09 08:00:00+00:00,443.73,444.48,442.16,442.96,169.58359348000002
2026-04-09 09:00:00+00:00,442.89,444.05,442.34,443.78,101.04667855999998
2026-04-09 10:00:00+00:00,443.75,443.75,442.35,442.53,90.51909512
2026-04-09 11:00:00+00:00,442.5,442.77,440.37,441.24,271.3147093
2026-04-09 12:00:00+00:00,441.18,441.63,440.26,440.88,46.01351298
2026-04-09 13:00:00+00:00,440.95,441.0,433.81,435.29,461.8202330099999
2026-04-09 14:00:00+00:00,435.24,436.87,433.37,436.1,1011.13640341
2026-04-09 15:00:00+00:00,436.16,442.14,435.48,441.12,611.48931556
2026-04-09 16:00:00+00:00,441.28,443.11,440.38,442.21,304.47302115
2026-04-09 17:00:00+00:00,442.37,445.06,442.29,444.66,278.37210265
2026-04-09 18:00:00+00:00,444.55,445.28,442.74,444.68,115.76984277
2026-04-09 19:00:00+00:00,444.5,446.52,444.2,444.93,233.0458419
2026-04-09 20:00:00+00:00,444.95,445.5,444.41,444.69,117.36875564999998
2026-04-09 21:00:00+00:00,444.7,445.53,442.96,443.62,336.50324431
2026-04-09 22:00:00+00:00,443.87,446.79,443.34,443.43,283.99460252999995
2026-04-09 23:00:00+00:00,443.4,444.78,442.71,443.1,186.90468582999995
2026-04-10 00:00:00+00:00,443.16,443.92,442.18,443.62,97.239767
2026-04-10 01:00:00+00:00,443.7,446.22,442.69,444.74,108.59092662999996
2026-04-10 02:00:00+00:00,444.86,445.47,444.14,444.56,215.61297385
2026-04-10 03:00:00+00:00,444.3,444.48,442.45,443.31,231.6965266800001
2026-04-10 04:00:00+00:00,443.29,443.88,441.97,443.24,101.10232066000005
2026-04-10 05:00:00+00:00,443.25,443.54,440.59,440.7,208.53946858
2026-04-10 06:00:00+00:00,440.65,441.1,439.52,439.7,89.13906193
2026-04-10 07:00:00+00:00,439.73,439.9,437.12,437.15,156.10517358
2026-04-10 08:00:00+00:00,437.24,437.34,434.21,437.05,376.1002669500001
2026-04-10 09:00:00+00:00,437.01,439.17,436.46,438.63,1176.5780214600004
2026-04-10 10:00:00+00:00,438.73,440.24,438.72,439.9,113.50228051
2026-04-10 11:00:00+00:00,439.92,442.88,439.82,442.4,63.66421824
2026-04-10 12:00:00+00:00,442.5,443.46,440.94,442.52,159.91836812999995
2026-04-10 13:00:00+00:00,442.43,443.2,441.62,442.89,85.5271453
2026-04-10 14:00:00+00:00,442.91,445.36,442.41,444.7,348.11889046
2026-04-10 15:00:00+00:00,444.59,445.41,442.22,442.95,214.75545443000004
2026-04-10 16:00:00+00:00,442.98,445.27,442.96,445.14,133.50874866
2026-04-10 17:00:00+00:00,445.13,445.45,443.71,444.53,109.29224367000002
2026-04-10 18:00:00+00:00,444.53,445.97,443.88,445.72,276.56882284
2026-04-10 19:00:00+00:00,445.58,446.94,445.28,445.92,202.11965406000004
2026-04-10 20:00:00+00:00,445.98,446.51,444.58,446.21,323.7845338599999
2026-04-10 21:00:00+00:00,446.02,446.5,444.78,445.47,95.26432334
2026-04-10 22:00:00+00:00,445.37,445.8,444.06,445.09,107.93808463999996
2026-04-10 23:00:00+00:00,445.14,445.14,443.6,444.11,64.26532161
2026-04-11 00:00:00+00:00,443.88,444.99,442.87,444.83,98.32189515
2026-04-11 01:00:00+00:00,444.98,444.98,443.22,444.43,72.64132311999998
2026-04-11 02:00:00+00:00,444.46,445.47,443.61,445.16,115.18730841
2026-04-11 03:00:00+00:00,445.22,445.45,443.37,443.49,45.41160301
2026-04-11 04:00:00+00:00,443.45,443.59,442.1,442.32,71.67501891
2026-04-11 05:00:00+00:00,442.32,442.32,440.65,440.82,93.25212961000008
2026-04-11 06:00:00+00:00,440.74,440.89,439.32,439.92,80.97421364000002
2026-04-11 07:00:00+00:00,439.86,440.72,439.72,440.45,65.02730849999998
2026-04-11 08:00:00+00:00,440.57,441.77,440.15,441.6,323.65395957999993
2026-04-11 09:00:00+00:00,441.52,442.44,441.01,441.21,227.51525135999992
2026-04-11 10:00:00+00:00,441.18,441.35,440.24,440.52,90.27657320000004
2026-04-11 11:00:00+00:00,440.57,440.86,439.35,440.17,105.35201532000002
2026-04-11 12:00:00+00:00,440.25,441.05,439.94,440.14,55.74808045000001
2026-04-11 13:00:00+00:00,440.16,440.16,438.42,439.7,162.48108197999997
2026-04-11 14:00:00+00:00,439.54,440.25,438.48,438.52,58.686776449999975
2026-04-11 15:00:00+00:00,438.65,440.08,438.49,438.68,139.22786150000005
2026-04-11 16:00:00+00:00,438.65,441.56,438.08,439.15,445.12938617
2026-04-11 17:00:00+00:00,439.22,439.88,438.54,438.87,264.1776743599999
2026-04-11 18:00:00+00:00,438.9,440.4,438.51,440.01,287.13153628
2026-04-11 19:00:00+00:00,440.04,441.66,439.86,441.24,250.47420837
2026-04-11 20:00:00+00:00,441.25,441.31,438.49,439.05,463.3024861200001
2026-04-11 21:00:00+00:00,438.97,440.32,438.76,439.31,87.87970392999998
2026-04-11 22:00:00+00:00,439.46,440.57,437.47,438.52,382.4493085500001
2026-04-11 23:00:00+00:00,438.48,438.74,436.53,437.38,114.10239965
2026-04-12 00:00:00+00:00,437.88,438.2,434.28,435.27,455.68191516
2026-04-12 01:00:00+00:00,435.19,436.92,425.2,426.71,1077.13590263
2026-04-12 02:00:00+00:00,426.64,428.4,425.01,427.98,396.3562208700001
2026-04-12 03:00:00+00:00,427.98,428.76,426.78,426.96,385.02585474000006
2026-04-12 04:00:00+00:00,426.85,427.61,423.15,423.86,404.9378783300001
2026-04-12 05:00:00+00:00,424.06,426.31,423.86,425.67,119.322762
2026-04-12 06:00:00+00:00,425.53,426.25,425.18,425.66,49.56887222
2026-04-12 07:00:00+00:00,425.41,425.8,423.49,425.73,141.58891353
2026-04-12 08:00:00+00:00,425.76,426.48,425.04,425.39,55.842701610000006
2026-04-12 09:00:00+00:00,425.26,426.02,424.98,425.71,52.79707048
2026-04-12 10:00:00+00:00,425.81,426.71,423.85,424.5,96.64529693999998
2026-04-12 11:00:00+00:00,424.41,426.17,423.81,425.93,102.50523437
2026-04-12 12:00:00+00:00,425.71,425.82,422.59,423.08,226.92517961
2026-04-12 13:00:00+00:00,423.08,424.2,421.82,422.55,398.43658446999984
2026-04-12 14:00:00+00:00,422.5,423.69,421.73,422.71,262.66981517999994
2026-04-12 15:00:00+00:00,422.85,424.34,422.18,422.34,177.78517356999998
2026-04-12 16:00:00+00:00,422.48,423.09,421.85,422.72,129.80647355000002
2026-04-12 17:00:00+00:00,422.74,424.08,422.64,423.6,117.07259349000005
2026-04-12 18:00:00+00:00,423.66,423.95,422.14,422.64,210.96392924000003
2026-04-12 19:00:00+00:00,422.58,424.03,422.4,423.78,88.76797459
2026-04-12 20:00:00+00:00,423.7,425.84,423.1,425.03,284.17343166
2026-04-12 21:00:00+00:00,425.03,425.1,423.2,423.2,94.44503374
2026-04-12 22:00:00+00:00,423.6,423.6,419.84,422.28,558.0713305700001
2026-04-12 23:00:00+00:00,422.33,422.33,420.18,421.45,93.24055806999998
2026-04-13 00:00:00+00:00,421.32,424.42,421.2,424.08,129.78080523000003
2026-04-13 01:00:00+00:00,424.19,424.77,423.45,424.77,97.70410144
2026-04-13 02:00:00+00:00,424.77,425.96,424.44,425.4,248.21876406
2026-04-13 03:00:00+00:00,425.46,425.94,424.71,425.86,118.90828364
2026-04-13 04:00:00+00:00,425.94,426.98,424.79,425.64,132.89993155
2026-04-13 05:00:00+00:00,425.76,425.77,424.29,425.7,206.68280180000005
2026-04-13 06:00:00+00:00,425.69,427.7,425.69,426.18,130.80046541999994
2026-04-13 07:00:00+00:00,426.28,426.3,424.14,424.85,65.64422405
2026-04-13 08:00:00+00:00,424.87,425.1,423.07,423.83,192.7609431099999
2026-04-13 09:00:00+00:00,423.84,426.32,423.84,426.11,230.27712903000003
2026-04-13 10:00:00+00:00,426.03,426.51,425.49,425.8,95.06199935000004
2026-04-13 11:00:00+00:00,425.81,426.43,425.6,426.02,111.37850459
2026-04-13 12:00:00+00:00,425.81,427.33,425.53,426.72,60.30635972
2026-04-13 13:00:00+00:00,426.73,428.21,424.77,427.74,160.20563799
2026-04-13 14:00:00+00:00,428.19,428.43,426.5,427.94,270.66865293
2026-04-13 15:00:00+00:00,427.66,428.22,425.96,426.66,143.19186869000004
2026-04-13 16:00:00+00:00,426.77,428.34,425.2,426.65,211.7622172
2026-04-13 17:00:00+00:00,426.51,428.1,425.88,426.53,111.94298991
2026-04-13 18:00:00+00:00,426.46,426.88,425.37,425.68,146.27360963
2026-04-13 19:00:00+00:00,425.69,428.84,425.27,428.43,254.04529087
2026-04-13 20:00:00+00:00,428.57,429.21,427.28,428.75,256.78855098999986
2026-04-13 21:00:00+00:00,428.62,429.92,428.26,429.73,75.08300643999999
2026-04-13 22:00:00+00:00,429.7,439.28,429.57,438.34,918.82846841
2026-04-13 23:00:00+00:00,438.37,440.75,436.59,438.49,289.58205164000003
2026-04-14 00:00:00+00:00,438.41,438.99,434.59,434.95,260.02910784999995
2026-04-14 01:00:00+00:00,434.83,436.72,434.2,435.93,135.22654857
2026-04-14 02:00:00+00:00,436.08,437.6,435.66,436.08,113.32697725999996
2026-04-14 03:00:00+00:00,436.13,436.13,434.25,435.1,38.566977730000005
2026-04-14 04:00:00+00:00,434.98,437.24,434.94,436.94,92.13072465999996
2026-04-14 05:00:00+00:00,436.93,438.6,436.09,436.9,312.3271469799999
2026-04-14 06:00:00+00:00,436.92,438.0,435.06,436.07,42.5264858
2026-04-14 07:00:00+00:00,436.16,438.17,435.36,436.06,135.63248149
2026-04-14 08:00:00+00:00,436.11,437.7,435.4,436.95,198.93355942
2026-04-14 09:00:00+00:00,436.9,438.4,436.6,437.7,134.63007018000002
2026-04-14 10:00:00+00:00,437.74,439.33,436.94,439.1,252.31134835
2026-04-14 11:00:00+00:00,439.1,440.0,437.39,439.58,181.92591277
2026-04-14 12:00:00+00:00,439.55,440.25,437.9,439.0,298.89714467
2026-04-14 13:00:00+00:00,439.38,444.19,439.2,442.74,439.10503889
2026-04-14 14:00:00+00:00,443.34,444.45,440.45,440.76,738.95192103
2026-04-14 15:00:00+00:00,440.7,442.4,438.18,441.54,600.4401980699998
2026-04-14 16:00:00+00:00,441.63,443.38,438.65,439.62,183.24971513
2026-04-14 17:00:00+00:00,439.63,440.68,438.22,440.04,129.31988724999997
2026-04-14 18:00:00+00:00,440.1,440.64,435.28,435.77,185.19463021
2026-04-14 19:00:00+00:00,435.75,436.53,433.79,434.97,239.00142363
2026-04-14 20:00:00+00:00,435.0,436.99,434.34,434.74,245.29775765
2026-04-14 21:00:00+00:00,434.94,436.85,434.94,436.59,68.76265103
2026-04-14 22:00:00+00:00,436.54,437.75,435.85,436.2,96.08682858999995
2026-04-14 23:00:00+00:00,436.15,437.09,435.24,436.45,220.51961052
2026-04-15 00:00:00+00:00,436.32,438.43,436.08,437.8,96.14754105
2026-04-15 01:00:00+00:00,437.74,440.26,436.11,436.43,316.864739
2026-04-15 02:00:00+00:00,436.35,437.36,435.0,436.01,91.65746481999996
2026-04-15 03:00:00+00:00,436.01,436.14,434.48,435.32,52.55172980999999
2026-04-15 04:00:00+00:00,435.5,435.87,434.36,434.6,88.2353261
2026-04-15 05:00:00+00:00,434.55,435.12,432.23,432.47,186.39292723000003
2026-04-15 06:00:00+00:00,432.31,432.62,431.59,432.03,57.26196949999999
2026-04-15 07:00:00+00:00,431.89,432.58,428.48,428.58,274.35869344
2026-04-15 08:00:00+00:00,428.71,436.04,427.59,433.92,2402.3702596300004
2026-04-15 09:00:00+00:00,433.84,435.12,433.59,434.99,407.37198629
2026-04-15 10:00:00+00:00,434.93,437.1,434.56,435.48,125.83834149
2026-04-15 11:00:00+00:00,435.56,436.73,434.63,435.67,148.46429622999997
2026-04-15 12:00:00+00:00,435.61,436.09,434.82,435.29,122.18620132
2026-04-15 13:00:00+00:00,435.28,435.47,432.51,433.74,354.6741650299998
2026-04-15 14:00:00+00:00,433.53,437.57,433.53,436.53,254.62697388
2026-04-15 15:00:00+00:00,436.66,437.71,434.12,434.48,410.86469283
2026-04-15 16:00:00+00:00,434.76,436.44,434.42,435.55,577.8821029499998
2026-04-15 17:00:00+00:00,435.54,437.84,434.8,437.67,107.46621565
2026-04-15 18:00:00+00:00,437.47,439.95,437.41,439.8,139.48066111999998
2026-04-15 19:00:00+00:00,439.9,443.46,439.56,442.09,201.99806759
2026-04-15 20:00:00+00:00,442.14,442.42,439.49,440.42,235.8679264999999
2026-04-15 21:00:00+00:00,440.28,440.34,438.54,439.85,140.90554321999997
2026-04-15 22:00:00+00:00,439.88,442.26,439.88,440.49,799.9629776100002
2026-04-15 23:00:00+00:00,440.5,441.01,438.9,440.74,155.02387585999995
2026-04-16 00:00:00+00:00,440.88,441.38,439.42,440.46,81.87928987000001
2026-04-16 01:00:00+00:00,440.76,441.03,439.38,440.14,172.80474392000005
2026-04-16 02:00:00+00:00,440.34,444.08,440.2,442.5,188.84890650999995
2026-04-16 03:00:00+00:00,442.44,443.58,442.28,442.69,201.84145233000004
2026-04-16 04:00:00+00:00,442.75,443.04,441.18,442.33,262.03399018
2026-04-16 05:00:00+00:00,442.22,444.06,441.53,443.37,134.97945044999997
2026-04-16 06:00:00+00:00,443.46,443.77,442.26,443.47,118.22596568
2026-04-16 07:00:00+00:00,443.46,444.13,440.86,441.6,165.13957941
2026-04-16 08:00:00+00:00,441.54,441.6,439.63,439.72,109.93231461
2026-04-16 09:00:00+00:00,439.72,441.0,439.53,439.61,199.1722674
2026-04-16 10:00:00+00:00,439.67,440.89,439.25,439.62,112.39086756
2026-04-16 11:00:00+00:00,439.76,440.52,438.78,440.26,200.1250726
2026-04-16 12:00:00+00:00,440.31,441.12,439.52,439.73,153.72730402000002
2026-04-16 13:00:00+00:00,439.92,443.24,435.35,437.55,352.73331048999995
2026-04-16 14:00:00+00:00,437.49,438.61,433.96,437.66,564.4540447700001
2026-04-16 15:00:00+00:00,437.72,442.24,437.52,441.66,241.83985371999995
2026-04-16 16:00:00+00:00,441.62,443.09,439.09,440.0,463.9426951800002
2026-04-16 17:00:00+00:00,439.89,441.03,439.04,440.18,108.49144918000005
2026-04-16 18:00:00+00:00,440.24,445.93,439.36,445.73,530.0265729899999
2026-04-16 19:00:00+00:00,445.89,447.42,444.36,447.01,483.8377344599998
2026-04-16 20:00:00+00:00,447.03,447.59,444.98,446.81,172.22162891000005
2026-04-16 21:00:00+00:00,446.89,446.97,445.12,446.38,181.83495356000003
2026-04-16 22:00:00+00:00,446.2,451.13,446.2,449.09,718.3629269899997
2026-04-16 23:00:00+00:00,449.18,457.42,449.09,454.99,1304.8017343399988
2026-04-17 00:00:00+00:00,454.98,458.18,454.94,455.0,474.34022126
2026-04-17 01:00:00+00:00,455.0,455.39,451.81,453.51,330.15575544
2026-04-17 02:00:00+00:00,453.51,453.51,450.23,451.02,277.9495745
2026-04-17 03:00:00+00:00,451.08,451.37,449.45,449.45,89.18798568000001
2026-04-17 04:00:00+00:00,449.5,451.7,449.04,449.28,115.93538270000003
2026-04-17 05:00:00+00:00,449.28,449.39,447.48,447.71,133.96348128999998
2026-04-17 06:00:00+00:00,447.77,451.16,447.59,450.2,97.02582615000004
2026-04-17 07:00:00+00:00,450.03,450.4,448.52,449.73,88.88018068000001
2026-04-17 08:00:00+00:00,449.77,451.38,449.16,451.09,196.44445607
2026-04-17 09:00:00+00:00,450.9,451.79,448.62,449.34,280.32734545999995
2026-04-17 10:00:00+00:00,449.4,450.16,446.8,447.79,186.92477856
2026-04-17 11:00:00+00:00,447.73,450.31,447.54,449.88,184.66943147
2026-04-17 12:00:00+00:00,450.12,452.46,449.32,452.26,334.32979658999994
2026-04-17 13:00:00+00:00,452.28,457.86,450.77,457.27,1213.8571699700003
2026-04-17 14:00:00+00:00,457.3,462.05,456.52,460.39,741.4254817699999
2026-04-17 15:00:00+00:00,460.42,461.86,457.68,458.73,356.0286421500001
2026-04-17 16:00:00+00:00,458.75,460.8,458.32,459.69,280.55423116
2026-04-17 17:00:00+00:00,459.52,459.79,455.0,455.54,473.88925314999983
2026-04-17 18:00:00+00:00,455.42,455.81,453.33,454.75,647.7933546500003
2026-04-17 19:00:00+00:00,454.65,455.4,453.87,455.07,97.18074323000002
2026-04-17 20:00:00+00:00,455.1,456.19,453.02,454.32,243.02630147000005
2026-04-17 21:00:00+00:00,454.47,455.77,453.98,455.0,156.52450486000004
2026-04-17 22:00:00+00:00,454.98,455.7,453.66,454.25,142.04103444999998
2026-04-17 23:00:00+00:00,454.23,454.28,452.0,453.66,116.59361698000004
2026-04-18 00:00:00+00:00,453.53,454.35,452.44,453.76,232.81889984
2026-04-18 01:00:00+00:00,453.8,454.96,453.56,454.17,159.98748132
2026-04-18 02:00:00+00:00,454.05,456.18,453.62,455.21,122.70418586999998
2026-04-18 03:00:00+00:00,455.19,455.97,453.99,454.26,72.81620104999999
2026-04-18 04:00:00+00:00,454.21,455.05,453.39,454.75,108.50212848999998
2026-04-18 05:00:00+00:00,454.67,454.82,453.39,453.86,43.42380324999999
2026-04-18 06:00:00+00:00,453.95,454.44,453.47,453.9,27.83360766
2026-04-18 07:00:00+00:00,453.9,454.99,452.84,453.52,114.21944810999996
2026-04-18 08:00:00+00:00,453.38,454.1,450.99,451.62,156.34730429999996
2026-04-18 09:00:00+00:00,451.45,451.7,449.39,449.78,202.2872730699999
2026-04-18 10:00:00+00:00,449.72,449.81,447.13,447.3,166.68690261999993
2026-04-18 11:00:00+00:00,447.34,447.44,444.33,445.45,412.65002829
2026-04-18 12:00:00+00:00,445.34,446.52,444.48,446.39,222.66343118
2026-04-18 13:00:00+00:00,446.37,446.98,444.55,446.46,220.32961315
2026-04-18 14:00:00+00:00,446.6,448.0,445.86,447.82,279.49456929
2026-04-18 15:00:00+00:00,447.54,448.28,445.69,446.06,183.87742059
2026-04-18 16:00:00+00:00,446.15,447.97,445.0,446.33,150.82258756999997
2026-04-18 17:00:00+00:00,446.34,446.59,444.71,445.95,527.0908716200001
2026-04-18 18:00:00+00:00,445.85,446.53,443.87,444.41,192.70865534
2026-04-18 19:00:00+00:00,444.21,445.42,443.71,444.33,151.60989174000002
2026-04-18 20:00:00+00:00,444.56,445.18,443.89,444.62,124.72291662
2026-04-18 21:00:00+00:00,444.63,445.14,443.64,445.07,76.56981842
2026-04-18 22:00:00+00:00,444.91,445.36,444.15,444.89,132.88616828
2026-04-18 23:00:00+00:00,444.71,445.42,443.77,443.77,43.26141426000001
2026-04-19 00:00:00+00:00,443.94,445.82,443.04,445.82,164.96166263
2026-04-19 01:00:00+00:00,445.74,446.37,444.34,445.73,27.828994490000003
2026-04-19 02:00:00+00:00,445.64,445.74,443.64,444.99,44.22682438000002
2026-04-19 03:00:00+00:00,444.9,446.06,443.7,445.17,51.96125579
2026-04-19 04:00:00+00:00,445.24,445.74,443.5,444.65,82.99515971
2026-04-19 05:00:00+00:00,444.5,445.54,443.97,444.68,30.51686133
2026-04-19 06:00:00+00:00,444.78,445.56,443.8,445.08,206.56373304
2026-04-19 07:00:00+00:00,444.91,445.01,439.22,442.11,1372.2642648400008
2026-04-19 08:00:00+00:00,441.9,442.9,441.0,442.49,372.23155854
2026-04-19 09:00:00+00:00,442.56,442.76,436.4,439.94,726.8140486899999
2026-04-19 10:00:00+00:00,439.98,440.71,438.62,439.73,66.85372240000001
2026-04-19 11:00:00+00:00,439.79,442.17,439.26,441.4,428.06377405
2026-04-19 12:00:00+00:00,441.44,443.0,441.07,441.9,116.62467660000002
2026-04-19 13:00:00+00:00,441.74,444.42,441.27,441.63,287.11959495
2026-04-19 14:00:00+00:00,441.77,444.21,441.06,443.29,79.72986290000003
2026-04-19 15:00:00+00:00,443.25,443.6,440.56,443.28,73.97819900000002
2026-04-19 16:00:00+00:00,443.28,443.49,441.35,441.96,130.18201619999996
2026-04-19 17:00:00+00:00,441.76,441.93,438.11,438.68,281.96194684
2026-04-19 18:00:00+00:00,438.38,439.87,438.28,439.45,397.4625119400002
2026-04-19 19:00:00+00:00,439.51,441.09,439.51,440.54,104.19947162
2026-04-19 20:00:00+00:00,440.44,440.82,439.14,439.84,203.65475625
2026-04-19 21:00:00+00:00,439.89,440.7,438.56,438.98,125.57389677999998
2026-04-19 22:00:00+00:00,438.69,438.69,434.14,435.47,457.24363631999984
2026-04-19 23:00:00+00:00,435.26,436.0,434.43,435.46,92.32970842000002
2026-04-20 00:00:00+00:00,435.48,438.83,435.46,438.42,135.49615904000004
2026-04-20 01:00:00+00:00,438.4,439.5,438.1,439.02,155.99726783
2026-04-20 02:00:00+00:00,438.97,439.06,437.57,438.76,58.58225312999998
2026-04-20 03:00:00+00:00,438.69,439.0,437.93,438.85,52.10925571
2026-04-20 04:00:00+00:00,438.87,439.19,438.25,438.76,46.77961125999999
2026-04-20 05:00:00+00:00,438.75,438.75,436.59,437.58,67.64443462999999
2026-04-20 06:00:00+00:00,437.62,440.37,437.47,439.76,70.83902941999999
2026-04-20 07:00:00+00:00,439.82,443.0,439.36,441.43,130.52985331000002
2026-04-20 08:00:00+00:00,441.45,441.81,440.39,440.57,86.78423068000001
2026-04-20 09:00:00+00:00,440.46,442.26,440.2,441.72,16.139339899999996
2026-04-20 10:00:00+00:00,441.79,443.0,441.35,441.36,79.11024761000004
2026-04-20 11:00:00+00:00,441.28,441.37,440.35,440.7,23.572780410000004
2026-04-20 12:00:00+00:00,440.53,442.05,440.41,441.73,33.784448469999994
2026-04-20 13:00:00+00:00,441.58,443.1,441.07,442.7,82.79324042999998
2026-04-20 14:00:00+00:00,442.65,444.0,440.37,440.73,288.53062197999986
2026-04-20 15:00:00+00:00,440.82,443.25,439.56,442.91,106.79554083999996
2026-04-20 16:00:00+00:00,442.87,442.87,440.3,440.3,98.3865846
2026-04-20 17:00:00+00:00,440.52,443.13,440.28,442.58,111.34730765
2026-04-20 18:00:00+00:00,442.74,445.39,442.74,445.08,270.10128211000006
2026-04-20 19:00:00+00:00,445.07,445.29,444.03,444.59,90.3054874
2026-04-20 20:00:00+00:00,444.42,445.26,443.72,445.06,104.64967845
2026-04-20 21:00:00+00:00,445.08,446.45,443.87,444.84,130.92038074000007
2026-04-20 22:00:00+00:00,445.02,445.43,444.42,445.07,42.45537864999999
2026-04-20 23:00:00+00:00,444.9,444.9,443.47,443.74,68.83314741999999
2026-04-21 00:00:00+00:00,443.82,445.0,443.06,444.28,337.71052713000006
2026-04-21 01:00:00+00:00,444.3,445.19,443.43,443.59,49.61459652999998
2026-04-21 02:00:00+00:00,443.7,443.75,442.5,442.68,31.57489013
2026-04-21 03:00:00+00:00,442.56,442.67,441.3,442.26,65.25742516000003
2026-04-21 04:00:00+00:00,442.24,442.46,441.51,442.29,72.15000459999997
2026-04-21 05:00:00+00:00,442.23,443.4,442.23,442.49,33.158882470000016
2026-04-21 06:00:00+00:00,442.58,443.49,441.42,443.22,54.61740193
2026-04-21 07:00:00+00:00,443.16,444.98,442.74,444.51,78.94057916
2026-04-21 08:00:00+00:00,444.65,445.74,443.09,444.23,36.46460237
2026-04-21 09:00:00+00:00,444.18,444.83,443.58,444.64,30.10142009
2026-04-21 10:00:00+00:00,444.68,446.94,444.66,446.58,104.37365568999998
2026-04-21 11:00:00+00:00,446.52,446.52,444.84,445.33,55.257951640000016
2026-04-21 12:00:00+00:00,445.32,445.93,443.57,444.42,66.38044044
2026-04-21 13:00:00+00:00,444.43,445.26,443.7,444.73,333.80460508
2026-04-21 14:00:00+00:00,444.83,447.45,443.86,444.84,113.14695892000005
2026-04-21 15:00:00+00:00,445.02,446.72,444.12,445.79,63.86137709
2026-04-21 16:00:00+00:00,445.8,447.25,444.6,446.1,146.57630038999994
2026-04-21 17:00:00+00:00,446.18,447.86,443.4,446.34,294.8977054
2026-04-21 18:00:00+00:00,446.52,447.27,443.72,445.12,232.96427752999995
2026-04-21 19:00:00+00:00,445.14,445.88,440.34,441.36,119.23469701999998
2026-04-21 20:00:00+00:00,441.34,445.54,440.76,444.71,156.93744547
2026-04-21 21:00:00+00:00,444.66,446.08,444.04,445.73,98.24552389999998
2026-04-21 22:00:00+00:00,445.57,446.37,444.75,446.16,107.37423996999998
2026-04-21 23:00:00+00:00,445.89,450.29,445.87,448.73,338.08488816000005
2026-04-22 00:00:00+00:00,448.91,450.12,448.75,449.33,92.22929863
2026-04-22 01:00:00+00:00,449.35,449.69,447.58,448.5,169.04897171999988
2026-04-22 02:00:00+00:00,448.61,452.97,448.56,452.9,322.4037672000001
2026-04-22 03:00:00+00:00,452.63,454.12,450.68,453.25,153.65898330000005
2026-04-22 04:00:00+00:00,453.27,455.59,453.27,455.4,241.39763517999995
2026-04-22 05:00:00+00:00,455.36,469.2,455.32,465.18,2556.04145927
2026-04-22 06:00:00+00:00,465.57,467.75,464.69,467.71,345.57396891000013
2026-04-22 07:00:00+00:00,467.98,471.21,466.55,469.91,350.0534150099999
2026-04-22 08:00:00+00:00,470.12,473.96,470.04,473.02,433.6767402
2026-04-22 09:00:00+00:00,472.93,473.34,469.63,469.66,488.47502534
2026-04-22 10:00:00+00:00,469.65,471.78,468.02,471.26,225.80292993000003
2026-04-22 11:00:00+00:00,471.18,471.34,466.22,467.14,283.8141075800001
2026-04-22 12:00:00+00:00,467.05,467.37,464.31,465.06,150.45855675
2026-04-22 13:00:00+00:00,465.0,465.92,463.44,464.74,284.4521194
2026-04-22 14:00:00+00:00,464.73,465.64,462.0,463.69,449.2994214
2026-04-22 15:00:00+00:00,463.81,465.65,463.47,465.46,274.62014519999985
2026-04-22 16:00:00+00:00,465.38,467.11,463.56,463.89,201.86620137
2026-04-22 17:00:00+00:00,463.79,464.8,462.56,463.65,125.34007270000004
2026-04-22 18:00:00+00:00,463.63,465.56,463.63,464.67,56.82667281
2026-04-22 19:00:00+00:00,464.67,465.19,463.07,463.26,134.79633861
2026-04-22 20:00:00+00:00,463.19,463.49,462.11,462.21,133.81520580000003
2026-04-22 21:00:00+00:00,462.14,464.03,462.14,463.44,42.68517611000001
2026-04-22 22:00:00+00:00,463.32,464.1,462.42,462.82,121.24110174999998
2026-04-22 23:00:00+00:00,462.75,462.75,460.36,460.51,144.05483866000006
2026-04-23 00:00:00+00:00,460.55,461.14,456.0,460.33,353.29552548999976
2026-04-23 01:00:00+00:00,460.3,460.42,458.05,458.99,293.8900796599998
2026-04-23 02:00:00+00:00,458.98,459.11,455.79,455.79,242.10391773
2026-04-23 03:00:00+00:00,455.77,456.33,454.3,455.0,205.79844113
2026-04-23 04:00:00+00:00,454.82,457.28,454.55,456.86,167.01736680000008
2026-04-23 05:00:00+00:00,456.87,457.08,454.77,455.87,48.84137858000002
2026-04-23 06:00:00+00:00,456.05,457.61,455.99,457.05,26.67548453
2026-04-23 07:00:00+00:00,456.94,457.19,455.13,455.28,62.02132459999999
2026-04-23 08:00:00+00:00,455.61,456.75,455.58,456.52,43.21827260999999
2026-04-23 09:00:00+00:00,456.21,456.21,454.05,455.52,66.06046558
2026-04-23 10:00:00+00:00,455.45,455.72,453.01,454.02,273.1168184200002
2026-04-23 11:00:00+00:00,454.11,456.63,453.53,455.94,165.56704332
2026-04-23 12:00:00+00:00,456.03,457.05,454.9,456.09,137.51260326000008
2026-04-23 13:00:00+00:00,456.31,456.58,455.16,455.61,67.23282413
2026-04-23 14:00:00+00:00,455.7,459.83,455.18,459.08,67.23466968000001
2026-04-23 15:00:00+00:00,459.15,459.25,456.2,458.65,149.20908722
2026-04-23 16:00:00+00:00,458.52,459.26,456.76,456.98,179.33603295
2026-04-23 17:00:00+00:00,456.92,458.16,453.87,456.79,189.69543681
2026-04-23 18:00:00+00:00,456.62,457.92,456.14,456.46,128.89126649
2026-04-23 19:00:00+00:00,456.3,458.16,455.68,457.3,122.83703532000004
2026-04-23 20:00:00+00:00,457.37,459.53,457.29,458.46,169.31376455
2026-04-23 21:00:00+00:00,458.35,459.67,457.24,458.71,133.83064376
2026-04-23 22:00:00+00:00,458.85,460.35,458.76,460.0,126.34517207999995
2026-04-23 23:00:00+00:00,459.99,460.98,459.17,460.81,90.18363925000004
2026-04-24 00:00:00+00:00,460.95,462.58,460.1,461.45,273.2567685800001
2026-04-24 01:00:00+00:00,461.49,461.49,459.25,460.86,100.37114621
2026-04-24 02:00:00+00:00,460.81,460.88,458.87,459.36,35.22489321999999
2026-04-24 03:00:00+00:00,459.27,460.05,456.0,456.85,276.27242004999994
2026-04-24 04:00:00+00:00,456.82,458.17,455.84,457.54,97.62499026
2026-04-24 05:00:00+00:00,457.49,458.16,456.16,457.57,74.83904666000002
2026-04-24 06:00:00+00:00,457.64,457.7,456.12,456.43,214.65332199999983
2026-04-24 07:00:00+00:00,456.53,456.92,455.8,456.37,49.21746526999999
2026-04-24 08:00:00+00:00,456.32,457.45,455.98,456.86,46.01721381999999
2026-04-24 09:00:00+00:00,456.88,457.05,455.75,456.68,28.53742507
2026-04-24 10:00:00+00:00,456.72,456.72,454.65,455.81,300.4880527199999
2026-04-24 11:00:00+00:00,455.86,458.61,455.86,457.9,127.56850031999996
2026-04-24 12:00:00+00:00,457.88,458.74,456.89,457.79,45.57438486
2026-04-24 13:00:00+00:00,457.8,458.77,456.89,458.45,134.04135835999995
2026-04-24 14:00:00+00:00,458.44,459.48,457.69,458.36,117.04554538
2026-04-24 15:00:00+00:00,458.31,461.5,457.22,460.38,85.01932639999998
2026-04-24 16:00:00+00:00,460.43,461.03,459.5,460.65,67.37813642
2026-04-24 17:00:00+00:00,460.53,460.84,457.66,458.3,307.89079959
2026-04-24 18:00:00+00:00,458.33,458.33,456.44,457.19,61.42130988
2026-04-24 19:00:00+00:00,457.44,458.02,456.44,456.61,104.63099223
2026-04-24 20:00:00+00:00,456.55,457.95,456.24,457.77,135.97718346
2026-04-24 21:00:00+00:00,457.69,458.46,456.51,457.0,145.44874090999997
2026-04-24 22:00:00+00:00,456.89,457.04,455.2,455.58,149.74659420999998
2026-04-24 23:00:00+00:00,455.6,456.62,455.4,456.28,63.13280279000001
2026-04-25 00:00:00+00:00,456.32,456.73,455.22,456.18,61.748664680000005
2026-04-25 01:00:00+00:00,456.09,456.6,454.82,455.01,94.42193809
2026-04-25 02:00:00+00:00,455.0,455.77,454.59,455.26,61.78714549
2026-04-25 03:00:00+00:00,455.4,455.89,454.83,455.6,32.33914383
2026-04-25 04:00:00+00:00,455.65,455.74,455.17,455.58,12.04543252
2026-04-25 05:00:00+00:00,455.31,455.49,454.51,455.3,60.89415151
2026-04-25 06:00:00+00:00,455.4,456.28,454.96,455.16,104.28920437
2026-04-25 07:00:00+00:00,455.1,455.26,454.37,454.81,85.93332674000001
2026-04-25 08:00:00+00:00,454.8,455.39,454.68,454.97,9.00098163
2026-04-25 09:00:00+00:00,455.1,455.42,454.54,455.08,14.73077559
2026-04-25 10:00:00+00:00,454.98,455.6,454.86,454.98,39.10733624
2026-04-25 11:00:00+00:00,454.92,454.92,453.42,453.86,116.55474172000004
2026-04-25 12:00:00+00:00,453.93,454.25,453.15,453.65,22.61929669
2026-04-25 13:00:00+00:00,453.44,455.34,453.44,454.25,41.85304561000001
2026-04-25 14:00:00+00:00,454.18,454.44,453.57,453.64,37.9712267
2026-04-25 15:00:00+00:00,453.69,455.52,453.42,453.92,34.15966362000001
2026-04-25 16:00:00+00:00,453.78,454.65,453.17,453.42,56.33889748999999
2026-04-25 17:00:00+00:00,453.69,453.71,452.41,452.95,79.37336310000002
2026-04-25 18:00:00+00:00,452.83,453.57,452.64,452.95,39.08614068000001
2026-04-25 19:00:00+00:00,452.92,453.29,452.58,452.85,63.66454550000001
2026-04-25 20:00:00+00:00,452.92,453.23,451.89,452.62,178.90464524999996
2026-04-25 21:00:00+00:00,452.64,452.89,452.21,452.88,72.09760054
2026-04-25 22:00:00+00:00,452.87,454.76,452.76,454.1,87.61470065000002
2026-04-25 23:00:00+00:00,454.13,454.34,452.55,453.34,90.24055687000002
2026-04-26 00:00:00+00:00,453.3,454.15,452.34,452.38,186.24996557
2026-04-26 01:00:00+00:00,452.38,452.74,451.56,451.78,328.4646292500001
2026-04-26 02:00:00+00:00,451.74,453.14,451.6,453.04,328.1554513399999
2026-04-26 03:00:00+00:00,452.97,453.4,451.81,452.52,117.44983659000002
2026-04-26 04:00:00+00:00,452.46,454.2,452.36,453.41,75.62454680000003
2026-04-26 05:00:00+00:00,453.48,455.64,453.32,453.75,171.44526419
2026-04-26 06:00:00+00:00,453.75,454.19,452.78,453.42,225.61118852
2026-04-26 07:00:00+00:00,453.41,454.11,452.86,453.72,235.89128685999992
2026-04-26 08:00:00+00:00,453.72,454.36,453.51,453.96,100.57818998
2026-04-26 09:00:00+00:00,453.78,453.93,452.59,453.11,31.259824890000008
2026-04-26 10:00:00+00:00,453.11,453.28,452.32,452.32,22.87734979
2026-04-26 11:00:00+00:00,452.64,453.29,452.42,452.8,35.59096248000001
2026-04-26 12:00:00+00:00,452.87,453.0,451.76,451.87,131.96954764
2026-04-26 13:00:00+00:00,451.79,451.89,450.54,451.14,130.70940579999998
2026-04-26 14:00:00+00:00,451.2,452.56,451.04,451.79,79.54990049999999
2026-04-26 15:00:00+00:00,451.73,452.52,451.21,452.38,153.45907284000003
2026-04-26 16:00:00+00:00,452.39,452.43,451.0,451.0,45.257563790000006
2026-04-26 17:00:00+00:00,451.02,452.1,450.67,451.17,60.00236811
2026-04-26 18:00:00+00:00,451.21,453.82,451.13,453.56,105.00592491
2026-04-26 19:00:00+00:00,453.58,454.4,453.24,454.17,55.50761221999999
2026-04-26 20:00:00+00:00,454.2,454.92,453.81,453.81,109.2040526
2026-04-26 21:00:00+00:00,453.79,455.44,452.72,455.11,91.48873493999996
2026-04-26 22:00:00+00:00,454.85,455.84,453.88,454.41,85.43813251999997
2026-04-26 23:00:00+00:00,454.24,455.63,453.69,455.21,78.77683679000003
2026-04-27 00:00:00+00:00,455.17,456.04,453.36,455.33,186.07643941
2026-04-27 01:00:00+00:00,455.35,458.05,455.0,457.36,231.26212555
2026-04-27 02:00:00+00:00,457.59,457.59,455.66,455.77,51.488681840000005
2026-04-27 03:00:00+00:00,455.7,456.49,455.27,455.88,68.27332795000004
2026-04-27 04:00:00+00:00,455.73,456.35,454.55,454.72,29.85281283
2026-04-27 05:00:00+00:00,454.79,454.84,448.56,448.71,342.30531003
2026-04-27 06:00:00+00:00,448.7,449.2,446.9,447.79,189.45931337
2026-04-27 07:00:00+00:00,447.71,448.03,447.0,447.15,84.86686900999997
2026-04-27 08:00:00+00:00,447.1,447.95,446.32,447.65,69.76422675000002
2026-04-27 09:00:00+00:00,447.75,448.86,447.09,448.35,117.29240371999998
2026-04-27 10:00:00+00:00,448.28,448.43,447.74,448.14,95.06532426999998
2026-04-27 11:00:00+00:00,448.0,448.08,447.41,447.94,26.86736905
2026-04-27 12:00:00+00:00,447.94,462.14,447.66,450.08,1199.5921769599995
2026-04-27 13:00:00+00:00,450.0,465.15,448.86,453.0,2339.7042779900003
2026-04-27 14:00:00+00:00,453.0,456.79,452.54,452.94,897.0397810000001
2026-04-27 15:00:00+00:00,453.12,465.69,449.27,451.36,2354.6281316999984
2026-04-27 16:00:00+00:00,451.4,451.44,448.0,448.37,313.46330869
2026-04-27 17:00:00+00:00,448.4,449.21,447.01,448.38,472.72643019
2026-04-27 18:00:00+00:00,448.11,449.05,447.65,448.75,91.91562830000004
2026-04-27 19:00:00+00:00,448.63,448.82,447.27,448.52,204.87868697
2026-04-27 20:00:00+00:00,448.36,449.26,448.07,448.89,59.107307110000015
2026-04-27 21:00:00+00:00,448.74,449.07,448.0,448.0,54.25904475000001
2026-04-27 22:00:00+00:00,448.05,449.16,447.89,448.8,80.19222552
2026-04-27 23:00:00+00:00,448.69,450.24,448.2,449.94,240.68911903000003
2026-04-28 00:00:00+00:00,449.88,452.02,449.17,450.9,316.3741993999999
2026-04-28 01:00:00+00:00,450.85,451.13,448.9,449.3,98.19790429
2026-04-28 02:00:00+00:00,449.3,449.6,447.18,447.75,57.86345683
2026-04-28 03:00:00+00:00,447.78,448.06,447.0,447.99,114.17448468
2026-04-28 04:00:00+00:00,447.89,448.62,447.16,447.96,102.06902854
2026-04-28 05:00:00+00:00,448.02,449.49,447.68,447.98,45.1868514
2026-04-28 06:00:00+00:00,447.95,448.33,445.16,446.12,89.55238182000001
2026-04-28 07:00:00+00:00,446.14,446.82,444.38,446.78,90.23766438
2026-04-28 08:00:00+00:00,446.77,447.83,446.37,447.15,71.75405528999997
2026-04-28 09:00:00+00:00,447.12,447.6,446.61,447.21,33.03935827
2026-04-28 10:00:00+00:00,447.34,448.12,447.04,447.72,69.82698774
2026-04-28 11:00:00+00:00,447.75,447.88,446.27,446.84,44.85707254000001
2026-04-28 12:00:00+00:00,446.88,447.52,445.93,447.02,98.29714657
2026-04-28 13:00:00+00:00,447.15,448.07,445.52,447.12,121.22785817999998
2026-04-28 14:00:00+00:00,447.11,447.11,444.01,444.82,333.1514911399999
2026-04-28 15:00:00+00:00,445.23,446.7,442.7,445.95,206.0317796600001
2026-04-28 16:00:00+00:00,446.15,447.12,445.15,446.95,176.83068834000005
2026-04-28 17:00:00+00:00,446.9,448.02,445.71,447.65,81.43967105000003
2026-04-28 18:00:00+00:00,447.53,449.19,447.44,448.91,120.13061246
2026-04-28 19:00:00+00:00,448.98,450.06,448.49,449.91,63.37774814000001
2026-04-28 20:00:00+00:00,449.92,454.11,449.86,451.91,250.4077349
2026-04-28 21:00:00+00:00,451.95,452.18,450.32,452.18,135.06247596999998
2026-04-28 22:00:00+00:00,452.16,452.81,451.1,451.38,81.70326665
2026-04-28 23:00:00+00:00,451.12,453.63,451.02,453.63,365.73797053
2026-04-29 00:00:00+00:00,453.54,454.35,452.15,453.65,264.74963665
2026-04-29 01:00:00+00:00,453.56,453.56,451.52,452.44,40.43330105
2026-04-29 02:00:00+00:00,452.47,453.07,451.97,452.77,139.53840074
2026-04-29 03:00:00+00:00,452.82,455.27,452.24,453.7,153.66743690000007
2026-04-29 04:00:00+00:00,453.82,455.38,453.48,454.43,86.10349685000001
2026-04-29 05:00:00+00:00,454.5,454.55,453.08,454.08,106.08788570999998
2026-04-29 06:00:00+00:00,454.31,455.66,452.6,453.03,86.78522750999998
2026-04-29 07:00:00+00:00,453.12,454.14,452.67,453.13,93.99016662
2026-04-29 08:00:00+00:00,453.24,453.3,452.28,453.16,43.33475175999999
2026-04-29 09:00:00+00:00,453.06,455.07,452.5,454.66,178.07811462999996
2026-04-29 10:00:00+00:00,454.79,455.42,453.74,454.09,63.50269211
2026-04-29 11:00:00+00:00,454.02,454.45,453.41,454.23,52.43033213999998
2026-04-29 12:00:00+00:00,453.99,453.99,450.99,451.97,168.73038735999998
2026-04-29 13:00:00+00:00,451.99,452.69,449.19,450.63,224.48511756000005
2026-04-29 14:00:00+00:00,450.73,451.28,449.15,449.61,159.23763995
2026-04-29 15:00:00+00:00,449.6,450.03,446.19,446.67,410.26336113
2026-04-29 16:00:00+00:00,446.66,449.14,446.32,446.93,360.01769304000004
2026-04-29 17:00:00+00:00,446.94,449.18,446.94,448.77,194.20859746
2026-04-29 18:00:00+00:00,448.77,449.0,440.87,445.05,691.7687361699999
2026-04-29 19:00:00+00:00,445.11,445.71,444.24,445.16,239.38115818
2026-04-29 20:00:00+00:00,445.25,447.51,444.73,446.51,316.4071192100001
2026-04-29 21:00:00+00:00,445.97,447.93,444.68,447.02,343.12454855000016
2026-04-29 22:00:00+00:00,446.85,448.11,446.55,447.87,118.14750089000005
2026-04-29 23:00:00+00:00,447.87,447.97,446.76,447.62,68.63885448
2026-04-30 00:00:00+00:00,447.32,449.03,447.19,448.7,104.61963569999996
2026-04-30 01:00:00+00:00,448.63,448.8,447.59,447.94,95.64883307000002
2026-04-30 02:00:00+00:00,447.94,448.56,445.2,445.84,85.25913039000001
2026-04-30 03:00:00+00:00,445.84,447.2,445.69,446.7,45.81561639
2026-04-30 04:00:00+00:00,446.69,446.96,443.0,443.7,413.74420852
2026-04-30 05:00:00+00:00,443.39,443.87,441.97,442.41,81.44857378
2026-04-30 06:00:00+00:00,442.41,443.97,441.98,443.12,86.42058506999999
2026-04-30 07:00:00+00:00,443.07,445.36,442.89,445.24,75.23306312
2026-04-30 08:00:00+00:00,445.38,445.52,444.58,444.97,157.59369844999998
2026-04-30 09:00:00+00:00,444.82,446.92,444.82,445.68,214.34432485
2026-04-30 10:00:00+00:00,445.66,446.19,443.37,443.86,71.72810500000001
2026-04-30 11:00:00+00:00,443.99,445.67,443.78,444.59,285.0943915399999
2026-04-30 12:00:00+00:00,444.41,446.0,443.4,443.4,141.17564821999997
2026-04-30 13:00:00+00:00,443.52,443.87,441.21,442.79,157.57149231000002
2026-04-30 14:00:00+00:00,442.79,444.22,441.08,441.3,226.67228852
2026-04-30 15:00:00+00:00,441.28,444.69,440.86,444.05,228.3344191
2026-04-30 16:00:00+00:00,443.95,444.0,441.12,441.28,362.18893105
2026-04-30 17:00:00+00:00,441.48,441.8,440.16,441.13,322.54691934
2026-04-30 18:00:00+00:00,441.15,442.73,441.04,441.24,131.05357145
2026-04-30 19:00:00+00:00,441.18,442.25,440.84,440.97,121.45500098000002
2026-04-30 20:00:00+00:00,440.94,441.22,440.6,441.09,164.36232642
2026-04-30 21:00:00+00:00,441.14,442.01,440.45,440.59,126.80647472999996
2026-04-30 22:00:00+00:00,440.7,442.0,440.4,440.78,83.75077446
2026-04-30 23:00:00+00:00,440.77,441.63,440.69,440.84,83.38692221999999
2026-05-01 00:00:00+00:00,440.84,442.3,440.8,440.95,107.54033575000004
2026-05-01 01:00:00+00:00,441.0,442.63,441.0,442.28,87.28379273000002
2026-05-01 02:00:00+00:00,442.31,442.44,441.36,442.13,49.37040972
2026-05-01 03:00:00+00:00,442.14,444.68,442.01,444.15,148.95040519
2026-05-01 04:00:00+00:00,444.28,444.97,443.83,444.0,87.94687314
2026-05-01 05:00:00+00:00,443.93,444.57,443.31,443.55,63.81374995
2026-05-01 06:00:00+00:00,443.45,443.8,442.56,443.07,115.12978931000004
2026-05-01 07:00:00+00:00,443.04,443.7,442.57,443.24,51.91708882
2026-05-01 08:00:00+00:00,443.31,444.04,443.31,443.42,109.82120878
2026-05-01 09:00:00+00:00,443.34,443.53,442.34,442.72,36.60371854
2026-05-01 10:00:00+00:00,442.67,443.75,441.81,443.65,53.97340234
2026-05-01 11:00:00+00:00,443.86,443.93,442.38,442.77,49.23957102
2026-05-01 12:00:00+00:00,442.86,445.05,442.65,444.23,178.07866396000009
2026-05-01 13:00:00+00:00,444.12,455.25,444.12,453.5,973.89868413
2026-05-01 14:00:00+00:00,453.56,458.13,452.14,452.6,605.9454160300003
2026-05-01 15:00:00+00:00,452.57,453.16,450.0,451.57,470.3960747800001
2026-05-01 16:00:00+00:00,451.59,453.29,451.11,452.7,294.3468483400001
2026-05-01 17:00:00+00:00,452.91,454.26,450.91,452.74,309.28204385
2026-05-01 18:00:00+00:00,452.81,453.56,451.94,453.06,109.90586307000002
2026-05-01 19:00:00+00:00,453.15,454.79,452.88,453.66,245.2743665
2026-05-01 20:00:00+00:00,453.72,454.48,451.42,452.03,161.70307329000002
2026-05-01 21:00:00+00:00,451.89,452.3,450.37,450.8,83.1428844
2026-05-01 22:00:00+00:00,451.14,451.52,450.02,450.55,129.34414125000004
2026-05-01 23:00:00+00:00,450.49,450.93,450.03,450.41,71.70241090000002
2026-05-02 00:00:00+00:00,450.47,453.07,450.23,452.6,120.75005513
2026-05-02 01:00:00+00:00,452.54,452.88,452.1,452.73,92.70368445999998
2026-05-02 02:00:00+00:00,452.76,453.2,452.03,452.04,54.13581064000002
2026-05-02 03:00:00+00:00,452.0,452.0,450.48,451.18,80.30220194999998
2026-05-02 04:00:00+00:00,451.21,451.26,449.43,449.76,109.61508748
2026-05-02 05:00:00+00:00,449.81,450.35,449.18,449.99,60.07344280999999
2026-05-02 06:00:00+00:00,449.98,451.14,449.14,449.94,60.05718845999999
2026-05-02 07:00:00+00:00,449.88,449.88,448.13,449.06,265.81191852
2026-05-02 08:00:00+00:00,449.03,449.64,448.51,449.45,51.36959470000002
2026-05-02 09:00:00+00:00,449.44,449.78,448.32,448.5,119.61321455
2026-05-02 10:00:00+00:00,448.53,448.97,448.05,448.29,26.902014500000003
2026-05-02 11:00:00+00:00,448.14,448.14,444.18,445.23,308.66376188
2026-05-02 12:00:00+00:00,445.08,446.42,445.08,445.44,106.84781734
2026-05-02 13:00:00+00:00,445.49,446.85,445.49,446.07,189.13704036
2026-05-02 14:00:00+00:00,446.08,447.22,445.82,446.83,84.86985093000003
2026-05-02 15:00:00+00:00,446.95,447.25,446.3,446.89,162.9095580000001
2026-05-02 16:00:00+00:00,447.03,447.63,446.55,447.24,88.19009039999999
2026-05-02 17:00:00+00:00,447.16,447.41,445.98,446.23,105.41535719
2026-05-02 18:00:00+00:00,446.24,447.07,445.41,446.47,78.52652585000001
2026-05-02 19:00:00+00:00,446.46,447.28,446.22,446.76,82.38124038999997
2026-05-02 20:00:00+00:00,446.82,446.85,446.0,446.33,49.29346630000001
2026-05-02 21:00:00+00:00,446.38,448.84,445.88,446.83,87.15064228999998
2026-05-02 22:00:00+00:00,446.83,447.22,443.13,446.45,208.24192991
2026-05-02 23:00:00+00:00,446.25,446.59,445.25,445.4,160.60719525
2026-05-03 00:00:00+00:00,445.5,445.93,443.71,444.43,434.10277823
2026-05-03 01:00:00+00:00,444.43,445.05,443.0,443.64,169.67467035000004
2026-05-03 02:00:00+00:00,443.59,443.6,442.34,443.27,141.76031919
2026-05-03 03:00:00+00:00,443.34,444.48,442.87,443.91,45.20738679
2026-05-03 04:00:00+00:00,443.88,444.25,443.22,444.0,57.40478262999999
2026-05-03 05:00:00+00:00,443.96,444.51,443.7,443.98,35.95816906
2026-05-03 06:00:00+00:00,443.88,444.11,442.99,443.73,28.54435178
2026-05-03 07:00:00+00:00,443.65,444.46,443.41,443.82,32.909064750000006
2026-05-03 08:00:00+00:00,443.7,444.78,443.65,444.23,103.87816244
2026-05-03 09:00:00+00:00,444.12,444.72,443.65,444.12,49.69078871999999
2026-05-03 10:00:00+00:00,444.19,444.73,443.73,444.36,47.35363469
2026-05-03 11:00:00+00:00,444.18,446.02,443.95,445.02,75.54770084
2026-05-03 12:00:00+00:00,444.97,446.68,444.97,446.68,54.91978663
2026-05-03 13:00:00+00:00,446.6,447.35,446.14,447.06,78.86713014
2026-05-03 14:00:00+00:00,447.02,447.44,445.84,446.83,113.67151149000004
2026-05-03 15:00:00+00:00,446.9,447.56,443.6,446.44,741.4632459500002
2026-05-03 16:00:00+00:00,446.28,446.28,444.92,444.92,65.52562482
2026-05-03 17:00:00+00:00,444.96,445.48,443.88,444.91,131.65029870999993
2026-05-03 18:00:00+00:00,445.08,445.42,444.62,445.12,102.22278758000002
2026-05-03 19:00:00+00:00,445.06,445.32,444.38,444.56,26.34787965999999
2026-05-03 20:00:00+00:00,444.42,445.62,444.12,444.47,60.61845004000001
2026-05-03 21:00:00+00:00,444.64,445.28,443.74,444.56,108.86428250000002
2026-05-03 22:00:00+00:00,444.64,446.4,444.41,445.56,122.13533686999996
2026-05-03 23:00:00+00:00,445.74,445.79,442.93,442.98,129.21380047999995
2026-05-04 00:00:00+00:00,442.93,443.4,440.87,442.12,332.72678277000006
2026-05-04 01:00:00+00:00,442.23,446.97,441.35,446.6,490.64646747
2026-05-04 02:00:00+00:00,446.64,449.53,444.98,448.44,670.4089469499997
2026-05-04 03:00:00+00:00,448.56,450.05,448.2,449.63,163.41078636999998
2026-05-04 04:00:00+00:00,449.64,450.67,448.83,449.26,161.24336143000008
2026-05-04 05:00:00+00:00,449.27,449.37,447.21,447.66,101.82144748
2026-05-04 06:00:00+00:00,447.68,447.81,444.48,446.14,71.09605571000002
2026-05-04 07:00:00+00:00,446.12,447.12,445.87,446.76,41.335897030000005
2026-05-04 08:00:00+00:00,446.64,447.18,445.67,445.92,143.30755243999997
2026-05-04 09:00:00+00:00,445.74,445.82,444.72,445.69,74.74431676000002
2026-05-04 10:00:00+00:00,445.83,445.91,437.03,442.99,899.3011744800003
2026-05-04 11:00:00+00:00,442.96,444.21,442.65,444.09,180.76927646000004
2026-05-04 12:00:00+00:00,444.0,444.97,443.25,443.49,60.18515474
2026-05-04 13:00:00+00:00,443.58,449.04,441.99,443.93,1697.04001014
2026-05-04 14:00:00+00:00,443.92,446.61,441.35,445.42,838.9213045699997
2026-05-04 15:00:00+00:00,445.38,445.77,440.72,442.61,863.7099346299998
2026-05-04 16:00:00+00:00,442.44,444.0,441.05,442.81,294.7457086399999
2026-05-04 17:00:00+00:00,442.88,444.65,442.88,444.36,174.22477442999997
2026-05-04 18:00:00+00:00,444.28,445.07,443.43,444.45,450.31695270999984
2026-05-04 19:00:00+00:00,444.33,444.42,443.61,444.04,72.35405093999996
2026-05-04 20:00:00+00:00,444.04,444.93,443.4,444.57,58.02349323000001
2026-05-04 21:00:00+00:00,444.59,445.31,443.91,444.56,55.16481282
2026-05-04 22:00:00+00:00,444.39,445.09,443.7,443.84,135.05112361
2026-05-04 23:00:00+00:00,443.6,444.38,443.0,443.85,170.18651519000005
2026-05-05 00:00:00+00:00,443.86,444.9,443.12,444.3,89.37546757999996
2026-05-05 01:00:00+00:00,444.22,444.54,443.32,443.78,74.07454607
2026-05-05 02:00:00+00:00,443.71,444.48,442.91,443.23,73.00792099000002
2026-05-05 03:00:00+00:00,443.24,446.07,443.17,445.64,151.51925764
2026-05-05 04:00:00+00:00,445.68,445.79,443.74,444.04,76.95005399
2026-05-05 05:00:00+00:00,443.87,448.18,443.52,445.28,502.01198706
2026-05-05 06:00:00+00:00,445.46,445.56,444.44,445.39,105.71882598999996
2026-05-05 07:00:00+00:00,445.26,446.87,444.77,446.39,108.32866741
2026-05-05 08:00:00+00:00,446.6,457.39,446.16,454.08,3343.9026324600013
2026-05-05 09:00:00+00:00,454.12,456.34,453.47,454.72,548.9322647500001
2026-05-05 10:00:00+00:00,454.71,460.63,454.41,459.97,797.0424755500001
2026-05-05 11:00:00+00:00,459.9,461.63,459.81,461.07,527.9642493900001
2026-05-05 12:00:00+00:00,461.04,461.4,452.15,459.67,1739.20303894
2026-05-05 13:00:00+00:00,459.96,461.41,458.88,458.94,527.95741295
2026-05-05 14:00:00+00:00,458.88,459.05,455.01,456.66,645.91137565
2026-05-05 15:00:00+00:00,456.63,456.99,454.58,455.7,424.3866660700001
2026-05-05 16:00:00+00:00,455.66,456.57,454.09,454.9,184.20189988000007
2026-05-05 17:00:00+00:00,454.89,455.16,454.01,454.18,119.55421416999998
2026-05-05 18:00:00+00:00,454.14,455.26,453.72,455.22,67.14040591
2026-05-05 19:00:00+00:00,455.1,455.67,454.37,455.67,53.38347481000001
2026-05-05 20:00:00+00:00,455.62,458.15,454.6,456.94,198.6887459
2026-05-05 21:00:00+00:00,456.91,458.29,455.46,456.19,265.75347081000007
2026-05-05 22:00:00+00:00,456.33,464.26,454.09,464.26,1667.4553986699998
2026-05-05 23:00:00+00:00,464.25,464.35,460.64,461.28,439.86178295
