Datetime,Open,High,Low,Close,Volume
2025-12-21 20:00:00+00:00,88458.0,88587.0,88200.31,88210.0,108.13472410999996
2025-12-21 21:00:00+00:00,88208.4,88454.0,88073.6,88137.97,105.71639401000002
2025-12-21 22:00:00+00:00,88137.96,88572.0,88094.77,88448.95,99.04064805000002
2025-12-21 23:00:00+00:00,88436.0,88893.0,88338.93,88639.95,264.6364540099998
2025-12-22 00:00:00+00:00,88639.87,89764.0,88566.4,88627.0,787.30858697
2025-12-22 01:00:00+00:00,88600.01,89358.0,88491.02,88598.02,433.9367227699998
2025-12-22 02:00:00+00:00,88605.9,88743.0,87846.17,88538.0,403.2544240799997
2025-12-22 03:00:00+00:00,88451.4,88926.0,88250.01,88750.01,220.91254601999995
2025-12-22 04:00:00+00:00,88771.7,89101.0,88686.01,88884.15,267.1892753099999
2025-12-22 05:00:00+00:00,88885.2,89071.0,88728.2,88803.96,196.18081830000008
2025-12-22 06:00:00+00:00,88804.0,89090.0,88701.37,88875.61,190.69977299
2025-12-22 07:00:00+00:00,88871.3,89280.0,88849.74,89235.0,182.92467552
2025-12-22 08:00:00+00:00,89130.1,89973.0,89054.24,89383.0,411.8349943399999
2025-12-22 09:00:00+00:00,89294.0,89872.0,89251.18,89785.97,229.63395432
2025-12-22 10:00:00+00:00,89785.5,89906.0,89566.66,89748.06,252.40866451000008
2025-12-22 11:00:00+00:00,89746.0,90142.0,89617.6,89945.0,605.8990751400003
2025-12-22 12:00:00+00:00,89900.32,90606.0,89824.95,90174.0,645.303559119999
2025-12-22 13:00:00+00:00,90170.09,90350.0,89674.28,89876.77,679.09099712
2025-12-22 14:00:00+00:00,89872.6,90329.0,89395.04,90097.0,1092.1165923599997
2025-12-22 15:00:00+00:00,90097.0,90480.0,89142.55,89702.4,1055.0032480599998
2025-12-22 16:00:00+00:00,89702.4,90134.0,89479.82,89507.32,754.0044366199999
2025-12-22 17:00:00+00:00,89512.7,89598.0,89031.8,89268.18,655.33140434
2025-12-22 18:00:00+00:00,89273.8,89543.0,89077.37,89090.93,555.1905990699998
2025-12-22 19:00:00+00:00,89112.5,89163.0,87914.59,87996.17,1118.6886489599992
2025-12-22 20:00:00+00:00,87996.17,88535.0,87853.86,88294.02,796.7367575199999
2025-12-22 21:00:00+00:00,88292.86,88676.0,88158.05,88321.0,424.11386971
2025-12-22 22:00:00+00:00,88220.16,88871.0,88091.8,88607.0,292.73840033
2025-12-22 23:00:00+00:00,88610.0,88744.0,88362.01,88655.0,309.59125369000003
2025-12-23 00:00:00+00:00,88653.0,88989.0,88434.68,88719.8,349.02762758
2025-12-23 01:00:00+00:00,88727.9,88940.0,88368.06,88456.02,353.8851255499995
2025-12-23 02:00:00+00:00,88469.1,88826.0,88058.88,88149.99,403.31574635
2025-12-23 03:00:00+00:00,88143.4,88407.0,87740.4,88202.0,401.51640743
2025-12-23 04:00:00+00:00,88199.0,88417.0,87863.33,87867.96,191.07509741
2025-12-23 05:00:00+00:00,87897.2,88058.0,87536.15,87701.89,314.9570275299999
2025-12-23 06:00:00+00:00,87695.4,87823.0,86997.14,87446.0,508.4923016800002
2025-12-23 07:00:00+00:00,87360.1,87744.0,87309.61,87505.98,230.24048291000005
2025-12-23 08:00:00+00:00,87505.97,87740.0,87365.73,87512.0,178.26365020000006
2025-12-23 09:00:00+00:00,87413.3,87672.0,87239.24,87471.4,217.37088468000005
2025-12-23 10:00:00+00:00,87477.3,87719.0,87432.6,87546.85,200.6101858900001
2025-12-23 11:00:00+00:00,87544.1,87946.0,87499.73,87915.0,171.963706
2025-12-23 12:00:00+00:00,87816.9,88000.0,87542.08,87730.38,302.9739164199999
2025-12-23 13:00:00+00:00,87837.0,87962.0,87356.09,87667.0,370.4374595399997
2025-12-23 14:00:00+00:00,87579.3,87885.0,86533.86,86814.02,817.6291711699996
2025-12-23 15:00:00+00:00,86814.02,87572.0,86645.99,87390.51,684.2905698399994
2025-12-23 16:00:00+00:00,87390.51,88210.0,87271.65,87946.29,852.6956025199994
2025-12-23 17:00:00+00:00,87962.7,88300.0,87094.01,87128.0,597.0558238599997
2025-12-23 18:00:00+00:00,87141.0,88196.0,87110.27,87921.09,524.1820515699997
2025-12-23 19:00:00+00:00,87929.1,88057.0,87578.55,87760.0,444.2090242699998
2025-12-23 20:00:00+00:00,87693.42,88379.0,87465.4,87613.32,598.4662986999996
2025-12-23 21:00:00+00:00,87613.32,87867.0,87443.18,87663.39,367.34466749
2025-12-23 22:00:00+00:00,87663.39,87795.0,87193.67,87351.63,315.58023115000015
2025-12-23 23:00:00+00:00,87351.63,87536.0,87123.43,87429.32,558.5500667400001
2025-12-24 00:00:00+00:00,87416.4,87679.0,87195.75,87595.91,262.83580982
2025-12-24 01:00:00+00:00,87599.8,87852.0,87435.36,87571.2,239.83350757
2025-12-24 02:00:00+00:00,87604.6,87675.0,86867.3,87068.89,414.58569945
2025-12-24 03:00:00+00:00,87091.8,87414.0,86801.72,87278.1,258.7995676300002
2025-12-24 04:00:00+00:00,87274.0,87484.0,87020.0,87085.05,184.1033399700001
2025-12-24 05:00:00+00:00,87079.3,87273.0,86725.5,86895.49,266.6624444300001
2025-12-24 06:00:00+00:00,86895.5,87096.0,86717.72,86953.99,271.0684466700002
2025-12-24 07:00:00+00:00,86959.7,87209.0,86837.76,86843.96,187.28482262000009
2025-12-24 08:00:00+00:00,86843.97,87116.0,86685.92,86827.0,176.17384613000013
2025-12-24 09:00:00+00:00,86727.2,86939.0,86653.99,86734.96,155.63636111000002
2025-12-24 10:00:00+00:00,86749.6,87234.0,86732.72,87029.42,179.74124547000017
2025-12-24 11:00:00+00:00,87021.1,87367.0,87021.1,87155.9,148.59767080000012
2025-12-24 12:00:00+00:00,87156.0,87500.0,87077.12,87383.8,219.80064200000004
2025-12-24 13:00:00+00:00,87383.8,87556.0,86988.6,87234.42,338.6926455900004
2025-12-24 14:00:00+00:00,87234.42,87473.0,86271.4,86925.21,842.8461771999996
2025-12-24 15:00:00+00:00,86925.21,87249.0,86501.39,86978.71,679.5691347399996
2025-12-24 16:00:00+00:00,86980.02,87713.0,86843.99,87214.0,702.3838201099999
2025-12-24 17:00:00+00:00,87214.0,87587.0,87172.6,87257.34,326.68821286
2025-12-24 18:00:00+00:00,87250.8,87527.0,87166.61,87406.6,454.2920569199995
2025-12-24 19:00:00+00:00,87404.6,87601.0,87286.75,87498.87,267.0084334100001
2025-12-24 20:00:00+00:00,87498.8,87707.0,87458.91,87494.01,195.85481368
2025-12-24 21:00:00+00:00,87496.2,87825.0,87494.99,87631.96,182.99203178000005
2025-12-24 22:00:00+00:00,87631.98,88094.0,87624.8,87940.0,297.4465885600001
2025-12-24 23:00:00+00:00,87940.1,88052.0,87517.6,87609.03,226.41958285000027
2025-12-25 00:00:00+00:00,87613.7,87782.0,87447.05,87501.99,112.92940354
2025-12-25 01:00:00+00:00,87501.99,87780.0,87488.0,87730.0,112.53778393
2025-12-25 02:00:00+00:00,87631.3,87998.0,87504.34,87825.22,151.54996109
2025-12-25 03:00:00+00:00,87844.1,87959.0,87709.6,87782.85,101.19418979000002
2025-12-25 04:00:00+00:00,87793.1,87886.0,87661.26,87718.44,112.29729410000004
2025-12-25 05:00:00+00:00,87767.0,87815.0,87592.1,87689.83,146.05079836000004
2025-12-25 06:00:00+00:00,87711.4,87875.0,87628.01,87779.18,127.61302880999996
2025-12-25 07:00:00+00:00,87779.17,87894.0,87694.46,87786.4,53.866703819999984
2025-12-25 08:00:00+00:00,87786.4,87918.0,87268.54,87526.02,138.51312865999995
2025-12-25 09:00:00+00:00,87528.2,87632.0,87385.35,87460.6,78.28789053999998
2025-12-25 10:00:00+00:00,87460.6,87554.0,87193.64,87361.3,95.23836755000002
2025-12-25 11:00:00+00:00,87361.31,87616.0,87348.38,87462.4,72.21103802000003
2025-12-25 12:00:00+00:00,87462.4,87620.0,87423.93,87513.45,44.39484799
2025-12-25 13:00:00+00:00,87488.1,87701.0,87338.44,87571.95,88.32269463
2025-12-25 14:00:00+00:00,87582.9,87790.0,87491.95,87672.06,83.04739343999998
2025-12-25 15:00:00+00:00,87672.06,88615.0,87657.44,88313.03,474.6410796700002
2025-12-25 16:00:00+00:00,88316.01,88498.0,87928.12,88095.0,270.25615081
2025-12-25 17:00:00+00:00,88048.6,88218.0,87929.92,88070.86,207.71775905000013
2025-12-25 18:00:00+00:00,88081.4,88333.0,88070.41,88180.02,111.22637771999996
2025-12-25 19:00:00+00:00,88178.6,88263.0,87993.94,88091.64,109.93140512
2025-12-25 20:00:00+00:00,88088.0,88178.0,87571.7,87832.01,256.20425964
2025-12-25 21:00:00+00:00,87833.2,88010.0,87733.51,87840.11,129.17368287000002
2025-12-25 22:00:00+00:00,87838.8,87942.0,87255.01,87603.99,253.56071578000004
2025-12-25 23:00:00+00:00,87589.8,87796.0,86899.0,87171.68,487.1678790699997
2025-12-26 00:00:00+00:00,87171.46,87368.0,86829.0,87154.0,532.0806995199999
2025-12-26 01:00:00+00:00,87052.0,87500.0,87051.9,87367.66,256.6224743200001
2025-12-26 02:00:00+00:00,87370.2,89439.0,87358.7,89107.99,1228.26817377
2025-12-26 03:00:00+00:00,89108.0,89282.0,88621.91,88840.0,438.1693234199999
2025-12-26 04:00:00+00:00,88736.5,89157.0,88435.36,88891.03,259.2853329000001
2025-12-26 05:00:00+00:00,88897.8,89054.0,88693.08,88918.87,191.7887628399999
2025-12-26 06:00:00+00:00,88934.0,89251.0,88918.87,89053.1,297.06458029
2025-12-26 07:00:00+00:00,89053.1,89568.0,88271.48,88377.39,793.6322527500001
2025-12-26 08:00:00+00:00,88375.0,88888.0,88329.28,88674.8,205.29374652000004
2025-12-26 09:00:00+00:00,88664.93,88947.0,88573.66,88822.0,256.9746244099998
2025-12-26 10:00:00+00:00,88749.9,88898.0,88610.07,88760.0,145.87883050999997
2025-12-26 11:00:00+00:00,88699.2,88769.0,88460.0,88471.93,221.71600013
2025-12-26 12:00:00+00:00,88498.5,88770.0,88470.02,88612.4,116.41995494000004
2025-12-26 13:00:00+00:00,88612.4,89067.0,88551.27,88935.0,261.9747506200001
2025-12-26 14:00:00+00:00,88961.8,89085.0,87275.54,87307.98,1046.77311759
2025-12-26 15:00:00+00:00,87309.99,87426.0,86569.53,87060.01,2122.94267747
2025-12-26 16:00:00+00:00,87066.1,87444.0,86733.15,86783.1,1105.1415346999995
2025-12-26 17:00:00+00:00,86783.1,87545.0,86716.31,87232.5,487.0016409399999
2025-12-26 18:00:00+00:00,87232.5,87480.0,87052.8,87192.0,354.22832868000006
2025-12-26 19:00:00+00:00,87200.8,87670.0,87152.64,87421.94,243.58743243000004
2025-12-26 20:00:00+00:00,87437.2,87881.0,87287.84,87507.92,479.65622035000007
2025-12-26 21:00:00+00:00,87494.04,87799.0,87369.69,87393.27,350.76717385999984
2025-12-26 22:00:00+00:00,87393.27,87691.0,87241.96,87474.49,183.98114013
2025-12-26 23:00:00+00:00,87474.47,87649.0,87256.68,87296.01,121.21065065
2025-12-27 00:00:00+00:00,87303.6,87525.0,86944.24,87329.16,306.0559417100009
2025-12-27 01:00:00+00:00,87342.1,87578.0,87260.4,87412.32,94.95250809
2025-12-27 02:00:00+00:00,87411.4,87587.0,87327.88,87391.6,85.10723747000002
2025-12-27 03:00:00+00:00,87391.6,87625.0,87316.49,87446.7,114.4359267
2025-12-27 04:00:00+00:00,87446.7,87608.0,87393.57,87414.79,50.16730185000001
2025-12-27 05:00:00+00:00,87402.3,87604.0,87378.15,87448.39,40.410670050000014
2025-12-27 06:00:00+00:00,87440.0,87642.0,87347.26,87405.84,65.05223211
2025-12-27 07:00:00+00:00,87384.1,87792.0,87384.0,87470.54,70.35848505000003
2025-12-27 08:00:00+00:00,87467.5,87753.0,87467.4,87530.31,48.66558025
2025-12-27 09:00:00+00:00,87530.2,87745.0,87489.26,87562.25,76.02574563999997
2025-12-27 10:00:00+00:00,87559.4,87706.0,87310.16,87591.0,64.96531218000003
2025-12-27 11:00:00+00:00,87445.7,87634.0,87381.02,87422.73,38.01879587999999
2025-12-27 12:00:00+00:00,87416.6,87604.0,87367.69,87424.04,63.05108647999999
2025-12-27 13:00:00+00:00,87414.6,87561.0,87262.0,87400.02,75.49468141999998
2025-12-27 14:00:00+00:00,87399.1,87662.0,87243.0,87480.4,158.8008314700001
2025-12-27 15:00:00+00:00,87474.1,87710.0,87421.79,87669.0,97.32776335000004
2025-12-27 16:00:00+00:00,87491.3,87701.0,87383.13,87448.0,97.61323274000004
2025-12-27 17:00:00+00:00,87443.7,87673.0,87404.02,87493.0,80.70251526000006
2025-12-27 18:00:00+00:00,87493.0,87686.0,87300.0,87443.5,199.50363585000025
2025-12-27 19:00:00+00:00,87427.7,87695.0,87427.6,87501.0,148.24626390999998
2025-12-27 20:00:00+00:00,87501.0,87742.0,87461.4,87500.92,65.66598616000005
2025-12-27 21:00:00+00:00,87501.3,87769.0,87500.91,87605.25,102.56337798000004
2025-12-27 22:00:00+00:00,87605.25,88028.0,87436.54,87495.69,208.1925131399999
2025-12-27 23:00:00+00:00,87507.7,88080.0,87490.24,87808.0,183.0496836200001
2025-12-28 00:00:00+00:00,87814.4,88053.0,87637.8,87779.75,137.02256230999998
2025-12-28 01:00:00+00:00,87784.8,88028.0,87659.4,87722.66,139.1109931900001
2025-12-28 02:00:00+00:00,87722.1,87957.0,87683.23,87737.18,63.20098959000002
2025-12-28 03:00:00+00:00,87737.17,87933.0,87664.64,87664.71,50.06072962000003
2025-12-28 04:00:00+00:00,87664.71,87926.0,87590.3,87657.42,127.31851056999996
2025-12-28 05:00:00+00:00,87651.5,87801.0,87538.25,87590.32,57.57535918000002
2025-12-28 06:00:00+00:00,87579.0,87878.0,87560.49,87655.51,64.93933836000001
2025-12-28 07:00:00+00:00,87669.8,87820.0,87595.9,87809.0,45.29875384999998
2025-12-28 08:00:00+00:00,87809.0,88060.0,87650.9,87736.16,53.52747055
2025-12-28 09:00:00+00:00,87728.7,87987.0,87650.0,87739.47,63.80852163999997
2025-12-28 10:00:00+00:00,87739.47,88092.0,87708.2,87792.88,86.84898550999998
2025-12-28 11:00:00+00:00,87782.7,88000.0,87737.06,87821.17,82.22796309000005
2025-12-28 12:00:00+00:00,87792.8,87971.0,87712.13,87773.32,81.25198864000015
2025-12-28 13:00:00+00:00,87772.5,88027.0,87727.94,87822.04,115.10858293999996
2025-12-28 14:00:00+00:00,87830.1,88174.0,87822.04,87846.5,135.46565914
2025-12-28 15:00:00+00:00,87858.6,88091.0,87748.6,87770.32,168.5243036400002
2025-12-28 16:00:00+00:00,87774.9,88000.0,87669.76,87748.01,75.44420399000002
2025-12-28 17:00:00+00:00,87750.0,88019.0,87598.05,87673.99,122.23643112000002
2025-12-28 18:00:00+00:00,87684.5,87860.0,87424.38,87530.02,239.18869479000008
2025-12-28 19:00:00+00:00,87532.4,87780.0,87434.41,87449.26,163.7367433100002
2025-12-28 20:00:00+00:00,87472.2,87733.0,87349.52,87579.0,154.12986288000013
2025-12-28 21:00:00+00:00,87459.3,87675.0,87352.36,87500.1,150.73474121000007
2025-12-28 22:00:00+00:00,87526.4,88059.0,87408.0,87831.83,146.78565701000005
2025-12-28 23:00:00+00:00,87831.83,88128.0,87565.6,87877.29,299.29686923
2025-12-29 00:00:00+00:00,87877.28,88498.0,87712.2,88222.05,517.06588262
2025-12-29 01:00:00+00:00,88217.61,88518.0,87766.5,88361.85,420.43634635000006
2025-12-29 02:00:00+00:00,88361.86,89432.0,88358.7,89066.32,1285.7048929200016
2025-12-29 03:00:00+00:00,89076.0,90159.0,88993.09,90108.0,924.5493153000008
2025-12-29 04:00:00+00:00,90005.5,90401.0,89836.72,90127.0,656.1822065599997
2025-12-29 05:00:00+00:00,90068.3,90295.0,89827.4,89882.04,531.31415442
2025-12-29 06:00:00+00:00,89911.7,90117.0,89647.69,89671.99,446.2830776599999
2025-12-29 07:00:00+00:00,89663.0,89853.0,89385.4,89491.5,441.40656188000014
2025-12-29 08:00:00+00:00,89502.71,89849.0,89350.4,89447.93,314.5397763100001
2025-12-29 09:00:00+00:00,89447.94,89610.0,87661.93,88003.99,915.6639159300004
2025-12-29 10:00:00+00:00,88003.98,88303.0,87542.0,87808.0,456.9428388800004
2025-12-29 11:00:00+00:00,87686.1,87821.0,87443.65,87448.83,428.4245793
2025-12-29 12:00:00+00:00,87485.0,87669.0,86675.0,87267.8,1280.1397254799997
2025-12-29 13:00:00+00:00,87267.8,87586.0,87044.0,87277.86,432.54126216000026
2025-12-29 14:00:00+00:00,87260.8,88218.0,87150.0,87321.22,1360.1105490700002
2025-12-29 15:00:00+00:00,87325.7,87920.0,87085.55,87577.99,660.8496242900002
2025-12-29 16:00:00+00:00,87587.4,87849.0,87332.51,87531.99,530.9096376200004
2025-12-29 17:00:00+00:00,87536.7,87860.0,87234.07,87752.32,360.90035033
2025-12-29 18:00:00+00:00,87730.9,87999.0,87240.0,87360.63,573.4207408899997
2025-12-29 19:00:00+00:00,87360.62,87670.0,87204.12,87243.73,434.3520381300001
2025-12-29 20:00:00+00:00,87253.9,87591.0,86935.8,87095.5,812.6814899199994
2025-12-29 21:00:00+00:00,87078.52,87373.0,87037.9,87214.0,255.64129436000005
2025-12-29 22:00:00+00:00,87214.0,87395.0,86955.76,87227.79,351.3917391599999
2025-12-29 23:00:00+00:00,87231.2,87395.0,87061.16,87228.0,239.59101049999995
2025-12-30 00:00:00+00:00,87135.1,87360.0,86989.71,87138.83,250.22935650999992
2025-12-30 01:00:00+00:00,87138.83,87363.0,86994.6,87193.94,299.90047409000005
2025-12-30 02:00:00+00:00,87193.94,87336.0,86855.47,86984.48,413.5039651799998
2025-12-30 03:00:00+00:00,86975.0,87425.0,86704.98,87259.68,406.26026375
2025-12-30 04:00:00+00:00,87251.0,87477.0,87172.4,87204.4,201.46008886000004
2025-12-30 05:00:00+00:00,87190.05,87365.0,87031.98,87140.01,171.07551749000004
2025-12-30 06:00:00+00:00,87114.3,87500.0,87112.2,87335.33,191.15312059
2025-12-30 07:00:00+00:00,87320.6,87607.0,87252.6,87380.7,145.24504876999995
2025-12-30 08:00:00+00:00,87380.71,88212.0,87371.98,87746.76,509.32133111
2025-12-30 09:00:00+00:00,87748.61,88041.0,87536.9,87882.02,214.22168939
2025-12-30 10:00:00+00:00,87875.1,88180.0,87765.9,87832.25,323.41497675000005
2025-12-30 11:00:00+00:00,87843.3,88025.0,87635.07,87791.99,196.34335331000003
2025-12-30 12:00:00+00:00,87775.1,88095.0,87775.1,87914.84,236.46917288999995
2025-12-30 13:00:00+00:00,87883.9,88130.0,87794.26,87996.6,354.74686709
2025-12-30 14:00:00+00:00,88004.0,89000.0,87716.6,88767.99,1789.5513573500004
2025-12-30 15:00:00+00:00,88759.4,89188.0,88101.2,88954.99,1369.1942716799986
2025-12-30 16:00:00+00:00,88957.09,89444.0,88474.4,88659.99,1284.5258006799993
2025-12-30 17:00:00+00:00,88643.2,88937.0,88050.17,88297.59,631.8900735100001
2025-12-30 18:00:00+00:00,88293.2,88543.0,88039.0,88226.5,439.5654389599998
2025-12-30 19:00:00+00:00,88250.1,88464.0,87876.72,88145.74,457.68453846999984
2025-12-30 20:00:00+00:00,88140.4,88260.0,87780.82,87836.94,543.94775854
2025-12-30 21:00:00+00:00,87836.94,88386.0,87789.99,88337.0,296.37009607000005
2025-12-30 22:00:00+00:00,88197.87,88509.0,88172.3,88335.23,210.68471327
2025-12-30 23:00:00+00:00,88317.2,88625.0,88259.76,88397.5,244.54118
2025-12-31 00:00:00+00:00,88400.1,88538.0,88141.95,88156.0,198.00086332000004
2025-12-31 01:00:00+00:00,88167.1,88832.0,88068.44,88550.41,318.34266093999986
2025-12-31 02:00:00+00:00,88550.2,88797.0,88408.7,88573.77,187.04351317
2025-12-31 03:00:00+00:00,88568.2,88873.0,88262.1,88344.71,263.0878070699999
2025-12-31 04:00:00+00:00,88330.0,88594.0,88217.01,88225.11,136.90681311
2025-12-31 05:00:00+00:00,88225.12,88567.0,88225.12,88347.98,151.2536746500001
2025-12-31 06:00:00+00:00,88347.98,88610.0,88342.05,88403.82,100.55850870000006
2025-12-31 07:00:00+00:00,88389.5,88678.0,88317.69,88503.98,84.93881516000005
2025-12-31 08:00:00+00:00,88500.0,88780.0,88285.55,88314.9,112.27666965000004
2025-12-31 09:00:00+00:00,88317.2,88754.0,88317.2,88558.32,165.6885879
2025-12-31 10:00:00+00:00,88554.6,88929.0,88553.34,88732.03,173.6099691600001
2025-12-31 11:00:00+00:00,88700.0,89077.0,88688.01,88906.29,250.81235481
2025-12-31 12:00:00+00:00,88902.2,89072.0,88634.46,88672.0,311.7970332
2025-12-31 13:00:00+00:00,88659.3,89086.0,88626.59,88879.94,276.2497637299998
2025-12-31 14:00:00+00:00,88854.9,89243.0,88161.32,88382.97,928.536368580001
2025-12-31 15:00:00+00:00,88350.0,88540.0,87654.46,87837.8,927.6903239999998
2025-12-31 16:00:00+00:00,87810.3,88121.0,87259.01,87531.06,1103.031178789999
2025-12-31 17:00:00+00:00,87518.4,87825.0,87356.29,87506.0,939.6256793599993
2025-12-31 18:00:00+00:00,87506.0,88076.0,87433.01,87554.16,517.6415991599997
2025-12-31 19:00:00+00:00,87570.1,87937.0,87373.37,87391.02,447.9384902599999
2025-12-31 20:00:00+00:00,87420.3,87772.0,87082.64,87523.98,867.6441286699995
2025-12-31 21:00:00+00:00,87521.2,87953.0,87492.97,87879.0,428.43410661
2025-12-31 22:00:00+00:00,87647.99,87964.0,87502.71,87800.0,295.04545601000007
2025-12-31 23:00:00+00:00,87584.2,87800.0,87458.81,87497.94,271.89611567
2026-01-01 00:00:00+00:00,87497.95,87930.0,87456.1,87650.01,296.24539809999993
2026-01-01 01:00:00+00:00,87663.5,88117.0,87642.2,87796.09,256.8015342399999
2026-01-01 02:00:00+00:00,87810.3,88156.0,87666.89,87753.11,306.8931459599998
2026-01-01 03:00:00+00:00,87764.0,88074.0,87667.26,87696.53,167.9249436999999
2026-01-01 04:00:00+00:00,87696.53,87907.0,87361.74,87418.55,803.0066023999995
2026-01-01 05:00:00+00:00,87417.5,87769.0,87416.03,87552.7,229.82519817
2026-01-01 06:00:00+00:00,87552.7,87740.0,87460.25,87493.28,132.77525083999996
2026-01-01 07:00:00+00:00,87501.3,87702.0,87437.99,87471.99,135.40181383999996
2026-01-01 08:00:00+00:00,87453.7,87840.0,87453.6,87617.55,220.6668884000001
2026-01-01 09:00:00+00:00,87615.6,87997.0,87596.3,87705.0,69.43395116999999
2026-01-01 10:00:00+00:00,87705.0,87923.0,87648.5,87709.3,94.78815085999996
2026-01-01 11:00:00+00:00,87711.1,88062.0,87711.0,88053.0,26.72410489
2026-01-01 12:00:00+00:00,87866.7,88102.0,87802.0,87977.0,16.82418272
2026-01-01 13:00:00+00:00,87977.0,88066.0,87750.1,87791.1,65.31030645000001
2026-01-01 14:00:00+00:00,87791.1,88017.0,87700.0,87851.1,439.7335024400004
2026-01-01 15:00:00+00:00,87851.2,88155.0,87815.3,88075.0,68.16128328
2026-01-01 16:00:00+00:00,87923.5,88089.0,87776.1,87852.9,36.49102340999999
2026-01-01 17:00:00+00:00,87852.9,88542.0,87838.6,88183.2,90.95534523999996
2026-01-01 18:00:00+00:00,88183.2,88412.0,88013.1,88230.0,53.43811930999999
2026-01-01 19:00:00+00:00,88044.9,88476.0,87956.4,88429.0,17.067499729999998
2026-01-01 20:00:00+00:00,88250.9,88429.0,88143.8,88295.0,28.22199951
2026-01-01 21:00:00+00:00,88152.6,88485.0,88144.9,88425.0,33.230410979999974
2026-01-01 22:00:00+00:00,88430.0,88735.0,88281.4,88680.0,57.03259889999999
2026-01-01 23:00:00+00:00,88530.4,88946.0,88355.8,88731.8,80.06471909
2026-01-02 00:00:00+00:00,88730.0,88921.0,88475.14,88869.0,355.6599483300001
2026-01-02 01:00:00+00:00,88706.1,88908.0,88387.4,88542.3,176.88594549
2026-01-02 02:00:00+00:00,88537.5,88703.0,88272.08,88539.99,156.36442631000006
2026-01-02 03:00:00+00:00,88540.0,89144.0,88462.89,88840.02,592.7091820599996
2026-01-02 04:00:00+00:00,88827.2,89011.0,88520.01,88532.01,214.89688822
2026-01-02 05:00:00+00:00,88526.7,88808.0,88458.5,88656.48,171.27268125999998
2026-01-02 06:00:00+00:00,88644.3,89099.0,88620.0,88837.1,171.82268429
2026-01-02 07:00:00+00:00,88832.4,89084.0,88724.75,88739.4,211.05840830000005
2026-01-02 08:00:00+00:00,88739.5,89207.0,88673.49,89056.0,354.9630306
2026-01-02 09:00:00+00:00,89064.5,89500.0,88992.9,89371.99,640.8888008599997
2026-01-02 10:00:00+00:00,89339.1,89957.0,89339.1,89544.6,572.38155016
2026-01-02 11:00:00+00:00,89544.6,89688.0,89256.28,89411.99,318.98754425000004
2026-01-02 12:00:00+00:00,89402.1,89600.0,89279.6,89316.01,324.96101767
2026-01-02 13:00:00+00:00,89304.5,89700.0,89222.2,89280.28,316.09599525999977
2026-01-02 14:00:00+00:00,89250.4,90130.0,88375.0,89539.58,1578.9908913899994
2026-01-02 15:00:00+00:00,89511.3,89883.0,88715.0,89352.02,1337.7468225899984
2026-01-02 16:00:00+00:00,89352.03,90834.0,89115.0,90329.0,1848.3937602899985
2026-01-02 17:00:00+00:00,90328.99,90949.0,90102.3,90335.75,1684.3845014299986
2026-01-02 18:00:00+00:00,90315.1,90564.0,88761.0,89732.71,1033.21587717
2026-01-02 19:00:00+00:00,89703.2,90155.0,89604.0,89909.0,875.4218308499997
2026-01-02 20:00:00+00:00,89906.0,90095.0,89573.04,89693.1,731.0254755699993
2026-01-02 21:00:00+00:00,89694.1,90181.0,89669.02,90020.0,308.32913720000005
2026-01-02 22:00:00+00:00,90020.01,90412.81,89974.2,90164.0,241.90772603
2026-01-02 23:00:00+00:00,90156.3,90207.0,89847.14,89957.99,157.86984607000008
2026-01-03 00:00:00+00:00,89934.0,90201.0,89917.21,90124.94,161.24602109
2026-01-03 01:00:00+00:00,90124.93,90306.0,90032.5,90240.01,242.5304489
2026-01-03 02:00:00+00:00,90247.2,90412.0,90095.23,90296.02,237.6300499900002
2026-01-03 03:00:00+00:00,90302.9,90373.0,90164.0,90293.58,121.17850194000005
2026-01-03 04:00:00+00:00,90282.2,90486.0,90012.28,90132.72,267.43600009
2026-01-03 05:00:00+00:00,90132.71,90204.0,89884.98,90002.0,130.27472946
2026-01-03 06:00:00+00:00,90004.01,90131.0,89809.58,89856.0,107.05425153000002
2026-01-03 07:00:00+00:00,89845.2,89948.0,89284.13,89558.3,315.00236706999993
2026-01-03 08:00:00+00:00,89558.4,89843.0,89386.65,89639.99,205.64202726
2026-01-03 09:00:00+00:00,89624.4,89981.0,89596.8,89790.0,255.86137406000003
2026-01-03 10:00:00+00:00,89747.4,89867.0,89669.5,89717.94,142.7586069600001
2026-01-03 11:00:00+00:00,89716.9,89773.0,89627.22,89703.2,98.10002006
2026-01-03 12:00:00+00:00,89703.2,90030.0,89582.5,89988.63,197.03991238
2026-01-03 13:00:00+00:00,89969.7,90059.0,89867.1,89956.43,98.10674545
2026-01-03 14:00:00+00:00,89953.5,90267.0,89908.0,90079.99,253.39574881
2026-01-03 15:00:00+00:00,90063.7,90119.1,89908.78,89929.0,158.60045666000008
2026-01-03 16:00:00+00:00,89923.9,90176.4,89856.0,90060.08,257.9158201
2026-01-03 17:00:00+00:00,90051.1,90087.99,89967.43,90049.48,88.39672949
2026-01-03 18:00:00+00:00,90022.4,90155.99,89975.0,90090.0,80.97466833
2026-01-03 19:00:00+00:00,90099.8,90124.99,89992.0,90070.0,231.36128586
2026-01-03 20:00:00+00:00,90055.5,90348.71,89959.0,90319.97,229.62284239
2026-01-03 21:00:00+00:00,90300.0,90697.0,90260.0,90503.7,315.1847964100001
2026-01-03 22:00:00+00:00,90506.0,90688.0,90413.53,90552.02,180.07485596000006
2026-01-03 23:00:00+00:00,90534.4,90674.0,90421.35,90598.02,163.9634780699999
2026-01-04 00:00:00+00:00,90598.01,91568.08,90590.0,91295.85,690.5549776800003
2026-01-04 01:00:00+00:00,91291.3,91453.62,90954.0,91190.42,316.21411428
2026-01-04 02:00:00+00:00,91191.9,91265.8,91030.5,91103.99,158.7374113900001
2026-01-04 03:00:00+00:00,91084.2,91342.43,91031.0,91193.98,175.67638822999996
2026-01-04 04:00:00+00:00,91199.4,91545.0,91123.0,91336.0,203.20458121
2026-01-04 05:00:00+00:00,91358.4,91455.64,91276.0,91439.99,77.35084826000003
2026-01-04 06:00:00+00:00,91451.6,91768.3,91177.0,91191.88,346.56757938999993
2026-01-04 07:00:00+00:00,91200.1,91505.53,91163.0,91485.0,223.17387028000007
2026-01-04 08:00:00+00:00,91476.2,91505.9,91122.0,91317.0,232.30053522999995
2026-01-04 09:00:00+00:00,91316.9,91446.0,91198.0,91412.0,144.70482383000004
2026-01-04 10:00:00+00:00,91411.8,91584.0,91370.0,91537.0,124.60264542
2026-01-04 11:00:00+00:00,91532.5,91556.85,91173.0,91274.0,146.09931605999995
2026-01-04 12:00:00+00:00,91252.1,91329.88,91016.0,91104.53,171.37054774
2026-01-04 13:00:00+00:00,91100.1,91245.9,90965.0,91228.78,168.44010138000007
2026-01-04 14:00:00+00:00,91210.1,91386.28,91083.0,91299.33,194.75954394
2026-01-04 15:00:00+00:00,91275.0,91340.0,91031.0,91291.42,125.01520949
2026-01-04 16:00:00+00:00,91288.7,91419.12,91184.0,91254.0,163.73084286999998
2026-01-04 17:00:00+00:00,91285.2,91414.55,91234.0,91304.6,114.69366816
2026-01-04 18:00:00+00:00,91304.6,91308.1,90927.0,91172.29,197.5151336
2026-01-04 19:00:00+00:00,91165.1,91179.99,90804.0,91101.9,252.61594421
2026-01-04 20:00:00+00:00,91116.7,91315.0,91053.0,91256.0,143.90698946000003
2026-01-04 21:00:00+00:00,91253.1,91392.0,91109.0,91214.0,118.66601131000004
2026-01-04 22:00:00+00:00,91213.0,91365.8,91060.0,91125.0,127.59967752
2026-01-04 23:00:00+00:00,91173.15,91563.62,91132.0,91494.0,378.09349023
2026-01-05 00:00:00+00:00,91489.03,92398.64,91419.0,92291.0,953.5277023300011
2026-01-05 01:00:00+00:00,92371.99,93343.89,92170.0,92927.23,1135.851441190001
2026-01-05 02:00:00+00:00,92906.9,93135.19,92605.0,92983.9,395.0561937400002
2026-01-05 03:00:00+00:00,92983.9,93170.79,92742.0,92841.41,254.87266339
2026-01-05 04:00:00+00:00,92835.8,92945.24,92223.0,92559.84,360.38851337000006
2026-01-05 05:00:00+00:00,92566.3,92688.0,92243.0,92312.46,206.60465294000005
2026-01-05 06:00:00+00:00,92312.46,92466.5,92030.0,92440.74,291.04615011000004
2026-01-05 07:00:00+00:00,92440.2,92599.95,92348.0,92478.02,154.04052532
2026-01-05 08:00:00+00:00,92478.03,92727.99,92311.0,92426.06,269.2355965
2026-01-05 09:00:00+00:00,92421.13,92800.9,92200.0,92586.0,301.1618789099999
2026-01-05 10:00:00+00:00,92650.1,93113.27,92556.0,92955.0,382.33749369
2026-01-05 11:00:00+00:00,92959.0,93127.36,92749.0,93094.0,297.62830635000006
2026-01-05 12:00:00+00:00,93049.6,93173.59,92627.0,92810.9,393.1808777300001
2026-01-05 13:00:00+00:00,92810.9,92978.7,92418.0,92620.0,393.12075939000016
2026-01-05 14:00:00+00:00,92678.1,93649.05,92176.0,93410.58,1300.070088940001
2026-01-05 15:00:00+00:00,93318.0,93999.99,93036.0,93947.6,1657.561653850001
2026-01-05 16:00:00+00:00,93937.1,94078.0,93464.0,93588.0,1370.662096900002
2026-01-05 17:00:00+00:00,93588.0,94487.3,93141.0,94316.0,1342.2949768100011
2026-01-05 18:00:00+00:00,94316.0,94529.99,93779.0,94446.61,1072.9636755799995
2026-01-05 19:00:00+00:00,94450.0,94508.34,94002.0,94296.02,905.8011507700004
2026-01-05 20:00:00+00:00,94296.02,94825.27,93898.0,94194.02,1172.7742165800028
2026-01-05 21:00:00+00:00,94196.0,94240.01,93674.0,94098.83,553.10109116
2026-01-05 22:00:00+00:00,94088.5,94417.3,93878.0,94176.01,427.75838069
2026-01-05 23:00:00+00:00,94176.8,94206.91,93694.0,93870.06,287.47427774
2026-01-06 00:00:00+00:00,93866.9,94006.09,93421.0,93813.28,438.35319841
2026-01-06 01:00:00+00:00,93812.5,94175.38,93596.0,93774.95,317.96890039999994
2026-01-06 02:00:00+00:00,93760.0,93878.01,93380.0,93624.13,320.26806700000003
2026-01-06 03:00:00+00:00,93609.4,93945.11,93462.0,93620.0,224.66245467
2026-01-06 04:00:00+00:00,93755.0,94000.0,93599.0,93796.03,191.86211329
2026-01-06 05:00:00+00:00,93796.03,93816.56,93427.0,93581.0,168.04419671999997
2026-01-06 06:00:00+00:00,93582.1,93939.0,93402.0,93751.61,203.30107086
2026-01-06 07:00:00+00:00,93761.1,93761.1,93005.0,93212.74,370.86855975
2026-01-06 08:00:00+00:00,93215.4,93386.57,93039.0,93198.33,303.24374540999975
2026-01-06 09:00:00+00:00,93198.33,93543.97,93090.0,93424.01,264.75435006000004
2026-01-06 10:00:00+00:00,93437.6,93634.0,93275.0,93549.7,233.21380066
2026-01-06 11:00:00+00:00,93549.71,93881.51,93434.0,93830.0,227.82450620999992
2026-01-06 12:00:00+00:00,93794.1,93967.63,91980.0,93831.57,517.1814084800019
2026-01-06 13:00:00+00:00,93836.8,93846.93,93493.0,93692.96,277.0604343699999
2026-01-06 14:00:00+00:00,93682.4,94439.63,93380.0,93809.96,1337.520045410001
2026-01-06 15:00:00+00:00,93786.9,94311.31,93218.0,93621.84,891.0846526999997
2026-01-06 16:00:00+00:00,93621.84,93754.35,92215.0,92647.58,1361.7879281999997
2026-01-06 17:00:00+00:00,92650.1,92730.5,91435.0,91527.98,1588.101154910001
2026-01-06 18:00:00+00:00,91515.0,92184.56,91164.0,91983.98,1088.7070156000004
2026-01-06 19:00:00+00:00,91988.8,92292.11,91798.0,92040.91,495.2054553599999
2026-01-06 20:00:00+00:00,92048.6,92651.95,91994.0,92447.52,676.6193879399997
2026-01-06 21:00:00+00:00,92392.0,93793.92,92259.0,93218.66,1097.5799539599996
2026-01-06 22:00:00+00:00,93219.5,93495.06,92839.0,93323.07,425.1502632000001
2026-01-06 23:00:00+00:00,93306.8,93760.01,93203.0,93722.01,386.01895395999975
2026-01-07 00:00:00+00:00,93711.8,93722.01,92512.0,92652.02,482.6718436699999
2026-01-07 01:00:00+00:00,92661.8,92845.52,92210.0,92379.88,463.9449117899999
2026-01-07 02:00:00+00:00,92412.3,93018.19,92109.0,92905.22,338.4819254099999
2026-01-07 03:00:00+00:00,92900.0,93079.95,92609.0,92760.01,282.81812728
2026-01-07 04:00:00+00:00,92736.8,92890.58,92463.0,92609.45,228.80492536
2026-01-07 05:00:00+00:00,92605.5,92819.32,92369.0,92478.38,222.99469216999995
2026-01-07 06:00:00+00:00,92478.38,92842.1,92383.0,92547.61,150.32440659999995
2026-01-07 07:00:00+00:00,92562.4,92833.25,92478.0,92764.0,127.16323484
2026-01-07 08:00:00+00:00,92789.1,92917.2,92565.0,92646.71,196.33683304
2026-01-07 09:00:00+00:00,92649.6,92649.6,91514.0,91629.1,586.5012814600005
2026-01-07 10:00:00+00:00,91650.1,92000.0,91518.63,91926.5,291.66112018
2026-01-07 11:00:00+00:00,91926.5,92259.0,91851.12,92092.0,218.77888159
2026-01-07 12:00:00+00:00,92007.2,92191.0,91880.19,91915.99,210.41599988
2026-01-07 13:00:00+00:00,91935.1,92299.0,91781.41,91970.02,274.29476274
2026-01-07 14:00:00+00:00,91970.02,92195.0,91273.44,91898.86,875.26063801
2026-01-07 15:00:00+00:00,91898.87,92053.0,90924.85,91258.01,1757.514675289999
2026-01-07 16:00:00+00:00,91264.0,91784.0,91038.96,91176.81,1013.4197397299988
2026-01-07 17:00:00+00:00,91169.1,91685.0,90926.42,91151.3,1056.0790906099992
2026-01-07 18:00:00+00:00,91176.9,91423.0,90645.42,90810.04,738.8647195699995
2026-01-07 19:00:00+00:00,90821.3,91255.0,90576.24,91155.0,891.25167573
2026-01-07 20:00:00+00:00,91087.3,91278.0,90653.83,90930.07,582.8601961599999
2026-01-07 21:00:00+00:00,90930.07,91221.0,90915.54,90995.84,208.2142058899999
2026-01-07 22:00:00+00:00,90995.83,91356.0,90786.44,91085.3,274.9727932399999
2026-01-07 23:00:00+00:00,91160.0,91472.0,90913.4,91279.73,332.18907783
2026-01-08 00:00:00+00:00,91279.73,91500.0,90979.62,91296.01,213.3686330300001
2026-01-08 01:00:00+00:00,91298.8,91677.0,91194.57,91316.98,346.2752852900001
2026-01-08 02:00:00+00:00,91327.2,91470.0,90648.0,90855.54,395.2555144699999
2026-01-08 03:00:00+00:00,90844.0,91116.0,90500.0,90702.0,287.65700757
2026-01-08 04:00:00+00:00,90701.5,91145.0,90589.7,90919.46,238.64715587000003
2026-01-08 05:00:00+00:00,90918.9,91192.0,90668.01,90713.97,166.18288210999998
2026-01-08 06:00:00+00:00,90699.9,90859.0,89741.1,89778.22,785.4646376200002
2026-01-08 07:00:00+00:00,89765.8,90550.0,89507.4,90408.0,458.54921166000014
2026-01-08 08:00:00+00:00,90424.2,90737.0,90030.0,90112.0,236.22858473
2026-01-08 09:00:00+00:00,90096.8,90352.0,89835.53,89893.98,266.2774971099999
2026-01-08 10:00:00+00:00,89883.1,90477.0,89656.5,90291.9,350.45160861000005
2026-01-08 11:00:00+00:00,90291.9,90475.0,89896.52,90097.8,526.4534074299997
2026-01-08 12:00:00+00:00,90097.8,90220.0,89649.32,89859.75,476.67997167999977
2026-01-08 13:00:00+00:00,89859.75,90098.0,89744.76,89831.98,350.6315935399999
2026-01-08 14:00:00+00:00,89855.0,90144.0,89200.0,89906.34,1327.0293959800006
2026-01-08 15:00:00+00:00,89919.9,90838.0,89700.0,90690.0,933.2928795599988
2026-01-08 16:00:00+00:00,90690.02,90932.0,90193.01,90852.01,698.4972920699998
2026-01-08 17:00:00+00:00,90829.3,91431.0,90754.61,91304.01,1060.4099357400007
2026-01-08 18:00:00+00:00,91308.7,91460.0,90864.45,91038.3,844.3287298499993
2026-01-08 19:00:00+00:00,91046.0,91315.0,90726.7,90856.97,419.03277161000017
2026-01-08 20:00:00+00:00,90846.8,90978.0,90475.6,90847.09,674.1602876000001
2026-01-08 21:00:00+00:00,90844.6,91317.0,90833.43,91201.91,815.4783453899997
2026-01-08 22:00:00+00:00,91206.37,91473.0,90958.55,91211.0,303.58712739
2026-01-08 23:00:00+00:00,91162.4,91325.0,90970.86,91029.1,337.69957486999976
2026-01-09 00:00:00+00:00,91024.01,91287.0,90970.56,91207.89,283.4095780499999
2026-01-09 01:00:00+00:00,91211.2,91616.0,90750.04,90965.75,493.0299922100001
2026-01-09 02:00:00+00:00,90947.0,91466.0,90929.92,90954.89,255.33447596999991
2026-01-09 03:00:00+00:00,90938.8,91242.0,90866.56,91118.4,206.0946843000001
2026-01-09 04:00:00+00:00,91118.4,91215.0,90834.6,90992.0,113.65410116000004
2026-01-09 05:00:00+00:00,90913.3,91095.0,90798.92,90978.01,186.55547027
2026-01-09 06:00:00+00:00,90966.8,91132.0,90866.05,91016.81,292.90699421999994
2026-01-09 07:00:00+00:00,91024.6,91110.0,90626.5,90730.0,622.4113174099999
2026-01-09 08:00:00+00:00,90626.6,90835.0,89583.58,89903.34,733.9578887500003
2026-01-09 09:00:00+00:00,89900.0,90451.0,89887.98,90227.83,254.37970905999984
2026-01-09 10:00:00+00:00,90221.5,90530.0,90165.44,90384.04,144.87262490999993
2026-01-09 11:00:00+00:00,90384.05,90664.0,90297.1,90336.8,111.17695833
2026-01-09 12:00:00+00:00,90336.8,90573.0,90126.9,90427.0,171.01189564
2026-01-09 13:00:00+00:00,90351.9,90952.0,90304.18,90495.13,480.6058434099997
2026-01-09 14:00:00+00:00,90495.13,90669.0,89836.16,90051.95,804.6572507
2026-01-09 15:00:00+00:00,90055.0,92000.0,89735.11,91096.0,1759.653981230001
2026-01-09 16:00:00+00:00,91094.51,91782.0,91056.7,91553.04,943.63101247
2026-01-09 17:00:00+00:00,91553.04,91666.0,90908.76,91332.55,1069.6529379999995
2026-01-09 18:00:00+00:00,91346.6,91495.0,90239.81,90723.97,846.0711295499995
2026-01-09 19:00:00+00:00,90722.0,90807.0,90064.43,90217.89,656.0811613700001
2026-01-09 20:00:00+00:00,90217.88,90574.0,90109.13,90271.0,487.2761462099999
2026-01-09 21:00:00+00:00,90188.01,90610.0,90000.0,90410.01,310.70379490000005
2026-01-09 22:00:00+00:00,90514.0,90692.0,90222.1,90500.0,148.27034637
2026-01-09 23:00:00+00:00,90500.0,90722.0,90459.39,90515.45,144.16555601
2026-01-10 00:00:00+00:00,90513.3,90677.0,90375.99,90463.85,124.21212347999996
2026-01-10 01:00:00+00:00,90463.54,90723.0,90436.0,90560.02,106.62873598
2026-01-10 02:00:00+00:00,90549.4,90778.0,90468.0,90563.98,193.67946497
2026-01-10 03:00:00+00:00,90563.97,90689.0,90419.7,90503.51,54.57230147000001
2026-01-10 04:00:00+00:00,90516.0,90650.0,90280.0,90325.99,96.58529297
2026-01-10 05:00:00+00:00,90321.8,90614.0,90302.0,90469.76,49.51675792
2026-01-10 06:00:00+00:00,90473.1,90608.0,90340.01,90372.06,70.39330514
2026-01-10 07:00:00+00:00,90370.4,90683.0,90370.3,90543.77,54.58779406999999
2026-01-10 08:00:00+00:00,90532.6,90750.0,90486.9,90540.0,84.63318444000002
2026-01-10 09:00:00+00:00,90510.1,90760.0,90495.98,90642.0,65.29230466999998
2026-01-10 10:00:00+00:00,90612.9,90833.0,90599.6,90821.0,228.5224279999999
2026-01-10 11:00:00+00:00,90699.7,90825.0,90584.0,90614.02,64.68213877999999
2026-01-10 12:00:00+00:00,90584.8,90792.0,90536.41,90620.27,66.40034031000002
2026-01-10 13:00:00+00:00,90598.9,90769.0,90516.0,90528.9,52.33488701000001
2026-01-10 14:00:00+00:00,90529.0,90665.0,90415.77,90472.0,74.08771256999998
2026-01-10 15:00:00+00:00,90444.4,90671.0,90444.4,90536.87,58.4392701
2026-01-10 16:00:00+00:00,90536.87,90734.0,90484.91,90556.01,89.10158917999999
2026-01-10 17:00:00+00:00,90552.1,90752.0,90403.76,90426.68,83.27080502
2026-01-10 18:00:00+00:00,90419.8,90593.0,90380.53,90468.64,112.07486293999996
2026-01-10 19:00:00+00:00,90452.6,90628.0,90445.09,90504.7,44.45508687
2026-01-10 20:00:00+00:00,90504.7,90650.0,90438.3,90448.0,64.34079438000002
2026-01-10 21:00:00+00:00,90444.1,90571.0,90364.95,90380.1,80.25379829000003
2026-01-10 22:00:00+00:00,90381.84,90594.0,90251.43,90306.17,150.99393617000007
2026-01-10 23:00:00+00:00,90304.0,90587.0,90277.66,90385.54,97.62961293000002
2026-01-11 00:00:00+00:00,90375.2,90656.0,90324.8,90505.35,90.78339246000004
2026-01-11 01:00:00+00:00,90506.7,90675.0,90408.94,90513.51,55.04874803999997
2026-01-11 02:00:00+00:00,90487.0,90741.0,90486.9,90568.41,83.70850726000005
2026-01-11 03:00:00+00:00,90568.41,90741.0,90508.91,90618.85,79.361149
2026-01-11 04:00:00+00:00,90608.0,90789.0,90538.14,90788.0,57.52362080999998
2026-01-11 05:00:00+00:00,90671.9,90860.0,90612.01,90656.01,135.01793990000002
2026-01-11 06:00:00+00:00,90638.7,90807.0,90472.74,90618.8,50.04090935000001
2026-01-11 07:00:00+00:00,90618.9,90755.0,90547.61,90585.96,32.69577639000001
2026-01-11 08:00:00+00:00,90586.2,90804.0,90491.93,90780.0,97.86466283999997
2026-01-11 09:00:00+00:00,90669.9,90810.0,90547.21,90609.15,54.11476552
2026-01-11 10:00:00+00:00,90615.4,90735.0,90554.7,90609.98,47.46370491000001
2026-01-11 11:00:00+00:00,90605.1,90739.0,90568.17,90621.85,29.538485859999987
2026-01-11 12:00:00+00:00,90613.9,91000.0,90590.18,90801.52,166.51629209
2026-01-11 13:00:00+00:00,90828.1,90961.0,90686.72,90735.0,108.66503809999996
2026-01-11 14:00:00+00:00,90750.9,91161.0,90734.99,90996.52,323.97706071999994
2026-01-11 15:00:00+00:00,90996.52,91124.0,90507.7,90751.56,210.6111272400001
2026-01-11 16:00:00+00:00,90749.8,91263.0,90745.66,90909.86,177.05938517999994
2026-01-11 17:00:00+00:00,90914.1,91118.0,90772.52,90849.52,114.49756985000002
2026-01-11 18:00:00+00:00,90854.4,90965.0,90654.81,90749.99,113.98785335000008
2026-01-11 19:00:00+00:00,90755.8,90903.0,90530.8,90553.91,110.69757956999996
2026-01-11 20:00:00+00:00,90554.0,90723.0,90290.0,90566.87,243.9757161400001
2026-01-11 21:00:00+00:00,90577.1,90812.0,90463.36,90618.0,107.57871073999996
2026-01-11 22:00:00+00:00,90611.3,90719.0,90295.56,90401.63,135.92676863000003
2026-01-11 23:00:00+00:00,90413.4,91000.0,90100.0,90872.01,415.12357352000015
2026-01-12 00:00:00+00:00,90861.1,91233.0,90562.92,91120.0,417.08587411
2026-01-12 01:00:00+00:00,91120.0,91796.0,90953.49,91280.25,774.5684740000003
2026-01-12 02:00:00+00:00,91280.1,92347.0,91230.0,92084.01,825.49501239
2026-01-12 03:00:00+00:00,92084.01,92493.0,91664.01,91674.4,654.39984891
2026-01-12 04:00:00+00:00,91674.4,92243.0,91608.35,92036.3,262.77096454999986
2026-01-12 05:00:00+00:00,92036.4,92206.0,91911.28,91986.54,217.84561494999988
2026-01-12 06:00:00+00:00,91986.54,92150.0,91669.22,91694.85,252.2091020000001
2026-01-12 07:00:00+00:00,91699.2,91904.0,91255.0,91277.59,260.18320087999973
2026-01-12 08:00:00+00:00,91296.0,91571.0,90254.05,90627.98,869.0678751599997
2026-01-12 09:00:00+00:00,90627.98,90895.0,90521.46,90566.17,308.59701106000006
2026-01-12 10:00:00+00:00,90566.16,90753.0,90234.0,90315.36,297.56876648
2026-01-12 11:00:00+00:00,90308.7,90768.0,90297.69,90570.0,243.69217051000007
2026-01-12 12:00:00+00:00,90518.6,90831.0,90473.12,90737.0,194.56568588
2026-01-12 13:00:00+00:00,90659.4,90790.0,90414.95,90508.0,298.95249505
2026-01-12 14:00:00+00:00,90577.0,91082.0,89995.2,90791.99,885.5997049799997
2026-01-12 15:00:00+00:00,90808.5,91631.0,90588.49,91565.4,1179.2043966599992
2026-01-12 16:00:00+00:00,91565.4,92275.0,91495.0,92067.0,1583.9674273099995
2026-01-12 17:00:00+00:00,92052.1,92256.36,90944.26,91432.51,1085.1407769800005
2026-01-12 18:00:00+00:00,91422.5,91898.0,91331.76,91615.52,565.7931444000001
2026-01-12 19:00:00+00:00,91615.52,91835.0,91349.29,91784.13,469.77924424
2026-01-12 20:00:00+00:00,91779.2,92000.0,91326.61,91430.0,377.9783694400001
2026-01-12 21:00:00+00:00,91406.0,91454.0,90849.4,90973.97,608.2928242299997
2026-01-12 22:00:00+00:00,90964.9,91396.0,90964.9,91140.61,246.57238595999985
2026-01-12 23:00:00+00:00,91152.0,91269.0,90964.5,91190.9,206.85565569000005
2026-01-13 00:00:00+00:00,91191.0,91500.0,91148.12,91366.82,326.9629973400001
2026-01-13 01:00:00+00:00,91394.0,91500.0,90925.17,91084.04,218.6004751199999
2026-01-13 02:00:00+00:00,91078.0,91326.0,91007.01,91018.04,189.31148526
2026-01-13 03:00:00+00:00,91018.04,91407.0,91012.0,91310.01,177.54128372
2026-01-13 04:00:00+00:00,91295.3,91624.0,91236.0,91406.77,179.09773251999997
2026-01-13 05:00:00+00:00,91400.5,92239.0,91375.83,91820.24,440.0472224299999
2026-01-13 06:00:00+00:00,91808.8,92246.0,91694.21,92085.12,307.9949042699999
2026-01-13 07:00:00+00:00,92092.0,92183.0,91773.73,91837.19,187.25262255
2026-01-13 08:00:00+00:00,91846.5,92224.0,91831.08,92076.41,190.6309602199999
2026-01-13 09:00:00+00:00,92067.8,92657.0,91854.2,92186.3,738.7874468899995
2026-01-13 10:00:00+00:00,92186.3,92313.0,91890.1,92084.0,193.01224390999988
2026-01-13 11:00:00+00:00,92040.8,92213.0,91860.63,91895.69,202.88490155
2026-01-13 12:00:00+00:00,91891.9,92106.0,91810.88,92019.13,150.2391771399999
2026-01-13 13:00:00+00:00,92006.2,92567.0,91882.27,91973.55,818.0122616600004
2026-01-13 14:00:00+00:00,91970.71,92860.0,91650.0,92384.0,1676.4711045100016
2026-01-13 15:00:00+00:00,92394.71,93432.69,92026.0,93425.99,2172.864667290001
2026-01-13 16:00:00+00:00,93386.5,93754.0,93000.0,93384.11,2507.3935729000004
2026-01-13 17:00:00+00:00,93353.5,93490.0,93016.0,93190.12,897.55261724
2026-01-13 18:00:00+00:00,93200.1,93849.99,93097.0,93606.17,1255.9553266900002
2026-01-13 19:00:00+00:00,93599.7,94242.89,93364.0,94230.54,1895.2290460699992
2026-01-13 20:00:00+00:00,94200.0,94500.0,94009.0,94411.91,2346.8614565800026
2026-01-13 21:00:00+00:00,94415.71,94500.0,93926.09,94090.01,1603.5173084300022
2026-01-13 22:00:00+00:00,94090.0,96476.1,93940.0,95620.0,2327.230307010001
2026-01-13 23:00:00+00:00,95704.2,96097.0,94938.0,95384.23,878.6855653700004
2026-01-14 00:00:00+00:00,95385.59,95622.9,95044.0,95208.02,627.17765877
2026-01-14 01:00:00+00:00,95192.7,95550.01,95000.0,95217.65,643.1095917899999
2026-01-14 02:00:00+00:00,95216.0,95540.0,95063.0,95319.35,571.8555394199999
2026-01-14 03:00:00+00:00,95282.2,95691.95,95114.0,95683.13,424.8853938399999
2026-01-14 04:00:00+00:00,95574.0,95759.8,95084.0,95208.86,350.55205749000004
2026-01-14 05:00:00+00:00,95185.2,95262.8,94848.0,95000.01,754.7695663599999
2026-01-14 06:00:00+00:00,94977.9,95016.38,94387.0,95004.73,654.3477569000004
2026-01-14 07:00:00+00:00,95004.72,95217.85,94740.0,95186.89,593.5157633299996
2026-01-14 08:00:00+00:00,95172.6,95298.66,94836.0,94862.0,304.94155831999984
2026-01-14 09:00:00+00:00,94867.61,95175.54,94817.0,95068.07,372.94247002
2026-01-14 10:00:00+00:00,95049.7,95281.33,94831.0,95066.01,667.5799250200002
2026-01-14 11:00:00+00:00,95064.61,95080.37,94674.0,94739.0,341.2896319499998
2026-01-14 12:00:00+00:00,94729.5,95125.56,94614.0,95034.55,456.1360401500001
2026-01-14 13:00:00+00:00,95030.5,95206.93,94825.0,94935.0,606.2017067799991
2026-01-14 14:00:00+00:00,94957.0,96816.0,94925.0,96484.3,2755.576023810003
2026-01-14 15:00:00+00:00,96504.03,97112.51,96114.0,96770.01,3888.488183890002
2026-01-14 16:00:00+00:00,96747.9,97729.98,96686.0,97321.38,3803.546560320002
2026-01-14 17:00:00+00:00,97300.0,97843.91,96665.4,96974.0,2364.652757280001
2026-01-14 18:00:00+00:00,96974.0,97140.12,96174.0,96814.02,1368.658960480001
2026-01-14 19:00:00+00:00,96805.3,97692.75,96596.0,97273.44,1074.79804108
2026-01-14 20:00:00+00:00,97242.9,97963.62,97092.0,97676.01,1594.7633100300002
2026-01-14 21:00:00+00:00,97679.98,97738.11,97263.0,97574.0,912.50775263
2026-01-14 22:00:00+00:00,97546.3,97588.95,96599.0,96888.31,1033.89926509
2026-01-14 23:00:00+00:00,96888.31,97395.49,96710.0,96955.16,468.3985133999999
2026-01-15 00:00:00+00:00,96954.02,97015.41,96350.0,96646.71,488.1811295299999
2026-01-15 01:00:00+00:00,96624.8,96989.91,96144.0,96431.13,443.5647426800003
2026-01-15 02:00:00+00:00,96437.8,96608.7,96000.0,96307.38,433.0269708700004
2026-01-15 03:00:00+00:00,96300.0,96383.16,95639.0,95950.0,556.34754962
2026-01-15 04:00:00+00:00,95937.9,96355.14,95810.0,96288.01,329.39444113
2026-01-15 05:00:00+00:00,96260.4,96486.43,96102.0,96403.32,344.96894482000016
2026-01-15 06:00:00+00:00,96403.32,96565.61,96032.0,96226.9,390.31111626999984
2026-01-15 07:00:00+00:00,96227.0,96737.34,96052.0,96616.13,245.78067254
2026-01-15 08:00:00+00:00,96575.0,96648.58,96206.0,96558.0,327.6878504999998
2026-01-15 09:00:00+00:00,96558.0,97176.42,96476.0,96967.0,450.86362588
2026-01-15 10:00:00+00:00,97030.7,97070.24,96658.0,96800.1,359.09516402000025
2026-01-15 11:00:00+00:00,96800.1,96904.96,96506.0,96562.02,279.7109369399999
2026-01-15 12:00:00+00:00,96569.8,96995.25,96445.0,96959.91,303.83023957999995
2026-01-15 13:00:00+00:00,96962.2,97012.08,96522.0,96832.99,560.4751615900002
2026-01-15 14:00:00+00:00,96822.3,97139.7,95517.0,96021.91,1584.4816151800003
2026-01-15 15:00:00+00:00,96021.9,96729.0,95364.0,96690.95,1501.79708837
2026-01-15 16:00:00+00:00,96682.49,96895.91,96201.0,96699.97,937.09288517
2026-01-15 17:00:00+00:00,96711.8,97041.95,96353.0,96584.0,676.4615978500002
2026-01-15 18:00:00+00:00,96583.99,96605.47,95665.0,95819.03,898.4543268500003
2026-01-15 19:00:00+00:00,95801.9,95916.13,95076.0,95464.9,956.04884912
2026-01-15 20:00:00+00:00,95481.7,95628.53,95054.0,95225.99,1174.6662208300004
2026-01-15 21:00:00+00:00,95233.91,95596.92,95125.0,95514.0,522.7735053499999
2026-01-15 22:00:00+00:00,95514.0,95838.0,95424.0,95542.12,238.65385901
2026-01-15 23:00:00+00:00,95500.0,95691.66,95332.0,95587.65,229.60845363
2026-01-16 00:00:00+00:00,95578.2,95798.0,95494.0,95595.6,290.9650215099998
2026-01-16 01:00:00+00:00,95595.6,95830.49,95335.0,95632.49,211.49173217
2026-01-16 02:00:00+00:00,95629.8,95657.46,95282.5,95471.06,333.0086244800001
2026-01-16 03:00:00+00:00,95471.06,95562.39,95237.0,95319.18,156.01388521000004
2026-01-16 04:00:00+00:00,95319.17,95561.18,95027.0,95236.01,264.34131363999995
2026-01-16 05:00:00+00:00,95236.01,95668.1,95132.0,95636.86,265.75617956
2026-01-16 06:00:00+00:00,95609.3,95801.96,95411.0,95716.0,245.2631793699999
2026-01-16 07:00:00+00:00,95713.5,95760.9,95345.0,95632.6,147.7635205500001
2026-01-16 08:00:00+00:00,95632.7,95821.67,95468.0,95638.0,166.1022032799999
2026-01-16 09:00:00+00:00,95638.4,95754.46,95485.0,95578.02,89.65263536
2026-01-16 10:00:00+00:00,95581.4,95602.01,95184.0,95276.82,260.42347519000003
2026-01-16 11:00:00+00:00,95274.1,95470.7,95144.0,95388.0,290.61158675000013
2026-01-16 12:00:00+00:00,95396.0,95550.26,95233.0,95430.13,166.20523071999983
2026-01-16 13:00:00+00:00,95430.13,95548.47,95188.0,95413.12,278.62765348000005
2026-01-16 14:00:00+00:00,95413.12,95799.96,95100.0,95155.71,607.4635797500001
2026-01-16 15:00:00+00:00,95155.71,95630.1,94199.0,94496.0,1400.4068191000006
2026-01-16 16:00:00+00:00,94531.87,94964.39,94418.0,94831.99,492.2980854200006
2026-01-16 17:00:00+00:00,94831.99,95095.77,94468.0,95035.15,302.6725994300001
2026-01-16 18:00:00+00:00,95039.1,95187.8,94911.0,94951.64,434.5000484100001
2026-01-16 19:00:00+00:00,94971.5,95036.0,94769.0,94947.55,453.27435098
2026-01-16 20:00:00+00:00,94961.8,95552.64,94579.0,95517.0,1013.07002572
2026-01-16 21:00:00+00:00,95530.02,95581.61,95000.0,95481.46,665.4414654699998
2026-01-16 22:00:00+00:00,95481.46,95557.7,95000.0,95473.99,247.4567086399999
2026-01-16 23:00:00+00:00,95473.97,95544.87,95381.0,95504.0,156.93879612000003
2026-01-17 00:00:00+00:00,95510.3,95542.25,95383.0,95427.97,116.29651723
2026-01-17 01:00:00+00:00,95426.64,95499.27,95335.24,95363.0,215.55320915999988
2026-01-17 02:00:00+00:00,95363.0,95387.27,95149.0,95326.01,138.47996581
2026-01-17 03:00:00+00:00,95320.6,95348.0,95208.0,95337.2,83.41051715999996
2026-01-17 04:00:00+00:00,95337.2,95338.03,95198.0,95252.0,68.81567205999998
2026-01-17 05:00:00+00:00,95265.0,95347.8,95228.0,95279.99,85.93503591
2026-01-17 06:00:00+00:00,95269.6,95297.8,95140.0,95187.7,50.26257428999998
2026-01-17 07:00:00+00:00,95193.6,95193.6,94996.0,95060.09,75.09425146000001
2026-01-17 08:00:00+00:00,95053.0,95221.31,94952.0,95197.0,70.52713464999998
2026-01-17 09:00:00+00:00,95200.0,95261.22,95111.0,95222.33,37.35416093000001
2026-01-17 10:00:00+00:00,95223.5,95239.54,95037.0,95065.44,61.75339152000001
2026-01-17 11:00:00+00:00,95075.1,95287.13,94993.0,95254.4,49.66609006
2026-01-17 12:00:00+00:00,95254.4,95355.01,95177.0,95220.0,52.74571229
2026-01-17 13:00:00+00:00,95218.8,95420.0,95141.0,95402.02,98.88418231
2026-01-17 14:00:00+00:00,95368.7,95509.96,95306.0,95434.99,139.29489270000005
2026-01-17 15:00:00+00:00,95422.0,95714.0,95383.0,95538.2,194.0301219599999
2026-01-17 16:00:00+00:00,95538.2,95546.22,95173.0,95269.06,208.04805263999987
2026-01-17 17:00:00+00:00,95280.9,95428.84,95246.0,95337.69,114.06185096
2026-01-17 18:00:00+00:00,95293.4,95448.43,95293.4,95388.42,77.65152964
2026-01-17 19:00:00+00:00,95373.6,95391.0,95237.0,95260.17,94.65220295000002
2026-01-17 20:00:00+00:00,95253.8,95363.02,95237.71,95342.11,121.13567833
2026-01-17 21:00:00+00:00,95325.0,95383.0,95231.9,95271.69,75.03079684000002
2026-01-17 22:00:00+00:00,95271.69,95275.0,94980.12,95124.25,163.0390098200001
2026-01-17 23:00:00+00:00,95147.1,95180.26,95066.72,95111.0,135.85364739
2026-01-18 00:00:00+00:00,95092.0,95207.0,95018.0,95070.66,117.14505201999997
2026-01-18 01:00:00+00:00,95057.9,95072.0,94783.0,94928.45,193.22953459000004
2026-01-18 02:00:00+00:00,94909.6,95045.0,94835.05,94969.3,120.32321206999995
2026-01-18 03:00:00+00:00,94984.22,95185.0,94969.2,95138.0,109.26122943000004
2026-01-18 04:00:00+00:00,95138.0,95167.0,95034.01,95060.23,75.46505106999994
2026-01-18 05:00:00+00:00,95043.1,95233.0,95012.6,95148.0,93.97508222
2026-01-18 06:00:00+00:00,95136.9,95182.0,95087.86,95135.04,51.2524657
2026-01-18 07:00:00+00:00,95135.04,95163.0,94985.1,94994.0,70.58240287
2026-01-18 08:00:00+00:00,95000.1,95169.0,94978.0,95147.0,53.41637091999997
2026-01-18 09:00:00+00:00,95140.7,95253.0,95107.98,95224.0,68.47780565999997
2026-01-18 10:00:00+00:00,95240.0,95260.0,95040.83,95136.0,69.07292944000001
2026-01-18 11:00:00+00:00,95122.8,95147.0,95023.0,95123.98,45.03473404000001
2026-01-18 12:00:00+00:00,95113.0,95148.0,95028.87,95064.87,47.251142649999984
2026-01-18 13:00:00+00:00,95052.5,95189.0,94858.81,95108.8,125.99087532
2026-01-18 14:00:00+00:00,95108.9,95344.0,94875.2,94948.0,191.43398197
2026-01-18 15:00:00+00:00,94912.0,95115.0,94870.35,95074.1,143.29822591
2026-01-18 16:00:00+00:00,95074.11,95180.0,95012.89,95126.01,88.72672458999998
2026-01-18 17:00:00+00:00,95131.8,95280.0,95100.92,95217.99,123.48556352
2026-01-18 18:00:00+00:00,95222.5,95515.0,95062.24,95412.3,206.52209275000007
2026-01-18 19:00:00+00:00,95407.2,95513.0,95274.52,95336.0,139.64787213999998
2026-01-18 20:00:00+00:00,95330.0,95434.0,95241.38,95264.04,87.92933889999999
2026-01-18 21:00:00+00:00,95264.04,95432.0,95240.33,95384.08,95.20192356999996
2026-01-18 22:00:00+00:00,95385.0,95524.0,95332.31,95444.4,129.1127305199998
2026-01-18 23:00:00+00:00,95444.4,95488.0,93554.6,93633.53,1617.6459650500024
2026-01-19 00:00:00+00:00,93626.8,93662.0,91866.0,92668.25,1793.828978260001
2026-01-19 01:00:00+00:00,92695.0,92870.0,92182.33,92536.89,549.0265579600001
2026-01-19 02:00:00+00:00,92519.5,92677.0,92333.0,92522.0,260.4272154199999
2026-01-19 03:00:00+00:00,92546.4,92795.0,92427.68,92656.01,220.81194186999988
2026-01-19 04:00:00+00:00,92656.02,92770.0,92444.0,92616.36,239.43645274999992
2026-01-19 05:00:00+00:00,92640.4,92813.0,92453.9,92472.18,268.0020884400001
2026-01-19 06:00:00+00:00,92490.0,92638.0,92300.49,92544.51,352.6104447200001
2026-01-19 07:00:00+00:00,92520.0,92859.0,92502.65,92787.38,173.71297244000004
2026-01-19 08:00:00+00:00,92779.3,93363.0,92636.27,93208.01,367.5757894200002
2026-01-19 09:00:00+00:00,93231.0,93255.0,92887.52,92997.85,250.93662390999995
2026-01-19 10:00:00+00:00,92995.4,93066.0,92810.7,93015.99,142.09979718000002
2026-01-19 11:00:00+00:00,93006.7,93298.0,92914.84,93133.08,92.23657758999998
2026-01-19 12:00:00+00:00,93145.7,93214.0,92938.01,93010.71,142.40029688999996
2026-01-19 13:00:00+00:00,93002.4,93144.0,92718.58,92951.7,214.83317762
2026-01-19 14:00:00+00:00,92951.8,93028.0,92640.01,92751.34,272.2052841699999
2026-01-19 15:00:00+00:00,92751.34,93084.0,92751.05,93012.0,284.5078229
2026-01-19 16:00:00+00:00,93012.0,93399.0,92928.81,93252.49,269.40224829999994
2026-01-19 17:00:00+00:00,93274.0,93370.0,93087.75,93179.68,235.00177627
2026-01-19 18:00:00+00:00,93167.6,93240.0,92872.58,93001.37,199.49631684
2026-01-19 19:00:00+00:00,92993.2,93134.0,92930.9,93048.01,171.47386838999992
2026-01-19 20:00:00+00:00,93056.4,93255.0,93027.98,93098.91,188.10492966
2026-01-19 21:00:00+00:00,93096.0,93335.0,92926.5,92936.4,244.60138273
2026-01-19 22:00:00+00:00,92945.4,93032.0,92000.0,92478.8,440.0460663
2026-01-19 23:00:00+00:00,92478.8,92738.0,92079.93,92559.66,592.1749909000004
2026-01-20 00:00:00+00:00,92546.5,92850.0,92285.75,92650.1,213.51706198
2026-01-20 01:00:00+00:00,92637.63,92857.0,92447.09,92655.56,206.6159012899999
2026-01-20 02:00:00+00:00,92631.5,92711.0,92268.04,92478.12,242.34242347
2026-01-20 03:00:00+00:00,92497.0,92636.0,92190.13,92360.27,219.2332325
2026-01-20 04:00:00+00:00,92370.6,92468.0,91884.05,91991.75,353.3551775399999
2026-01-20 05:00:00+00:00,91986.4,92058.0,91208.1,91538.0,605.3449069299998
2026-01-20 06:00:00+00:00,91560.7,91604.0,90676.4,90829.99,740.1439410999999
2026-01-20 07:00:00+00:00,90827.53,91296.0,90752.63,91068.0,297.96559840999976
2026-01-20 08:00:00+00:00,91092.5,91241.0,90558.99,91101.0,331.30542229
2026-01-20 09:00:00+00:00,91000.8,91093.0,90795.54,90926.6,243.18872877
2026-01-20 10:00:00+00:00,90932.03,91299.0,90890.74,91170.01,139.73273894
2026-01-20 11:00:00+00:00,91160.2,91446.0,91120.0,91134.95,155.10008491000002
2026-01-20 12:00:00+00:00,91128.6,91318.0,90958.74,91195.92,237.33399104
2026-01-20 13:00:00+00:00,91197.2,91299.0,90667.27,90875.96,622.0441836499999
2026-01-20 14:00:00+00:00,90866.5,91361.0,90170.27,90435.99,1216.1007945200006
2026-01-20 15:00:00+00:00,90435.98,90789.0,89750.0,90591.1,1237.2649160899996
2026-01-20 16:00:00+00:00,90585.89,90987.0,89908.03,90061.11,914.8958735299996
2026-01-20 17:00:00+00:00,90076.4,90507.0,89305.88,89670.24,1402.9943551499994
2026-01-20 18:00:00+00:00,89675.3,89937.0,89268.0,89473.0,895.2410991999997
2026-01-20 19:00:00+00:00,89388.2,89782.0,89162.0,89596.5,1008.896316299999
2026-01-20 20:00:00+00:00,89595.96,89839.0,89244.54,89705.0,1680.4015950199985
2026-01-20 21:00:00+00:00,89606.0,89824.0,89291.99,89350.0,432.4108916199998
2026-01-20 22:00:00+00:00,89352.3,89731.0,87777.0,88372.2,1449.5556394699934
2026-01-20 23:00:00+00:00,88375.77,88500.0,87767.53,88310.6,897.5575166599995
2026-01-21 00:00:00+00:00,88309.9,88977.0,88130.01,88819.72,458.99791021
2026-01-21 01:00:00+00:00,88814.1,89170.0,88700.82,88907.35,457.14726013
2026-01-21 02:00:00+00:00,88907.25,89354.0,88869.83,88942.0,389.89081775999966
2026-01-21 03:00:00+00:00,88933.1,89627.0,88924.26,89319.06,408.17177576000006
2026-01-21 04:00:00+00:00,89316.7,89691.0,89220.93,89327.27,301.22392264999985
2026-01-21 05:00:00+00:00,89329.9,90170.0,89318.33,89847.96,421.89445757999977
2026-01-21 06:00:00+00:00,89830.3,90000.0,89390.2,89547.43,262.3308550299999
2026-01-21 07:00:00+00:00,89547.8,89814.0,88908.91,89119.1,823.1133466899996
2026-01-21 08:00:00+00:00,89119.1,89442.0,88874.06,89080.0,263.45588676
2026-01-21 09:00:00+00:00,89079.99,89557.0,88950.01,89001.07,233.03707977
2026-01-21 10:00:00+00:00,88998.3,89453.0,88950.17,89139.58,257.36858238
2026-01-21 11:00:00+00:00,89139.58,89463.0,88600.0,88691.8,291.55313129
2026-01-21 12:00:00+00:00,88700.0,88931.0,88101.0,88642.01,595.77313413
2026-01-21 13:00:00+00:00,88642.0,89082.0,88444.85,88580.0,521.3584722699999
2026-01-21 14:00:00+00:00,88588.5,91111.7,88512.11,89713.15,1718.3715215800012
2026-01-21 15:00:00+00:00,89710.4,90601.0,89655.92,90208.16,1071.479298560002
2026-01-21 16:00:00+00:00,90218.3,90384.0,87480.0,87501.32,1980.0002776800004
2026-01-21 17:00:00+00:00,87533.8,88193.0,87156.0,87836.0,2101.463599699997
2026-01-21 18:00:00+00:00,87853.9,88670.0,87416.0,88395.99,1232.3089455799989
2026-01-21 19:00:00+00:00,88375.0,90589.0,88194.0,90281.8,1512.116830959999
2026-01-21 20:00:00+00:00,90281.8,90385.0,89351.2,90136.01,1260.117100959999
2026-01-21 21:00:00+00:00,90136.0,90345.0,89873.87,90180.23,646.6945534300002
2026-01-21 22:00:00+00:00,90160.0,90399.0,89690.6,89690.61,253.2273645100001
2026-01-21 23:00:00+00:00,89690.61,90230.0,89269.65,89363.71,409.5034282599999
2026-01-22 00:00:00+00:00,89372.9,90061.0,89363.71,89828.22,310.1163860899998
2026-01-22 01:00:00+00:00,89815.1,90229.0,89737.65,90016.2,249.26218268999995
2026-01-22 02:00:00+00:00,90023.0,90395.0,89740.42,89850.13,242.10335533000008
2026-01-22 03:00:00+00:00,89868.2,90197.0,89605.99,89801.93,182.17002967999983
2026-01-22 04:00:00+00:00,89801.93,90117.0,89725.11,89905.96,262.93132346999994
2026-01-22 05:00:00+00:00,89918.7,90107.0,89826.0,89933.38,184.3857218199999
2026-01-22 06:00:00+00:00,89912.1,90250.0,89802.03,90079.5,163.92893849000006
2026-01-22 07:00:00+00:00,90080.34,90244.0,89698.08,89728.3,184.70504153
2026-01-22 08:00:00+00:00,89741.9,90015.0,89663.21,89945.0,174.34556988999992
2026-01-22 09:00:00+00:00,89830.43,90140.0,89796.66,89949.99,282.84755104999994
2026-01-22 10:00:00+00:00,89957.7,90115.0,89861.32,90080.0,221.66735593000007
2026-01-22 11:00:00+00:00,89989.82,90160.0,89795.08,89837.84,252.20518628
2026-01-22 12:00:00+00:00,89837.84,90096.0,89768.71,89928.2,254.30823925
2026-01-22 13:00:00+00:00,89928.2,90336.0,89383.86,89512.31,436.50354043
2026-01-22 14:00:00+00:00,89521.9,89759.0,88950.75,88991.92,986.58531751
2026-01-22 15:00:00+00:00,89067.0,89472.0,88408.65,88905.4,1230.2688486899997
2026-01-22 16:00:00+00:00,88904.8,89278.0,88570.0,88956.0,875.0221507799998
2026-01-22 17:00:00+00:00,88947.6,89609.0,88922.06,89457.67,723.0371397699996
2026-01-22 18:00:00+00:00,89483.0,89808.0,89205.86,89221.8,528.23954046
2026-01-22 19:00:00+00:00,89221.8,89945.0,89010.0,89785.0,633.8560616600001
2026-01-22 20:00:00+00:00,89677.58,89970.0,89291.29,89312.0,453.43550329000016
2026-01-22 21:00:00+00:00,89309.97,89689.0,89114.11,89166.92,403.07249225
2026-01-22 22:00:00+00:00,89166.92,89582.0,89043.8,89269.1,262.9961330000001
2026-01-22 23:00:00+00:00,89359.0,89609.0,89080.0,89463.5,242.59002906
2026-01-23 00:00:00+00:00,89454.2,89674.0,89345.67,89544.0,192.1016728
2026-01-23 01:00:00+00:00,89537.0,89957.0,89430.01,89842.46,197.59858626
2026-01-23 02:00:00+00:00,89845.7,89985.0,89541.22,89565.2,193.94019337999995
2026-01-23 03:00:00+00:00,89565.3,89951.0,89535.9,89831.13,187.76963499999985
2026-01-23 04:00:00+00:00,89818.8,90089.0,89766.13,89859.8,265.9847039
2026-01-23 05:00:00+00:00,89888.9,89979.0,89344.0,89492.41,331.6546205599999
2026-01-23 06:00:00+00:00,89630.0,89817.0,89272.39,89386.65,217.27616658
2026-01-23 07:00:00+00:00,89392.4,89709.0,89327.56,89415.47,196.26928187
2026-01-23 08:00:00+00:00,89445.1,89648.0,89010.91,89117.3,291.6105445200001
2026-01-23 09:00:00+00:00,89095.93,89406.0,88776.47,88994.0,399.29211249000025
2026-01-23 10:00:00+00:00,88856.0,89185.0,88737.98,88903.1,226.44433955
2026-01-23 11:00:00+00:00,88903.1,89371.0,88879.1,89094.89,146.12673687999995
2026-01-23 12:00:00+00:00,89075.2,89401.0,88968.8,89135.61,146.78822042000004
2026-01-23 13:00:00+00:00,89135.61,89477.0,89105.09,89236.89,296.45386462999994
2026-01-23 14:00:00+00:00,89231.0,89779.0,88500.0,88894.18,890.1974469599991
2026-01-23 15:00:00+00:00,88894.19,89865.0,88440.65,89641.84,858.0591236599995
2026-01-23 16:00:00+00:00,89641.85,90485.0,89346.05,90020.38,1043.26691575
2026-01-23 17:00:00+00:00,90035.2,91205.0,89871.89,90494.2,1210.2475590200006
2026-01-23 18:00:00+00:00,90494.2,91018.0,90359.91,90412.0,891.7569007400001
2026-01-23 19:00:00+00:00,90399.1,90534.0,89491.95,89860.9,839.8614237599999
2026-01-23 20:00:00+00:00,89872.95,90163.0,89089.6,89395.04,830.3032002400003
2026-01-23 21:00:00+00:00,89395.93,89730.0,89206.38,89234.22,300.80776563
2026-01-23 22:00:00+00:00,89234.22,89794.0,89223.25,89515.84,263.7231535200001
2026-01-23 23:00:00+00:00,89515.84,89662.0,89316.5,89474.93,180.40451314
2026-01-24 00:00:00+00:00,89474.94,89658.0,89289.74,89327.55,157.19072252999985
2026-01-24 01:00:00+00:00,89340.7,89640.0,89322.86,89425.39,114.95205627999998
2026-01-24 02:00:00+00:00,89425.4,89753.0,89425.4,89563.2,109.29498512999996
2026-01-24 03:00:00+00:00,89563.2,89966.0,89537.24,89637.43,200.21064295
2026-01-24 04:00:00+00:00,89643.6,89884.0,89578.75,89714.22,109.11278238
2026-01-24 05:00:00+00:00,89703.3,89888.0,89600.83,89657.61,98.80545832999998
2026-01-24 06:00:00+00:00,89656.4,89828.0,89510.41,89515.31,111.63246757000002
2026-01-24 07:00:00+00:00,89527.3,89726.0,89426.21,89479.7,90.97450186999998
2026-01-24 08:00:00+00:00,89479.7,89727.0,89437.35,89525.29,112.34316895000006
2026-01-24 09:00:00+00:00,89502.7,89702.0,89438.97,89457.72,73.48663722
2026-01-24 10:00:00+00:00,89457.72,89699.0,89435.0,89479.89,80.36662597000002
2026-01-24 11:00:00+00:00,89479.89,89706.0,89440.6,89450.01,88.53708020999998
2026-01-24 12:00:00+00:00,89457.8,89630.0,89339.05,89390.21,87.20909771000002
2026-01-24 13:00:00+00:00,89377.0,89587.0,89230.31,89230.31,82.32556061000001
2026-01-24 14:00:00+00:00,89257.4,89555.0,89042.0,89315.33,214.33955744
2026-01-24 15:00:00+00:00,89311.6,89517.0,89117.09,89131.9,168.15382917999992
2026-01-24 16:00:00+00:00,89142.9,89366.0,89007.01,89142.01,191.68948138
2026-01-24 17:00:00+00:00,89142.01,89434.0,89103.87,89252.2,159.5324437499999
2026-01-24 18:00:00+00:00,89256.1,89470.0,89225.02,89243.67,177.66858655999997
2026-01-24 19:00:00+00:00,89257.5,89384.0,89126.89,89183.91,117.59844461
2026-01-24 20:00:00+00:00,89183.4,89406.0,89183.3,89235.0,76.95370729
2026-01-24 21:00:00+00:00,89245.9,89399.0,89120.46,89251.97,108.29262673999996
2026-01-24 22:00:00+00:00,89251.96,89485.0,89150.49,89298.33,96.71067974000005
2026-01-24 23:00:00+00:00,89298.33,89454.0,89065.4,89082.17,144.78410995000004
2026-01-25 00:00:00+00:00,89079.6,89292.0,89030.01,89173.37,109.09850059000004
2026-01-25 01:00:00+00:00,89146.6,89298.0,88941.99,89031.95,183.75902515000007
2026-01-25 02:00:00+00:00,89038.2,89268.0,88980.83,88995.16,93.2785858899998
2026-01-25 03:00:00+00:00,88995.16,89160.0,88691.92,88819.61,208.74993653000024
2026-01-25 04:00:00+00:00,88819.61,89086.0,88792.0,88875.46,120.8165888899999
2026-01-25 05:00:00+00:00,88875.25,89040.0,88693.6,88848.0,121.85945513000004
2026-01-25 06:00:00+00:00,88838.3,88973.0,88500.01,88700.01,228.32414151999984
2026-01-25 07:00:00+00:00,88719.0,88830.0,88488.0,88521.35,107.35392863
2026-01-25 08:00:00+00:00,88513.1,88773.0,86362.0,88153.23,666.9697956499988
2026-01-25 09:00:00+00:00,88178.9,88485.0,88097.98,88250.9,146.07457136000002
2026-01-25 10:00:00+00:00,88250.9,88688.0,88250.8,88518.1,141.81723877000005
2026-01-25 11:00:00+00:00,88513.3,88755.0,88390.89,88430.0,158.15344669999996
2026-01-25 12:00:00+00:00,88430.1,88826.0,88304.09,88659.35,174.9072302499999
2026-01-25 13:00:00+00:00,88640.2,88991.0,88506.0,88796.01,229.03022185
2026-01-25 14:00:00+00:00,88778.6,88965.0,88457.2,88570.55,214.15042374
2026-01-25 15:00:00+00:00,88580.3,88795.0,88248.63,88323.61,234.73919067
2026-01-25 16:00:00+00:00,88316.3,88474.0,87429.2,87963.99,882.81547625
2026-01-25 17:00:00+00:00,87952.8,88136.0,87627.5,87766.09,461.4693559799999
2026-01-25 18:00:00+00:00,87766.09,87987.0,86701.0,87292.53,982.0889275999996
2026-01-25 19:00:00+00:00,87295.6,87500.0,86100.0,86391.94,1132.9621841300004
2026-01-25 20:00:00+00:00,86379.6,86732.0,86129.9,86566.12,817.94884371
2026-01-25 21:00:00+00:00,86564.02,86998.0,86308.0,86480.3,577.3346360799995
2026-01-25 22:00:00+00:00,86480.3,86696.0,86115.2,86433.63,765.51512966
2026-01-25 23:00:00+00:00,86433.62,86785.0,86000.13,86561.94,775.1477061299997
2026-01-26 00:00:00+00:00,86561.94,87154.0,86411.7,86742.92,617.9952837499995
2026-01-26 01:00:00+00:00,86755.0,87807.0,86708.62,87576.38,592.8937744099998
2026-01-26 02:00:00+00:00,87580.52,87949.0,87323.94,87433.14,386.4316206899998
2026-01-26 03:00:00+00:00,87440.9,87680.0,86947.86,87146.8,345.1121352799999
2026-01-26 04:00:00+00:00,87146.8,88171.7,87111.78,87621.95,761.9863623799998
2026-01-26 05:00:00+00:00,87617.4,87981.0,87552.08,87712.0,201.02417438
2026-01-26 06:00:00+00:00,87712.0,88000.0,87624.08,87836.34,321.51616776000003
2026-01-26 07:00:00+00:00,87822.7,88082.0,87581.5,87906.01,241.9223778
2026-01-26 08:00:00+00:00,87906.1,88390.0,87737.77,87878.2,280.2236757600001
2026-01-26 09:00:00+00:00,87874.3,88036.0,87492.24,87563.99,233.64276034999995
2026-01-26 10:00:00+00:00,87566.3,87992.0,87557.54,87800.0,167.67585142000004
2026-01-26 11:00:00+00:00,87795.6,88021.0,87670.4,87754.38,147.36662133000002
2026-01-26 12:00:00+00:00,87880.0,87999.0,87626.9,87689.72,225.17556621
2026-01-26 13:00:00+00:00,87689.37,88113.0,87594.97,87859.28,303.2874735499999
2026-01-26 14:00:00+00:00,87859.28,88557.0,87335.01,88104.28,1284.065343629999
2026-01-26 15:00:00+00:00,88104.27,88902.0,87207.0,87558.14,1366.413153010001
2026-01-26 16:00:00+00:00,87545.3,88000.0,87092.0,87521.97,732.6246818400001
2026-01-26 17:00:00+00:00,87521.97,87849.0,86922.04,87598.0,623.0478360399997
2026-01-26 18:00:00+00:00,87600.0,88470.0,87539.9,88323.87,617.7825018099996
2026-01-26 19:00:00+00:00,88323.87,88589.0,87845.84,87915.99,571.7663870000005
2026-01-26 20:00:00+00:00,87914.02,88192.0,87425.93,87528.0,541.5896977100002
2026-01-26 21:00:00+00:00,87526.01,88346.0,87468.0,87974.0,622.3127238200002
2026-01-26 22:00:00+00:00,87961.2,88394.0,87897.9,88046.62,271.6687785899998
2026-01-26 23:00:00+00:00,88037.4,88794.0,87923.7,88250.01,412.1566143000002
2026-01-27 00:00:00+00:00,88247.4,88579.0,88100.9,88261.69,283.15503673
2026-01-27 01:00:00+00:00,88261.68,88865.0,88096.8,88467.09,348.90270159999994
2026-01-27 02:00:00+00:00,88451.4,88955.0,88448.44,88712.8,243.95607878
2026-01-27 03:00:00+00:00,88712.8,88979.0,88465.7,88672.02,198.07940281999984
2026-01-27 04:00:00+00:00,88668.2,89076.0,88392.1,88476.0,316.37097323000006
2026-01-27 05:00:00+00:00,88466.9,88676.0,88286.0,88354.08,185.93398855000007
2026-01-27 06:00:00+00:00,88331.7,88596.0,88168.3,88216.78,186.85250832999995
2026-01-27 07:00:00+00:00,88214.4,88638.0,88200.0,88212.0,171.54627847999998
2026-01-27 08:00:00+00:00,88212.0,88470.0,88000.1,88212.0,165.8624499400001
2026-01-27 09:00:00+00:00,88060.5,88214.0,87737.1,87763.62,208.05185181
2026-01-27 10:00:00+00:00,87759.9,88110.0,87623.99,87666.0,154.43414147
2026-01-27 11:00:00+00:00,87656.1,88146.0,87615.0,88023.0,122.82183168000002
2026-01-27 12:00:00+00:00,87874.6,88217.0,87813.92,87867.94,167.39126996999994
2026-01-27 13:00:00+00:00,87847.9,88110.0,87667.76,87838.3,179.50244752999993
2026-01-27 14:00:00+00:00,87838.3,88490.0,87509.37,87613.99,642.4236532300021
2026-01-27 15:00:00+00:00,87613.99,88226.0,87431.47,87916.43,750.5667000800005
2026-01-27 16:00:00+00:00,87913.0,88881.0,87873.75,88526.23,770.3762230999997
2026-01-27 17:00:00+00:00,88515.2,88748.0,87180.01,87429.67,904.8187436399994
2026-01-27 18:00:00+00:00,87432.0,88574.0,87328.01,88160.59,659.6833228899999
2026-01-27 19:00:00+00:00,88157.8,88622.0,87923.28,88470.0,386.9061881099998
2026-01-27 20:00:00+00:00,88268.5,89538.0,88238.5,89297.98,1051.24431761
2026-01-27 21:00:00+00:00,89295.74,89582.0,88879.72,88959.92,447.97284702
2026-01-27 22:00:00+00:00,88954.8,89448.0,88902.3,89130.02,271.8899784199999
2026-01-27 23:00:00+00:00,89130.9,89540.0,89025.74,89116.96,274.0502669000001
2026-01-28 00:00:00+00:00,89124.1,89462.0,89030.41,89325.0,156.58317343999997
2026-01-28 01:00:00+00:00,89325.0,89476.0,89072.49,89277.17,220.42214561999992
2026-01-28 02:00:00+00:00,89286.1,89424.0,88970.0,89150.58,146.78459582999994
2026-01-28 03:00:00+00:00,89153.0,89363.0,88855.51,88991.98,182.14570461
2026-01-28 04:00:00+00:00,88990.8,89164.0,88706.32,88866.67,187.22404482
2026-01-28 05:00:00+00:00,88847.8,89105.0,88730.12,88963.2,240.42217925
2026-01-28 06:00:00+00:00,88963.2,89405.0,88963.2,89199.13,190.62890885
2026-01-28 07:00:00+00:00,89205.2,89354.0,88985.4,89009.79,147.43507069
2026-01-28 08:00:00+00:00,89009.8,89261.0,88760.7,88799.96,217.06322088
2026-01-28 09:00:00+00:00,88800.0,89590.0,88733.54,89432.38,290.9025501200003
2026-01-28 10:00:00+00:00,89432.38,89713.0,89211.75,89414.0,299.2855257499999
2026-01-28 11:00:00+00:00,89288.4,90150.0,89152.8,89961.14,466.97147177000033
2026-01-28 12:00:00+00:00,89961.14,90181.0,89661.36,89888.92,428.69171606
2026-01-28 13:00:00+00:00,89860.0,90490.0,89845.01,90149.36,638.9312321600001
2026-01-28 14:00:00+00:00,90149.36,90252.0,89312.0,89490.02,653.5552126299993
2026-01-28 15:00:00+00:00,89490.02,89856.0,88760.0,89481.0,685.1331921999998
2026-01-28 16:00:00+00:00,89359.7,89843.0,89120.4,89505.62,414.5232599799998
2026-01-28 17:00:00+00:00,89505.61,90600.0,89158.01,90042.5,690.2142123699995
2026-01-28 18:00:00+00:00,90049.03,90164.0,89193.0,89417.94,550.9604378599997
2026-01-28 19:00:00+00:00,89413.8,89700.0,88872.59,89252.1,702.5309064600002
2026-01-28 20:00:00+00:00,89268.48,89895.0,88865.52,89115.0,754.5835526300001
2026-01-28 21:00:00+00:00,88994.16,89487.0,88719.2,89396.0,449.1430665700001
2026-01-28 22:00:00+00:00,89273.34,89474.0,88985.6,89240.62,174.25782813999996
2026-01-28 23:00:00+00:00,89240.61,89470.0,89045.04,89159.6,223.9179941
2026-01-29 00:00:00+00:00,89159.7,89343.0,88762.0,89009.5,295.5095332199999
2026-01-29 01:00:00+00:00,88996.8,89158.0,88249.8,88461.72,718.5981236200005
2026-01-29 02:00:00+00:00,88461.73,88717.0,87548.86,87761.14,761.1047347499998
2026-01-29 03:00:00+00:00,87764.7,88255.0,87616.11,87906.07,556.3357958499998
2026-01-29 04:00:00+00:00,87922.0,88300.0,87753.8,88170.06,320.5073289199999
2026-01-29 05:00:00+00:00,88177.9,88372.0,87999.34,88047.94,195.73951421
2026-01-29 06:00:00+00:00,88045.3,88298.0,88028.79,88170.55,153.23846444
2026-01-29 07:00:00+00:00,88178.0,88394.0,88103.35,88218.02,204.51207259999995
2026-01-29 08:00:00+00:00,88196.0,88463.0,87750.0,87913.43,410.8695063199999
2026-01-29 09:00:00+00:00,87934.5,88137.0,87712.08,87885.0,237.53692556
2026-01-29 10:00:00+00:00,87760.4,88012.0,87671.73,87959.0,270.3167256999999
2026-01-29 11:00:00+00:00,87799.99,88080.0,87599.16,87675.87,338.38694794000014
2026-01-29 12:00:00+00:00,87697.3,88137.0,87642.07,87968.4,230.51639791000008
2026-01-29 13:00:00+00:00,87957.6,88180.0,87800.0,87903.93,306.77694402
2026-01-29 14:00:00+00:00,87894.0,88078.0,86830.0,86852.0,1112.142620819999
2026-01-29 15:00:00+00:00,86851.98,87037.0,84206.0,84781.27,3945.973037840001
2026-01-29 16:00:00+00:00,84780.01,85384.0,84133.25,85131.95,1846.9312692199992
2026-01-29 17:00:00+00:00,85153.6,85589.0,83878.0,84118.01,2056.696840849999
2026-01-29 18:00:00+00:00,84114.9,84548.0,83263.11,83321.0,2172.6827077400008
2026-01-29 19:00:00+00:00,83337.1,84310.0,83216.21,83924.0,1996.0844897200004
2026-01-29 20:00:00+00:00,83834.96,84370.0,83620.0,84043.29,1426.390445720001
2026-01-29 21:00:00+00:00,84045.19,84640.0,84017.91,84375.03,602.8447530200008
2026-01-29 22:00:00+00:00,84378.87,84620.0,84144.78,84425.46,318.3616639100006
2026-01-29 23:00:00+00:00,84424.35,84752.0,84289.04,84513.2,381.15970302000005
2026-01-30 00:00:00+00:00,84513.19,84759.0,84023.67,84041.59,414.70875241000033
2026-01-30 01:00:00+00:00,84069.4,84222.0,81000.1,82345.65,2374.48499355999
2026-01-30 02:00:00+00:00,82345.65,82549.0,81021.44,82030.17,1397.096958460001
2026-01-30 03:00:00+00:00,82029.5,82750.0,81908.0,82541.7,750.7364677799998
2026-01-30 04:00:00+00:00,82562.7,83351.0,82546.39,82799.9,534.7785076000002
2026-01-30 05:00:00+00:00,82799.9,83374.0,82757.68,82774.1,427.9980570400001
2026-01-30 06:00:00+00:00,82774.1,82965.0,81904.28,82485.0,1074.5958275900014
2026-01-30 07:00:00+00:00,82485.0,83157.0,82309.5,82650.01,916.6261555700004
2026-01-30 08:00:00+00:00,82684.5,83041.0,82286.98,82525.91,407.8368690900002
2026-01-30 09:00:00+00:00,82525.91,82904.0,82013.9,82217.99,552.1402040600003
2026-01-30 10:00:00+00:00,82215.99,82962.0,82026.44,82693.03,313.88753747999993
2026-01-30 11:00:00+00:00,82696.01,83359.0,82540.15,83004.91,344.6849947400001
2026-01-30 12:00:00+00:00,83004.91,83381.0,82480.0,82639.57,457.1027745100001
2026-01-30 13:00:00+00:00,82649.3,83134.0,82269.21,82604.71,567.1834142800013
2026-01-30 14:00:00+00:00,82623.4,83856.0,82585.83,82962.75,863.6838861100011
2026-01-30 15:00:00+00:00,83160.0,83699.0,82235.01,82740.33,1440.517377960001
2026-01-30 16:00:00+00:00,82740.33,83551.0,82401.2,83019.89,956.1365659200007
2026-01-30 17:00:00+00:00,83019.88,83490.0,82491.0,82810.0,910.3233780700004
2026-01-30 18:00:00+00:00,82810.0,84150.0,81722.33,83803.99,1788.5949243700006
2026-01-30 19:00:00+00:00,83804.3,84610.0,83788.01,84115.0,1477.6948225300025
2026-01-30 20:00:00+00:00,84096.6,84260.0,83381.23,83738.0,1777.4875483399994
2026-01-30 21:00:00+00:00,83738.01,84466.0,83628.54,84145.85,690.0823646400003
2026-01-30 22:00:00+00:00,84145.85,84289.0,83760.24,84085.64,304.4094492100001
2026-01-30 23:00:00+00:00,84085.94,84261.0,83796.96,84110.99,307.25408610999995
2026-01-31 00:00:00+00:00,84124.7,84243.0,83848.43,83926.03,300.3324073499999
2026-01-31 01:00:00+00:00,83925.6,84220.0,83734.48,83850.4,331.8219385
2026-01-31 02:00:00+00:00,83850.4,84178.0,83648.79,84129.0,298.78019026000004
2026-01-31 03:00:00+00:00,83976.5,84235.0,83866.28,83868.88,128.49225239999998
2026-01-31 04:00:00+00:00,83900.1,84151.0,83757.94,83831.98,235.84031785999983
2026-01-31 05:00:00+00:00,83848.0,84099.0,83740.83,83843.55,208.70998651000005
2026-01-31 06:00:00+00:00,83843.56,84035.0,83475.67,83620.97,202.60852927
2026-01-31 07:00:00+00:00,83634.8,83808.0,83240.0,83391.37,454.98744257999977
2026-01-31 08:00:00+00:00,83399.6,83620.0,82420.21,82910.94,756.2677019300003
2026-01-31 09:00:00+00:00,82934.1,83317.0,82735.99,82965.47,255.41465865000004
2026-01-31 10:00:00+00:00,82963.9,83234.0,82764.37,83022.02,300.26322914
2026-01-31 11:00:00+00:00,83005.0,83182.0,82692.35,82866.23,270.0950594699999
2026-01-31 12:00:00+00:00,82856.2,83215.0,82553.75,82626.0,263.9737917100001
2026-01-31 13:00:00+00:00,82626.8,82969.0,82325.16,82626.1,228.42649708
2026-01-31 14:00:00+00:00,82627.9,83000.0,80704.9,81353.99,1699.829946219999
2026-01-31 15:00:00+00:00,81353.99,81801.0,80954.95,81168.0,759.3578125199997
2026-01-31 16:00:00+00:00,81180.2,82200.0,79938.2,80231.96,2518.5738112299964
2026-01-31 17:00:00+00:00,80246.9,80583.0,77000.0,78774.02,3769.4455755899935
2026-01-31 18:00:00+00:00,78752.0,79186.0,75600.0,77916.5,3282.46604126
2026-01-31 19:00:00+00:00,77946.0,78583.0,77083.14,77656.14,1443.5364419399998
2026-01-31 20:00:00+00:00,77648.3,78171.0,76968.8,77889.11,1347.8050841599988
2026-01-31 21:00:00+00:00,77896.0,78415.0,77268.78,78204.41,1130.7640393800004
2026-01-31 22:00:00+00:00,78343.0,78556.0,77881.5,78060.69,845.5802805300002
2026-01-31 23:00:00+00:00,78085.4,79279.0,77972.0,78648.0,1096.2312759999998
2026-02-01 00:00:00+00:00,78648.4,79503.0,78552.7,78817.01,712.3416107500005
2026-02-01 01:00:00+00:00,78822.8,79005.0,78210.04,78442.25,665.6523835699995
2026-02-01 02:00:00+00:00,78445.4,79116.0,78294.0,78819.0,571.1446149499999
2026-02-01 03:00:00+00:00,78814.9,79076.0,78580.0,78785.69,420.9162200000002
2026-02-01 04:00:00+00:00,78792.6,79184.0,78636.1,78886.0,389.2178467200001
2026-02-01 05:00:00+00:00,78885.16,79082.0,78441.79,78534.06,380.62509312
2026-02-01 06:00:00+00:00,78529.2,78891.0,78176.75,78211.14,688.42219112
2026-02-01 07:00:00+00:00,78210.7,78800.0,77875.0,78263.7,594.0432040800006
2026-02-01 08:00:00+00:00,78263.8,78937.0,78173.63,78667.0,415.4679741400002
2026-02-01 09:00:00+00:00,78667.0,79209.0,78464.0,78959.65,353.4263874200002
2026-02-01 10:00:00+00:00,78940.9,79287.0,78066.6,78207.44,498.1717249700007
2026-02-01 11:00:00+00:00,78201.1,78958.0,78201.1,78809.0,373.2514909800004
2026-02-01 12:00:00+00:00,78689.0,78837.0,78170.4,78397.55,355.2984029100002
2026-02-01 13:00:00+00:00,78397.55,78814.0,78124.2,78244.02,377.21304908000025
2026-02-01 14:00:00+00:00,78244.02,78562.0,77157.29,78134.37,993.8674448800002
2026-02-01 15:00:00+00:00,78145.99,78302.0,76707.7,77526.1,1600.7151411200005
2026-02-01 16:00:00+00:00,77532.55,77884.0,77005.5,77550.0,661.2940989300002
2026-02-01 17:00:00+00:00,77410.4,77818.0,77225.0,77682.0,521.2815012700001
2026-02-01 18:00:00+00:00,77661.7,78532.0,77640.17,77954.8,737.03022441
2026-02-01 19:00:00+00:00,77954.8,78165.0,76892.17,77092.0,652.6585674100002
2026-02-01 20:00:00+00:00,77087.8,77798.0,76500.0,77025.05,1014.0521773399996
2026-02-01 21:00:00+00:00,77021.51,77228.0,76276.58,76461.14,1219.14513428
2026-02-01 22:00:00+00:00,76442.87,77833.0,76371.6,77170.0,1213.063565
2026-02-01 23:00:00+00:00,77169.98,77662.0,75612.75,76895.53,2309.687893749996
2026-02-02 00:00:00+00:00,76892.4,78244.0,76533.05,77595.99,1167.3613281799996
2026-02-02 01:00:00+00:00,77591.9,77997.0,76550.0,77440.99,939.6729100699991
2026-02-02 02:00:00+00:00,77440.99,77619.0,76357.05,76400.3,829.4900837999993
2026-02-02 03:00:00+00:00,76398.2,76638.0,74502.21,76211.71,4993.154387039997
2026-02-02 04:00:00+00:00,76212.4,76775.0,75237.68,76060.0,984.0287789199994
2026-02-02 05:00:00+00:00,75811.2,76150.0,74825.08,75404.4,1433.0886225200002
2026-02-02 06:00:00+00:00,75401.24,76940.0,74868.01,76462.65,1191.5869776700008
2026-02-02 07:00:00+00:00,76429.0,77075.0,76232.47,76560.0,702.9805802399998
2026-02-02 08:00:00+00:00,76556.1,77287.0,76523.09,76986.0,562.8979853800001
2026-02-02 09:00:00+00:00,76783.21,77964.0,76558.55,77610.0,693.9587879799998
2026-02-02 10:00:00+00:00,77629.4,78006.0,77375.6,77414.95,475.6023072499999
2026-02-02 11:00:00+00:00,77414.96,78095.0,77356.5,77679.0,449.45830234
2026-02-02 12:00:00+00:00,77679.0,78514.0,77628.57,77927.56,570.0346038900001
2026-02-02 13:00:00+00:00,77916.7,78552.0,77718.23,78172.5,780.6201670099996
2026-02-02 14:00:00+00:00,78151.7,78980.0,77552.54,77782.73,1882.2270816
2026-02-02 15:00:00+00:00,77782.01,79450.0,77485.1,78833.37,2857.067189099999
2026-02-02 16:00:00+00:00,78833.38,79408.0,78513.62,78578.5,2147.9121135900004
2026-02-02 17:00:00+00:00,78578.5,79331.0,78539.98,78943.16,1549.7244506999996
2026-02-02 18:00:00+00:00,78957.0,79101.0,78288.77,78508.99,1588.8447358700002
2026-02-02 19:00:00+00:00,78521.8,78804.0,78212.67,78280.98,1209.1753912
2026-02-02 20:00:00+00:00,78269.52,78765.0,77827.19,77941.95,850.5852138699998
2026-02-02 21:00:00+00:00,77942.63,78669.0,77840.62,78467.33,401.4363128299999
2026-02-02 22:00:00+00:00,78462.9,78972.0,78456.02,78737.98,360.4405378800004
2026-02-02 23:00:00+00:00,78730.0,79099.0,78471.1,78666.85,423.0811758400001
2026-02-03 00:00:00+00:00,78669.2,79193.0,78327.3,79000.01,411.4267370000002
2026-02-03 01:00:00+00:00,79000.0,79285.0,78629.94,78945.34,371.0654854800002
2026-02-03 02:00:00+00:00,78945.33,79091.0,77714.86,77733.09,961.7196461899968
2026-02-03 03:00:00+00:00,77732.1,78991.0,77530.5,78684.0,1040.7625537500005
2026-02-03 04:00:00+00:00,78687.9,79076.0,78401.92,78739.5,380.9597683800001
2026-02-03 05:00:00+00:00,78739.5,78872.0,78138.51,78164.76,259.7523811100002
2026-02-03 06:00:00+00:00,78163.2,78732.0,77831.4,78526.74,386.84275430000014
2026-02-03 07:00:00+00:00,78516.9,78989.0,78411.49,78853.0,292.3277114900003
2026-02-03 08:00:00+00:00,78704.8,79163.0,78386.17,78680.02,319.56948953000017
2026-02-03 09:00:00+00:00,78671.3,78904.0,77861.5,78326.76,557.8722860000001
2026-02-03 10:00:00+00:00,78342.1,78690.0,77986.23,78046.82,319.87186178000013
2026-02-03 11:00:00+00:00,78046.82,78455.0,77920.07,78000.0,292.87664126000027
2026-02-03 12:00:00+00:00,78007.0,78501.0,77904.08,78247.87,323.69576728000004
2026-02-03 13:00:00+00:00,78254.5,78531.0,78107.11,78223.66,371.02038466
2026-02-03 14:00:00+00:00,78223.68,78503.0,77092.11,77128.93,1135.9176812500004
2026-02-03 15:00:00+00:00,77128.92,78276.0,76975.06,78064.01,1399.9696644000005
2026-02-03 16:00:00+00:00,78064.01,78195.0,76403.81,76411.99,1592.6667536600012
2026-02-03 17:00:00+00:00,76411.98,76595.0,74773.01,74812.0,3347.620137529997
2026-02-03 18:00:00+00:00,74813.67,75360.0,73027.9,73048.29,4263.4557191700005
2026-02-03 19:00:00+00:00,73046.33,75375.0,72859.0,74857.8,3103.152862760004
2026-02-03 20:00:00+00:00,74842.0,76817.0,74484.0,76370.3,2400.602604010001
2026-02-03 21:00:00+00:00,76374.3,77090.0,76026.44,76137.27,867.3128207300006
2026-02-03 22:00:00+00:00,76137.27,76417.0,75296.09,75603.31,804.5611565900001
2026-02-03 23:00:00+00:00,75602.8,76122.0,75321.08,75661.49,868.8794138400012
2026-02-04 00:00:00+00:00,75662.0,76386.0,75355.15,75807.1,613.31801921
2026-02-04 01:00:00+00:00,75804.3,76908.0,75804.3,76312.47,548.7526950000001
2026-02-04 02:00:00+00:00,76311.2,76727.0,75600.01,75853.56,750.40752298
2026-02-04 03:00:00+00:00,75868.0,77078.0,75799.9,76611.34,806.1311315100002
2026-02-04 04:00:00+00:00,76624.0,76946.0,76309.7,76387.7,280.82586805
2026-02-04 05:00:00+00:00,76379.7,76641.0,76005.53,76194.37,350.1468760699999
2026-02-04 06:00:00+00:00,76194.37,76880.0,76157.41,76555.23,334.2203916800001
2026-02-04 07:00:00+00:00,76550.3,76759.0,76199.9,76415.01,713.2895565099966
2026-02-04 08:00:00+00:00,76403.5,76672.0,75958.64,76475.57,736.6322007499991
2026-02-04 09:00:00+00:00,76474.8,76680.0,75844.26,75995.19,579.5511174600003
2026-02-04 10:00:00+00:00,76001.0,76406.0,75937.14,76184.82,210.05440197000016
2026-02-04 11:00:00+00:00,76178.9,76357.0,75530.21,75898.83,559.0103403400002
2026-02-04 12:00:00+00:00,75901.46,76355.0,75885.56,76060.04,443.3495507000001
2026-02-04 13:00:00+00:00,76060.6,76260.0,74717.0,74746.34,761.62302612
2026-02-04 14:00:00+00:00,74897.0,75800.0,73431.08,74239.3,1629.061302240003
2026-02-04 15:00:00+00:00,74239.3,75342.0,73666.27,74015.35,2095.25129421
2026-02-04 16:00:00+00:00,74015.36,74266.0,72926.02,73498.02,2404.460679400005
2026-02-04 17:00:00+00:00,73498.01,73861.0,72010.0,72684.0,4363.698650359996
2026-02-04 18:00:00+00:00,72395.97,74212.0,72100.0,73262.96,2486.382253220004
2026-02-04 19:00:00+00:00,73263.5,74097.0,72876.46,73757.15,1481.5118854400016
2026-02-04 20:00:00+00:00,73757.7,74236.0,73232.0,73337.99,1338.1425604000017
2026-02-04 21:00:00+00:00,73324.06,73712.0,72025.0,72625.36,1252.03888804
2026-02-04 22:00:00+00:00,72623.1,73844.0,71703.72,72362.15,2156.362551989999
2026-02-04 23:00:00+00:00,72361.27,73648.0,72279.54,73281.0,923.6819532800004
2026-02-05 00:00:00+00:00,72999.0,73417.0,72580.0,72711.99,728.2318173600003
2026-02-05 01:00:00+00:00,72697.4,73443.0,71801.8,72236.2,1188.02416162
2026-02-05 02:00:00+00:00,72241.5,72974.0,71138.83,71301.69,1750.9747149899958
2026-02-05 03:00:00+00:00,71305.55,71980.0,71002.22,71081.55,1593.5733938699996
2026-02-05 04:00:00+00:00,71103.3,71506.0,70565.31,70732.12,1636.4501488699984
2026-02-05 05:00:00+00:00,70725.0,71242.0,70001.0,70577.96,2252.154155050001
2026-02-05 06:00:00+00:00,70580.0,71086.0,70291.32,70805.02,1091.8440214199995
2026-02-05 07:00:00+00:00,70805.45,71726.0,70475.77,70584.8,998.9645218399996
2026-02-05 08:00:00+00:00,70584.8,71630.0,70517.77,70902.9,601.5804848899998
2026-02-05 09:00:00+00:00,70906.14,72064.0,70889.19,71428.0,760.7388036999997
2026-02-05 10:00:00+00:00,71424.1,71867.0,70508.7,70719.96,515.1811789599997
2026-02-05 11:00:00+00:00,70719.96,71169.0,69802.32,70195.21,1753.8405338499904
2026-02-05 12:00:00+00:00,70201.3,70729.0,69031.01,69439.08,2666.5792750599994
2026-02-05 13:00:00+00:00,69439.07,69913.0,69099.01,69557.99,2197.5310822300003
2026-02-05 14:00:00+00:00,69557.99,70915.0,69152.26,69272.01,2869.47455245
2026-02-05 15:00:00+00:00,69273.99,69648.0,66555.0,67368.96,8299.936736000005
2026-02-05 16:00:00+00:00,67370.0,68780.0,66789.57,68167.81,4282.685011160001
2026-02-05 17:00:00+00:00,68167.8,68484.0,66008.83,66036.0,4352.698759699997
2026-02-05 18:00:00+00:00,66035.98,66665.0,65200.0,66210.26,4180.853269099995
2026-02-05 19:00:00+00:00,66205.97,66729.0,65046.6,65119.05,3363.3647208699995
2026-02-05 20:00:00+00:00,65119.04,65748.0,62181.65,63620.01,8490.000124270036
2026-02-05 21:00:00+00:00,63629.83,64804.0,62750.01,63069.99,4373.842935640002
2026-02-05 22:00:00+00:00,63069.99,64700.0,62555.17,63791.98,3181.011833359993
2026-02-05 23:00:00+00:00,63791.97,64991.0,62604.26,62791.0,2695.66805512
2026-02-06 00:00:00+00:00,62788.28,63947.0,60000.0,63400.39,7776.369222810016
2026-02-06 01:00:00+00:00,63400.38,65873.0,63398.01,65629.0,3105.65140294
2026-02-06 02:00:00+00:00,65632.0,66104.0,64130.26,64916.1,2444.302848970001
2026-02-06 03:00:00+00:00,64911.27,65251.0,63667.0,64081.99,1875.256773579999
2026-02-06 04:00:00+00:00,64080.81,65103.0,63866.32,64832.42,1050.7900857999994
2026-02-06 05:00:00+00:00,64832.4,66901.0,64712.49,66320.04,1679.33514008
2026-02-06 06:00:00+00:00,66319.77,66868.0,64800.26,64898.0,1577.6419032299991
2026-02-06 07:00:00+00:00,64909.4,65615.0,64553.64,64760.64,1090.947022929999
2026-02-06 08:00:00+00:00,64766.8,65266.0,64383.38,64808.5,1031.5301503199996
2026-02-06 09:00:00+00:00,64808.5,66241.0,64669.64,65713.88,1211.029101649999
2026-02-06 10:00:00+00:00,65716.0,66300.0,65454.12,65877.55,816.651636749999
2026-02-06 11:00:00+00:00,65878.0,66852.0,65682.0,66546.03,1141.4174090400002
2026-02-06 12:00:00+00:00,66546.02,66689.0,66017.6,66489.5,1327.1642740900006
2026-02-06 13:00:00+00:00,66489.5,67758.0,66393.15,67258.51,2372.1906465299976
2026-02-06 14:00:00+00:00,67256.2,68722.0,66578.0,68182.15,3170.301668289996
2026-02-06 15:00:00+00:00,68186.43,69220.0,67751.25,68643.99,4541.177460379996
2026-02-06 16:00:00+00:00,68641.33,70269.0,68426.5,69920.0,3851.3267376200015
2026-02-06 17:00:00+00:00,69932.3,71529.0,69540.01,70721.38,4049.9698393700014
2026-02-06 18:00:00+00:00,70717.08,70855.0,69282.46,69716.29,3294.44521976
2026-02-06 19:00:00+00:00,69718.01,71043.0,69576.96,70668.79,2648.574614629999
2026-02-06 20:00:00+00:00,70673.1,71055.0,69947.55,69963.99,2277.22514144
2026-02-06 21:00:00+00:00,69963.98,70584.0,69785.35,70310.62,1435.4390978799993
2026-02-06 22:00:00+00:00,70309.96,71654.0,70222.78,71292.0,1199.0537784199987
2026-02-06 23:00:00+00:00,71288.02,71822.0,70443.88,70527.7,931.0061238199996
2026-02-07 00:00:00+00:00,70527.4,70671.0,69676.55,69917.26,1355.4864648800008
2026-02-07 01:00:00+00:00,69915.1,70744.0,69703.19,70430.78,857.8192004199993
2026-02-07 02:00:00+00:00,70430.78,70690.0,70104.0,70320.33,518.9655107199998
2026-02-07 03:00:00+00:00,70321.1,71003.0,70230.01,70881.7,391.63954861
2026-02-07 04:00:00+00:00,70880.37,71768.0,70556.87,70725.57,744.50307706
2026-02-07 05:00:00+00:00,70727.1,71253.0,69914.29,70128.0,719.2491868899992
2026-02-07 06:00:00+00:00,70131.2,70390.0,68708.4,68749.0,1039.3041676199998
2026-02-07 07:00:00+00:00,68749.19,69159.0,67293.26,68081.7,1763.1866942899967
2026-02-07 08:00:00+00:00,68070.1,68884.0,67726.72,68583.0,1166.4505160499991
2026-02-07 09:00:00+00:00,68468.99,68861.0,67823.7,68101.36,595.7411383599996
2026-02-07 10:00:00+00:00,68096.46,68388.0,67557.65,67948.46,374.7745622499998
2026-02-07 11:00:00+00:00,67948.2,68224.0,67636.6,67917.39,363.2546466199999
2026-02-07 12:00:00+00:00,67916.43,70073.0,67855.99,68965.6,1169.7578285899986
2026-02-07 13:00:00+00:00,68970.1,69450.0,68748.08,69021.35,653.6836135399999
2026-02-07 14:00:00+00:00,69028.4,69258.0,68284.05,68577.65,513.2105893099994
2026-02-07 15:00:00+00:00,68582.3,69821.0,68482.81,69088.12,785.7410977599994
2026-02-07 16:00:00+00:00,69088.13,69991.0,68800.0,68908.67,850.2365629299998
2026-02-07 17:00:00+00:00,68903.8,69468.0,68520.3,69118.7,368.7833614899999
2026-02-07 18:00:00+00:00,69118.7,69746.0,68946.29,69457.13,374.3303321600002
2026-02-07 19:00:00+00:00,69465.3,69649.0,69207.83,69318.18,280.35322698999994
2026-02-07 20:00:00+00:00,69311.3,69810.0,69204.0,69586.1,235.36944384999973
2026-02-07 21:00:00+00:00,69586.1,69766.0,69297.81,69459.5,390.81385084
2026-02-07 22:00:00+00:00,69459.5,69777.0,69275.42,69356.79,223.67945682
2026-02-07 23:00:00+00:00,69356.79,69519.0,68735.64,69244.74,524.0402113700004
2026-02-08 00:00:00+00:00,69250.0,69493.0,68840.83,69107.77,281.35610674999987
2026-02-08 01:00:00+00:00,69095.2,69577.0,69011.31,69327.48,274.8375998199998
2026-02-08 02:00:00+00:00,69333.98,69767.0,69032.48,69324.01,366.6394848200002
2026-02-08 03:00:00+00:00,69328.8,69513.0,69001.0,69072.4,213.35418002
2026-02-08 04:00:00+00:00,69047.16,69442.0,68913.52,69291.85,148.8201517800001
2026-02-08 05:00:00+00:00,69299.0,69497.0,69094.8,69174.45,204.40962366000005
2026-02-08 06:00:00+00:00,69173.8,69485.0,69035.22,69303.4,208.82275395999983
2026-02-08 07:00:00+00:00,69288.6,69760.0,69165.19,69660.1,319.7420924299996
2026-02-08 08:00:00+00:00,69660.0,70834.0,69472.3,70607.7,668.9640985299997
2026-02-08 09:00:00+00:00,70607.8,70767.0,70013.5,70050.0,366.7772233899999
2026-02-08 10:00:00+00:00,70057.0,70523.0,69823.8,70208.64,415.8709715999992
2026-02-08 11:00:00+00:00,70204.3,71278.0,70159.51,70937.94,611.2365828699993
2026-02-08 12:00:00+00:00,70949.2,71308.0,70632.0,71187.85,590.1827749400001
2026-02-08 13:00:00+00:00,71200.0,71578.0,70922.3,71466.63,796.1025433
2026-02-08 14:00:00+00:00,71445.0,71617.0,71041.31,71207.31,429.7444556699998
2026-02-08 15:00:00+00:00,71208.18,71521.0,70726.62,71137.43,572.13218838
2026-02-08 16:00:00+00:00,71114.9,71303.0,70200.4,70362.0,605.4327954299993
2026-02-08 17:00:00+00:00,70362.1,70922.0,70350.57,70734.95,405.8018939199998
2026-02-08 18:00:00+00:00,70725.1,71472.0,70674.78,71086.9,469.6049158299999
2026-02-08 19:00:00+00:00,71087.51,71590.0,71085.78,71380.16,340.3053803499997
2026-02-08 20:00:00+00:00,71370.1,71477.0,70651.63,70789.7,412.21758627999975
2026-02-08 21:00:00+00:00,70793.14,71158.0,70500.0,70652.38,465.27203236
2026-02-08 22:00:00+00:00,70652.38,71131.0,70544.54,71010.37,549.6787333900013
2026-02-08 23:00:00+00:00,71012.5,72300.0,69933.02,70279.33,1821.20363969
2026-02-09 00:00:00+00:00,70279.32,70814.0,70067.88,70444.02,737.8788482499997
2026-02-09 01:00:00+00:00,70444.01,70965.0,70012.81,70322.54,722.0452119199996
2026-02-09 02:00:00+00:00,70309.3,71057.0,70164.84,70570.0,455.28640613999977
2026-02-09 03:00:00+00:00,70583.7,71494.0,70559.37,71241.43,535.2716241499995
2026-02-09 04:00:00+00:00,71265.1,71417.0,70853.87,70937.27,388.4499797
2026-02-09 05:00:00+00:00,70965.1,71173.0,70750.01,70991.78,316.2557856
2026-02-09 06:00:00+00:00,70987.1,71101.0,70254.0,70604.02,538.55960194
2026-02-09 07:00:00+00:00,70610.7,70943.0,70287.42,70358.02,479.03653881
2026-02-09 08:00:00+00:00,70361.7,70649.0,69344.52,69812.49,859.6037300099994
2026-02-09 09:00:00+00:00,69812.0,70162.0,69400.0,69564.83,911.86429977
2026-02-09 10:00:00+00:00,69564.83,69782.0,68351.4,68787.0,1118.33810652
2026-02-09 11:00:00+00:00,68658.8,69084.0,68511.9,68868.8,575.2824026499998
2026-02-09 12:00:00+00:00,68868.79,69253.0,68790.48,69079.8,1011.7834827500002
2026-02-09 13:00:00+00:00,69079.98,69300.0,68522.21,68525.52,952.8303305999996
2026-02-09 14:00:00+00:00,68526.0,69780.0,68233.01,69237.3,1800.414033409999
2026-02-09 15:00:00+00:00,69229.57,69892.0,68761.9,69533.85,1645.8239650900002
2026-02-09 16:00:00+00:00,69529.36,70458.0,69051.0,70053.0,1228.7768901299994
2026-02-09 17:00:00+00:00,70145.0,71034.0,69826.0,70570.09,1650.2134078999984
2026-02-09 18:00:00+00:00,70570.09,71060.0,70038.08,70377.04,893.0985291300008
2026-02-09 19:00:00+00:00,70378.9,71137.0,70211.6,70922.12,1210.550872019999
2026-02-09 20:00:00+00:00,70922.98,71195.0,70461.0,70707.99,1447.1360949599998
2026-02-09 21:00:00+00:00,70707.99,70869.0,69783.48,70363.99,795.1469076599994
2026-02-09 22:00:00+00:00,70362.03,70764.0,70232.58,70336.78,513.3226950699999
2026-02-09 23:00:00+00:00,70331.4,70623.0,70020.73,70101.99,454.2412743500001
2026-02-10 00:00:00+00:00,70101.98,70286.0,69699.3,69782.01,681.0227836900002
2026-02-10 01:00:00+00:00,69804.9,70565.0,69782.02,70520.0,422.9743213800001
2026-02-10 02:00:00+00:00,70445.86,70513.0,69946.89,70060.0,276.05222336
2026-02-10 03:00:00+00:00,70060.9,70208.0,69153.0,69450.74,556.01752285
2026-02-10 04:00:00+00:00,69450.74,69966.0,69411.47,69782.99,319.82998480999987
2026-02-10 05:00:00+00:00,69778.0,69902.0,69159.93,69399.8,350.9377338
2026-02-10 06:00:00+00:00,69397.7,69541.0,68630.65,68967.0,558.8442272699999
2026-02-10 07:00:00+00:00,68872.5,69261.0,68800.0,68859.02,367.30337171000025
2026-02-10 08:00:00+00:00,68859.02,69260.0,68662.82,69075.85,387.27314817
2026-02-10 09:00:00+00:00,69075.84,69449.0,68888.0,69088.15,453.19460734
2026-02-10 10:00:00+00:00,69069.5,69303.0,68854.8,68860.0,271.54581625000003
2026-02-10 11:00:00+00:00,68859.99,69093.0,68403.03,68457.44,687.5941627399994
2026-02-10 12:00:00+00:00,68466.0,68871.0,68375.98,68550.07,521.8636105700001
2026-02-10 13:00:00+00:00,68559.5,69169.0,68311.09,69054.0,696.0102362200004
2026-02-10 14:00:00+00:00,69054.0,69627.0,67857.0,68402.0,1789.1730060099987
2026-02-10 15:00:00+00:00,68402.0,69560.0,68234.01,69256.02,1652.9509772299991
2026-02-10 16:00:00+00:00,69253.15,69851.0,68884.67,69480.45,1342.21318395
2026-02-10 17:00:00+00:00,69494.1,70073.0,69268.43,69997.0,1095.3431463000002
2026-02-10 18:00:00+00:00,69884.0,70017.0,68582.0,68857.99,751.9362071300001
2026-02-10 19:00:00+00:00,68856.03,69371.0,68650.0,69030.13,646.2679479500003
2026-02-10 20:00:00+00:00,69033.7,69218.0,68588.42,68708.3,790.3525408200005
2026-02-10 21:00:00+00:00,68711.99,69062.0,68290.99,68618.47,688.2537181700009
2026-02-10 22:00:00+00:00,68611.01,68900.0,68521.97,68658.0,332.48032084999994
2026-02-10 23:00:00+00:00,68654.01,68926.0,68458.6,68803.65,423.8812969600002
2026-02-11 00:00:00+00:00,68803.65,69302.0,68737.93,69135.27,409.7023775999999
2026-02-11 01:00:00+00:00,69139.01,69357.0,68859.45,68935.12,321.97545272
2026-02-11 02:00:00+00:00,68927.3,69223.0,68558.21,68739.0,409.69605877
2026-02-11 03:00:00+00:00,68624.1,68831.0,67950.21,68132.94,687.9187267700001
2026-02-11 04:00:00+00:00,68132.3,68385.0,67321.0,67537.3,921.1349070700018
2026-02-11 05:00:00+00:00,67537.4,67855.0,67348.22,67362.0,359.77474033999994
2026-02-11 06:00:00+00:00,67379.1,67552.0,66502.3,66767.44,910.23612688
2026-02-11 07:00:00+00:00,66760.1,67313.0,66600.2,66986.18,511.3978678700001
2026-02-11 08:00:00+00:00,67000.0,67181.0,66744.01,66947.59,408.0639863699999
2026-02-11 09:00:00+00:00,66947.59,67152.0,66683.02,66843.93,385.9253586799999
2026-02-11 10:00:00+00:00,66831.4,66957.0,66340.0,66498.5,560.3737789400002
2026-02-11 11:00:00+00:00,66498.49,67183.0,66440.18,67026.84,478.80045681000047
2026-02-11 12:00:00+00:00,67023.4,67501.0,66932.88,67103.52,752.3520814499999
2026-02-11 13:00:00+00:00,67103.81,67745.0,66700.05,67421.88,1282.5690579300003
2026-02-11 14:00:00+00:00,67424.6,68882.0,66400.77,66542.49,2346.878658780006
2026-02-11 15:00:00+00:00,66545.85,66895.0,65702.95,66605.0,2255.7300329400005
2026-02-11 16:00:00+00:00,66488.8,67323.0,65900.0,65986.57,1510.43338162
2026-02-11 17:00:00+00:00,65986.56,66991.0,65809.79,66466.0,1034.6844696399996
2026-02-11 18:00:00+00:00,66482.5,67391.0,66090.39,67233.02,1018.9888167999992
2026-02-11 19:00:00+00:00,67233.01,67938.0,67071.3,67540.29,923.9354637199988
2026-02-11 20:00:00+00:00,67540.28,67828.0,67113.56,67517.41,925.5120766700004
2026-02-11 21:00:00+00:00,67515.2,68428.0,67354.0,67755.09,934.141586849998
2026-02-11 22:00:00+00:00,67882.0,67944.0,67306.0,67502.0,561.8645587299995
2026-02-11 23:00:00+00:00,67504.0,67628.0,66729.19,67154.0,644.6860443899999
2026-02-12 00:00:00+00:00,67039.6,67770.0,66993.75,67409.07,504.2750588999999
2026-02-12 01:00:00+00:00,67425.7,68114.0,67409.07,67644.1,546.8563245399998
2026-02-12 02:00:00+00:00,67644.1,67870.0,67360.74,67384.39,522.80462488
2026-02-12 03:00:00+00:00,67380.0,67654.0,67251.83,67533.13,287.03368951000016
2026-02-12 04:00:00+00:00,67533.5,67738.0,66927.85,67074.0,848.6771546399992
2026-02-12 05:00:00+00:00,66965.8,67264.0,66614.15,67095.0,395.66127035000005
2026-02-12 06:00:00+00:00,67090.0,67417.0,66957.9,67074.84,425.1368363200013
2026-02-12 07:00:00+00:00,67067.5,67380.0,66872.04,67266.0,217.27708916000003
2026-02-12 08:00:00+00:00,67167.7,67398.0,66827.41,67086.01,263.46454611999985
2026-02-12 09:00:00+00:00,67088.9,67762.0,66991.02,67502.4,350.1973908699999
2026-02-12 10:00:00+00:00,67507.2,68077.0,67362.39,68059.0,331.1250255100002
2026-02-12 11:00:00+00:00,67970.1,68350.0,67688.02,68140.0,618.6243667299992
2026-02-12 12:00:00+00:00,68137.0,68230.0,67672.66,67826.31,409.61146535000006
2026-02-12 13:00:00+00:00,67826.3,68449.0,67636.51,68421.0,619.5845683299999
2026-02-12 14:00:00+00:00,68342.98,68458.0,67440.46,67545.69,907.560538129999
2026-02-12 15:00:00+00:00,67552.0,68066.0,66969.69,67091.99,1362.3015684100053
2026-02-12 16:00:00+00:00,67100.0,67292.0,65300.0,65806.05,2957.8443118199925
2026-02-12 17:00:00+00:00,65818.5,66360.0,65300.01,65362.41,1739.447838789997
2026-02-12 18:00:00+00:00,65366.6,65872.0,65065.47,65681.0,1477.270017979997
2026-02-12 19:00:00+00:00,65540.0,66216.0,65202.0,65882.0,1208.5500799199988
2026-02-12 20:00:00+00:00,65735.8,66142.0,65139.87,65362.5,1401.7368349699973
2026-02-12 21:00:00+00:00,65359.22,65995.0,65345.6,65776.48,558.8569870299999
2026-02-12 22:00:00+00:00,65779.97,66481.0,65577.67,66219.99,518.0424383400001
2026-02-12 23:00:00+00:00,66219.99,66586.0,66098.5,66208.0,541.9361375500002
2026-02-13 00:00:00+00:00,66207.99,66625.0,65799.71,65840.12,452.7530296200003
2026-02-13 01:00:00+00:00,65840.11,66720.0,65840.11,66393.8,439.3754582
2026-02-13 02:00:00+00:00,66396.0,66855.0,66323.02,66606.0,332.27631541999983
2026-02-13 03:00:00+00:00,66620.1,66908.0,66406.24,66499.9,380.81653893999993
2026-02-13 04:00:00+00:00,66505.4,66766.0,66250.17,66427.0,303.4770290299999
2026-02-13 05:00:00+00:00,66274.01,66602.0,66122.65,66142.4,381.5120533000003
2026-02-13 06:00:00+00:00,66140.1,66490.0,65954.31,66309.99,237.61011076999995
2026-02-13 07:00:00+00:00,66311.7,66670.0,65974.88,66142.0,531.6628870599998
2026-02-13 08:00:00+00:00,66142.0,66847.0,66124.04,66648.0,356.69572207000004
2026-02-13 09:00:00+00:00,66648.0,67146.0,66554.65,66907.42,530.4874418599999
2026-02-13 10:00:00+00:00,66920.0,67202.0,66742.53,66920.18,358.7883492199999
2026-02-13 11:00:00+00:00,66932.6,67310.0,66722.01,67109.69,408.4473328799998
2026-02-13 12:00:00+00:00,67246.0,67286.0,66869.29,67047.3,298.05844806
2026-02-13 13:00:00+00:00,67022.47,67700.0,66886.01,67211.35,906.2250275200076
2026-02-13 14:00:00+00:00,67220.1,68090.0,66810.0,67697.35,1751.0098406599943
2026-02-13 15:00:00+00:00,67701.42,69386.0,67647.15,68650.0,2781.5424211899926
2026-02-13 16:00:00+00:00,68644.01,69550.0,68489.56,68913.98,1440.6644089899974
2026-02-13 17:00:00+00:00,68920.0,69323.0,68585.0,68995.98,903.8426107199996
2026-02-13 18:00:00+00:00,68994.8,69490.0,68853.91,69203.0,768.2817020099994
2026-02-13 19:00:00+00:00,69097.7,69294.0,68877.0,68990.0,575.2913909399997
2026-02-13 20:00:00+00:00,68911.4,69017.0,68640.65,68729.57,610.7338930299999
2026-02-13 21:00:00+00:00,68733.72,69131.0,68682.6,68854.05,661.6295127999996
2026-02-13 22:00:00+00:00,68854.05,69042.0,68682.6,68959.97,312.64440304
2026-02-13 23:00:00+00:00,68930.9,69040.0,68775.58,68812.0,403.65157155999975
2026-02-14 00:00:00+00:00,68812.0,69172.0,68723.15,69066.1,316.1895851699998
2026-02-14 01:00:00+00:00,69126.0,69172.0,68883.11,68922.72,246.49353627000008
2026-02-14 02:00:00+00:00,68931.7,69053.0,68801.62,68838.01,166.16157209999997
2026-02-14 03:00:00+00:00,68851.1,69043.0,68809.5,68941.67,145.23407678000007
2026-02-14 04:00:00+00:00,68943.9,69022.0,68754.0,68816.0,116.3972636
2026-02-14 05:00:00+00:00,68778.1,68930.0,68715.73,68736.43,155.69661683
2026-02-14 06:00:00+00:00,68733.3,68978.0,68697.63,68897.77,121.14318627
2026-02-14 07:00:00+00:00,68879.8,69365.0,68848.2,69229.0,227.3601905299999
2026-02-14 08:00:00+00:00,69186.3,69896.0,69171.12,69705.72,421.61088275
2026-02-14 09:00:00+00:00,69714.4,69931.0,69535.45,69734.0,237.93609169
2026-02-14 10:00:00+00:00,69692.6,69733.0,69543.72,69630.51,128.45653528
2026-02-14 11:00:00+00:00,69640.0,70590.0,69630.51,70469.17,603.3286911100002
2026-02-14 12:00:00+00:00,70480.0,70555.0,69579.0,69600.24,982.5502026900006
2026-02-14 13:00:00+00:00,69620.1,69797.0,69190.96,69445.41,1473.3252405100022
2026-02-14 14:00:00+00:00,69445.4,69883.0,69308.74,69687.34,516.6921858699995
2026-02-14 15:00:00+00:00,69687.34,70065.0,69542.01,69767.28,561.12574891
2026-02-14 16:00:00+00:00,69772.0,69833.0,69263.02,69724.0,484.95672461
2026-02-14 17:00:00+00:00,69716.1,69946.0,69577.86,69713.33,331.8595855599998
2026-02-14 18:00:00+00:00,69698.2,69872.0,69638.95,69741.5,274.0560292999998
2026-02-14 19:00:00+00:00,69742.44,69952.0,69572.96,69845.55,244.967399
2026-02-14 20:00:00+00:00,69829.0,70065.0,69704.72,69982.01,260.0640826899999
2026-02-14 21:00:00+00:00,69988.7,70281.0,69636.01,69897.68,427.2073438599998
2026-02-14 22:00:00+00:00,69954.0,70130.0,69726.17,69923.78,349.4824003799999
2026-02-14 23:00:00+00:00,69989.0,70054.0,69681.97,69786.96,220.72101853999985
2026-02-15 00:00:00+00:00,69786.96,69892.0,69556.34,69741.18,214.87473672000007
2026-02-15 01:00:00+00:00,69720.1,69931.0,69311.88,69672.06,281.3949323600002
2026-02-15 02:00:00+00:00,69665.3,69790.0,69310.0,69510.0,165.4170374100001
2026-02-15 03:00:00+00:00,69460.1,70020.0,69212.82,69977.0,347.63672999000016
2026-02-15 04:00:00+00:00,69925.01,70559.0,69834.53,70162.52,589.8236759800005
2026-02-15 05:00:00+00:00,70138.7,70500.0,70100.0,70280.0,237.48276183000013
2026-02-15 06:00:00+00:00,70260.1,70560.0,70155.0,70373.96,288.58365006
2026-02-15 07:00:00+00:00,70383.3,70972.0,70275.41,70790.31,435.6726364900002
2026-02-15 08:00:00+00:00,70783.7,71032.0,70144.47,70410.28,371.8183074999999
2026-02-15 09:00:00+00:00,70400.0,70705.0,70338.62,70387.45,190.37936540000004
2026-02-15 10:00:00+00:00,70395.0,70559.0,70181.76,70392.94,177.4844766700001
2026-02-15 11:00:00+00:00,70408.2,70573.0,70235.1,70262.7,133.71398517000006
2026-02-15 12:00:00+00:00,70261.4,70441.0,69258.99,69335.0,458.2245603699998
2026-02-15 13:00:00+00:00,69294.8,69650.0,68750.0,68896.47,734.40961336
2026-02-15 14:00:00+00:00,68900.1,69260.0,68800.0,69138.0,506.5062546700007
2026-02-15 15:00:00+00:00,69137.99,69307.0,68843.55,69146.0,274.82667069
2026-02-15 16:00:00+00:00,69069.5,69148.0,68750.8,68984.42,314.7825744400004
2026-02-15 17:00:00+00:00,68999.9,69134.0,68156.14,68597.99,637.0073383800009
2026-02-15 18:00:00+00:00,68594.6,68836.0,68308.77,68497.0,575.4802223499996
2026-02-15 19:00:00+00:00,68414.06,68607.0,68020.0,68244.49,523.9632122699999
2026-02-15 20:00:00+00:00,68242.2,68608.0,68082.1,68406.83,332.4712735700003
2026-02-15 21:00:00+00:00,68414.7,69021.0,68406.91,68804.01,444.2226652200002
2026-02-15 22:00:00+00:00,68804.01,69130.0,68752.99,69031.0,252.09542316000017
2026-02-15 23:00:00+00:00,68954.99,69015.0,68275.6,68792.0,394.03327903
2026-02-16 00:00:00+00:00,68792.0,69107.0,68654.8,68805.91,259.15764482
2026-02-16 01:00:00+00:00,68805.92,69080.0,68411.15,68583.25,288.5455259100002
2026-02-16 02:00:00+00:00,68600.5,68789.0,68205.02,68287.02,230.29711276
2026-02-16 03:00:00+00:00,68288.58,68544.0,68112.44,68386.83,254.63398198
2026-02-16 04:00:00+00:00,68387.7,68941.0,68376.25,68830.14,194.20840405
2026-02-16 05:00:00+00:00,68838.9,68942.0,68253.02,68347.27,216.1805873600001
2026-02-16 06:00:00+00:00,68364.6,68575.0,68190.08,68415.22,156.27802160000016
2026-02-16 07:00:00+00:00,68420.0,68737.0,68339.1,68549.82,147.73168872000005
2026-02-16 08:00:00+00:00,68540.0,68860.0,68502.65,68728.0,271.2963483400003
2026-02-16 09:00:00+00:00,68740.0,69143.0,68711.59,68963.84,409.13500543000026
2026-02-16 10:00:00+00:00,68963.83,69078.0,68664.01,68761.26,214.93751319000023
2026-02-16 11:00:00+00:00,68772.2,69004.0,68283.01,68888.0,363.4805256400002
2026-02-16 12:00:00+00:00,68771.82,69930.0,68770.41,69723.06,536.5735934700002
2026-02-16 13:00:00+00:00,69720.1,70222.0,68178.06,68369.85,1170.060227690001
2026-02-16 14:00:00+00:00,68370.1,68795.0,68229.09,68382.15,797.9743895800002
2026-02-16 15:00:00+00:00,68380.1,68683.0,67251.81,67500.1,1308.0797430500052
2026-02-16 16:00:00+00:00,67500.1,68038.0,67460.65,67855.48,623.2230836399999
2026-02-16 17:00:00+00:00,67855.47,68148.0,67561.5,67907.99,489.32576912
2026-02-16 18:00:00+00:00,67920.0,68318.0,67793.14,67829.79,443.2525108499999
2026-02-16 19:00:00+00:00,67824.7,68205.0,67789.44,67880.63,287.90257549999995
2026-02-16 20:00:00+00:00,67882.5,68651.0,67790.8,68491.34,392.66643654
2026-02-16 21:00:00+00:00,68612.0,69021.0,68385.26,68822.87,521.9741652099998
2026-02-16 22:00:00+00:00,68829.9,68979.0,68476.24,68558.98,390.50012003000006
2026-02-16 23:00:00+00:00,68558.98,69062.0,68499.21,68858.13,249.98146256000007
2026-02-17 00:00:00+00:00,68860.0,69127.0,68664.0,68850.0,497.0202212100005
2026-02-17 01:00:00+00:00,68847.7,69094.0,68525.56,68579.28,312.2283963000002
2026-02-17 02:00:00+00:00,68579.28,69334.0,68341.05,68816.4,435.88410840000006
2026-02-17 03:00:00+00:00,68816.4,68942.0,68426.48,68432.65,243.26341158000008
2026-02-17 04:00:00+00:00,68440.1,68780.0,68232.79,68440.69,191.1422166300001
2026-02-17 05:00:00+00:00,68439.9,68586.0,67850.01,68206.9,304.80273102
2026-02-17 06:00:00+00:00,68210.4,68602.0,68195.28,68369.93,167.43267100000014
2026-02-17 07:00:00+00:00,68383.8,68559.0,68100.02,68357.51,170.5889274100001
2026-02-17 08:00:00+00:00,68356.01,68565.0,68087.78,68132.73,111.35776667000005
2026-02-17 09:00:00+00:00,68132.74,68390.0,67937.78,68200.0,283.2578508
2026-02-17 10:00:00+00:00,68080.0,68268.0,67654.09,67799.89,297.86883307000033
2026-02-17 11:00:00+00:00,67800.0,68008.0,67638.75,67808.3,473.00692422000014
2026-02-17 12:00:00+00:00,67800.1,68377.0,67781.73,67884.57,401.1315520600001
2026-02-17 13:00:00+00:00,67862.8,68442.0,67690.47,68086.87,530.3414004800001
2026-02-17 14:00:00+00:00,68087.0,68420.0,66675.0,66826.77,1791.7916913099998
2026-02-17 15:00:00+00:00,66831.13,67499.0,66569.58,67353.2,1648.9492507299974
2026-02-17 16:00:00+00:00,67355.41,68248.0,67287.69,67491.56,1140.8133500200006
2026-02-17 17:00:00+00:00,67491.56,67800.0,66832.01,67200.93,1090.0292372399997
2026-02-17 18:00:00+00:00,67208.3,68308.0,67074.59,68182.0,984.8090997699989
2026-02-17 19:00:00+00:00,68060.1,68327.0,67687.95,67755.7,722.386876779999
2026-02-17 20:00:00+00:00,67756.22,68013.0,67440.41,67829.0,606.8952349699989
2026-02-17 21:00:00+00:00,67707.23,68010.0,67490.11,67639.04,410.2529616199998
2026-02-17 22:00:00+00:00,67627.7,67864.0,67450.01,67491.91,215.13154989999987
2026-02-17 23:00:00+00:00,67506.9,67696.0,67343.86,67466.7,222.79027838000005
2026-02-18 00:00:00+00:00,67466.7,67707.0,67246.25,67264.52,237.2188348999999
2026-02-18 01:00:00+00:00,67264.52,67460.0,66835.98,67132.01,430.00308489
2026-02-18 02:00:00+00:00,67132.01,67506.0,67109.67,67296.0,256.33137957000025
2026-02-18 03:00:00+00:00,67291.9,67780.0,67289.06,67695.0,278.44343381000004
2026-02-18 04:00:00+00:00,67586.41,67967.0,67462.1,67788.11,225.71836594
2026-02-18 05:00:00+00:00,67771.3,68019.0,67549.92,67605.71,357.69064115000003
2026-02-18 06:00:00+00:00,67613.7,68049.0,67573.8,67808.78,129.56191598000012
2026-02-18 07:00:00+00:00,67813.9,68290.0,67657.83,68081.41,270.42920912000017
2026-02-18 08:00:00+00:00,68094.9,68561.0,68030.29,68089.99,335.6236439300002
2026-02-18 09:00:00+00:00,68082.9,68347.0,67968.62,68117.59,214.67653512000007
2026-02-18 10:00:00+00:00,68130.0,68251.0,67691.41,67762.34,358.5078902600002
2026-02-18 11:00:00+00:00,67762.48,67874.0,67042.87,67334.9,521.3837432299998
2026-02-18 12:00:00+00:00,67340.1,67760.0,67309.91,67430.02,394.8566187199999
2026-02-18 13:00:00+00:00,67430.6,67664.0,67022.0,67315.0,606.6216876199996
2026-02-18 14:00:00+00:00,67212.8,67440.0,66666.0,67183.19,1231.9441911999995
2026-02-18 15:00:00+00:00,67197.8,68422.0,67149.06,67663.28,1308.57759516
2026-02-18 16:00:00+00:00,67663.66,67773.0,66952.62,67101.18,1046.1922337899991
2026-02-18 17:00:00+00:00,67118.7,67543.0,67010.0,67160.31,657.8856419799997
2026-02-18 18:00:00+00:00,67159.9,67288.0,66155.11,66316.26,1312.59978515
2026-02-18 19:00:00+00:00,66326.9,66695.0,65812.57,66135.94,1247.7706371099996
2026-02-18 20:00:00+00:00,66137.51,66633.0,66098.68,66221.41,1337.26252568
2026-02-18 21:00:00+00:00,66360.0,66591.0,66052.51,66301.56,985.0669991400008
2026-02-18 22:00:00+00:00,66303.0,66575.0,66193.51,66361.5,402.9912112600001
2026-02-18 23:00:00+00:00,66361.49,66603.0,66230.83,66419.79,274.0576325500001
2026-02-19 00:00:00+00:00,66425.7,66695.0,66300.43,66405.98,272.8752204400002
2026-02-19 01:00:00+00:00,66405.98,66967.0,66403.74,66835.99,311.18876036000023
2026-02-19 02:00:00+00:00,66839.2,67040.0,66600.01,66803.82,371.34473367
2026-02-19 03:00:00+00:00,66809.8,67067.0,66687.01,66944.99,266.34318419000016
2026-02-19 04:00:00+00:00,66953.4,67147.0,66726.0,66763.29,314.1126596800002
2026-02-19 05:00:00+00:00,66780.1,66963.0,66643.62,66951.0,166.9699190300001
2026-02-19 06:00:00+00:00,66838.7,67370.0,66831.01,67226.0,416.1478639700002
2026-02-19 07:00:00+00:00,67112.3,67402.0,66999.0,67171.96,265.11333223000014
2026-02-19 08:00:00+00:00,67171.95,67274.0,66754.32,67052.0,336.4379336800003
2026-02-19 09:00:00+00:00,66930.0,67274.0,66720.07,66805.76,215.9673058400001
2026-02-19 10:00:00+00:00,66810.1,67047.0,66702.2,66804.0,136.42813976000008
2026-02-19 11:00:00+00:00,66804.0,67015.0,66426.01,66457.45,250.78209201
2026-02-19 12:00:00+00:00,66465.0,66760.0,66286.23,66482.37,384.38238483999976
2026-02-19 13:00:00+00:00,66486.9,66639.0,65727.34,65989.0,967.56130481
2026-02-19 14:00:00+00:00,65876.88,66750.0,65604.63,66397.57,1322.8085839199994
2026-02-19 15:00:00+00:00,66397.57,66830.0,65938.1,66367.99,1472.1569476599984
2026-02-19 16:00:00+00:00,66367.98,66597.0,65850.0,66262.15,860.6608635899995
2026-02-19 17:00:00+00:00,66286.4,67130.0,66142.03,66334.39,1043.8501063699991
2026-02-19 18:00:00+00:00,66340.0,67160.0,66202.52,67115.0,1059.2125141399988
2026-02-19 19:00:00+00:00,67004.6,67284.0,66669.18,67025.61,696.5715695499995
2026-02-19 20:00:00+00:00,67020.0,67253.0,66801.11,67221.0,730.6400838699998
2026-02-19 21:00:00+00:00,67126.1,67247.0,66868.83,66898.0,370.3990289700001
2026-02-19 22:00:00+00:00,66900.25,67080.0,66613.89,66880.59,367.37753717000015
2026-02-19 23:00:00+00:00,66878.01,67111.0,66781.59,66972.5,262.9937462200002
2026-02-20 00:00:00+00:00,66955.3,67568.0,66910.35,67195.96,573.0952227599996
2026-02-20 01:00:00+00:00,67195.37,67432.0,67114.42,67253.99,320.2716001200001
2026-02-20 02:00:00+00:00,67260.0,67430.0,67142.34,67209.99,193.84194197000016
2026-02-20 03:00:00+00:00,67225.0,67568.0,67208.63,67332.43,255.2478663800001
2026-02-20 04:00:00+00:00,67340.0,67471.0,67076.0,67236.01,271.0034755
2026-02-20 05:00:00+00:00,67236.01,68080.0,67177.18,67766.77,654.0877405900014
2026-02-20 06:00:00+00:00,67739.9,67970.0,67638.14,67820.71,285.11715103
2026-02-20 07:00:00+00:00,67815.7,68071.0,67744.6,67809.28,270.0503641199999
2026-02-20 08:00:00+00:00,67780.0,68024.0,67728.01,67852.0,193.97519172999995
2026-02-20 09:00:00+00:00,67853.85,68349.0,67848.5,68190.89,490.5614410199998
2026-02-20 10:00:00+00:00,68190.6,68390.0,67843.88,68018.0,482.99167406999976
2026-02-20 11:00:00+00:00,67898.9,68050.0,67257.38,67286.6,607.1562427499997
2026-02-20 12:00:00+00:00,67301.25,67670.0,67250.0,67521.23,458.0084317499999
2026-02-20 13:00:00+00:00,67508.9,67602.0,66427.23,66875.0,1323.3379841699991
2026-02-20 14:00:00+00:00,66791.43,67402.0,66644.23,67060.1,1209.5209912899995
2026-02-20 15:00:00+00:00,67059.01,68152.0,66529.5,67578.79,2181.23829894
2026-02-20 16:00:00+00:00,67578.79,67997.0,67128.69,67786.99,1338.41780098
2026-02-20 17:00:00+00:00,67780.1,67860.0,66938.32,67602.07,2038.9267823999987
2026-02-20 18:00:00+00:00,67602.07,68075.0,67434.3,67917.99,1241.5213835300003
2026-02-20 19:00:00+00:00,67904.3,68080.0,67530.11,67625.99,741.3465775999996
2026-02-20 20:00:00+00:00,67619.9,67906.0,67500.0,67733.36,477.7557253799999
2026-02-20 21:00:00+00:00,67730.14,67900.0,67607.43,67799.68,342.9597874399998
2026-02-20 22:00:00+00:00,67799.67,68173.0,67611.19,68052.28,639.3400444399997
2026-02-20 23:00:00+00:00,68052.28,68298.0,67878.85,67984.42,467.08328899
2026-02-21 00:00:00+00:00,67998.2,68110.0,67758.19,67811.76,269.00460110000006
2026-02-21 01:00:00+00:00,67811.76,68067.0,67800.0,67927.75,153.05529519999993
2026-02-21 02:00:00+00:00,67928.77,68163.0,67884.47,67980.0,161.11383249
2026-02-21 03:00:00+00:00,67980.64,68066.0,67516.93,67648.88,347.20780931999985
2026-02-21 04:00:00+00:00,67648.88,67910.0,67567.9,67797.72,140.77393455999996
2026-02-21 05:00:00+00:00,67796.9,67957.0,67785.52,67841.32,106.00225929
2026-02-21 06:00:00+00:00,67823.5,67997.0,67731.3,67771.19,88.72258090000001
2026-02-21 07:00:00+00:00,67760.0,67959.0,67730.2,67835.99,72.72593444000002
2026-02-21 08:00:00+00:00,67835.2,68150.0,67790.0,68035.18,186.04507701
2026-02-21 09:00:00+00:00,68048.0,68374.0,67954.26,68126.28,259.6814859799999
2026-02-21 10:00:00+00:00,68134.4,68305.0,68120.13,68199.99,130.53013649999997
2026-02-21 11:00:00+00:00,68175.4,68357.0,68058.0,68076.47,130.54013096000006
2026-02-21 12:00:00+00:00,68066.3,68280.0,67894.6,68191.77,144.37655698000006
2026-02-21 13:00:00+00:00,68178.3,68316.0,68074.8,68238.51,115.97054794999993
2026-02-21 14:00:00+00:00,68222.0,68758.0,68160.3,68427.97,481.13753599000006
2026-02-21 15:00:00+00:00,68423.7,68762.0,68389.06,68595.16,257.64943162
2026-02-21 16:00:00+00:00,68600.1,68685.0,68079.0,68313.43,730.98612432
2026-02-21 17:00:00+00:00,68314.78,68532.0,68184.6,68425.5,251.34294896
2026-02-21 18:00:00+00:00,68400.1,68691.0,68367.61,68564.99,318.5061180999999
2026-02-21 19:00:00+00:00,68543.0,68711.0,68499.7,68519.6,309.78185651000007
2026-02-21 20:00:00+00:00,68519.6,68648.0,68170.15,68199.99,259.7459289899999
2026-02-21 21:00:00+00:00,68199.98,68422.0,68166.01,68368.94,216.5846592700001
2026-02-21 22:00:00+00:00,68368.94,68474.0,67865.0,67961.79,323.98135186000025
2026-02-21 23:00:00+00:00,67962.9,68200.0,67926.18,67955.78,187.27439475000008
2026-02-22 00:00:00+00:00,67966.7,68103.0,67778.48,67920.32,262.05009476
2026-02-22 01:00:00+00:00,67920.0,68212.0,67908.0,68138.97,174.12189552000015
2026-02-22 02:00:00+00:00,68138.97,68265.0,67852.71,67889.59,252.29608225
2026-02-22 03:00:00+00:00,67892.6,68104.0,67802.78,68080.0,202.02389307
2026-02-22 04:00:00+00:00,68025.88,68124.0,67929.22,67959.11,143.84283380000002
2026-02-22 05:00:00+00:00,67961.5,68050.0,67860.7,67958.83,115.40881455000002
2026-02-22 06:00:00+00:00,67940.0,68240.0,67939.9,68020.67,198.97923822000007
2026-02-22 07:00:00+00:00,68033.7,68137.0,67969.34,67996.01,125.60793476
2026-02-22 08:00:00+00:00,68000.1,68055.0,67891.52,67942.41,96.77625061999998
2026-02-22 09:00:00+00:00,67942.39,68124.0,67942.39,68040.98,114.90328400000004
2026-02-22 10:00:00+00:00,68060.1,68184.0,67992.23,68112.6,94.38094864999997
2026-02-22 11:00:00+00:00,68124.4,68277.0,68112.6,68195.2,90.47647498000003
2026-02-22 12:00:00+00:00,68195.2,68259.0,67856.24,67912.79,338.41323523000005
2026-02-22 13:00:00+00:00,67935.0,68067.0,67555.24,67633.8,546.6575768800001
2026-02-22 14:00:00+00:00,67634.1,67706.0,67332.21,67434.0,577.73246877
2026-02-22 15:00:00+00:00,67431.0,67830.0,67285.1,67673.72,422.63737690000016
2026-02-22 16:00:00+00:00,67668.2,67745.0,67488.05,67608.99,258.03060890000035
2026-02-22 17:00:00+00:00,67614.6,67695.0,67132.81,67358.59,356.8243792899999
2026-02-22 18:00:00+00:00,67358.5,67531.0,67284.0,67392.53,201.79427083
2026-02-22 19:00:00+00:00,67392.53,67562.0,67353.08,67390.14,140.1879495000001
2026-02-22 20:00:00+00:00,67389.1,67563.0,67314.67,67368.0,251.1804201700004
2026-02-22 21:00:00+00:00,67350.9,67705.0,67350.9,67579.45,200.0452321
2026-02-22 22:00:00+00:00,67579.45,67830.0,67436.67,67642.45,214.85078199
2026-02-22 23:00:00+00:00,67653.7,67796.0,67433.45,67612.1,298.65723360000004
2026-02-23 00:00:00+00:00,67612.1,67750.0,66695.09,66717.27,509.8709772499996
2026-02-23 01:00:00+00:00,66715.4,66806.0,64203.2,64417.4,3780.247428020002
2026-02-23 02:00:00+00:00,64417.98,65009.0,64310.01,64767.71,1043.6494227800008
2026-02-23 03:00:00+00:00,64767.71,65158.0,64678.13,64918.0,687.5347155200002
2026-02-23 04:00:00+00:00,64940.1,65131.0,64662.0,64800.39,407.5016844900001
2026-02-23 05:00:00+00:00,64810.1,65338.0,64794.99,65054.76,611.3071401400002
2026-02-23 06:00:00+00:00,65040.0,65894.0,65011.97,65752.71,558.3437650199994
2026-02-23 07:00:00+00:00,65749.7,66110.0,65650.78,65941.91,672.4164036699999
2026-02-23 08:00:00+00:00,65943.6,66057.0,65560.9,65660.97,512.0482910799998
2026-02-23 09:00:00+00:00,65660.97,66556.0,65658.5,66400.1,550.9848984100005
2026-02-23 10:00:00+00:00,66396.8,66691.0,66211.36,66322.3,463.44894621000014
2026-02-23 11:00:00+00:00,66315.6,66585.0,66104.89,66199.9,391.99790163
2026-02-23 12:00:00+00:00,66199.9,66589.0,65890.39,66287.98,641.4944845699999
2026-02-23 13:00:00+00:00,66260.5,66520.0,66089.01,66128.59,690.5860995899998
2026-02-23 14:00:00+00:00,66130.0,66364.0,65500.0,65905.99,1526.6595171899985
2026-02-23 15:00:00+00:00,65920.0,66341.0,65560.27,65631.02,1348.530868709999
2026-02-23 16:00:00+00:00,65631.01,65820.0,65160.58,65458.0,1302.3481328299988
2026-02-23 17:00:00+00:00,65340.0,65546.0,64147.69,64907.0,2083.616384049999
2026-02-23 18:00:00+00:00,64803.0,65276.0,64552.0,64620.18,1048.0243433099995
2026-02-23 19:00:00+00:00,64620.19,64945.0,64079.44,64275.4,1627.2987097800014
2026-02-23 20:00:00+00:00,64275.39,64569.0,63855.0,64463.59,1263.5232696100013
2026-02-23 21:00:00+00:00,64456.21,64880.0,64433.66,64572.12,768.2056881100008
2026-02-23 22:00:00+00:00,64550.7,65095.0,64534.1,64704.1,877.4562915500001
2026-02-23 23:00:00+00:00,64707.44,64990.0,64502.12,64625.78,818.6006089499999
2026-02-24 00:00:00+00:00,64624.1,65094.0,64624.0,64906.0,462.9641509599997
2026-02-24 01:00:00+00:00,64906.0,65018.0,63351.6,64133.04,1292.2203723499993
2026-02-24 02:00:00+00:00,64133.04,64598.0,63957.51,64079.18,577.2919901800002
2026-02-24 03:00:00+00:00,64100.0,64192.0,63123.6,63568.6,1161.6448804800011
2026-02-24 04:00:00+00:00,63683.0,63723.0,62828.39,63348.73,1351.57466874
2026-02-24 05:00:00+00:00,63348.72,63635.0,62676.78,63084.84,834.2899200300011
2026-02-24 06:00:00+00:00,63069.8,63417.0,62876.3,63061.3,420.3667630200004
2026-02-24 07:00:00+00:00,63061.3,63451.0,62896.63,63167.02,514.95446694
2026-02-24 08:00:00+00:00,63160.0,63529.0,62970.58,63371.25,366.21408095
2026-02-24 09:00:00+00:00,63371.25,63507.0,62917.86,63330.0,475.05919594
2026-02-24 10:00:00+00:00,63226.9,63455.0,63101.6,63270.0,362.79387417
2026-02-24 11:00:00+00:00,63285.4,63403.0,63050.0,63301.0,506.02227705
2026-02-24 12:00:00+00:00,63211.97,63436.0,62937.83,63038.0,688.9062892999999
2026-02-24 13:00:00+00:00,62957.1,63183.0,62500.0,62968.0,1052.9803197800009
2026-02-24 14:00:00+00:00,62904.5,63939.0,62747.1,63461.98,1718.3075121600025
2026-02-24 15:00:00+00:00,63461.99,64114.0,63304.38,64067.0,1612.4515829800011
2026-02-24 16:00:00+00:00,63976.1,64511.0,63700.0,64345.0,1453.38134806
2026-02-24 17:00:00+00:00,64264.3,64602.0,64047.78,64229.93,1102.11786124
2026-02-24 18:00:00+00:00,64229.92,64630.0,63932.9,64436.7,957.5578390100002
2026-02-24 19:00:00+00:00,64436.7,64848.0,64247.12,64442.79,775.0167569300002
2026-02-24 20:00:00+00:00,64435.5,64675.0,64312.85,64474.97,693.0060847300002
2026-02-24 21:00:00+00:00,64474.48,64535.0,63841.33,64107.0,747.9315470799997
2026-02-24 22:00:00+00:00,64107.0,64310.0,63969.01,64119.84,439.92110961
2026-02-24 23:00:00+00:00,64122.75,64330.0,63835.0,64061.9,567.09379003
2026-02-25 00:00:00+00:00,64062.0,64410.0,63912.25,64221.53,535.2086393599999
2026-02-25 01:00:00+00:00,64221.53,66390.0,64146.1,65899.06,1854.9238783900023
2026-02-25 02:00:00+00:00,65899.06,66410.0,65850.79,65879.41,968.63251614
2026-02-25 03:00:00+00:00,65885.7,66033.0,65348.37,65387.99,722.3831743799999
2026-02-25 04:00:00+00:00,65383.4,65759.0,65110.13,65438.0,595.26595037
2026-02-25 05:00:00+00:00,65524.0,65590.0,64751.55,64884.01,609.23875616
2026-02-25 06:00:00+00:00,64884.0,65211.0,64855.1,64966.0,301.64513641
2026-02-25 07:00:00+00:00,64887.0,65266.0,64773.61,65028.35,343.75647939000004
2026-02-25 08:00:00+00:00,65037.4,65667.0,64960.71,65517.99,476.45231503
2026-02-25 09:00:00+00:00,65517.98,65760.0,65424.47,65544.7,411.19516168000007
2026-02-25 10:00:00+00:00,65544.7,65732.0,65341.95,65469.0,445.4537177700004
2026-02-25 11:00:00+00:00,65391.3,65561.0,65165.0,65413.11,463.23263119000006
2026-02-25 12:00:00+00:00,65412.0,66345.0,65317.71,66041.9,902.8975191000002
2026-02-25 13:00:00+00:00,66175.0,66771.0,66007.8,66236.2,1109.0886043999994
2026-02-25 14:00:00+00:00,66322.0,67098.0,66189.88,66975.8,1727.9493101300022
2026-02-25 15:00:00+00:00,67058.0,67674.0,66707.6,67464.0,2355.7583875100004
2026-02-25 16:00:00+00:00,67414.1,68410.0,67413.9,68332.01,2628.2787730200016
2026-02-25 17:00:00+00:00,68300.6,68980.0,68032.5,68694.01,2745.75361787
2026-02-25 18:00:00+00:00,68690.1,69627.0,68371.8,69410.0,2420.8805903200014
2026-02-25 19:00:00+00:00,69361.67,69487.0,68789.9,69060.2,1376.1152583299986
2026-02-25 20:00:00+00:00,69062.52,69471.0,68643.95,69177.78,1118.6762148699984
2026-02-25 21:00:00+00:00,69175.57,70171.0,68790.11,68935.98,1303.257242400002
2026-02-25 22:00:00+00:00,68947.7,69275.0,68071.99,68463.0,920.2091904500006
2026-02-25 23:00:00+00:00,68530.0,68787.0,67590.68,67992.68,928.4229013299996
2026-02-26 00:00:00+00:00,67978.6,68633.0,67717.55,68347.72,774.3894449000007
2026-02-26 01:00:00+00:00,68349.6,68800.0,68217.42,68264.0,582.41344114
2026-02-26 02:00:00+00:00,68250.2,68443.0,67812.21,68262.14,660.0384959999999
2026-02-26 03:00:00+00:00,68264.02,68479.0,68030.15,68214.01,483.3550500900001
2026-02-26 04:00:00+00:00,68213.4,68949.0,68178.84,68645.0,470.3474730700002
2026-02-26 05:00:00+00:00,68593.1,68651.0,68122.97,68458.18,422.60301916000026
2026-02-26 06:00:00+00:00,68439.9,68625.0,68064.53,68186.0,326.95188371000035
2026-02-26 07:00:00+00:00,68186.0,68399.0,67826.32,67833.6,335.2951766400003
2026-02-26 08:00:00+00:00,67833.6,68340.0,67782.74,67964.02,386.3557521300003
2026-02-26 09:00:00+00:00,67964.02,68736.0,67935.64,68587.99,521.0501851600001
2026-02-26 10:00:00+00:00,68591.9,68811.0,68253.22,68384.0,412.1407205000002
2026-02-26 11:00:00+00:00,68308.7,68489.0,67967.16,68044.19,461.24801275999977
2026-02-26 12:00:00+00:00,68044.2,68390.0,68009.4,68264.0,413.0629696699999
2026-02-26 13:00:00+00:00,68156.1,68300.0,67842.6,67987.0,610.3147237599999
2026-02-26 14:00:00+00:00,67908.9,68360.0,67258.51,67780.0,1546.280163269999
2026-02-26 15:00:00+00:00,67700.45,67851.0,66747.8,67470.0,1677.4777266299984
2026-02-26 16:00:00+00:00,67395.0,67652.0,66500.92,66641.04,1753.4851779499988
2026-02-26 17:00:00+00:00,66624.8,67137.0,66591.01,66822.04,853.2145057099998
2026-02-26 18:00:00+00:00,66838.9,67455.0,66571.33,67308.75,1145.2672845099994
2026-02-26 19:00:00+00:00,67308.75,67995.0,67282.1,67580.98,1255.351075930001
2026-02-26 20:00:00+00:00,67601.9,67905.0,67179.0,67434.87,835.9043791799995
2026-02-26 21:00:00+00:00,67434.02,67660.0,67135.01,67540.0,612.7355929600004
2026-02-26 22:00:00+00:00,67473.0,67705.0,67320.02,67647.0,291.7281303200003
2026-02-26 23:00:00+00:00,67640.0,67740.0,67400.29,67490.51,369.7428842900001
2026-02-27 00:00:00+00:00,67484.2,67613.0,67000.0,67231.99,463.5756832800003
2026-02-27 01:00:00+00:00,67224.2,67459.0,66877.91,67427.0,483.5605286499998
2026-02-27 02:00:00+00:00,67357.9,67620.0,67259.25,67270.0,534.7165215199998
2026-02-27 03:00:00+00:00,67269.2,67870.0,67085.66,67607.4,402.5330194799999
2026-02-27 04:00:00+00:00,67607.4,68300.0,67578.93,67745.98,760.3910618
2026-02-27 05:00:00+00:00,67815.0,68008.0,67667.78,67727.61,391.573324
2026-02-27 06:00:00+00:00,67720.4,67897.0,67528.0,67662.0,308.0716632799999
2026-02-27 07:00:00+00:00,67662.0,67839.0,67462.98,67686.01,384.9245624799997
2026-02-27 08:00:00+00:00,67681.7,68150.0,67659.01,67997.0,479.7545293299997
2026-02-27 09:00:00+00:00,67941.0,68217.0,67277.89,67422.0,576.82075651
2026-02-27 10:00:00+00:00,67365.2,67493.0,66578.0,66613.27,858.4073055199999
2026-02-27 11:00:00+00:00,66615.12,66859.0,65962.77,66123.71,1262.5646190899988
2026-02-27 12:00:00+00:00,66125.0,66290.0,65735.01,66002.0,775.3732915099997
2026-02-27 13:00:00+00:00,65925.2,66437.0,65656.29,66283.45,1002.1630571200002
2026-02-27 14:00:00+00:00,66287.1,66423.0,65696.0,65913.6,1202.1195636799991
2026-02-27 15:00:00+00:00,65896.52,66400.0,65839.72,66175.0,1213.6033767799986
2026-02-27 16:00:00+00:00,66095.32,66202.0,65458.0,65473.1,1096.3682784600016
2026-02-27 17:00:00+00:00,65488.6,65830.0,65108.23,65782.0,1140.7437239199996
2026-02-27 18:00:00+00:00,65711.3,65860.0,65218.02,65304.02,718.5433853999999
2026-02-27 19:00:00+00:00,65304.01,65530.0,65156.01,65385.31,558.8159969099996
2026-02-27 20:00:00+00:00,65393.4,65742.0,65373.98,65590.47,531.6817487099997
2026-02-27 21:00:00+00:00,65589.03,65827.0,65380.35,65529.54,449.0720843999997
2026-02-27 22:00:00+00:00,65528.2,65745.0,64925.0,65634.66,619.56170548
2026-02-27 23:00:00+00:00,65634.66,66040.0,65544.37,65869.7,377.2707706899999
2026-02-28 00:00:00+00:00,65869.7,66088.0,65715.2,65932.02,383.3138809299999
2026-02-28 01:00:00+00:00,65941.1,66047.0,65737.49,65774.75,231.7089458900001
2026-02-28 02:00:00+00:00,65772.9,66099.0,65743.49,65955.99,160.36518172000007
2026-02-28 03:00:00+00:00,65955.99,66050.0,65740.0,65786.2,163.67908688000014
2026-02-28 04:00:00+00:00,65791.44,65897.0,65481.45,65660.38,195.3598709400001
2026-02-28 05:00:00+00:00,65660.6,65803.0,65496.01,65587.37,189.9736044400001
2026-02-28 06:00:00+00:00,65578.9,65669.0,63019.6,63218.37,1909.6505904299984
2026-02-28 07:00:00+00:00,63229.7,64400.0,63028.58,63889.0,909.22838005
2026-02-28 08:00:00+00:00,63819.3,63950.0,63400.0,63549.0,568.4286492500004
2026-02-28 09:00:00+00:00,63468.0,64020.0,63363.4,63652.93,937.7555200600008
2026-02-28 10:00:00+00:00,63669.1,64071.0,63464.47,64010.75,1372.0279558000002
2026-02-28 11:00:00+00:00,64009.2,64350.0,63789.7,63844.3,526.4614501800005
2026-02-28 12:00:00+00:00,63888.0,64140.0,63831.84,64027.47,415.6668465200004
2026-02-28 13:00:00+00:00,64011.8,65309.0,63907.48,65223.0,1013.2412215499996
2026-02-28 14:00:00+00:00,65111.74,65459.0,64270.79,64435.02,1265.844757329999
2026-02-28 15:00:00+00:00,64446.5,65080.0,64203.3,64841.99,636.0609220800001
2026-02-28 16:00:00+00:00,64855.5,65270.0,64676.77,65094.62,546.8890474300001
2026-02-28 17:00:00+00:00,65102.5,65642.0,64846.0,65440.01,591.6537391200001
2026-02-28 18:00:00+00:00,65442.2,66223.0,65181.14,65913.56,848.6207756199996
2026-02-28 19:00:00+00:00,65913.55,66710.0,65604.08,66357.26,1255.0630027500004
2026-02-28 20:00:00+00:00,66372.3,67209.0,66194.73,66966.47,1162.6916152199992
2026-02-28 21:00:00+00:00,67013.0,67098.0,66370.01,66728.13,841.2111724199992
2026-02-28 22:00:00+00:00,66728.13,67812.0,66615.05,67130.5,1185.081012770001
2026-02-28 23:00:00+00:00,67117.72,67280.0,66740.93,66967.85,396.8191291999999
2026-03-01 00:00:00+00:00,66985.7,67178.0,66623.57,66799.65,363.8587550500002
2026-03-01 01:00:00+00:00,66801.0,67779.0,66051.86,67353.45,927.8623039800012
2026-03-01 02:00:00+00:00,67353.45,68264.0,67342.1,67686.0,1236.14444423
2026-03-01 03:00:00+00:00,67635.4,67882.0,67378.85,67506.2,533.6004151800001
2026-03-01 04:00:00+00:00,67509.8,67685.0,67077.31,67350.6,427.5713251000002
2026-03-01 05:00:00+00:00,67340.9,67640.0,67208.6,67300.98,328.7868679
2026-03-01 06:00:00+00:00,67282.9,67420.0,66791.28,66928.0,490.02366924999984
2026-03-01 07:00:00+00:00,66927.99,67302.0,66777.0,67140.44,356.90654507999994
2026-03-01 08:00:00+00:00,67118.2,67363.0,66465.0,66566.75,448.9697628199999
2026-03-01 09:00:00+00:00,66568.0,66840.0,66251.45,66413.74,375.12845247
2026-03-01 10:00:00+00:00,66412.4,66800.0,66213.49,66467.46,352.9219311299999
2026-03-01 11:00:00+00:00,66467.0,66738.0,66377.4,66467.32,152.51624727999996
2026-03-01 12:00:00+00:00,66470.5,66620.0,66240.17,66300.42,250.4653162400001
2026-03-01 13:00:00+00:00,66314.2,67481.0,66143.23,66945.48,521.3396292199997
2026-03-01 14:00:00+00:00,66948.2,67398.0,66758.69,66905.0,490.6309754999999
2026-03-01 15:00:00+00:00,66904.0,67313.0,66818.79,66850.0,771.4620758799989
2026-03-01 16:00:00+00:00,66850.76,67189.0,65820.0,66149.13,890.9280112900001
2026-03-01 17:00:00+00:00,66137.6,66288.0,65726.13,65986.17,704.6764039099997
2026-03-01 18:00:00+00:00,65986.17,66719.0,65986.17,66324.87,613.5133938299998
2026-03-01 19:00:00+00:00,66322.0,66408.0,65774.4,65963.94,587.7589643599997
2026-03-01 20:00:00+00:00,65963.94,66011.0,65076.52,65296.67,1087.7904107999998
2026-03-01 21:00:00+00:00,65296.67,65804.0,65272.5,65689.0,500.8018197199999
2026-03-01 22:00:00+00:00,65686.2,66511.0,65008.38,65257.47,1345.0856743400022
2026-03-01 23:00:00+00:00,65287.0,66118.0,65070.27,65800.0,780.2803429199996
2026-03-02 00:00:00+00:00,65764.3,66830.0,65748.85,66507.32,742.5672659199994
2026-03-02 01:00:00+00:00,66509.95,67100.0,66365.12,66538.37,580.2067040599994
2026-03-02 02:00:00+00:00,66539.98,66650.0,65888.42,66280.0,663.5987775699997
2026-03-02 03:00:00+00:00,66284.3,67070.0,66103.85,66825.19,581.5715429499995
2026-03-02 04:00:00+00:00,66846.0,67004.0,66618.9,66899.0,482.60481651999993
2026-03-02 05:00:00+00:00,66876.31,67043.0,66569.6,66738.97,460.46463215999984
2026-03-02 06:00:00+00:00,66715.2,66791.0,66050.01,66208.93,479.67367042000006
2026-03-02 07:00:00+00:00,66208.93,66275.0,65544.0,66056.0,630.7234016699996
2026-03-02 08:00:00+00:00,66021.48,66351.0,65649.2,66264.0,594.9951996199994
2026-03-02 09:00:00+00:00,66291.85,66770.0,66162.25,66168.7,503.77890231999976
2026-03-02 10:00:00+00:00,66168.71,66426.0,66081.12,66320.6,349.8476202700003
2026-03-02 11:00:00+00:00,66320.59,66520.0,66009.61,66343.0,447.3083918600001
2026-03-02 12:00:00+00:00,66363.54,66450.0,65908.88,66007.0,552.8506577999996
2026-03-02 13:00:00+00:00,66014.0,66203.0,65332.81,65427.85,860.7968942599989
2026-03-02 14:00:00+00:00,65427.84,67260.0,65250.12,67180.89,2379.807766319997
2026-03-02 15:00:00+00:00,67178.88,69650.0,66979.6,69152.45,4267.052878890004
2026-03-02 16:00:00+00:00,69126.8,70141.0,68939.16,69467.0,3373.87037871
2026-03-02 17:00:00+00:00,69483.28,69615.36,68802.67,69212.76,1585.4467314099984
2026-03-02 18:00:00+00:00,69197.0,69300.0,68722.1,68905.0,1546.953158079999
2026-03-02 19:00:00+00:00,68879.1,69090.0,68578.4,68975.38,1692.2929002199994
2026-03-02 20:00:00+00:00,68975.38,69547.0,68598.0,69109.0,1847.8294538299965
2026-03-02 21:00:00+00:00,69124.2,69572.0,69000.01,69425.28,913.2516479200004
2026-03-02 22:00:00+00:00,69425.28,69538.0,69152.55,69451.21,688.8300699800002
2026-03-02 23:00:00+00:00,69451.2,69530.0,68734.22,68832.01,709.1133688800011
2026-03-03 00:00:00+00:00,68832.0,69198.0,68640.75,69090.0,507.58411892000015
2026-03-03 01:00:00+00:00,69096.5,69290.0,68742.73,68753.77,369.18871044000014
2026-03-03 02:00:00+00:00,68781.0,68800.0,68217.01,68503.67,508.0187609899999
2026-03-03 03:00:00+00:00,68515.1,68590.0,68225.0,68418.0,304.8050653800002
2026-03-03 04:00:00+00:00,68419.0,68500.0,68038.0,68116.11,405.7694868400002
2026-03-03 05:00:00+00:00,68112.7,68625.0,67840.01,67935.06,564.28775503
2026-03-03 06:00:00+00:00,67941.5,68270.0,67788.0,68095.89,595.6188890499999
2026-03-03 07:00:00+00:00,68095.89,68325.0,67936.83,68164.02,407.70808427
2026-03-03 08:00:00+00:00,68164.03,68338.0,66895.01,66992.02,897.1861730900004
2026-03-03 09:00:00+00:00,66992.02,67232.0,66339.76,66683.0,992.6372197299996
2026-03-03 10:00:00+00:00,66633.7,67055.0,66430.0,66846.0,543.3452109499996
2026-03-03 11:00:00+00:00,66827.7,67190.0,66754.05,67008.74,458.2305073599997
2026-03-03 12:00:00+00:00,67014.3,67988.0,67008.75,67381.94,582.7381170399993
2026-03-03 13:00:00+00:00,67425.0,67460.0,66613.41,66920.05,608.96019917
2026-03-03 14:00:00+00:00,66920.05,67611.0,66138.2,66550.32,1292.6630125899994
2026-03-03 15:00:00+00:00,66550.32,67877.0,66439.58,67724.0,1560.1272491099976
2026-03-03 16:00:00+00:00,67722.01,69024.0,67489.85,68177.31,2240.771203759997
2026-03-03 17:00:00+00:00,68182.66,68433.0,67631.7,68340.0,1584.5480364299983
2026-03-03 18:00:00+00:00,68319.5,68960.0,67982.96,68649.04,1531.8876838600008
2026-03-03 19:00:00+00:00,68623.2,68920.0,68322.0,68462.0,1096.6208644299982
2026-03-03 20:00:00+00:00,68462.0,68610.0,68086.99,68264.6,982.234300519999
2026-03-03 21:00:00+00:00,68267.58,68285.0,67820.95,68015.36,512.9961190799997
2026-03-03 22:00:00+00:00,68035.0,68567.0,68017.97,68319.02,555.5294525599994
2026-03-03 23:00:00+00:00,68312.3,68886.0,68241.39,68335.99,566.11102794
2026-03-04 00:00:00+00:00,68335.99,68447.0,67863.33,68104.43,725.9716596799998
2026-03-04 01:00:00+00:00,68116.8,68941.0,67953.96,68421.38,792.0653996399992
2026-03-04 02:00:00+00:00,68418.0,68480.0,67969.06,68327.54,447.5833361499997
2026-03-04 03:00:00+00:00,68327.53,68411.0,67391.17,67730.25,678.0165066599992
2026-03-04 04:00:00+00:00,67738.0,67998.0,67455.89,67818.0,611.4658494399998
2026-03-04 05:00:00+00:00,67795.3,68407.0,67670.97,68205.5,445.0975232299995
2026-03-04 06:00:00+00:00,68206.6,68705.0,68034.81,68498.35,686.08092419
2026-03-04 07:00:00+00:00,68497.1,69669.72,68341.67,69496.32,970.03391055
2026-03-04 08:00:00+00:00,69496.32,71193.0,69137.0,71025.0,1929.0633070799945
2026-03-04 09:00:00+00:00,71018.84,71912.0,70716.84,71523.96,2166.863814810001
2026-03-04 10:00:00+00:00,71514.6,71928.3,71183.0,71324.7,1148.4117506399994
2026-03-04 11:00:00+00:00,71350.21,71505.27,70915.0,71113.99,546.0594058699999
2026-03-04 12:00:00+00:00,71113.99,71366.93,70590.0,71350.01,1249.7831740100005
2026-03-04 13:00:00+00:00,71345.0,71646.55,71200.0,71487.91,1032.5679780799992
2026-03-04 14:00:00+00:00,71480.3,72663.01,71308.67,71652.58,2810.107826380002
2026-03-04 15:00:00+00:00,71652.61,73533.0,71600.0,73428.0,2882.3291177799983
2026-03-04 16:00:00+00:00,73429.7,73566.14,72560.0,73349.61,2112.6112882499965
2026-03-04 17:00:00+00:00,73322.0,73800.0,72940.0,73256.95,2279.967018579999
2026-03-04 18:00:00+00:00,73258.8,73750.0,72900.0,73734.91,1610.7898258
2026-03-04 19:00:00+00:00,73685.0,74100.0,73520.0,73615.0,1841.9900587099976
2026-03-04 20:00:00+00:00,73673.05,73778.02,73010.0,73077.92,1615.6466780899989
2026-03-04 21:00:00+00:00,73070.0,73385.95,72875.0,73348.33,1213.8763959399992
2026-03-04 22:00:00+00:00,73345.7,73567.78,72634.0,72712.0,807.15473502
2026-03-04 23:00:00+00:00,72721.88,72900.0,72310.0,72683.26,948.6244454099998
2026-03-05 00:00:00+00:00,72684.8,73032.6,72546.0,72765.0,554.5962119299995
2026-03-05 01:00:00+00:00,72789.9,73316.73,72396.0,72561.21,598.25154872
2026-03-05 02:00:00+00:00,72542.1,72913.11,72333.0,72518.01,578.7203679600007
2026-03-05 03:00:00+00:00,72521.97,72770.28,72330.0,72516.02,545.4446508200002
2026-03-05 04:00:00+00:00,72510.0,73099.99,72440.0,72835.98,566.3154268600002
2026-03-05 05:00:00+00:00,72827.5,72936.0,72254.0,72437.25,501.6164509400003
2026-03-05 06:00:00+00:00,72417.5,72694.65,72041.0,72563.48,525.7823488300002
2026-03-05 07:00:00+00:00,72563.47,72683.11,71726.0,72069.81,651.1057326500004
2026-03-05 08:00:00+00:00,72061.0,72391.54,71755.2,72350.59,448.74691433000015
2026-03-05 09:00:00+00:00,72362.4,72905.51,72298.0,72618.65,612.7712665599997
2026-03-05 10:00:00+00:00,72611.9,73592.0,72524.0,73417.14,1067.5301722999998
2026-03-05 11:00:00+00:00,73417.0,73484.84,72779.0,72930.5,536.7549041600001
2026-03-05 12:00:00+00:00,72929.8,73087.98,72666.0,72903.14,469.43307165999977
2026-03-05 13:00:00+00:00,72917.0,72961.68,72187.0,72502.07,802.8202780899992
2026-03-05 14:00:00+00:00,72492.0,72880.1,71956.0,72612.0,1381.4601865500003
2026-03-05 15:00:00+00:00,72639.41,72796.56,71160.0,71656.0,1806.5709185699973
2026-03-05 16:00:00+00:00,71656.0,71676.2,70776.0,71321.88,1945.92731592
2026-03-05 17:00:00+00:00,71321.89,71595.2,70612.7,70702.39,1213.35066722
2026-03-05 18:00:00+00:00,70704.9,71090.7,70638.0,70996.0,979.3538847699988
2026-03-05 19:00:00+00:00,70996.0,71437.59,70848.0,70910.88,838.5419597399998
2026-03-05 20:00:00+00:00,70908.06,71385.21,70818.0,71233.32,703.0064485499995
2026-03-05 21:00:00+00:00,71248.5,71575.75,70999.0,71141.64,596.65875459
2026-03-05 22:00:00+00:00,71143.3,71361.7,71057.0,71191.0,357.2986047900003
2026-03-05 23:00:00+00:00,71222.6,71307.6,70750.0,70887.6,523.3953052200002
2026-03-06 00:00:00+00:00,70887.61,71059.29,70772.0,70987.42,398.1035533900003
2026-03-06 01:00:00+00:00,70974.8,71311.71,70357.49,71258.0,796.30952484
2026-03-06 02:00:00+00:00,71254.9,71428.4,71022.0,71248.45,397.55679000000026
2026-03-06 03:00:00+00:00,71227.0,71305.63,70980.0,71082.01,232.10072158000008
2026-03-06 04:00:00+00:00,71099.6,71121.4,70267.0,70614.06,589.5459326600002
2026-03-06 05:00:00+00:00,70615.2,70662.0,70124.0,70431.19,561.4430831000001
2026-03-06 06:00:00+00:00,70431.2,70846.86,70256.0,70592.0,264.7323524900001
2026-03-06 07:00:00+00:00,70604.5,71190.85,70467.0,71069.75,471.09793125
2026-03-06 08:00:00+00:00,71082.0,71082.0,70729.0,70794.76,284.37763746000024
2026-03-06 09:00:00+00:00,70794.76,70822.08,70289.0,70562.89,311.6652380200002
2026-03-06 10:00:00+00:00,70570.9,70802.08,70454.0,70531.24,279.93120879000026
2026-03-06 11:00:00+00:00,70538.8,70643.51,70185.0,70211.49,406.2324957299999
2026-03-06 12:00:00+00:00,70229.0,70238.13,69649.0,69935.93,1160.0267728000006
2026-03-06 13:00:00+00:00,69939.1,70340.0,69197.0,69226.86,1209.6823669899986
2026-03-06 14:00:00+00:00,69226.86,69280.0,68158.6,68397.59,2738.96378833
2026-03-06 15:00:00+00:00,68422.0,69115.47,68293.0,68499.99,1559.4914922299977
2026-03-06 16:00:00+00:00,68522.3,68803.42,68204.0,68443.78,831.2991032799993
2026-03-06 17:00:00+00:00,68449.6,68650.89,67725.14,67948.83,1054.6772082199989
2026-03-06 18:00:00+00:00,67964.3,68477.31,67940.0,68164.94,667.4881400499996
2026-03-06 19:00:00+00:00,68164.94,68480.0,67990.9,68123.7,595.95956443
2026-03-06 20:00:00+00:00,68123.7,68280.05,67752.71,68102.86,725.5551260899999
2026-03-06 21:00:00+00:00,68099.45,68333.0,67911.0,68284.83,538.69123326
2026-03-06 22:00:00+00:00,68290.1,68444.53,68210.0,68317.08,420.64949062
2026-03-06 23:00:00+00:00,68319.51,68379.0,68084.0,68108.24,299.03614609999994
2026-03-07 00:00:00+00:00,68111.4,68383.8,68084.0,68300.1,166.4175665199999
2026-03-07 01:00:00+00:00,68300.1,68361.79,68168.0,68251.14,149.17848628000002
2026-03-07 02:00:00+00:00,68251.14,68367.3,68046.0,68340.0,223.39118188
2026-03-07 03:00:00+00:00,68352.1,68629.0,68090.65,68090.87,305.80724758
2026-03-07 04:00:00+00:00,68107.8,68149.2,67801.0,68054.01,199.9313489399999
2026-03-07 05:00:00+00:00,68072.1,68147.0,67900.0,68013.83,191.39584565
2026-03-07 06:00:00+00:00,68010.3,68026.0,67565.51,67684.0,283.4949076400001
2026-03-07 07:00:00+00:00,67692.0,67865.0,67417.5,67840.82,398.37981251000014
2026-03-07 08:00:00+00:00,67854.8,68042.0,67714.62,67798.4,178.78708184000004
2026-03-07 09:00:00+00:00,67802.0,68075.0,67733.03,68008.3,85.07382507
2026-03-07 10:00:00+00:00,68008.3,68113.0,67872.0,67876.2,156.60239706000002
2026-03-07 11:00:00+00:00,67876.2,68346.0,67840.0,68010.31,285.32541171
2026-03-07 12:00:00+00:00,68010.31,68091.0,67893.46,67990.0,114.7237278
2026-03-07 13:00:00+00:00,67990.0,68082.81,67853.0,67922.4,188.65195838
2026-03-07 14:00:00+00:00,67922.1,68082.81,67602.69,68019.0,214.87105109000004
2026-03-07 15:00:00+00:00,68027.1,68035.47,67771.0,67874.75,208.0241867199999
2026-03-07 16:00:00+00:00,67892.1,67900.0,67698.84,67788.26,140.12814997999993
2026-03-07 17:00:00+00:00,67810.1,67950.0,67757.0,67783.84,106.24583701
2026-03-07 18:00:00+00:00,67780.0,67787.37,67454.0,67567.33,251.79611202999988
2026-03-07 19:00:00+00:00,67580.1,67580.1,66921.33,67080.78,749.6600705799995
2026-03-07 20:00:00+00:00,67098.4,67445.0,67067.0,67396.68,268.9631451700002
2026-03-07 21:00:00+00:00,67396.68,67500.0,67273.0,67451.74,207.26158729000016
2026-03-07 22:00:00+00:00,67451.74,67474.0,67080.0,67249.7,263.5419083300002
2026-03-07 23:00:00+00:00,67249.8,67404.27,67081.0,67259.62,172.0129997100001
2026-03-08 00:00:00+00:00,67270.1,67485.99,67159.0,67189.25,204.2208275200002
2026-03-08 01:00:00+00:00,67202.1,67354.0,67079.0,67292.02,178.55918036000003
2026-03-08 02:00:00+00:00,67292.01,67432.0,66818.7,66921.35,342.92673862000004
2026-03-08 03:00:00+00:00,66924.0,67082.11,66842.0,67001.16,239.2263404300001
2026-03-08 04:00:00+00:00,67002.0,67096.0,66536.0,66631.06,323.92991349000016
2026-03-08 05:00:00+00:00,66637.9,67257.0,66600.0,67145.98,225.71442483000004
2026-03-08 06:00:00+00:00,67148.4,67239.0,67029.04,67166.9,108.64024852000004
2026-03-08 07:00:00+00:00,67162.05,67464.0,67147.0,67314.86,182.2957881700001
2026-03-08 08:00:00+00:00,67311.8,67575.0,67157.06,67527.89,190.47974835000005
2026-03-08 09:00:00+00:00,67548.6,67903.0,67464.0,67689.99,307.61864049000013
2026-03-08 10:00:00+00:00,67700.1,68201.16,67684.41,67896.09,317.29700433000045
2026-03-08 11:00:00+00:00,67893.6,67896.08,67403.0,67514.12,198.0865946700001
2026-03-08 12:00:00+00:00,67528.5,67645.34,66890.0,67315.43,380.6438656799999
2026-03-08 13:00:00+00:00,67322.2,67430.0,66811.0,67231.98,361.2228126199999
2026-03-08 14:00:00+00:00,67235.9,67424.67,67045.0,67334.52,217.42983059999992
2026-03-08 15:00:00+00:00,67327.9,67367.44,67061.0,67201.03,216.08786302
2026-03-08 16:00:00+00:00,67210.0,67268.0,66782.0,66867.19,335.32196204999974
2026-03-08 17:00:00+00:00,66871.0,67177.0,66781.93,67057.0,383.21387824
2026-03-08 18:00:00+00:00,67037.6,67075.01,66731.02,66805.84,261.53708069000004
2026-03-08 19:00:00+00:00,66818.7,67470.0,66764.0,67333.26,409.8269861899997
2026-03-08 20:00:00+00:00,67333.25,67535.6,67019.58,67228.0,703.44943447
2026-03-08 21:00:00+00:00,67220.17,67263.0,66669.81,67007.13,442.8960515000001
2026-03-08 22:00:00+00:00,67009.77,67025.0,65588.0,66239.95,2492.087725910002
2026-03-08 23:00:00+00:00,66242.0,66576.02,65920.76,65970.56,571.1461480099995
2026-03-09 00:00:00+00:00,65978.7,66773.0,65820.93,66354.36,650.7715805799992
2026-03-09 01:00:00+00:00,66363.4,66704.0,66100.02,66201.0,558.5936775399995
2026-03-09 02:00:00+00:00,66194.01,66720.64,65941.83,66533.43,515.4867980199995
2026-03-09 03:00:00+00:00,66533.44,67686.7,66507.45,67201.76,789.5878367499998
2026-03-09 04:00:00+00:00,67196.6,67631.0,67102.1,67156.0,583.9187178700008
2026-03-09 05:00:00+00:00,67150.63,68088.0,67112.35,67901.55,570.7441430999993
2026-03-09 06:00:00+00:00,67892.0,67969.0,67228.02,67255.0,293.34528231999985
2026-03-09 07:00:00+00:00,67255.81,67575.0,66871.39,67533.14,358.07108241999987
2026-03-09 08:00:00+00:00,67535.77,67936.0,67377.98,67806.0,438.1162390899998
2026-03-09 09:00:00+00:00,67806.0,68464.0,67555.34,67966.9,560.9313464199995
2026-03-09 10:00:00+00:00,67967.0,68105.0,67540.6,67592.67,363.4580552700001
2026-03-09 11:00:00+00:00,67592.67,67876.0,67326.48,67755.33,290.1585634099999
2026-03-09 12:00:00+00:00,67750.3,68355.0,67741.44,68164.0,526.0563480999997
2026-03-09 13:00:00+00:00,68155.4,69324.94,68125.21,68988.3,1903.16096387
2026-03-09 14:00:00+00:00,68983.2,69507.0,68700.0,69172.01,2078.806590189999
2026-03-09 15:00:00+00:00,69172.01,69288.0,68735.2,68885.47,1257.866166139999
2026-03-09 16:00:00+00:00,68900.1,69248.48,68647.62,68968.04,1004.1029176599995
2026-03-09 17:00:00+00:00,68973.7,69111.12,68252.14,68611.96,758.3212655099993
2026-03-09 18:00:00+00:00,68619.5,68728.27,68238.72,68365.46,788.8740635899995
2026-03-09 19:00:00+00:00,68363.7,69550.0,68363.7,69012.12,1562.190828930001
2026-03-09 20:00:00+00:00,69012.13,69179.32,68767.93,68973.85,991.1823476000006
2026-03-09 21:00:00+00:00,68973.84,69144.0,68664.97,68918.6,310.78760714
2026-03-09 22:00:00+00:00,68922.04,69075.0,68602.81,68640.11,375.38623090999965
2026-03-09 23:00:00+00:00,68652.3,68742.0,68375.01,68432.17,329.80010262
2026-03-10 00:00:00+00:00,68432.16,69327.0,68383.5,69182.0,506.36072875
2026-03-10 01:00:00+00:00,69163.2,69424.0,68796.23,69265.98,301.6094120999999
2026-03-10 02:00:00+00:00,69272.2,70624.0,69094.6,70279.04,1012.2763521999992
2026-03-10 03:00:00+00:00,70279.04,70406.0,69358.16,69437.0,600.4601007200002
2026-03-10 04:00:00+00:00,69437.1,70152.0,69429.42,70110.0,324.01070291999986
2026-03-10 05:00:00+00:00,70066.9,70400.0,69888.01,70014.0,302.21014377999967
2026-03-10 06:00:00+00:00,69964.7,70225.0,69760.09,69919.17,287.07704256999995
2026-03-10 07:00:00+00:00,69923.6,70575.0,69834.97,70459.0,604.1309183900003
2026-03-10 08:00:00+00:00,70415.27,71130.0,70379.99,70692.97,749.6667129300001
2026-03-10 09:00:00+00:00,70680.5,71347.0,70660.23,71067.99,645.5811166699997
2026-03-10 10:00:00+00:00,71067.99,71130.0,70677.5,70777.62,505.1262767400002
2026-03-10 11:00:00+00:00,70777.62,70931.0,70547.51,70605.18,402.0697390499997
2026-03-10 12:00:00+00:00,70605.17,70681.0,70305.84,70537.56,688.1440729000001
2026-03-10 13:00:00+00:00,70539.56,70964.0,69710.0,69920.2,1095.8173404199993
2026-03-10 14:00:00+00:00,69920.2,71574.0,69259.8,71481.24,2274.689774250005
2026-03-10 15:00:00+00:00,71481.24,71814.0,70918.3,71370.62,1386.2036575899988
2026-03-10 16:00:00+00:00,71361.3,71744.0,70960.7,71291.52,1440.6457015399988
2026-03-10 17:00:00+00:00,71286.4,71489.0,70534.0,70891.96,1181.4853079499997
2026-03-10 18:00:00+00:00,70883.4,70958.0,69892.0,70021.9,1082.5565693899985
2026-03-10 19:00:00+00:00,70022.0,70301.68,69729.87,70055.27,924.4041588699992
2026-03-10 20:00:00+00:00,70055.28,70439.0,70005.15,70254.98,731.6925069299998
2026-03-10 21:00:00+00:00,70260.0,70433.35,69550.94,69769.3,912.0889383199996
2026-03-10 22:00:00+00:00,69769.3,69894.0,69438.0,69714.43,423.5102061199997
2026-03-10 23:00:00+00:00,69714.42,70007.0,69701.01,69960.83,430.98767482000005
2026-03-11 00:00:00+00:00,69955.4,70194.0,69766.74,70067.0,464.96861021
2026-03-11 01:00:00+00:00,70054.11,70167.0,69891.96,70089.48,299.74532710999983
2026-03-11 02:00:00+00:00,70084.5,70154.0,69623.04,69828.11,348.04209822999974
2026-03-11 03:00:00+00:00,69812.0,69930.0,69500.0,69556.0,225.9901030999999
2026-03-11 04:00:00+00:00,69567.7,70300.0,69500.31,70141.62,259.1248621499998
2026-03-11 05:00:00+00:00,70133.2,70230.0,69426.01,69508.02,316.81626199000016
2026-03-11 06:00:00+00:00,69512.2,70025.0,69491.18,69945.73,225.42311799999985
2026-03-11 07:00:00+00:00,69955.0,70048.0,69504.48,69680.0,212.25006987
2026-03-11 08:00:00+00:00,69647.1,69815.0,69505.0,69660.72,255.7934081600001
2026-03-11 09:00:00+00:00,69664.6,69788.0,69387.1,69472.01,205.6671790400001
2026-03-11 10:00:00+00:00,69463.9,69755.0,69389.99,69643.0,219.0944399300002
2026-03-11 11:00:00+00:00,69610.1,69710.0,69155.74,69179.97,265.99595863999974
2026-03-11 12:00:00+00:00,69175.6,69795.5,68971.6,69366.2,657.5564222499996
2026-03-11 13:00:00+00:00,69362.1,71117.0,69335.02,70192.1,1644.7544673300015
2026-03-11 14:00:00+00:00,70187.7,71019.25,69942.9,70599.99,1516.1365414800002
2026-03-11 15:00:00+00:00,70573.8,70677.5,69706.0,70267.0,733.6251137299994
2026-03-11 16:00:00+00:00,70253.1,70855.0,70176.0,70570.0,811.5202653100001
2026-03-11 17:00:00+00:00,70570.0,71358.48,70521.92,70802.31,1497.498669499998
2026-03-11 18:00:00+00:00,70800.94,70928.45,70435.0,70644.66,936.36422287
2026-03-11 19:00:00+00:00,70640.7,70772.0,70378.01,70670.11,725.4467425999995
2026-03-11 20:00:00+00:00,70672.95,70733.39,70408.6,70651.31,672.6852232399992
2026-03-11 21:00:00+00:00,70651.32,70816.0,70505.96,70762.1,452.61663249999975
2026-03-11 22:00:00+00:00,70760.01,70984.0,70255.92,70390.94,546.8837852399998
2026-03-11 23:00:00+00:00,70366.6,70549.0,70133.57,70208.0,396.60984307
2026-03-12 00:00:00+00:00,70200.4,70397.0,70144.01,70229.32,286.34508377
2026-03-12 01:00:00+00:00,70227.7,70251.0,69763.82,69865.0,524.91887636
2026-03-12 02:00:00+00:00,69829.0,69909.0,69224.09,69295.67,456.59023094000014
2026-03-12 03:00:00+00:00,69310.1,69644.0,69243.06,69449.46,185.21789031
2026-03-12 04:00:00+00:00,69445.9,69690.35,69301.89,69384.0,207.32244472000005
2026-03-12 05:00:00+00:00,69383.2,69557.0,69175.0,69474.34,162.28364065000014
2026-03-12 06:00:00+00:00,69478.6,69579.0,69361.0,69507.0,239.73962808000007
2026-03-12 07:00:00+00:00,69491.5,69882.0,69415.36,69826.22,301.1850024299999
2026-03-12 08:00:00+00:00,69826.21,70150.0,69702.64,69915.45,274.86083449000023
2026-03-12 09:00:00+00:00,69915.45,70423.0,69587.1,69958.02,327.1580604799999
2026-03-12 10:00:00+00:00,69957.3,70704.0,69856.92,70431.09,494.9683884499996
2026-03-12 11:00:00+00:00,70431.5,70823.0,70380.8,70439.47,495.3451290700001
2026-03-12 12:00:00+00:00,70452.0,70652.0,70293.17,70401.1,474.0735266800002
2026-03-12 13:00:00+00:00,70401.1,70564.0,69703.9,69994.43,1035.1174570899998
2026-03-12 14:00:00+00:00,69989.7,70694.0,69359.19,69600.89,1500.6839368799992
2026-03-12 15:00:00+00:00,69615.0,70599.0,69474.1,70353.53,1237.3398151899985
2026-03-12 16:00:00+00:00,70357.3,70600.0,69913.92,70405.94,1005.0954482599994
2026-03-12 17:00:00+00:00,70397.0,70582.0,70081.56,70235.3,680.0720529399999
2026-03-12 18:00:00+00:00,70227.9,70336.0,69806.89,69832.88,476.24680836000016
2026-03-12 19:00:00+00:00,69829.0,70589.0,69778.0,70462.0,934.6281205799992
2026-03-12 20:00:00+00:00,70458.0,70602.0,70113.93,70175.69,743.5491470099996
2026-03-12 21:00:00+00:00,70175.68,70508.0,70175.68,70305.1,237.33164321000007
2026-03-12 22:00:00+00:00,70279.12,70349.0,70014.79,70178.55,289.1225565700001
2026-03-12 23:00:00+00:00,70178.56,70769.0,70160.31,70531.56,455.5747505800005
2026-03-13 00:00:00+00:00,70530.02,72023.92,70380.0,71480.68,1420.2612036900027
2026-03-13 01:00:00+00:00,71479.22,71771.0,71282.97,71672.15,468.9618988699999
2026-03-13 02:00:00+00:00,71663.7,71702.0,71042.0,71169.9,471.0414393100002
2026-03-13 03:00:00+00:00,71148.3,71522.5,70958.0,71411.23,335.33930845000026
2026-03-13 04:00:00+00:00,71408.6,71506.91,71232.0,71392.87,312.61994607000025
2026-03-13 05:00:00+00:00,71407.3,71651.24,71225.0,71557.97,425.0568471500001
2026-03-13 06:00:00+00:00,71562.4,71604.85,71160.0,71359.1,282.1580495700003
2026-03-13 07:00:00+00:00,71343.7,71685.55,71216.0,71632.03,393.1392316000004
2026-03-13 08:00:00+00:00,71639.5,72170.99,71359.0,71844.78,724.4856229100006
2026-03-13 09:00:00+00:00,71844.77,72133.6,71574.0,72017.99,375.08303675
2026-03-13 10:00:00+00:00,72017.7,72674.0,71983.0,72483.94,993.0158491
2026-03-13 11:00:00+00:00,72483.94,72550.32,72186.0,72246.3,391.4366776300002
2026-03-13 12:00:00+00:00,72246.29,72900.01,72190.0,72790.7,922.6418377599996
2026-03-13 13:00:00+00:00,72790.7,73633.63,72670.0,73414.64,1749.1952316000018
2026-03-13 14:00:00+00:00,73414.0,73968.0,72359.0,72423.34,1839.5403785800008
2026-03-13 15:00:00+00:00,72399.7,72869.07,71737.0,71849.53,1751.1203148899997
2026-03-13 16:00:00+00:00,71849.53,72125.73,71147.0,71904.49,1196.0902109499991
2026-03-13 17:00:00+00:00,71905.9,72272.91,70897.8,71043.02,1497.4195574799985
2026-03-13 18:00:00+00:00,71043.02,71364.79,70830.0,71061.76,755.5381009099999
2026-03-13 19:00:00+00:00,71067.3,71325.0,70979.0,71190.64,607.2644073
2026-03-13 20:00:00+00:00,71183.1,71490.12,71103.0,71359.88,453.12239818
2026-03-13 21:00:00+00:00,71359.88,71500.96,71012.0,71110.76,290.0371487800001
2026-03-13 22:00:00+00:00,71110.77,71210.86,70200.0,70786.0,550.95889892
2026-03-13 23:00:00+00:00,70827.51,71026.24,70663.0,70898.0,266.16554882
2026-03-14 00:00:00+00:00,70895.0,70961.84,70500.0,70611.0,306.38505331
2026-03-14 01:00:00+00:00,70612.0,70919.57,70457.0,70821.0,290.6143881999999
2026-03-14 02:00:00+00:00,70853.8,70914.11,70721.0,70771.0,187.53051554000004
2026-03-14 03:00:00+00:00,70784.1,71182.72,70775.0,71087.41,217.37641570999992
2026-03-14 04:00:00+00:00,71087.41,71316.0,71005.0,71040.24,249.65587733999988
2026-03-14 05:00:00+00:00,71041.7,71163.31,70911.0,71028.99,221.1787343999999
2026-03-14 06:00:00+00:00,71021.8,71039.0,70236.02,70656.0,483.3972795299997
2026-03-14 07:00:00+00:00,70630.9,70767.0,70491.15,70617.28,183.5732879499999
2026-03-14 08:00:00+00:00,70594.1,70734.0,70550.12,70599.63,128.49883668000004
2026-03-14 09:00:00+00:00,70591.0,70761.0,70404.14,70523.99,181.34363140000005
2026-03-14 10:00:00+00:00,70533.1,70605.0,70372.99,70580.02,117.27026458999998
2026-03-14 11:00:00+00:00,70570.2,70801.0,70570.2,70748.6,113.53753724
2026-03-14 12:00:00+00:00,70748.6,70860.0,70623.12,70781.0,175.91815398000003
2026-03-14 13:00:00+00:00,70769.6,70954.0,70709.43,70875.0,188.4000944
2026-03-14 14:00:00+00:00,70868.6,70969.99,70581.96,70616.48,183.13925196999995
2026-03-14 15:00:00+00:00,70616.47,70748.0,70503.41,70590.0,167.55220622
2026-03-14 16:00:00+00:00,70609.9,70725.32,70489.0,70676.0,124.74355246999995
2026-03-14 17:00:00+00:00,70676.0,70750.0,70584.0,70633.0,103.52501024999997
2026-03-14 18:00:00+00:00,70630.8,70720.0,70550.0,70672.77,90.95027917000004
2026-03-14 19:00:00+00:00,70689.0,70800.0,70592.0,70717.99,108.58309979000003
2026-03-14 20:00:00+00:00,70716.0,70874.98,70636.0,70821.57,156.4445984300001
2026-03-14 21:00:00+00:00,70833.0,70839.79,70651.0,70808.2,108.14528592000008
2026-03-14 22:00:00+00:00,70808.2,70822.94,70692.0,70731.15,100.24243415000004
2026-03-14 23:00:00+00:00,70726.0,71263.99,70715.0,71232.02,307.82582265
2026-03-15 00:00:00+00:00,71210.6,71232.01,70959.0,71002.73,300.10284693999995
2026-03-15 01:00:00+00:00,71015.1,71052.37,70853.0,71001.14,281.2468305000002
2026-03-15 02:00:00+00:00,71001.14,71633.44,70998.0,71458.53,415.2261080300003
2026-03-15 03:00:00+00:00,71473.4,71537.07,71235.0,71358.5,255.79726083999995
2026-03-15 04:00:00+00:00,71358.6,71675.59,71316.0,71585.0,242.44378164000003
2026-03-15 05:00:00+00:00,71572.0,71802.0,71461.0,71485.0,228.7192636400001
2026-03-15 06:00:00+00:00,71515.4,71608.17,71379.0,71463.2,173.79410600999995
2026-03-15 07:00:00+00:00,71463.2,71685.18,71395.0,71464.07,156.93875336999994
2026-03-15 08:00:00+00:00,71451.7,71734.05,71446.0,71723.85,203.63193743
2026-03-15 09:00:00+00:00,71727.1,72000.0,71690.0,71798.88,351.97979805000034
2026-03-15 10:00:00+00:00,71832.7,71925.98,71706.0,71765.0,96.21889093
2026-03-15 11:00:00+00:00,71810.5,71900.0,71645.0,71862.4,149.15073916999995
2026-03-15 12:00:00+00:00,71862.4,71862.4,71552.0,71624.85,140.8598286600001
2026-03-15 13:00:00+00:00,71624.85,71697.68,71171.0,71610.09,409.0200507800004
2026-03-15 14:00:00+00:00,71610.2,71636.36,71327.0,71633.43,257.76376436
2026-03-15 15:00:00+00:00,71614.5,71633.42,71392.0,71484.91,172.74515949999997
2026-03-15 16:00:00+00:00,71484.92,71603.09,71288.0,71448.09,282.8319997799999
2026-03-15 17:00:00+00:00,71441.4,72016.0,71370.0,71832.0,241.45103687
2026-03-15 18:00:00+00:00,71830.9,71900.0,71313.0,71388.0,290.62669941999985
2026-03-15 19:00:00+00:00,71388.1,71586.71,71332.0,71565.09,186.80055215
2026-03-15 20:00:00+00:00,71565.09,71938.1,71420.0,71739.41,243.6286559999999
2026-03-15 21:00:00+00:00,71739.41,72299.13,71616.0,72103.0,420.0069444999999
2026-03-15 22:00:00+00:00,72115.24,73090.68,71710.0,72763.99,1456.927347480001
2026-03-15 23:00:00+00:00,72744.8,73220.8,72406.0,72830.01,1071.728473140001
2026-03-16 00:00:00+00:00,72826.7,73032.41,72436.0,72547.4,599.8172294299999
2026-03-16 01:00:00+00:00,72541.3,72905.0,72268.0,72774.28,520.0568385600004
2026-03-16 02:00:00+00:00,72774.28,72875.75,72359.0,72532.8,303.4135897000004
2026-03-16 03:00:00+00:00,72542.0,74295.9,72431.0,73575.57,1869.1288468300004
2026-03-16 04:00:00+00:00,73582.5,74460.0,73553.0,73841.43,934.76742477
2026-03-16 05:00:00+00:00,73841.43,74252.68,73683.0,74201.02,730.0135892199997
2026-03-16 06:00:00+00:00,74197.0,74205.33,73565.0,73717.82,467.0290291100002
2026-03-16 07:00:00+00:00,73717.9,73932.54,73371.0,73465.3,464.344173
2026-03-16 08:00:00+00:00,73466.69,73782.26,72875.0,73143.72,642.0564196700005
2026-03-16 09:00:00+00:00,73134.6,73354.29,73042.0,73263.95,398.8368871700004
2026-03-16 10:00:00+00:00,73257.3,73804.11,73190.0,73776.0,575.1385639700001
2026-03-16 11:00:00+00:00,73801.78,73844.93,73490.0,73563.79,443.89196738000015
2026-03-16 12:00:00+00:00,73554.1,74058.19,73411.0,73820.0,627.6860583400006
2026-03-16 13:00:00+00:00,73872.36,74547.5,73755.0,74122.1,1339.5754247099994
2026-03-16 14:00:00+00:00,74122.1,74483.99,72970.0,73579.38,1444.5704415100022
2026-03-16 15:00:00+00:00,73556.2,74055.14,73160.0,73250.0,1107.2928876800004
2026-03-16 16:00:00+00:00,73292.2,73944.44,73150.0,73765.1,714.54851653
2026-03-16 17:00:00+00:00,73770.73,74074.95,73633.0,73949.99,580.8453954600003
2026-03-16 18:00:00+00:00,73954.7,74404.0,73828.0,73921.78,1060.7543332899995
2026-03-16 19:00:00+00:00,73921.78,74420.0,73770.0,73969.53,718.4018609200006
2026-03-16 20:00:00+00:00,73975.4,74277.91,73846.0,74243.1,402.6687387700004
2026-03-16 21:00:00+00:00,74250.0,74799.0,74133.0,74407.46,1107.4210456999997
2026-03-16 22:00:00+00:00,74406.46,74913.69,74356.0,74764.04,797.1065968400004
2026-03-16 23:00:00+00:00,74750.2,74911.0,74210.0,74886.47,616.7945823700001
2026-03-17 00:00:00+00:00,74887.7,75520.99,74605.0,75303.2,1371.43798385
2026-03-17 01:00:00+00:00,75303.3,76022.6,75053.0,75637.1,1200.0640230100023
2026-03-17 02:00:00+00:00,75637.1,75687.94,75100.0,75200.86,524.0266763300001
2026-03-17 03:00:00+00:00,75200.86,75330.06,74244.0,74468.66,910.8654329400002
2026-03-17 04:00:00+00:00,74468.66,74695.4,73957.0,74248.6,510.8989682500002
2026-03-17 05:00:00+00:00,74248.6,74465.15,73770.0,74048.0,386.5116253899999
2026-03-17 06:00:00+00:00,74048.85,74283.52,73850.0,74086.51,278.65907584000007
2026-03-17 07:00:00+00:00,74084.5,74461.01,74044.0,74252.1,218.79243214000024
2026-03-17 08:00:00+00:00,74253.1,74466.0,74073.0,74193.87,328.49171022000013
2026-03-17 09:00:00+00:00,74191.3,74413.94,73800.0,73951.17,380.3623413400004
2026-03-17 10:00:00+00:00,73933.8,73983.19,73500.0,73737.41,512.7293182100002
2026-03-17 11:00:00+00:00,73715.0,74233.48,73663.0,74045.4,459.7853152
2026-03-17 12:00:00+00:00,74038.1,74190.02,73634.0,73744.94,645.8841789899999
2026-03-17 13:00:00+00:00,73747.1,74195.22,73394.0,73641.98,1372.3449964700017
2026-03-17 14:00:00+00:00,73640.98,74452.47,73425.0,74410.51,855.4062957
2026-03-17 15:00:00+00:00,74403.5,74934.42,73665.0,73941.45,1373.538606649999
2026-03-17 16:00:00+00:00,73948.5,74378.92,73853.0,74182.41,648.9901912600005
2026-03-17 17:00:00+00:00,74182.4,74629.83,73997.0,74546.73,729.1667296399999
2026-03-17 18:00:00+00:00,74526.0,74799.0,74361.0,74706.76,946.0228640299996
2026-03-17 19:00:00+00:00,74700.5,74851.08,74430.0,74542.28,839.1853485099998
2026-03-17 20:00:00+00:00,74543.9,74711.85,74366.0,74533.45,335.92224083
2026-03-17 21:00:00+00:00,74533.46,74834.45,74447.0,74717.11,270.26336483000006
2026-03-17 22:00:00+00:00,74715.5,74808.1,73914.0,74334.48,450.0725621799998
2026-03-17 23:00:00+00:00,74341.8,74436.58,73850.0,73934.11,372.57726393
2026-03-18 00:00:00+00:00,73930.0,74089.19,73530.0,73885.06,362.79137680000014
2026-03-18 01:00:00+00:00,73877.4,74244.52,73813.0,74104.9,408.49824058
2026-03-18 02:00:00+00:00,74092.1,74520.43,74050.0,74374.01,224.84370220000025
2026-03-18 03:00:00+00:00,74365.7,74700.0,74235.0,74478.75,230.3505833100001
2026-03-18 04:00:00+00:00,74478.75,74524.08,74112.0,74200.01,196.0932856500001
2026-03-18 05:00:00+00:00,74189.8,74332.78,73805.0,73977.74,236.74288721000025
2026-03-18 06:00:00+00:00,73993.4,74249.84,73915.0,73971.27,121.50630796000016
2026-03-18 07:00:00+00:00,73970.1,74017.17,73689.0,73895.3,205.09982652000025
2026-03-18 08:00:00+00:00,73895.3,74137.5,73837.0,74061.76,166.27844991000012
2026-03-18 09:00:00+00:00,74052.3,74317.56,74005.0,74197.12,171.49596033000017
2026-03-18 10:00:00+00:00,74191.7,74282.21,73786.0,73954.49,150.67615783000008
2026-03-18 11:00:00+00:00,73947.6,74095.07,72778.0,72962.74,1110.4870303199984
2026-03-18 12:00:00+00:00,72980.7,72995.23,72268.0,72381.77,1020.7395204499998
2026-03-18 13:00:00+00:00,72399.4,72572.32,71974.0,72144.35,1406.2364061000007
2026-03-18 14:00:00+00:00,72140.0,72238.2,71088.0,71199.76,1213.0317985899997
2026-03-18 15:00:00+00:00,71205.3,71575.22,70859.0,71470.96,1103.7078537399996
2026-03-18 16:00:00+00:00,71470.96,71575.6,71011.01,71323.91,890.2381469799997
2026-03-18 17:00:00+00:00,71322.8,71773.4,71184.0,71598.74,520.0263633500002
2026-03-18 18:00:00+00:00,71605.4,72031.14,70910.0,71103.89,1002.889160910001
2026-03-18 19:00:00+00:00,71112.6,71487.44,70902.0,71065.73,691.5224802099998
2026-03-18 20:00:00+00:00,71065.73,71327.0,70474.83,71212.0,920.1952370800004
2026-03-18 21:00:00+00:00,71218.8,71441.0,71150.0,71259.68,481.4438128499999
2026-03-18 22:00:00+00:00,71259.68,71280.3,70936.47,71150.0,342.5739348499998
2026-03-18 23:00:00+00:00,71149.99,71376.2,71060.19,71245.02,260.2430350499999
2026-03-19 00:00:00+00:00,71245.01,71327.0,70966.0,71004.91,319.67676363000004
2026-03-19 01:00:00+00:00,71016.7,71199.2,70946.0,71120.0,262.13369170999994
2026-03-19 02:00:00+00:00,71141.3,71265.56,70865.0,71062.12,269.54607323
2026-03-19 03:00:00+00:00,71060.1,71628.0,71055.0,71215.89,478.6289156
2026-03-19 04:00:00+00:00,71215.88,71228.8,70650.0,70824.61,482.01910612000006
2026-03-19 05:00:00+00:00,70835.3,70914.0,70636.0,70823.94,387.53781887
2026-03-19 06:00:00+00:00,70823.94,70968.02,70488.0,70587.88,436.0177663499998
2026-03-19 07:00:00+00:00,70587.91,70617.1,69478.0,70199.73,1548.81304104
2026-03-19 08:00:00+00:00,70203.4,70314.49,69904.0,69999.05,377.24087682
2026-03-19 09:00:00+00:00,69990.0,70570.55,69980.0,70504.14,541.23329461
2026-03-19 10:00:00+00:00,70503.91,70545.0,70100.0,70129.69,307.27363269999984
2026-03-19 11:00:00+00:00,70130.6,70263.0,69887.0,69950.0,405.08401833
2026-03-19 12:00:00+00:00,69950.0,69950.7,69100.0,69286.0,1255.1882936
2026-03-19 13:00:00+00:00,69294.51,70083.31,69073.0,69900.0,1232.2356135799998
2026-03-19 14:00:00+00:00,69899.99,70163.0,69079.44,69478.49,1133.5705978800002
2026-03-19 15:00:00+00:00,69478.48,69937.0,68731.0,69402.15,1873.6032612
2026-03-19 16:00:00+00:00,69416.1,69660.0,69163.05,69447.3,1000.6647205900002
2026-03-19 17:00:00+00:00,69454.0,69970.0,69101.81,69853.51,807.3537321800003
2026-03-19 18:00:00+00:00,69847.8,69950.0,69569.08,69814.2,500.59851778
2026-03-19 19:00:00+00:00,69814.9,70622.0,69798.78,70265.5,1310.1849388500002
2026-03-19 20:00:00+00:00,70262.93,70716.0,70179.85,70480.85,705.22703541
2026-03-19 21:00:00+00:00,70480.86,70717.0,70375.0,70424.9,358.37381382
2026-03-19 22:00:00+00:00,70411.6,70520.0,69951.28,70189.25,536.4461011700001
2026-03-19 23:00:00+00:00,70189.25,70301.0,69718.45,69898.84,564.0266520600001
2026-03-20 00:00:00+00:00,69916.6,70328.0,69831.0,70195.82,503.02549401
2026-03-20 01:00:00+00:00,70195.82,70603.0,70181.83,70408.74,401.32791236
2026-03-20 02:00:00+00:00,70408.73,70528.0,70070.0,70414.39,390.55171455
2026-03-20 03:00:00+00:00,70414.38,70823.73,70383.6,70729.69,541.3337795099999
2026-03-20 04:00:00+00:00,70722.63,70974.0,70546.4,70778.0,419.6992073100001
2026-03-20 05:00:00+00:00,70773.4,70880.0,70514.0,70593.45,270.77513241
2026-03-20 06:00:00+00:00,70593.7,70657.0,70345.99,70495.35,272.27825003
2026-03-20 07:00:00+00:00,70495.34,70939.0,70200.8,70850.25,387.94664995
2026-03-20 08:00:00+00:00,70856.2,71384.62,70790.59,71038.86,632.3220456900002
2026-03-20 09:00:00+00:00,71040.63,71051.0,70407.62,70579.69,537.1754823099999
2026-03-20 10:00:00+00:00,70578.2,70671.0,70202.74,70607.67,511.7277169800001
2026-03-20 11:00:00+00:00,70606.5,70824.0,70300.0,70472.89,563.3556341799998
2026-03-20 12:00:00+00:00,70472.89,70700.0,70211.09,70365.0,540.8414782899999
2026-03-20 13:00:00+00:00,70320.0,70628.45,69775.92,69848.28,1257.49538466
2026-03-20 14:00:00+00:00,69854.0,70280.0,69462.0,69717.49,1687.48468304
2026-03-20 15:00:00+00:00,69728.9,70022.0,69462.28,69849.86,819.1589012900002
2026-03-20 16:00:00+00:00,69856.9,70130.0,69581.62,69810.85,507.48089481999983
2026-03-20 17:00:00+00:00,69830.3,70053.0,69360.0,69977.09,763.73921233
2026-03-20 18:00:00+00:00,69976.52,70094.0,69504.51,69745.97,671.57931599
2026-03-20 19:00:00+00:00,69748.6,70221.0,69639.52,70162.0,701.8229009099999
2026-03-20 20:00:00+00:00,70169.39,70289.0,69736.17,70046.25,700.46429527
2026-03-20 21:00:00+00:00,70046.25,70770.0,69935.0,70564.0,793.6760515799998
2026-03-20 22:00:00+00:00,70528.51,70968.0,70525.34,70764.38,565.9519826699998
2026-03-20 23:00:00+00:00,70764.38,70806.0,70386.07,70514.65,382.2021653499999
2026-03-21 00:00:00+00:00,70497.01,70852.0,70460.23,70672.02,260.78919296
2026-03-21 01:00:00+00:00,70697.0,70776.0,70454.87,70456.05,156.38843813999998
2026-03-21 02:00:00+00:00,70463.4,70807.0,70423.8,70722.01,161.02376627
2026-03-21 03:00:00+00:00,70724.2,70801.0,70610.47,70654.1,131.17268642
2026-03-21 04:00:00+00:00,70652.3,70845.0,70587.64,70629.15,268.4180712800001
2026-03-21 05:00:00+00:00,70630.1,70879.0,70615.18,70695.3,135.97216741000005
2026-03-21 06:00:00+00:00,70692.2,70835.0,70665.34,70760.5,111.89391777000004
2026-03-21 07:00:00+00:00,70760.6,70890.0,70660.1,70713.49,161.64010301000005
2026-03-21 08:00:00+00:00,70695.6,70759.0,70471.23,70584.04,305.09037241999994
2026-03-21 09:00:00+00:00,70580.3,70744.0,70560.01,70651.74,426.9256596400001
2026-03-21 10:00:00+00:00,70632.5,70705.3,70542.83,70596.88,153.12158194
2026-03-21 11:00:00+00:00,70596.88,70655.5,70556.86,70637.76,103.24055572999998
2026-03-21 12:00:00+00:00,70633.6,70806.5,70633.6,70699.31,132.4386844
2026-03-21 13:00:00+00:00,70707.3,70816.08,70681.0,70717.52,128.9978368
2026-03-21 14:00:00+00:00,70717.0,71092.0,70578.0,70620.4,396.37229336
2026-03-21 15:00:00+00:00,70620.4,70757.0,70422.89,70616.7,273.94378222000006
2026-03-21 16:00:00+00:00,70632.6,70651.7,70231.5,70298.51,307.9688181999999
2026-03-21 17:00:00+00:00,70305.0,70428.0,70150.0,70287.0,338.2087227500001
2026-03-21 18:00:00+00:00,70309.0,70531.0,70276.0,70382.0,266.1724974400001
2026-03-21 19:00:00+00:00,70363.73,70452.0,70298.87,70376.86,157.42158052999997
2026-03-21 20:00:00+00:00,70376.87,70507.0,70335.19,70449.32,284.6484192699999
2026-03-21 21:00:00+00:00,70449.31,70519.0,70238.0,70342.66,259.20140303000005
2026-03-21 22:00:00+00:00,70357.5,70395.0,70245.01,70278.0,231.93818541
2026-03-21 23:00:00+00:00,70258.43,70293.0,68468.0,68725.0,1356.55751873
2026-03-22 00:00:00+00:00,68912.02,69153.0,68226.04,68934.97,1307.0418949600005
2026-03-22 01:00:00+00:00,68941.1,69119.0,68750.0,68956.64,440.2365633999999
2026-03-22 02:00:00+00:00,68965.0,69442.0,68936.0,69268.37,381.53032299
2026-03-22 03:00:00+00:00,69276.0,69608.0,69108.49,69335.71,324.62176628000003
2026-03-22 04:00:00+00:00,69332.6,69535.0,69185.14,69355.0,324.56394507000005
2026-03-22 05:00:00+00:00,69340.5,69364.0,69137.0,69142.85,271.09119914
2026-03-22 06:00:00+00:00,69145.5,69249.0,69053.0,69151.99,206.41618688
2026-03-22 07:00:00+00:00,69141.2,69254.0,68872.06,68904.52,266.56383523
2026-03-22 08:00:00+00:00,68902.2,68994.0,68519.0,68785.81,391.3652474
2026-03-22 09:00:00+00:00,68785.81,68909.0,68573.0,68812.29,251.64503197
2026-03-22 10:00:00+00:00,68812.29,68862.0,68575.01,68652.0,187.78530838
2026-03-22 11:00:00+00:00,68636.09,68706.0,68096.0,68208.0,457.07111455
2026-03-22 12:00:00+00:00,68209.8,68770.0,68172.6,68644.84,368.8692574700001
2026-03-22 13:00:00+00:00,68655.1,68964.0,68527.42,68699.04,364.2677166200001
2026-03-22 14:00:00+00:00,68702.3,68941.0,68531.41,68710.77,305.0118998599999
2026-03-22 15:00:00+00:00,68710.77,69029.0,68701.52,68857.0,330.8254404900001
2026-03-22 16:00:00+00:00,68844.55,68905.0,68666.85,68800.01,217.73509552
2026-03-22 17:00:00+00:00,68800.01,68881.0,68664.0,68665.55,256.96563643
2026-03-22 18:00:00+00:00,68684.5,68779.0,68335.59,68608.1,345.86372544999983
2026-03-22 19:00:00+00:00,68599.5,68656.0,68110.8,68199.18,621.8225647899999
2026-03-22 20:00:00+00:00,68180.2,68521.0,68075.0,68167.08,406.40917263000006
2026-03-22 21:00:00+00:00,68184.3,68255.0,67332.05,67894.18,1561.51641891
2026-03-22 22:00:00+00:00,67890.08,68417.0,67561.21,68318.21,1151.9086170199998
2026-03-22 23:00:00+00:00,68309.1,68485.0,67817.41,67838.0,838.56818546
2026-03-23 00:00:00+00:00,67857.1,68174.0,67425.0,67656.0,718.2146262199997
2026-03-23 01:00:00+00:00,67677.5,68190.0,67514.0,67930.0,537.80949936
2026-03-23 02:00:00+00:00,67888.8,68430.0,67785.0,68301.46,556.3499447899999
2026-03-23 03:00:00+00:00,68307.1,68616.0,68044.0,68063.13,544.04302345
2026-03-23 04:00:00+00:00,68057.3,68582.0,68034.2,68525.09,377.49073904
2026-03-23 05:00:00+00:00,68544.1,68943.0,68519.7,68883.58,716.36738532
2026-03-23 06:00:00+00:00,68883.58,68923.0,67676.01,67858.74,746.6062939599999
2026-03-23 07:00:00+00:00,67837.4,68476.0,67485.61,68332.0,811.6007814000001
2026-03-23 08:00:00+00:00,68342.0,68708.0,68307.0,68414.86,610.1125406900001
2026-03-23 09:00:00+00:00,68414.87,68474.0,67895.0,68322.94,407.49064923999975
2026-03-23 10:00:00+00:00,68303.8,68746.0,68282.0,68527.0,451.41847783
2026-03-23 11:00:00+00:00,68530.94,71527.0,68523.56,70103.4,4115.593946350001
2026-03-23 12:00:00+00:00,70103.4,70914.0,69649.65,70719.26,1551.91149713
2026-03-23 13:00:00+00:00,70719.9,71618.0,70568.7,71473.97,1522.1567587600002
2026-03-23 14:00:00+00:00,71474.98,71843.0,71100.0,71448.24,2176.85490207
2026-03-23 15:00:00+00:00,71449.43,71689.0,70075.56,70104.0,1530.72363731
2026-03-23 16:00:00+00:00,70104.0,70783.0,70100.74,70601.0,818.1371958399997
2026-03-23 17:00:00+00:00,70552.26,71139.0,70339.38,71099.0,708.97649837
2026-03-23 18:00:00+00:00,71067.48,71212.0,70856.41,71074.81,677.7648808700001
2026-03-23 19:00:00+00:00,71061.8,71260.0,70614.77,70660.88,712.36426015
2026-03-23 20:00:00+00:00,70655.95,70995.0,70535.12,70901.44,452.52808587
2026-03-23 21:00:00+00:00,70895.1,71012.0,70804.69,70840.26,240.47665728
2026-03-23 22:00:00+00:00,70857.0,70904.0,70479.01,70752.28,456.86856658
2026-03-23 23:00:00+00:00,70751.18,71007.0,70379.65,70900.01,522.78530038
2026-03-24 00:00:00+00:00,70887.2,71115.0,70398.83,70659.55,492.2893487299999
2026-03-24 01:00:00+00:00,70671.4,70891.0,70250.01,70516.0,542.8648634100001
2026-03-24 02:00:00+00:00,70492.7,70704.0,70344.06,70423.78,320.05063613999994
2026-03-24 03:00:00+00:00,70428.3,70588.0,70371.42,70543.7,245.3153612
2026-03-24 04:00:00+00:00,70512.4,70746.0,70225.25,70377.0,412.83554121
2026-03-24 05:00:00+00:00,70354.98,70381.0,70097.43,70264.0,362.0557186400001
2026-03-24 06:00:00+00:00,70264.0,70569.0,70229.97,70517.08,316.03650343
2026-03-24 07:00:00+00:00,70500.4,71400.0,70455.01,71279.0,674.0504401200001
2026-03-24 08:00:00+00:00,71272.7,71334.0,70824.0,70944.41,413.00897924
2026-03-24 09:00:00+00:00,70944.41,71370.0,70828.81,71303.34,397.58338245
2026-03-24 10:00:00+00:00,71306.01,71347.0,71073.4,71258.01,393.72214579000007
2026-03-24 11:00:00+00:00,71258.0,71327.0,70942.5,71139.99,355.77810242999993
2026-03-24 12:00:00+00:00,71139.99,71183.0,70834.0,70948.79,319.20215136
2026-03-24 13:00:00+00:00,70925.2,71055.0,69935.53,70084.01,1392.2984143599997
2026-03-24 14:00:00+00:00,70073.3,70463.3,69472.03,69834.62,1542.91763529
2026-03-24 15:00:00+00:00,69839.03,70253.0,69737.91,69858.0,949.57096304
2026-03-24 16:00:00+00:00,69839.4,70003.0,69325.0,69447.0,935.6407521900002
2026-03-24 17:00:00+00:00,69447.15,69510.3,68889.0,69204.2,1490.48786667
2026-03-24 18:00:00+00:00,69206.9,69747.0,69130.44,69394.64,797.7295121500001
2026-03-24 19:00:00+00:00,69394.64,69700.0,69233.11,69334.0,604.3271310600002
2026-03-24 20:00:00+00:00,69334.0,70277.0,69247.81,70066.38,1006.44367963
2026-03-24 21:00:00+00:00,70066.26,70398.0,69865.0,70294.99,535.2193455099999
2026-03-24 22:00:00+00:00,70295.0,70588.0,70105.0,70287.0,609.1789787700002
2026-03-24 23:00:00+00:00,70330.9,70830.0,70224.0,70526.0,719.7027168499999
2026-03-25 00:00:00+00:00,70515.6,71048.9,70448.74,70809.67,628.52443659
2026-03-25 01:00:00+00:00,70801.3,70965.0,70592.19,70674.0,406.22382995999993
2026-03-25 02:00:00+00:00,70648.92,70767.0,70458.2,70496.9,300.32113596999994
2026-03-25 03:00:00+00:00,70496.9,70823.0,70357.1,70683.1,337.5978696600001
2026-03-25 04:00:00+00:00,70700.6,70975.0,70660.0,70944.06,321.73039449
2026-03-25 05:00:00+00:00,70932.8,71347.6,70907.09,71088.87,530.4315545399999
2026-03-25 06:00:00+00:00,71086.0,71257.0,70957.51,70983.0,327.07725302999995
2026-03-25 07:00:00+00:00,70977.22,71253.0,70855.2,70897.1,406.49808005
2026-03-25 08:00:00+00:00,70910.68,71497.92,70773.37,71224.5,489.79407218000006
2026-03-25 09:00:00+00:00,71224.5,71404.39,71076.18,71332.41,267.29473522
2026-03-25 10:00:00+00:00,71333.5,71629.07,71276.09,71486.2,392.05150866
2026-03-25 11:00:00+00:00,71486.21,72030.29,71456.26,71673.97,1202.5664753
2026-03-25 12:00:00+00:00,71673.96,71935.2,71110.0,71705.97,886.4318834499998
2026-03-25 13:00:00+00:00,71703.45,71954.83,71504.21,71564.41,913.13323587
2026-03-25 14:00:00+00:00,71565.31,71687.15,71207.98,71218.49,733.4584754199999
2026-03-25 15:00:00+00:00,71218.99,71293.42,70543.1,70806.44,837.7510807100002
2026-03-25 16:00:00+00:00,70804.58,71761.6,70695.0,71301.79,839.60413899
2026-03-25 17:00:00+00:00,71318.1,71382.9,70686.84,70745.15,653.0720827
2026-03-25 18:00:00+00:00,70744.4,71136.0,70644.75,70785.0,420.42995122
2026-03-25 19:00:00+00:00,70782.0,71079.7,70743.33,70859.88,635.0393283000002
2026-03-25 20:00:00+00:00,70859.88,71052.0,70616.0,70986.57,453.48300107
2026-03-25 21:00:00+00:00,70982.4,71160.5,70911.36,71007.06,282.34141443000004
2026-03-25 22:00:00+00:00,70996.1,71548.0,70890.0,71341.92,528.0693269
2026-03-25 23:00:00+00:00,71372.6,71442.34,71145.0,71295.88,239.64228536000013
2026-03-26 00:00:00+00:00,71302.2,71446.2,71096.23,71276.1,411.10899511000014
2026-03-26 01:00:00+00:00,71276.2,71355.2,71119.01,71217.53,375.07039032
2026-03-26 02:00:00+00:00,71217.52,71284.8,70638.22,70846.0,467.28371814
2026-03-26 03:00:00+00:00,70847.99,70954.0,70598.0,70892.0,199.23985766
2026-03-26 04:00:00+00:00,70875.73,70897.0,70678.0,70733.2,199.98190759
2026-03-26 05:00:00+00:00,70747.0,70773.0,69901.0,69963.17,992.8816183500002
2026-03-26 06:00:00+00:00,69963.09,70147.1,69788.26,70056.32,540.3274558200001
2026-03-26 07:00:00+00:00,70106.2,70157.2,69728.04,70060.01,376.20436517
2026-03-26 08:00:00+00:00,70054.7,70131.9,69769.11,69991.0,370.1237251400001
2026-03-26 09:00:00+00:00,69984.85,70121.7,69359.44,69533.62,666.2332307100003
2026-03-26 10:00:00+00:00,69536.3,69710.0,69415.06,69481.99,360.53580218
2026-03-26 11:00:00+00:00,69482.0,69634.5,69156.16,69238.42,609.97539414
2026-03-26 12:00:00+00:00,69241.42,69456.0,69186.42,69396.79,664.7324676000001
2026-03-26 13:00:00+00:00,69421.7,69857.2,69167.86,69606.0,1180.5305744999998
2026-03-26 14:00:00+00:00,69610.34,69824.0,69204.12,69465.0,984.4809200900002
2026-03-26 15:00:00+00:00,69447.7,69493.0,68600.0,69075.0,2067.1873131199995
2026-03-26 16:00:00+00:00,69050.0,69093.0,68777.01,68881.49,1002.7185068800002
2026-03-26 17:00:00+00:00,68881.2,69162.0,68346.0,68465.0,999.02919111
2026-03-26 18:00:00+00:00,68440.0,68589.0,68102.36,68431.78,1297.6175292100002
2026-03-26 19:00:00+00:00,68431.78,68692.0,68287.98,68479.59,820.3423181100002
2026-03-26 20:00:00+00:00,68480.99,69447.9,68369.02,68968.4,1062.18327673
2026-03-26 21:00:00+00:00,68968.4,69188.0,68809.0,68906.0,448.2964124299999
2026-03-26 22:00:00+00:00,68865.81,69022.0,68552.28,68883.0,588.7693045499999
2026-03-26 23:00:00+00:00,68839.49,68988.0,68577.99,68786.05,609.01397238
2026-03-27 00:00:00+00:00,68780.4,68970.0,68475.0,68726.27,544.2155424200001
2026-03-27 01:00:00+00:00,68726.3,69063.5,68642.0,69048.0,324.36208255000014
2026-03-27 02:00:00+00:00,69004.83,69167.0,68815.76,68868.0,293.90414029
2026-03-27 03:00:00+00:00,68870.2,68921.0,68621.77,68721.7,320.8068809200001
2026-03-27 04:00:00+00:00,68730.6,68796.0,68243.3,68526.01,600.95368051
2026-03-27 05:00:00+00:00,68526.0,68846.7,68460.74,68575.32,343.41903696
2026-03-27 06:00:00+00:00,68571.8,68840.0,68515.76,68606.3,348.46480173
2026-03-27 07:00:00+00:00,68606.4,68946.0,68385.0,68478.65,1029.5384431000002
2026-03-27 08:00:00+00:00,68476.0,68621.0,67552.12,67869.79,1100.89785657
2026-03-27 09:00:00+00:00,67869.79,67943.0,67501.63,67642.39,724.3185416799998
2026-03-27 10:00:00+00:00,67656.2,67770.0,66230.0,66496.0,1816.66785089
2026-03-27 11:00:00+00:00,66461.39,66853.7,66201.0,66671.97,979.8899448199996
2026-03-27 12:00:00+00:00,66670.1,66759.7,66394.46,66593.4,1019.34345178
2026-03-27 13:00:00+00:00,66593.4,66719.6,65961.0,66141.92,1992.4383641500003
2026-03-27 14:00:00+00:00,66141.92,66382.8,65656.6,66152.49,2784.9707327799983
2026-03-27 15:00:00+00:00,66163.1,66622.2,65906.01,66070.3,2351.374304889999
2026-03-27 16:00:00+00:00,66072.4,67567.0,65750.0,65933.04,1455.8727091200003
2026-03-27 17:00:00+00:00,65950.3,67429.7,65545.01,65573.28,1269.7673953
2026-03-27 18:00:00+00:00,65573.28,65934.0,65498.75,65770.0,1410.8692725899998
2026-03-27 19:00:00+00:00,65770.0,66144.0,65632.23,65975.02,1596.5316771199998
2026-03-27 20:00:00+00:00,65977.24,66149.1,65749.11,65967.14,866.06228994
2026-03-27 21:00:00+00:00,65970.0,66181.8,65951.72,66032.97,547.7030780800001
2026-03-27 22:00:00+00:00,66032.97,66097.1,65851.46,65972.46,343.6874875800001
2026-03-27 23:00:00+00:00,65972.46,66381.5,65916.0,66321.33,390.62432623000007
2026-03-28 00:00:00+00:00,66360.4,66511.5,66240.16,66376.04,457.9934495500002
2026-03-28 01:00:00+00:00,66376.04,66420.0,66001.1,66126.96,544.25704064
2026-03-28 02:00:00+00:00,66117.9,66251.4,65876.61,66004.75,369.1456819099999
2026-03-28 03:00:00+00:00,66004.74,66240.0,65983.5,66229.0,236.3059293000001
2026-03-28 04:00:00+00:00,66183.3,66300.0,66061.75,66231.75,198.75957413
2026-03-28 05:00:00+00:00,66231.76,66384.0,66149.61,66342.0,222.13772804
2026-03-28 06:00:00+00:00,66301.8,66498.5,66253.5,66339.39,260.82667321
2026-03-28 07:00:00+00:00,66339.4,66567.0,66326.02,66504.9,195.31690246
2026-03-28 08:00:00+00:00,66500.0,66569.0,66336.68,66366.01,261.60095801
2026-03-28 09:00:00+00:00,66356.9,66409.0,66192.14,66254.0,225.02762940999995
2026-03-28 10:00:00+00:00,66251.96,66406.2,66071.87,66169.7,172.90902634999998
2026-03-28 11:00:00+00:00,66173.1,66363.6,66145.27,66276.0,268.3512591599999
2026-03-28 12:00:00+00:00,66276.0,66521.0,66181.65,66406.64,263.46230666
2026-03-28 13:00:00+00:00,66406.99,67173.0,66348.99,66794.09,830.8587542799997
2026-03-28 14:00:00+00:00,66831.0,66964.9,66608.57,66689.98,436.46050079
2026-03-28 15:00:00+00:00,66704.1,67328.2,66662.07,66961.62,578.04228861
2026-03-28 16:00:00+00:00,66976.5,67094.0,66787.56,66871.34,309.7741051099999
2026-03-28 17:00:00+00:00,66876.9,66987.0,66645.2,66797.72,269.7291379600002
2026-03-28 18:00:00+00:00,66814.3,66949.0,66782.01,66903.0,297.9694889
2026-03-28 19:00:00+00:00,66882.0,66945.0,66750.74,66861.09,216.2691195200001
2026-03-28 20:00:00+00:00,66847.3,67004.0,66834.16,66931.1,431.50333292999983
2026-03-28 21:00:00+00:00,66864.36,66931.0,66523.9,66667.0,332.28580415999994
2026-03-28 22:00:00+00:00,66645.7,66781.6,66529.85,66700.01,293.47084087
2026-03-28 23:00:00+00:00,66751.6,66751.6,66201.9,66321.39,477.97939240000005
2026-03-29 00:00:00+00:00,66321.8,66502.0,66223.0,66442.0,318.31914899000003
2026-03-29 01:00:00+00:00,66430.95,66612.0,66315.0,66510.83,364.41100611
2026-03-29 02:00:00+00:00,66510.83,66836.0,66476.18,66751.71,356.36078095999994
2026-03-29 03:00:00+00:00,66751.71,67125.0,66692.28,66853.6,381.1245571200001
2026-03-29 04:00:00+00:00,66846.6,66937.0,66654.76,66678.1,171.31484233999998
2026-03-29 05:00:00+00:00,66678.1,66811.0,66530.0,66712.72,238.99010544
2026-03-29 06:00:00+00:00,66733.3,66872.0,66581.83,66674.91,166.78906976000002
2026-03-29 07:00:00+00:00,66684.3,66757.0,66495.0,66606.04,198.29870868999998
2026-03-29 08:00:00+00:00,66610.1,66792.0,66540.78,66662.08,223.13251428
2026-03-29 09:00:00+00:00,66671.7,66782.0,66478.0,66616.0,271.43314208000004
2026-03-29 10:00:00+00:00,66574.2,66614.0,66353.91,66447.06,296.40106419000006
2026-03-29 11:00:00+00:00,66464.1,66980.0,66447.06,66755.17,285.4592550300001
2026-03-29 12:00:00+00:00,66749.7,66871.7,66644.0,66793.1,237.98789004999998
2026-03-29 13:00:00+00:00,66855.8,66864.0,66472.68,66522.92,272.01448945
2026-03-29 14:00:00+00:00,66522.92,66793.8,66400.0,66588.0,352.86081145
2026-03-29 15:00:00+00:00,66532.0,66724.0,66270.46,66463.5,439.02685706
2026-03-29 16:00:00+00:00,66463.5,66695.0,66368.52,66439.29,423.15811133
2026-03-29 17:00:00+00:00,66433.1,66533.0,66086.0,66322.33,408.64496198000006
2026-03-29 18:00:00+00:00,66325.9,66535.0,66257.0,66368.0,196.53618060999995
2026-03-29 19:00:00+00:00,66368.1,66481.0,66261.18,66291.94,307.50662237000006
2026-03-29 20:00:00+00:00,66293.0,66793.0,66287.04,66552.93,473.82141841000015
2026-03-29 21:00:00+00:00,66554.4,66772.0,66450.22,66646.77,344.9238661100002
2026-03-29 22:00:00+00:00,66646.77,66730.0,64938.66,65801.0,2047.21782972
2026-03-29 23:00:00+00:00,65805.01,66363.8,65799.26,65961.15,1356.3277295100002
