Datetime,Open,High,Low,Close,Volume
2025-12-21 21:00:00+00:00,0.1298954,0.1302,0.12931,0.12952,5919812.404124077
2025-12-21 22:00:00+00:00,0.12953,0.13068,0.1293805,0.1305,3894521.146500141
2025-12-21 23:00:00+00:00,0.13053,0.13149,0.13053,0.13107,4255877.6394481
2025-12-22 00:00:00+00:00,0.1311,0.13431,0.1311,0.1316,11952518.044882514
2025-12-22 01:00:00+00:00,0.13156,0.13309,0.13134,0.1313752,5786264.9500249205
2025-12-22 02:00:00+00:00,0.13136,0.13149,0.1294783,0.13089,8931632.049652677
2025-12-22 03:00:00+00:00,0.13089,0.13291,0.13056,0.13199,8141328.958333188
2025-12-22 04:00:00+00:00,0.132,0.13279,0.13196,0.1326,5400275.597055229
2025-12-22 05:00:00+00:00,0.13243,0.13261,0.13183,0.1318688,2411937.146337271
2025-12-22 06:00:00+00:00,0.1318542,0.1321,0.13144,0.1315871,2517291.279025769
2025-12-22 07:00:00+00:00,0.13158,0.13243,0.13146,0.13224,2136504.376141049
2025-12-22 08:00:00+00:00,0.13203,0.13333,0.13166,0.13221,6085235.726383802
2025-12-22 09:00:00+00:00,0.13221,0.13263,0.1317533,0.13225,4978870.841004771
2025-12-22 10:00:00+00:00,0.1322741,0.1326,0.13191,0.13218,3230638.445978841
2025-12-22 11:00:00+00:00,0.13231,0.13317,0.13187,0.132805,4221630.9507354
2025-12-22 12:00:00+00:00,0.13283,0.13411,0.13254,0.13322,6686629.087283798
2025-12-22 13:00:00+00:00,0.13334,0.13348,0.132475,0.13289,9208583.73782208
2025-12-22 14:00:00+00:00,0.1329,0.13453,0.13269,0.13403,17296788.597720735
2025-12-22 15:00:00+00:00,0.13402,0.13546,0.13262,0.13429,12868269.131612364
2025-12-22 16:00:00+00:00,0.13431,0.13522,0.1336095,0.13365,8807848.995336909
2025-12-22 17:00:00+00:00,0.13365,0.13407,0.13302,0.1338842,9906228.97728282
2025-12-22 18:00:00+00:00,0.13387,0.13525,0.13367,0.13423,9326397.168364769
2025-12-22 19:00:00+00:00,0.13425,0.13432,0.13159,0.13185,16934132.328889247
2025-12-22 20:00:00+00:00,0.13185,0.1324,0.13081,0.13116,19762477.93137276
2025-12-22 21:00:00+00:00,0.13114,0.13219,0.13112,0.13137,7694861.791022717
2025-12-22 22:00:00+00:00,0.13136,0.13268,0.13102,0.13241,12409922.965887638
2025-12-22 23:00:00+00:00,0.13239,0.13267,0.13194,0.1325,5141715.57601449
2025-12-23 00:00:00+00:00,0.13246,0.13349,0.132193,0.13318,7410537.56646591
2025-12-23 01:00:00+00:00,0.1331798,0.13358,0.13235,0.13281,3360447.69357312
2025-12-23 02:00:00+00:00,0.13279,0.13372,0.13191,0.1322,9311052.388298426
2025-12-23 03:00:00+00:00,0.13238,0.13277,0.13123,0.13244,3262258.826460392
2025-12-23 04:00:00+00:00,0.13243,0.13311,0.13183,0.13195,4857286.946854752
2025-12-23 05:00:00+00:00,0.13182,0.132,0.1305,0.13108,9972764.400086612
2025-12-23 06:00:00+00:00,0.1311,0.13132,0.13002,0.1306805,7579888.222413932
2025-12-23 07:00:00+00:00,0.1307054,0.13101,0.12984,0.13035,11768633.02769073
2025-12-23 08:00:00+00:00,0.1303684,0.13086,0.12988,0.12998,3601352.005173851
2025-12-23 09:00:00+00:00,0.12995,0.13048,0.12988,0.13017,5627949.910974112
2025-12-23 10:00:00+00:00,0.13019,0.13102,0.1301188,0.13075,2993238.10961494
2025-12-23 11:00:00+00:00,0.13076,0.13145,0.1306,0.13105,1790323.9808954597
2025-12-23 12:00:00+00:00,0.13106,0.13107,0.13001,0.13018,3832776.429466902
2025-12-23 13:00:00+00:00,0.13019,0.13048,0.12907,0.12952,8869923.316638071
2025-12-23 14:00:00+00:00,0.12944,0.13062,0.12785,0.12884,16425806.1804948
2025-12-23 15:00:00+00:00,0.1288,0.12984,0.12845,0.12942,11266311.237552918
2025-12-23 16:00:00+00:00,0.12942,0.13093,0.129,0.1304533,14176435.653851569
2025-12-23 17:00:00+00:00,0.13044,0.13072,0.12818,0.1283,10819513.898288416
2025-12-23 18:00:00+00:00,0.12827,0.13006,0.12825,0.12976,8055267.649666689
2025-12-23 19:00:00+00:00,0.12976,0.12995,0.12866,0.12892,5526112.340078139
2025-12-23 20:00:00+00:00,0.1289301,0.13052,0.12855,0.12945,7912274.158078263
2025-12-23 21:00:00+00:00,0.12945,0.12961,0.1291281,0.1294693,3824089.812380411
2025-12-23 22:00:00+00:00,0.12948,0.12997,0.12895,0.12933,4479843.95991233
2025-12-23 23:00:00+00:00,0.12934,0.1296,0.12895,0.12921,5280837.508762819
2025-12-24 00:00:00+00:00,0.1292405,0.13002,0.12903,0.12991,3590342.4122629897
2025-12-24 01:00:00+00:00,0.1299105,0.13038,0.12936,0.12966,3430110.20741831
2025-12-24 02:00:00+00:00,0.12967,0.12971,0.12775,0.12819,6383368.780784728
2025-12-24 03:00:00+00:00,0.12818,0.12868,0.1274215,0.12842,5591366.444244347
2025-12-24 04:00:00+00:00,0.12843,0.12885,0.12749,0.12749,3635553.9888732494
2025-12-24 05:00:00+00:00,0.12753,0.12796,0.12687,0.12723,6294378.199732369
2025-12-24 06:00:00+00:00,0.1272106,0.12737,0.12659,0.12714,2498986.01318839
2025-12-24 07:00:00+00:00,0.1271303,0.12764,0.12699,0.12699,4516813.90755534
2025-12-24 08:00:00+00:00,0.127,0.12727,0.1264095,0.1271326,4959154.463416831
2025-12-24 09:00:00+00:00,0.12711,0.12768,0.12711,0.1274753,1766143.1200440808
2025-12-24 10:00:00+00:00,0.12745,0.12794,0.12723,0.12751,2049404.82200014
2025-12-24 11:00:00+00:00,0.12752,0.12841,0.1275084,0.12792,2117203.327979
2025-12-24 12:00:00+00:00,0.1279254,0.12851,0.12762,0.12833,3232273.3014934496
2025-12-24 13:00:00+00:00,0.12832,0.12844,0.12763,0.128,2840120.91621639
2025-12-24 14:00:00+00:00,0.12815,0.12857,0.12671,0.12729,10337085.125354975
2025-12-24 15:00:00+00:00,0.1273,0.12849,0.1268666,0.12829,6266084.416379672
2025-12-24 16:00:00+00:00,0.12828,0.12954,0.12798,0.12862,8398279.142455308
2025-12-24 17:00:00+00:00,0.12863,0.12904,0.1278382,0.12788,4005199.357844381
2025-12-24 18:00:00+00:00,0.12787,0.12823,0.12752,0.12789,3776117.253530569
2025-12-24 19:00:00+00:00,0.12789,0.12822,0.12756,0.12808,2581628.3078977093
2025-12-24 20:00:00+00:00,0.1280921,0.12868,0.12801,0.12811,3274510.5319429203
2025-12-24 21:00:00+00:00,0.12812,0.1288,0.12812,0.12859,5196669.528756842
2025-12-24 22:00:00+00:00,0.1285,0.12942,0.12839,0.1292,5241975.338255103
2025-12-24 23:00:00+00:00,0.12914,0.12923,0.12843,0.12846,3352378.5996632106
2025-12-25 00:00:00+00:00,0.12846,0.12871,0.12782,0.1278579,3480662.815666252
2025-12-25 01:00:00+00:00,0.12789,0.12874,0.1278579,0.12855,2560861.6945306994
2025-12-25 02:00:00+00:00,0.12854,0.12906,0.12831,0.12868,2874695.851704921
2025-12-25 03:00:00+00:00,0.12867,0.12915,0.12842,0.12873,2415970.9670927105
2025-12-25 04:00:00+00:00,0.1286881,0.12885,0.1284794,0.1286618,1697005.432670541
2025-12-25 05:00:00+00:00,0.12865,0.12868,0.128195,0.1283,2305922.75477503
2025-12-25 06:00:00+00:00,0.1282918,0.12856,0.128,0.12826,1872753.60352892
2025-12-25 07:00:00+00:00,0.1282891,0.1282913,0.12764,0.12787,2670359.44632909
2025-12-25 08:00:00+00:00,0.12787,0.12862,0.1267468,0.12731,4464003.270910408
2025-12-25 09:00:00+00:00,0.1273169,0.12752,0.1270585,0.12737,948022.71936677
2025-12-25 10:00:00+00:00,0.12735,0.1273713,0.12555,0.12599,6275304.520278426
2025-12-25 11:00:00+00:00,0.12607,0.12653,0.12591,0.1261609,2001246.0310647
2025-12-25 12:00:00+00:00,0.12615,0.1267,0.1260519,0.1266,1687953.7005281695
2025-12-25 13:00:00+00:00,0.12661,0.12671,0.12583,0.12633,3197132.2090990194
2025-12-25 14:00:00+00:00,0.1263,0.12655,0.12584,0.1263,3075466.4832265293
2025-12-25 15:00:00+00:00,0.12631,0.12824,0.12614,0.12754,14876486.804277623
2025-12-25 16:00:00+00:00,0.12755,0.12797,0.12664,0.1270006,6685965.134221858
2025-12-25 17:00:00+00:00,0.127,0.1272,0.12671,0.1269648,3788052.4844978303
2025-12-25 18:00:00+00:00,0.12699,0.12756,0.12699,0.12735,4953889.54968685
2025-12-25 19:00:00+00:00,0.12734,0.12741,0.12685,0.1270555,2103776.95308474
2025-12-25 20:00:00+00:00,0.12705,0.1272,0.12662,0.12696,2821703.51094917
2025-12-25 21:00:00+00:00,0.12697,0.12728,0.1268,0.1268,2979273.8823941885
2025-12-25 22:00:00+00:00,0.12682,0.12692,0.12312,0.12393,22530417.705677595
2025-12-25 23:00:00+00:00,0.12394,0.12477,0.12291,0.12358,21422971.711770523
2025-12-26 00:00:00+00:00,0.12356,0.124,0.12306,0.1235914,9676947.4109143
2025-12-26 01:00:00+00:00,0.12362,0.1242,0.1235173,0.12392,5213537.495268659
2025-12-26 02:00:00+00:00,0.12389,0.12747,0.12375,0.1261614,20433808.44141696
2025-12-26 03:00:00+00:00,0.12617,0.12648,0.12538,0.12593,9768864.502250062
2025-12-26 04:00:00+00:00,0.1259208,0.12598,0.12525,0.12559,6175822.385920081
2025-12-26 05:00:00+00:00,0.1256,0.12576,0.12517,0.1255594,2515703.7798089995
2025-12-26 06:00:00+00:00,0.12555,0.12619,0.1255104,0.12596,4984145.359334531
2025-12-26 07:00:00+00:00,0.1258811,0.1267,0.12514,0.1253,4858498.25753098
2025-12-26 08:00:00+00:00,0.12526,0.126,0.12526,0.12574,1580528.12149124
2025-12-26 09:00:00+00:00,0.12571,0.12609,0.125436,0.1258,3177018.39083858
2025-12-26 10:00:00+00:00,0.1258,0.12588,0.1254755,0.1256405,1356987.5206971895
2025-12-26 11:00:00+00:00,0.125633,0.1256542,0.1252,0.12528,4008509.283412349
2025-12-26 12:00:00+00:00,0.1252814,0.12588,0.12528,0.1256956,1781790.9391411794
2025-12-26 13:00:00+00:00,0.12568,0.12643,0.12557,0.12613,5844175.142323216
2025-12-26 14:00:00+00:00,0.12612,0.12621,0.12228,0.12261,21145918.2690484
2025-12-26 15:00:00+00:00,0.12258,0.12265,0.12118,0.12205,22718330.83298616
2025-12-26 16:00:00+00:00,0.12208,0.12233,0.12054,0.12067,14128462.067658976
2025-12-26 17:00:00+00:00,0.12066,0.12209,0.1206,0.12154,12276289.454635108
2025-12-26 18:00:00+00:00,0.12153,0.12232,0.1214444,0.12176,5096753.772613182
2025-12-26 19:00:00+00:00,0.12176,0.12257,0.12165,0.122,4690557.880432881
2025-12-26 20:00:00+00:00,0.12219,0.12263,0.12174,0.12207,9074203.169724502
2025-12-26 21:00:00+00:00,0.12207,0.12226,0.12165,0.1217,3830787.45341388
2025-12-26 22:00:00+00:00,0.1219,0.12233,0.12157,0.12208,4132270.291849771
2025-12-26 23:00:00+00:00,0.12205,0.12228,0.12165,0.12202,3239993.662254141
2025-12-27 00:00:00+00:00,0.12203,0.12263,0.12183,0.12214,7954704.9031437505
2025-12-27 01:00:00+00:00,0.12214,0.1226172,0.12205,0.12258,2373357.1273457403
2025-12-27 02:00:00+00:00,0.12261,0.12289,0.12223,0.12256,2619892.35351755
2025-12-27 03:00:00+00:00,0.12258,0.12341,0.12241,0.1232,2616491.23012272
2025-12-27 04:00:00+00:00,0.12321,0.1235,0.1226509,0.1227251,1950120.001928
2025-12-27 05:00:00+00:00,0.12274,0.12301,0.12262,0.12277,1208130.4844217
2025-12-27 06:00:00+00:00,0.1227756,0.12306,0.1225,0.1226361,2212383.6365283006
2025-12-27 07:00:00+00:00,0.1226128,0.12326,0.1226,0.12261,2935704.67780913
2025-12-27 08:00:00+00:00,0.1226427,0.12296,0.12237,0.12242,2029378.421264771
2025-12-27 09:00:00+00:00,0.12243,0.12288,0.12243,0.1226065,1179683.66639666
2025-12-27 10:00:00+00:00,0.12264,0.1229,0.12198,0.12242,2532599.859042461
2025-12-27 11:00:00+00:00,0.12243,0.1232,0.12218,0.12298,2644743.37623271
2025-12-27 12:00:00+00:00,0.12298,0.12351,0.1227,0.12282,6591870.569638327
2025-12-27 13:00:00+00:00,0.12282,0.12299,0.12253,0.1226318,2988180.08256148
2025-12-27 14:00:00+00:00,0.12263,0.1231,0.12235,0.12271,2317629.9804696296
2025-12-27 15:00:00+00:00,0.1227218,0.1232,0.12266,0.12295,2596151.33985393
2025-12-27 16:00:00+00:00,0.1229724,0.12338,0.12256,0.12266,4342388.866745319
2025-12-27 17:00:00+00:00,0.12266,0.12314,0.122551,0.12291,2140945.99493145
2025-12-27 18:00:00+00:00,0.12297,0.12322,0.12275,0.1228472,2277135.29592963
2025-12-27 19:00:00+00:00,0.12284,0.12315,0.12267,0.12285,2609401.24882106
2025-12-27 20:00:00+00:00,0.12286,0.12345,0.1228296,0.12294,2342443.272289239
2025-12-27 21:00:00+00:00,0.12294,0.12385,0.12292,0.12348,4818626.2152378
2025-12-27 22:00:00+00:00,0.1237,0.12459,0.12307,0.12319,7257748.509608717
2025-12-27 23:00:00+00:00,0.12321,0.12508,0.12321,0.12427,11513539.811014276
2025-12-28 00:00:00+00:00,0.12428,0.12476,0.1238999,0.12402,4165754.931269229
2025-12-28 01:00:00+00:00,0.12402,0.12432,0.12358,0.1237479,2201674.274675289
2025-12-28 02:00:00+00:00,0.12373,0.12437,0.12367,0.12397,2290808.1982766003
2025-12-28 03:00:00+00:00,0.12397,0.12422,0.12386,0.12404,1359831.1880064595
2025-12-28 04:00:00+00:00,0.12403,0.12431,0.1239,0.12392,2007996.6417251404
2025-12-28 05:00:00+00:00,0.12394,0.12417,0.12367,0.12381,2323923.05006205
2025-12-28 06:00:00+00:00,0.1238017,0.12444,0.1237343,0.1240847,3571318.92504719
2025-12-28 07:00:00+00:00,0.1240927,0.12445,0.123979,0.12405,1037860.8516917098
2025-12-28 08:00:00+00:00,0.1240771,0.12452,0.12381,0.1239372,1184885.6063720998
2025-12-28 09:00:00+00:00,0.1239585,0.12409,0.1232236,0.1236,9022432.741687356
2025-12-28 10:00:00+00:00,0.12361,0.12428,0.12358,0.12377,3338221.421914821
2025-12-28 11:00:00+00:00,0.1238,0.12423,0.12365,0.12386,1104249.5945814005
2025-12-28 12:00:00+00:00,0.12387,0.12427,0.12372,0.1238317,1169619.7045260998
2025-12-28 13:00:00+00:00,0.12386,0.12428,0.12382,0.12407,2968245.5282180705
2025-12-28 14:00:00+00:00,0.12407,0.1249,0.12402,0.1244065,2239521.5876646503
2025-12-28 15:00:00+00:00,0.12436,0.12503,0.1241,0.12416,1909703.08344358
2025-12-28 16:00:00+00:00,0.12417,0.1247,0.12394,0.1240665,2123774.72274808
2025-12-28 17:00:00+00:00,0.1240538,0.1246,0.12402,0.12413,2540320.2794022
2025-12-28 18:00:00+00:00,0.12413,0.12429,0.12303,0.12328,6905125.833510597
2025-12-28 19:00:00+00:00,0.1232632,0.12389,0.1231,0.12356,2103576.754732439
2025-12-28 20:00:00+00:00,0.12334,0.12366,0.12307,0.12311,2331631.34271079
2025-12-28 21:00:00+00:00,0.12311,0.12357,0.12269,0.1233129,3931780.9823981808
2025-12-28 22:00:00+00:00,0.1233832,0.12415,0.12286,0.12385,4807661.971409489
2025-12-28 23:00:00+00:00,0.12388,0.1242,0.12315,0.12383,3067536.444292491
2025-12-29 00:00:00+00:00,0.12384,0.12586,0.12366,0.12505,12316168.70734528
2025-12-29 01:00:00+00:00,0.12504,0.12611,0.1242891,0.12565,7006630.461082486
2025-12-29 02:00:00+00:00,0.12566,0.12717,0.12566,0.12625,15741426.316482792
2025-12-29 03:00:00+00:00,0.12628,0.12785,0.12617,0.12732,9713347.066849718
2025-12-29 04:00:00+00:00,0.1273296,0.12802,0.12716,0.12723,7357551.996032041
2025-12-29 05:00:00+00:00,0.12724,0.12762,0.12668,0.12674,4743733.305651181
2025-12-29 06:00:00+00:00,0.1267301,0.12715,0.12645,0.12683,2980655.339324069
2025-12-29 07:00:00+00:00,0.126776,0.12721,0.12611,0.12699,4544623.234943939
2025-12-29 08:00:00+00:00,0.1269826,0.1272,0.12635,0.1265012,2378343.66630888
2025-12-29 09:00:00+00:00,0.12652,0.12678,0.12419,0.12479,11579125.522975847
2025-12-29 10:00:00+00:00,0.12477,0.1258,0.1246457,0.12513,3457538.0347938985
2025-12-29 11:00:00+00:00,0.12511,0.12553,0.12473,0.12473,1764595.6180265294
2025-12-29 12:00:00+00:00,0.12474,0.12486,0.12234,0.12377,14846836.5661655
2025-12-29 13:00:00+00:00,0.12375,0.12405,0.12298,0.1234,5265218.372131169
2025-12-29 14:00:00+00:00,0.1234216,0.12477,0.12308,0.12353,15544952.9308883
2025-12-29 15:00:00+00:00,0.12355,0.1248,0.1234,0.12397,6179421.96308344
2025-12-29 16:00:00+00:00,0.123991,0.12408,0.12313,0.1235,6890629.453703441
2025-12-29 17:00:00+00:00,0.12353,0.12406,0.1231,0.12389,4603552.750272851
2025-12-29 18:00:00+00:00,0.12387,0.12411,0.1225799,0.1229012,12185653.410425318
2025-12-29 19:00:00+00:00,0.1228603,0.12343,0.12266,0.12271,8333849.815776508
2025-12-29 20:00:00+00:00,0.12271,0.12302,0.12212,0.12232,8506635.606583422
2025-12-29 21:00:00+00:00,0.12246,0.12287,0.12223,0.12277,3120403.8542903704
2025-12-29 22:00:00+00:00,0.12274,0.12325,0.12223,0.12274,4137359.703691158
2025-12-29 23:00:00+00:00,0.12275,0.12313,0.1225666,0.1227235,3958523.34486276
2025-12-30 00:00:00+00:00,0.1227,0.12304,0.1224094,0.12272,3346359.566932491
2025-12-30 01:00:00+00:00,0.1227,0.12303,0.12238,0.12274,2636061.115984791
2025-12-30 02:00:00+00:00,0.12275,0.12294,0.12222,0.12256,3018146.621492081
2025-12-30 03:00:00+00:00,0.12252,0.12371,0.12231,0.12333,4895692.016442267
2025-12-30 04:00:00+00:00,0.1233041,0.12362,0.12306,0.12332,2826120.30295127
2025-12-30 05:00:00+00:00,0.12331,0.12344,0.1227149,0.12279,1657231.2760262394
2025-12-30 06:00:00+00:00,0.1228243,0.12357,0.12274,0.1231126,2426435.04970529
2025-12-30 07:00:00+00:00,0.1231253,0.12379,0.1230634,0.1235375,8457893.21334916
2025-12-30 08:00:00+00:00,0.1235512,0.12481,0.12354,0.12439,17796197.605744105
2025-12-30 09:00:00+00:00,0.12438,0.12483,0.12414,0.12442,3589448.7240769505
2025-12-30 10:00:00+00:00,0.12444,0.12515,0.12437,0.124384,7552458.545233002
2025-12-30 11:00:00+00:00,0.12437,0.12498,0.12424,0.12442,11533206.665656803
2025-12-30 12:00:00+00:00,0.12441,0.12478,0.12342,0.12358,21444718.924651545
2025-12-30 13:00:00+00:00,0.12358,0.12432,0.1234,0.12403,6564649.886353655
2025-12-30 14:00:00+00:00,0.12402,0.1254,0.12301,0.1247,15281183.157961346
2025-12-30 15:00:00+00:00,0.1247,0.12509,0.12369,0.12444,8995549.602303151
2025-12-30 16:00:00+00:00,0.12445,0.12492,0.12378,0.1240441,5529151.688343772
2025-12-30 17:00:00+00:00,0.12403,0.12442,0.12326,0.12361,5471637.550500244
2025-12-30 18:00:00+00:00,0.1236,0.12385,0.12295,0.12328,6090762.247435689
2025-12-30 19:00:00+00:00,0.1232595,0.12354,0.12252,0.1231861,12144044.88720331
2025-12-30 20:00:00+00:00,0.123186,0.12334,0.12242,0.12253,5338258.15996024
2025-12-30 21:00:00+00:00,0.12251,0.12295,0.12233,0.12271,8254905.135420179
2025-12-30 22:00:00+00:00,0.12272,0.12337,0.12264,0.12312,3758976.3245056905
2025-12-30 23:00:00+00:00,0.12309,0.12347,0.12294,0.12321,2771434.08952537
2025-12-31 00:00:00+00:00,0.12319,0.12341,0.12276,0.12286,2929658.04212626
2025-12-31 01:00:00+00:00,0.12285,0.1238,0.12278,0.12316,5952575.80240078
2025-12-31 02:00:00+00:00,0.12315,0.12362,0.12289,0.1233843,3894679.5477017
2025-12-31 03:00:00+00:00,0.1233992,0.12367,0.12284,0.12297,4518664.310328141
2025-12-31 04:00:00+00:00,0.12298,0.12328,0.1228,0.12302,2852127.266148809
2025-12-31 05:00:00+00:00,0.12283,0.12331,0.12283,0.12301,3598393.41200768
2025-12-31 06:00:00+00:00,0.1229996,0.12321,0.1228795,0.12291,1765709.6312734296
2025-12-31 07:00:00+00:00,0.1229154,0.12334,0.12274,0.12322,3149135.68440258
2025-12-31 08:00:00+00:00,0.12321,0.12377,0.12281,0.12292,2308393.936657381
2025-12-31 09:00:00+00:00,0.12292,0.12329,0.1228,0.122968,5945122.909310618
2025-12-31 10:00:00+00:00,0.12298,0.12328,0.12266,0.1228761,14953065.177848889
2025-12-31 11:00:00+00:00,0.12291,0.12359,0.12283,0.1232639,3771050.9566119513
2025-12-31 12:00:00+00:00,0.12326,0.1234,0.12274,0.1228263,2618158.7549058893
2025-12-31 13:00:00+00:00,0.12285,0.1233,0.12266,0.12306,4279918.13841802
2025-12-31 14:00:00+00:00,0.12305,0.12394,0.1225862,0.12287,13341416.086637828
2025-12-31 15:00:00+00:00,0.12279,0.12304,0.1204,0.121,29732386.146274712
2025-12-31 16:00:00+00:00,0.12101,0.12135,0.115612,0.11881,52720960.53369353
2025-12-31 17:00:00+00:00,0.1188,0.11906,0.11777,0.11784,24477062.610017344
2025-12-31 18:00:00+00:00,0.11782,0.11839,0.11695,0.11705,20777527.66651928
2025-12-31 19:00:00+00:00,0.11705,0.11768,0.11695,0.11709,23564067.95013633
2025-12-31 20:00:00+00:00,0.11709,0.11746,0.11592,0.11695,28129581.75974284
2025-12-31 21:00:00+00:00,0.11696,0.11774,0.11692,0.11732,13233763.034253832
2025-12-31 22:00:00+00:00,0.11731,0.11791,0.11683,0.11751,15603612.035395663
2025-12-31 23:00:00+00:00,0.11748,0.11776,0.11705,0.11725,10869852.453776335
2026-01-01 00:00:00+00:00,0.11726,0.11808,0.11722,0.1177205,8724650.21978409
2026-01-01 01:00:00+00:00,0.1177205,0.11876,0.11772,0.11834,10705831.25414563
2026-01-01 02:00:00+00:00,0.11835,0.11881,0.11813,0.11836,5425993.120214941
2026-01-01 03:00:00+00:00,0.11837,0.11871,0.11796,0.11806,9972308.892787762
2026-01-01 04:00:00+00:00,0.1180993,0.11848,0.11773,0.1178,10883289.857539527
2026-01-01 05:00:00+00:00,0.1177834,0.11876,0.1177807,0.11832,6630362.331521701
2026-01-01 06:00:00+00:00,0.1183394,0.11866,0.11809,0.11827,6533050.55593442
2026-01-01 07:00:00+00:00,0.1182645,0.11866,0.1181719,0.1182369,4279287.73890448
2026-01-01 08:00:00+00:00,0.1182309,0.12046,0.11817,0.1201779,17417061.10245143
2026-01-01 09:00:00+00:00,0.12016,0.1212,0.12003,0.12018,34788002.80556864
2026-01-01 10:00:00+00:00,0.1202,0.12081,0.12004,0.1203485,1669877.9007219805
2026-01-01 11:00:00+00:00,0.1203806,0.12084,0.1202132,0.1204624,362248.3031813701
2026-01-01 12:00:00+00:00,0.12075,0.12085,0.1202946,0.1204658,75519.04249610999
2026-01-01 13:00:00+00:00,0.1204084,0.12112,0.1203845,0.1206407,315494.19174180995
2026-01-01 14:00:00+00:00,0.12088,0.12111,0.1201519,0.1205824,1372069.30961892
2026-01-01 15:00:00+00:00,0.1206615,0.1273323,0.1205268,0.1245228,21154640.7779707
2026-01-01 16:00:00+00:00,0.12482,0.12567,0.1234867,0.1242133,16751699.486458406
2026-01-01 17:00:00+00:00,0.1242034,0.12552,0.124124,0.1247426,7501259.597800381
2026-01-01 18:00:00+00:00,0.1247557,0.1253,0.1243724,0.12482,9029422.364790076
2026-01-01 19:00:00+00:00,0.12493,0.12592,0.124544,0.12589,1826083.054524529
2026-01-01 20:00:00+00:00,0.1256622,0.12652,0.1252977,0.1259455,11799112.841025015
2026-01-01 21:00:00+00:00,0.12617,0.12643,0.1255381,0.1261,2411438.64004279
2026-01-01 22:00:00+00:00,0.1261,0.12697,0.1260869,0.1264446,2070470.127075929
2026-01-01 23:00:00+00:00,0.1266829,0.12722,0.1262271,0.1266515,2094240.5836025807
2026-01-02 00:00:00+00:00,0.12666,0.12678,0.12575,0.12629,4999329.13230913
2026-01-02 01:00:00+00:00,0.1263,0.12694,0.12609,0.12647,4711116.52228355
2026-01-02 02:00:00+00:00,0.12646,0.1271,0.12608,0.1267,2463698.387067141
2026-01-02 03:00:00+00:00,0.12669,0.12936,0.1263875,0.12847,18508018.76897185
2026-01-02 04:00:00+00:00,0.12848,0.12906,0.12766,0.12814,11665329.66692688
2026-01-02 05:00:00+00:00,0.12815,0.12833,0.12732,0.1279322,7161519.677612859
2026-01-02 06:00:00+00:00,0.1279331,0.12886,0.1279331,0.12842,5923475.058719037
2026-01-02 07:00:00+00:00,0.1284359,0.1287,0.12752,0.12777,3939032.911417319
2026-01-02 08:00:00+00:00,0.12776,0.12897,0.1277354,0.12867,9380059.062103638
2026-01-02 09:00:00+00:00,0.12871,0.13462,0.1285,0.1326,28422361.68701241
2026-01-02 10:00:00+00:00,0.1326,0.13348,0.1318405,0.13288,41492466.75745259
2026-01-02 11:00:00+00:00,0.1329,0.133,0.12841,0.12933,47385167.92685645
2026-01-02 12:00:00+00:00,0.12933,0.13177,0.12914,0.13126,19389644.63878142
2026-01-02 13:00:00+00:00,0.13124,0.13246,0.13104,0.13156,20845869.117057867
2026-01-02 14:00:00+00:00,0.131574,0.13564,0.12942,0.13391,80453917.38109544
2026-01-02 15:00:00+00:00,0.1341,0.13628,0.13299,0.13518,35715944.9572921
2026-01-02 16:00:00+00:00,0.13515,0.1384727,0.13473,0.13827,54650276.462102674
2026-01-02 17:00:00+00:00,0.1382429,0.13986,0.13803,0.13928,45670923.57724344
2026-01-02 18:00:00+00:00,0.13923,0.14,0.1373475,0.1382293,24809959.994419623
2026-01-02 19:00:00+00:00,0.13823,0.13956,0.13812,0.13939,24724951.003151696
2026-01-02 20:00:00+00:00,0.1394,0.1404,0.1388124,0.13956,30767460.018976733
2026-01-02 21:00:00+00:00,0.13949,0.14251,0.13938,0.1413052,26640007.4267125
2026-01-02 22:00:00+00:00,0.14128,0.14486,0.1411519,0.1442327,84306680.00751898
2026-01-02 23:00:00+00:00,0.14422,0.14434,0.1414,0.14181,22144149.014062434
2026-01-03 00:00:00+00:00,0.14179,0.14324,0.14178,0.1419,17702868.263834596
2026-01-03 01:00:00+00:00,0.14185,0.14294,0.1416,0.1420818,9149998.077511672
2026-01-03 02:00:00+00:00,0.14208,0.14369,0.1411745,0.14344,16800366.634788286
2026-01-03 03:00:00+00:00,0.14345,0.14458,0.14289,0.14401,10654037.052761449
2026-01-03 04:00:00+00:00,0.144,0.14427,0.14257,0.14276,8571772.359817209
2026-01-03 05:00:00+00:00,0.14277,0.14329,0.14204,0.1428878,10463542.67615342
2026-01-03 06:00:00+00:00,0.1428878,0.14386,0.14119,0.14195,14575569.289061278
2026-01-03 07:00:00+00:00,0.1419205,0.14216,0.13895,0.13992,24671172.1690613
2026-01-03 08:00:00+00:00,0.1399195,0.14153,0.13928,0.1408009,14515550.371310938
2026-01-03 09:00:00+00:00,0.14083,0.14318,0.1403,0.1425396,20038151.22206834
2026-01-03 10:00:00+00:00,0.14255,0.1432,0.1423793,0.14261,16130840.853889355
2026-01-03 11:00:00+00:00,0.14267,0.14278,0.14211,0.14243,5222835.456908193
2026-01-03 12:00:00+00:00,0.1424154,0.14304,0.14217,0.14254,7880642.325355836
2026-01-03 13:00:00+00:00,0.14252,0.14312,0.14237,0.14284,6233877.636063678
2026-01-03 14:00:00+00:00,0.142834,0.14341,0.1421358,0.1424118,8643080.751051085
2026-01-03 15:00:00+00:00,0.14241,0.14271,0.14207,0.1421412,5028475.859164539
2026-01-03 16:00:00+00:00,0.14214,0.14229,0.14081,0.14109,19427974.269829784
2026-01-03 17:00:00+00:00,0.14108,0.14176,0.14069,0.1414921,6178491.36009286
2026-01-03 18:00:00+00:00,0.14145,0.14232,0.1412401,0.14174,4225139.288122606
2026-01-03 19:00:00+00:00,0.1417,0.14173,0.14134,0.141584,3194292.20348125
2026-01-03 20:00:00+00:00,0.14159,0.14252,0.14114,0.14221,7389553.6146219
2026-01-03 21:00:00+00:00,0.14223,0.14285,0.1419627,0.14232,9176759.491833717
2026-01-03 22:00:00+00:00,0.1423031,0.14308,0.14202,0.14267,6039773.8103141375
2026-01-03 23:00:00+00:00,0.1427,0.14366,0.1426308,0.14308,10463480.674448518
2026-01-04 00:00:00+00:00,0.14303,0.14704,0.14269,0.1463121,18161546.70229942
2026-01-04 01:00:00+00:00,0.1462497,0.14656,0.14481,0.14651,4131334.6890842905
2026-01-04 02:00:00+00:00,0.146467,0.14746,0.1460186,0.1470811,5426250.063971831
2026-01-04 03:00:00+00:00,0.1470816,0.1518082,0.14669,0.1509144,17606617.04672163
2026-01-04 04:00:00+00:00,0.15082,0.1532,0.1506947,0.15193,13065269.796083303
2026-01-04 05:00:00+00:00,0.15199,0.1528651,0.1512897,0.152687,6572269.382560312
2026-01-04 06:00:00+00:00,0.1526866,0.15409,0.1494,0.1503243,12783019.665137324
2026-01-04 07:00:00+00:00,0.1503365,0.15191,0.15016,0.15139,7434859.346198161
2026-01-04 08:00:00+00:00,0.1514453,0.1523188,0.1505486,0.1521404,5423783.06654194
2026-01-04 09:00:00+00:00,0.1521071,0.15266,0.15124,0.1521077,3084519.1422204818
2026-01-04 10:00:00+00:00,0.1520679,0.1526996,0.1519228,0.1522388,3134016.33518454
2026-01-04 11:00:00+00:00,0.1522241,0.1522241,0.15101,0.15183,1996588.2809692093
2026-01-04 12:00:00+00:00,0.15174,0.15417,0.15146,0.1528599,2911586.33716406
2026-01-04 13:00:00+00:00,0.1528246,0.15316,0.15166,0.152085,2952839.26388836
2026-01-04 14:00:00+00:00,0.15209,0.15246,0.15033,0.1513472,5176150.525855992
2026-01-04 15:00:00+00:00,0.1511618,0.15172,0.15027,0.1514018,2090245.514515081
2026-01-04 16:00:00+00:00,0.1514,0.15207,0.15045,0.1518587,4696393.128032441
2026-01-04 17:00:00+00:00,0.1517033,0.15269,0.1517033,0.1521002,2218939.1873917603
2026-01-04 18:00:00+00:00,0.15207,0.1521072,0.1507,0.1516306,3653402.40339556
2026-01-04 19:00:00+00:00,0.15158,0.1516963,0.14759,0.14974,13894789.587039843
2026-01-04 20:00:00+00:00,0.1497814,0.1505934,0.1495603,0.149786,2071828.5639616
2026-01-04 21:00:00+00:00,0.1498002,0.15059,0.14877,0.14922,1187808.78782548
2026-01-04 22:00:00+00:00,0.149232,0.1497855,0.14856,0.1491,1463491.1154637504
2026-01-04 23:00:00+00:00,0.14888,0.1501399,0.14865,0.1494714,2392691.454290531
2026-01-05 00:00:00+00:00,0.1494709,0.1512587,0.14867,0.15027,4835391.680985711
2026-01-05 01:00:00+00:00,0.1504118,0.1523561,0.1498643,0.1516822,5046328.601522351
2026-01-05 02:00:00+00:00,0.1517986,0.1520797,0.15031,0.15171,3722828.202730371
2026-01-05 03:00:00+00:00,0.1518413,0.1521124,0.15129,0.1514923,1932963.75495896
2026-01-05 04:00:00+00:00,0.1514923,0.1516291,0.14857,0.1505978,5228699.659132988
2026-01-05 05:00:00+00:00,0.15049,0.1509454,0.15005,0.15005,839025.6579275702
2026-01-05 06:00:00+00:00,0.1501235,0.1509406,0.14913,0.1504668,1022505.43142542
2026-01-05 07:00:00+00:00,0.1504695,0.1507054,0.14976,0.1499212,285787.65859759005
2026-01-05 08:00:00+00:00,0.1498099,0.1506386,0.14907,0.14907,1221713.50857543
2026-01-05 09:00:00+00:00,0.14911,0.1491658,0.14611,0.146843,4192336.24899212
2026-01-05 10:00:00+00:00,0.1468627,0.1481471,0.1456,0.147141,4523585.917476759
2026-01-05 11:00:00+00:00,0.1469196,0.1477676,0.14662,0.1476679,870711.0348660403
2026-01-05 12:00:00+00:00,0.14753,0.1477552,0.14677,0.1473002,1916662.64665868
2026-01-05 13:00:00+00:00,0.1472596,0.1479283,0.14631,0.1468798,2622306.508192601
2026-01-05 14:00:00+00:00,0.14679,0.14868,0.146,0.1481977,6267662.424105727
2026-01-05 15:00:00+00:00,0.1483123,0.1493422,0.14637,0.1487,7395756.2967308
2026-01-05 16:00:00+00:00,0.1487848,0.15132,0.14831,0.1504137,6121794.145192781
2026-01-05 17:00:00+00:00,0.1504334,0.1537,0.14869,0.1529478,18998753.63427928
2026-01-05 18:00:00+00:00,0.15278,0.1529912,0.15072,0.152276,5880076.652059023
2026-01-05 19:00:00+00:00,0.15203,0.1529131,0.15111,0.1517609,5276229.302048998
2026-01-05 20:00:00+00:00,0.1515,0.1541654,0.15063,0.1514382,2972580.60673404
2026-01-05 21:00:00+00:00,0.1514599,0.15316,0.15097,0.151824,5124110.313346111
2026-01-05 22:00:00+00:00,0.1517544,0.1530936,0.1511281,0.1526563,6003075.05600947
2026-01-05 23:00:00+00:00,0.1525191,0.1528594,0.15147,0.1517094,724577.3233740096
2026-01-06 00:00:00+00:00,0.1517,0.15211,0.14894,0.15179,24769513.88374886
2026-01-06 01:00:00+00:00,0.15197,0.15442,0.15108,0.15146,31350029.96422322
2026-01-06 02:00:00+00:00,0.15149,0.15285,0.15116,0.15153,10962834.593979472
2026-01-06 03:00:00+00:00,0.1515433,0.15313,0.15077,0.15282,14591919.724836238
2026-01-06 04:00:00+00:00,0.15278,0.15289,0.1517,0.15184,8007503.114265827
2026-01-06 05:00:00+00:00,0.15184,0.15205,0.1509,0.15143,15745808.899102353
2026-01-06 06:00:00+00:00,0.1514109,0.15239,0.15036,0.15109,12980754.876098078
2026-01-06 07:00:00+00:00,0.1511001,0.15116,0.14896,0.14952,11933883.83166388
2026-01-06 08:00:00+00:00,0.1495175,0.15037,0.14937,0.14964,5663742.36014954
2026-01-06 09:00:00+00:00,0.14963,0.15082,0.14936,0.150543,6034727.992402599
2026-01-06 10:00:00+00:00,0.15053,0.15082,0.14995,0.1506025,6647281.440190412
2026-01-06 11:00:00+00:00,0.1506,0.15084,0.15017,0.15042,8852174.876927817
2026-01-06 12:00:00+00:00,0.1504,0.1521848,0.15003,0.15166,13700318.79332284
2026-01-06 13:00:00+00:00,0.15174,0.152,0.15111,0.15155,8622142.951078424
2026-01-06 14:00:00+00:00,0.15144,0.15661,0.15138,0.1525636,52306481.188310616
2026-01-06 15:00:00+00:00,0.15255,0.15348,0.14899,0.14994,35904853.59742548
2026-01-06 16:00:00+00:00,0.14994,0.1503,0.14411,0.14549,61168378.82979371
2026-01-06 17:00:00+00:00,0.14548,0.14676,0.14339,0.1440581,30955587.590426706
2026-01-06 18:00:00+00:00,0.14408,0.14607,0.14359,0.14546,12078366.248746388
2026-01-06 19:00:00+00:00,0.1455,0.14592,0.14517,0.14578,10321105.83681088
2026-01-06 20:00:00+00:00,0.1457866,0.14736,0.14577,0.14714,10120393.180636888
2026-01-06 21:00:00+00:00,0.14713,0.15076,0.1466,0.14961,18752641.70177465
2026-01-06 22:00:00+00:00,0.14951,0.15067,0.14942,0.14986,9734040.6367795
2026-01-06 23:00:00+00:00,0.14989,0.15094,0.14969,0.15049,6987726.405301311
2026-01-07 00:00:00+00:00,0.15048,0.15048,0.14786,0.14811,10261241.86735946
2026-01-07 01:00:00+00:00,0.14813,0.1486691,0.147,0.1475606,11092862.715872329
2026-01-07 02:00:00+00:00,0.1475152,0.14849,0.14673,0.1483,13760585.883261029
2026-01-07 03:00:00+00:00,0.14844,0.14924,0.14801,0.14828,7166677.23548096
2026-01-07 04:00:00+00:00,0.14828,0.14865,0.14751,0.14803,6011030.221471304
2026-01-07 05:00:00+00:00,0.14813,0.14843,0.14716,0.1475432,6985105.891396519
2026-01-07 06:00:00+00:00,0.1475282,0.14854,0.14745,0.1480788,3773822.203585611
2026-01-07 07:00:00+00:00,0.1480959,0.14908,0.14791,0.1488869,3277045.8951550205
2026-01-07 08:00:00+00:00,0.14895,0.1539461,0.14891,0.1533,47001095.800753
2026-01-07 09:00:00+00:00,0.1533,0.1533276,0.14814,0.14841,25511457.49333044
2026-01-07 10:00:00+00:00,0.14838,0.14887,0.1474,0.14826,10002380.192950511
2026-01-07 11:00:00+00:00,0.14824,0.14948,0.14819,0.14877,9857731.13631474
2026-01-07 12:00:00+00:00,0.14877,0.14888,0.1477977,0.1479477,8673734.703911413
2026-01-07 13:00:00+00:00,0.14794,0.14877,0.14734,0.14766,8798089.329588598
2026-01-07 14:00:00+00:00,0.14766,0.14815,0.145,0.14763,28099298.30338458
2026-01-07 15:00:00+00:00,0.14764,0.1478,0.14476,0.14599,23765006.674228963
2026-01-07 16:00:00+00:00,0.1459617,0.14783,0.14591,0.14762,19303705.67208886
2026-01-07 17:00:00+00:00,0.14749,0.14843,0.14665,0.14692,19427122.43989572
2026-01-07 18:00:00+00:00,0.14691,0.14735,0.14592,0.1464,14336740.922514573
2026-01-07 19:00:00+00:00,0.1464,0.14714,0.14535,0.14643,12550581.606558165
2026-01-07 20:00:00+00:00,0.14662,0.14687,0.14537,0.14609,10380775.570350405
2026-01-07 21:00:00+00:00,0.1460995,0.14698,0.1460818,0.1463,8487379.339984493
2026-01-07 22:00:00+00:00,0.1462969,0.14724,0.14539,0.14601,8513202.088695977
2026-01-07 23:00:00+00:00,0.146,0.14716,0.14532,0.14638,9737089.894540325
2026-01-08 00:00:00+00:00,0.14627,0.14746,0.14565,0.14704,8003097.545029741
2026-01-08 01:00:00+00:00,0.14707,0.14767,0.14639,0.14736,4473490.823032809
2026-01-08 02:00:00+00:00,0.14728,0.14764,0.1455,0.14588,8776190.783641512
2026-01-08 03:00:00+00:00,0.14584,0.14653,0.14446,0.14518,8562310.322336143
2026-01-08 04:00:00+00:00,0.14506,0.14737,0.14472,0.1467396,6102655.511333013
2026-01-08 05:00:00+00:00,0.14675,0.14728,0.1452,0.14542,6645996.18605965
2026-01-08 06:00:00+00:00,0.1454423,0.14573,0.14219,0.14229,22418670.456258714
2026-01-08 07:00:00+00:00,0.1423268,0.14403,0.14109,0.1437699,14700652.270629564
2026-01-08 08:00:00+00:00,0.14381,0.14478,0.14304,0.14333,6651139.79605603
2026-01-08 09:00:00+00:00,0.14334,0.14389,0.1421,0.1422,4358140.68222862
2026-01-08 10:00:00+00:00,0.14219,0.14333,0.1412015,0.14287,24441127.08778128
2026-01-08 11:00:00+00:00,0.14286,0.14307,0.13783,0.14079,57923662.43158548
2026-01-08 12:00:00+00:00,0.14078,0.14087,0.13886,0.13934,43766759.983998254
2026-01-08 13:00:00+00:00,0.13933,0.14021,0.13911,0.13954,7069239.898191789
2026-01-08 14:00:00+00:00,0.13953,0.14011,0.13811,0.13952,16377775.47523364
2026-01-08 15:00:00+00:00,0.13953,0.14204,0.13885,0.14174,20833579.210234705
2026-01-08 16:00:00+00:00,0.14171,0.14239,0.14044,0.14227,14883138.96347848
2026-01-08 17:00:00+00:00,0.14229,0.14317,0.14152,0.14297,15932422.69562968
2026-01-08 18:00:00+00:00,0.1429386,0.14307,0.1417,0.14201,11087278.926336866
2026-01-08 19:00:00+00:00,0.14202,0.14285,0.14158,0.14176,5736103.638165202
2026-01-08 20:00:00+00:00,0.14185,0.14217,0.14079,0.14191,9437077.14715505
2026-01-08 21:00:00+00:00,0.14194,0.14304,0.14187,0.14274,4392262.86665769
2026-01-08 22:00:00+00:00,0.14277,0.14343,0.14166,0.14236,17296373.534863185
2026-01-08 23:00:00+00:00,0.14238,0.14286,0.141816,0.1418284,3237554.6339100804
2026-01-09 00:00:00+00:00,0.1418337,0.14255,0.14182,0.1424,2225223.4138785508
2026-01-09 01:00:00+00:00,0.1424,0.14368,0.14101,0.14174,15962149.066096175
2026-01-09 02:00:00+00:00,0.14174,0.1433,0.14171,0.14185,6888812.779657359
2026-01-09 03:00:00+00:00,0.14185,0.14304,0.14168,0.14286,3491037.8368288614
2026-01-09 04:00:00+00:00,0.1429072,0.14306,0.14202,0.14223,4161285.1170800384
2026-01-09 05:00:00+00:00,0.14226,0.14294,0.14206,0.14276,4815193.225990541
2026-01-09 06:00:00+00:00,0.1427591,0.1431,0.14237,0.14297,5481897.4050721
2026-01-09 07:00:00+00:00,0.1429658,0.14305,0.14175,0.1418,20927937.85622618
2026-01-09 08:00:00+00:00,0.14182,0.14201,0.1387,0.1395,18232649.46212341
2026-01-09 09:00:00+00:00,0.1395024,0.14097,0.1394925,0.1405195,5129292.3171973
2026-01-09 10:00:00+00:00,0.1405251,0.14104,0.14024,0.1406928,3238657.0562968
2026-01-09 11:00:00+00:00,0.14072,0.14095,0.14,0.14017,5766184.049836681
2026-01-09 12:00:00+00:00,0.14016,0.14044,0.13958,0.13988,4573485.579724321
2026-01-09 13:00:00+00:00,0.13981,0.14155,0.1397693,0.14038,16289816.08044022
2026-01-09 14:00:00+00:00,0.1403523,0.14044,0.13843,0.13877,20826542.404368903
2026-01-09 15:00:00+00:00,0.13876,0.14473,0.13812,0.14197,55338698.4362594
2026-01-09 16:00:00+00:00,0.1419958,0.14416,0.14189,0.14363,19324626.400240283
2026-01-09 17:00:00+00:00,0.14352,0.14371,0.14102,0.14237,16345781.73679479
2026-01-09 18:00:00+00:00,0.14234,0.14258,0.139,0.14035,16185214.505154258
2026-01-09 19:00:00+00:00,0.14032,0.14034,0.13879,0.13936,11003650.98771773
2026-01-09 20:00:00+00:00,0.13936,0.14026,0.1391799,0.13977,10341748.796863798
2026-01-09 21:00:00+00:00,0.13972,0.1409,0.13939,0.14069,7830455.21447038
2026-01-09 22:00:00+00:00,0.14065,0.1411,0.14,0.14082,4622874.350075659
2026-01-09 23:00:00+00:00,0.14083,0.14107,0.14032,0.14051,3598342.54764343
2026-01-10 00:00:00+00:00,0.14051,0.14071,0.13994,0.14009,3605350.270058458
2026-01-10 01:00:00+00:00,0.14009,0.14048,0.13984,0.1401506,2531238.23810073
2026-01-10 02:00:00+00:00,0.14014,0.14068,0.13956,0.14007,4232857.5139962
2026-01-10 03:00:00+00:00,0.14006,0.14044,0.13954,0.1400811,3622904.4965681233
2026-01-10 04:00:00+00:00,0.1401,0.14044,0.13944,0.14001,2804472.16791665
2026-01-10 05:00:00+00:00,0.14,0.14052,0.13984,0.13992,1116954.5244541
2026-01-10 06:00:00+00:00,0.1398856,0.14015,0.13929,0.13972,2357338.393851429
2026-01-10 07:00:00+00:00,0.1397186,0.14055,0.13966,0.1402043,3196602.7853315105
2026-01-10 08:00:00+00:00,0.1402004,0.14041,0.13932,0.13964,8957027.791199796
2026-01-10 09:00:00+00:00,0.13962,0.14031,0.13952,0.13998,4779444.0001208
2026-01-10 10:00:00+00:00,0.1400091,0.14053,0.13988,0.14029,3320302.01885682
2026-01-10 11:00:00+00:00,0.14029,0.1403278,0.13962,0.13983,11441851.801847294
2026-01-10 12:00:00+00:00,0.13983,0.14019,0.13971,0.14001,5435760.113324505
2026-01-10 13:00:00+00:00,0.14,0.1404,0.13966,0.13994,3798420.13371522
2026-01-10 14:00:00+00:00,0.13996,0.1401,0.13944,0.1397044,4849027.139608388
2026-01-10 15:00:00+00:00,0.13973,0.14022,0.13967,0.1397909,2579690.39814093
2026-01-10 16:00:00+00:00,0.13979,0.14021,0.13953,0.13984,2772135.4675508603
2026-01-10 17:00:00+00:00,0.13985,0.14025,0.13951,0.1395475,3810680.3890783
2026-01-10 18:00:00+00:00,0.13961,0.14015,0.13935,0.13978,3398022.819520769
2026-01-10 19:00:00+00:00,0.1397853,0.14029,0.13969,0.14014,2266920.060965732
2026-01-10 20:00:00+00:00,0.14015,0.14047,0.13982,0.13984,1514922.08808341
2026-01-10 21:00:00+00:00,0.13984,0.14006,0.13958,0.13969,4349112.887638739
2026-01-10 22:00:00+00:00,0.13972,0.13981,0.1388789,0.1389905,6636938.27712687
2026-01-10 23:00:00+00:00,0.13897,0.13987,0.13892,0.13947,2679030.63559413
2026-01-11 00:00:00+00:00,0.13945,0.13956,0.13855,0.13878,21188323.924920466
2026-01-11 01:00:00+00:00,0.13874,0.13917,0.1383,0.1389,10685728.77552233
2026-01-11 02:00:00+00:00,0.13893,0.13944,0.13872,0.1389,3955553.1268208
2026-01-11 03:00:00+00:00,0.13892,0.13918,0.1387,0.13892,2735539.40077308
2026-01-11 04:00:00+00:00,0.13893,0.13924,0.13858,0.13899,6721299.15113842
2026-01-11 05:00:00+00:00,0.13899,0.13982,0.1388182,0.13936,7968471.918167188
2026-01-11 06:00:00+00:00,0.139363,0.13968,0.1388699,0.13951,4000298.37703429
2026-01-11 07:00:00+00:00,0.1395072,0.14,0.13931,0.1399,6472086.162857122
2026-01-11 08:00:00+00:00,0.1399,0.14029,0.13958,0.1400066,10910030.096433876
2026-01-11 09:00:00+00:00,0.1399984,0.14036,0.1396099,0.139811,3260805.0655482886
2026-01-11 10:00:00+00:00,0.13978,0.14019,0.13958,0.1397031,2492260.085837143
2026-01-11 11:00:00+00:00,0.13987,0.13987,0.13928,0.13952,2328947.05577222
2026-01-11 12:00:00+00:00,0.13954,0.14121,0.13945,0.14075,4751929.451910871
2026-01-11 13:00:00+00:00,0.14074,0.14089,0.14012,0.1402924,2665167.972855172
2026-01-11 14:00:00+00:00,0.1402847,0.14103,0.1402043,0.14078,2280016.98438722
2026-01-11 15:00:00+00:00,0.14078,0.14092,0.1366,0.138,31300631.626222868
2026-01-11 16:00:00+00:00,0.13811,0.13991,0.13787,0.13865,16038600.976411125
2026-01-11 17:00:00+00:00,0.1386456,0.13904,0.1376,0.1385631,7977439.003355521
2026-01-11 18:00:00+00:00,0.13862,0.13872,0.137693,0.13852,6274133.971937206
2026-01-11 19:00:00+00:00,0.1383178,0.13848,0.13706,0.1374507,6761900.500600739
2026-01-11 20:00:00+00:00,0.13738,0.13742,0.1356,0.13668,15625840.61104481
2026-01-11 21:00:00+00:00,0.13667,0.13777,0.13572,0.13742,21262440.73300054
2026-01-11 22:00:00+00:00,0.13742,0.13755,0.13618,0.13683,14877569.76424268
2026-01-11 23:00:00+00:00,0.13683,0.13812,0.13587,0.13782,7052485.4096041415
2026-01-12 00:00:00+00:00,0.137809,0.13876,0.13644,0.13876,8579393.249441858
2026-01-12 01:00:00+00:00,0.13852,0.13946,0.13822,0.139,11562512.577317351
2026-01-12 02:00:00+00:00,0.139,0.14211,0.1389,0.14135,18839615.627746902
2026-01-12 03:00:00+00:00,0.14137,0.14226,0.14007,0.14019,16879316.33661581
2026-01-12 04:00:00+00:00,0.14023,0.14098,0.13995,0.14061,7088142.55269954
2026-01-12 05:00:00+00:00,0.14062,0.14126,0.13988,0.14082,7007599.619905461
2026-01-12 06:00:00+00:00,0.1408173,0.14086,0.1393,0.1393847,7047867.70888428
2026-01-12 07:00:00+00:00,0.1393991,0.14017,0.13761,0.13778,8798593.88070807
2026-01-12 08:00:00+00:00,0.1378,0.13861,0.13542,0.13663,12275516.382035691
2026-01-12 09:00:00+00:00,0.13664,0.1371,0.1363,0.1365003,5559544.429714841
2026-01-12 10:00:00+00:00,0.13651,0.13712,0.136,0.13621,5251696.17185777
2026-01-12 11:00:00+00:00,0.13618,0.136856,0.13606,0.13661,4761172.507790789
2026-01-12 12:00:00+00:00,0.1365,0.13664,0.13605,0.13616,3316674.898715849
2026-01-12 13:00:00+00:00,0.13615,0.13638,0.13531,0.13594,10908504.47948161
2026-01-12 14:00:00+00:00,0.1359281,0.13727,0.1347,0.13664,12718219.846004292
2026-01-12 15:00:00+00:00,0.136667,0.13856,0.13613,0.13836,20077332.797443967
2026-01-12 16:00:00+00:00,0.13832,0.14013,0.1381,0.1392242,13536191.397172015
2026-01-12 17:00:00+00:00,0.1392258,0.13956,0.13676,0.13788,15429318.901244665
2026-01-12 18:00:00+00:00,0.13787,0.13892,0.13748,0.138,6893424.350724513
2026-01-12 19:00:00+00:00,0.13798,0.13833,0.13745,0.13819,4250119.063374968
2026-01-12 20:00:00+00:00,0.13816,0.13879,0.13706,0.13709,6365137.855908909
2026-01-12 21:00:00+00:00,0.13712,0.13718,0.13541,0.13603,10816962.816921065
2026-01-12 22:00:00+00:00,0.13605,0.13703,0.13596,0.1367954,15217506.574044898
2026-01-12 23:00:00+00:00,0.13679,0.13698,0.13617,0.13647,4522239.723618168
2026-01-13 00:00:00+00:00,0.13645,0.13699,0.13611,0.13683,15755179.663931698
2026-01-13 01:00:00+00:00,0.13682,0.13733,0.13613,0.1364939,3367794.5071060187
2026-01-13 02:00:00+00:00,0.1365,0.13729,0.13648,0.13661,4324041.655383012
2026-01-13 03:00:00+00:00,0.13669,0.13728,0.13636,0.13695,3421678.71800796
2026-01-13 04:00:00+00:00,0.13695,0.13784,0.13695,0.1376713,7413950.785641574
2026-01-13 05:00:00+00:00,0.1377,0.13943,0.13765,0.13876,6410964.657015782
2026-01-13 06:00:00+00:00,0.1387628,0.13949,0.13846,0.13888,9397822.420010878
2026-01-13 07:00:00+00:00,0.1388753,0.13897,0.13825,0.1384753,2335556.6423657206
2026-01-13 08:00:00+00:00,0.13849,0.13993,0.13846,0.13955,6437100.477296411
2026-01-13 09:00:00+00:00,0.13956,0.14018,0.13902,0.13948,11713655.036108317
2026-01-13 10:00:00+00:00,0.13949,0.14012,0.1391,0.1392109,3098714.41740514
2026-01-13 11:00:00+00:00,0.13922,0.13928,0.13875,0.138895,4084669.146566279
2026-01-13 12:00:00+00:00,0.13892,0.13952,0.13862,0.13935,3553873.0545595493
2026-01-13 13:00:00+00:00,0.139328,0.1407,0.13905,0.13948,17658281.140235454
2026-01-13 14:00:00+00:00,0.13947,0.14173,0.13878,0.14029,17629673.971886158
2026-01-13 15:00:00+00:00,0.14028,0.14223,0.13924,0.14204,24527807.083874185
2026-01-13 16:00:00+00:00,0.14204,0.14351,0.142,0.1428,25115707.616235323
2026-01-13 17:00:00+00:00,0.14279,0.14304,0.14175,0.14232,12142929.24803644
2026-01-13 18:00:00+00:00,0.14231,0.14375,0.14214,0.1431983,12088305.69416612
2026-01-13 19:00:00+00:00,0.1432,0.14472,0.14297,0.14434,12100733.436508564
2026-01-13 20:00:00+00:00,0.14435,0.14499,0.14344,0.14417,17695379.523191042
2026-01-13 21:00:00+00:00,0.1442,0.14483,0.14397,0.1445,12952432.859642103
2026-01-13 22:00:00+00:00,0.1445,0.15154,0.14436,0.1496,53492355.71965789
2026-01-13 23:00:00+00:00,0.14961,0.15087,0.14717,0.14798,31420952.11910068
2026-01-14 00:00:00+00:00,0.14819,0.14924,0.14782,0.14816,16659403.494170414
2026-01-14 01:00:00+00:00,0.14819,0.14863,0.14697,0.1476038,11115613.224101396
2026-01-14 02:00:00+00:00,0.14754,0.1488,0.14708,0.1482233,7413348.71285263
2026-01-14 03:00:00+00:00,0.14822,0.14965,0.14781,0.14953,7595318.460615909
2026-01-14 04:00:00+00:00,0.14952,0.14974,0.14828,0.14849,10161489.84878416
2026-01-14 05:00:00+00:00,0.14847,0.14847,0.14717,0.14763,7848635.461078792
2026-01-14 06:00:00+00:00,0.147631,0.14822,0.14658,0.1480899,8499859.93699032
2026-01-14 07:00:00+00:00,0.1480898,0.14867,0.14792,0.14839,6400386.393417679
2026-01-14 08:00:00+00:00,0.14839,0.14869,0.1478,0.1478,3119524.7122442294
2026-01-14 09:00:00+00:00,0.14775,0.14883,0.14775,0.14813,9554457.01211247
2026-01-14 10:00:00+00:00,0.14813,0.14823,0.14695,0.14731,6230914.57353277
2026-01-14 11:00:00+00:00,0.1473,0.1473066,0.14562,0.14592,6636044.811976852
2026-01-14 12:00:00+00:00,0.14592,0.14682,0.14575,0.1465689,4376010.378555871
2026-01-14 13:00:00+00:00,0.14657,0.14688,0.14551,0.14573,7234114.887109981
2026-01-14 14:00:00+00:00,0.14572,0.14941,0.14562,0.1483313,24441427.272046126
2026-01-14 15:00:00+00:00,0.1483314,0.14986,0.1473754,0.14893,32241783.750499632
2026-01-14 16:00:00+00:00,0.14896,0.15183,0.14886,0.14982,62041365.8724437
2026-01-14 17:00:00+00:00,0.14977,0.15047,0.14761,0.14799,20821861.910772927
2026-01-14 18:00:00+00:00,0.14797,0.14886,0.14616,0.14764,17350828.015459105
2026-01-14 19:00:00+00:00,0.14762,0.14951,0.14712,0.1478797,22855092.79226925
2026-01-14 20:00:00+00:00,0.14786,0.14913,0.14668,0.14721,15410532.238001889
2026-01-14 21:00:00+00:00,0.14727,0.14787,0.14657,0.14753,8167683.772225759
2026-01-14 22:00:00+00:00,0.14748,0.14765,0.14605,0.14661,7266287.4880873505
2026-01-14 23:00:00+00:00,0.14663,0.14803,0.14641,0.14717,6064802.230754402
2026-01-15 00:00:00+00:00,0.14718,0.14721,0.14524,0.1458568,17857298.029858075
2026-01-15 01:00:00+00:00,0.14584,0.14653,0.14409,0.1446,12856211.395378835
2026-01-15 02:00:00+00:00,0.14459,0.14502,0.14334,0.14396,7856564.026033636
2026-01-15 03:00:00+00:00,0.144,0.14428,0.14225,0.14266,16984543.526643157
2026-01-15 04:00:00+00:00,0.14266,0.14357,0.14247,0.14341,10296151.945538372
2026-01-15 05:00:00+00:00,0.14336,0.1438665,0.14309,0.14356,5855830.786815141
2026-01-15 06:00:00+00:00,0.14352,0.14381,0.1426,0.14309,3238751.9173569903
2026-01-15 07:00:00+00:00,0.1430701,0.14446,0.1429678,0.14415,10307850.658441104
2026-01-15 08:00:00+00:00,0.14413,0.14422,0.1435,0.14412,4943854.526724719
2026-01-15 09:00:00+00:00,0.14412,0.14505,0.14335,0.14447,5869308.57954704
2026-01-15 10:00:00+00:00,0.14449,0.14454,0.14364,0.14397,3985369.385770261
2026-01-15 11:00:00+00:00,0.1439828,0.14426,0.14318,0.14357,5846326.707605462
2026-01-15 12:00:00+00:00,0.14362,0.14434,0.14347,0.14431,6101751.8975275215
2026-01-15 13:00:00+00:00,0.14427,0.14491,0.14394,0.14449,9293469.110024055
2026-01-15 14:00:00+00:00,0.14448,0.14495,0.14166,0.14278,15028466.223740404
2026-01-15 15:00:00+00:00,0.14275,0.14315,0.14,0.14213,21702808.554752555
2026-01-15 16:00:00+00:00,0.14206,0.1424,0.14068,0.14165,17626863.863276254
2026-01-15 17:00:00+00:00,0.14164,0.14229,0.1405719,0.14082,10412896.750458
2026-01-15 18:00:00+00:00,0.14084,0.14129,0.13959,0.14009,9723843.770603342
2026-01-15 19:00:00+00:00,0.14006,0.14033,0.13903,0.1399536,10637526.646550993
2026-01-15 20:00:00+00:00,0.13994,0.14045,0.13878,0.13916,15978801.997120332
2026-01-15 21:00:00+00:00,0.13917,0.1399713,0.13907,0.1396526,9427338.18631502
2026-01-15 22:00:00+00:00,0.13965,0.14037,0.13946,0.14006,3941372.4609253774
2026-01-15 23:00:00+00:00,0.14005,0.14027,0.13968,0.14,4511154.171891029
2026-01-16 00:00:00+00:00,0.14001,0.14043,0.13982,0.14001,3669513.994795
2026-01-16 01:00:00+00:00,0.14001,0.14035,0.13948,0.14011,3877167.376738241
2026-01-16 02:00:00+00:00,0.1401062,0.140201,0.13904,0.1402,8233391.306629272
2026-01-16 03:00:00+00:00,0.14021,0.14031,0.13927,0.13939,3125208.9851332484
2026-01-16 04:00:00+00:00,0.1393606,0.13972,0.13826,0.13894,5927541.076492891
2026-01-16 05:00:00+00:00,0.13894,0.14019,0.13891,0.14002,7406014.319999499
2026-01-16 06:00:00+00:00,0.1399983,0.1403,0.13979,0.14018,1765903.93474809
2026-01-16 07:00:00+00:00,0.1402025,0.14028,0.13953,0.13998,1582998.6794566703
2026-01-16 08:00:00+00:00,0.13991,0.14031,0.1398,0.13988,2787234.899934241
2026-01-16 09:00:00+00:00,0.13994,0.14005,0.13925,0.13938,3300166.1636661105
2026-01-16 10:00:00+00:00,0.13939,0.13946,0.13875,0.13906,1925465.4597723
2026-01-16 11:00:00+00:00,0.13905,0.1392022,0.13714,0.13796,24040718.80694997
2026-01-16 12:00:00+00:00,0.13796,0.13805,0.13711,0.13794,10917775.103755798
2026-01-16 13:00:00+00:00,0.13794,0.1382,0.13729,0.13789,6499561.694675489
2026-01-16 14:00:00+00:00,0.1378581,0.13837,0.13739,0.13774,14407067.08837013
2026-01-16 15:00:00+00:00,0.13773,0.13828,0.135,0.13594,27023827.16940948
2026-01-16 16:00:00+00:00,0.1360167,0.1368,0.13552,0.13648,11701033.95211405
2026-01-16 17:00:00+00:00,0.13647,0.13719,0.1358,0.13713,5038332.4360001385
2026-01-16 18:00:00+00:00,0.13713,0.13736,0.13681,0.1371052,6354873.291284369
2026-01-16 19:00:00+00:00,0.13711,0.13735,0.1363,0.13718,4630288.665021109
2026-01-16 20:00:00+00:00,0.1371983,0.13794,0.13622,0.13784,6181375.273370928
2026-01-16 21:00:00+00:00,0.1379,0.13809,0.13667,0.1376297,20418657.742819544
2026-01-16 22:00:00+00:00,0.1376383,0.13816,0.13715,0.1380823,3970775.83332602
2026-01-16 23:00:00+00:00,0.13807,0.13846,0.13784,0.13807,7193500.922811158
2026-01-17 00:00:00+00:00,0.13807,0.13835,0.13779,0.13815,4333926.812034308
2026-01-17 01:00:00+00:00,0.13812,0.13853,0.13796,0.1381051,2754746.36553794
2026-01-17 02:00:00+00:00,0.1381,0.1381511,0.13723,0.1376249,4214695.843336158
2026-01-17 03:00:00+00:00,0.13766,0.13775,0.13719,0.1374046,2410258.7178067807
2026-01-17 04:00:00+00:00,0.1373439,0.13784,0.13711,0.13768,2442772.23770281
2026-01-17 05:00:00+00:00,0.1376989,0.13784,0.1374,0.13754,3174679.260894941
2026-01-17 06:00:00+00:00,0.1375278,0.1375631,0.13701,0.13717,2351669.60230573
2026-01-17 07:00:00+00:00,0.137151,0.13742,0.13673,0.13724,2370422.2385383914
2026-01-17 08:00:00+00:00,0.1372519,0.13751,0.1372,0.13747,953098.5196694504
2026-01-17 09:00:00+00:00,0.13749,0.1377,0.13717,0.1372101,2058629.8815671008
2026-01-17 10:00:00+00:00,0.13721,0.13771,0.1370741,0.13752,2377990.565845841
2026-01-17 11:00:00+00:00,0.13751,0.13791,0.1371913,0.13765,3021223.5012873327
2026-01-17 12:00:00+00:00,0.13764,0.1379,0.13742,0.13759,1127190.4387955095
2026-01-17 13:00:00+00:00,0.13759,0.13784,0.13734,0.13779,2014709.73532734
2026-01-17 14:00:00+00:00,0.1377675,0.13853,0.137514,0.13844,3490947.9742872105
2026-01-17 15:00:00+00:00,0.13843,0.14006,0.13819,0.13951,11005738.218031792
2026-01-17 16:00:00+00:00,0.13949,0.13987,0.13818,0.138707,13147060.961393844
2026-01-17 17:00:00+00:00,0.1387,0.13911,0.1384985,0.1388,5093815.89654051
2026-01-17 18:00:00+00:00,0.13875,0.13887,0.13851,0.13871,2109689.71714687
2026-01-17 19:00:00+00:00,0.13868,0.13888,0.13837,0.1386364,2826326.82322604
2026-01-17 20:00:00+00:00,0.13866,0.139,0.1385,0.13864,3696525.485290941
2026-01-17 21:00:00+00:00,0.13866,0.13867,0.1382,0.1385686,3786847.9262023694
2026-01-17 22:00:00+00:00,0.13858,0.13858,0.13723,0.13776,8707862.17385218
2026-01-17 23:00:00+00:00,0.13775,0.13805,0.13762,0.1378561,3946850.24385766
2026-01-18 00:00:00+00:00,0.13787,0.138353,0.13737,0.1375,3565757.9514604807
2026-01-18 01:00:00+00:00,0.13752,0.13762,0.1368,0.13705,4147664.850532249
2026-01-18 02:00:00+00:00,0.13706,0.13738,0.13674,0.1369,3603801.6888476703
2026-01-18 03:00:00+00:00,0.13691,0.13767,0.13686,0.13738,1745342.8626444896
2026-01-18 04:00:00+00:00,0.13738,0.13749,0.13701,0.13745,2195968.08696949
2026-01-18 05:00:00+00:00,0.13744,0.13745,0.13694,0.13727,2426832.311518169
2026-01-18 06:00:00+00:00,0.1372359,0.13734,0.13692,0.137229,1674825.75232455
2026-01-18 07:00:00+00:00,0.137229,0.13728,0.13661,0.13711,1595170.4615638908
2026-01-18 08:00:00+00:00,0.13708,0.13753,0.1367769,0.1374,3692486.439789758
2026-01-18 09:00:00+00:00,0.13739,0.13755,0.13716,0.1374774,881224.57905325
2026-01-18 10:00:00+00:00,0.13746,0.13766,0.13701,0.13712,2980435.1215722337
2026-01-18 11:00:00+00:00,0.13712,0.13733,0.13698,0.13711,1126718.68256744
2026-01-18 12:00:00+00:00,0.13712,0.13741,0.1369084,0.13703,963980.7275254898
2026-01-18 13:00:00+00:00,0.13702,0.13727,0.13657,0.13702,2393720.0943873697
2026-01-18 14:00:00+00:00,0.13702,0.13809,0.13661,0.13671,14171231.367837211
2026-01-18 15:00:00+00:00,0.1367,0.13694,0.13622,0.13649,17297772.480920177
2026-01-18 16:00:00+00:00,0.13649,0.1371,0.1363245,0.13666,5220987.569533054
2026-01-18 17:00:00+00:00,0.13668,0.13699,0.1363,0.13683,6413977.765547972
2026-01-18 18:00:00+00:00,0.13687,0.13787,0.13653,0.13762,9075071.589610916
2026-01-18 19:00:00+00:00,0.13775,0.13789,0.13689,0.1371151,2906495.34210283
2026-01-18 20:00:00+00:00,0.13712,0.13773,0.13684,0.1373604,2134397.395032672
2026-01-18 21:00:00+00:00,0.13737,0.13751,0.13695,0.1372,25098709.06910233
2026-01-18 22:00:00+00:00,0.1372,0.138,0.13717,0.13765,2733544.8370322795
2026-01-18 23:00:00+00:00,0.13764,0.1376439,0.13128,0.1316,76061562.96141376
2026-01-19 00:00:00+00:00,0.13159,0.13159,0.1145344,0.1266,134882718.09927014
2026-01-19 01:00:00+00:00,0.12658,0.12743,0.12608,0.1266,17970499.140536826
2026-01-19 02:00:00+00:00,0.12659,0.12744,0.12625,0.12714,10481129.171628049
2026-01-19 03:00:00+00:00,0.12713,0.12746,0.12683,0.12733,4164560.6061550826
2026-01-19 04:00:00+00:00,0.12731,0.12759,0.12682,0.12714,8603125.808963869
2026-01-19 05:00:00+00:00,0.12713,0.12763,0.1269159,0.12714,6945529.692736572
2026-01-19 06:00:00+00:00,0.1271271,0.12716,0.12644,0.12676,5913893.06385556
2026-01-19 07:00:00+00:00,0.1267717,0.12728,0.12677,0.12713,4038257.0092778113
2026-01-19 08:00:00+00:00,0.12712,0.12835,0.1270333,0.12819,8001664.435678862
2026-01-19 09:00:00+00:00,0.12817,0.1282352,0.1275024,0.12781,4233324.625189302
2026-01-19 10:00:00+00:00,0.12782,0.12785,0.12742,0.12769,1929166.95325279
2026-01-19 11:00:00+00:00,0.1277,0.12801,0.12754,0.12779,2429674.4150555898
2026-01-19 12:00:00+00:00,0.12776,0.12822,0.12726,0.12774,4396052.5828080205
2026-01-19 13:00:00+00:00,0.12773,0.1283,0.1275246,0.12792,3432908.11125158
2026-01-19 14:00:00+00:00,0.12793,0.12897,0.12775,0.12816,23085198.218824223
2026-01-19 15:00:00+00:00,0.12816,0.1286,0.12768,0.1277613,13764036.2029568
2026-01-19 16:00:00+00:00,0.12774,0.12948,0.12764,0.12911,4541439.56565725
2026-01-19 17:00:00+00:00,0.12911,0.12921,0.12866,0.12905,5726285.3189936895
2026-01-19 18:00:00+00:00,0.1290682,0.12968,0.12893,0.12901,5553001.457169359
2026-01-19 19:00:00+00:00,0.12902,0.13028,0.12902,0.12978,22536913.96697064
2026-01-19 20:00:00+00:00,0.12979,0.13047,0.1296348,0.1302,7136981.926487452
2026-01-19 21:00:00+00:00,0.1302,0.13057,0.1294387,0.1295,6806078.271700768
2026-01-19 22:00:00+00:00,0.12949,0.1297,0.12847,0.1284972,9508979.48600471
2026-01-19 23:00:00+00:00,0.12851,0.12962,0.1284297,0.12909,6628892.250088601
2026-01-20 00:00:00+00:00,0.12907,0.12926,0.1285,0.1286,6093477.53733257
2026-01-20 01:00:00+00:00,0.12859,0.1291,0.12799,0.12852,4339745.045106101
2026-01-20 02:00:00+00:00,0.12853,0.12883,0.12798,0.12836,5421333.14911755
2026-01-20 03:00:00+00:00,0.12836,0.1285,0.12762,0.12789,7602022.655769192
2026-01-20 04:00:00+00:00,0.12788,0.1283,0.12748,0.1276,4707747.19363463
2026-01-20 05:00:00+00:00,0.12761,0.12825,0.12702,0.127902,11190621.325742576
2026-01-20 06:00:00+00:00,0.127902,0.12791,0.12632,0.12668,13898165.982821152
2026-01-20 07:00:00+00:00,0.1266844,0.12735,0.12656,0.12662,3999860.0184474895
2026-01-20 08:00:00+00:00,0.1266409,0.12696,0.12514,0.12598,11638835.733586034
2026-01-20 09:00:00+00:00,0.1259564,0.1261,0.12532,0.1256064,4097778.758799199
2026-01-20 10:00:00+00:00,0.1256112,0.12605,0.1253,0.1254115,5861525.605787931
2026-01-20 11:00:00+00:00,0.12541,0.12581,0.12501,0.12512,3752689.8024308616
2026-01-20 12:00:00+00:00,0.12514,0.12597,0.12507,0.12576,2453777.0660032304
2026-01-20 13:00:00+00:00,0.12574,0.12574,0.12449,0.12463,9258690.759848775
2026-01-20 14:00:00+00:00,0.12461,0.1269,0.1246,0.12552,21991914.82876403
2026-01-20 15:00:00+00:00,0.1255,0.12595,0.12409,0.12509,12362229.899821064
2026-01-20 16:00:00+00:00,0.12507,0.12565,0.1232,0.12374,17288576.93903772
2026-01-20 17:00:00+00:00,0.12375,0.12478,0.12316,0.1237394,9425737.08280525
2026-01-20 18:00:00+00:00,0.12375,0.12419,0.1232887,0.12355,6410821.658713829
2026-01-20 19:00:00+00:00,0.12358,0.12425,0.12321,0.1238,8549054.74060185
2026-01-20 20:00:00+00:00,0.1237916,0.12447,0.12331,0.12403,7024588.159556141
2026-01-20 21:00:00+00:00,0.12404,0.12423,0.1233853,0.1237754,3666436.20795156
2026-01-20 22:00:00+00:00,0.12376,0.12431,0.12162,0.1235,8860401.09483373
2026-01-20 23:00:00+00:00,0.12352,0.12371,0.12296,0.12323,6291753.408659131
2026-01-21 00:00:00+00:00,0.12322,0.12524,0.12302,0.1249953,7159519.157861761
2026-01-21 01:00:00+00:00,0.125,0.12583,0.12495,0.12563,9470388.243803171
2026-01-21 02:00:00+00:00,0.12563,0.12645,0.1255759,0.12574,5731143.219098272
2026-01-21 03:00:00+00:00,0.12574,0.12596,0.1252911,0.12539,5588688.313345168
2026-01-21 04:00:00+00:00,0.12557,0.12584,0.12517,0.12522,2095822.8433655105
2026-01-21 05:00:00+00:00,0.12521,0.12644,0.12516,0.12575,5955503.6410221495
2026-01-21 06:00:00+00:00,0.1257408,0.1259,0.12486,0.12519,6219213.204005759
2026-01-21 07:00:00+00:00,0.1251795,0.12576,0.12466,0.12484,3319436.0561195086
2026-01-21 08:00:00+00:00,0.12483,0.12491,0.12368,0.1241997,6257867.20044563
2026-01-21 09:00:00+00:00,0.1242,0.1248,0.12391,0.12436,1612063.8718716896
2026-01-21 10:00:00+00:00,0.12434,0.1249,0.1240857,0.1240857,1484692.90466063
2026-01-21 11:00:00+00:00,0.12429,0.12433,0.12275,0.12297,6685031.62539256
2026-01-21 12:00:00+00:00,0.12295,0.12327,0.1214095,0.1226531,12559096.974189458
2026-01-21 13:00:00+00:00,0.12264,0.12341,0.1222479,0.12251,8043620.565405978
2026-01-21 14:00:00+00:00,0.1225,0.12638,0.12241,0.12568,23552584.95269417
2026-01-21 15:00:00+00:00,0.12569,0.12667,0.1249,0.1262719,13182604.176593997
2026-01-21 16:00:00+00:00,0.12628,0.12634,0.12033,0.12064,22047357.43608504
2026-01-21 17:00:00+00:00,0.12067,0.12222,0.12019,0.12194,14435739.81558179
2026-01-21 18:00:00+00:00,0.12193,0.12378,0.12155,0.1234289,8738366.008939667
2026-01-21 19:00:00+00:00,0.12344,0.12836,0.1230584,0.12799,31776973.1115167
2026-01-21 20:00:00+00:00,0.128,0.1282,0.12637,0.12773,17993303.212023925
2026-01-21 21:00:00+00:00,0.12774,0.12861,0.12739,0.12797,11696657.313597191
2026-01-21 22:00:00+00:00,0.12799,0.12884,0.12704,0.12718,9413400.875558725
2026-01-21 23:00:00+00:00,0.12724,0.12785,0.12611,0.1264239,15204703.412451196
2026-01-22 00:00:00+00:00,0.12643,0.12748,0.12643,0.12701,3640573.6130165816
2026-01-22 01:00:00+00:00,0.12702,0.12789,0.1268247,0.1276336,2486342.5058885207
2026-01-22 02:00:00+00:00,0.12763,0.12797,0.1268758,0.12699,3606502.975312472
2026-01-22 03:00:00+00:00,0.12699,0.12756,0.1263309,0.12682,2364663.2882432407
2026-01-22 04:00:00+00:00,0.12681,0.12747,0.126772,0.12713,6340035.524549149
2026-01-22 05:00:00+00:00,0.12713,0.12738,0.1266843,0.12695,2116540.0296714297
2026-01-22 06:00:00+00:00,0.1269297,0.12706,0.12622,0.12667,6708502.979502508
2026-01-22 07:00:00+00:00,0.12665,0.12674,0.12589,0.12598,6449037.08808945
2026-01-22 08:00:00+00:00,0.126,0.12651,0.12563,0.1263308,2630084.7677218006
2026-01-22 09:00:00+00:00,0.12635,0.12714,0.12619,0.12687,3474499.11751075
2026-01-22 10:00:00+00:00,0.12687,0.12689,0.1263198,0.1264728,2173235.858565708
2026-01-22 11:00:00+00:00,0.1265,0.12657,0.1256221,0.1257859,3652465.7015141393
2026-01-22 12:00:00+00:00,0.1257858,0.12605,0.12551,0.12552,2637259.626130001
2026-01-22 13:00:00+00:00,0.12551,0.12664,0.1248933,0.1253277,5799031.484835631
2026-01-22 14:00:00+00:00,0.1252991,0.12567,0.12388,0.12418,8832807.109597992
2026-01-22 15:00:00+00:00,0.12418,0.12496,0.12311,0.124176,10725998.541184414
2026-01-22 16:00:00+00:00,0.12419,0.12556,0.124,0.12501,9338957.729350489
2026-01-22 17:00:00+00:00,0.125,0.12547,0.12437,0.1251881,8783956.32981768
2026-01-22 18:00:00+00:00,0.12517,0.1251796,0.12409,0.12418,4402141.7212970415
2026-01-22 19:00:00+00:00,0.12416,0.12518,0.12378,0.12464,11085862.108354112
2026-01-22 20:00:00+00:00,0.12476,0.1250405,0.12354,0.12393,24557409.058004253
2026-01-22 21:00:00+00:00,0.12393,0.12445,0.1237,0.123876,5084918.50485314
2026-01-22 22:00:00+00:00,0.12389,0.12432,0.12372,0.12416,5452077.04911394
2026-01-22 23:00:00+00:00,0.12416,0.12442,0.1236249,0.12426,5022390.145693257
2026-01-23 00:00:00+00:00,0.1242595,0.1246,0.12394,0.12427,3314130.69475669
2026-01-23 01:00:00+00:00,0.12428,0.1255,0.1242546,0.1251603,11538133.581738696
2026-01-23 02:00:00+00:00,0.12515,0.12534,0.1245863,0.124609,3337870.30178247
2026-01-23 03:00:00+00:00,0.12462,0.12578,0.1246,0.12536,3624775.9854899705
2026-01-23 04:00:00+00:00,0.12537,0.12596,0.12521,0.12564,4636655.121121541
2026-01-23 05:00:00+00:00,0.12563,0.12564,0.125,0.1252,1891524.85450099
2026-01-23 06:00:00+00:00,0.1252093,0.1259,0.12476,0.12489,6509319.86438204
2026-01-23 07:00:00+00:00,0.1248702,0.1253,0.1247871,0.12492,1684702.86564524
2026-01-23 08:00:00+00:00,0.1249,0.12522,0.1240267,0.1243203,3311536.209559071
2026-01-23 09:00:00+00:00,0.1243,0.12501,0.12422,0.1246589,3324015.3384089395
2026-01-23 10:00:00+00:00,0.12465,0.12525,0.12455,0.12485,2342640.067689849
2026-01-23 11:00:00+00:00,0.12485,0.12544,0.1248057,0.12502,2077793.005986709
2026-01-23 12:00:00+00:00,0.12503,0.12522,0.12477,0.12497,1356839.0067841797
2026-01-23 13:00:00+00:00,0.12498,0.12519,0.12429,0.12438,2621359.3715751003
2026-01-23 14:00:00+00:00,0.1243648,0.1246,0.1219,0.12287,20245510.189886585
2026-01-23 15:00:00+00:00,0.12288,0.12489,0.12238,0.12458,10042435.813320683
2026-01-23 16:00:00+00:00,0.12458,0.12666,0.12418,0.1255991,13945424.64007963
2026-01-23 17:00:00+00:00,0.12559,0.12782,0.12495,0.1262,14808517.463522362
2026-01-23 18:00:00+00:00,0.12618,0.12702,0.12588,0.1263047,7183082.772319913
2026-01-23 19:00:00+00:00,0.12629,0.12629,0.12416,0.12456,22934486.89760566
2026-01-23 20:00:00+00:00,0.12456,0.12505,0.12306,0.12363,8126438.582284301
2026-01-23 21:00:00+00:00,0.1236,0.12448,0.12354,0.124023,4877310.975149019
2026-01-23 22:00:00+00:00,0.12404,0.12515,0.124,0.12493,2838078.4026650097
2026-01-23 23:00:00+00:00,0.12492,0.12496,0.1242058,0.1246113,4462905.521477548
2026-01-24 00:00:00+00:00,0.1246114,0.1249,0.12418,0.12418,3223906.88479703
2026-01-24 01:00:00+00:00,0.12437,0.12453,0.1239,0.12411,2531519.105743531
2026-01-24 02:00:00+00:00,0.12413,0.12452,0.12408,0.12417,2117710.34152214
2026-01-24 03:00:00+00:00,0.1241589,0.12486,0.12406,0.12426,2860771.28829127
2026-01-24 04:00:00+00:00,0.1242512,0.12487,0.12422,0.12439,1626199.3230375308
2026-01-24 05:00:00+00:00,0.12439,0.12457,0.12414,0.12433,1469652.2137851403
2026-01-24 06:00:00+00:00,0.124333,0.1245,0.1241277,0.1242522,1155886.6330592802
2026-01-24 07:00:00+00:00,0.1242523,0.12431,0.123785,0.124,2882964.92286312
2026-01-24 08:00:00+00:00,0.1239967,0.12459,0.12392,0.1244784,1221211.21933677
2026-01-24 09:00:00+00:00,0.1244818,0.12462,0.1242504,0.1242975,1458920.0883351995
2026-01-24 10:00:00+00:00,0.1243323,0.12463,0.12418,0.12458,1263249.80250147
2026-01-24 11:00:00+00:00,0.12457,0.1249,0.1244255,0.1244255,1800492.9020871797
2026-01-24 12:00:00+00:00,0.12445,0.12467,0.1242413,0.1243847,1618063.04706284
2026-01-24 13:00:00+00:00,0.1244,0.12461,0.12387,0.12387,869938.56342508
2026-01-24 14:00:00+00:00,0.12389,0.12426,0.123706,0.12392,2362458.06001765
2026-01-24 15:00:00+00:00,0.12394,0.12417,0.12335,0.12348,3104095.433815369
2026-01-24 16:00:00+00:00,0.1235,0.12401,0.12274,0.1236907,9049315.900735598
2026-01-24 17:00:00+00:00,0.1237,0.12416,0.1235065,0.123907,4063874.3114803
2026-01-24 18:00:00+00:00,0.1239071,0.12423,0.1238,0.12389,2049605.6428616608
2026-01-24 19:00:00+00:00,0.12387,0.1241,0.123674,0.12395,1535654.6331630202
2026-01-24 20:00:00+00:00,0.1239529,0.12451,0.12393,0.124,2559170.902723209
2026-01-24 21:00:00+00:00,0.12404,0.12431,0.12385,0.1241314,1924367.5141
2026-01-24 22:00:00+00:00,0.12414,0.12464,0.1241065,0.1244069,2083366.34108006
2026-01-24 23:00:00+00:00,0.12442,0.12459,0.123977,0.12402,2930348.37928648
2026-01-25 00:00:00+00:00,0.12401,0.12429,0.12374,0.12399,2906768.61797296
2026-01-25 01:00:00+00:00,0.12417,0.12417,0.1233973,0.12351,2497502.0909802807
2026-01-25 02:00:00+00:00,0.1235,0.12392,0.123465,0.12368,1891763.75456152
2026-01-25 03:00:00+00:00,0.12368,0.12382,0.12279,0.12312,3139414.115753949
2026-01-25 04:00:00+00:00,0.12311,0.12349,0.12299,0.12333,2566824.34376836
2026-01-25 05:00:00+00:00,0.1231446,0.12349,0.12303,0.1232558,2205820.56873265
2026-01-25 06:00:00+00:00,0.1232623,0.1232623,0.12275,0.1229854,2618056.0853078603
2026-01-25 07:00:00+00:00,0.1229808,0.1231,0.12246,0.1228,4083794.623710332
2026-01-25 08:00:00+00:00,0.1228,0.12308,0.12215,0.12251,3813892.128165048
2026-01-25 09:00:00+00:00,0.1225,0.12331,0.12236,0.1229938,4016459.144138289
2026-01-25 10:00:00+00:00,0.12301,0.12377,0.12281,0.12327,2644103.54528754
2026-01-25 11:00:00+00:00,0.12326,0.1233682,0.12296,0.12316,1791695.3820611506
2026-01-25 12:00:00+00:00,0.12315,0.12329,0.12266,0.12308,2558272.8628030703
2026-01-25 13:00:00+00:00,0.12306,0.1234,0.1227198,0.12305,1922689.2286603493
2026-01-25 14:00:00+00:00,0.12307,0.12324,0.12156,0.1219482,7441528.427787361
2026-01-25 15:00:00+00:00,0.12195,0.1228,0.12175,0.12213,5690534.063272293
2026-01-25 16:00:00+00:00,0.12211,0.12227,0.11959,0.12074,33044398.73124847
2026-01-25 17:00:00+00:00,0.12074,0.12117,0.1201868,0.12059,4988112.6978869615
2026-01-25 18:00:00+00:00,0.1206,0.12087,0.1191207,0.12003,21086219.508903984
2026-01-25 19:00:00+00:00,0.12002,0.12037,0.1175233,0.11865,31862860.99862176
2026-01-25 20:00:00+00:00,0.11865,0.11936,0.11771,0.11827,17807915.948867887
2026-01-25 21:00:00+00:00,0.11826,0.11965,0.1182363,0.1194589,13926239.22987763
2026-01-25 22:00:00+00:00,0.11949,0.11958,0.11845,0.11898,5912413.303469759
2026-01-25 23:00:00+00:00,0.119,0.11955,0.1183507,0.11932,7579955.703922439
2026-01-26 00:00:00+00:00,0.11944,0.12072,0.11909,0.1205643,9084898.149059895
2026-01-26 01:00:00+00:00,0.12057,0.12278,0.12053,0.12256,24400332.80569358
2026-01-26 02:00:00+00:00,0.12238,0.12252,0.121353,0.12168,16421267.23109692
2026-01-26 03:00:00+00:00,0.1217,0.1221,0.12086,0.12114,6107082.12340422
2026-01-26 04:00:00+00:00,0.12115,0.12284,0.1211138,0.12194,6091030.538823421
2026-01-26 05:00:00+00:00,0.12192,0.12197,0.1213539,0.12148,4649293.24421665
2026-01-26 06:00:00+00:00,0.1214834,0.12173,0.12115,0.121488,4467178.420109279
2026-01-26 07:00:00+00:00,0.1215072,0.122,0.12127,0.12156,3776715.539611029
2026-01-26 08:00:00+00:00,0.1215967,0.12248,0.12121,0.12164,5212516.680968715
2026-01-26 09:00:00+00:00,0.1216289,0.121691,0.1205488,0.1206,4222722.144784611
2026-01-26 10:00:00+00:00,0.12063,0.12139,0.1205893,0.12111,3585692.24534703
2026-01-26 11:00:00+00:00,0.12111,0.12156,0.12046,0.12101,12396475.532837952
2026-01-26 12:00:00+00:00,0.12093,0.12153,0.12093,0.1212112,3711637.3447537306
2026-01-26 13:00:00+00:00,0.12123,0.12196,0.12112,0.12162,4839107.23640436
2026-01-26 14:00:00+00:00,0.1216058,0.12339,0.12101,0.12266,9818967.16829796
2026-01-26 15:00:00+00:00,0.12266,0.124425,0.12162,0.122124,16281545.28505464
2026-01-26 16:00:00+00:00,0.12214,0.12336,0.12206,0.1225543,9392181.900396178
2026-01-26 17:00:00+00:00,0.12254,0.1231,0.12134,0.1221864,12207393.724537391
2026-01-26 18:00:00+00:00,0.12217,0.12355,0.12205,0.12281,7768646.305970809
2026-01-26 19:00:00+00:00,0.12283,0.12336,0.12208,0.12227,5445814.796977502
2026-01-26 20:00:00+00:00,0.12226,0.12247,0.12142,0.12158,12123759.222722022
2026-01-26 21:00:00+00:00,0.12161,0.1232,0.12142,0.12237,11948608.68389242
2026-01-26 22:00:00+00:00,0.12239,0.12298,0.12229,0.1224354,7270688.373155773
2026-01-26 23:00:00+00:00,0.12243,0.123,0.122077,0.1222146,3970053.0882050097
2026-01-27 00:00:00+00:00,0.12222,0.12257,0.1218995,0.12213,3092543.308065919
2026-01-27 01:00:00+00:00,0.1221,0.12306,0.1218072,0.12245,4569728.265095291
2026-01-27 02:00:00+00:00,0.12246,0.12338,0.12246,0.1230529,3929158.724328711
2026-01-27 03:00:00+00:00,0.12305,0.12345,0.12259,0.12272,7000982.376197941
2026-01-27 04:00:00+00:00,0.1226954,0.12355,0.12241,0.12272,4708658.139544949
2026-01-27 05:00:00+00:00,0.122698,0.12309,0.12238,0.1224864,4413395.463205999
2026-01-27 06:00:00+00:00,0.1224865,0.1226,0.12185,0.1220365,3740395.337608799
2026-01-27 07:00:00+00:00,0.12204,0.12252,0.12195,0.1220362,1361901.38352304
2026-01-27 08:00:00+00:00,0.1220382,0.1225,0.1219179,0.1220506,4473214.277034881
2026-01-27 09:00:00+00:00,0.12204,0.12234,0.12166,0.12183,1764784.0380554902
2026-01-27 10:00:00+00:00,0.12183,0.12215,0.12155,0.12195,2006197.44563726
2026-01-27 11:00:00+00:00,0.121709,0.12271,0.1215001,0.1222231,2316962.2587088505
2026-01-27 12:00:00+00:00,0.12222,0.12289,0.12184,0.12192,3289274.0951880906
2026-01-27 13:00:00+00:00,0.12193,0.12229,0.1212,0.12146,6735051.297379792
2026-01-27 14:00:00+00:00,0.12145,0.12281,0.12135,0.12171,15160204.988646438
2026-01-27 15:00:00+00:00,0.12172,0.12315,0.12159,0.1228311,10687492.406711964
2026-01-27 16:00:00+00:00,0.1228,0.12571,0.12277,0.12481,34493847.994527765
2026-01-27 17:00:00+00:00,0.1248,0.12492,0.12164,0.12206,18830870.08250423
2026-01-27 18:00:00+00:00,0.12205,0.12491,0.1218144,0.1240571,10215463.95410118
2026-01-27 19:00:00+00:00,0.1240571,0.12463,0.12364,0.12419,23384791.852144662
2026-01-27 20:00:00+00:00,0.1241504,0.12608,0.1241504,0.12577,14358563.802790357
2026-01-27 21:00:00+00:00,0.12574,0.12613,0.12497,0.12513,8204009.929301239
2026-01-27 22:00:00+00:00,0.12514,0.12667,0.12514,0.12598,12635536.66839305
2026-01-27 23:00:00+00:00,0.12598,0.12657,0.12579,0.12604,14936760.664134746
2026-01-28 00:00:00+00:00,0.1260359,0.12631,0.12531,0.1257074,18335336.864804786
2026-01-28 01:00:00+00:00,0.12569,0.12574,0.12483,0.12505,3643432.375690171
2026-01-28 02:00:00+00:00,0.12504,0.12514,0.12446,0.1248,5894573.622752461
2026-01-28 03:00:00+00:00,0.12478,0.12495,0.12405,0.12434,3677633.54108799
2026-01-28 04:00:00+00:00,0.12452,0.12458,0.12373,0.12425,2516559.5475155897
2026-01-28 05:00:00+00:00,0.1242638,0.1255,0.12414,0.12506,6318928.026812168
2026-01-28 06:00:00+00:00,0.12506,0.12604,0.12477,0.12579,3350192.4533051825
2026-01-28 07:00:00+00:00,0.1257836,0.12593,0.1251443,0.12532,1351917.0988865602
2026-01-28 08:00:00+00:00,0.12533,0.12599,0.12529,0.12546,2363879.6933182697
2026-01-28 09:00:00+00:00,0.12548,0.12736,0.12533,0.12698,4238518.227688589
2026-01-28 10:00:00+00:00,0.12697,0.12768,0.126199,0.12632,15958212.97902998
2026-01-28 11:00:00+00:00,0.12633,0.12723,0.12591,0.127,5837660.112711961
2026-01-28 12:00:00+00:00,0.12698,0.12713,0.1258,0.12619,23254973.594618767
2026-01-28 13:00:00+00:00,0.1262,0.12671,0.12579,0.1258894,6521572.736914592
2026-01-28 14:00:00+00:00,0.12589,0.12594,0.12474,0.1251,9178866.36070045
2026-01-28 15:00:00+00:00,0.12509,0.12552,0.12302,0.12448,15667499.50292561
2026-01-28 16:00:00+00:00,0.12466,0.12518,0.12398,0.1243175,4959787.7389415605
2026-01-28 17:00:00+00:00,0.12432,0.12568,0.12352,0.12509,5485421.14840243
2026-01-28 18:00:00+00:00,0.1251,0.12516,0.12411,0.12455,9661422.23214708
2026-01-28 19:00:00+00:00,0.12455,0.12563,0.12428,0.1251701,12384662.623560824
2026-01-28 20:00:00+00:00,0.1251,0.12628,0.12466,0.12478,16054632.272635302
2026-01-28 21:00:00+00:00,0.12478,0.12572,0.12408,0.12529,5767185.06354161
2026-01-28 22:00:00+00:00,0.12532,0.12569,0.1245391,0.12527,2785366.136533099
2026-01-28 23:00:00+00:00,0.12529,0.12554,0.12458,0.12484,5508458.626164642
2026-01-29 00:00:00+00:00,0.12484,0.12517,0.1239,0.12442,12829352.201394085
2026-01-29 01:00:00+00:00,0.12458,0.12483,0.123,0.12319,5173167.256365539
2026-01-29 02:00:00+00:00,0.12321,0.12377,0.12164,0.1221,13790810.08557918
2026-01-29 03:00:00+00:00,0.12208,0.12294,0.12173,0.12204,4063822.60715817
2026-01-29 04:00:00+00:00,0.12203,0.12218,0.12108,0.12176,6719086.543034572
2026-01-29 05:00:00+00:00,0.1217547,0.1224,0.12156,0.12166,4614000.11114328
2026-01-29 06:00:00+00:00,0.1216867,0.12205,0.12153,0.1219,2112992.61608843
2026-01-29 07:00:00+00:00,0.1218876,0.12221,0.12173,0.12195,2579628.24815458
2026-01-29 08:00:00+00:00,0.12183,0.12225,0.12138,0.12174,7712293.4317634255
2026-01-29 09:00:00+00:00,0.1216013,0.12195,0.12136,0.12143,5343937.757132269
2026-01-29 10:00:00+00:00,0.12142,0.12168,0.1204433,0.12093,9514469.794726836
2026-01-29 11:00:00+00:00,0.12091,0.12138,0.120636,0.12094,3894498.178177011
2026-01-29 12:00:00+00:00,0.12096,0.12116,0.12019,0.12061,3037763.59620026
2026-01-29 13:00:00+00:00,0.12061,0.12113,0.12058,0.12081,3826820.8821704406
2026-01-29 14:00:00+00:00,0.12082,0.1211,0.11844,0.1185501,13147311.973777773
2026-01-29 15:00:00+00:00,0.11856,0.11859,0.11511,0.11606,46966975.35799876
2026-01-29 16:00:00+00:00,0.1160275,0.11808,0.11515,0.11697,33285391.27345617
2026-01-29 17:00:00+00:00,0.11697,0.11875,0.11646,0.11652,24020056.75658384
2026-01-29 18:00:00+00:00,0.11652,0.11785,0.11426,0.11455,64530748.3178545
2026-01-29 19:00:00+00:00,0.11453,0.1160139,0.1144,0.11537,23124832.54584448
2026-01-29 20:00:00+00:00,0.11537,0.11632,0.11517,0.1160099,7906168.8405782655
2026-01-29 21:00:00+00:00,0.11601,0.11701,0.116,0.11661,9747408.579030808
2026-01-29 22:00:00+00:00,0.11663,0.11718,0.11649,0.11688,7226109.385927695
2026-01-29 23:00:00+00:00,0.11687,0.11738,0.11629,0.11709,7189140.270227101
2026-01-30 00:00:00+00:00,0.1171,0.11771,0.11676,0.11687,6055527.1694704
2026-01-30 01:00:00+00:00,0.11688,0.1172,0.1118135,0.11526,55913732.71532604
2026-01-30 02:00:00+00:00,0.11523,0.11538,0.11292,0.11437,22761707.04762735
2026-01-30 03:00:00+00:00,0.1142164,0.11507,0.11387,0.11407,14785349.189496735
2026-01-30 04:00:00+00:00,0.11431,0.11554,0.11409,0.11471,15144165.001000833
2026-01-30 05:00:00+00:00,0.1147271,0.11522,0.11445,0.11464,5035593.397333468
2026-01-30 06:00:00+00:00,0.1146286,0.11483,0.112032,0.112796,13320390.127317632
2026-01-30 07:00:00+00:00,0.1128019,0.11499,0.11277,0.11434,8145867.582678499
2026-01-30 08:00:00+00:00,0.11433,0.11483,0.11335,0.11386,3619969.1737343497
2026-01-30 09:00:00+00:00,0.11387,0.11438,0.11285,0.11331,5751796.612975459
2026-01-30 10:00:00+00:00,0.11331,0.11404,0.11299,0.11376,4800833.58681021
2026-01-30 11:00:00+00:00,0.11373,0.11596,0.11368,0.11535,5566315.298635209
2026-01-30 12:00:00+00:00,0.11536,0.11558,0.1144808,0.11476,5103270.338509289
2026-01-30 13:00:00+00:00,0.11475,0.11518,0.11362,0.1143595,8356580.622638725
2026-01-30 14:00:00+00:00,0.11442,0.11643,0.1143596,0.1155845,21473907.975264978
2026-01-30 15:00:00+00:00,0.11559,0.11666,0.11397,0.11591,17083650.906575847
2026-01-30 16:00:00+00:00,0.11588,0.11714,0.1152582,0.11608,12688399.964701211
2026-01-30 17:00:00+00:00,0.11609,0.11726,0.11539,0.1161187,14354864.84472115
2026-01-30 18:00:00+00:00,0.11612,0.11832,0.1133349,0.11752,19320287.13027536
2026-01-30 19:00:00+00:00,0.11754,0.11871,0.11731,0.11769,15482877.000015352
2026-01-30 20:00:00+00:00,0.11757,0.11768,0.11525,0.11557,22125149.02334998
2026-01-30 21:00:00+00:00,0.11562,0.11684,0.1155557,0.11625,10697016.232041435
2026-01-30 22:00:00+00:00,0.11627,0.11663,0.1153593,0.1159711,4277034.116731309
2026-01-30 23:00:00+00:00,0.11597,0.1162,0.11517,0.11577,3895925.05349596
2026-01-31 00:00:00+00:00,0.11563,0.11587,0.11503,0.11524,3686493.605240069
2026-01-31 01:00:00+00:00,0.11524,0.11586,0.115086,0.1154762,2173844.8333663503
2026-01-31 02:00:00+00:00,0.11548,0.11558,0.1146354,0.11517,2789529.8408181304
2026-01-31 03:00:00+00:00,0.11517,0.11552,0.11486,0.115,3779630.3719971
2026-01-31 04:00:00+00:00,0.11498,0.11547,0.1145,0.11463,5735828.84873274
2026-01-31 05:00:00+00:00,0.1146383,0.1148,0.1142,0.1147,4281861.902237766
2026-01-31 06:00:00+00:00,0.1145112,0.11474,0.11322,0.1137358,8523542.62369363
2026-01-31 07:00:00+00:00,0.1137358,0.114,0.11191,0.11262,11657231.806298103
2026-01-31 08:00:00+00:00,0.1126254,0.11303,0.1101168,0.11145,19266458.462622948
2026-01-31 09:00:00+00:00,0.11146,0.11258,0.11124,0.1118826,10646186.276904868
2026-01-31 10:00:00+00:00,0.11187,0.11258,0.11143,0.11179,4971185.829158241
2026-01-31 11:00:00+00:00,0.1118208,0.11219,0.11128,0.11168,5946241.533752188
2026-01-31 12:00:00+00:00,0.11167,0.11183,0.1109089,0.11116,6149799.808877471
2026-01-31 13:00:00+00:00,0.11117,0.1114,0.1100423,0.1106857,8210609.392394438
2026-01-31 14:00:00+00:00,0.1107,0.11124,0.10493,0.10684,98987442.39105935
2026-01-31 15:00:00+00:00,0.10682,0.10817,0.10641,0.10665,28270921.594611097
2026-01-31 16:00:00+00:00,0.10665,0.10807,0.10455,0.10515,45687396.472744055
2026-01-31 17:00:00+00:00,0.10513,0.1056,0.09889,0.10215,158165357.49567816
2026-01-31 18:00:00+00:00,0.10203,0.10261,0.09455,0.10148,108870652.31888002
2026-01-31 19:00:00+00:00,0.10146,0.103,0.1012,0.10175,47574796.94441449
2026-01-31 20:00:00+00:00,0.10174,0.10288,0.10044,0.10162,20440488.661074188
2026-01-31 21:00:00+00:00,0.1016263,0.10301,0.1008339,0.1026,21447931.82442204
2026-01-31 22:00:00+00:00,0.10261,0.10289,0.10165,0.10233,13766732.154038249
2026-01-31 23:00:00+00:00,0.10232,0.10483,0.1022843,0.1041614,27442317.036077112
2026-02-01 00:00:00+00:00,0.10413,0.10533,0.10394,0.10484,17331498.549793925
2026-02-01 01:00:00+00:00,0.10483,0.1051,0.10352,0.10479,13497768.63909851
2026-02-01 02:00:00+00:00,0.1048,0.10564,0.1045922,0.10505,10433093.918994565
2026-02-01 03:00:00+00:00,0.10504,0.10542,0.1045067,0.10485,7896172.966334451
2026-02-01 04:00:00+00:00,0.10486,0.10557,0.1048027,0.10501,9385590.159036892
2026-02-01 05:00:00+00:00,0.105015,0.1055,0.10445,0.10464,9728419.406240253
2026-02-01 06:00:00+00:00,0.104638,0.10574,0.10456,0.10487,4841596.16722353
2026-02-01 07:00:00+00:00,0.1048694,0.10653,0.1043391,0.1059,10444361.65441352
2026-02-01 08:00:00+00:00,0.10569,0.10657,0.10519,0.10588,6943863.609825101
2026-02-01 09:00:00+00:00,0.10586,0.10646,0.1053144,0.1063009,3347400.773773271
2026-02-01 10:00:00+00:00,0.10629,0.10645,0.10443,0.1045374,6316211.803850658
2026-02-01 11:00:00+00:00,0.10457,0.10619,0.10457,0.10579,6139166.54935167
2026-02-01 12:00:00+00:00,0.1058,0.10629,0.10516,0.1056627,10024363.498502828
2026-02-01 13:00:00+00:00,0.1057,0.1069,0.1052262,0.10558,10568915.168215338
2026-02-01 14:00:00+00:00,0.10556,0.10631,0.10377,0.10523,27159976.236434244
2026-02-01 15:00:00+00:00,0.10525,0.10546,0.10248,0.10399,18752797.72135492
2026-02-01 16:00:00+00:00,0.10399,0.10532,0.10299,0.1039016,19818951.61369705
2026-02-01 17:00:00+00:00,0.1038942,0.10433,0.10292,0.1041,8524786.082429782
2026-02-01 18:00:00+00:00,0.10416,0.10631,0.10416,0.1054,14038429.346788207
2026-02-01 19:00:00+00:00,0.10539,0.10584,0.1035,0.10411,9993389.55509458
2026-02-01 20:00:00+00:00,0.10408,0.10595,0.10302,0.10454,15196808.07135192
2026-02-01 21:00:00+00:00,0.10451,0.10476,0.1031,0.10369,11898863.247464271
2026-02-01 22:00:00+00:00,0.10372,0.10586,0.10352,0.10457,14400602.080119353
2026-02-01 23:00:00+00:00,0.10456,0.10568,0.10094,0.10416,43485436.0966688
2026-02-02 00:00:00+00:00,0.10417,0.10625,0.10316,0.10504,21135392.05099319
2026-02-02 01:00:00+00:00,0.10505,0.1064,0.10326,0.10501,20945358.26682705
2026-02-02 02:00:00+00:00,0.10501,0.10542,0.10351,0.1037701,11419174.271381453
2026-02-02 03:00:00+00:00,0.10375,0.10401,0.0997024,0.10328,60868764.7689797
2026-02-02 04:00:00+00:00,0.1032816,0.10532,0.10173,0.103344,29881817.453312524
2026-02-02 05:00:00+00:00,0.1033294,0.1036,0.09983,0.10071,25548023.40657337
2026-02-02 06:00:00+00:00,0.1007,0.10466,0.09943,0.10291,39556210.85911579
2026-02-02 07:00:00+00:00,0.10292,0.10413,0.10255,0.10298,25812610.89940715
2026-02-02 08:00:00+00:00,0.10297,0.10452,0.10297,0.1038324,8988064.15506108
2026-02-02 09:00:00+00:00,0.10378,0.10515,0.10301,0.10445,22534053.790248524
2026-02-02 10:00:00+00:00,0.10446,0.10565,0.1043,0.10477,34567603.755127296
2026-02-02 11:00:00+00:00,0.10478,0.10556,0.10467,0.10478,10981904.1731141
2026-02-02 12:00:00+00:00,0.10479,0.10669,0.10479,0.10599,9994861.501658218
2026-02-02 13:00:00+00:00,0.10599,0.10705,0.10573,0.1065,7873061.468213868
2026-02-02 14:00:00+00:00,0.10648,0.10858,0.10555,0.10743,64776999.24355752
2026-02-02 15:00:00+00:00,0.10739,0.11051,0.1071013,0.10948,26974670.988677304
2026-02-02 16:00:00+00:00,0.10949,0.11007,0.10828,0.1084953,22260985.62828731
2026-02-02 17:00:00+00:00,0.1085,0.10937,0.10795,0.10844,17746421.550692044
2026-02-02 18:00:00+00:00,0.10844,0.10906,0.10767,0.10823,22928599.75210614
2026-02-02 19:00:00+00:00,0.10821,0.10871,0.10745,0.10752,12670947.745102642
2026-02-02 20:00:00+00:00,0.10752,0.10803,0.10694,0.10737,14868779.471171258
2026-02-02 21:00:00+00:00,0.10739,0.10846,0.10737,0.10812,7676659.147779914
2026-02-02 22:00:00+00:00,0.10813,0.10887,0.10812,0.1085,5255696.226316578
2026-02-02 23:00:00+00:00,0.10851,0.10874,0.10768,0.10783,11037385.162253382
2026-02-03 00:00:00+00:00,0.10781,0.10827,0.1072795,0.10812,8806530.788085157
2026-02-03 01:00:00+00:00,0.1081,0.1081,0.1072,0.1077486,7089084.266451042
2026-02-03 02:00:00+00:00,0.10777,0.10797,0.10584,0.10594,19659071.39572527
2026-02-03 03:00:00+00:00,0.10594,0.10781,0.1055,0.10735,15253093.86073615
2026-02-03 04:00:00+00:00,0.10731,0.1084,0.10686,0.10773,5946523.87409553
2026-02-03 05:00:00+00:00,0.1077485,0.10786,0.10654,0.10661,3688747.82552256
2026-02-03 06:00:00+00:00,0.1065949,0.10711,0.10593,0.1068312,5191180.074126052
2026-02-03 07:00:00+00:00,0.1068311,0.109,0.1065,0.10817,15371142.411240589
2026-02-03 08:00:00+00:00,0.108189,0.10908,0.10771,0.10787,13621958.98552562
2026-02-03 09:00:00+00:00,0.10787,0.10836,0.10636,0.107,11699610.71869164
2026-02-03 10:00:00+00:00,0.1069988,0.10762,0.10652,0.10676,3468304.4415998887
2026-02-03 11:00:00+00:00,0.10678,0.10707,0.10644,0.10655,5870178.519825937
2026-02-03 12:00:00+00:00,0.10656,0.10839,0.1062,0.10776,11401944.2263523
2026-02-03 13:00:00+00:00,0.1077088,0.1085,0.10733,0.1082756,4179701.413556626
2026-02-03 14:00:00+00:00,0.10822,0.10861,0.10564,0.10574,27505130.8708608
2026-02-03 15:00:00+00:00,0.10573,0.11056,0.10542,0.1100799,107185506.57452428
2026-02-03 16:00:00+00:00,0.1100768,0.11021,0.1059,0.10635,49042132.93990589
2026-02-03 17:00:00+00:00,0.10637,0.10675,0.10405,0.10414,27483395.69139559
2026-02-03 18:00:00+00:00,0.10414,0.10518,0.1021778,0.10238,46947020.60232043
2026-02-03 19:00:00+00:00,0.10237,0.10699,0.10212,0.10627,50343253.17479578
2026-02-03 20:00:00+00:00,0.1062837,0.11075,0.10508,0.10911,62477742.33042254
2026-02-03 21:00:00+00:00,0.10911,0.10981,0.1072345,0.10754,35000502.757552885
2026-02-03 22:00:00+00:00,0.10757,0.10763,0.1056874,0.10618,13714052.484416282
2026-02-03 23:00:00+00:00,0.10616,0.10645,0.1052865,0.1058735,28004775.628779154
2026-02-04 00:00:00+00:00,0.10585,0.10704,0.1053773,0.10635,7729496.565113617
2026-02-04 01:00:00+00:00,0.10636,0.10821,0.10636,0.10765,13846272.111070223
2026-02-04 02:00:00+00:00,0.10764,0.10795,0.10655,0.107,7042233.336791351
2026-02-04 03:00:00+00:00,0.10702,0.10953,0.1069,0.10878,10550615.215052012
2026-02-04 04:00:00+00:00,0.10877,0.10927,0.1081738,0.10825,5260028.46690059
2026-02-04 05:00:00+00:00,0.1082523,0.10872,0.10721,0.10757,6374162.313414102
2026-02-04 06:00:00+00:00,0.1075781,0.10888,0.10743,0.10834,6556398.72666124
2026-02-04 07:00:00+00:00,0.108334,0.10891,0.10776,0.10832,6882406.22861865
2026-02-04 08:00:00+00:00,0.10833,0.10882,0.10767,0.10839,3232848.146285541
2026-02-04 09:00:00+00:00,0.10839,0.10849,0.10735,0.10766,8026603.006607672
2026-02-04 10:00:00+00:00,0.10767,0.10832,0.1073722,0.1075847,9602874.500672624
2026-02-04 11:00:00+00:00,0.10755,0.10794,0.1062315,0.10715,17187468.035009395
2026-02-04 12:00:00+00:00,0.10718,0.10785,0.107,0.10722,5205105.852794588
2026-02-04 13:00:00+00:00,0.10722,0.10754,0.10552,0.10582,18528086.612464394
2026-02-04 14:00:00+00:00,0.1055885,0.10659,0.103818,0.10398,39067398.09124775
2026-02-04 15:00:00+00:00,0.10398,0.10526,0.10262,0.10326,43094947.14732525
2026-02-04 16:00:00+00:00,0.10325,0.10414,0.10184,0.10308,53789313.22511717
2026-02-04 17:00:00+00:00,0.10308,0.1038,0.10122,0.1026894,45816473.09439065
2026-02-04 18:00:00+00:00,0.10269,0.10505,0.10132,0.1034,30732804.48909636
2026-02-04 19:00:00+00:00,0.10341,0.10562,0.10319,0.1051237,21922899.35401189
2026-02-04 20:00:00+00:00,0.1051253,0.1056,0.10417,0.10427,7216565.676530508
2026-02-04 21:00:00+00:00,0.10431,0.10493,0.10207,0.10284,23347190.21502565
2026-02-04 22:00:00+00:00,0.10284,0.10496,0.10104,0.10262,23995218.35096398
2026-02-04 23:00:00+00:00,0.1026,0.1048,0.1023,0.10361,22620956.74003348
2026-02-05 00:00:00+00:00,0.10359,0.10414,0.1029,0.10335,8163758.128577978
2026-02-05 01:00:00+00:00,0.10338,0.10488,0.10233,0.10335,16797267.907648347
2026-02-05 02:00:00+00:00,0.10336,0.10438,0.10205,0.1022923,26584467.200705003
2026-02-05 03:00:00+00:00,0.10227,0.10386,0.102,0.1024041,22626972.31833873
2026-02-05 04:00:00+00:00,0.10241,0.10327,0.10138,0.10208,29998723.053260285
2026-02-05 05:00:00+00:00,0.1020636,0.10367,0.10046,0.10214,63249792.6593544
2026-02-05 06:00:00+00:00,0.1021368,0.10249,0.10047,0.1009528,25327401.6652381
2026-02-05 07:00:00+00:00,0.1009533,0.1029,0.10075,0.10095,24716061.976244807
2026-02-05 08:00:00+00:00,0.10096,0.10282,0.10087,0.10163,43326493.179436296
2026-02-05 09:00:00+00:00,0.10162,0.10302,0.10134,0.1015,14362257.43863943
2026-02-05 10:00:00+00:00,0.10151,0.10173,0.0989144,0.09933,18300900.443428107
2026-02-05 11:00:00+00:00,0.09932,0.099918,0.09721,0.09856,54668170.83018217
2026-02-05 12:00:00+00:00,0.09859,0.09931,0.09746,0.09836,33429672.9412648
2026-02-05 13:00:00+00:00,0.098614,0.099418,0.09755,0.09811,39455992.4403109
2026-02-05 14:00:00+00:00,0.0981,0.10055,0.09808,0.09832,26502357.85848173
2026-02-05 15:00:00+00:00,0.09831,0.098862,0.0924556,0.09405,209532996.5793024
2026-02-05 16:00:00+00:00,0.09404,0.095416,0.09282,0.09407,76479950.19578522
2026-02-05 17:00:00+00:00,0.09408,0.094671,0.09084,0.09175,69167528.70278573
2026-02-05 18:00:00+00:00,0.09172,0.092824,0.09027,0.09231,44937188.9533646
2026-02-05 19:00:00+00:00,0.09231,0.092824,0.09055,0.0909626,37306336.88580559
2026-02-05 20:00:00+00:00,0.09101,0.091884,0.0861388,0.08887,93960640.42566288
2026-02-05 21:00:00+00:00,0.08888,0.091208,0.08734,0.0882,84150600.24959113
2026-02-05 22:00:00+00:00,0.08822,0.090859,0.08662,0.08946,66319671.991975896
2026-02-05 23:00:00+00:00,0.08945,0.09137,0.08792,0.08832,52816885.14989885
2026-02-06 00:00:00+00:00,0.08829,0.088815,0.07991,0.08752,207048639.9277196
2026-02-06 01:00:00+00:00,0.08749,0.091136,0.08711,0.09068,77885195.66408518
2026-02-06 02:00:00+00:00,0.09068,0.091507,0.08866,0.0893,47785904.934563085
2026-02-06 03:00:00+00:00,0.0892365,0.090249,0.08906,0.08978,28606282.89993992
2026-02-06 04:00:00+00:00,0.0897884,0.091484,0.0894,0.09078,15118645.54448088
2026-02-06 05:00:00+00:00,0.09076,0.093606,0.09064,0.0930126,31552778.535936646
2026-02-06 06:00:00+00:00,0.093022,0.093549,0.09115,0.0913494,32183031.708441205
2026-02-06 07:00:00+00:00,0.0913506,0.091704,0.09032,0.09059,30688482.56070034
2026-02-06 08:00:00+00:00,0.09058,0.091361,0.09004,0.0907268,39192953.00589732
2026-02-06 09:00:00+00:00,0.09069,0.093104,0.09047,0.0925,19999834.28787151
2026-02-06 10:00:00+00:00,0.09252,0.093843,0.09202,0.09358,17570843.180796996
2026-02-06 11:00:00+00:00,0.09355,0.094288,0.09307,0.09362,20910446.77672152
2026-02-06 12:00:00+00:00,0.09357,0.093612,0.09292,0.09337,13317865.429388726
2026-02-06 13:00:00+00:00,0.09338,0.095428,0.09315,0.094924,39054668.330807984
2026-02-06 14:00:00+00:00,0.09475,0.096806,0.0937,0.0964,51590931.9858971
2026-02-06 15:00:00+00:00,0.09642,0.09689,0.0953626,0.09641,46267832.56486204
2026-02-06 16:00:00+00:00,0.09639,0.10014,0.09599,0.09908,69393261.04380617
2026-02-06 17:00:00+00:00,0.0991,0.10209,0.09851,0.10015,67965727.74507795
2026-02-06 18:00:00+00:00,0.10016,0.10034,0.09817,0.09911,52126896.18636239
2026-02-06 19:00:00+00:00,0.09911,0.099644,0.09818,0.09868,37494785.35814274
2026-02-06 20:00:00+00:00,0.09865,0.099689,0.09804,0.09862,24330984.92299905
2026-02-06 21:00:00+00:00,0.09861,0.099328,0.09805,0.09869,28635578.125347845
2026-02-06 22:00:00+00:00,0.09869,0.099947,0.09862,0.09938,16355912.604412604
2026-02-06 23:00:00+00:00,0.09936,0.099887,0.09829,0.098609,18242522.92280296
2026-02-07 00:00:00+00:00,0.09839,0.098611,0.09732,0.097946,26128574.54488977
2026-02-07 01:00:00+00:00,0.09776,0.098726,0.09723,0.09847,14985930.857610809
2026-02-07 02:00:00+00:00,0.09846,0.09865,0.09763,0.09799,9263926.72474286
2026-02-07 03:00:00+00:00,0.09799,0.099079,0.09792,0.09857,10568890.436293636
2026-02-07 04:00:00+00:00,0.09857,0.099295,0.09779,0.09808,28744038.644677985
2026-02-07 05:00:00+00:00,0.0980725,0.098895,0.0979,0.0983137,15019440.757001862
2026-02-07 06:00:00+00:00,0.0983727,0.098886,0.09636,0.0965231,19891959.1823097
2026-02-07 07:00:00+00:00,0.096523,0.097056,0.09466,0.095938,29857898.431240577
2026-02-07 08:00:00+00:00,0.095806,0.09639,0.0954,0.09584,11167164.094474442
2026-02-07 09:00:00+00:00,0.09584,0.096335,0.0951,0.09543,7091250.93280831
2026-02-07 10:00:00+00:00,0.09543,0.095792,0.09477,0.09552,11058575.310634326
2026-02-07 11:00:00+00:00,0.09553,0.095711,0.09514,0.0954,5176832.361250821
2026-02-07 12:00:00+00:00,0.09539,0.097659,0.09526,0.0968,28297083.8874202
2026-02-07 13:00:00+00:00,0.09681,0.09723,0.09573,0.09605,10043697.657253042
2026-02-07 14:00:00+00:00,0.09605,0.096622,0.0953,0.09558,6782881.189238684
2026-02-07 15:00:00+00:00,0.09559,0.0972,0.0954243,0.09675,19056756.48802724
2026-02-07 16:00:00+00:00,0.09675,0.099005,0.0963,0.09767,60726509.022214696
2026-02-07 17:00:00+00:00,0.0976665,0.098525,0.09689,0.09799,6531974.089723661
2026-02-07 18:00:00+00:00,0.09799,0.09954,0.09786,0.09871,16241220.784655316
2026-02-07 19:00:00+00:00,0.09872,0.099114,0.09821,0.09833,5550752.404233511
2026-02-07 20:00:00+00:00,0.09832,0.098933,0.09812,0.09864,6744168.294853841
2026-02-07 21:00:00+00:00,0.09865,0.099029,0.09818,0.09828,8152491.440367731
2026-02-07 22:00:00+00:00,0.09825,0.098883,0.09817,0.09828,7131875.067685477
2026-02-07 23:00:00+00:00,0.0983,0.098572,0.09759,0.09816,8732330.713509206
2026-02-08 00:00:00+00:00,0.0982,0.098462,0.09755,0.0978,4342098.05782472
2026-02-08 01:00:00+00:00,0.09781,0.098573,0.09778,0.09797,5576538.759257963
2026-02-08 02:00:00+00:00,0.09799,0.098571,0.09721,0.0976038,8066116.709267655
2026-02-08 03:00:00+00:00,0.09761,0.097854,0.09683,0.096909,10365801.278124224
2026-02-08 04:00:00+00:00,0.0969,0.097393,0.09659,0.097393,4598376.25790489
2026-02-08 05:00:00+00:00,0.0971408,0.097703,0.09679,0.09693,4453339.905836738
2026-02-08 06:00:00+00:00,0.0969492,0.097285,0.09664,0.0967881,4446692.1397480285
2026-02-08 07:00:00+00:00,0.0967887,0.097081,0.09628,0.09678,5528181.350656415
2026-02-08 08:00:00+00:00,0.09679,0.098864,0.09664,0.0985523,11403277.38745639
2026-02-08 09:00:00+00:00,0.09856,0.098718,0.09725,0.09734,6029922.620659219
2026-02-08 10:00:00+00:00,0.09737,0.09794,0.09615,0.09659,11028887.021731494
2026-02-08 11:00:00+00:00,0.09658,0.098645,0.09648,0.09834,28562342.552068003
2026-02-08 12:00:00+00:00,0.09836,0.09841,0.0975,0.09827,10845625.54704578
2026-02-08 13:00:00+00:00,0.09828,0.098603,0.09769,0.09826,10936819.47278322
2026-02-08 14:00:00+00:00,0.09827,0.098522,0.09769,0.09818,5731273.5304855695
2026-02-08 15:00:00+00:00,0.098148,0.098383,0.09678,0.0972589,15775536.297510983
2026-02-08 16:00:00+00:00,0.09725,0.097821,0.09487,0.09548,39090500.88086228
2026-02-08 17:00:00+00:00,0.09547,0.09677,0.09543,0.09635,7072039.48897296
2026-02-08 18:00:00+00:00,0.09636,0.098039,0.0963,0.0972743,9473858.580196666
2026-02-08 19:00:00+00:00,0.0973,0.097922,0.09705,0.09765,4707577.195682761
2026-02-08 20:00:00+00:00,0.09765,0.097738,0.09649,0.09662,5712298.358439981
2026-02-08 21:00:00+00:00,0.09662,0.096967,0.09585,0.09628,6765561.506377071
2026-02-08 22:00:00+00:00,0.09628,0.097174,0.09627,0.09695,5489460.622604033
2026-02-08 23:00:00+00:00,0.09695,0.099064,0.0958894,0.09655,36929606.20268402
2026-02-09 00:00:00+00:00,0.09656,0.096975,0.09576,0.09645,8786241.510111844
2026-02-09 01:00:00+00:00,0.09644,0.097182,0.09552,0.0961,10883411.21653852
2026-02-09 02:00:00+00:00,0.09609,0.097585,0.09586,0.09661,5137221.054444782
2026-02-09 03:00:00+00:00,0.09663,0.097328,0.0964,0.09711,6294278.818290751
2026-02-09 04:00:00+00:00,0.09707,0.097174,0.09626,0.09648,6188787.005153268
2026-02-09 05:00:00+00:00,0.09647,0.096628,0.09589,0.09634,5118859.727725603
2026-02-09 06:00:00+00:00,0.0963464,0.0963464,0.09484,0.095386,6155069.352363559
2026-02-09 07:00:00+00:00,0.09537,0.095846,0.09503,0.09526,6336463.646114131
2026-02-09 08:00:00+00:00,0.09525,0.095396,0.09365,0.09423,19617162.481639206
2026-02-09 09:00:00+00:00,0.09423,0.09476,0.0936542,0.0938744,11244002.528204272
2026-02-09 10:00:00+00:00,0.093982,0.094184,0.09233,0.092777,20798313.22933348
2026-02-09 11:00:00+00:00,0.09279,0.093591,0.09279,0.0931,7275865.911310261
2026-02-09 12:00:00+00:00,0.09311,0.094368,0.09304,0.09408,6362518.627617107
2026-02-09 13:00:00+00:00,0.09409,0.094557,0.09364,0.09366,4954813.96279651
2026-02-09 14:00:00+00:00,0.0936758,0.095288,0.09336,0.09489,19090152.362250067
2026-02-09 15:00:00+00:00,0.09488,0.095684,0.09401,0.0951495,22799485.44776769
2026-02-09 16:00:00+00:00,0.09513,0.096465,0.09427,0.09548,15105825.06273212
2026-02-09 17:00:00+00:00,0.0954878,0.096652,0.09464,0.09623,16606395.335205443
2026-02-09 18:00:00+00:00,0.09627,0.096843,0.09545,0.09604,16393480.277105054
2026-02-09 19:00:00+00:00,0.09603,0.096561,0.09575,0.09633,11330648.94685446
2026-02-09 20:00:00+00:00,0.09628,0.096852,0.09575,0.09641,13553533.23769321
2026-02-09 21:00:00+00:00,0.0964,0.096712,0.09522,0.09634,12249389.857543802
2026-02-09 22:00:00+00:00,0.09638,0.09682,0.09609,0.09639,6146727.39821436
2026-02-09 23:00:00+00:00,0.096397,0.097096,0.09593,0.09605,5234702.126262158
2026-02-10 00:00:00+00:00,0.09606,0.096455,0.09583,0.09594,9509676.41185391
2026-02-10 01:00:00+00:00,0.09594,0.096599,0.09588,0.09638,5599224.555845778
2026-02-10 02:00:00+00:00,0.09638,0.096454,0.09574,0.096029,2730662.6120911217
2026-02-10 03:00:00+00:00,0.09598,0.09619,0.0942,0.0948,11142113.334251938
2026-02-10 04:00:00+00:00,0.09479,0.095678,0.09473,0.09537,5602833.992323649
2026-02-10 05:00:00+00:00,0.0953865,0.095611,0.09442,0.09478,6391304.287963232
2026-02-10 06:00:00+00:00,0.09475,0.094958,0.09292,0.0933,12976324.798727214
2026-02-10 07:00:00+00:00,0.0933003,0.094011,0.09321,0.09357,8597128.567286389
2026-02-10 08:00:00+00:00,0.0935955,0.093946,0.09324,0.09377,6505301.643410149
2026-02-10 09:00:00+00:00,0.09373,0.094204,0.09324,0.09349,5980288.590574936
2026-02-10 10:00:00+00:00,0.09351,0.093687,0.09316,0.09316,7948781.00129949
2026-02-10 11:00:00+00:00,0.09328,0.093542,0.09266,0.09284,9104739.516524632
2026-02-10 12:00:00+00:00,0.09285,0.093293,0.09277,0.09295,6565017.610177288
2026-02-10 13:00:00+00:00,0.09297,0.093683,0.09267,0.09335,7970274.3094843775
2026-02-10 14:00:00+00:00,0.09332,0.09368,0.09175,0.0924557,24948486.748132367
2026-02-10 15:00:00+00:00,0.09243,0.093558,0.09208,0.09298,15281927.229110155
2026-02-10 16:00:00+00:00,0.09296,0.093727,0.09242,0.09341,18890048.30868528
2026-02-10 17:00:00+00:00,0.09339,0.094313,0.09297,0.09397,15408797.170690889
2026-02-10 18:00:00+00:00,0.09398,0.094247,0.09213,0.09257,14966478.51411367
2026-02-10 19:00:00+00:00,0.09256,0.093493,0.0922,0.09302,9482433.1986938
2026-02-10 20:00:00+00:00,0.0930224,0.09314,0.09252,0.09283,4761531.748723719
2026-02-10 21:00:00+00:00,0.09282,0.093189,0.09223,0.09261,6619634.748979548
2026-02-10 22:00:00+00:00,0.09262,0.093136,0.09251,0.09259,4403274.637554249
2026-02-10 23:00:00+00:00,0.09256,0.092941,0.09251,0.09274,5791460.431693499
2026-02-11 00:00:00+00:00,0.092873,0.09319,0.09261,0.09291,5703452.257959979
2026-02-11 01:00:00+00:00,0.09293,0.093247,0.09268,0.09293,3946471.4450730095
2026-02-11 02:00:00+00:00,0.09294,0.09368,0.09293,0.09298,5927228.385691399
2026-02-11 03:00:00+00:00,0.093,0.093587,0.09206,0.09295,14752782.38910681
2026-02-11 04:00:00+00:00,0.09294,0.093298,0.09152,0.09186,15271291.956184871
2026-02-11 05:00:00+00:00,0.0918458,0.092348,0.09147,0.09158,6252242.604416829
2026-02-11 06:00:00+00:00,0.09157,0.091729,0.09013,0.090515,25191132.18213129
2026-02-11 07:00:00+00:00,0.09037,0.091006,0.09025,0.09051,5075639.377190569
2026-02-11 08:00:00+00:00,0.0905091,0.090749,0.09009,0.09045,4484971.330485699
2026-02-11 09:00:00+00:00,0.09045,0.090557,0.0897968,0.09006,10161973.315128498
2026-02-11 10:00:00+00:00,0.0900448,0.090367,0.0892941,0.08963,11903878.777489996
2026-02-11 11:00:00+00:00,0.08963,0.090386,0.0896,0.0901848,5714249.8820901215
2026-02-11 12:00:00+00:00,0.0901725,0.090498,0.08983,0.09002,5246888.123384787
2026-02-11 13:00:00+00:00,0.09002,0.090647,0.08923,0.09007,14529792.861332292
2026-02-11 14:00:00+00:00,0.0901,0.092603,0.08883,0.08902,33978646.84572835
2026-02-11 15:00:00+00:00,0.08905,0.089675,0.08786,0.08897,47461212.01166333
2026-02-11 16:00:00+00:00,0.08897,0.090526,0.08876,0.08888,18830749.88321528
2026-02-11 17:00:00+00:00,0.08888,0.091044,0.08865,0.09007,19105238.361604035
2026-02-11 18:00:00+00:00,0.09007,0.091465,0.08967,0.09105,13057675.86178741
2026-02-11 19:00:00+00:00,0.09103,0.0915,0.09056,0.09099,16464376.056966664
2026-02-11 20:00:00+00:00,0.09113,0.091363,0.09024,0.09107,8815636.857808791
2026-02-11 21:00:00+00:00,0.09109,0.092293,0.09089,0.0919,18696654.977382377
2026-02-11 22:00:00+00:00,0.09191,0.092078,0.0908,0.09096,11708441.472697867
2026-02-11 23:00:00+00:00,0.09095,0.091322,0.09042,0.09105,14730557.47733712
2026-02-12 00:00:00+00:00,0.09107,0.091988,0.09106,0.0915,6758827.800483542
2026-02-12 01:00:00+00:00,0.0915,0.092108,0.09147,0.09147,6386551.524570218
2026-02-12 02:00:00+00:00,0.091623,0.092001,0.09129,0.09157,5913162.985305547
2026-02-12 03:00:00+00:00,0.0915821,0.092403,0.09149,0.09214,10474039.647791078
2026-02-12 04:00:00+00:00,0.09213,0.092312,0.09161,0.0918,6301641.757036718
2026-02-12 05:00:00+00:00,0.0917811,0.09227,0.09142,0.09195,8200276.911416994
2026-02-12 06:00:00+00:00,0.09195,0.093116,0.0919131,0.09262,12280213.48146445
2026-02-12 07:00:00+00:00,0.0926,0.093098,0.09241,0.09288,3552376.93297523
2026-02-12 08:00:00+00:00,0.09289,0.093284,0.09234,0.09255,8474285.739448298
2026-02-12 09:00:00+00:00,0.09255,0.093718,0.09246,0.0934016,5593549.11414293
2026-02-12 10:00:00+00:00,0.0934,0.094155,0.09311,0.0939905,4821922.09729049
2026-02-12 11:00:00+00:00,0.09399,0.094267,0.0935899,0.09384,5998141.796755984
2026-02-12 12:00:00+00:00,0.09386,0.093928,0.0932955,0.09351,3395907.9008560893
2026-02-12 13:00:00+00:00,0.09352,0.094349,0.092887,0.094347,17470604.916960023
2026-02-12 14:00:00+00:00,0.09421,0.094646,0.09366,0.09393,10128376.68860727
2026-02-12 15:00:00+00:00,0.09395,0.094533,0.09312,0.09321,13518923.686944978
2026-02-12 16:00:00+00:00,0.0932,0.093774,0.09099,0.09135,27868843.057585225
2026-02-12 17:00:00+00:00,0.09133,0.092302,0.09121,0.0913663,14165980.554958588
2026-02-12 18:00:00+00:00,0.09136,0.092212,0.0908,0.091456,12084954.774231637
2026-02-12 19:00:00+00:00,0.09132,0.092396,0.0907057,0.0916078,12016646.866012229
2026-02-12 20:00:00+00:00,0.09163,0.0917854,0.09062,0.09089,5998613.424451174
2026-02-12 21:00:00+00:00,0.0909,0.091886,0.09089,0.09152,5713767.010373068
2026-02-12 22:00:00+00:00,0.09151,0.092833,0.0913,0.09255,9064415.73663024
2026-02-12 23:00:00+00:00,0.09256,0.093569,0.09234,0.0929,21034230.267960105
2026-02-13 00:00:00+00:00,0.0929061,0.093366,0.09207,0.09222,10747359.348115174
2026-02-13 01:00:00+00:00,0.09225,0.092959,0.0922,0.092595,2988585.0274130297
2026-02-13 02:00:00+00:00,0.09242,0.093163,0.09226,0.0927991,3947785.9114378495
2026-02-13 03:00:00+00:00,0.09279,0.093539,0.09255,0.09286,2390412.1625842503
2026-02-13 04:00:00+00:00,0.0928574,0.092956,0.09236,0.09249,1697573.54350993
2026-02-13 05:00:00+00:00,0.0924496,0.09286,0.09198,0.092168,4374456.42062859
2026-02-13 06:00:00+00:00,0.09197,0.092698,0.09171,0.0924455,3796317.039765031
2026-02-13 07:00:00+00:00,0.0924192,0.093631,0.0924192,0.09298,4307273.687469192
2026-02-13 08:00:00+00:00,0.09296,0.094065,0.09292,0.09382,6272954.410183649
2026-02-13 09:00:00+00:00,0.09379,0.093909,0.09328,0.0936,2954072.70525206
2026-02-13 10:00:00+00:00,0.0935874,0.094188,0.09341,0.09384,3384944.7201067097
2026-02-13 11:00:00+00:00,0.09385,0.0942,0.09355,0.09391,4120529.258983472
2026-02-13 12:00:00+00:00,0.09389,0.09404,0.09326,0.09337,2796375.0269956305
2026-02-13 13:00:00+00:00,0.09336,0.094578,0.09313,0.09354,20001410.76763851
2026-02-13 14:00:00+00:00,0.09353,0.094655,0.09285,0.09388,27375554.561714582
2026-02-13 15:00:00+00:00,0.0939,0.096759,0.09377,0.09531,30372123.373817705
2026-02-13 16:00:00+00:00,0.09532,0.097009,0.09495,0.09635,21283298.29508841
2026-02-13 17:00:00+00:00,0.09634,0.09699,0.09587,0.096249,13345429.350125952
2026-02-13 18:00:00+00:00,0.09621,0.096763,0.09575,0.0965183,13636424.062793052
2026-02-13 19:00:00+00:00,0.09653,0.097024,0.09625,0.09629,6877755.790270706
2026-02-13 20:00:00+00:00,0.0963,0.096968,0.096,0.09678,18888218.653524622
2026-02-13 21:00:00+00:00,0.0967717,0.097681,0.09676,0.097,17652847.498542693
2026-02-13 22:00:00+00:00,0.09702,0.097382,0.09671,0.0969943,6288693.422216701
2026-02-13 23:00:00+00:00,0.09704,0.09706,0.09638,0.0966,7220190.293914814
2026-02-14 00:00:00+00:00,0.09661,0.09694,0.09636,0.09678,2980056.03003018
2026-02-14 01:00:00+00:00,0.09674,0.097133,0.09648,0.0966115,3009878.0702445195
2026-02-14 02:00:00+00:00,0.09661,0.096779,0.09625,0.09655,6606985.7935885405
2026-02-14 03:00:00+00:00,0.096632,0.097082,0.09639,0.09681,4948514.663465939
2026-02-14 04:00:00+00:00,0.09678,0.096937,0.09652,0.09666,1704406.5232710096
2026-02-14 05:00:00+00:00,0.0966582,0.0971,0.09658,0.09668,2206959.68872702
2026-02-14 06:00:00+00:00,0.0966767,0.096797,0.09637,0.09651,3023683.83722416
2026-02-14 07:00:00+00:00,0.0965175,0.096715,0.09641,0.096581,3090002.278979059
2026-02-14 08:00:00+00:00,0.0965072,0.097881,0.09648,0.09765,12656991.011842962
2026-02-14 09:00:00+00:00,0.09762,0.098397,0.0973915,0.09814,17777179.10021039
2026-02-14 10:00:00+00:00,0.09815,0.098379,0.09761,0.09812,7366885.242254268
2026-02-14 11:00:00+00:00,0.0981,0.10112,0.098,0.1006,41847100.30032986
2026-02-14 12:00:00+00:00,0.10061,0.10078,0.09948,0.09959,21391799.39393508
2026-02-14 13:00:00+00:00,0.09959,0.10029,0.09906,0.10006,16413487.058068862
2026-02-14 14:00:00+00:00,0.10007,0.10346,0.09991,0.10323,59769603.43318149
2026-02-14 15:00:00+00:00,0.10321,0.10429,0.10236,0.10393,38440436.10777996
2026-02-14 16:00:00+00:00,0.10394,0.10541,0.10242,0.10486,32388860.70816822
2026-02-14 17:00:00+00:00,0.10487,0.10594,0.1048,0.10553,30522071.537917618
2026-02-14 18:00:00+00:00,0.10539,0.10742,0.10535,0.10716,41420025.34155309
2026-02-14 19:00:00+00:00,0.10717,0.10927,0.10678,0.10851,43790479.884191856
2026-02-14 20:00:00+00:00,0.10857,0.10944,0.1079169,0.10937,39719571.85196332
2026-02-14 21:00:00+00:00,0.10923,0.11213,0.10917,0.1108303,64269206.31121536
2026-02-14 22:00:00+00:00,0.1108,0.11418,0.11068,0.11235,58042362.44719578
2026-02-14 23:00:00+00:00,0.11234,0.1127,0.1101,0.11099,30362282.977214944
2026-02-15 00:00:00+00:00,0.11097,0.11217,0.11043,0.11177,17263764.669248883
2026-02-15 01:00:00+00:00,0.11176,0.11368,0.11125,0.11331,29302484.61272973
2026-02-15 02:00:00+00:00,0.1133,0.1145,0.111838,0.11338,34553743.7619937
2026-02-15 03:00:00+00:00,0.11334,0.11551,0.11265,0.11472,47980988.13378783
2026-02-15 04:00:00+00:00,0.1147,0.11751,0.1139638,0.1159533,66900553.53552256
2026-02-15 05:00:00+00:00,0.11592,0.11702,0.11545,0.1159052,41370667.68419426
2026-02-15 06:00:00+00:00,0.11591,0.11618,0.11414,0.11501,19720242.568976074
2026-02-15 07:00:00+00:00,0.115044,0.1166,0.11472,0.11603,15250689.436744563
2026-02-15 08:00:00+00:00,0.11603,0.11642,0.11308,0.11395,23357734.976755127
2026-02-15 09:00:00+00:00,0.11394,0.11532,0.11388,0.1145,11040038.33257447
2026-02-15 10:00:00+00:00,0.1145,0.11453,0.11218,0.11355,26113937.66217573
2026-02-15 11:00:00+00:00,0.11356,0.11391,0.11243,0.1126812,6906554.799037409
2026-02-15 12:00:00+00:00,0.11275,0.11292,0.10854,0.1086066,47412797.352487646
2026-02-15 13:00:00+00:00,0.10864,0.11013,0.10711,0.1075539,40771591.281390384
2026-02-15 14:00:00+00:00,0.10753,0.10894,0.10686,0.10813,25791986.55526875
2026-02-15 15:00:00+00:00,0.10813,0.10923,0.10755,0.10772,13047822.356487855
2026-02-15 16:00:00+00:00,0.10771,0.10781,0.10626,0.10742,29419628.511320543
2026-02-15 17:00:00+00:00,0.10725,0.1076,0.1031384,0.10494,40868189.95993142
2026-02-15 18:00:00+00:00,0.10494,0.10561,0.1037,0.10406,27482966.515583187
2026-02-15 19:00:00+00:00,0.10402,0.10434,0.10245,0.10264,51406594.64576639
2026-02-15 20:00:00+00:00,0.10262,0.10349,0.1021,0.10285,26194856.990354333
2026-02-15 21:00:00+00:00,0.10287,0.10344,0.10226,0.10242,16248940.259009626
2026-02-15 22:00:00+00:00,0.10242,0.1035,0.1023,0.1033,14493323.683642156
2026-02-15 23:00:00+00:00,0.1033,0.1033,0.1014705,0.10262,33938404.828317784
2026-02-16 00:00:00+00:00,0.10261,0.10321,0.10196,0.10238,20848972.56725466
2026-02-16 01:00:00+00:00,0.10239,0.10296,0.10174,0.10231,18615223.02852813
2026-02-16 02:00:00+00:00,0.10232,0.10307,0.10169,0.10187,16754658.061141826
2026-02-16 03:00:00+00:00,0.10188,0.10238,0.10155,0.10216,8916087.868578974
2026-02-16 04:00:00+00:00,0.10211,0.10354,0.10207,0.10336,14080852.0002757
2026-02-16 05:00:00+00:00,0.10337,0.10366,0.10114,0.1018,21168840.5514806
2026-02-16 06:00:00+00:00,0.1018,0.10257,0.10151,0.10232,4388725.268708649
2026-02-16 07:00:00+00:00,0.1023286,0.10241,0.1016555,0.10195,8089773.825384731
2026-02-16 08:00:00+00:00,0.10197,0.10261,0.10192,0.10229,7161540.5202400405
2026-02-16 09:00:00+00:00,0.1022867,0.10333,0.1022,0.1030721,10924220.173403043
2026-02-16 10:00:00+00:00,0.10305,0.10313,0.10238,0.1027021,3619645.457311141
2026-02-16 11:00:00+00:00,0.10271,0.10299,0.10066,0.10154,17943524.493008208
2026-02-16 12:00:00+00:00,0.1016,0.10314,0.1013518,0.10279,15920703.524563463
2026-02-16 13:00:00+00:00,0.10266,0.10348,0.099648,0.1002,40492821.60931648
2026-02-16 14:00:00+00:00,0.10008,0.10129,0.0993207,0.1004986,18976734.563292943
2026-02-16 15:00:00+00:00,0.1005131,0.10128,0.09845,0.0994923,42433975.82408647
2026-02-16 16:00:00+00:00,0.0995,0.10131,0.09942,0.10106,20376889.89962009
2026-02-16 17:00:00+00:00,0.10104,0.10127,0.10012,0.10081,16561343.44801552
2026-02-16 18:00:00+00:00,0.10083,0.10128,0.10024,0.10043,7411631.854073281
2026-02-16 19:00:00+00:00,0.10044,0.10097,0.10009,0.10028,10426230.232212896
2026-02-16 20:00:00+00:00,0.10025,0.10122,0.09984,0.1009,10306859.414354509
2026-02-16 21:00:00+00:00,0.10093,0.10146,0.10046,0.10115,19067161.320434444
2026-02-16 22:00:00+00:00,0.10135,0.10135,0.10008,0.10057,13533520.72463668
2026-02-16 23:00:00+00:00,0.10056,0.10126,0.1003583,0.10098,4709808.83399757
2026-02-17 00:00:00+00:00,0.10099,0.10116,0.10042,0.10055,6517851.844320749
2026-02-17 01:00:00+00:00,0.10057,0.1011,0.10008,0.10017,8164939.290694385
2026-02-17 02:00:00+00:00,0.10018,0.10143,0.099589,0.10109,29239302.36745061
2026-02-17 03:00:00+00:00,0.1011,0.10113,0.10043,0.10046,10083917.676699825
2026-02-17 04:00:00+00:00,0.10047,0.10089,0.09988,0.10015,5318469.166034881
2026-02-17 05:00:00+00:00,0.100153,0.10031,0.0990401,0.0996564,20038956.75168938
2026-02-17 06:00:00+00:00,0.09965,0.10038,0.09965,0.1000501,3353335.22304116
2026-02-17 07:00:00+00:00,0.1000501,0.10016,0.09953,0.09972,3734598.17012757
2026-02-17 08:00:00+00:00,0.0997435,0.10021,0.09906,0.09915,3471275.81712388
2026-02-17 09:00:00+00:00,0.09909,0.099444,0.09868,0.09928,9292321.591755206
2026-02-17 10:00:00+00:00,0.09928,0.09956,0.09844,0.09875,8023915.583329354
2026-02-17 11:00:00+00:00,0.09876,0.099076,0.09834,0.09883,8422301.633680958
2026-02-17 12:00:00+00:00,0.0988,0.10008,0.09873,0.0996,12096628.758871391
2026-02-17 13:00:00+00:00,0.0996,0.10102,0.0993479,0.1005,14832079.97046866
2026-02-17 14:00:00+00:00,0.10047,0.10114,0.09835,0.09899,38228703.114838056
2026-02-17 15:00:00+00:00,0.099,0.10076,0.09896,0.10043,15725362.532666398
2026-02-17 16:00:00+00:00,0.10044,0.1036,0.10037,0.10196,71171954.66890433
2026-02-17 17:00:00+00:00,0.10195,0.1022,0.09965,0.10023,46762867.45836472
2026-02-17 18:00:00+00:00,0.10023,0.10246,0.10014,0.10176,14705157.170568325
2026-02-17 19:00:00+00:00,0.10176,0.10221,0.10082,0.10107,8423197.694147192
2026-02-17 20:00:00+00:00,0.1010554,0.10127,0.100249,0.10051,15026026.035864078
2026-02-17 21:00:00+00:00,0.10051,0.10151,0.10048,0.1010445,4109884.9608591297
2026-02-17 22:00:00+00:00,0.10107,0.1012,0.10043,0.10056,3353055.3044202803
2026-02-17 23:00:00+00:00,0.10058,0.10094,0.10033,0.10063,3447237.747309979
2026-02-18 00:00:00+00:00,0.1005999,0.10155,0.10041,0.10061,6364595.39919306
2026-02-18 01:00:00+00:00,0.10049,0.10087,0.0999,0.10015,7556784.177919769
2026-02-18 02:00:00+00:00,0.10012,0.1013,0.10006,0.10075,5259307.021738522
2026-02-18 03:00:00+00:00,0.10073,0.10151,0.10053,0.10118,8653031.56041496
2026-02-18 04:00:00+00:00,0.1012094,0.10136,0.10055,0.1011,5312239.386267671
2026-02-18 05:00:00+00:00,0.10093,0.10126,0.10063,0.10096,2974070.6883526305
2026-02-18 06:00:00+00:00,0.10099,0.10146,0.10094,0.10101,5476378.380483589
2026-02-18 07:00:00+00:00,0.10101,0.10181,0.10075,0.10137,3767077.078012869
2026-02-18 08:00:00+00:00,0.10153,0.10215,0.1010549,0.1017,6551909.03266305
2026-02-18 09:00:00+00:00,0.10171,0.10187,0.10116,0.1011632,3871191.8120107166
2026-02-18 10:00:00+00:00,0.1012,0.10158,0.1001646,0.10051,9962863.787711
2026-02-18 11:00:00+00:00,0.10039,0.10071,0.0991141,0.10008,9542712.851802295
2026-02-18 12:00:00+00:00,0.10008,0.10054,0.09965,0.10026,5293257.19783662
2026-02-18 13:00:00+00:00,0.10026,0.10041,0.09944,0.09985,5497440.143251473
2026-02-18 14:00:00+00:00,0.09983,0.10062,0.09938,0.10034,9326702.08400809
2026-02-18 15:00:00+00:00,0.10033,0.10248,0.1003,0.10106,32374289.305766232
2026-02-18 16:00:00+00:00,0.10106,0.10129,0.09969,0.10009,20603211.1826604
2026-02-18 17:00:00+00:00,0.1001,0.10087,0.09947,0.09958,5562816.772488809
2026-02-18 18:00:00+00:00,0.09959,0.09998,0.09848,0.09883,15272614.475805469
2026-02-18 19:00:00+00:00,0.09882,0.09953,0.09743,0.09848,18818559.70283484
2026-02-18 20:00:00+00:00,0.09849,0.099278,0.09833,0.09843,8025042.040071309
2026-02-18 21:00:00+00:00,0.09843,0.099077,0.09812,0.0984,11611737.362463854
2026-02-18 22:00:00+00:00,0.0984,0.098886,0.09789,0.09835,8067229.870633981
2026-02-18 23:00:00+00:00,0.0984,0.098755,0.09804,0.09849,5597654.700441608
2026-02-19 00:00:00+00:00,0.09851,0.09879,0.09805,0.09815,4051397.08736901
2026-02-19 01:00:00+00:00,0.09817,0.098994,0.0981143,0.0988,10008973.61434178
2026-02-19 02:00:00+00:00,0.09881,0.099065,0.09785,0.09843,7659512.944369229
2026-02-19 03:00:00+00:00,0.09842,0.098839,0.09807,0.09859,5137354.870469982
2026-02-19 04:00:00+00:00,0.09858,0.099274,0.09857,0.0987,6358069.934159241
2026-02-19 05:00:00+00:00,0.0986963,0.098815,0.09676,0.09744,31518113.650827
2026-02-19 06:00:00+00:00,0.09743,0.098795,0.0973895,0.0984327,4884251.425410931
2026-02-19 07:00:00+00:00,0.09842,0.099321,0.09812,0.09829,27910409.164818645
2026-02-19 08:00:00+00:00,0.09828,0.098432,0.0971,0.09739,7287880.57598573
2026-02-19 09:00:00+00:00,0.09742,0.098122,0.09709,0.0974,11195474.103976471
2026-02-19 10:00:00+00:00,0.0974079,0.098085,0.0971614,0.0977075,2895219.381824159
2026-02-19 11:00:00+00:00,0.09771,0.098077,0.09744,0.09766,5757977.443926509
2026-02-19 12:00:00+00:00,0.09765,0.097911,0.0974085,0.09748,4636739.369115649
2026-02-19 13:00:00+00:00,0.09766,0.097666,0.0964,0.09695,11572096.125301734
2026-02-19 14:00:00+00:00,0.09696,0.098513,0.09656,0.0979,33075234.002311
2026-02-19 15:00:00+00:00,0.0978974,0.098406,0.0965,0.09683,17936511.541377522
2026-02-19 16:00:00+00:00,0.09681,0.097378,0.09553,0.09677,25920962.31850307
2026-02-19 17:00:00+00:00,0.09678,0.098309,0.09649,0.09677,12887056.111912351
2026-02-19 18:00:00+00:00,0.09676,0.098387,0.0967,0.09817,10136399.853283249
2026-02-19 19:00:00+00:00,0.09819,0.098545,0.0972,0.09808,5654988.489399779
2026-02-19 20:00:00+00:00,0.09803,0.098323,0.09731,0.09783,5796231.884040837
2026-02-19 21:00:00+00:00,0.09781,0.098304,0.09764,0.09772,4152071.7381329495
2026-02-19 22:00:00+00:00,0.09771,0.098435,0.09749,0.09802,11812807.40929889
2026-02-19 23:00:00+00:00,0.09801,0.098463,0.09779,0.09832,2174921.76637853
2026-02-20 00:00:00+00:00,0.0983,0.09926,0.0981447,0.09865,7098153.702441541
2026-02-20 01:00:00+00:00,0.09868,0.099316,0.09863,0.09877,4181914.217783918
2026-02-20 02:00:00+00:00,0.09878,0.099515,0.09872,0.09909,6082927.036089931
2026-02-20 03:00:00+00:00,0.09908,0.09933,0.0984844,0.09866,4262349.018592101
2026-02-20 04:00:00+00:00,0.0987172,0.099019,0.09816,0.09863,6005204.965608998
2026-02-20 05:00:00+00:00,0.09863,0.099936,0.09839,0.09899,11108572.390501011
2026-02-20 06:00:00+00:00,0.099,0.099203,0.09858,0.099051,5932814.808215565
2026-02-20 07:00:00+00:00,0.0988872,0.09891,0.09841,0.09855,2425543.304275151
2026-02-20 08:00:00+00:00,0.098644,0.099162,0.09825,0.09855,11769131.808875963
2026-02-20 09:00:00+00:00,0.09853,0.09947,0.0984589,0.09914,14540775.393879175
2026-02-20 10:00:00+00:00,0.099247,0.099557,0.09895,0.09911,6848632.72082976
2026-02-20 11:00:00+00:00,0.0991,0.099278,0.09828,0.09844,5682629.535374109
2026-02-20 12:00:00+00:00,0.09842,0.098904,0.09817,0.09838,15845837.16305793
2026-02-20 13:00:00+00:00,0.09835,0.09835,0.09562,0.09626,43482302.228376746
2026-02-20 14:00:00+00:00,0.09625,0.09849,0.0961714,0.09785,22071233.99366956
2026-02-20 15:00:00+00:00,0.09785,0.10072,0.09785,0.10023,53587695.67894711
2026-02-20 16:00:00+00:00,0.10027,0.10241,0.10001,0.10115,78697332.80539899
2026-02-20 17:00:00+00:00,0.10116,0.1015,0.09867,0.10133,26484944.46544057
2026-02-20 18:00:00+00:00,0.10129,0.10209,0.1006,0.10147,17067999.902374342
2026-02-20 19:00:00+00:00,0.1014587,0.10179,0.1000053,0.10021,5506385.187541129
2026-02-20 20:00:00+00:00,0.10021,0.10128,0.10015,0.10065,6611313.067634978
2026-02-20 21:00:00+00:00,0.10067,0.10093,0.10021,0.10025,8413899.896630311
2026-02-20 22:00:00+00:00,0.10027,0.1006,0.09966,0.10035,7226876.677455192
2026-02-20 23:00:00+00:00,0.10033,0.1006,0.09991,0.1000699,7612031.840851351
2026-02-21 00:00:00+00:00,0.10022,0.10034,0.09895,0.09931,31863212.15210108
2026-02-21 01:00:00+00:00,0.09932,0.10035,0.0993019,0.10008,11626045.804928148
2026-02-21 02:00:00+00:00,0.10008,0.10039,0.09972,0.10008,4719489.098388848
2026-02-21 03:00:00+00:00,0.10009,0.10013,0.09949,0.09991,12017688.924165037
2026-02-21 04:00:00+00:00,0.0999,0.10019,0.0997127,0.09985,2465904.89417204
2026-02-21 05:00:00+00:00,0.0998436,0.10021,0.09983,0.0999562,2422978.5618015514
2026-02-21 06:00:00+00:00,0.0999602,0.1000405,0.0996268,0.0998513,2641952.24490129
2026-02-21 07:00:00+00:00,0.0998514,0.10032,0.09976,0.10019,1469070.75122908
2026-02-21 08:00:00+00:00,0.1000679,0.10051,0.09992,0.10036,2029605.82097928
2026-02-21 09:00:00+00:00,0.10039,0.10106,0.10014,0.10032,4740779.7749752505
2026-02-21 10:00:00+00:00,0.10031,0.10055,0.09997,0.100111,2697441.41740353
2026-02-21 11:00:00+00:00,0.1001223,0.10043,0.0998,0.1000401,5142725.354415598
2026-02-21 12:00:00+00:00,0.10003,0.10026,0.09965,0.10012,2611567.2065938297
2026-02-21 13:00:00+00:00,0.10027,0.10052,0.09999,0.10046,2226142.1578141795
2026-02-21 14:00:00+00:00,0.100428,0.10085,0.10003,0.10044,10138870.586212628
2026-02-21 15:00:00+00:00,0.10047,0.10063,0.09994,0.09998,7774965.642320848
2026-02-21 16:00:00+00:00,0.1,0.10006,0.09936,0.0996039,9296233.219786948
2026-02-21 17:00:00+00:00,0.099604,0.099788,0.098971,0.09944,10778356.91084549
2026-02-21 18:00:00+00:00,0.09939,0.099978,0.09935,0.09982,3385548.865359129
2026-02-21 19:00:00+00:00,0.09983,0.09986,0.09936,0.09943,2944818.1376830605
2026-02-21 20:00:00+00:00,0.09943,0.099594,0.09878,0.098826,4457843.524231169
2026-02-21 21:00:00+00:00,0.09887,0.099448,0.09872,0.099448,5033624.656562751
2026-02-21 22:00:00+00:00,0.09933,0.099633,0.09902,0.09917,7258759.031720821
2026-02-21 23:00:00+00:00,0.09915,0.099255,0.09838,0.0984,6451397.73471952
2026-02-22 00:00:00+00:00,0.09839,0.098571,0.09758,0.0978542,12654719.642311892
2026-02-22 01:00:00+00:00,0.09784,0.098297,0.09767,0.09809,9151515.673076572
2026-02-22 02:00:00+00:00,0.0981214,0.09817,0.0971,0.09725,9082543.03513665
2026-02-22 03:00:00+00:00,0.09724,0.097588,0.09671,0.09741,13201222.76166796
2026-02-22 04:00:00+00:00,0.09739,0.097523,0.0971604,0.09737,1865155.4121934893
2026-02-22 05:00:00+00:00,0.0973574,0.097437,0.09688,0.09698,5383610.453802652
2026-02-22 06:00:00+00:00,0.09698,0.097354,0.09688,0.09724,5260966.674344791
2026-02-22 07:00:00+00:00,0.0972516,0.097505,0.09715,0.09729,2395723.841420769
2026-02-22 08:00:00+00:00,0.097393,0.097393,0.0970577,0.09715,874921.8489426399
2026-02-22 09:00:00+00:00,0.09711,0.097397,0.09709,0.0972746,951279.16890801
2026-02-22 10:00:00+00:00,0.09726,0.097536,0.09719,0.09737,1161609.2524485304
2026-02-22 11:00:00+00:00,0.09736,0.097697,0.09725,0.0973515,1653736.6646821392
2026-02-22 12:00:00+00:00,0.09735,0.097393,0.09634,0.0966,5427954.51528627
2026-02-22 13:00:00+00:00,0.09659,0.09686,0.09572,0.0961,9856491.534600489
2026-02-22 14:00:00+00:00,0.09609,0.096651,0.095114,0.096449,30454747.19096744
2026-02-22 15:00:00+00:00,0.095985,0.096458,0.0951721,0.095793,14713684.645508667
2026-02-22 16:00:00+00:00,0.09572,0.095884,0.0953797,0.09583,2892615.15006126
2026-02-22 17:00:00+00:00,0.09582,0.09584,0.09471,0.09492,16475410.69832767
2026-02-22 18:00:00+00:00,0.09492,0.095408,0.09467,0.09524,2829494.87133109
2026-02-22 19:00:00+00:00,0.09524,0.095414,0.09489,0.09504,3019020.910929169
2026-02-22 20:00:00+00:00,0.09503,0.095136,0.09455,0.0947557,5178573.04139804
2026-02-22 21:00:00+00:00,0.09478,0.095548,0.09477,0.09538,9647329.747916576
2026-02-22 22:00:00+00:00,0.09537,0.096026,0.09517,0.09569,14847105.117329204
2026-02-22 23:00:00+00:00,0.09569,0.095875,0.09507,0.09552,10889267.023166778
2026-02-23 00:00:00+00:00,0.0955515,0.095835,0.09437,0.0944291,10765852.062038695
2026-02-23 01:00:00+00:00,0.09445,0.09448,0.09142,0.09208,81157764.29027379
2026-02-23 02:00:00+00:00,0.09208,0.093081,0.09195,0.09264,16510958.379207956
2026-02-23 03:00:00+00:00,0.09264,0.093314,0.09264,0.09272,65877475.61664523
2026-02-23 04:00:00+00:00,0.0927333,0.092996,0.09227,0.09248,6531997.087742451
2026-02-23 05:00:00+00:00,0.0924597,0.093123,0.09232,0.09276,9076013.62199669
2026-02-23 06:00:00+00:00,0.09277,0.094782,0.09269,0.0945827,5819605.000022018
2026-02-23 07:00:00+00:00,0.0946086,0.09543,0.09449,0.09486,8780480.741725827
2026-02-23 08:00:00+00:00,0.0948415,0.09508,0.09439,0.09477,2403075.3691232614
2026-02-23 09:00:00+00:00,0.09478,0.096725,0.0946597,0.09654,11628542.62679146
2026-02-23 10:00:00+00:00,0.09655,0.097136,0.0961,0.0962945,8806731.141637636
2026-02-23 11:00:00+00:00,0.09632,0.0972,0.09632,0.09674,7138473.236857157
2026-02-23 12:00:00+00:00,0.09673,0.09761,0.09639,0.09716,14824184.82027514
2026-02-23 13:00:00+00:00,0.09717,0.09755,0.0967399,0.0968043,7530028.652839069
2026-02-23 14:00:00+00:00,0.096815,0.097085,0.09548,0.09616,15329774.929155337
2026-02-23 15:00:00+00:00,0.09616,0.096529,0.0948888,0.09494,24496126.3842196
2026-02-23 16:00:00+00:00,0.09493,0.095502,0.0940419,0.09451,26501182.70837664
2026-02-23 17:00:00+00:00,0.09452,0.094939,0.09281,0.09389,21561598.75034321
2026-02-23 18:00:00+00:00,0.09386,0.094498,0.09327,0.09343,24283238.73488484
2026-02-23 19:00:00+00:00,0.09343,0.093565,0.09253,0.09284,19481770.91873184
2026-02-23 20:00:00+00:00,0.09285,0.093453,0.09256,0.0932,7846697.234663835
2026-02-23 21:00:00+00:00,0.0932,0.093543,0.0929,0.09331,14511435.33095752
2026-02-23 22:00:00+00:00,0.09331,0.093633,0.09302,0.093201,6372832.149930849
2026-02-23 23:00:00+00:00,0.09303,0.093495,0.09246,0.09263,9728827.037279047
2026-02-24 00:00:00+00:00,0.0926587,0.093418,0.09265,0.09318,4241519.187098741
2026-02-24 01:00:00+00:00,0.09319,0.093701,0.09091,0.09273,48124048.52385032
2026-02-24 02:00:00+00:00,0.09272,0.093237,0.0921498,0.09257,10142733.573484262
2026-02-24 03:00:00+00:00,0.09256,0.092647,0.09173,0.09206,10384390.54477166
2026-02-24 04:00:00+00:00,0.09207,0.092282,0.0909,0.09142,48407928.61348205
2026-02-24 05:00:00+00:00,0.0914091,0.091769,0.09052,0.09123,14372619.72412379
2026-02-24 06:00:00+00:00,0.09123,0.09152,0.09079,0.0909697,5556678.911806682
2026-02-24 07:00:00+00:00,0.0909887,0.091559,0.09081,0.09122,4408355.909775702
2026-02-24 08:00:00+00:00,0.0912343,0.091805,0.0909356,0.09156,7440884.8744064
2026-02-24 09:00:00+00:00,0.09154,0.091701,0.09071,0.09121,4019911.06801274
2026-02-24 10:00:00+00:00,0.09121,0.091668,0.09102,0.09142,2702141.44776012
2026-02-24 11:00:00+00:00,0.09144,0.091671,0.09086,0.09125,4277168.86216814
2026-02-24 12:00:00+00:00,0.09128,0.091528,0.09101,0.0911196,3052619.825904581
2026-02-24 13:00:00+00:00,0.09114,0.091254,0.0900772,0.0908,15587558.88895044
2026-02-24 14:00:00+00:00,0.090894,0.092184,0.08996,0.091421,29325320.351777263
2026-02-24 15:00:00+00:00,0.09134,0.092656,0.09114,0.09176,17060423.12508263
2026-02-24 16:00:00+00:00,0.09177,0.09278,0.09138,0.092177,17494971.92392375
2026-02-24 17:00:00+00:00,0.0921,0.092368,0.09143,0.09167,12760073.021992454
2026-02-24 18:00:00+00:00,0.09166,0.092384,0.0915156,0.09209,8686771.764623048
2026-02-24 19:00:00+00:00,0.0920755,0.092406,0.09169,0.092014,13051206.063256728
2026-02-24 20:00:00+00:00,0.0920214,0.092449,0.0919,0.092322,8852940.557420721
2026-02-24 21:00:00+00:00,0.0922,0.09225,0.09157,0.0918217,7539289.032628749
2026-02-24 22:00:00+00:00,0.09182,0.092343,0.09175,0.09202,7383535.611760128
2026-02-24 23:00:00+00:00,0.09201,0.092102,0.0913192,0.09136,15439905.440222569
2026-02-25 00:00:00+00:00,0.09138,0.091542,0.09083,0.09118,17681778.395887546
2026-02-25 01:00:00+00:00,0.09117,0.095031,0.09113,0.0939,50217926.49227258
2026-02-25 02:00:00+00:00,0.09389,0.094812,0.09353,0.093639,27668952.38314399
2026-02-25 03:00:00+00:00,0.09358,0.093847,0.09256,0.09275,20977209.92730188
2026-02-25 04:00:00+00:00,0.09275,0.093034,0.09174,0.09265,14186584.778999574
2026-02-25 05:00:00+00:00,0.0926406,0.092766,0.09135,0.09199,9681734.505578475
2026-02-25 06:00:00+00:00,0.0919962,0.092599,0.0919866,0.0923,7754968.94470691
2026-02-25 07:00:00+00:00,0.0923077,0.092976,0.09227,0.09285,3482973.656585258
2026-02-25 08:00:00+00:00,0.092917,0.093569,0.0925,0.09348,12000748.314833015
2026-02-25 09:00:00+00:00,0.09346,0.093924,0.09321,0.0935,5967677.24848257
2026-02-25 10:00:00+00:00,0.09349,0.093981,0.09339,0.09369,7087392.52901498
2026-02-25 11:00:00+00:00,0.0936649,0.094311,0.09342,0.09406,5618787.36425826
2026-02-25 12:00:00+00:00,0.09406,0.096157,0.0940147,0.09577,12534406.800842144
2026-02-25 13:00:00+00:00,0.09578,0.097585,0.09564,0.09699,39480911.7353373
2026-02-25 14:00:00+00:00,0.09701,0.10112,0.09701,0.1008,78071602.95037964
2026-02-25 15:00:00+00:00,0.10084,0.1029759,0.1002618,0.10157,119679285.86292449
2026-02-25 16:00:00+00:00,0.10157,0.10291,0.1008226,0.1027,53769020.93557484
2026-02-25 17:00:00+00:00,0.1027,0.10351,0.10248,0.10284,40418030.37866291
2026-02-25 18:00:00+00:00,0.10283,0.10408,0.10229,0.1036126,29439610.6824088
2026-02-25 19:00:00+00:00,0.10362,0.10445,0.10325,0.10407,26684010.7473759
2026-02-25 20:00:00+00:00,0.10409,0.10463,0.1033215,0.10406,29553904.603889287
2026-02-25 21:00:00+00:00,0.10407,0.10622,0.1039,0.10535,51638101.471700914
2026-02-25 22:00:00+00:00,0.10537,0.106,0.10215,0.1029967,45354498.7706251
2026-02-25 23:00:00+00:00,0.10297,0.10355,0.09948,0.10095,39988472.43260666
2026-02-26 00:00:00+00:00,0.10095,0.10167,0.09983,0.10047,19731615.664924342
2026-02-26 01:00:00+00:00,0.1005,0.10138,0.10032,0.10062,9674487.49968204
2026-02-26 02:00:00+00:00,0.10062,0.10169,0.09987,0.10136,8960493.52698734
2026-02-26 03:00:00+00:00,0.10139,0.10157,0.10072,0.10082,5225751.994715261
2026-02-26 04:00:00+00:00,0.10079,0.10181,0.1006494,0.1012,4456943.9751499705
2026-02-26 05:00:00+00:00,0.1011868,0.1011868,0.09966,0.10023,7551114.920592691
2026-02-26 06:00:00+00:00,0.10021,0.10066,0.0998,0.10003,5786447.503838321
2026-02-26 07:00:00+00:00,0.1000249,0.10034,0.09932,0.0996,8868699.925424177
2026-02-26 08:00:00+00:00,0.09958,0.10038,0.09952,0.09957,5857731.907482459
2026-02-26 09:00:00+00:00,0.09958,0.10076,0.09948,0.10023,14158683.608088834
2026-02-26 10:00:00+00:00,0.10021,0.10031,0.09874,0.09894,11913243.721123278
2026-02-26 11:00:00+00:00,0.09893,0.099088,0.09828,0.09851,6997862.867136549
2026-02-26 12:00:00+00:00,0.098573,0.099582,0.09846,0.0994,12929693.305238122
2026-02-26 13:00:00+00:00,0.09938,0.099558,0.09885,0.0989973,4879045.19678201
2026-02-26 14:00:00+00:00,0.09901,0.099599,0.098,0.09888,30731204.69545324
2026-02-26 15:00:00+00:00,0.09887,0.0991,0.09731,0.0986011,30954185.55477188
2026-02-26 16:00:00+00:00,0.09861,0.09878,0.09561,0.09575,48963789.5997483
2026-02-26 17:00:00+00:00,0.09572,0.096792,0.09564,0.09585,12091236.57090664
2026-02-26 18:00:00+00:00,0.0958,0.096774,0.09539,0.09607,15883315.384949705
2026-02-26 19:00:00+00:00,0.09608,0.097663,0.09604,0.09736,24033751.633655664
2026-02-26 20:00:00+00:00,0.09735,0.09764,0.09666,0.09678,8681185.656293882
2026-02-26 21:00:00+00:00,0.09675,0.097024,0.0964406,0.0967173,4712619.00828623
2026-02-26 22:00:00+00:00,0.09671,0.097174,0.09654,0.09695,4017039.938223539
2026-02-26 23:00:00+00:00,0.09694,0.097234,0.0966,0.097,5382877.07652856
2026-02-27 00:00:00+00:00,0.09702,0.097105,0.09623,0.09669,7605870.830154161
2026-02-27 01:00:00+00:00,0.0967,0.097274,0.09641,0.09713,6761868.366525102
2026-02-27 02:00:00+00:00,0.09714,0.097733,0.097085,0.097265,5935350.497068681
2026-02-27 03:00:00+00:00,0.097335,0.097766,0.09664,0.0975279,4561977.90489347
2026-02-27 04:00:00+00:00,0.09756,0.09951,0.09752,0.09846,32496580.05580688
2026-02-27 05:00:00+00:00,0.09846,0.099151,0.09841,0.09856,4817372.162332539
2026-02-27 06:00:00+00:00,0.09855,0.099096,0.0980273,0.0989,5008192.17607591
2026-02-27 07:00:00+00:00,0.09889,0.09898,0.09778,0.09844,4717961.817026752
2026-02-27 08:00:00+00:00,0.09844,0.098698,0.09802,0.0982633,7926656.217356883
2026-02-27 09:00:00+00:00,0.09831,0.098651,0.097,0.0974,11707384.165351104
2026-02-27 10:00:00+00:00,0.09738,0.097523,0.09594,0.09605,9436781.366280902
2026-02-27 11:00:00+00:00,0.09604,0.096566,0.09469,0.09496,19052556.42288229
2026-02-27 12:00:00+00:00,0.09498,0.095476,0.09472,0.0951739,17868845.133810606
2026-02-27 13:00:00+00:00,0.09516,0.095595,0.09389,0.0948,32861905.7652384
2026-02-27 14:00:00+00:00,0.09479,0.094946,0.09379,0.09395,12754027.382251604
2026-02-27 15:00:00+00:00,0.09394,0.09446,0.09362,0.09404,19736163.43249088
2026-02-27 16:00:00+00:00,0.09404,0.09431,0.09334,0.09366,21079785.315494552
2026-02-27 17:00:00+00:00,0.09367,0.093997,0.093,0.09374,7406551.966679378
2026-02-27 18:00:00+00:00,0.09374,0.093978,0.0932558,0.0934051,5768281.600848822
2026-02-27 19:00:00+00:00,0.09341,0.093548,0.09272,0.093,6557909.440336711
2026-02-27 20:00:00+00:00,0.093,0.093498,0.09295,0.09321,5581643.52486779
2026-02-27 21:00:00+00:00,0.0932461,0.093576,0.0929,0.09312,7977479.13423302
2026-02-27 22:00:00+00:00,0.09313,0.093327,0.09195,0.0931149,16990779.242783237
2026-02-27 23:00:00+00:00,0.09311,0.093569,0.0929226,0.09338,8283832.685495252
2026-02-28 00:00:00+00:00,0.09339,0.09382,0.0932727,0.09347,6335284.750785601
2026-02-28 01:00:00+00:00,0.09349,0.093803,0.0932291,0.09333,3436579.06007935
2026-02-28 02:00:00+00:00,0.09332,0.093859,0.09325,0.09371,2119169.47721583
2026-02-28 03:00:00+00:00,0.09371,0.093803,0.09312,0.09322,4501351.29493833
2026-02-28 04:00:00+00:00,0.0932276,0.093469,0.09274,0.09312,4477875.375680729
2026-02-28 05:00:00+00:00,0.0931017,0.093249,0.09243,0.09259,5223502.537909753
2026-02-28 06:00:00+00:00,0.09257,0.092698,0.08824,0.08867,69959530.95619498
2026-02-28 07:00:00+00:00,0.0886938,0.090486,0.08804,0.08935,26028576.5739702
2026-02-28 08:00:00+00:00,0.0893295,0.089514,0.08845,0.088727,14408377.734618874
2026-02-28 09:00:00+00:00,0.08859,0.089334,0.0878438,0.08842,11954172.841498924
2026-02-28 10:00:00+00:00,0.08841,0.08923,0.08774,0.08854,13756622.096915737
2026-02-28 11:00:00+00:00,0.08855,0.089291,0.0885,0.08876,15015676.792594308
2026-02-28 12:00:00+00:00,0.08875,0.089385,0.08858,0.08885,25727690.002034027
2026-02-28 13:00:00+00:00,0.08886,0.09203,0.08885,0.09152,45553170.33426868
2026-02-28 14:00:00+00:00,0.091627,0.091994,0.09006,0.0902728,26184568.1246449
2026-02-28 15:00:00+00:00,0.09029,0.091142,0.08978,0.09081,20407716.776980527
2026-02-28 16:00:00+00:00,0.0908,0.091219,0.0904,0.0909,9193257.42381098
2026-02-28 17:00:00+00:00,0.09092,0.091395,0.090139,0.0911216,12247423.480903558
2026-02-28 18:00:00+00:00,0.09116,0.092944,0.0908,0.09214,22796727.0710792
2026-02-28 19:00:00+00:00,0.09212,0.093526,0.091423,0.09285,37351379.879179336
2026-02-28 20:00:00+00:00,0.09286,0.094785,0.09262,0.09432,25015524.549696065
2026-02-28 21:00:00+00:00,0.09433,0.09442,0.0934083,0.09385,22286170.09558282
2026-02-28 22:00:00+00:00,0.093983,0.09509,0.09385,0.09393,16481485.18958006
2026-02-28 23:00:00+00:00,0.09393,0.094293,0.09379,0.09407,9525714.910419524
2026-03-01 00:00:00+00:00,0.09409,0.094365,0.09357,0.09392,6079952.675018333
2026-03-01 01:00:00+00:00,0.09392,0.096346,0.09309,0.09546,29950124.79988436
2026-03-01 02:00:00+00:00,0.0954901,0.097919,0.0954901,0.097121,45145089.28583649
2026-03-01 03:00:00+00:00,0.09705,0.09728,0.09583,0.09606,28097624.580330137
2026-03-01 04:00:00+00:00,0.0961,0.096635,0.09565,0.09624,7861096.068944251
2026-03-01 05:00:00+00:00,0.0962541,0.096709,0.09584,0.09592,3349395.6141389
2026-03-01 06:00:00+00:00,0.09592,0.096002,0.09441,0.09477,10569974.62496501
2026-03-01 07:00:00+00:00,0.0948017,0.09509,0.09434,0.094979,3287604.2645306503
2026-03-01 08:00:00+00:00,0.094961,0.094961,0.09334,0.0937,6841668.229716579
2026-03-01 09:00:00+00:00,0.09362,0.094499,0.0933,0.0935,6163218.416711164
2026-03-01 10:00:00+00:00,0.09346,0.094076,0.09318,0.093767,4032504.263746312
2026-03-01 11:00:00+00:00,0.09369,0.093875,0.0934,0.09351,6039969.769291032
2026-03-01 12:00:00+00:00,0.09351,0.093814,0.09286,0.09296,5058734.422580708
2026-03-01 13:00:00+00:00,0.09297,0.095092,0.09253,0.0943358,15117531.449597755
2026-03-01 14:00:00+00:00,0.094339,0.095709,0.09372,0.09405,15973259.17448985
2026-03-01 15:00:00+00:00,0.09406,0.094715,0.09376,0.09386,6316950.7923371205
2026-03-01 16:00:00+00:00,0.09387,0.094626,0.092,0.09289,26983866.859041147
2026-03-01 17:00:00+00:00,0.09287,0.093031,0.091695,0.09229,30603628.04659497
2026-03-01 18:00:00+00:00,0.09232,0.0936,0.09231,0.09279,11485477.927657004
2026-03-01 19:00:00+00:00,0.09278,0.09279,0.091455,0.091861,20592919.988688983
2026-03-01 20:00:00+00:00,0.0918,0.092021,0.0905487,0.0909,26507561.023093738
2026-03-01 21:00:00+00:00,0.09091,0.09212,0.0908423,0.092,15078351.16966576
2026-03-01 22:00:00+00:00,0.092,0.09347,0.091758,0.09186,24526977.741209723
2026-03-01 23:00:00+00:00,0.09187,0.09296,0.09166,0.09186,7174949.904010729
2026-03-02 00:00:00+00:00,0.09191,0.093546,0.0918259,0.09306,9834038.618412446
2026-03-02 01:00:00+00:00,0.093098,0.094525,0.09294,0.09336,5989405.318331202
2026-03-02 02:00:00+00:00,0.0933,0.0936632,0.09253,0.0926861,12936617.394145772
2026-03-02 03:00:00+00:00,0.09272,0.093551,0.09241,0.093308,7232789.162629259
2026-03-02 04:00:00+00:00,0.0932897,0.093555,0.09294,0.09318,4116231.5093506086
2026-03-02 05:00:00+00:00,0.0931912,0.093614,0.09273,0.09299,2096205.0728880896
2026-03-02 06:00:00+00:00,0.09301,0.093053,0.09162,0.09203,6439886.155737209
2026-03-02 07:00:00+00:00,0.09202,0.09214,0.09119,0.09172,2636457.2140491595
2026-03-02 08:00:00+00:00,0.09173,0.09243,0.09129,0.0923,9229124.3367874
2026-03-02 09:00:00+00:00,0.0923189,0.092985,0.09205,0.092117,4285528.106271727
2026-03-02 10:00:00+00:00,0.09206,0.092327,0.0915868,0.09189,8822380.266099436
2026-03-02 11:00:00+00:00,0.09188,0.092208,0.09143,0.091916,6729278.51952615
2026-03-02 12:00:00+00:00,0.09184,0.092091,0.09129,0.09146,5709843.361826273
2026-03-02 13:00:00+00:00,0.0913998,0.091742,0.09082,0.09091,8219253.544081992
2026-03-02 14:00:00+00:00,0.09094,0.09387,0.09077,0.0935975,27306670.00173767
2026-03-02 15:00:00+00:00,0.09355,0.096743,0.09333,0.0957,47276697.0013166
2026-03-02 16:00:00+00:00,0.09568,0.0977807,0.09543,0.09624,59917169.41307674
2026-03-02 17:00:00+00:00,0.09626,0.09652,0.09435,0.09542,26168560.22910846
2026-03-02 18:00:00+00:00,0.09543,0.09607,0.09462,0.09553,11455828.62497
2026-03-02 19:00:00+00:00,0.09553,0.09586,0.094909,0.09555,15700184.933035215
2026-03-02 20:00:00+00:00,0.09553,0.09601,0.09463,0.09464,17820389.754909378
2026-03-02 21:00:00+00:00,0.09467,0.09472,0.09395,0.09414,12922569.79843677
2026-03-02 22:00:00+00:00,0.09415,0.095178,0.09407,0.09481,16276934.831678197
2026-03-02 23:00:00+00:00,0.09476,0.09489,0.09329,0.09356,15346356.448888708
2026-03-03 00:00:00+00:00,0.09356,0.093801,0.092782,0.09353,9946884.340158708
2026-03-03 01:00:00+00:00,0.09352,0.09384,0.09281,0.09287,8905436.69740538
2026-03-03 02:00:00+00:00,0.0929,0.092984,0.09212,0.0926,11058857.716555526
2026-03-03 03:00:00+00:00,0.0926,0.092814,0.09207,0.0925708,6994908.13405969
2026-03-03 04:00:00+00:00,0.09256,0.092642,0.09156,0.0917191,8094286.083871621
2026-03-03 05:00:00+00:00,0.0917283,0.092406,0.09121,0.09166,8841417.387955302
2026-03-03 06:00:00+00:00,0.09162,0.091906,0.0913,0.0916361,4001374.99858084
2026-03-03 07:00:00+00:00,0.0916597,0.092088,0.0911,0.091409,11116939.705723802
2026-03-03 08:00:00+00:00,0.0913411,0.091606,0.08971,0.08993,21849518.46329694
2026-03-03 09:00:00+00:00,0.08993,0.090558,0.0895,0.08968,32551160.1541129
2026-03-03 10:00:00+00:00,0.08967,0.09009,0.08923,0.08986,10434309.963676251
2026-03-03 11:00:00+00:00,0.08985,0.090155,0.0896,0.090073,6716274.962650201
2026-03-03 12:00:00+00:00,0.09006,0.0911633,0.0898,0.09038,13563251.784066789
2026-03-03 13:00:00+00:00,0.09042,0.09043,0.08962,0.0898721,16496546.872646691
2026-03-03 14:00:00+00:00,0.08985,0.0910202,0.08866,0.08933,32326575.071006536
2026-03-03 15:00:00+00:00,0.08932,0.0906438,0.08875,0.09019,21646183.384476144
2026-03-03 16:00:00+00:00,0.09019,0.09261,0.08982,0.09091,73410556.59495492
2026-03-03 17:00:00+00:00,0.09092,0.09108,0.08748,0.09014,43637734.43722344
2026-03-03 18:00:00+00:00,0.09017,0.09069,0.08933,0.08981,13890089.87340299
2026-03-03 19:00:00+00:00,0.0898,0.08996,0.089106,0.0894,19557038.25299787
2026-03-03 20:00:00+00:00,0.0894225,0.089482,0.0888444,0.08912,18614355.706569903
2026-03-03 21:00:00+00:00,0.0891,0.089485,0.088463,0.0894,8797605.29794664
2026-03-03 22:00:00+00:00,0.08942,0.090674,0.08942,0.0902,6682438.293092847
2026-03-03 23:00:00+00:00,0.09017,0.0909,0.08989,0.08998,12258802.919335442
2026-03-04 00:00:00+00:00,0.0899928,0.09019,0.08928,0.08983,7646729.297581909
2026-03-04 01:00:00+00:00,0.08986,0.090671,0.089522,0.089924,11170210.831887905
2026-03-04 02:00:00+00:00,0.0899,0.09017,0.0895,0.08993,6330601.491216162
2026-03-04 03:00:00+00:00,0.08995,0.09015,0.08861,0.08943,10978461.377493782
2026-03-04 04:00:00+00:00,0.089408,0.08987,0.08895,0.08932,7532315.666488482
2026-03-04 05:00:00+00:00,0.0893069,0.08967,0.0887262,0.08928,5375757.273183529
2026-03-04 06:00:00+00:00,0.08925,0.08978,0.08874,0.0892233,10019859.86753746
2026-03-04 07:00:00+00:00,0.0892277,0.09058,0.0888725,0.09013,11227156.135666398
2026-03-04 08:00:00+00:00,0.09016,0.09267,0.0897,0.09229,41006907.352184646
2026-03-04 09:00:00+00:00,0.0923,0.093455,0.09197,0.09257,41249364.30049464
2026-03-04 10:00:00+00:00,0.0925791,0.09329,0.09249,0.09304,17781673.93661586
2026-03-04 11:00:00+00:00,0.09304,0.09315,0.0919,0.09231,8797381.072318468
2026-03-04 12:00:00+00:00,0.0923,0.09268,0.091461,0.09246,15098453.158144591
2026-03-04 13:00:00+00:00,0.09244,0.0942195,0.0923544,0.09406,16808095.76341612
2026-03-04 14:00:00+00:00,0.09406,0.09612,0.0938492,0.09522,48403235.57241626
2026-03-04 15:00:00+00:00,0.09524,0.09924,0.0952201,0.09905,110535743.71172726
2026-03-04 16:00:00+00:00,0.09907,0.10017,0.0974561,0.09965,67381670.36690739
2026-03-04 17:00:00+00:00,0.099662,0.10341,0.09955,0.10183,98831637.35524438
2026-03-04 18:00:00+00:00,0.10184,0.10253,0.10122,0.10222,48992148.66433485
2026-03-04 19:00:00+00:00,0.10223,0.10435,0.10191,0.1028056,58878109.24199992
2026-03-04 20:00:00+00:00,0.10284,0.1035618,0.10203,0.10227,28024153.30838684
2026-03-04 21:00:00+00:00,0.10228,0.10274,0.1017,0.10223,20433164.12024561
2026-03-04 22:00:00+00:00,0.10224,0.10309,0.0982,0.09919,44009922.35817451
2026-03-04 23:00:00+00:00,0.09918,0.0999,0.0988631,0.0989365,30402104.04690052
2026-03-05 00:00:00+00:00,0.09894,0.09923,0.09773,0.0981908,22335551.76588581
2026-03-05 01:00:00+00:00,0.09816,0.09886,0.09655,0.0969,24198473.671898384
2026-03-05 02:00:00+00:00,0.09689,0.0973792,0.096162,0.09645,16908925.66467084
2026-03-05 03:00:00+00:00,0.096517,0.096517,0.095937,0.09621,10407978.493399784
2026-03-05 04:00:00+00:00,0.09622,0.09741,0.09613,0.0968,16865340.675177682
2026-03-05 05:00:00+00:00,0.0967932,0.097113,0.095963,0.09609,7007398.170619137
2026-03-05 06:00:00+00:00,0.09607,0.09656,0.095498,0.09651,12356057.522533294
2026-03-05 07:00:00+00:00,0.0965469,0.09666,0.095196,0.0957,8249266.095936647
2026-03-05 08:00:00+00:00,0.09571,0.0959,0.09534,0.09576,6458473.8381534815
2026-03-05 09:00:00+00:00,0.09575,0.09659,0.0957,0.09628,7018483.237265681
2026-03-05 10:00:00+00:00,0.09628,0.09802,0.09603,0.0977308,14357661.7830131
2026-03-05 11:00:00+00:00,0.09773,0.09796,0.095597,0.09594,28219603.0283169
2026-03-05 12:00:00+00:00,0.09594,0.0964973,0.0954751,0.09628,10650039.359624237
2026-03-05 13:00:00+00:00,0.09629,0.09632,0.094562,0.09517,24933731.173051424
2026-03-05 14:00:00+00:00,0.0951521,0.09578,0.094197,0.09545,20874924.256443083
2026-03-05 15:00:00+00:00,0.09546,0.09565,0.093801,0.0943,20029502.48180396
2026-03-05 16:00:00+00:00,0.09428,0.0943,0.092712,0.09393,43592141.126151815
2026-03-05 17:00:00+00:00,0.09392,0.09432,0.092737,0.093102,12183238.526034838
2026-03-05 18:00:00+00:00,0.09309,0.09394,0.09295,0.0937609,8672415.792885615
2026-03-05 19:00:00+00:00,0.09373,0.09455,0.09373,0.09391,7384286.727878679
2026-03-05 20:00:00+00:00,0.09393,0.09479,0.093856,0.09436,11676611.817630578
2026-03-05 21:00:00+00:00,0.09436,0.09471,0.093664,0.09392,7430094.122862893
2026-03-05 22:00:00+00:00,0.09393,0.09409,0.093543,0.09384,5838900.613803599
2026-03-05 23:00:00+00:00,0.09384,0.09394,0.093439,0.09357,5675676.49509382
2026-03-06 00:00:00+00:00,0.09358,0.09388,0.093465,0.0937151,4283600.475209428
2026-03-06 01:00:00+00:00,0.09372,0.09433,0.0931632,0.09404,6641012.354353949
2026-03-06 02:00:00+00:00,0.09404,0.09404,0.093465,0.09364,4230341.225871438
2026-03-06 03:00:00+00:00,0.0936383,0.09405,0.09358,0.09391,4107158.95953938
2026-03-06 04:00:00+00:00,0.0939231,0.0939231,0.092906,0.09347,3565681.9162426405
2026-03-06 05:00:00+00:00,0.0934517,0.09376,0.0931971,0.0936092,5365788.148218439
2026-03-06 06:00:00+00:00,0.09361,0.09379,0.09335,0.09339,2380808.7544829505
2026-03-06 07:00:00+00:00,0.0933935,0.09437,0.09336,0.09399,15618204.005639875
2026-03-06 08:00:00+00:00,0.094,0.094009,0.092869,0.09325,7350584.053731512
2026-03-06 09:00:00+00:00,0.09328,0.09329,0.092346,0.09324,7424527.097885368
2026-03-06 10:00:00+00:00,0.0932316,0.09381,0.093139,0.093518,6995554.67857063
2026-03-06 11:00:00+00:00,0.09351,0.09369,0.09297,0.0931,3936303.50079616
2026-03-06 12:00:00+00:00,0.09309,0.0935305,0.09268,0.09307,6207309.798289533
2026-03-06 13:00:00+00:00,0.09305,0.09355,0.09143,0.0916,29453820.32957334
2026-03-06 14:00:00+00:00,0.0916,0.09169,0.08999,0.0904085,67319666.35093392
2026-03-06 15:00:00+00:00,0.09032,0.09102,0.089954,0.09032,27723662.432816595
2026-03-06 16:00:00+00:00,0.09028,0.09131,0.090187,0.09082,25898677.8023918
2026-03-06 17:00:00+00:00,0.09081,0.0911,0.09001,0.0903,19145673.1428398
2026-03-06 18:00:00+00:00,0.09029,0.09079,0.09022,0.0906788,21812772.717906248
2026-03-06 19:00:00+00:00,0.09065,0.091165,0.09063,0.09086,15123037.941202132
2026-03-06 20:00:00+00:00,0.09084,0.09114,0.090548,0.09104,6766206.340807909
2026-03-06 21:00:00+00:00,0.09104,0.09116,0.09077,0.09114,3503260.84787506
2026-03-06 22:00:00+00:00,0.09113,0.09163,0.09099,0.09127,8034106.088564481
2026-03-06 23:00:00+00:00,0.09128,0.09142,0.09112,0.09127,5960466.81317132
2026-03-07 00:00:00+00:00,0.09128,0.09156,0.0911955,0.09139,4413346.222726592
2026-03-07 01:00:00+00:00,0.09141,0.09175,0.0912609,0.09155,3305501.06812454
2026-03-07 02:00:00+00:00,0.09155,0.09167,0.091106,0.0915974,5524864.413843418
2026-03-07 03:00:00+00:00,0.09162,0.092155,0.091018,0.09107,19457415.417385444
2026-03-07 04:00:00+00:00,0.09108,0.091308,0.090673,0.09084,4833617.209056676
2026-03-07 05:00:00+00:00,0.0908439,0.09096,0.09044,0.09071,3848456.849463061
2026-03-07 06:00:00+00:00,0.0906973,0.09086,0.0904799,0.090548,2485004.840513981
2026-03-07 07:00:00+00:00,0.0905837,0.090768,0.09037,0.09059,3535177.9150108485
2026-03-07 08:00:00+00:00,0.0905705,0.09087,0.090366,0.09042,2477112.9804248097
2026-03-07 09:00:00+00:00,0.09041,0.0906,0.090023,0.0903669,5395510.040908121
2026-03-07 10:00:00+00:00,0.09037,0.09054,0.09032,0.09038,1152864.6606418795
2026-03-07 11:00:00+00:00,0.09035,0.09083,0.090125,0.0906,4351668.787010469
2026-03-07 12:00:00+00:00,0.0906,0.090709,0.09034,0.0904002,1553597.4046906603
2026-03-07 13:00:00+00:00,0.0904,0.090635,0.09017,0.09031,3603455.1917318897
2026-03-07 14:00:00+00:00,0.0903,0.09041,0.089349,0.0901,17531812.40073405
2026-03-07 15:00:00+00:00,0.09008,0.0901864,0.089625,0.09,9177731.446954392
2026-03-07 16:00:00+00:00,0.09,0.09022,0.0899293,0.09017,2765671.4739872003
2026-03-07 17:00:00+00:00,0.09017,0.090638,0.090165,0.09047,2543823.0570239304
2026-03-07 18:00:00+00:00,0.09048,0.09048,0.089469,0.0901504,11575604.876894364
2026-03-07 19:00:00+00:00,0.09014,0.09014,0.089182,0.0896366,9668577.310940214
2026-03-07 20:00:00+00:00,0.089616,0.09017,0.08961,0.09008,3245763.8438682496
2026-03-07 21:00:00+00:00,0.09006,0.0902,0.089764,0.09001,5142993.235956801
2026-03-07 22:00:00+00:00,0.09002,0.090071,0.08942,0.08976,4945732.9226293
2026-03-07 23:00:00+00:00,0.08977,0.090023,0.08971,0.08994,3515680.7358387704
2026-03-08 00:00:00+00:00,0.089935,0.0902,0.089711,0.089933,4603650.808113969
2026-03-08 01:00:00+00:00,0.08991,0.0901,0.08975,0.09004,2522090.97192159
2026-03-08 02:00:00+00:00,0.0900164,0.090083,0.08876,0.08927,8845606.63040259
2026-03-08 03:00:00+00:00,0.08926,0.08951,0.0889974,0.08931,6430291.074232137
2026-03-08 04:00:00+00:00,0.08935,0.0896,0.08871,0.08898,8455198.339552978
2026-03-08 05:00:00+00:00,0.0889772,0.089731,0.088941,0.08943,5313884.94168766
2026-03-08 06:00:00+00:00,0.08943,0.08947,0.08904,0.08911,3781880.466824321
2026-03-08 07:00:00+00:00,0.0891086,0.08958,0.08904,0.08933,3093456.8224482406
2026-03-08 08:00:00+00:00,0.08934,0.08945,0.08896,0.0894,2297462.94332518
2026-03-08 09:00:00+00:00,0.08938,0.090131,0.0892689,0.08992,4216535.421409871
2026-03-08 10:00:00+00:00,0.0899224,0.09134,0.0899224,0.09055,13234965.412425283
2026-03-08 11:00:00+00:00,0.09053,0.09053,0.08909,0.0893705,11131247.18305304
2026-03-08 12:00:00+00:00,0.08934,0.08948,0.08812,0.08896,20230356.56972704
2026-03-08 13:00:00+00:00,0.08897,0.089091,0.087835,0.0887,11324136.62231879
2026-03-08 14:00:00+00:00,0.08869,0.08926,0.088622,0.08914,5171249.362468688
2026-03-08 15:00:00+00:00,0.0891115,0.08918,0.08853,0.0887,6863603.79077983
2026-03-08 16:00:00+00:00,0.08871,0.08885,0.08827,0.088512,6580586.024353221
2026-03-08 17:00:00+00:00,0.08854,0.08912,0.088516,0.08863,2843152.4370550485
2026-03-08 18:00:00+00:00,0.08864,0.08868,0.08821,0.0885174,3387682.379191279
2026-03-08 19:00:00+00:00,0.08853,0.0897,0.08841,0.08934,12299399.2268847
2026-03-08 20:00:00+00:00,0.08935,0.09012,0.08916,0.08968,7409273.31255055
2026-03-08 21:00:00+00:00,0.0897,0.08985,0.08907,0.08953,4642362.336278308
2026-03-08 22:00:00+00:00,0.08953,0.089633,0.0859334,0.08943,47197569.51611701
2026-03-08 23:00:00+00:00,0.08944,0.089857,0.088884,0.08915,11889918.77800837
2026-03-09 00:00:00+00:00,0.08912,0.0905,0.0890696,0.08982,22752567.30359048
2026-03-09 01:00:00+00:00,0.08981,0.09013,0.0893,0.08938,7092891.161857041
2026-03-09 02:00:00+00:00,0.0893744,0.09005,0.088977,0.08976,14963739.5260522
2026-03-09 03:00:00+00:00,0.08976,0.091706,0.089633,0.09039,24778927.404055703
2026-03-09 04:00:00+00:00,0.0904,0.090892,0.09022,0.09035,5485923.84620971
2026-03-09 05:00:00+00:00,0.0903437,0.09181,0.09012,0.09143,19054793.79004778
2026-03-09 06:00:00+00:00,0.09146,0.091719,0.0903,0.09042,6242167.918116585
2026-03-09 07:00:00+00:00,0.0904028,0.090474,0.0893102,0.08998,7836101.088954169
2026-03-09 08:00:00+00:00,0.09,0.090683,0.08989,0.09048,7063194.677771198
2026-03-09 09:00:00+00:00,0.0904802,0.091367,0.09002,0.0903853,10139100.695866644
2026-03-09 10:00:00+00:00,0.090433,0.09075,0.08994,0.0901,4501407.611911928
2026-03-09 11:00:00+00:00,0.09011,0.09052,0.08973,0.09034,1862914.0292714697
2026-03-09 12:00:00+00:00,0.09036,0.09113,0.0903494,0.09088,7722699.336282458
2026-03-09 13:00:00+00:00,0.09086,0.09244,0.0908098,0.09191,20114489.59218328
2026-03-09 14:00:00+00:00,0.0919,0.09231,0.09089,0.0915739,29349352.621320616
2026-03-09 15:00:00+00:00,0.09162,0.09187,0.09063,0.09115,25467852.535913154
2026-03-09 16:00:00+00:00,0.09116,0.09165,0.09078,0.09123,9627895.476138966
2026-03-09 17:00:00+00:00,0.091214,0.09177,0.09099,0.09141,8478825.03207465
2026-03-09 18:00:00+00:00,0.0914,0.09172,0.090805,0.09086,8971249.37372234
2026-03-09 19:00:00+00:00,0.09088,0.09286,0.090658,0.09131,25925600.54006006
2026-03-09 20:00:00+00:00,0.0913,0.09149,0.09082,0.09128,7790728.371109551
2026-03-09 21:00:00+00:00,0.09125,0.09184,0.09111,0.09149,4421443.46505394
2026-03-09 22:00:00+00:00,0.0915,0.09159,0.090495,0.0907172,13170299.39360606
2026-03-09 23:00:00+00:00,0.090759,0.09095,0.09022,0.0905,6662271.167475718
2026-03-10 00:00:00+00:00,0.09049,0.09145,0.0903409,0.09108,6214708.013361459
2026-03-10 01:00:00+00:00,0.09107,0.0913,0.09052,0.09104,4389371.72738891
2026-03-10 02:00:00+00:00,0.09103,0.092411,0.09071,0.0920065,24792303.66244324
2026-03-10 03:00:00+00:00,0.09201,0.0922,0.09102,0.0912315,9863969.470743474
2026-03-10 04:00:00+00:00,0.09122,0.09208,0.09117,0.091872,4515171.649034841
2026-03-10 05:00:00+00:00,0.0919012,0.09233,0.09169,0.0918,4962833.688981551
2026-03-10 06:00:00+00:00,0.09182,0.09192,0.09139,0.09163,2163054.877588909
2026-03-10 07:00:00+00:00,0.0916282,0.0924799,0.09141,0.09231,13787849.272120638
2026-03-10 08:00:00+00:00,0.09233,0.09423,0.09227,0.09357,28283311.7020794
2026-03-10 09:00:00+00:00,0.09358,0.095589,0.093561,0.09528,46923782.934698336
2026-03-10 10:00:00+00:00,0.09519,0.0959327,0.09446,0.0955,14312030.23435166
2026-03-10 11:00:00+00:00,0.0955,0.09573,0.09423,0.0945,19966085.899109155
2026-03-10 12:00:00+00:00,0.09451,0.095106,0.0942996,0.095042,17426727.33777418
2026-03-10 13:00:00+00:00,0.095,0.09707,0.09457,0.09612,42288613.76060863
2026-03-10 14:00:00+00:00,0.09613,0.09962,0.09489,0.0993199,72429397.69991614
2026-03-10 15:00:00+00:00,0.09932,0.09974,0.09769,0.09915,44877450.90601569
2026-03-10 16:00:00+00:00,0.09916,0.10045,0.09864,0.09987,73147838.59189259
2026-03-10 17:00:00+00:00,0.09985,0.10006,0.09789,0.098215,45630764.08302962
2026-03-10 18:00:00+00:00,0.09825,0.09826,0.09501,0.09544,50376536.91369439
2026-03-10 19:00:00+00:00,0.09548,0.095516,0.0943,0.09478,29123845.04765592
2026-03-10 20:00:00+00:00,0.09477,0.09507,0.09447,0.09497,15540160.865911566
2026-03-10 21:00:00+00:00,0.09496,0.09534,0.09385,0.09444,12933147.482365469
2026-03-10 22:00:00+00:00,0.09443,0.09486,0.0940127,0.09433,10687637.792305628
2026-03-10 23:00:00+00:00,0.09433,0.09478,0.09433,0.0945189,6553464.458932919
2026-03-11 00:00:00+00:00,0.094533,0.09488,0.09408,0.09444,14803943.715390315
2026-03-11 01:00:00+00:00,0.09444,0.09448,0.0932849,0.093636,18745862.64033906
2026-03-11 02:00:00+00:00,0.09364,0.093692,0.09247,0.0930189,15854035.993555715
2026-03-11 03:00:00+00:00,0.093,0.09322,0.09244,0.09261,18116162.998849194
2026-03-11 04:00:00+00:00,0.09263,0.093241,0.09223,0.09315,21679814.077688444
2026-03-11 05:00:00+00:00,0.0931334,0.09321,0.09146,0.091681,18757866.25011168
2026-03-11 06:00:00+00:00,0.09169,0.09226,0.0915,0.0920441,7789766.135215711
2026-03-11 07:00:00+00:00,0.0920525,0.092361,0.09149,0.09195,5776729.947754511
2026-03-11 08:00:00+00:00,0.09193,0.0923866,0.09173,0.092157,3072324.39337116
2026-03-11 09:00:00+00:00,0.0921,0.09213,0.09152,0.09169,3979845.147862409
2026-03-11 10:00:00+00:00,0.09169,0.092289,0.0916144,0.0922345,2506503.07091004
2026-03-11 11:00:00+00:00,0.09224,0.09242,0.09184,0.09196,4811090.510348859
2026-03-11 12:00:00+00:00,0.091977,0.093544,0.09173,0.09251,16616277.451019129
2026-03-11 13:00:00+00:00,0.0925,0.094892,0.09245,0.09314,50874765.489544496
2026-03-11 14:00:00+00:00,0.09315,0.09429,0.09269,0.09349,17020227.041475203
2026-03-11 15:00:00+00:00,0.0935,0.09357,0.0912289,0.09236,25421282.02352077
2026-03-11 16:00:00+00:00,0.09238,0.09318,0.09226,0.0929999,12070530.470765209
2026-03-11 17:00:00+00:00,0.09304,0.094262,0.09279,0.09371,15904213.779393105
2026-03-11 18:00:00+00:00,0.09375,0.09463,0.093739,0.0943998,15836631.32188794
2026-03-11 19:00:00+00:00,0.0944,0.09458,0.09374,0.0938626,5869564.854726089
2026-03-11 20:00:00+00:00,0.09383,0.093928,0.0933,0.09366,9251740.864852628
2026-03-11 21:00:00+00:00,0.09369,0.093921,0.0935198,0.09372,5380876.279602769
2026-03-11 22:00:00+00:00,0.09372,0.09424,0.09336,0.093504,7118167.751466062
2026-03-11 23:00:00+00:00,0.09349,0.093849,0.09278,0.09289,3672121.35567549
2026-03-12 00:00:00+00:00,0.0929168,0.09305,0.0924885,0.09273,7245873.337698101
2026-03-12 01:00:00+00:00,0.09273,0.09273,0.09217,0.09236,10029643.680306071
2026-03-12 02:00:00+00:00,0.09237,0.09255,0.09178,0.0918884,6527672.041475801
2026-03-12 03:00:00+00:00,0.09189,0.09258,0.091866,0.09218,7006920.87224648
2026-03-12 04:00:00+00:00,0.0922,0.09238,0.091962,0.09202,3465092.57435993
2026-03-12 05:00:00+00:00,0.0919926,0.09222,0.09186,0.09204,2539282.1758436
2026-03-12 06:00:00+00:00,0.092027,0.09218,0.091795,0.0920627,3097795.4138502604
2026-03-12 07:00:00+00:00,0.0920667,0.093048,0.09187,0.09291,9042966.975947533
2026-03-12 08:00:00+00:00,0.0929,0.093323,0.09254,0.09295,13079785.395891773
2026-03-12 09:00:00+00:00,0.09293,0.093691,0.0924,0.0931,6672088.713321552
2026-03-12 10:00:00+00:00,0.0930987,0.094544,0.09296,0.094375,12970324.065957587
2026-03-12 11:00:00+00:00,0.09434,0.095254,0.09413,0.09471,9197242.632472867
2026-03-12 12:00:00+00:00,0.0947106,0.09586,0.0945899,0.09513,23530666.13945439
2026-03-12 13:00:00+00:00,0.09515,0.095632,0.09399,0.09491,21279557.922477696
2026-03-12 14:00:00+00:00,0.09491,0.09583,0.0933,0.09372,34621319.37930969
2026-03-12 15:00:00+00:00,0.09371,0.09475,0.09316,0.0940947,22474098.24360857
2026-03-12 16:00:00+00:00,0.0940866,0.094891,0.09337,0.09474,16877520.600476403
2026-03-12 17:00:00+00:00,0.09475,0.094937,0.09412,0.09436,8139513.452053929
2026-03-12 18:00:00+00:00,0.09438,0.09454,0.09379,0.09386,5013261.923307102
2026-03-12 19:00:00+00:00,0.09386,0.094765,0.0936936,0.0944594,4734830.31283703
2026-03-12 20:00:00+00:00,0.09443,0.094647,0.0940455,0.09413,9114435.736267757
2026-03-12 21:00:00+00:00,0.09416,0.09478,0.09411,0.0947,5799563.027656259
2026-03-12 22:00:00+00:00,0.09468,0.094872,0.0942787,0.09443,5056421.9541327
2026-03-12 23:00:00+00:00,0.09442,0.095369,0.0944,0.0947477,16353235.68947156
2026-03-13 00:00:00+00:00,0.09474,0.098076,0.09455,0.09686,49661934.28504276
2026-03-13 01:00:00+00:00,0.09684,0.097225,0.096246,0.09707,11175430.792088715
2026-03-13 02:00:00+00:00,0.09709,0.09717,0.0956791,0.09596,19299196.56857881
2026-03-13 03:00:00+00:00,0.09599,0.097033,0.095906,0.0967815,6483447.152966949
2026-03-13 04:00:00+00:00,0.09677,0.09683,0.096149,0.0962414,4939426.419506465
2026-03-13 05:00:00+00:00,0.0962456,0.0969,0.095747,0.09652,6490597.618053609
2026-03-13 06:00:00+00:00,0.09655,0.09676,0.09607,0.09664,6415384.384779335
2026-03-13 07:00:00+00:00,0.0966501,0.09677,0.09629,0.09652,7904386.696773432
2026-03-13 08:00:00+00:00,0.09651,0.09771,0.0960907,0.09736,12761013.826595284
2026-03-13 09:00:00+00:00,0.09736,0.09914,0.09723,0.09864,18240760.70397122
2026-03-13 10:00:00+00:00,0.0986515,0.09954,0.0985,0.099,15787705.914909365
2026-03-13 11:00:00+00:00,0.09903,0.10047,0.09899,0.1000297,27838272.198960632
2026-03-13 12:00:00+00:00,0.10006,0.102,0.09942,0.1006796,42135046.3514401
2026-03-13 13:00:00+00:00,0.1007,0.1012,0.09954,0.100372,62652095.836684026
2026-03-13 14:00:00+00:00,0.1004257,0.10077,0.09729,0.09783,60867595.15071549
2026-03-13 15:00:00+00:00,0.09783,0.09894,0.097571,0.09799,33835692.0840132
2026-03-13 16:00:00+00:00,0.098,0.09849,0.097408,0.09774,20620930.731075138
2026-03-13 17:00:00+00:00,0.09774,0.09776,0.095661,0.09608,28787066.91875079
2026-03-13 18:00:00+00:00,0.09609,0.09639,0.095552,0.095814,14046936.855882164
2026-03-13 19:00:00+00:00,0.09588,0.09621,0.095416,0.09605,9874193.383146737
2026-03-13 20:00:00+00:00,0.09605,0.09656,0.095906,0.09655,12480549.520497585
2026-03-13 21:00:00+00:00,0.0965538,0.09681,0.095822,0.0962381,6073176.9868211085
2026-03-13 22:00:00+00:00,0.09625,0.09633,0.095444,0.09597,9890927.17441351
2026-03-13 23:00:00+00:00,0.09596,0.0961,0.095725,0.0959778,4871701.721296812
2026-03-14 00:00:00+00:00,0.09596,0.09603,0.095038,0.09545,6722544.30727439
2026-03-14 01:00:00+00:00,0.09541,0.09583,0.09533,0.09569,7102424.75169686
2026-03-14 02:00:00+00:00,0.09569,0.09591,0.0954286,0.09581,2305691.738532559
2026-03-14 03:00:00+00:00,0.095748,0.09626,0.095579,0.09606,3901768.424782969
2026-03-14 04:00:00+00:00,0.09606,0.09644,0.09556,0.09574,4756396.475287009
2026-03-14 05:00:00+00:00,0.0957674,0.09578,0.09533,0.0957005,3849579.403279831
2026-03-14 06:00:00+00:00,0.09571,0.09571,0.09426,0.0947536,17435863.62941208
2026-03-14 07:00:00+00:00,0.0947536,0.09493,0.09453,0.0946324,1625267.134061949
2026-03-14 08:00:00+00:00,0.0946247,0.094822,0.09435,0.09445,8227911.4810325
2026-03-14 09:00:00+00:00,0.09446,0.094611,0.094133,0.09426,7121141.676105538
2026-03-14 10:00:00+00:00,0.0942547,0.09445,0.09401,0.0944372,2456811.6433142303
2026-03-14 11:00:00+00:00,0.09443,0.09554,0.09443,0.09529,7080691.298370441
2026-03-14 12:00:00+00:00,0.09528,0.09535,0.09476,0.0949671,6617491.84631544
2026-03-14 13:00:00+00:00,0.09496,0.095511,0.0949,0.0953026,10084099.960466985
2026-03-14 14:00:00+00:00,0.0953,0.09569,0.094401,0.09458,9621183.52751306
2026-03-14 15:00:00+00:00,0.09458,0.09505,0.09455,0.09495,12673549.46512268
2026-03-14 16:00:00+00:00,0.09494,0.09547,0.094705,0.09534,8330814.674441012
2026-03-14 17:00:00+00:00,0.09531,0.09533,0.094637,0.0947,1502160.0698126706
2026-03-14 18:00:00+00:00,0.0947,0.09479,0.094257,0.0947309,3453187.6914890897
2026-03-14 19:00:00+00:00,0.09473,0.09483,0.094513,0.09482,1692018.0212922902
2026-03-14 20:00:00+00:00,0.0948,0.09505,0.0946,0.0948616,5272798.385597479
2026-03-14 21:00:00+00:00,0.09484,0.09515,0.094637,0.09507,2393299.227219739
2026-03-14 22:00:00+00:00,0.09507,0.09527,0.094864,0.095151,1461561.9726638205
2026-03-14 23:00:00+00:00,0.09517,0.096235,0.0951576,0.09607,10750575.46610753
2026-03-15 00:00:00+00:00,0.09608,0.09621,0.095372,0.0956049,8169619.799663212
2026-03-15 01:00:00+00:00,0.09562,0.0959815,0.095485,0.095544,2886669.20932026
2026-03-15 02:00:00+00:00,0.0955929,0.09746,0.0955929,0.09694,18671400.356189195
2026-03-15 03:00:00+00:00,0.09697,0.0973,0.095951,0.09602,7379127.161643871
2026-03-15 04:00:00+00:00,0.09603,0.09629,0.09562,0.095993,11267384.239547566
2026-03-15 05:00:00+00:00,0.096,0.09654,0.09569,0.09615,5922906.327909399
2026-03-15 06:00:00+00:00,0.096144,0.09622,0.095538,0.09572,4486826.61701901
2026-03-15 07:00:00+00:00,0.0957454,0.09596,0.09555,0.09562,1988022.0754614696
2026-03-15 08:00:00+00:00,0.09563,0.09654,0.09563,0.0964743,8578472.247712472
2026-03-15 09:00:00+00:00,0.09648,0.096699,0.096135,0.09618,6825148.557730638
2026-03-15 10:00:00+00:00,0.0961821,0.09638,0.09598,0.09626,3801529.67950412
2026-03-15 11:00:00+00:00,0.09625,0.09658,0.09608,0.09643,2158269.74450019
2026-03-15 12:00:00+00:00,0.09644,0.09651,0.096066,0.0964,3871299.368587168
2026-03-15 13:00:00+00:00,0.09641,0.0966726,0.0947,0.095295,16674821.005560404
2026-03-15 14:00:00+00:00,0.095299,0.0956179,0.095083,0.09555,7577537.823756113
2026-03-15 15:00:00+00:00,0.0956084,0.0956203,0.094902,0.095007,5841712.236854292
2026-03-15 16:00:00+00:00,0.095,0.0951223,0.094442,0.09474,4788022.288606499
2026-03-15 17:00:00+00:00,0.09474,0.09585,0.09465,0.09552,3216110.55529918
2026-03-15 18:00:00+00:00,0.095535,0.09561,0.094628,0.0948128,3830976.516528369
2026-03-15 19:00:00+00:00,0.0948095,0.09538,0.09471,0.09523,3639851.9775931295
2026-03-15 20:00:00+00:00,0.09523,0.095959,0.09496,0.09538,4846439.926208273
2026-03-15 21:00:00+00:00,0.09541,0.09609,0.09505,0.09587,7075603.999510541
2026-03-15 22:00:00+00:00,0.0959,0.09768,0.095259,0.09735,39403631.416249305
2026-03-15 23:00:00+00:00,0.09736,0.0981,0.0966512,0.09738,23559317.04660071
2026-03-16 00:00:00+00:00,0.0974,0.09821,0.09726,0.09799,19834051.07158061
2026-03-16 01:00:00+00:00,0.098006,0.09817,0.097306,0.09762,6791253.256404278
2026-03-16 02:00:00+00:00,0.09765,0.09849,0.097029,0.09816,12335515.267615922
2026-03-16 03:00:00+00:00,0.09812,0.10141,0.097797,0.09997,65489989.97846175
2026-03-16 04:00:00+00:00,0.1,0.10115,0.099802,0.1007252,28684912.354681723
2026-03-16 05:00:00+00:00,0.10071,0.1018,0.10045,0.10157,21709828.925303992
2026-03-16 06:00:00+00:00,0.1016,0.10256,0.101202,0.10168,23277188.189537585
2026-03-16 07:00:00+00:00,0.1016788,0.10269,0.10163,0.102,23479995.97040357
2026-03-16 08:00:00+00:00,0.102,0.10294,0.10021,0.1003645,30755653.972429443
2026-03-16 09:00:00+00:00,0.10035,0.1013652,0.09984,0.1010767,23939706.698834453
2026-03-16 10:00:00+00:00,0.1011,0.1013,0.10011,0.10069,12269416.09024398
2026-03-16 11:00:00+00:00,0.10067,0.10071,0.099362,0.09994,18755234.16624863
2026-03-16 12:00:00+00:00,0.09996,0.10052,0.09974,0.10011,14122369.230118
2026-03-16 13:00:00+00:00,0.10009,0.10171,0.09994,0.10053,34364270.36381032
2026-03-16 14:00:00+00:00,0.10054,0.1037536,0.09996,0.10315,52280206.54065655
2026-03-16 15:00:00+00:00,0.10315,0.10338,0.0999,0.10008,25481916.507355325
2026-03-16 16:00:00+00:00,0.10008,0.10138,0.099899,0.10114,16880677.739612
2026-03-16 17:00:00+00:00,0.10116,0.10172,0.10086,0.10143,17273010.07997759
2026-03-16 18:00:00+00:00,0.10141,0.10243,0.10124,0.10176,10675514.98887385
2026-03-16 19:00:00+00:00,0.10177,0.10296,0.10149,0.102,15348047.229329783
2026-03-16 20:00:00+00:00,0.10201,0.10213,0.10147,0.10156,10788864.453364052
2026-03-16 21:00:00+00:00,0.10156,0.10268,0.10121,0.10199,17998363.97175645
2026-03-16 22:00:00+00:00,0.102,0.10342,0.102,0.10325,29312143.76655135
2026-03-16 23:00:00+00:00,0.10324,0.10375,0.10222,0.10306,22169947.26696062
2026-03-17 00:00:00+00:00,0.1030268,0.10404,0.10253,0.10321,21939702.394103803
2026-03-17 01:00:00+00:00,0.10322,0.10392,0.10264,0.10322,19656367.926503967
2026-03-17 02:00:00+00:00,0.10324,0.10446,0.10219,0.10354,21671213.07416701
2026-03-17 03:00:00+00:00,0.10353,0.1036,0.1006,0.10126,25850294.573758136
2026-03-17 04:00:00+00:00,0.10128,0.10167,0.099871,0.10052,16510495.901964355
2026-03-17 05:00:00+00:00,0.10053,0.10073,0.099438,0.09997,24782904.806970704
2026-03-17 06:00:00+00:00,0.09997,0.10055,0.0996,0.1000937,14805593.54900782
2026-03-17 07:00:00+00:00,0.1000902,0.10113,0.10001,0.10054,7362505.569496382
2026-03-17 08:00:00+00:00,0.1005334,0.10143,0.10046,0.1008734,7268127.882949088
2026-03-17 09:00:00+00:00,0.1008932,0.10131,0.10035,0.10069,9293760.645777134
2026-03-17 10:00:00+00:00,0.100775,0.10078,0.099951,0.10022,6992143.292748361
2026-03-17 11:00:00+00:00,0.10021,0.10054,0.09998,0.10017,5860975.312959089
2026-03-17 12:00:00+00:00,0.1001528,0.10026,0.098664,0.09883,13450745.437903391
2026-03-17 13:00:00+00:00,0.09882,0.09975,0.098464,0.09895,22661365.281607755
2026-03-17 14:00:00+00:00,0.09897,0.09988,0.098324,0.09975,18026602.69290813
2026-03-17 15:00:00+00:00,0.09974,0.10059,0.0988359,0.099677,16057703.41692999
2026-03-17 16:00:00+00:00,0.09967,0.10041,0.09945,0.09993,7319216.999072799
2026-03-17 17:00:00+00:00,0.09995,0.1007,0.09965,0.1006248,8086889.21672754
2026-03-17 18:00:00+00:00,0.10064,0.10117,0.10038,0.1009875,10438662.175115883
2026-03-17 19:00:00+00:00,0.10096,0.10114,0.10016,0.1002658,6150865.822840678
2026-03-17 20:00:00+00:00,0.1002804,0.1007,0.09997,0.1005929,6784906.964855308
2026-03-17 21:00:00+00:00,0.10062,0.10136,0.10042,0.10122,8121339.459408951
2026-03-17 22:00:00+00:00,0.10123,0.10178,0.10032,0.10088,10224125.32277601
2026-03-17 23:00:00+00:00,0.10092,0.10118,0.10005,0.1002,6689135.08933819
2026-03-18 00:00:00+00:00,0.10019,0.10045,0.09971,0.10014,9763954.79487072
2026-03-18 01:00:00+00:00,0.10015,0.1009222,0.10014,0.10037,8265304.057003499
2026-03-18 02:00:00+00:00,0.10036,0.10142,0.10032,0.10094,13278501.236236729
2026-03-18 03:00:00+00:00,0.1009389,0.10192,0.1007,0.1011405,8394806.485171057
2026-03-18 04:00:00+00:00,0.1012,0.10126,0.099707,0.10019,7361247.2463658415
2026-03-18 05:00:00+00:00,0.1002362,0.10115,0.1,0.10027,7638667.471317082
2026-03-18 06:00:00+00:00,0.10028,0.101,0.10011,0.1001773,2115242.66743295
2026-03-18 07:00:00+00:00,0.1001773,0.1001773,0.099215,0.0995699,6685428.012487821
2026-03-18 08:00:00+00:00,0.09959,0.10009,0.09954,0.0998166,2603284.4751983904
2026-03-18 09:00:00+00:00,0.099766,0.10013,0.0996842,0.0999,3158193.198809501
2026-03-18 10:00:00+00:00,0.09993,0.10005,0.098793,0.09922,10299855.929679392
2026-03-18 11:00:00+00:00,0.0992,0.09944,0.09664,0.09711,38794647.78928109
2026-03-18 12:00:00+00:00,0.09711,0.09714,0.0957,0.09598,37964120.13618746
2026-03-18 13:00:00+00:00,0.096017,0.09631,0.095393,0.09578,23210101.610101894
2026-03-18 14:00:00+00:00,0.09579,0.09584,0.094234,0.09453,28503710.746472128
2026-03-18 15:00:00+00:00,0.09453,0.09483,0.093941,0.0944,21893134.95558888
2026-03-18 16:00:00+00:00,0.09439,0.09439,0.093494,0.09386,16463003.216722162
2026-03-18 17:00:00+00:00,0.09388,0.0948405,0.093272,0.09439,19173679.187651444
2026-03-18 18:00:00+00:00,0.09441,0.09558,0.09422,0.0945,25818885.004684005
2026-03-18 19:00:00+00:00,0.09452,0.09538,0.09449,0.09464,14846401.558809409
2026-03-18 20:00:00+00:00,0.09465,0.09526,0.09393,0.09515,10415888.89186714
2026-03-18 21:00:00+00:00,0.09514,0.09563,0.09499,0.09536,10288152.003778197
2026-03-18 22:00:00+00:00,0.09535,0.0953544,0.0948875,0.09498,6215077.531552291
2026-03-18 23:00:00+00:00,0.095,0.09529,0.09477,0.09526,7937051.7219178835
2026-03-19 00:00:00+00:00,0.095207,0.0955,0.094955,0.09508,5499926.807976802
2026-03-19 01:00:00+00:00,0.09509,0.09526,0.094862,0.0949,3725109.09295388
2026-03-19 02:00:00+00:00,0.0949,0.09499,0.09446,0.09456,4049083.8732789
2026-03-19 03:00:00+00:00,0.09457,0.0961,0.09457,0.09548,10510059.318942986
2026-03-19 04:00:00+00:00,0.09546,0.09554,0.094697,0.09481,9556219.049009625
2026-03-19 05:00:00+00:00,0.09478,0.09498,0.094261,0.09456,7203401.258208183
2026-03-19 06:00:00+00:00,0.094533,0.0949,0.09419,0.09462,6623481.700149144
2026-03-19 07:00:00+00:00,0.09457,0.09486,0.093196,0.09441,17490687.466445807
2026-03-19 08:00:00+00:00,0.0944,0.09467,0.09412,0.09424,6636562.324648885
2026-03-19 09:00:00+00:00,0.09422,0.095404,0.09422,0.09509,8126373.049732423
2026-03-19 10:00:00+00:00,0.095029,0.09515,0.09414,0.09418,4044824.3612098
2026-03-19 11:00:00+00:00,0.09419,0.09427,0.09369,0.09403,10525923.857007427
2026-03-19 12:00:00+00:00,0.09402,0.09402,0.09246,0.09254,21338957.53634627
2026-03-19 13:00:00+00:00,0.09253,0.09367,0.092132,0.09337,21628920.82836983
2026-03-19 14:00:00+00:00,0.09338,0.09378,0.09253,0.09308,11450144.493373388
2026-03-19 15:00:00+00:00,0.09307,0.093521,0.09231,0.09291,15118944.746537326
2026-03-19 16:00:00+00:00,0.09286,0.0929,0.0921,0.09239,19523825.27245901
2026-03-19 17:00:00+00:00,0.09237,0.093,0.09171,0.092922,13220127.745171884
2026-03-19 18:00:00+00:00,0.09288,0.093133,0.09247,0.09278,5987405.65594674
2026-03-19 19:00:00+00:00,0.09275,0.093996,0.09275,0.09336,12628235.937136916
2026-03-19 20:00:00+00:00,0.09333,0.09381,0.09326,0.0936,4620862.659151264
2026-03-19 21:00:00+00:00,0.09358,0.093857,0.09346,0.09365,4788627.834364918
2026-03-19 22:00:00+00:00,0.09363,0.09368,0.09299,0.09332,7010910.215497483
2026-03-19 23:00:00+00:00,0.09329,0.09372,0.0932,0.09352,6456890.076649063
2026-03-20 00:00:00+00:00,0.09354,0.094,0.09351,0.09394,4810839.780517401
2026-03-20 01:00:00+00:00,0.09396,0.09468,0.093932,0.09426,6793036.423825324
2026-03-20 02:00:00+00:00,0.09426,0.09433,0.09357,0.09402,6812167.234777422
2026-03-20 03:00:00+00:00,0.09402,0.09453,0.09384,0.0941,8498841.380983705
2026-03-20 04:00:00+00:00,0.09409,0.09469,0.093767,0.09464,5319145.342338902
2026-03-20 05:00:00+00:00,0.09463,0.0954,0.09452,0.094776,12828214.363881288
2026-03-20 06:00:00+00:00,0.094788,0.09488,0.09435,0.0944,4736858.284452381
2026-03-20 07:00:00+00:00,0.09438,0.0944,0.09364,0.09409,6703137.213023826
2026-03-20 08:00:00+00:00,0.09408,0.09508,0.09406,0.09451,8396048.858544981
2026-03-20 09:00:00+00:00,0.09451,0.09451,0.093646,0.09393,5210846.124781342
2026-03-20 10:00:00+00:00,0.09393,0.094506,0.093479,0.09441,4994228.392122567
2026-03-20 11:00:00+00:00,0.09439,0.094833,0.09386,0.09405,5786751.3993420815
2026-03-20 12:00:00+00:00,0.09407,0.094458,0.093642,0.09384,5580722.682660542
2026-03-20 13:00:00+00:00,0.09386,0.09423,0.093234,0.0934,18050487.88476702
2026-03-20 14:00:00+00:00,0.09341,0.09426,0.093059,0.09371,20035090.415764485
2026-03-20 15:00:00+00:00,0.09385,0.094357,0.09351,0.09421,7908315.209240662
2026-03-20 16:00:00+00:00,0.09423,0.094474,0.09356,0.09394,7229427.929041202
2026-03-20 17:00:00+00:00,0.09393,0.094172,0.09343,0.09403,6312445.714548767
2026-03-20 18:00:00+00:00,0.09404,0.094252,0.09321,0.09355,7602921.093487952
2026-03-20 19:00:00+00:00,0.09356,0.093839,0.09285,0.09368,9666679.244598577
2026-03-20 20:00:00+00:00,0.09368,0.093826,0.09319,0.09372,4941445.198775483
2026-03-20 21:00:00+00:00,0.09373,0.094537,0.09344,0.09419,8976838.976444343
2026-03-20 22:00:00+00:00,0.09423,0.095,0.09422,0.09436,7041956.672554
2026-03-20 23:00:00+00:00,0.09434,0.09435,0.0939,0.09416,7065118.988908299
2026-03-21 00:00:00+00:00,0.09416,0.094388,0.09402,0.09433,3673026.457123682
2026-03-21 01:00:00+00:00,0.09433,0.094597,0.09391,0.09399,4147783.491642201
2026-03-21 02:00:00+00:00,0.09398,0.094839,0.09396,0.09474,5665881.026057747
2026-03-21 03:00:00+00:00,0.09475,0.095001,0.09458,0.094723,1671281.43484478
2026-03-21 04:00:00+00:00,0.09471,0.094903,0.09455,0.09459,1761424.3117592
2026-03-21 05:00:00+00:00,0.09461,0.094963,0.09461,0.09472,2294713.134545599
2026-03-21 06:00:00+00:00,0.09472,0.09492,0.094446,0.0946,6425307.685363423
2026-03-21 07:00:00+00:00,0.09459,0.0947,0.09427,0.09435,2752616.296839501
2026-03-21 08:00:00+00:00,0.094333,0.09442,0.09419,0.09435,1294595.372699079
2026-03-21 09:00:00+00:00,0.09434,0.094524,0.09422,0.09431,868507.5779845003
2026-03-21 10:00:00+00:00,0.09432,0.094363,0.093865,0.09397,1087093.1661633402
2026-03-21 11:00:00+00:00,0.09395,0.094068,0.0938,0.09399,1841872.09364816
2026-03-21 12:00:00+00:00,0.09399,0.09415,0.093892,0.09396,1572550.91583692
2026-03-21 13:00:00+00:00,0.09397,0.094,0.0935,0.09368,8219224.44829336
2026-03-21 14:00:00+00:00,0.09369,0.094307,0.0936,0.093709,4941290.53782464
2026-03-21 15:00:00+00:00,0.09369,0.09463,0.09363,0.09462,8241216.577404561
2026-03-21 16:00:00+00:00,0.09463,0.09464,0.09421,0.0943,6996302.709414001
2026-03-21 17:00:00+00:00,0.09431,0.094364,0.093882,0.09404,3391593.984443241
2026-03-21 18:00:00+00:00,0.09404,0.09425,0.09393,0.09409,1611071.67438832
2026-03-21 19:00:00+00:00,0.09405,0.09413,0.09387,0.09408,997475.4242698
2026-03-21 20:00:00+00:00,0.09405,0.0944,0.09399,0.09434,1809280.7070004
2026-03-21 21:00:00+00:00,0.09435,0.09435,0.09404,0.09416,2004112.5323006208
2026-03-21 22:00:00+00:00,0.09414,0.0942,0.093914,0.09399,3859079.944112739
2026-03-21 23:00:00+00:00,0.09398,0.09398,0.09053,0.09128,37125565.45278401
2026-03-22 00:00:00+00:00,0.09132,0.09198,0.08998,0.09145,21722533.197946124
2026-03-22 01:00:00+00:00,0.09145,0.09187,0.09105,0.09148,10574951.86054601
2026-03-22 02:00:00+00:00,0.09149,0.09237,0.09148,0.09206,6685515.980706743
2026-03-22 03:00:00+00:00,0.09205,0.092919,0.091739,0.09234,11988121.119095704
2026-03-22 04:00:00+00:00,0.09232,0.09286,0.09215,0.09266,6239639.455207722
2026-03-22 05:00:00+00:00,0.09266,0.09266,0.09212,0.09215,6427531.919338999
2026-03-22 06:00:00+00:00,0.09213,0.09214,0.09172,0.09188,5707130.44700782
2026-03-22 07:00:00+00:00,0.09185,0.09202,0.09129,0.0913,14224569.663903898
2026-03-22 08:00:00+00:00,0.09132,0.09136,0.09073,0.09116,18994169.62377271
2026-03-22 09:00:00+00:00,0.09115,0.09161,0.09103,0.09124,4082483.929469499
2026-03-22 10:00:00+00:00,0.09123,0.09123,0.09092,0.09101,2616327.8454083605
2026-03-22 11:00:00+00:00,0.091,0.09129,0.09089,0.09109,4115650.103202641
2026-03-22 12:00:00+00:00,0.09112,0.09196,0.09111,0.0915,6169165.554824203
2026-03-22 13:00:00+00:00,0.0915,0.091955,0.09116,0.09138,3761659.600628601
2026-03-22 14:00:00+00:00,0.09137,0.09181,0.09111,0.0914,6134751.396775721
2026-03-22 15:00:00+00:00,0.09142,0.09169,0.091299,0.09161,4144117.48459614
2026-03-22 16:00:00+00:00,0.09162,0.09177,0.0914,0.09164,3373430.18953916
2026-03-22 17:00:00+00:00,0.09163,0.09164,0.09139,0.09147,2911347.786469061
2026-03-22 18:00:00+00:00,0.09147,0.09147,0.09022,0.09078,7476147.749988845
2026-03-22 19:00:00+00:00,0.09077,0.090784,0.09009,0.09048,8612381.584757365
2026-03-22 20:00:00+00:00,0.0905,0.090818,0.09008,0.09021,14764501.269560304
2026-03-22 21:00:00+00:00,0.09022,0.090331,0.08918,0.08991,22377458.66738308
2026-03-22 22:00:00+00:00,0.08992,0.09064,0.08933,0.0905,9708124.67429291
2026-03-22 23:00:00+00:00,0.09051,0.090799,0.09001,0.09009,10767493.783719525
2026-03-23 00:00:00+00:00,0.09013,0.090651,0.089736,0.09033,4930015.043784444
2026-03-23 01:00:00+00:00,0.09034,0.090973,0.09016,0.0905,4203686.4547047
2026-03-23 02:00:00+00:00,0.09051,0.091335,0.09034,0.09102,8810765.064719845
2026-03-23 03:00:00+00:00,0.09101,0.091571,0.0906,0.09062,11118537.537731327
2026-03-23 04:00:00+00:00,0.09062,0.09118,0.09061,0.09103,3845670.20296316
2026-03-23 05:00:00+00:00,0.09103,0.091264,0.09063,0.09095,4706335.090521899
2026-03-23 06:00:00+00:00,0.09094,0.090973,0.09005,0.09036,9166924.532752223
2026-03-23 07:00:00+00:00,0.09038,0.09071,0.08974,0.09042,12434373.776575264
2026-03-23 08:00:00+00:00,0.09043,0.090814,0.08982,0.08988,5353972.691925242
2026-03-23 09:00:00+00:00,0.08987,0.09001,0.08923,0.08999,8475849.657101681
2026-03-23 10:00:00+00:00,0.090064,0.09037,0.08975,0.08998,6400414.251559582
2026-03-23 11:00:00+00:00,0.08995,0.09541,0.08995,0.09252,84214809.0284001
2026-03-23 12:00:00+00:00,0.09253,0.09342,0.09189,0.09331,22962295.491320603
2026-03-23 13:00:00+00:00,0.0933,0.09444,0.09289,0.09426,15918826.584073938
2026-03-23 14:00:00+00:00,0.09424,0.09505,0.09397,0.09491,25168357.688718345
2026-03-23 15:00:00+00:00,0.09494,0.095804,0.09365,0.09375,35263572.55721331
2026-03-23 16:00:00+00:00,0.09376,0.09429,0.09305,0.09395,21697904.08031676
2026-03-23 17:00:00+00:00,0.09397,0.095107,0.09373,0.09495,14937410.188317906
2026-03-23 18:00:00+00:00,0.09496,0.09558,0.09466,0.09547,9653044.778817425
2026-03-23 19:00:00+00:00,0.09544,0.095793,0.09475,0.09485,11556864.870199606
2026-03-23 20:00:00+00:00,0.09486,0.095536,0.09475,0.09499,9064016.621568
2026-03-23 21:00:00+00:00,0.09499,0.09527,0.09485,0.09495,13140262.9219175
2026-03-23 22:00:00+00:00,0.09496,0.09507,0.09409,0.09427,16065626.1476068
2026-03-23 23:00:00+00:00,0.09427,0.09433,0.0935,0.09424,12403565.423561316
2026-03-24 00:00:00+00:00,0.09415,0.09436,0.09311,0.09362,15357916.022010248
2026-03-24 01:00:00+00:00,0.09363,0.09365,0.09267,0.09316,13865562.711601868
2026-03-24 02:00:00+00:00,0.09318,0.09386,0.09303,0.09313,6335278.538957141
2026-03-24 03:00:00+00:00,0.09312,0.093893,0.09305,0.09377,3628520.89699464
2026-03-24 04:00:00+00:00,0.09377,0.0939,0.093263,0.0936,3766786.927863741
2026-03-24 05:00:00+00:00,0.09359,0.093895,0.093139,0.09358,6829179.499812664
2026-03-24 06:00:00+00:00,0.09357,0.093987,0.09328,0.09375,4755158.398909681
2026-03-24 07:00:00+00:00,0.09374,0.09542,0.09361,0.0952,14376145.690993544
2026-03-24 08:00:00+00:00,0.09525,0.09558,0.09494,0.09509,9438500.941299606
2026-03-24 09:00:00+00:00,0.09508,0.09527,0.094639,0.09505,6539284.393656163
2026-03-24 10:00:00+00:00,0.09504,0.09504,0.0939,0.09419,11197688.060724271
2026-03-24 11:00:00+00:00,0.09418,0.094486,0.093557,0.09424,16163754.134302586
2026-03-24 12:00:00+00:00,0.09423,0.09456,0.09401,0.09434,3489323.30948286
2026-03-24 13:00:00+00:00,0.09433,0.09465,0.09347,0.09359,15241014.887141678
2026-03-24 14:00:00+00:00,0.09362,0.094296,0.09265,0.09343,25105166.91908796
2026-03-24 15:00:00+00:00,0.09344,0.09394,0.09327,0.093389,10244114.79688182
2026-03-24 16:00:00+00:00,0.09332,0.09373,0.09308,0.09328,7989120.648414881
2026-03-24 17:00:00+00:00,0.09328,0.09336,0.0924,0.09256,13249800.451859728
2026-03-24 18:00:00+00:00,0.0926,0.09324,0.09249,0.09288,5167787.951101519
2026-03-24 19:00:00+00:00,0.0929,0.093376,0.0929,0.09308,5704341.526465384
2026-03-24 20:00:00+00:00,0.09307,0.09488,0.09301,0.09455,25812195.09614732
2026-03-24 21:00:00+00:00,0.09456,0.09477,0.094034,0.09454,18108848.06254252
2026-03-24 22:00:00+00:00,0.09453,0.09488,0.09436,0.09468,7863607.836608548
2026-03-24 23:00:00+00:00,0.09467,0.095408,0.09463,0.09506,14767140.392420609
2026-03-25 00:00:00+00:00,0.09507,0.095486,0.09457,0.09497,12393831.465491164
2026-03-25 01:00:00+00:00,0.094984,0.09535,0.09476,0.09509,8757220.476312244
2026-03-25 02:00:00+00:00,0.09509,0.095226,0.09465,0.09467,4154484.63305092
2026-03-25 03:00:00+00:00,0.09468,0.09527,0.09436,0.09516,5690676.711281281
2026-03-25 04:00:00+00:00,0.09517,0.095696,0.09495,0.0955,3537287.4264645614
2026-03-25 05:00:00+00:00,0.09552,0.096908,0.09551,0.09619,25051767.33098448
2026-03-25 06:00:00+00:00,0.0962,0.097687,0.09618,0.09693,19170745.000672963
2026-03-25 07:00:00+00:00,0.09692,0.0976,0.09652,0.09677,14886252.92820527
2026-03-25 08:00:00+00:00,0.0968,0.09745,0.0968,0.09696,13407721.03
2026-03-25 09:00:00+00:00,0.09695,0.09695,0.09641,0.09683,5990287.310000001
2026-03-25 10:00:00+00:00,0.09683,0.09714,0.09678,0.09698,3246902.120000001
2026-03-25 11:00:00+00:00,0.09701,0.09745,0.09676,0.09697,13817399.480000004
2026-03-25 12:00:00+00:00,0.09698,0.09793,0.09649,0.09772,21890671.31000002
2026-03-25 13:00:00+00:00,0.09775,0.09791,0.09718,0.09737,18432994.81000001
2026-03-25 14:00:00+00:00,0.09738,0.09781,0.09687,0.09687,14387083.310000004
2026-03-25 15:00:00+00:00,0.0969,0.09695,0.09556,0.09595,22395256.80000001
2026-03-25 16:00:00+00:00,0.09594,0.09706,0.09579,0.09656,10740017.279999996
2026-03-25 17:00:00+00:00,0.09658,0.09681,0.09605,0.09615,17941472.230000004
2026-03-25 18:00:00+00:00,0.09616,0.0966,0.09595,0.0961,11792959.719999995
2026-03-25 19:00:00+00:00,0.09614,0.09648,0.09598,0.09639,4774020.16
2026-03-25 20:00:00+00:00,0.0964,0.09644,0.0957,0.09618,5735859.240000001
2026-03-25 21:00:00+00:00,0.0962,0.09647,0.09601,0.09613,4290453.48
2026-03-25 22:00:00+00:00,0.09615,0.09704,0.092093,0.09638,16446856.167830888
2026-03-25 23:00:00+00:00,0.09637,0.09704,0.092889,0.09613,5037430.688678101
2026-03-26 00:00:00+00:00,0.09615,0.096434,0.095717,0.09587,8275642.62917449
2026-03-26 01:00:00+00:00,0.09587,0.096062,0.095461,0.09566,4894987.475291622
2026-03-26 02:00:00+00:00,0.09565,0.09569,0.09451,0.09484,12237026.344322205
2026-03-26 03:00:00+00:00,0.09481,0.094868,0.094099,0.09456,5744744.322103045
2026-03-26 04:00:00+00:00,0.09455,0.09457,0.094143,0.09426,3211912.4286562004
2026-03-26 05:00:00+00:00,0.09423,0.09424,0.0926,0.0927,17248615.17466135
2026-03-26 06:00:00+00:00,0.0927,0.092833,0.092159,0.09265,14736010.903588884
2026-03-26 07:00:00+00:00,0.0926,0.09284,0.09229,0.09271,6535272.173104285
2026-03-26 08:00:00+00:00,0.09269,0.09274,0.09209,0.09227,3988540.98752542
2026-03-26 09:00:00+00:00,0.09227,0.09231,0.09108,0.09158,16307895.837589508
2026-03-26 10:00:00+00:00,0.09159,0.091789,0.09135,0.09175,8248555.778149083
2026-03-26 11:00:00+00:00,0.09174,0.09176,0.09126,0.09131,9764283.538417945
2026-03-26 12:00:00+00:00,0.09128,0.0916,0.091095,0.09155,7746853.326125203
2026-03-26 13:00:00+00:00,0.09155,0.092165,0.09126,0.0917,17794722.813636813
2026-03-26 14:00:00+00:00,0.09171,0.09189,0.091249,0.09153,12171187.237659406
2026-03-26 15:00:00+00:00,0.09155,0.091604,0.09049,0.09092,21246833.29403137
2026-03-26 16:00:00+00:00,0.09089,0.091365,0.09079,0.09098,14674052.727225402
2026-03-26 17:00:00+00:00,0.091,0.09151,0.090684,0.09091,21386601.142957844
2026-03-26 18:00:00+00:00,0.0909,0.091119,0.09051,0.09099,13156491.288932532
2026-03-26 19:00:00+00:00,0.091,0.091281,0.09085,0.09105,8078606.894896802
2026-03-26 20:00:00+00:00,0.09103,0.092727,0.0909,0.0917,32642452.90958449
2026-03-26 21:00:00+00:00,0.09169,0.09268,0.09162,0.09227,15653939.294009602
2026-03-26 22:00:00+00:00,0.09229,0.092545,0.09184,0.0921,3777244.193805681
2026-03-26 23:00:00+00:00,0.0921,0.092268,0.09178,0.09201,6011498.789249722
2026-03-27 00:00:00+00:00,0.09197,0.09219,0.0917,0.09199,5775639.261943201
2026-03-27 01:00:00+00:00,0.09198,0.092496,0.09192,0.09241,3992617.506182461
2026-03-27 02:00:00+00:00,0.09245,0.092704,0.09217,0.09232,2510515.9690737003
2026-03-27 03:00:00+00:00,0.09232,0.09235,0.09182,0.09189,3485556.9144666004
2026-03-27 04:00:00+00:00,0.09192,0.092092,0.09134,0.0919,10262853.645880578
2026-03-27 05:00:00+00:00,0.09188,0.092275,0.09171,0.09187,2119897.5087889
2026-03-27 06:00:00+00:00,0.09194,0.092056,0.09176,0.09188,1684259.17277924
2026-03-27 07:00:00+00:00,0.09189,0.092307,0.09179,0.09217,3275865.4216918
2026-03-27 08:00:00+00:00,0.09214,0.09237,0.091046,0.0918,5208801.618448401
2026-03-27 09:00:00+00:00,0.09178,0.091791,0.090915,0.09101,4197420.341578081
2026-03-27 10:00:00+00:00,0.09099,0.091117,0.089216,0.08959,27731213.96095697
2026-03-27 11:00:00+00:00,0.08959,0.09023,0.08922,0.09007,14318890.524404608
2026-03-27 12:00:00+00:00,0.09005,0.09037,0.08977,0.090096,11597117.573074425
2026-03-27 13:00:00+00:00,0.09013,0.09037,0.08955,0.08982,14161040.097138911
2026-03-27 14:00:00+00:00,0.08982,0.09013,0.089265,0.0899,18882392.595648203
2026-03-27 15:00:00+00:00,0.0899,0.09087,0.08964,0.09032,14387013.368175665
2026-03-27 16:00:00+00:00,0.09031,0.09045,0.08981,0.09003,7454840.3793863645
2026-03-27 17:00:00+00:00,0.09003,0.090458,0.089688,0.08971,13598999.465328729
2026-03-27 18:00:00+00:00,0.08971,0.090031,0.08938,0.08993,10811993.524471205
2026-03-27 19:00:00+00:00,0.08993,0.0903,0.08971,0.08999,7523812.069296581
2026-03-27 20:00:00+00:00,0.09001,0.09018,0.08958,0.08999,9049545.460453443
2026-03-27 21:00:00+00:00,0.08999,0.090323,0.08982,0.0899,5869436.251664999
2026-03-27 22:00:00+00:00,0.08986,0.090109,0.08974,0.08994,5858038.451478378
2026-03-27 23:00:00+00:00,0.08992,0.09016,0.08964,0.09002,8161258.81744446
2026-03-28 00:00:00+00:00,0.09004,0.090289,0.08999,0.09023,3350222.5142360814
2026-03-28 01:00:00+00:00,0.09022,0.090433,0.08982,0.09032,5840669.685414001
2026-03-28 02:00:00+00:00,0.090398,0.090646,0.09002,0.09015,4779926.099402023
2026-03-28 03:00:00+00:00,0.09017,0.09018,0.08977,0.08985,2296020.0944046
2026-03-28 04:00:00+00:00,0.08985,0.090049,0.089628,0.08995,6567912.60862988
2026-03-28 05:00:00+00:00,0.08997,0.090315,0.08972,0.09026,3606048.427150403
2026-03-28 06:00:00+00:00,0.09025,0.09073,0.09013,0.09029,6722308.3616342
2026-03-28 07:00:00+00:00,0.09028,0.091286,0.09026,0.09115,8619050.807969183
2026-03-28 08:00:00+00:00,0.09114,0.09135,0.09087,0.09093,4104060.813847721
2026-03-28 09:00:00+00:00,0.09092,0.09107,0.09075,0.09096,2402647.3743405794
2026-03-28 10:00:00+00:00,0.09094,0.09211,0.09094,0.09107,12721083.322427029
2026-03-28 11:00:00+00:00,0.09107,0.091497,0.09097,0.09128,3909452.7797610015
2026-03-28 12:00:00+00:00,0.09131,0.0917,0.09109,0.09132,12265166.678214565
2026-03-28 13:00:00+00:00,0.09131,0.09288,0.09113,0.09264,38016972.7516564
2026-03-28 14:00:00+00:00,0.09264,0.094065,0.09249,0.09355,43009834.29841897
2026-03-28 15:00:00+00:00,0.09354,0.095318,0.09345,0.09395,22807437.5119244
2026-03-28 16:00:00+00:00,0.09398,0.09422,0.0928,0.0928,16458379.033379002
2026-03-28 17:00:00+00:00,0.09281,0.093202,0.09229,0.09246,13331351.45519107
2026-03-28 18:00:00+00:00,0.09247,0.09274,0.09229,0.09253,7514925.06525614
2026-03-28 19:00:00+00:00,0.09251,0.09264,0.09191,0.0922,11750485.6505886
2026-03-28 20:00:00+00:00,0.0922,0.09237,0.09193,0.09218,9046510.42082
2026-03-28 21:00:00+00:00,0.09218,0.092247,0.091472,0.09174,7326204.613814742
2026-03-28 22:00:00+00:00,0.091795,0.09185,0.09136,0.0916,8172417.102083264
2026-03-28 23:00:00+00:00,0.0916,0.0916,0.09031,0.0909,14142451.734504871
2026-03-29 00:00:00+00:00,0.09093,0.09096,0.09049,0.09086,6303014.361586206
2026-03-29 01:00:00+00:00,0.09084,0.09122,0.0907,0.09103,8224071.426370005
2026-03-29 02:00:00+00:00,0.09103,0.091361,0.09085,0.09115,3931138.6934845992
2026-03-29 03:00:00+00:00,0.09114,0.09158,0.09098,0.09136,5786579.93393014
2026-03-29 04:00:00+00:00,0.09136,0.09136,0.09096,0.091005,1856271.7639599997
2026-03-29 05:00:00+00:00,0.09099,0.091132,0.09063,0.09098,5391488.692723662
2026-03-29 06:00:00+00:00,0.09097,0.09142,0.09087,0.09129,3116856.1065891813
2026-03-29 07:00:00+00:00,0.09129,0.091347,0.09091,0.09112,3474419.2039151406
2026-03-29 08:00:00+00:00,0.0911,0.091321,0.091,0.09107,3392321.9100000015
2026-03-29 09:00:00+00:00,0.09105,0.091159,0.09073,0.09085,3696786.3256190205
2026-03-29 10:00:00+00:00,0.09084,0.090862,0.09033,0.09057,2213053.1089500007
2026-03-29 11:00:00+00:00,0.09056,0.091269,0.09056,0.0909,1932181.9127187997
2026-03-29 12:00:00+00:00,0.090882,0.090952,0.09054,0.09085,2582260.089512961
2026-03-29 13:00:00+00:00,0.09082,0.090907,0.09015,0.09027,4677101.730457302
2026-03-29 14:00:00+00:00,0.09029,0.090745,0.09006,0.09033,5547042.707660182
2026-03-29 15:00:00+00:00,0.090442,0.090727,0.089954,0.0901,10316219.150323635
2026-03-29 16:00:00+00:00,0.09009,0.090459,0.09002,0.09011,1748664.5184507403
2026-03-29 17:00:00+00:00,0.09012,0.090402,0.08983,0.09032,4425341.203168383
2026-03-29 18:00:00+00:00,0.09032,0.090802,0.09012,0.09051,1820424.0136086605
2026-03-29 19:00:00+00:00,0.09053,0.090672,0.09036,0.09056,3286930.06728884
2026-03-29 20:00:00+00:00,0.09056,0.09158,0.09056,0.09097,4549956.856748303
2026-03-29 21:00:00+00:00,0.09098,0.091534,0.09097,0.09128,3302743.524415141
2026-03-29 22:00:00+00:00,0.09128,0.09128,0.08788,0.0899,37646941.51859107
2026-03-29 23:00:00+00:00,0.08987,0.090748,0.08977,0.09035,21024910.136206906
