Datetime,Open,High,Low,Close,Volume
2025-12-21 21:00:00+00:00,1.7823,1.785,1.766,1.766,61277.59399316998
2025-12-21 22:00:00+00:00,1.768,1.793,1.765,1.792,20915.181965609994
2025-12-21 23:00:00+00:00,1.792,1.8127,1.79,1.8014,64777.36202770001
2025-12-22 00:00:00+00:00,1.802,1.8567,1.8017,1.808,179041.39401632003
2025-12-22 01:00:00+00:00,1.807,1.828,1.8037,1.806,95529.77975165004
2025-12-22 02:00:00+00:00,1.805,1.8057,1.7767,1.804,110347.42799930004
2025-12-22 03:00:00+00:00,1.8035,1.82,1.7974,1.813,68057.64870155
2025-12-22 04:00:00+00:00,1.813,1.8241,1.812,1.817,46796.81849155999
2025-12-22 05:00:00+00:00,1.8163,1.821,1.8065,1.81,19987.06426546
2025-12-22 06:00:00+00:00,1.808,1.817,1.805,1.81,14615.106718760006
2025-12-22 07:00:00+00:00,1.809,1.819,1.807,1.812,24514.25649407
2025-12-22 08:00:00+00:00,1.812,1.835,1.809,1.813,44402.17864255001
2025-12-22 09:00:00+00:00,1.8131,1.82,1.8105,1.816,57822.58229731
2025-12-22 10:00:00+00:00,1.817,1.824,1.811,1.817,84013.59400512998
2025-12-22 11:00:00+00:00,1.8166,1.829,1.811,1.8229,33463.52494978
2025-12-22 12:00:00+00:00,1.8218,1.84,1.821,1.826,128281.19079581
2025-12-22 13:00:00+00:00,1.828,1.831,1.818,1.8286,30371.18305208
2025-12-22 14:00:00+00:00,1.83,1.847,1.822,1.84,96289.69634403998
2025-12-22 15:00:00+00:00,1.841,1.8527,1.813,1.835,158573.10308900973
2025-12-22 16:00:00+00:00,1.834,1.848,1.8292,1.832,46231.650156300006
2025-12-22 17:00:00+00:00,1.832,1.832,1.813,1.815,85780.15320334003
2025-12-22 18:00:00+00:00,1.8155,1.8195,1.797,1.8013,102116.34040799004
2025-12-22 19:00:00+00:00,1.802,1.802,1.764,1.768,267163.23257563025
2025-12-22 20:00:00+00:00,1.767,1.78,1.755,1.766,180432.56910354007
2025-12-22 21:00:00+00:00,1.7663,1.778,1.766,1.7678,86887.15263803002
2025-12-22 22:00:00+00:00,1.7673,1.791,1.761,1.788,65524.581998859976
2025-12-22 23:00:00+00:00,1.7882,1.7882,1.776,1.783,42837.65136170998
2025-12-23 00:00:00+00:00,1.782,1.8018,1.779,1.794,57211.68234711001
2025-12-23 01:00:00+00:00,1.7952,1.799,1.781,1.7872,48591.83790007
2025-12-23 02:00:00+00:00,1.787,1.794,1.77,1.772,142252.13966953993
2025-12-23 03:00:00+00:00,1.7722,1.7796,1.762,1.7759,40788.90423723999
2025-12-23 04:00:00+00:00,1.775,1.7781,1.765,1.768,93511.14523973996
2025-12-23 05:00:00+00:00,1.7687,1.773,1.758,1.768,37017.21502924
2025-12-23 06:00:00+00:00,1.7686,1.771,1.753,1.7567,79046.48024737
2025-12-23 07:00:00+00:00,1.757,1.763,1.7523,1.7589,128770.44005391
2025-12-23 08:00:00+00:00,1.7589,1.7678,1.756,1.759,62836.07528359
2025-12-23 09:00:00+00:00,1.7586,1.7657,1.755,1.76,54183.51433909002
2025-12-23 10:00:00+00:00,1.76,1.775,1.76,1.7717,38576.00313426
2025-12-23 11:00:00+00:00,1.7717,1.7802,1.77,1.774,37270.41644025
2025-12-23 12:00:00+00:00,1.7743,1.7743,1.758,1.76,83905.68500844002
2025-12-23 13:00:00+00:00,1.76,1.764,1.733,1.746,284808.9923677202
2025-12-23 14:00:00+00:00,1.7472,1.7579,1.728,1.74,199742.32019412995
2025-12-23 15:00:00+00:00,1.74,1.754,1.734,1.747,144379.92206221
2025-12-23 16:00:00+00:00,1.746,1.769,1.742,1.764,110138.76356765004
2025-12-23 17:00:00+00:00,1.765,1.773,1.7367,1.7367,63633.66914214
2025-12-23 18:00:00+00:00,1.7381,1.774,1.7381,1.771,97375.46451660004
2025-12-23 19:00:00+00:00,1.772,1.775,1.754,1.759,177115.09138216003
2025-12-23 20:00:00+00:00,1.76,1.785,1.753,1.7673,63988.847223230005
2025-12-23 21:00:00+00:00,1.769,1.771,1.763,1.7656,64478.548656800005
2025-12-23 22:00:00+00:00,1.7653,1.769,1.7538,1.763,80689.05178985
2025-12-23 23:00:00+00:00,1.762,1.766,1.7554,1.7629,53954.3067231
2025-12-24 00:00:00+00:00,1.763,1.7717,1.7602,1.768,82194.08480306997
2025-12-24 01:00:00+00:00,1.769,1.775,1.756,1.758,61337.33345461
2025-12-24 02:00:00+00:00,1.7592,1.7593,1.732,1.737,64542.21803373
2025-12-24 03:00:00+00:00,1.737,1.7508,1.729,1.7481,94757.12496559005
2025-12-24 04:00:00+00:00,1.7486,1.7587,1.734,1.734,29446.26070816
2025-12-24 05:00:00+00:00,1.7347,1.738,1.718,1.726,95319.46945663996
2025-12-24 06:00:00+00:00,1.7258,1.731,1.717,1.7273,24343.93715129
2025-12-24 07:00:00+00:00,1.7274,1.732,1.722,1.722,107837.31571458
2025-12-24 08:00:00+00:00,1.7229,1.7282,1.715,1.7197,90755.41424981997
2025-12-24 09:00:00+00:00,1.7195,1.7281,1.7195,1.721,47802.047378530006
2025-12-24 10:00:00+00:00,1.7219,1.7308,1.7219,1.7239,37907.00412028999
2025-12-24 11:00:00+00:00,1.7233,1.734,1.7233,1.7278,104992.46256553
2025-12-24 12:00:00+00:00,1.7272,1.739,1.7253,1.7372,37898.11095539
2025-12-24 13:00:00+00:00,1.7372,1.7372,1.722,1.728,132540.10244137
2025-12-24 14:00:00+00:00,1.728,1.7377,1.7048,1.7219,378014.9675181201
2025-12-24 15:00:00+00:00,1.722,1.735,1.712,1.731,75792.96848836001
2025-12-24 16:00:00+00:00,1.7306,1.7487,1.7193,1.7326,143516.06432692998
2025-12-24 17:00:00+00:00,1.733,1.737,1.719,1.72,113314.01325369
2025-12-24 18:00:00+00:00,1.7193,1.726,1.7158,1.72,85647.23074847998
2025-12-24 19:00:00+00:00,1.7205,1.7291,1.716,1.728,72372.69100297001
2025-12-24 20:00:00+00:00,1.7284,1.7498,1.728,1.728,60532.76630145
2025-12-24 21:00:00+00:00,1.729,1.7341,1.7252,1.7305,16900.92953658
2025-12-24 22:00:00+00:00,1.7306,1.7449,1.7284,1.7441,12418.56264911
2025-12-24 23:00:00+00:00,1.7425,1.7426,1.7311,1.7363,41527.99559787
2025-12-25 00:00:00+00:00,1.737,1.7458,1.731,1.732,53755.40506532999
2025-12-25 01:00:00+00:00,1.732,1.7459,1.731,1.74,39230.12308881
2025-12-25 02:00:00+00:00,1.74,1.7543,1.736,1.75,58448.68142380999
2025-12-25 03:00:00+00:00,1.75,1.751,1.743,1.745,35592.69645595
2025-12-25 04:00:00+00:00,1.745,1.7463,1.741,1.7439,29572.27322263999
2025-12-25 05:00:00+00:00,1.7438,1.7441,1.738,1.739,19695.646729500004
2025-12-25 06:00:00+00:00,1.7388,1.7448,1.7363,1.741,20137.15557633
2025-12-25 07:00:00+00:00,1.74,1.7411,1.735,1.736,45234.37300965
2025-12-25 08:00:00+00:00,1.7355,1.7413,1.733,1.735,53002.39557498998
2025-12-25 09:00:00+00:00,1.7347,1.736,1.7288,1.7292,89710.93175101993
2025-12-25 10:00:00+00:00,1.729,1.729,1.703,1.706,72169.62516126003
2025-12-25 11:00:00+00:00,1.705,1.716,1.703,1.712,46847.21562303
2025-12-25 12:00:00+00:00,1.7112,1.7209,1.71,1.72,30929.4847864
2025-12-25 13:00:00+00:00,1.7193,1.724,1.7146,1.72,33533.41116553999
2025-12-25 14:00:00+00:00,1.7199,1.7225,1.705,1.7089,81013.89949098004
2025-12-25 15:00:00+00:00,1.7093,1.7378,1.7054,1.732,84046.23493362
2025-12-25 16:00:00+00:00,1.7326,1.7399,1.726,1.7329,85374.22301236997
2025-12-25 17:00:00+00:00,1.733,1.735,1.727,1.729,42923.58900028997
2025-12-25 18:00:00+00:00,1.729,1.7349,1.7278,1.7318,54489.21684228
2025-12-25 19:00:00+00:00,1.7317,1.734,1.7297,1.734,21957.498706660004
2025-12-25 20:00:00+00:00,1.7334,1.734,1.727,1.7321,76776.44820371
2025-12-25 21:00:00+00:00,1.7325,1.7356,1.7316,1.733,22369.19888183
2025-12-25 22:00:00+00:00,1.7329,1.734,1.708,1.718,82319.21867937
2025-12-25 23:00:00+00:00,1.718,1.718,1.677,1.684,232136.52750447
2025-12-26 00:00:00+00:00,1.684,1.688,1.6535,1.6597,376774.3189262298
2025-12-26 01:00:00+00:00,1.66,1.69,1.659,1.687,94269.61078995
2025-12-26 02:00:00+00:00,1.687,1.7527,1.6864,1.741,315777.8782720399
2025-12-26 03:00:00+00:00,1.742,1.7462,1.729,1.736,152133.04435279002
2025-12-26 04:00:00+00:00,1.737,1.7428,1.725,1.7374,143151.6551813
2025-12-26 05:00:00+00:00,1.737,1.7422,1.7297,1.734,48906.89572365001
2025-12-26 06:00:00+00:00,1.7336,1.7431,1.729,1.732,40776.39509611
2025-12-26 07:00:00+00:00,1.7308,1.74,1.712,1.717,71884.68576590999
2025-12-26 08:00:00+00:00,1.716,1.724,1.7088,1.714,31834.13394088
2025-12-26 09:00:00+00:00,1.7141,1.718,1.705,1.717,272995.7299535101
2025-12-26 10:00:00+00:00,1.7179,1.7215,1.71,1.7167,54000.34369475
2025-12-26 11:00:00+00:00,1.7167,1.7341,1.7037,1.7148,211414.79875933003
2025-12-26 12:00:00+00:00,1.712,1.7272,1.712,1.723,47095.46007177
2025-12-26 13:00:00+00:00,1.723,1.732,1.721,1.729,86360.19381351999
2025-12-26 14:00:00+00:00,1.7292,1.731,1.694,1.702,432398.3132068
2025-12-26 15:00:00+00:00,1.7,1.71,1.683,1.706,94268.71927125
2025-12-26 16:00:00+00:00,1.7065,1.7125,1.691,1.691,78889.06984399002
2025-12-26 17:00:00+00:00,1.693,1.712,1.6929,1.704,52231.37923507001
2025-12-26 18:00:00+00:00,1.7039,1.712,1.7034,1.7078,27993.28544327
2025-12-26 19:00:00+00:00,1.707,1.7236,1.7068,1.7183,41460.65210721
2025-12-26 20:00:00+00:00,1.7189,1.732,1.7159,1.7248,61263.29424785002
2025-12-26 21:00:00+00:00,1.7247,1.7306,1.7178,1.7178,99319.718736
2025-12-26 22:00:00+00:00,1.7188,1.7486,1.7188,1.7275,38727.54125644999
2025-12-26 23:00:00+00:00,1.728,1.7312,1.72,1.7261,27239.93731281
2025-12-27 00:00:00+00:00,1.721,1.7328,1.721,1.7267,45409.06543489999
2025-12-27 01:00:00+00:00,1.727,1.7364,1.721,1.736,126359.97508783996
2025-12-27 02:00:00+00:00,1.7359,1.7506,1.733,1.745,345455.6382557301
2025-12-27 03:00:00+00:00,1.745,1.774,1.7441,1.762,281470.94934643
2025-12-27 04:00:00+00:00,1.763,1.7667,1.745,1.746,157059.24838634994
2025-12-27 05:00:00+00:00,1.746,1.7566,1.745,1.754,113409.32144319004
2025-12-27 06:00:00+00:00,1.7533,1.7585,1.75,1.753,52349.66087696
2025-12-27 07:00:00+00:00,1.7523,1.7604,1.749,1.751,65031.92523764999
2025-12-27 08:00:00+00:00,1.7503,1.7533,1.746,1.7467,58830.23310299
2025-12-27 09:00:00+00:00,1.7464,1.7505,1.742,1.7433,51567.61188585
2025-12-27 10:00:00+00:00,1.7431,1.748,1.734,1.7473,38618.2827631
2025-12-27 11:00:00+00:00,1.7473,1.7672,1.7473,1.7642,53910.41235473
2025-12-27 12:00:00+00:00,1.765,1.7729,1.761,1.7689,115557.82945085
2025-12-27 13:00:00+00:00,1.769,1.774,1.762,1.766,87910.65228698001
2025-12-27 14:00:00+00:00,1.7658,1.7759,1.7655,1.7728,29640.61894461999
2025-12-27 15:00:00+00:00,1.7735,1.825,1.772,1.801,342443.88874056
2025-12-27 16:00:00+00:00,1.801,1.8246,1.8,1.8071,220437.03228417007
2025-12-27 17:00:00+00:00,1.8019,1.819,1.796,1.818,89977.41224269998
2025-12-27 18:00:00+00:00,1.8173,1.8486,1.817,1.8302,229446.69366003
2025-12-27 19:00:00+00:00,1.83,1.842,1.821,1.833,135159.87276008
2025-12-27 20:00:00+00:00,1.832,1.8529,1.8319,1.8434,154676.98326889
2025-12-27 21:00:00+00:00,1.8437,1.8837,1.84,1.88,124975.86253595995
2025-12-27 22:00:00+00:00,1.8815,1.893,1.857,1.874,81468.26829315996
2025-12-27 23:00:00+00:00,1.873,1.93,1.8689,1.909,550798.7910708803
2025-12-28 00:00:00+00:00,1.908,1.914,1.8848,1.885,97288.23354561998
2025-12-28 01:00:00+00:00,1.8852,1.891,1.872,1.8809,86938.32722513001
2025-12-28 02:00:00+00:00,1.881,1.8889,1.876,1.876,22303.99356317
2025-12-28 03:00:00+00:00,1.8759,1.882,1.868,1.871,20737.60495176
2025-12-28 04:00:00+00:00,1.87,1.8852,1.867,1.879,67203.20810355
2025-12-28 05:00:00+00:00,1.8801,1.8932,1.8763,1.889,33476.55263274
2025-12-28 06:00:00+00:00,1.8897,1.8922,1.883,1.887,48407.80227851
2025-12-28 07:00:00+00:00,1.8887,1.8968,1.884,1.8899,30111.20846714
2025-12-28 08:00:00+00:00,1.89,1.8999,1.887,1.8888,33677.96352057
2025-12-28 09:00:00+00:00,1.8878,1.8914,1.877,1.88,122726.87180793
2025-12-28 10:00:00+00:00,1.8798,1.8943,1.8788,1.887,71467.28054850006
2025-12-28 11:00:00+00:00,1.8858,1.892,1.8748,1.879,36079.77328184
2025-12-28 12:00:00+00:00,1.8805,1.8806,1.867,1.8705,47125.513043800005
2025-12-28 13:00:00+00:00,1.87,1.8797,1.8697,1.876,39404.23730377
2025-12-28 14:00:00+00:00,1.8759,1.8846,1.871,1.88,30323.862467380008
2025-12-28 15:00:00+00:00,1.8799,1.8901,1.8736,1.877,65988.85072768
2025-12-28 16:00:00+00:00,1.8768,1.8802,1.869,1.873,80493.05288930002
2025-12-28 17:00:00+00:00,1.873,1.8832,1.872,1.8754,99061.21317543002
2025-12-28 18:00:00+00:00,1.876,1.8771,1.8418,1.8429,291059.89416829986
2025-12-28 19:00:00+00:00,1.843,1.8492,1.832,1.842,109930.86313048002
2025-12-28 20:00:00+00:00,1.8412,1.8486,1.837,1.8372,82447.22932348003
2025-12-28 21:00:00+00:00,1.837,1.843,1.834,1.84,31233.31803775
2025-12-28 22:00:00+00:00,1.8415,1.8477,1.827,1.842,191554.3247165
2025-12-28 23:00:00+00:00,1.843,1.8528,1.8369,1.849,51518.86691782
2025-12-29 00:00:00+00:00,1.849,1.867,1.842,1.8587,103635.01649548998
2025-12-29 01:00:00+00:00,1.8587,1.879,1.845,1.867,100902.87918902
2025-12-29 02:00:00+00:00,1.868,1.8842,1.8556,1.867,718610.3668868096
2025-12-29 03:00:00+00:00,1.8664,1.896,1.865,1.895,181897.29875746008
2025-12-29 04:00:00+00:00,1.8944,1.902,1.8875,1.889,137663.3436016
2025-12-29 05:00:00+00:00,1.889,1.8983,1.882,1.891,88285.83394411998
2025-12-29 06:00:00+00:00,1.8908,1.899,1.8853,1.8894,81139.17923726999
2025-12-29 07:00:00+00:00,1.8895,1.8925,1.872,1.887,124930.68818124002
2025-12-29 08:00:00+00:00,1.8875,1.8907,1.87,1.873,52481.425195370015
2025-12-29 09:00:00+00:00,1.873,1.8794,1.841,1.853,244106.00926678005
2025-12-29 10:00:00+00:00,1.853,1.8678,1.8505,1.8591,78863.29358715001
2025-12-29 11:00:00+00:00,1.8591,1.8628,1.8458,1.8459,98256.07123269002
2025-12-29 12:00:00+00:00,1.846,1.852,1.816,1.835,196144.19659283
2025-12-29 13:00:00+00:00,1.8352,1.839,1.822,1.8302,51038.473268210015
2025-12-29 14:00:00+00:00,1.8264,1.8572,1.823,1.837,151307.0415583199
2025-12-29 15:00:00+00:00,1.836,1.87,1.834,1.854,152425.77810154005
2025-12-29 16:00:00+00:00,1.854,1.8571,1.8321,1.8453,68274.08968523997
2025-12-29 17:00:00+00:00,1.8445,1.855,1.836,1.846,135729.92780336
2025-12-29 18:00:00+00:00,1.8455,1.8506,1.83,1.835,101572.59557294998
2025-12-29 19:00:00+00:00,1.8353,1.8496,1.8297,1.8372,92297.43673701
2025-12-29 20:00:00+00:00,1.8374,1.846,1.8278,1.831,162110.79158764007
2025-12-29 21:00:00+00:00,1.8309,1.8392,1.829,1.8329,81113.46941608998
2025-12-29 22:00:00+00:00,1.8318,1.8373,1.826,1.833,81965.55734434999
2025-12-29 23:00:00+00:00,1.8332,1.835,1.8198,1.822,82538.87379053002
2025-12-30 00:00:00+00:00,1.822,1.826,1.8,1.8103,151440.53325133995
2025-12-30 01:00:00+00:00,1.8102,1.8129,1.803,1.807,72936.64684508998
2025-12-30 02:00:00+00:00,1.8072,1.812,1.795,1.802,78186.93018962
2025-12-30 03:00:00+00:00,1.802,1.81,1.79,1.8069,38692.54928288
2025-12-30 04:00:00+00:00,1.8078,1.8149,1.8011,1.803,31340.33030375
2025-12-30 05:00:00+00:00,1.803,1.809,1.7927,1.799,139188.94435917
2025-12-30 06:00:00+00:00,1.7987,1.8173,1.7979,1.8122,69153.69308937999
2025-12-30 07:00:00+00:00,1.812,1.8208,1.8073,1.81,57539.14151276999
2025-12-30 08:00:00+00:00,1.81,1.839,1.81,1.8259,134538.61951931997
2025-12-30 09:00:00+00:00,1.827,1.83,1.819,1.827,56596.08793850999
2025-12-30 10:00:00+00:00,1.8267,1.832,1.822,1.825,56054.68814419
2025-12-30 11:00:00+00:00,1.824,1.8259,1.817,1.822,29754.281836290003
2025-12-30 12:00:00+00:00,1.823,1.8332,1.819,1.819,35131.93220649
2025-12-30 13:00:00+00:00,1.8195,1.8252,1.8148,1.816,68124.77858841003
2025-12-30 14:00:00+00:00,1.8155,1.833,1.7955,1.824,180011.22115064005
2025-12-30 15:00:00+00:00,1.825,1.846,1.8056,1.84,321240.28885779023
2025-12-30 16:00:00+00:00,1.841,1.8472,1.822,1.83,175813.76468311
2025-12-30 17:00:00+00:00,1.83,1.8341,1.818,1.825,99056.34359747
2025-12-30 18:00:00+00:00,1.824,1.8299,1.814,1.818,118522.59195471
2025-12-30 19:00:00+00:00,1.818,1.8297,1.806,1.828,94211.21655862997
2025-12-30 20:00:00+00:00,1.8276,1.828,1.8138,1.816,63267.26200041999
2025-12-30 21:00:00+00:00,1.815,1.8205,1.808,1.812,75005.49108279002
2025-12-30 22:00:00+00:00,1.811,1.8167,1.8057,1.81,55014.13564771999
2025-12-30 23:00:00+00:00,1.809,1.8146,1.807,1.81,89340.49760086002
2025-12-31 00:00:00+00:00,1.809,1.81,1.798,1.8091,56734.94585698999
2025-12-31 01:00:00+00:00,1.809,1.833,1.803,1.824,276474.4647503901
2025-12-31 02:00:00+00:00,1.8219,1.8284,1.818,1.822,109868.73925728
2025-12-31 03:00:00+00:00,1.822,1.823,1.8082,1.8107,40760.12645486
2025-12-31 04:00:00+00:00,1.8107,1.819,1.808,1.814,61850.91398832999
2025-12-31 05:00:00+00:00,1.8127,1.8202,1.81,1.81,33802.46232266001
2025-12-31 06:00:00+00:00,1.8105,1.8161,1.804,1.81,73940.37736802001
2025-12-31 07:00:00+00:00,1.8122,1.8132,1.804,1.807,36329.211044020005
2025-12-31 08:00:00+00:00,1.8105,1.8169,1.8018,1.804,56565.91579420001
2025-12-31 09:00:00+00:00,1.804,1.8129,1.803,1.8091,39823.07805286
2025-12-31 10:00:00+00:00,1.809,1.813,1.801,1.804,68112.54527021002
2025-12-31 11:00:00+00:00,1.804,1.8255,1.804,1.821,67878.62501711001
2025-12-31 12:00:00+00:00,1.821,1.8233,1.808,1.813,82005.67456692999
2025-12-31 13:00:00+00:00,1.8117,1.8307,1.809,1.825,53237.99070585999
2025-12-31 14:00:00+00:00,1.8243,1.8459,1.809,1.8173,370645.10200193006
2025-12-31 15:00:00+00:00,1.8218,1.8231,1.7999,1.81,148857.9401598
2025-12-31 16:00:00+00:00,1.811,1.8129,1.7618,1.779,401317.78738419
2025-12-31 17:00:00+00:00,1.778,1.7861,1.766,1.7692,167458.42256967007
2025-12-31 18:00:00+00:00,1.769,1.78,1.7625,1.7688,172206.26035946995
2025-12-31 19:00:00+00:00,1.77,1.787,1.77,1.773,319249.89031209
2025-12-31 20:00:00+00:00,1.772,1.7866,1.7614,1.782,217691.73769364
2025-12-31 21:00:00+00:00,1.784,1.7977,1.782,1.793,124458.32733011998
2025-12-31 22:00:00+00:00,1.792,1.7979,1.782,1.782,196952.86961373995
2025-12-31 23:00:00+00:00,1.782,1.7955,1.778,1.787,105293.64196417
2026-01-01 00:00:00+00:00,1.787,1.7921,1.777,1.778,138382.80847962998
2026-01-01 01:00:00+00:00,1.777,1.79,1.776,1.7805,86945.76778799001
2026-01-01 02:00:00+00:00,1.78,1.784,1.774,1.777,104192.00760545998
2026-01-01 03:00:00+00:00,1.775,1.779,1.771,1.772,73208.15286693998
2026-01-01 04:00:00+00:00,1.772,1.7733,1.762,1.767,160371.93721935997
2026-01-01 05:00:00+00:00,1.768,1.787,1.767,1.783,76257.95097959
2026-01-01 06:00:00+00:00,1.7839,1.7873,1.78,1.78,45621.46895504999
2026-01-01 07:00:00+00:00,1.782,1.7879,1.781,1.783,19120.41487661
2026-01-01 08:00:00+00:00,1.782,1.7933,1.782,1.792,19199.9160318
2026-01-01 09:00:00+00:00,1.793,1.8076,1.793,1.7968,43369.22780167998
2026-01-01 10:00:00+00:00,1.798,1.8008,1.794,1.7988,34036.62167817
2026-01-01 11:00:00+00:00,1.8004,1.8061,1.7985,1.8043,7792.80711302
2026-01-01 12:00:00+00:00,1.8053,1.8172,1.8017,1.8121,10978.063004960002
2026-01-01 13:00:00+00:00,1.8132,1.8418,1.8132,1.8378,37545.447544550014
2026-01-01 14:00:00+00:00,1.8386,1.8748,1.8308,1.8588,255372.01271727987
2026-01-01 15:00:00+00:00,1.8605,1.9,1.8578,1.891,64423.19305032
2026-01-01 16:00:00+00:00,1.8964,1.9144,1.8934,1.9019,112197.81858299002
2026-01-01 17:00:00+00:00,1.9042,1.9448,1.9042,1.9417,46853.16806297
2026-01-01 18:00:00+00:00,1.9467,1.98,1.9382,1.9735,65421.60463471999
2026-01-01 19:00:00+00:00,1.9793,2.0023,1.9564,2.0005,76304.40574638003
2026-01-01 20:00:00+00:00,2.0025,2.0114,1.9766,1.9886,72748.14133492002
2026-01-01 21:00:00+00:00,1.9896,2.0046,1.9777,2.0,39282.88725074
2026-01-01 22:00:00+00:00,2.0,2.0316,1.9896,2.0166,48537.79347851
2026-01-01 23:00:00+00:00,2.0196,2.0236,1.9944,1.9963,23161.208934830003
2026-01-02 00:00:00+00:00,1.995,2.0096,1.986,1.992,82825.00863125999
2026-01-02 01:00:00+00:00,1.9928,2.0,1.9853,1.9956,53387.34546897
2026-01-02 02:00:00+00:00,1.992,2.001,1.981,1.998,75770.85009447
2026-01-02 03:00:00+00:00,1.997,2.011,1.993,2.006,76531.8582166
2026-01-02 04:00:00+00:00,2.007,2.014,1.9804,1.985,67451.08312668996
2026-01-02 05:00:00+00:00,1.985,1.9955,1.979,1.993,45254.48004437
2026-01-02 06:00:00+00:00,1.9944,2.0042,1.9909,1.991,40208.85571148
2026-01-02 07:00:00+00:00,1.992,1.996,1.979,1.98,36536.42764441999
2026-01-02 08:00:00+00:00,1.981,1.987,1.9659,1.975,76039.84646589
2026-01-02 09:00:00+00:00,1.975,2.0112,1.973,1.995,100953.08624607
2026-01-02 10:00:00+00:00,1.995,2.0024,1.988,1.998,244300.87078672
2026-01-02 11:00:00+00:00,1.9982,1.9982,1.979,1.988,91364.74096641994
2026-01-02 12:00:00+00:00,1.987,2.0055,1.978,2.001,43948.92539064998
2026-01-02 13:00:00+00:00,2.0007,2.004,1.988,1.991,51594.9148774
2026-01-02 14:00:00+00:00,1.991,2.0214,1.977,2.003,176932.42419023998
2026-01-02 15:00:00+00:00,2.004,2.022,1.985,2.006,142348.22541317
2026-01-02 16:00:00+00:00,2.006,2.0665,2.003,2.052,889170.9505597698
2026-01-02 17:00:00+00:00,2.0525,2.0661,2.039,2.05,900145.1788689998
2026-01-02 18:00:00+00:00,2.049,2.054,2.036,2.049,139557.01938880005
2026-01-02 19:00:00+00:00,2.049,2.124,2.0435,2.112,330550.8394960299
2026-01-02 20:00:00+00:00,2.113,2.1261,2.082,2.0923,303051.6684896801
2026-01-02 21:00:00+00:00,2.092,2.1369,2.079,2.12,429987.22498112
2026-01-02 22:00:00+00:00,2.118,2.156,2.116,2.1355,249325.3847045701
2026-01-02 23:00:00+00:00,2.136,2.1717,2.1298,2.1643,271575.79694607
2026-01-03 00:00:00+00:00,2.165,2.2187,2.16,2.191,724537.60294554
2026-01-03 01:00:00+00:00,2.191,2.197,2.1586,2.167,331175.68231791985
2026-01-03 02:00:00+00:00,2.167,2.173,2.154,2.162,223333.44990445
2026-01-03 03:00:00+00:00,2.1616,2.168,2.147,2.163,84393.66192600997
2026-01-03 04:00:00+00:00,2.162,2.162,2.143,2.147,56319.95614867
2026-01-03 05:00:00+00:00,2.147,2.153,2.136,2.145,43009.78880618
2026-01-03 06:00:00+00:00,2.1439,2.157,2.132,2.142,54550.75574677999
2026-01-03 07:00:00+00:00,2.142,2.1466,2.1083,2.1123,141602.03591167994
2026-01-03 08:00:00+00:00,2.112,2.142,2.108,2.1209,151555.41357101008
2026-01-03 09:00:00+00:00,2.1216,2.1326,2.11,2.1237,38493.60925465
2026-01-03 10:00:00+00:00,2.123,2.1245,2.1107,2.1116,31402.75094105
2026-01-03 11:00:00+00:00,2.112,2.119,2.11,2.113,55736.33476179
2026-01-03 12:00:00+00:00,2.112,2.1282,2.111,2.123,73915.58703048002
2026-01-03 13:00:00+00:00,2.123,2.132,2.111,2.1219,194492.37787922
2026-01-03 14:00:00+00:00,2.1218,2.1341,2.118,2.126,77880.97497648999
2026-01-03 15:00:00+00:00,2.125,2.139,2.123,2.128,36733.54699337001
2026-01-03 16:00:00+00:00,2.129,2.149,2.128,2.1396,42276.38634286001
2026-01-03 17:00:00+00:00,2.1388,2.146,2.1211,2.1315,40014.37339362998
2026-01-03 18:00:00+00:00,2.1309,2.1406,2.128,2.1398,20144.73870682
2026-01-03 19:00:00+00:00,2.138,2.14,2.132,2.1336,48305.64170537
2026-01-03 20:00:00+00:00,2.133,2.137,2.126,2.129,26629.913212680003
2026-01-03 21:00:00+00:00,2.128,2.1553,2.1202,2.123,101234.04963255
2026-01-03 22:00:00+00:00,2.122,2.133,2.12,2.1289,54723.73350844999
2026-01-03 23:00:00+00:00,2.128,2.13,2.122,2.124,74096.25690428998
2026-01-04 00:00:00+00:00,2.1215,2.1468,2.1215,2.1302,19826.54329018
2026-01-04 01:00:00+00:00,2.1285,2.1304,2.1157,2.1278,3606.22568955
2026-01-04 02:00:00+00:00,2.1261,2.1334,2.1211,2.1243,1865.3392377600003
2026-01-04 03:00:00+00:00,2.1241,2.1406,2.1241,2.1296,8003.645122820003
2026-01-04 04:00:00+00:00,2.1272,2.1399,2.1252,2.1331,4722.515984059999
2026-01-04 05:00:00+00:00,2.1348,2.146,2.1325,2.144,18574.30174868
2026-01-04 06:00:00+00:00,2.1444,2.1554,2.119,2.122,19397.82664691
2026-01-04 07:00:00+00:00,2.1231,2.1423,2.1215,2.1351,14166.769708530002
2026-01-04 08:00:00+00:00,2.1351,2.1386,2.1223,2.1345,4237.818863120001
2026-01-04 09:00:00+00:00,2.1352,2.1516,2.1282,2.1464,11717.49773127
2026-01-04 10:00:00+00:00,2.1452,2.1554,2.1421,2.1422,4362.989897719998
2026-01-04 11:00:00+00:00,2.1431,2.1571,2.1349,2.1554,31624.57561862
2026-01-04 12:00:00+00:00,2.1555,2.1788,2.1522,2.1601,23080.57162206
2026-01-04 13:00:00+00:00,2.158,2.1634,2.1481,2.1611,25221.609968590004
2026-01-04 14:00:00+00:00,2.1623,2.1653,2.1493,2.1611,14254.072579529997
2026-01-04 15:00:00+00:00,2.1605,2.1662,2.1555,2.1654,12680.253176600005
2026-01-04 16:00:00+00:00,2.1652,2.1785,2.1637,2.1779,60074.460250150005
2026-01-04 17:00:00+00:00,2.1778,2.1779,2.161,2.1657,50208.12784705
2026-01-04 18:00:00+00:00,2.1655,2.1669,2.137,2.1475,9870.10630393
2026-01-04 19:00:00+00:00,2.1471,2.1471,2.1199,2.1357,40307.774598960015
2026-01-04 20:00:00+00:00,2.1365,2.1421,2.1322,2.1392,16017.73887866
2026-01-04 21:00:00+00:00,2.1392,2.152,2.1302,2.1354,13497.058540749998
2026-01-04 22:00:00+00:00,2.1365,2.15,2.1347,2.1476,4042.447225419999
2026-01-04 23:00:00+00:00,2.1487,2.1592,2.1364,2.1439,10583.52893653
2026-01-05 00:00:00+00:00,2.1422,2.1531,2.1223,2.1385,37258.58144814999
2026-01-05 01:00:00+00:00,2.1412,2.1711,2.1268,2.1583,56707.10446175002
2026-01-05 02:00:00+00:00,2.1601,2.1658,2.1343,2.1491,34666.596370160005
2026-01-05 03:00:00+00:00,2.1499,2.1564,2.1363,2.1523,4224.65089522
2026-01-05 04:00:00+00:00,2.149,2.1555,2.1141,2.1373,47949.42205741001
2026-01-05 05:00:00+00:00,2.1374,2.1419,2.1239,2.1279,3623.01548333
2026-01-05 06:00:00+00:00,2.1257,2.1319,2.1067,2.1266,18423.226252380005
2026-01-05 07:00:00+00:00,2.124,2.1487,2.1237,2.1445,4907.69090613
2026-01-05 08:00:00+00:00,2.145,2.1508,2.1216,2.1231,34116.995082010006
2026-01-05 09:00:00+00:00,2.1238,2.1238,2.109,2.1114,4938.079194239999
2026-01-05 10:00:00+00:00,2.1138,2.1316,2.1076,2.1092,8841.786769780001
2026-01-05 11:00:00+00:00,2.1087,2.1138,2.0945,2.1133,34106.97696766998
2026-01-05 12:00:00+00:00,2.1139,2.1324,2.1077,2.1302,20587.52774882
2026-01-05 13:00:00+00:00,2.1309,2.1341,2.1128,2.1258,10177.47696714
2026-01-05 14:00:00+00:00,2.126,2.1638,2.1222,2.1537,6233.992683850001
2026-01-05 15:00:00+00:00,2.1565,2.2021,2.1408,2.1937,34059.02931871001
2026-01-05 16:00:00+00:00,2.1955,2.1996,2.1622,2.1801,74591.02194749002
2026-01-05 17:00:00+00:00,2.1825,2.2064,2.1562,2.1993,26963.397637080005
2026-01-05 18:00:00+00:00,2.1995,2.2187,2.1882,2.2144,56261.76052627002
2026-01-05 19:00:00+00:00,2.216,2.216,2.1834,2.1898,10544.64359653
2026-01-05 20:00:00+00:00,2.1898,2.2174,2.1867,2.2027,53867.62575304
2026-01-05 21:00:00+00:00,2.1967,2.2131,2.1967,2.2075,21313.874142420005
2026-01-05 22:00:00+00:00,2.2061,2.2339,2.2005,2.218,42812.81918674
2026-01-05 23:00:00+00:00,2.2149,2.2153,2.2004,2.2071,16712.255118949997
2026-01-06 00:00:00+00:00,2.206,2.211,2.1796,2.211,119226.76669674004
2026-01-06 01:00:00+00:00,2.211,2.239,2.1997,2.201,180600.1508531299
2026-01-06 02:00:00+00:00,2.2023,2.216,2.1937,2.203,49151.14917702
2026-01-06 03:00:00+00:00,2.2029,2.227,2.201,2.2194,33453.114138829995
2026-01-06 04:00:00+00:00,2.22,2.2346,2.2072,2.212,185852.61262702
2026-01-06 05:00:00+00:00,2.211,2.227,2.208,2.211,80033.48485458002
2026-01-06 06:00:00+00:00,2.21,2.245,2.198,2.233,123704.40381936997
2026-01-06 07:00:00+00:00,2.2334,2.234,2.179,2.1862,62579.82483801
2026-01-06 08:00:00+00:00,2.1878,2.205,2.183,2.19,53010.63366075001
2026-01-06 09:00:00+00:00,2.19,2.202,2.1845,2.188,35537.59476993
2026-01-06 10:00:00+00:00,2.1849,2.2194,2.182,2.206,179655.18945113994
2026-01-06 11:00:00+00:00,2.2068,2.223,2.204,2.2193,77729.62270597
2026-01-06 12:00:00+00:00,2.2193,2.247,2.218,2.237,81132.38245589001
2026-01-06 13:00:00+00:00,2.2347,2.238,2.218,2.225,175563.38829539003
2026-01-06 14:00:00+00:00,2.2261,2.262,2.2074,2.22,347541.00557103014
2026-01-06 15:00:00+00:00,2.2159,2.237,2.1811,2.198,277219.72794022004
2026-01-06 16:00:00+00:00,2.1986,2.204,2.1452,2.167,311406.1581862
2026-01-06 17:00:00+00:00,2.166,2.185,2.114,2.119,343607.2449464298
2026-01-06 18:00:00+00:00,2.119,2.161,2.114,2.156,79214.76560945
2026-01-06 19:00:00+00:00,2.1557,2.158,2.1432,2.148,42843.86141555
2026-01-06 20:00:00+00:00,2.149,2.179,2.149,2.171,25429.77936893
2026-01-06 21:00:00+00:00,2.17,2.228,2.1628,2.223,293659.39477916
2026-01-06 22:00:00+00:00,2.223,2.233,2.204,2.219,145684.2909194
2026-01-06 23:00:00+00:00,2.219,2.241,2.219,2.234,169640.02456484005
2026-01-07 00:00:00+00:00,2.234,2.237,2.19,2.1938,53578.37755463
2026-01-07 01:00:00+00:00,2.1941,2.202,2.1789,2.183,80708.71767896999
2026-01-07 02:00:00+00:00,2.183,2.194,2.1725,2.191,97743.48225104
2026-01-07 03:00:00+00:00,2.1916,2.203,2.1814,2.188,19411.517434999994
2026-01-07 04:00:00+00:00,2.1893,2.208,2.187,2.194,35693.820003270004
2026-01-07 05:00:00+00:00,2.1937,2.213,2.193,2.194,21671.04984484
2026-01-07 06:00:00+00:00,2.1937,2.2,2.1887,2.191,32364.43027515
2026-01-07 07:00:00+00:00,2.19,2.238,2.19,2.237,126937.34574727
2026-01-07 08:00:00+00:00,2.238,2.246,2.217,2.235,169510.46850318002
2026-01-07 09:00:00+00:00,2.2353,2.2353,2.178,2.181,137583.81244874996
2026-01-07 10:00:00+00:00,2.1811,2.1901,2.177,2.183,47973.80811713999
2026-01-07 11:00:00+00:00,2.181,2.197,2.1785,2.1955,92934.27489500996
2026-01-07 12:00:00+00:00,2.197,2.197,2.172,2.174,70049.68954313998
2026-01-07 13:00:00+00:00,2.175,2.187,2.164,2.165,95451.91465722997
2026-01-07 14:00:00+00:00,2.1661,2.171,2.129,2.165,290403.3109398898
2026-01-07 15:00:00+00:00,2.166,2.166,2.125,2.1368,170981.80653939003
2026-01-07 16:00:00+00:00,2.134,2.1526,2.13,2.141,66748.64016096
2026-01-07 17:00:00+00:00,2.1411,2.1812,2.137,2.151,62571.55775593
2026-01-07 18:00:00+00:00,2.151,2.1705,2.144,2.15,118420.92778539004
2026-01-07 19:00:00+00:00,2.15,2.155,2.127,2.1438,87839.66183083998
2026-01-07 20:00:00+00:00,2.1441,2.1475,2.122,2.132,45902.69346537
2026-01-07 21:00:00+00:00,2.132,2.139,2.129,2.131,50333.26231335999
2026-01-07 22:00:00+00:00,2.13,2.1507,2.123,2.1344,39246.38050046001
2026-01-07 23:00:00+00:00,2.131,2.1572,2.1176,2.143,44390.491032279984
2026-01-08 00:00:00+00:00,2.141,2.153,2.135,2.15,25048.200561710008
2026-01-08 01:00:00+00:00,2.15,2.157,2.141,2.1507,87915.29690092
2026-01-08 02:00:00+00:00,2.1483,2.1581,2.1273,2.133,56893.44265633
2026-01-08 03:00:00+00:00,2.1329,2.1487,2.116,2.12,28003.864868800003
2026-01-08 04:00:00+00:00,2.118,2.1452,2.115,2.136,62058.65998396999
2026-01-08 05:00:00+00:00,2.136,2.148,2.13,2.132,29909.76681348999
2026-01-08 06:00:00+00:00,2.1317,2.134,2.093,2.093,139273.19138992994
2026-01-08 07:00:00+00:00,2.095,2.1304,2.081,2.1254,246444.6054477401
2026-01-08 08:00:00+00:00,2.1254,2.1393,2.108,2.11,26532.38148712
2026-01-08 09:00:00+00:00,2.111,2.121,2.091,2.095,47461.32976841
2026-01-08 10:00:00+00:00,2.095,2.1312,2.081,2.123,187619.5700459199
2026-01-08 11:00:00+00:00,2.123,2.126,2.1059,2.1247,96953.64076546002
2026-01-08 12:00:00+00:00,2.1202,2.123,2.092,2.1,61205.68464027
2026-01-08 13:00:00+00:00,2.1,2.1069,2.086,2.103,35470.69944524
2026-01-08 14:00:00+00:00,2.1025,2.1242,2.086,2.119,160533.64529119
2026-01-08 15:00:00+00:00,2.117,2.1571,2.107,2.153,126061.67565781
2026-01-08 16:00:00+00:00,2.1536,2.156,2.123,2.1474,114930.45508368996
2026-01-08 17:00:00+00:00,2.1474,2.1517,2.13,2.147,58928.10369352002
2026-01-08 18:00:00+00:00,2.1462,2.1497,2.1128,2.1157,68593.04237174
2026-01-08 19:00:00+00:00,2.117,2.131,2.11,2.113,65311.199672789975
2026-01-08 20:00:00+00:00,2.1142,2.1142,2.092,2.106,41068.06409359001
2026-01-08 21:00:00+00:00,2.105,2.122,2.1027,2.119,31253.02142579
2026-01-08 22:00:00+00:00,2.119,2.1301,2.105,2.117,35698.395101949995
2026-01-08 23:00:00+00:00,2.119,2.1231,2.108,2.1089,7945.851070079999
2026-01-09 00:00:00+00:00,2.108,2.1163,2.0938,2.104,113919.08907091
2026-01-09 01:00:00+00:00,2.104,2.1249,2.084,2.095,248721.28432906
2026-01-09 02:00:00+00:00,2.095,2.114,2.089,2.089,37788.48395525998
2026-01-09 03:00:00+00:00,2.09,2.1115,2.087,2.109,70948.07180163999
2026-01-09 04:00:00+00:00,2.11,2.1121,2.098,2.102,22414.2728642
2026-01-09 05:00:00+00:00,2.103,2.1087,2.094,2.106,35161.44883639999
2026-01-09 06:00:00+00:00,2.105,2.117,2.0998,2.113,125972.48606399
2026-01-09 07:00:00+00:00,2.112,2.1126,2.101,2.101,98331.98376466
2026-01-09 08:00:00+00:00,2.1018,2.105,2.0579,2.071,155786.18977767
2026-01-09 09:00:00+00:00,2.071,2.0929,2.069,2.08,44104.54906255
2026-01-09 10:00:00+00:00,2.08,2.0862,2.075,2.08,27382.75076553
2026-01-09 11:00:00+00:00,2.08,2.0888,2.0777,2.0782,27428.882649570005
2026-01-09 12:00:00+00:00,2.0777,2.083,2.0476,2.055,75825.18452899
2026-01-09 13:00:00+00:00,2.0554,2.0814,2.055,2.067,207853.42720692005
2026-01-09 14:00:00+00:00,2.0677,2.0737,2.0462,2.058,112518.70763114002
2026-01-09 15:00:00+00:00,2.06,2.1377,2.049,2.1012,275930.47191363
2026-01-09 16:00:00+00:00,2.103,2.1432,2.1025,2.119,144814.72976465005
2026-01-09 17:00:00+00:00,2.12,2.1211,2.09,2.108,122505.40171722996
2026-01-09 18:00:00+00:00,2.107,2.11,2.061,2.0832,59260.31630730999
2026-01-09 19:00:00+00:00,2.0819,2.082,2.056,2.0621,59800.23740801
2026-01-09 20:00:00+00:00,2.062,2.0862,2.059,2.073,127084.79860881998
2026-01-09 21:00:00+00:00,2.073,2.093,2.069,2.085,169705.67228729994
2026-01-09 22:00:00+00:00,2.082,2.0931,2.076,2.086,34512.18505777
2026-01-09 23:00:00+00:00,2.087,2.09,2.0788,2.081,90703.34651344996
2026-01-10 00:00:00+00:00,2.08,2.0843,2.073,2.076,43500.07062528999
2026-01-10 01:00:00+00:00,2.077,2.0907,2.077,2.086,14788.862351319998
2026-01-10 02:00:00+00:00,2.0857,2.0878,2.068,2.0736,29348.64144875
2026-01-10 03:00:00+00:00,2.0738,2.0901,2.067,2.086,164287.36224804
2026-01-10 04:00:00+00:00,2.087,2.089,2.075,2.084,140054.85166768997
2026-01-10 05:00:00+00:00,2.085,2.0933,2.0816,2.084,43565.29807782
2026-01-10 06:00:00+00:00,2.083,2.091,2.074,2.0846,19431.69317574
2026-01-10 07:00:00+00:00,2.084,2.1151,2.083,2.099,102297.32528359996
2026-01-10 08:00:00+00:00,2.098,2.1,2.078,2.087,137426.75164696996
2026-01-10 09:00:00+00:00,2.0871,2.1075,2.0871,2.1075,50089.15326646
2026-01-10 10:00:00+00:00,2.103,2.1086,2.094,2.104,28691.34360642
2026-01-10 11:00:00+00:00,2.104,2.1077,2.0959,2.105,13652.30735029
2026-01-10 12:00:00+00:00,2.105,2.1251,2.102,2.121,45705.84812668
2026-01-10 13:00:00+00:00,2.1215,2.1318,2.115,2.121,65123.56437765
2026-01-10 14:00:00+00:00,2.1224,2.1259,2.108,2.1141,64547.40413940001
2026-01-10 15:00:00+00:00,2.116,2.1247,2.112,2.1154,20789.26675674
2026-01-10 16:00:00+00:00,2.115,2.1168,2.099,2.105,33150.03986274
2026-01-10 17:00:00+00:00,2.106,2.1195,2.094,2.095,19923.51835875
2026-01-10 18:00:00+00:00,2.0984,2.1069,2.0938,2.099,19254.45566459
2026-01-10 19:00:00+00:00,2.1,2.1259,2.0996,2.125,33786.7731441
2026-01-10 20:00:00+00:00,2.126,2.1301,2.111,2.1128,19570.89734901
2026-01-10 21:00:00+00:00,2.1128,2.114,2.1,2.1038,21570.92039584
2026-01-10 22:00:00+00:00,2.1011,2.1058,2.081,2.0816,20349.019620690004
2026-01-10 23:00:00+00:00,2.0834,2.0958,2.0834,2.09,15688.91790897
2026-01-11 00:00:00+00:00,2.09,2.095,2.082,2.0904,20333.09453617
2026-01-11 01:00:00+00:00,2.0894,2.0965,2.0869,2.094,7738.74728045
2026-01-11 02:00:00+00:00,2.0943,2.1032,2.09,2.092,34215.95024508
2026-01-11 03:00:00+00:00,2.0926,2.1014,2.0906,2.098,24445.3544347
2026-01-11 04:00:00+00:00,2.0983,2.1052,2.0916,2.102,40986.74925732
2026-01-11 05:00:00+00:00,2.1034,2.1092,2.0983,2.104,22034.48437398
2026-01-11 06:00:00+00:00,2.1027,2.1105,2.096,2.1066,34930.99017306999
2026-01-11 07:00:00+00:00,2.1078,2.1152,2.104,2.1142,26870.884099730003
2026-01-11 08:00:00+00:00,2.1134,2.1186,2.1059,2.112,38838.634423759984
2026-01-11 09:00:00+00:00,2.1114,2.1178,2.108,2.1124,18682.83539942
2026-01-11 10:00:00+00:00,2.1114,2.113,2.103,2.106,16952.463706659997
2026-01-11 11:00:00+00:00,2.106,2.1144,2.1018,2.108,25378.05383493
2026-01-11 12:00:00+00:00,2.1086,2.122,2.106,2.12,36068.801522140006
2026-01-11 13:00:00+00:00,2.1194,2.1215,2.097,2.1,23068.886080500004
2026-01-11 14:00:00+00:00,2.099,2.1169,2.095,2.109,31580.906987210004
2026-01-11 15:00:00+00:00,2.108,2.11,2.0677,2.0769,32932.04405196
2026-01-11 16:00:00+00:00,2.0751,2.1121,2.07,2.093,105677.83100916994
2026-01-11 17:00:00+00:00,2.094,2.103,2.0826,2.099,28323.538973190007
2026-01-11 18:00:00+00:00,2.099,2.1,2.0848,2.094,15445.203651050002
2026-01-11 19:00:00+00:00,2.094,2.0993,2.083,2.087,27770.000213590003
2026-01-11 20:00:00+00:00,2.086,2.086,2.058,2.065,39536.37039483
2026-01-11 21:00:00+00:00,2.064,2.0751,2.053,2.072,62755.87776968003
2026-01-11 22:00:00+00:00,2.0706,2.0712,2.046,2.05,33823.0246896
2026-01-11 23:00:00+00:00,2.0483,2.072,2.0309,2.068,116581.8004234
2026-01-12 00:00:00+00:00,2.0671,2.0819,2.045,2.077,149662.59011549
2026-01-12 01:00:00+00:00,2.076,2.1035,2.0715,2.094,337015.71490597003
2026-01-12 02:00:00+00:00,2.096,2.14,2.095,2.135,116367.86074332998
2026-01-12 03:00:00+00:00,2.135,2.1509,2.112,2.113,100751.49817661
2026-01-12 04:00:00+00:00,2.113,2.1348,2.109,2.127,31717.09898541
2026-01-12 05:00:00+00:00,2.1276,2.1344,2.1164,2.118,48271.8302911
2026-01-12 06:00:00+00:00,2.119,2.12,2.097,2.1,37740.78621086999
2026-01-12 07:00:00+00:00,2.0992,2.114,2.061,2.061,73102.22770254998
2026-01-12 08:00:00+00:00,2.062,2.0784,2.031,2.048,122815.71737352
2026-01-12 09:00:00+00:00,2.048,2.0564,2.043,2.048,56701.17864026
2026-01-12 10:00:00+00:00,2.049,2.057,2.042,2.045,36288.18282303
2026-01-12 11:00:00+00:00,2.045,2.0611,2.045,2.056,46209.8096125
2026-01-12 12:00:00+00:00,2.0558,2.0609,2.046,2.048,29700.049637
2026-01-12 13:00:00+00:00,2.047,2.052,2.0279,2.035,73229.3110874
2026-01-12 14:00:00+00:00,2.034,2.066,2.016,2.058,129935.76380858997
2026-01-12 15:00:00+00:00,2.0564,2.0876,2.049,2.086,96425.76351972004
2026-01-12 16:00:00+00:00,2.0863,2.114,2.079,2.086,132845.48342318003
2026-01-12 17:00:00+00:00,2.0863,2.0943,2.052,2.0715,99156.08483931
2026-01-12 18:00:00+00:00,2.072,2.086,2.063,2.068,86955.72228016997
2026-01-12 19:00:00+00:00,2.0672,2.075,2.0587,2.0718,32284.12585965
2026-01-12 20:00:00+00:00,2.0733,2.0833,2.054,2.057,37654.02524087
2026-01-12 21:00:00+00:00,2.057,2.059,2.037,2.046,36529.89523485999
2026-01-12 22:00:00+00:00,2.0464,2.058,2.0464,2.053,36951.82655017999
2026-01-12 23:00:00+00:00,2.053,2.059,2.042,2.052,90427.59886836002
2026-01-13 00:00:00+00:00,2.051,2.0681,2.05,2.066,90949.25128342996
2026-01-13 01:00:00+00:00,2.066,2.0816,2.0636,2.079,68175.44898607
2026-01-13 02:00:00+00:00,2.0796,2.0946,2.056,2.0578,95982.25338154
2026-01-13 03:00:00+00:00,2.056,2.067,2.051,2.062,39663.84049503
2026-01-13 04:00:00+00:00,2.062,2.0806,2.062,2.0781,134355.20315786
2026-01-13 05:00:00+00:00,2.078,2.104,2.078,2.089,92363.85063504998
2026-01-13 06:00:00+00:00,2.0916,2.0994,2.087,2.094,61543.91138644
2026-01-13 07:00:00+00:00,2.095,2.096,2.0749,2.0772,35694.25711554
2026-01-13 08:00:00+00:00,2.0773,2.093,2.075,2.09,80444.94023606999
2026-01-13 09:00:00+00:00,2.09,2.098,2.07,2.08,129407.15233652986
2026-01-13 10:00:00+00:00,2.0797,2.0876,2.073,2.08,56455.75221089
2026-01-13 11:00:00+00:00,2.081,2.0936,2.076,2.0858,51655.19670713
2026-01-13 12:00:00+00:00,2.0862,2.106,2.079,2.105,69050.49998434998
2026-01-13 13:00:00+00:00,2.106,2.1429,2.103,2.14,425285.7986437
2026-01-13 14:00:00+00:00,2.1393,2.223,2.131,2.184,931564.1418303902
2026-01-13 15:00:00+00:00,2.184,2.2451,2.173,2.2422,484250.20728147
2026-01-13 16:00:00+00:00,2.241,2.34,2.241,2.263,1272591.30536548
2026-01-13 17:00:00+00:00,2.265,2.268,2.225,2.245,332273.73812906
2026-01-13 18:00:00+00:00,2.245,2.258,2.2282,2.2316,166466.71850171004
2026-01-13 19:00:00+00:00,2.23,2.26,2.2289,2.249,453588.54424918006
2026-01-13 20:00:00+00:00,2.249,2.2526,2.2115,2.226,215974.60059785
2026-01-13 21:00:00+00:00,2.2235,2.256,2.2235,2.25,165614.72355110003
2026-01-13 22:00:00+00:00,2.251,2.328,2.2484,2.3159,705654.2189585504
2026-01-13 23:00:00+00:00,2.32,2.332,2.2695,2.282,284031.3853991999
2026-01-14 00:00:00+00:00,2.282,2.296,2.265,2.28,181216.2091130501
2026-01-14 01:00:00+00:00,2.2798,2.2942,2.2684,2.271,136812.96301881
2026-01-14 02:00:00+00:00,2.2711,2.283,2.2597,2.268,92685.49466220998
2026-01-14 03:00:00+00:00,2.269,2.279,2.2571,2.279,77003.70111564
2026-01-14 04:00:00+00:00,2.279,2.284,2.2581,2.268,190954.21686237
2026-01-14 05:00:00+00:00,2.2679,2.2782,2.2571,2.274,63574.03433202
2026-01-14 06:00:00+00:00,2.2749,2.292,2.2614,2.291,104659.45928335996
2026-01-14 07:00:00+00:00,2.291,2.297,2.27,2.276,108591.71090178
2026-01-14 08:00:00+00:00,2.2772,2.293,2.276,2.281,41449.39660885999
2026-01-14 09:00:00+00:00,2.281,2.296,2.2562,2.283,363832.7623968797
2026-01-14 10:00:00+00:00,2.2829,2.2932,2.2708,2.271,153157.1224118499
2026-01-14 11:00:00+00:00,2.271,2.272,2.2487,2.252,213759.91867231004
2026-01-14 12:00:00+00:00,2.252,2.2627,2.251,2.255,73499.99112921
2026-01-14 13:00:00+00:00,2.255,2.259,2.235,2.24,81238.73480204001
2026-01-14 14:00:00+00:00,2.239,2.281,2.237,2.268,165084.60802921
2026-01-14 15:00:00+00:00,2.268,2.298,2.2487,2.266,444772.44370847
2026-01-14 16:00:00+00:00,2.266,2.283,2.2563,2.261,149466.76484096
2026-01-14 17:00:00+00:00,2.261,2.271,2.234,2.239,221394.60486125
2026-01-14 18:00:00+00:00,2.238,2.246,2.1941,2.215,401286.8565961398
2026-01-14 19:00:00+00:00,2.215,2.2547,2.2096,2.2395,264151.12164018006
2026-01-14 20:00:00+00:00,2.239,2.256,2.2313,2.244,81041.88820494997
2026-01-14 21:00:00+00:00,2.2425,2.246,2.2258,2.2344,70435.54619449
2026-01-14 22:00:00+00:00,2.234,2.2356,2.2105,2.217,65561.58000284001
2026-01-14 23:00:00+00:00,2.2172,2.233,2.2134,2.2247,142281.66470627
2026-01-15 00:00:00+00:00,2.225,2.231,2.2154,2.2265,102978.11991632002
2026-01-15 01:00:00+00:00,2.226,2.237,2.2098,2.2132,71754.55736008003
2026-01-15 02:00:00+00:00,2.215,2.219,2.1876,2.196,138468.49985709004
2026-01-15 03:00:00+00:00,2.196,2.201,2.1544,2.167,144923.39848733996
2026-01-15 04:00:00+00:00,2.1676,2.1861,2.1638,2.1774,182479.0764131
2026-01-15 05:00:00+00:00,2.1786,2.184,2.1698,2.175,50242.71182217998
2026-01-15 06:00:00+00:00,2.1745,2.184,2.173,2.1762,43752.98921088002
2026-01-15 07:00:00+00:00,2.175,2.2024,2.175,2.197,52389.21216048
2026-01-15 08:00:00+00:00,2.1971,2.198,2.1819,2.192,54568.98855941998
2026-01-15 09:00:00+00:00,2.191,2.212,2.1818,2.206,66136.26344983002
2026-01-15 10:00:00+00:00,2.208,2.2084,2.1957,2.204,99185.44491877996
2026-01-15 11:00:00+00:00,2.2045,2.211,2.1938,2.199,190461.12833378007
2026-01-15 12:00:00+00:00,2.199,2.222,2.199,2.221,53562.79960182001
2026-01-15 13:00:00+00:00,2.2197,2.2365,2.218,2.227,55334.21004275998
2026-01-15 14:00:00+00:00,2.2272,2.234,2.179,2.195,121557.50229571002
2026-01-15 15:00:00+00:00,2.1956,2.207,2.1277,2.163,179071.69256630997
2026-01-15 16:00:00+00:00,2.1649,2.172,2.143,2.164,90982.00991851997
2026-01-15 17:00:00+00:00,2.164,2.1711,2.137,2.141,167434.28989208993
2026-01-15 18:00:00+00:00,2.141,2.144,2.109,2.1137,138221.42271969
2026-01-15 19:00:00+00:00,2.114,2.122,2.0974,2.119,135631.73485487
2026-01-15 20:00:00+00:00,2.119,2.1292,2.096,2.104,99281.15782016996
2026-01-15 21:00:00+00:00,2.103,2.1154,2.1026,2.112,192444.5217466298
2026-01-15 22:00:00+00:00,2.112,2.1272,2.1083,2.1117,74741.278433
2026-01-15 23:00:00+00:00,2.111,2.12,2.1021,2.118,56419.35056837999
2026-01-16 00:00:00+00:00,2.116,2.123,2.113,2.117,55693.76400421
2026-01-16 01:00:00+00:00,2.116,2.124,2.1108,2.1195,122704.38239205995
2026-01-16 02:00:00+00:00,2.119,2.133,2.103,2.13,71342.85271317004
2026-01-16 03:00:00+00:00,2.1295,2.13,2.1096,2.111,29230.888953170008
2026-01-16 04:00:00+00:00,2.1115,2.114,2.097,2.104,59947.054245800005
2026-01-16 05:00:00+00:00,2.104,2.1265,2.1027,2.121,87044.08456347998
2026-01-16 06:00:00+00:00,2.121,2.136,2.119,2.136,181365.21469393
2026-01-16 07:00:00+00:00,2.135,2.15,2.1322,2.137,293327.56318851
2026-01-16 08:00:00+00:00,2.137,2.155,2.132,2.1485,95821.32051236
2026-01-16 09:00:00+00:00,2.1503,2.1546,2.139,2.14,46054.72183324
2026-01-16 10:00:00+00:00,2.141,2.1416,2.131,2.136,17348.28583162
2026-01-16 11:00:00+00:00,2.1354,2.139,2.1189,2.128,47762.5336989
2026-01-16 12:00:00+00:00,2.1284,2.129,2.1149,2.12,27282.32883779001
2026-01-16 13:00:00+00:00,2.1213,2.122,2.101,2.108,178747.60027360998
2026-01-16 14:00:00+00:00,2.1086,2.126,2.108,2.1137,63411.61279109999
2026-01-16 15:00:00+00:00,2.113,2.1256,2.0574,2.0753,291894.71901374
2026-01-16 16:00:00+00:00,2.073,2.0822,2.0545,2.072,204765.54074673995
2026-01-16 17:00:00+00:00,2.0725,2.089,2.0587,2.087,303118.7149819601
2026-01-16 18:00:00+00:00,2.088,2.091,2.081,2.083,49453.55473396
2026-01-16 19:00:00+00:00,2.0832,2.097,2.074,2.091,61419.60783937002
2026-01-16 20:00:00+00:00,2.091,2.1285,2.083,2.127,111000.37950129004
2026-01-16 21:00:00+00:00,2.128,2.136,2.124,2.133,236092.17503698007
2026-01-16 22:00:00+00:00,2.1282,2.137,2.1198,2.127,75229.29147335
2026-01-16 23:00:00+00:00,2.128,2.128,2.114,2.118,62588.184612990015
2026-01-17 00:00:00+00:00,2.119,2.131,2.112,2.127,81783.01233030001
2026-01-17 01:00:00+00:00,2.126,2.136,2.122,2.124,47883.12183317
2026-01-17 02:00:00+00:00,2.124,2.1297,2.117,2.1221,71818.50701629999
2026-01-17 03:00:00+00:00,2.1211,2.1316,2.118,2.1266,25509.24914463001
2026-01-17 04:00:00+00:00,2.1278,2.134,2.1206,2.132,39847.21198086002
2026-01-17 05:00:00+00:00,2.132,2.1381,2.1298,2.131,58992.07518228001
2026-01-17 06:00:00+00:00,2.132,2.144,2.132,2.138,25501.87397043
2026-01-17 07:00:00+00:00,2.138,2.1591,2.132,2.156,81074.38440194
2026-01-17 08:00:00+00:00,2.156,2.192,2.156,2.185,154490.7847217
2026-01-17 09:00:00+00:00,2.1844,2.209,2.18,2.185,214639.1156702
2026-01-17 10:00:00+00:00,2.1863,2.234,2.185,2.2167,368202.0248960901
2026-01-17 11:00:00+00:00,2.216,2.216,2.1815,2.1815,156647.33069968
2026-01-17 12:00:00+00:00,2.181,2.2164,2.1762,2.209,132084.70953151
2026-01-17 13:00:00+00:00,2.21,2.214,2.198,2.198,126610.87337886002
2026-01-17 14:00:00+00:00,2.2001,2.2266,2.187,2.222,81421.79293858001
2026-01-17 15:00:00+00:00,2.222,2.227,2.192,2.208,189153.84385017995
2026-01-17 16:00:00+00:00,2.208,2.216,2.1818,2.204,145144.69685999
2026-01-17 17:00:00+00:00,2.2044,2.21,2.194,2.205,69057.30733989002
2026-01-17 18:00:00+00:00,2.205,2.2136,2.2,2.206,259544.5199353
2026-01-17 19:00:00+00:00,2.204,2.21,2.191,2.198,98127.38015748
2026-01-17 20:00:00+00:00,2.198,2.203,2.187,2.1918,152162.75803641995
2026-01-17 21:00:00+00:00,2.192,2.192,2.182,2.1909,69267.31410613003
2026-01-17 22:00:00+00:00,2.19,2.195,2.172,2.18,127714.32340590996
2026-01-17 23:00:00+00:00,2.179,2.187,2.172,2.177,41213.56864756999
2026-01-18 00:00:00+00:00,2.177,2.201,2.176,2.1854,53119.67350537999
2026-01-18 01:00:00+00:00,2.184,2.189,2.1612,2.1674,149866.64839382
2026-01-18 02:00:00+00:00,2.169,2.177,2.1571,2.162,43821.092379910006
2026-01-18 03:00:00+00:00,2.161,2.172,2.16,2.162,44498.58653569
2026-01-18 04:00:00+00:00,2.162,2.163,2.1512,2.159,61551.53632033002
2026-01-18 05:00:00+00:00,2.1586,2.1587,2.151,2.157,26773.227455150005
2026-01-18 06:00:00+00:00,2.158,2.1601,2.145,2.153,33698.90996832998
2026-01-18 07:00:00+00:00,2.151,2.1588,2.1398,2.151,54801.41241101
2026-01-18 08:00:00+00:00,2.15,2.1592,2.146,2.157,133721.6646926499
2026-01-18 09:00:00+00:00,2.157,2.163,2.1432,2.153,143509.60618061994
2026-01-18 10:00:00+00:00,2.154,2.156,2.1426,2.146,28415.01714737
2026-01-18 11:00:00+00:00,2.143,2.152,2.141,2.148,40174.60242731999
2026-01-18 12:00:00+00:00,2.148,2.1547,2.142,2.145,28659.69520305
2026-01-18 13:00:00+00:00,2.144,2.1561,2.1377,2.148,76677.71036246001
2026-01-18 14:00:00+00:00,2.1489,2.161,2.1349,2.136,90608.84504949
2026-01-18 15:00:00+00:00,2.1351,2.1701,2.13,2.161,113591.59143147
2026-01-18 16:00:00+00:00,2.162,2.176,2.158,2.163,53464.686874340005
2026-01-18 17:00:00+00:00,2.1634,2.164,2.149,2.158,81359.73232049003
2026-01-18 18:00:00+00:00,2.1571,2.189,2.155,2.186,81601.75284778999
2026-01-18 19:00:00+00:00,2.1852,2.1893,2.1645,2.17,23225.24533485
2026-01-18 20:00:00+00:00,2.1692,2.1885,2.166,2.179,28816.4995777
2026-01-18 21:00:00+00:00,2.1787,2.184,2.172,2.1763,27663.595206279995
2026-01-18 22:00:00+00:00,2.1773,2.197,2.177,2.195,158439.98986024
2026-01-18 23:00:00+00:00,2.195,2.197,2.062,2.064,396382.6347220303
2026-01-19 00:00:00+00:00,2.064,2.064,1.855,1.9557,1781508.1699133504
2026-01-19 01:00:00+00:00,1.954,1.974,1.9445,1.9614,215147.82226696
2026-01-19 02:00:00+00:00,1.961,1.973,1.955,1.9692,103021.14318468006
2026-01-19 03:00:00+00:00,1.9682,1.982,1.958,1.9778,92110.18893958
2026-01-19 04:00:00+00:00,1.977,1.9821,1.959,1.96,79320.61856542002
2026-01-19 05:00:00+00:00,1.9598,1.9752,1.9544,1.9707,144992.9070475099
2026-01-19 06:00:00+00:00,1.971,1.978,1.956,1.957,266171.31526573
2026-01-19 07:00:00+00:00,1.958,1.9731,1.954,1.969,131782.62525264
2026-01-19 08:00:00+00:00,1.968,1.999,1.9655,1.995,190072.92099402
2026-01-19 09:00:00+00:00,1.994,1.9942,1.978,1.981,47096.25715140998
2026-01-19 10:00:00+00:00,1.979,1.9795,1.9709,1.974,67204.94213250997
2026-01-19 11:00:00+00:00,1.975,1.9841,1.971,1.972,71561.81491881999
2026-01-19 12:00:00+00:00,1.972,1.976,1.9652,1.972,104909.30982196
2026-01-19 13:00:00+00:00,1.972,1.9801,1.969,1.972,103287.45629898002
2026-01-19 14:00:00+00:00,1.9733,1.9893,1.969,1.976,52258.77964306001
2026-01-19 15:00:00+00:00,1.976,1.984,1.97,1.976,62773.55432529002
2026-01-19 16:00:00+00:00,1.976,2.023,1.975,2.0209,369848.32413738
2026-01-19 17:00:00+00:00,2.0219,2.028,2.004,2.0142,145058.88406687995
2026-01-19 18:00:00+00:00,2.0168,2.0225,2.003,2.0215,81731.23097782003
2026-01-19 19:00:00+00:00,2.0221,2.0636,2.0221,2.0449,302196.03719109995
2026-01-19 20:00:00+00:00,2.045,2.049,2.0319,2.033,121532.13323779
2026-01-19 21:00:00+00:00,2.033,2.038,2.019,2.0207,147297.89645540994
2026-01-19 22:00:00+00:00,2.021,2.027,2.006,2.0061,74704.28560222998
2026-01-19 23:00:00+00:00,2.006,2.0395,2.0042,2.0277,119317.39168038004
2026-01-20 00:00:00+00:00,2.027,2.0332,2.017,2.019,61226.24310370001
2026-01-20 01:00:00+00:00,2.02,2.036,2.013,2.024,35272.34951999
2026-01-20 02:00:00+00:00,2.0246,2.0516,2.014,2.043,111392.65129234004
2026-01-20 03:00:00+00:00,2.043,2.0481,2.018,2.032,74202.91213078999
2026-01-20 04:00:00+00:00,2.031,2.049,2.018,2.034,302001.93687323
2026-01-20 05:00:00+00:00,2.035,2.045,2.022,2.027,290934.16898496007
2026-01-20 06:00:00+00:00,2.026,2.0273,1.9828,1.989,267019.5954235501
2026-01-20 07:00:00+00:00,1.988,2.0056,1.987,1.988,70281.87334961
2026-01-20 08:00:00+00:00,1.989,1.994,1.9701,1.985,126731.82053144
2026-01-20 09:00:00+00:00,1.985,1.9927,1.976,1.98,61042.07125524999
2026-01-20 10:00:00+00:00,1.981,1.992,1.974,1.9752,76482.07532309002
2026-01-20 11:00:00+00:00,1.9753,1.9833,1.957,1.958,175334.92364692
2026-01-20 12:00:00+00:00,1.959,1.981,1.9549,1.975,98335.38879191996
2026-01-20 13:00:00+00:00,1.974,1.974,1.934,1.939,129991.53290793998
2026-01-20 14:00:00+00:00,1.939,1.9746,1.938,1.958,163076.59840965996
2026-01-20 15:00:00+00:00,1.957,1.96,1.929,1.9391,157972.01781712
2026-01-20 16:00:00+00:00,1.938,1.9514,1.903,1.911,119271.84781165
2026-01-20 17:00:00+00:00,1.911,1.9264,1.894,1.9059,152157.72814928
2026-01-20 18:00:00+00:00,1.905,1.9164,1.894,1.903,115332.93607746996
2026-01-20 19:00:00+00:00,1.903,1.9168,1.903,1.912,86983.08569352998
2026-01-20 20:00:00+00:00,1.911,1.933,1.9082,1.93,175791.76301600004
2026-01-20 21:00:00+00:00,1.9301,1.9323,1.908,1.911,47341.01464486999
2026-01-20 22:00:00+00:00,1.9113,1.9195,1.879,1.9045,99364.35784937994
2026-01-20 23:00:00+00:00,1.904,1.906,1.891,1.8958,81835.60341069
2026-01-21 00:00:00+00:00,1.895,1.9302,1.8929,1.929,106983.47845545002
2026-01-21 01:00:00+00:00,1.929,1.9409,1.926,1.934,63000.51060888001
2026-01-21 02:00:00+00:00,1.9399,1.9582,1.9358,1.953,85941.36283403
2026-01-21 03:00:00+00:00,1.953,1.9601,1.944,1.9465,50413.74129333
2026-01-21 04:00:00+00:00,1.9458,1.9508,1.9408,1.945,17723.42784396
2026-01-21 05:00:00+00:00,1.944,1.9598,1.943,1.955,75123.83741631002
2026-01-21 06:00:00+00:00,1.956,1.957,1.9384,1.94,83607.47086889997
2026-01-21 07:00:00+00:00,1.939,1.9542,1.936,1.942,41195.32097114
2026-01-21 08:00:00+00:00,1.942,1.9495,1.925,1.9378,33307.65155878
2026-01-21 09:00:00+00:00,1.938,1.9399,1.929,1.933,30654.08746264
2026-01-21 10:00:00+00:00,1.934,1.9466,1.928,1.928,80988.91655693
2026-01-21 11:00:00+00:00,1.928,1.9413,1.915,1.9166,107289.91195724
2026-01-21 12:00:00+00:00,1.917,1.9207,1.893,1.92,124862.63853579
2026-01-21 13:00:00+00:00,1.918,1.9311,1.903,1.908,57252.984360830014
2026-01-21 14:00:00+00:00,1.908,1.976,1.907,1.969,370994.2605787802
2026-01-21 15:00:00+00:00,1.968,1.977,1.949,1.967,108508.65175700004
2026-01-21 16:00:00+00:00,1.967,1.967,1.889,1.8951,196211.0999520901
2026-01-21 17:00:00+00:00,1.8943,1.9192,1.8699,1.897,164955.85334371007
2026-01-21 18:00:00+00:00,1.897,1.9215,1.8867,1.914,95032.62964798
2026-01-21 19:00:00+00:00,1.914,1.992,1.9059,1.991,277758.88191285
2026-01-21 20:00:00+00:00,1.991,1.997,1.9578,1.985,179885.71965828998
2026-01-21 21:00:00+00:00,1.986,1.9974,1.979,1.987,103242.47514599004
2026-01-21 22:00:00+00:00,1.988,1.998,1.966,1.9702,70867.12975817002
2026-01-21 23:00:00+00:00,1.97,1.9767,1.941,1.953,71105.36807560998
2026-01-22 00:00:00+00:00,1.952,1.9717,1.952,1.962,178268.65149247998
2026-01-22 01:00:00+00:00,1.961,1.9799,1.96,1.9771,38975.76400108999
2026-01-22 02:00:00+00:00,1.9762,1.9831,1.962,1.9645,38248.10347968
2026-01-22 03:00:00+00:00,1.9642,1.9713,1.9466,1.954,114635.15924614998
2026-01-22 04:00:00+00:00,1.953,1.9609,1.95,1.952,247022.8858403699
2026-01-22 05:00:00+00:00,1.953,1.957,1.937,1.94,162469.77273091
2026-01-22 06:00:00+00:00,1.9408,1.95,1.927,1.945,269707.8627449201
2026-01-22 07:00:00+00:00,1.946,1.9494,1.932,1.943,69721.28993285997
2026-01-22 08:00:00+00:00,1.9435,1.952,1.937,1.951,32760.44907230001
2026-01-22 09:00:00+00:00,1.95,1.9597,1.947,1.955,44122.92597008999
2026-01-22 10:00:00+00:00,1.955,1.9594,1.952,1.957,39989.91974293996
2026-01-22 11:00:00+00:00,1.956,1.958,1.947,1.948,55386.82018231
2026-01-22 12:00:00+00:00,1.947,1.9508,1.941,1.948,52573.47180889001
2026-01-22 13:00:00+00:00,1.949,1.9626,1.937,1.946,72152.54509004
2026-01-22 14:00:00+00:00,1.9474,1.9517,1.915,1.917,92241.3115652
2026-01-22 15:00:00+00:00,1.917,1.9361,1.903,1.925,116996.14654123005
2026-01-22 16:00:00+00:00,1.924,1.942,1.9198,1.9377,106312.51715980002
2026-01-22 17:00:00+00:00,1.9378,1.943,1.924,1.9383,49474.12069543
2026-01-22 18:00:00+00:00,1.937,1.941,1.9209,1.9209,67925.86430566
2026-01-22 19:00:00+00:00,1.9221,1.9421,1.917,1.936,50362.41460361999
2026-01-22 20:00:00+00:00,1.936,1.9408,1.919,1.925,62409.49305542
2026-01-22 21:00:00+00:00,1.926,1.9358,1.9239,1.926,36710.84622299999
2026-01-22 22:00:00+00:00,1.926,1.9362,1.921,1.924,32999.64183709998
2026-01-22 23:00:00+00:00,1.923,1.9294,1.912,1.9251,47582.33883289
2026-01-23 00:00:00+00:00,1.924,1.9328,1.922,1.928,75136.97401557998
2026-01-23 01:00:00+00:00,1.9282,1.9516,1.9277,1.9483,98187.70990717
2026-01-23 02:00:00+00:00,1.948,1.9517,1.9382,1.939,33773.894826460004
2026-01-23 03:00:00+00:00,1.939,1.967,1.939,1.9575,49908.46972467
2026-01-23 04:00:00+00:00,1.9558,1.983,1.951,1.975,179784.29121032998
2026-01-23 05:00:00+00:00,1.974,1.9763,1.957,1.9591,40283.41339802001
2026-01-23 06:00:00+00:00,1.96,1.9676,1.94,1.94,72151.32018731002
2026-01-23 07:00:00+00:00,1.941,1.946,1.933,1.938,94923.32523663
2026-01-23 08:00:00+00:00,1.938,1.9467,1.923,1.928,69342.76788891
2026-01-23 09:00:00+00:00,1.928,1.9381,1.924,1.9311,32506.79747893
2026-01-23 10:00:00+00:00,1.93,1.9367,1.917,1.929,146417.60326530994
2026-01-23 11:00:00+00:00,1.929,1.9473,1.929,1.942,31141.386728570003
2026-01-23 12:00:00+00:00,1.942,1.9441,1.931,1.939,27318.15372453
2026-01-23 13:00:00+00:00,1.939,1.9531,1.9367,1.937,61002.23508273
2026-01-23 14:00:00+00:00,1.9385,1.9437,1.895,1.909,144769.05059973002
2026-01-23 15:00:00+00:00,1.91,1.945,1.898,1.942,122684.42066028
2026-01-23 16:00:00+00:00,1.9427,1.9603,1.918,1.946,337010.2164969501
2026-01-23 17:00:00+00:00,1.9471,1.9801,1.932,1.953,181046.36179836
2026-01-23 18:00:00+00:00,1.953,1.972,1.947,1.956,150615.31677755993
2026-01-23 19:00:00+00:00,1.955,1.955,1.919,1.925,162003.21889255996
2026-01-23 20:00:00+00:00,1.926,1.928,1.9,1.911,65009.92872973001
2026-01-23 21:00:00+00:00,1.91,1.923,1.9099,1.9126,22963.79437146
2026-01-23 22:00:00+00:00,1.912,1.9325,1.912,1.9325,39956.51982274
2026-01-23 23:00:00+00:00,1.927,1.927,1.9179,1.9237,43706.50311459
2026-01-24 00:00:00+00:00,1.923,1.9306,1.922,1.923,45123.3155655
2026-01-24 01:00:00+00:00,1.922,1.9322,1.919,1.928,48717.88955618
2026-01-24 02:00:00+00:00,1.93,1.9369,1.925,1.926,66811.09355212
2026-01-24 03:00:00+00:00,1.927,1.9416,1.925,1.929,42881.54993268999
2026-01-24 04:00:00+00:00,1.9285,1.9399,1.923,1.9343,109697.45103561
2026-01-24 05:00:00+00:00,1.936,1.937,1.924,1.929,77858.35828710996
2026-01-24 06:00:00+00:00,1.93,1.9369,1.9278,1.93,30105.26903779999
2026-01-24 07:00:00+00:00,1.9302,1.9347,1.9217,1.922,16154.732198840002
2026-01-24 08:00:00+00:00,1.9217,1.934,1.9198,1.929,21770.289776500005
2026-01-24 09:00:00+00:00,1.9286,1.9286,1.916,1.9175,32710.05509596
2026-01-24 10:00:00+00:00,1.918,1.9231,1.911,1.919,22234.698727680003
2026-01-24 11:00:00+00:00,1.918,1.9227,1.914,1.916,15848.59668255
2026-01-24 12:00:00+00:00,1.917,1.9232,1.912,1.9187,33218.67155359998
2026-01-24 13:00:00+00:00,1.915,1.9191,1.906,1.906,23332.33528541
2026-01-24 14:00:00+00:00,1.9063,1.9229,1.903,1.914,39720.87871101002
2026-01-24 15:00:00+00:00,1.915,1.92,1.901,1.903,28087.37800794
2026-01-24 16:00:00+00:00,1.903,1.9132,1.897,1.908,46908.33859628001
2026-01-24 17:00:00+00:00,1.9086,1.9157,1.905,1.912,21218.60613307
2026-01-24 18:00:00+00:00,1.913,1.9225,1.911,1.912,46832.91448334
2026-01-24 19:00:00+00:00,1.9113,1.9153,1.907,1.908,57059.48598314999
2026-01-24 20:00:00+00:00,1.908,1.9244,1.908,1.919,40126.63772567
2026-01-24 21:00:00+00:00,1.92,1.9234,1.911,1.92,19388.30233986
2026-01-24 22:00:00+00:00,1.92,1.9311,1.918,1.927,37795.11192150001
2026-01-24 23:00:00+00:00,1.927,1.9299,1.922,1.9269,29488.48107530001
2026-01-25 00:00:00+00:00,1.926,1.9418,1.923,1.932,82530.24554393
2026-01-25 01:00:00+00:00,1.93,1.9382,1.918,1.919,54840.51094606999
2026-01-25 02:00:00+00:00,1.9196,1.924,1.913,1.917,39539.07948389
2026-01-25 03:00:00+00:00,1.9207,1.9207,1.898,1.9034,67346.63098511999
2026-01-25 04:00:00+00:00,1.902,1.9104,1.8989,1.9013,35500.2329373
2026-01-25 05:00:00+00:00,1.9011,1.9053,1.898,1.9043,31277.73218548
2026-01-25 06:00:00+00:00,1.904,1.9088,1.899,1.9079,86375.10854325998
2026-01-25 07:00:00+00:00,1.904,1.9054,1.8916,1.897,35241.20938007
2026-01-25 08:00:00+00:00,1.897,1.9024,1.88,1.8897,76418.61433879001
2026-01-25 09:00:00+00:00,1.8865,1.9124,1.886,1.905,47570.37191946999
2026-01-25 10:00:00+00:00,1.904,1.9186,1.904,1.908,64232.00846379999
2026-01-25 11:00:00+00:00,1.9063,1.9114,1.8933,1.896,113657.40075271
2026-01-25 12:00:00+00:00,1.8957,1.8998,1.884,1.897,40525.58986913
2026-01-25 13:00:00+00:00,1.8965,1.9043,1.8876,1.898,27090.67672518999
2026-01-25 14:00:00+00:00,1.8988,1.899,1.8751,1.886,60572.021075100005
2026-01-25 15:00:00+00:00,1.8839,1.8923,1.879,1.885,49520.73457910999
2026-01-25 16:00:00+00:00,1.884,1.884,1.8303,1.8463,510413.3718313701
2026-01-25 17:00:00+00:00,1.846,1.8517,1.833,1.841,58674.11317860001
2026-01-25 18:00:00+00:00,1.841,1.844,1.813,1.8204,174633.00217398
2026-01-25 19:00:00+00:00,1.82,1.8273,1.78,1.789,253465.77011154004
2026-01-25 20:00:00+00:00,1.7889,1.8076,1.787,1.804,167936.39541389
2026-01-25 21:00:00+00:00,1.8042,1.8239,1.8042,1.818,210475.29823212
2026-01-25 22:00:00+00:00,1.818,1.8192,1.801,1.812,104390.07951265
2026-01-25 23:00:00+00:00,1.811,1.8273,1.8042,1.821,110804.44497596
2026-01-26 00:00:00+00:00,1.82,1.837,1.8162,1.837,82363.49860407998
2026-01-26 01:00:00+00:00,1.8364,1.8615,1.836,1.855,472473.99091694
2026-01-26 02:00:00+00:00,1.8537,1.8562,1.8337,1.8348,83523.89208825004
2026-01-26 03:00:00+00:00,1.8347,1.8382,1.822,1.8298,53685.999591690015
2026-01-26 04:00:00+00:00,1.828,1.8555,1.828,1.841,45568.79782202
2026-01-26 05:00:00+00:00,1.8408,1.845,1.8382,1.842,18707.26573831
2026-01-26 06:00:00+00:00,1.8408,1.8623,1.8362,1.861,41880.39350438
2026-01-26 07:00:00+00:00,1.861,1.8644,1.848,1.854,40760.12036287
2026-01-26 08:00:00+00:00,1.8531,1.8737,1.8504,1.855,86355.66794420003
2026-01-26 09:00:00+00:00,1.8542,1.8573,1.8394,1.84,45114.382687180005
2026-01-26 10:00:00+00:00,1.841,1.8487,1.841,1.845,27442.96090489999
2026-01-26 11:00:00+00:00,1.846,1.8526,1.841,1.842,48589.84788000001
2026-01-26 12:00:00+00:00,1.843,1.8531,1.841,1.8481,47747.41081634001
2026-01-26 13:00:00+00:00,1.85,1.86,1.85,1.856,44039.990521970016
2026-01-26 14:00:00+00:00,1.8558,1.8816,1.8437,1.878,128089.11529698
2026-01-26 15:00:00+00:00,1.877,1.8987,1.8579,1.8739,207007.78173162005
2026-01-26 16:00:00+00:00,1.87,1.8848,1.857,1.873,224632.71336535
2026-01-26 17:00:00+00:00,1.8738,1.877,1.85,1.869,163925.71643802986
2026-01-26 18:00:00+00:00,1.868,1.8885,1.865,1.8773,111913.13284507
2026-01-26 19:00:00+00:00,1.879,1.8863,1.864,1.8672,137967.25374934994
2026-01-26 20:00:00+00:00,1.867,1.8715,1.855,1.858,141808.65825364
2026-01-26 21:00:00+00:00,1.8597,1.888,1.855,1.8781,109584.91150935
2026-01-26 22:00:00+00:00,1.878,1.8856,1.872,1.877,56548.86601884999
2026-01-26 23:00:00+00:00,1.875,1.882,1.8696,1.8736,56822.40264769
2026-01-27 00:00:00+00:00,1.873,1.8787,1.8669,1.872,65883.50571694
2026-01-27 01:00:00+00:00,1.871,1.8873,1.864,1.875,83436.98575242
2026-01-27 02:00:00+00:00,1.876,1.8862,1.873,1.8851,88063.33363179998
2026-01-27 03:00:00+00:00,1.8799,1.882,1.872,1.873,19254.52314891
2026-01-27 04:00:00+00:00,1.8732,1.8855,1.871,1.8743,29370.31556932
2026-01-27 05:00:00+00:00,1.8739,1.876,1.868,1.873,23999.240546689995
2026-01-27 06:00:00+00:00,1.8729,1.8745,1.8608,1.861,15276.398254299998
2026-01-27 07:00:00+00:00,1.861,1.8736,1.861,1.864,63484.35410912
2026-01-27 08:00:00+00:00,1.864,1.87,1.857,1.859,53776.05074984001
2026-01-27 09:00:00+00:00,1.8607,1.8607,1.847,1.848,27973.19329508
2026-01-27 10:00:00+00:00,1.848,1.8559,1.846,1.8479,58758.02207448999
2026-01-27 11:00:00+00:00,1.848,1.8563,1.845,1.849,30583.483560760003
2026-01-27 12:00:00+00:00,1.849,1.8532,1.843,1.847,33831.124685959985
2026-01-27 13:00:00+00:00,1.847,1.851,1.83,1.8356,113212.18303475002
2026-01-27 14:00:00+00:00,1.8334,1.855,1.826,1.83,139059.86505924
2026-01-27 15:00:00+00:00,1.8304,1.8574,1.827,1.852,68125.75677549002
2026-01-27 16:00:00+00:00,1.851,1.8837,1.849,1.87,108398.40761724
2026-01-27 17:00:00+00:00,1.8701,1.8744,1.824,1.8377,133703.84427929
2026-01-27 18:00:00+00:00,1.834,1.8714,1.831,1.8647,127696.92867227
2026-01-27 19:00:00+00:00,1.863,1.8741,1.856,1.868,43235.66722383002
2026-01-27 20:00:00+00:00,1.868,1.9,1.866,1.89,96496.61484060004
2026-01-27 21:00:00+00:00,1.889,1.897,1.869,1.87,79732.68140593998
2026-01-27 22:00:00+00:00,1.871,1.8891,1.871,1.879,49871.51752242999
2026-01-27 23:00:00+00:00,1.88,1.881,1.871,1.8743,40281.773127
2026-01-28 00:00:00+00:00,1.874,1.8805,1.8637,1.874,70036.35068158999
2026-01-28 01:00:00+00:00,1.874,1.8761,1.861,1.8671,76174.91459634
2026-01-28 02:00:00+00:00,1.867,1.874,1.8608,1.8688,62305.70982586002
2026-01-28 03:00:00+00:00,1.869,1.869,1.856,1.861,61859.2920687
2026-01-28 04:00:00+00:00,1.8607,1.862,1.8504,1.854,63709.20958903
2026-01-28 05:00:00+00:00,1.8557,1.8632,1.844,1.8594,69306.63069449
2026-01-28 06:00:00+00:00,1.86,1.8673,1.851,1.861,81710.41746823999
2026-01-28 07:00:00+00:00,1.8613,1.8656,1.851,1.8586,81518.61834176001
2026-01-28 08:00:00+00:00,1.8587,1.861,1.852,1.8539,47299.74807647
2026-01-28 09:00:00+00:00,1.855,1.8827,1.85,1.881,66511.32631968001
2026-01-28 10:00:00+00:00,1.881,1.886,1.8728,1.874,36876.867113280015
2026-01-28 11:00:00+00:00,1.874,1.8942,1.8722,1.891,63016.09213508999
2026-01-28 12:00:00+00:00,1.89,1.891,1.871,1.876,52766.98920688999
2026-01-28 13:00:00+00:00,1.876,1.8855,1.864,1.866,439668.2339554498
2026-01-28 14:00:00+00:00,1.8657,1.8683,1.85,1.854,117576.18361229998
2026-01-28 15:00:00+00:00,1.854,1.859,1.832,1.844,66859.14755117004
2026-01-28 16:00:00+00:00,1.844,1.8516,1.835,1.839,71009.00414852999
2026-01-28 17:00:00+00:00,1.84,1.8595,1.828,1.852,69127.07119469001
2026-01-28 18:00:00+00:00,1.85,1.8501,1.836,1.845,74318.88297574999
2026-01-28 19:00:00+00:00,1.843,1.8602,1.838,1.856,83428.71438655003
2026-01-28 20:00:00+00:00,1.855,1.8753,1.847,1.854,80852.19874435
2026-01-28 21:00:00+00:00,1.855,1.8686,1.838,1.862,73637.98730585001
2026-01-28 22:00:00+00:00,1.862,1.8892,1.855,1.8814,75092.81514448
2026-01-28 23:00:00+00:00,1.8816,1.8855,1.865,1.868,73623.68951519999
2026-01-29 00:00:00+00:00,1.8677,1.8732,1.845,1.8578,108960.60353580996
2026-01-29 01:00:00+00:00,1.854,1.8615,1.835,1.84,73069.15497514998
2026-01-29 02:00:00+00:00,1.84,1.844,1.805,1.813,162804.45021428
2026-01-29 03:00:00+00:00,1.811,1.8263,1.808,1.813,105740.73943910994
2026-01-29 04:00:00+00:00,1.813,1.815,1.799,1.809,70332.53928366
2026-01-29 05:00:00+00:00,1.808,1.8136,1.806,1.808,67763.08015295998
2026-01-29 06:00:00+00:00,1.8085,1.814,1.807,1.812,44934.67432774999
2026-01-29 07:00:00+00:00,1.812,1.8157,1.806,1.807,52438.91028141
2026-01-29 08:00:00+00:00,1.807,1.8143,1.7967,1.8,77439.43362925
2026-01-29 09:00:00+00:00,1.799,1.8021,1.794,1.795,57386.13681155999
2026-01-29 10:00:00+00:00,1.795,1.7999,1.788,1.791,69025.7718966
2026-01-29 11:00:00+00:00,1.79,1.7963,1.784,1.786,109160.61222861
2026-01-29 12:00:00+00:00,1.785,1.7883,1.77,1.781,95398.08531617004
2026-01-29 13:00:00+00:00,1.7806,1.7938,1.78,1.792,106133.26462499
2026-01-29 14:00:00+00:00,1.7921,1.794,1.754,1.756,204831.47883305995
2026-01-29 15:00:00+00:00,1.756,1.757,1.709,1.7284,528550.8865346299
2026-01-29 16:00:00+00:00,1.7285,1.7479,1.714,1.7457,134380.27129007
2026-01-29 17:00:00+00:00,1.746,1.7631,1.721,1.722,347054.63821421005
2026-01-29 18:00:00+00:00,1.722,1.7289,1.695,1.698,336249.09592457
2026-01-29 19:00:00+00:00,1.6975,1.7307,1.6949,1.7215,169415.76666565993
2026-01-29 20:00:00+00:00,1.721,1.7386,1.718,1.735,124881.96030635004
2026-01-29 21:00:00+00:00,1.735,1.7422,1.731,1.737,95637.21446136
2026-01-29 22:00:00+00:00,1.737,1.7422,1.731,1.735,58044.17672198999
2026-01-29 23:00:00+00:00,1.734,1.7342,1.725,1.7334,79519.76665574004
2026-01-30 00:00:00+00:00,1.732,1.7431,1.732,1.7397,143292.35070340996
2026-01-30 01:00:00+00:00,1.737,1.7454,1.6729,1.7143,412512.0946340501
2026-01-30 02:00:00+00:00,1.715,1.715,1.678,1.7041,241723.42724275
2026-01-30 03:00:00+00:00,1.701,1.711,1.697,1.7009,118413.92662081
2026-01-30 04:00:00+00:00,1.7,1.725,1.7,1.713,134705.72703608003
2026-01-30 05:00:00+00:00,1.713,1.717,1.709,1.712,49603.13293063
2026-01-30 06:00:00+00:00,1.711,1.712,1.6698,1.683,212688.59369832
2026-01-30 07:00:00+00:00,1.6831,1.7152,1.6831,1.707,98730.15244774998
2026-01-30 08:00:00+00:00,1.707,1.7123,1.691,1.698,90111.56462296
2026-01-30 09:00:00+00:00,1.699,1.707,1.69,1.697,67568.24548718
2026-01-30 10:00:00+00:00,1.697,1.707,1.692,1.701,85268.73058444995
2026-01-30 11:00:00+00:00,1.701,1.724,1.696,1.716,84601.00600165999
2026-01-30 12:00:00+00:00,1.717,1.7194,1.696,1.702,75847.17919933995
2026-01-30 13:00:00+00:00,1.7017,1.7075,1.6828,1.693,169349.59980947003
2026-01-30 14:00:00+00:00,1.6922,1.7137,1.677,1.683,345147.42086007004
2026-01-30 15:00:00+00:00,1.684,1.6943,1.656,1.683,1349693.06507853
2026-01-30 16:00:00+00:00,1.682,1.6976,1.6676,1.6751,197112.43910365
2026-01-30 17:00:00+00:00,1.676,1.6977,1.669,1.685,98385.69262184
2026-01-30 18:00:00+00:00,1.685,1.7161,1.648,1.708,372255.3715349501
2026-01-30 19:00:00+00:00,1.709,1.7209,1.706,1.7118,84115.62943130004
2026-01-30 20:00:00+00:00,1.711,1.711,1.676,1.684,209719.24345295003
2026-01-30 21:00:00+00:00,1.684,1.699,1.68,1.693,162189.24018327004
2026-01-30 22:00:00+00:00,1.693,1.6976,1.681,1.6917,78690.52443748
2026-01-30 23:00:00+00:00,1.692,1.692,1.68,1.687,93250.05051827
2026-01-31 00:00:00+00:00,1.687,1.6882,1.68,1.6816,121072.39775170002
2026-01-31 01:00:00+00:00,1.681,1.6912,1.679,1.685,24293.506481680008
2026-01-31 02:00:00+00:00,1.685,1.69,1.672,1.68,83153.08222745001
2026-01-31 03:00:00+00:00,1.68,1.685,1.6748,1.679,52863.31581270999
2026-01-31 04:00:00+00:00,1.679,1.6878,1.672,1.674,44203.150987
2026-01-31 05:00:00+00:00,1.673,1.6772,1.668,1.672,46169.31289513
2026-01-31 06:00:00+00:00,1.672,1.6747,1.653,1.6631,66597.01177587999
2026-01-31 07:00:00+00:00,1.6633,1.6651,1.6438,1.6566,56241.95718478002
2026-01-31 08:00:00+00:00,1.655,1.6582,1.614,1.631,366244.84368776006
2026-01-31 09:00:00+00:00,1.6323,1.6478,1.628,1.636,68620.25902456
2026-01-31 10:00:00+00:00,1.636,1.6503,1.63,1.64,157720.16449909998
2026-01-31 11:00:00+00:00,1.639,1.6441,1.631,1.633,102030.37970258
2026-01-31 12:00:00+00:00,1.633,1.6388,1.628,1.6304,107194.58021754
2026-01-31 13:00:00+00:00,1.631,1.6353,1.613,1.619,77953.20135438
2026-01-31 14:00:00+00:00,1.6195,1.6267,1.533,1.565,728739.0692592803
2026-01-31 15:00:00+00:00,1.564,1.5902,1.564,1.5687,326382.7275590201
2026-01-31 16:00:00+00:00,1.568,1.5912,1.544,1.55,457238.2212423502
2026-01-31 17:00:00+00:00,1.552,1.5573,1.466,1.4955,769970.7687094506
2026-01-31 18:00:00+00:00,1.496,1.5056,1.396,1.471,867848.5122697208
2026-01-31 19:00:00+00:00,1.471,1.5059,1.47,1.4955,473133.5619965301
2026-01-31 20:00:00+00:00,1.494,1.5079,1.478,1.4993,168441.92941759998
2026-01-31 21:00:00+00:00,1.4975,1.5276,1.493,1.521,204954.32639981
2026-01-31 22:00:00+00:00,1.522,1.5248,1.509,1.521,110363.03169892
2026-01-31 23:00:00+00:00,1.521,1.596,1.5178,1.546,516303.01031544985
2026-02-01 00:00:00+00:00,1.545,1.5561,1.5427,1.553,146628.42853664
2026-02-01 01:00:00+00:00,1.552,1.552,1.533,1.5485,80452.55210334998
2026-02-01 02:00:00+00:00,1.5488,1.5583,1.5437,1.555,57364.55068474001
2026-02-01 03:00:00+00:00,1.554,1.5583,1.5474,1.552,79138.72396648998
2026-02-01 04:00:00+00:00,1.553,1.5607,1.5493,1.5534,94815.06284885998
2026-02-01 05:00:00+00:00,1.552,1.5584,1.5457,1.548,208435.40440602
2026-02-01 06:00:00+00:00,1.549,1.5564,1.54,1.542,43354.29788034001
2026-02-01 07:00:00+00:00,1.5415,1.5573,1.535,1.546,71423.72209442001
2026-02-01 08:00:00+00:00,1.5456,1.5577,1.539,1.544,56259.71195454999
2026-02-01 09:00:00+00:00,1.5436,1.5548,1.5324,1.5525,63871.57308447001
2026-02-01 10:00:00+00:00,1.5506,1.558,1.527,1.529,185681.37621576988
2026-02-01 11:00:00+00:00,1.5287,1.552,1.5287,1.544,50679.01773534999
2026-02-01 12:00:00+00:00,1.5459,1.546,1.528,1.534,113972.73758739005
2026-02-01 13:00:00+00:00,1.5339,1.546,1.52,1.526,123440.18551159
2026-02-01 14:00:00+00:00,1.5259,1.5395,1.504,1.524,161353.91492383002
2026-02-01 15:00:00+00:00,1.5238,1.526,1.479,1.497,245329.22300218
2026-02-01 16:00:00+00:00,1.4979,1.514,1.486,1.499,230660.47612739005
2026-02-01 17:00:00+00:00,1.499,1.5068,1.486,1.502,92785.22371717998
2026-02-01 18:00:00+00:00,1.502,1.5312,1.5009,1.514,154083.71518638998
2026-02-01 19:00:00+00:00,1.514,1.5184,1.494,1.503,80962.72426695
2026-02-01 20:00:00+00:00,1.503,1.5208,1.487,1.5066,109761.48646770002
2026-02-01 21:00:00+00:00,1.504,1.5069,1.489,1.494,131191.63440408997
2026-02-01 22:00:00+00:00,1.495,1.5219,1.494,1.509,135150.82631168995
2026-02-01 23:00:00+00:00,1.509,1.517,1.457,1.4942,320866.75103234005
2026-02-02 00:00:00+00:00,1.4974,1.5314,1.483,1.518,218565.53155252
2026-02-02 01:00:00+00:00,1.517,1.5369,1.497,1.524,145035.49384814
2026-02-02 02:00:00+00:00,1.523,1.5321,1.507,1.509,128448.25386383
2026-02-02 03:00:00+00:00,1.5096,1.5165,1.45,1.508,452487.6013052701
2026-02-02 04:00:00+00:00,1.51,1.523,1.479,1.494,407680.84183959005
2026-02-02 05:00:00+00:00,1.494,1.4968,1.454,1.47,255585.40428182
2026-02-02 06:00:00+00:00,1.469,1.518,1.453,1.491,423555.06528773
2026-02-02 07:00:00+00:00,1.492,1.509,1.488,1.495,274438.89221402985
2026-02-02 08:00:00+00:00,1.495,1.5125,1.495,1.504,138368.88841037
2026-02-02 09:00:00+00:00,1.504,1.5358,1.497,1.5213,241127.11528972
2026-02-02 10:00:00+00:00,1.52,1.5266,1.5122,1.515,124208.87500532
2026-02-02 11:00:00+00:00,1.515,1.5244,1.511,1.511,149810.43958842003
2026-02-02 12:00:00+00:00,1.512,1.5319,1.512,1.524,117815.21516865998
2026-02-02 13:00:00+00:00,1.524,1.5383,1.52,1.532,97080.30782617
2026-02-02 14:00:00+00:00,1.5325,1.5579,1.518,1.54,327096.97249452
2026-02-02 15:00:00+00:00,1.541,1.5745,1.537,1.57,304427.4707893399
2026-02-02 16:00:00+00:00,1.571,1.5777,1.5547,1.556,130501.28737505
2026-02-02 17:00:00+00:00,1.555,1.5675,1.55,1.555,98344.82707243
2026-02-02 18:00:00+00:00,1.556,1.5665,1.548,1.56,96483.62642576998
2026-02-02 19:00:00+00:00,1.5589,1.5621,1.545,1.545,69769.60190245
2026-02-02 20:00:00+00:00,1.545,1.5524,1.536,1.539,89320.28262821997
2026-02-02 21:00:00+00:00,1.54,1.551,1.54,1.5467,60400.09745468001
2026-02-02 22:00:00+00:00,1.5463,1.556,1.545,1.55,29691.222259790007
2026-02-02 23:00:00+00:00,1.551,1.5512,1.54,1.5411,42740.812612130016
2026-02-03 00:00:00+00:00,1.541,1.5492,1.534,1.544,68301.42083987
2026-02-03 01:00:00+00:00,1.544,1.545,1.532,1.538,33910.085431340005
2026-02-03 02:00:00+00:00,1.5387,1.5387,1.511,1.512,86981.97348280001
2026-02-03 03:00:00+00:00,1.512,1.5416,1.508,1.536,87166.79538018999
2026-02-03 04:00:00+00:00,1.536,1.5502,1.531,1.5432,67487.80078697001
2026-02-03 05:00:00+00:00,1.5437,1.5445,1.527,1.528,156106.76168857003
2026-02-03 06:00:00+00:00,1.5278,1.5395,1.52,1.535,96687.23962397
2026-02-03 07:00:00+00:00,1.533,1.5445,1.53,1.536,42511.21960103999
2026-02-03 08:00:00+00:00,1.536,1.5447,1.5289,1.53,68006.44685867999
2026-02-03 09:00:00+00:00,1.531,1.5352,1.509,1.516,190750.91929097
2026-02-03 10:00:00+00:00,1.516,1.5256,1.51,1.52,74649.72519468001
2026-02-03 11:00:00+00:00,1.521,1.5247,1.51,1.517,317751.7960428099
2026-02-03 12:00:00+00:00,1.517,1.5271,1.512,1.524,74049.29027958002
2026-02-03 13:00:00+00:00,1.521,1.5326,1.517,1.526,94831.7195597
2026-02-03 14:00:00+00:00,1.5261,1.533,1.496,1.496,139530.37754805
2026-02-03 15:00:00+00:00,1.4965,1.5316,1.49,1.5242,459820.08811196993
2026-02-03 16:00:00+00:00,1.524,1.5247,1.483,1.491,237458.03669274
2026-02-03 17:00:00+00:00,1.492,1.4963,1.462,1.462,200065.32455685004
2026-02-03 18:00:00+00:00,1.463,1.4723,1.43,1.434,463867.02224936
2026-02-03 19:00:00+00:00,1.433,1.5193,1.43,1.502,341930.0383306399
2026-02-03 20:00:00+00:00,1.502,1.57,1.488,1.552,668822.3919161701
2026-02-03 21:00:00+00:00,1.551,1.5656,1.52,1.522,167415.36215972996
2026-02-03 22:00:00+00:00,1.523,1.5253,1.498,1.502,77471.86721053002
2026-02-03 23:00:00+00:00,1.502,1.5079,1.486,1.4979,144243.88500448002
2026-02-04 00:00:00+00:00,1.497,1.5144,1.492,1.506,71117.77373067
2026-02-04 01:00:00+00:00,1.506,1.5282,1.506,1.5165,66150.85217270999
2026-02-04 02:00:00+00:00,1.516,1.5219,1.505,1.51,100191.12038008998
2026-02-04 03:00:00+00:00,1.509,1.5349,1.508,1.5258,127901.47139277
2026-02-04 04:00:00+00:00,1.5259,1.5307,1.516,1.517,59392.68845505999
2026-02-04 05:00:00+00:00,1.517,1.5214,1.5,1.505,41036.356936940014
2026-02-04 06:00:00+00:00,1.5056,1.521,1.504,1.514,37476.16937825999
2026-02-04 07:00:00+00:00,1.515,1.5243,1.508,1.515,190795.6215453201
2026-02-04 08:00:00+00:00,1.516,1.5256,1.5107,1.519,35434.68643555001
2026-02-04 09:00:00+00:00,1.519,1.519,1.504,1.505,37263.19825822
2026-02-04 10:00:00+00:00,1.506,1.5104,1.501,1.5033,39423.93934006
2026-02-04 11:00:00+00:00,1.503,1.5121,1.4854,1.499,83367.22759622996
2026-02-04 12:00:00+00:00,1.499,1.5037,1.491,1.497,32607.74422082
2026-02-04 13:00:00+00:00,1.495,1.497,1.473,1.473,82951.52885297002
2026-02-04 14:00:00+00:00,1.4735,1.4845,1.451,1.452,206876.82286905008
2026-02-04 15:00:00+00:00,1.4515,1.4715,1.435,1.4493,290007.39377871004
2026-02-04 16:00:00+00:00,1.449,1.4553,1.425,1.44,309127.83375675994
2026-02-04 17:00:00+00:00,1.439,1.4527,1.426,1.4423,221258.89575156
2026-02-04 18:00:00+00:00,1.442,1.4784,1.423,1.455,370791.2653280101
2026-02-04 19:00:00+00:00,1.4614,1.4907,1.449,1.483,220438.02196664
2026-02-04 20:00:00+00:00,1.484,1.4922,1.467,1.47,66922.7947974
2026-02-04 21:00:00+00:00,1.47,1.4789,1.443,1.454,113284.92783576997
2026-02-04 22:00:00+00:00,1.455,1.4838,1.429,1.445,218992.19399655
2026-02-04 23:00:00+00:00,1.4496,1.4743,1.439,1.4583,323403.5211499
2026-02-05 00:00:00+00:00,1.458,1.4669,1.452,1.459,91940.53653933
2026-02-05 01:00:00+00:00,1.459,1.4787,1.446,1.455,202991.31562294
2026-02-05 02:00:00+00:00,1.455,1.4723,1.442,1.443,300124.3719316701
2026-02-05 03:00:00+00:00,1.445,1.4605,1.437,1.439,132173.25566448996
2026-02-05 04:00:00+00:00,1.4397,1.4542,1.432,1.438,285711.86332271004
2026-02-05 05:00:00+00:00,1.438,1.4611,1.425,1.441,148028.78847936005
2026-02-05 06:00:00+00:00,1.441,1.4451,1.418,1.424,80289.54142917
2026-02-05 07:00:00+00:00,1.423,1.4478,1.4177,1.42,83625.73137396997
2026-02-05 08:00:00+00:00,1.4212,1.4415,1.4212,1.428,112015.22475653996
2026-02-05 09:00:00+00:00,1.428,1.4474,1.425,1.426,81386.04513124
2026-02-05 10:00:00+00:00,1.427,1.4292,1.394,1.399,235373.3330147201
2026-02-05 11:00:00+00:00,1.399,1.4094,1.372,1.3891,240497.14805881007
2026-02-05 12:00:00+00:00,1.39,1.4022,1.3737,1.387,219932.39067389
2026-02-05 13:00:00+00:00,1.3881,1.405,1.377,1.38,192175.1387331
2026-02-05 14:00:00+00:00,1.3797,1.4117,1.375,1.379,429284.20326427015
2026-02-05 15:00:00+00:00,1.378,1.3857,1.294,1.327,967107.9853142202
2026-02-05 16:00:00+00:00,1.327,1.3531,1.314,1.334,601765.4928926401
2026-02-05 17:00:00+00:00,1.334,1.3606,1.292,1.3046,705176.4468498101
2026-02-05 18:00:00+00:00,1.304,1.3267,1.291,1.321,346441.838027
2026-02-05 19:00:00+00:00,1.3216,1.3272,1.294,1.2981,288109.03353998007
2026-02-05 20:00:00+00:00,1.298,1.3096,1.23,1.253,850516.9449536399
2026-02-05 21:00:00+00:00,1.253,1.2858,1.237,1.254,536408.6553780099
2026-02-05 22:00:00+00:00,1.255,1.2892,1.24,1.267,380824.2488917799
2026-02-05 23:00:00+00:00,1.264,1.2893,1.24,1.2502,250344.49061512
2026-02-06 00:00:00+00:00,1.245,1.255,1.102,1.2289,2243408.3563251505
2026-02-06 01:00:00+00:00,1.226,1.2704,1.222,1.264,412029.50417575
2026-02-06 02:00:00+00:00,1.2643,1.278,1.23,1.24,418355.6188426299
2026-02-06 03:00:00+00:00,1.239,1.2501,1.2279,1.239,313251.05405845
2026-02-06 04:00:00+00:00,1.239,1.2579,1.231,1.252,171983.27311431005
2026-02-06 05:00:00+00:00,1.252,1.3019,1.25,1.294,408784.21361101023
2026-02-06 06:00:00+00:00,1.295,1.3023,1.269,1.27,248297.5144732999
2026-02-06 07:00:00+00:00,1.271,1.2825,1.259,1.269,198762.77921535991
2026-02-06 08:00:00+00:00,1.269,1.2866,1.262,1.2735,322627.8976704699
2026-02-06 09:00:00+00:00,1.273,1.3091,1.268,1.303,168189.33745188994
2026-02-06 10:00:00+00:00,1.303,1.3259,1.299,1.323,157855.50163132002
2026-02-06 11:00:00+00:00,1.322,1.3312,1.3194,1.323,175182.70476326
2026-02-06 12:00:00+00:00,1.323,1.3263,1.3119,1.3255,149368.37234345
2026-02-06 13:00:00+00:00,1.3221,1.3367,1.319,1.327,269091.2002821801
2026-02-06 14:00:00+00:00,1.3271,1.3544,1.316,1.345,288236.5027711802
2026-02-06 15:00:00+00:00,1.345,1.3542,1.332,1.347,286086.4208762
2026-02-06 16:00:00+00:00,1.3476,1.387,1.343,1.376,253874.1919911
2026-02-06 17:00:00+00:00,1.375,1.407,1.369,1.388,232966.13204145
2026-02-06 18:00:00+00:00,1.388,1.389,1.353,1.359,247200.30249397003
2026-02-06 19:00:00+00:00,1.359,1.3691,1.347,1.363,132793.62015242
2026-02-06 20:00:00+00:00,1.3662,1.3742,1.348,1.354,177395.32169334005
2026-02-06 21:00:00+00:00,1.354,1.367,1.348,1.365,212229.6557897
2026-02-06 22:00:00+00:00,1.365,1.3883,1.362,1.381,232956.66384321995
2026-02-06 23:00:00+00:00,1.381,1.3892,1.362,1.367,190165.84162293008
2026-02-07 00:00:00+00:00,1.366,1.367,1.3447,1.352,225914.5120534
2026-02-07 01:00:00+00:00,1.352,1.3622,1.342,1.358,158348.41743127003
2026-02-07 02:00:00+00:00,1.3571,1.3622,1.352,1.357,96100.68181986
2026-02-07 03:00:00+00:00,1.356,1.3831,1.356,1.377,149616.31935153995
2026-02-07 04:00:00+00:00,1.3768,1.3912,1.373,1.376,350172.3051346
2026-02-07 05:00:00+00:00,1.3757,1.3817,1.363,1.367,121174.00617251
2026-02-07 06:00:00+00:00,1.3677,1.3721,1.343,1.344,110986.03452823004
2026-02-07 07:00:00+00:00,1.344,1.3512,1.317,1.33,271065.83195714
2026-02-07 08:00:00+00:00,1.33,1.3437,1.325,1.339,83266.41962822995
2026-02-07 09:00:00+00:00,1.339,1.3444,1.331,1.334,52036.18576254999
2026-02-07 10:00:00+00:00,1.333,1.338,1.3216,1.329,43693.49726874
2026-02-07 11:00:00+00:00,1.329,1.3337,1.326,1.33,27784.02047087
2026-02-07 12:00:00+00:00,1.329,1.3699,1.327,1.353,238420.16905136
2026-02-07 13:00:00+00:00,1.3535,1.3603,1.339,1.344,59077.838786370005
2026-02-07 14:00:00+00:00,1.3436,1.3489,1.327,1.331,57477.4963847
2026-02-07 15:00:00+00:00,1.331,1.3619,1.329,1.3547,105263.35643491
2026-02-07 16:00:00+00:00,1.354,1.401,1.35,1.366,1043153.27213307
2026-02-07 17:00:00+00:00,1.364,1.3802,1.359,1.371,29956.82245864001
2026-02-07 18:00:00+00:00,1.3738,1.3932,1.37,1.382,104176.6501116
2026-02-07 19:00:00+00:00,1.382,1.383,1.373,1.375,109898.6310179
2026-02-07 20:00:00+00:00,1.375,1.3867,1.373,1.382,77134.03339582999
2026-02-07 21:00:00+00:00,1.3818,1.385,1.374,1.375,92186.60202645
2026-02-07 22:00:00+00:00,1.376,1.382,1.3738,1.376,76142.88173407
2026-02-07 23:00:00+00:00,1.376,1.378,1.3634,1.372,49740.66778085001
2026-02-08 00:00:00+00:00,1.3714,1.3721,1.3632,1.366,65525.3066618
2026-02-08 01:00:00+00:00,1.3661,1.3732,1.363,1.366,39313.55492117999
2026-02-08 02:00:00+00:00,1.3658,1.369,1.355,1.358,59172.93349496001
2026-02-08 03:00:00+00:00,1.3582,1.3626,1.3506,1.352,88496.41059570998
2026-02-08 04:00:00+00:00,1.3512,1.3564,1.346,1.352,116203.82734736997
2026-02-08 05:00:00+00:00,1.352,1.355,1.3443,1.347,21643.43036216999
2026-02-08 06:00:00+00:00,1.3462,1.3496,1.3427,1.345,22142.40614411
2026-02-08 07:00:00+00:00,1.3453,1.3505,1.339,1.3486,75063.62931244
2026-02-08 08:00:00+00:00,1.3482,1.3751,1.3467,1.371,180033.82604351995
2026-02-08 09:00:00+00:00,1.3716,1.3768,1.3559,1.3605,38955.464068270005
2026-02-08 10:00:00+00:00,1.3586,1.3658,1.346,1.3519,114412.44367239
2026-02-08 11:00:00+00:00,1.3513,1.374,1.351,1.369,107226.07336512
2026-02-08 12:00:00+00:00,1.3696,1.3696,1.359,1.365,121905.37175849002
2026-02-08 13:00:00+00:00,1.3641,1.3686,1.356,1.363,114679.80496431996
2026-02-08 14:00:00+00:00,1.3632,1.3717,1.36,1.368,100175.45111075
2026-02-08 15:00:00+00:00,1.3679,1.3727,1.35,1.356,88954.51369658
2026-02-08 16:00:00+00:00,1.3562,1.358,1.327,1.332,49093.01274003
2026-02-08 17:00:00+00:00,1.3319,1.3473,1.3319,1.343,85168.92483539002
2026-02-08 18:00:00+00:00,1.3428,1.3602,1.3428,1.351,65667.50248664997
2026-02-08 19:00:00+00:00,1.3512,1.3617,1.3502,1.357,37190.466819910005
2026-02-08 20:00:00+00:00,1.3576,1.358,1.3408,1.3414,26447.172258310005
2026-02-08 21:00:00+00:00,1.343,1.3463,1.3293,1.336,98505.57471746
2026-02-08 22:00:00+00:00,1.337,1.3429,1.332,1.34,88607.20484997999
2026-02-08 23:00:00+00:00,1.34,1.367,1.324,1.336,227414.85213489
2026-02-09 00:00:00+00:00,1.335,1.3428,1.328,1.3374,33226.94947031
2026-02-09 01:00:00+00:00,1.336,1.3487,1.327,1.334,145255.47172352
2026-02-09 02:00:00+00:00,1.3334,1.3497,1.3305,1.34,85883.43492165
2026-02-09 03:00:00+00:00,1.3403,1.3514,1.3339,1.346,58251.28341977999
2026-02-09 04:00:00+00:00,1.3488,1.3488,1.331,1.331,95173.65707196
2026-02-09 05:00:00+00:00,1.331,1.334,1.3278,1.3315,48316.58823003999
2026-02-09 06:00:00+00:00,1.331,1.3325,1.3176,1.323,66718.75255155002
2026-02-09 07:00:00+00:00,1.322,1.3254,1.3135,1.3163,43343.37832532
2026-02-09 08:00:00+00:00,1.3139,1.32,1.2967,1.3038,82263.0959921
2026-02-09 09:00:00+00:00,1.304,1.3062,1.295,1.298,107158.79494405004
2026-02-09 10:00:00+00:00,1.298,1.2995,1.276,1.2841,195156.69168689
2026-02-09 11:00:00+00:00,1.2823,1.2932,1.2823,1.29,63877.30154840999
2026-02-09 12:00:00+00:00,1.289,1.3004,1.288,1.296,62320.43547891001
2026-02-09 13:00:00+00:00,1.296,1.3044,1.293,1.293,137333.83853752998
2026-02-09 14:00:00+00:00,1.2944,1.323,1.291,1.3175,298855.8540918702
2026-02-09 15:00:00+00:00,1.317,1.3301,1.2891,1.309,188874.09253010992
2026-02-09 16:00:00+00:00,1.31,1.3307,1.299,1.318,97107.66314130998
2026-02-09 17:00:00+00:00,1.318,1.3453,1.3122,1.336,82977.09709357999
2026-02-09 18:00:00+00:00,1.337,1.3436,1.323,1.331,95347.50611299
2026-02-09 19:00:00+00:00,1.331,1.335,1.3236,1.331,59420.37590729
2026-02-09 20:00:00+00:00,1.33,1.335,1.318,1.326,44417.65315649
2026-02-09 21:00:00+00:00,1.327,1.3288,1.3093,1.324,85913.44856024999
2026-02-09 22:00:00+00:00,1.3234,1.3289,1.322,1.326,41327.42400520999
2026-02-09 23:00:00+00:00,1.326,1.329,1.318,1.319,46890.53424389
2026-02-10 00:00:00+00:00,1.319,1.322,1.311,1.3143,46930.63651596999
2026-02-10 01:00:00+00:00,1.313,1.3284,1.313,1.323,33445.307283300004
2026-02-10 02:00:00+00:00,1.323,1.323,1.311,1.314,39792.83558066
2026-02-10 03:00:00+00:00,1.315,1.316,1.29,1.298,124415.08501289
2026-02-10 04:00:00+00:00,1.298,1.309,1.297,1.3072,73108.80822399001
2026-02-10 05:00:00+00:00,1.3073,1.3075,1.292,1.296,56889.3025876
2026-02-10 06:00:00+00:00,1.294,1.297,1.272,1.277,163411.7981638
2026-02-10 07:00:00+00:00,1.278,1.2874,1.277,1.282,58887.50245921001
2026-02-10 08:00:00+00:00,1.2829,1.2884,1.278,1.287,30190.18121927
2026-02-10 09:00:00+00:00,1.286,1.2941,1.2765,1.2781,694826.6804347899
2026-02-10 10:00:00+00:00,1.279,1.28,1.271,1.272,45100.77913108
2026-02-10 11:00:00+00:00,1.272,1.2799,1.269,1.271,57699.054553369984
2026-02-10 12:00:00+00:00,1.272,1.2762,1.267,1.267,113392.21163579
2026-02-10 13:00:00+00:00,1.266,1.2758,1.264,1.272,85108.86579859999
2026-02-10 14:00:00+00:00,1.2717,1.2858,1.265,1.275,110865.84564721996
2026-02-10 15:00:00+00:00,1.274,1.2914,1.271,1.283,123190.79105396004
2026-02-10 16:00:00+00:00,1.281,1.2878,1.272,1.277,102212.67871407002
2026-02-10 17:00:00+00:00,1.277,1.2881,1.272,1.2823,36105.84300658
2026-02-10 18:00:00+00:00,1.283,1.284,1.266,1.272,230027.5788093701
2026-02-10 19:00:00+00:00,1.272,1.2808,1.266,1.2728,50363.68101982
2026-02-10 20:00:00+00:00,1.273,1.2788,1.2686,1.2763,66951.55957888003
2026-02-10 21:00:00+00:00,1.275,1.2786,1.269,1.273,89465.19510574
2026-02-10 22:00:00+00:00,1.274,1.2854,1.274,1.277,45860.30127568
2026-02-10 23:00:00+00:00,1.277,1.2852,1.276,1.282,33992.61574185999
2026-02-11 00:00:00+00:00,1.283,1.2892,1.282,1.284,56964.22775282999
2026-02-11 01:00:00+00:00,1.284,1.2898,1.282,1.286,54886.93551543
2026-02-11 02:00:00+00:00,1.287,1.2938,1.279,1.28,60875.74431419999
2026-02-11 03:00:00+00:00,1.28,1.2852,1.267,1.276,126085.6982677
2026-02-11 04:00:00+00:00,1.2754,1.2786,1.254,1.256,139526.33212782006
2026-02-11 05:00:00+00:00,1.256,1.2645,1.252,1.253,52175.92330096001
2026-02-11 06:00:00+00:00,1.253,1.2566,1.24,1.2428,244874.5614744101
2026-02-11 07:00:00+00:00,1.2428,1.2457,1.236,1.239,49229.28337581
2026-02-11 08:00:00+00:00,1.2391,1.2413,1.232,1.238,64580.91652306998
2026-02-11 09:00:00+00:00,1.238,1.2425,1.234,1.234,58593.10413771
2026-02-11 10:00:00+00:00,1.235,1.2365,1.228,1.2327,116618.58319570002
2026-02-11 11:00:00+00:00,1.233,1.2436,1.233,1.242,64193.13206747
2026-02-11 12:00:00+00:00,1.241,1.2445,1.233,1.236,66078.88662692999
2026-02-11 13:00:00+00:00,1.236,1.2535,1.232,1.2535,140145.0172334
2026-02-11 14:00:00+00:00,1.252,1.2961,1.236,1.238,306745.2405674602
2026-02-11 15:00:00+00:00,1.238,1.2466,1.2239,1.237,212548.4504967799
2026-02-11 16:00:00+00:00,1.238,1.2623,1.2345,1.236,184174.12893816
2026-02-11 17:00:00+00:00,1.235,1.2643,1.235,1.252,115555.43359911
2026-02-11 18:00:00+00:00,1.254,1.2709,1.244,1.264,118422.54707585
2026-02-11 19:00:00+00:00,1.265,1.2714,1.257,1.2626,82240.26048959997
2026-02-11 20:00:00+00:00,1.259,1.2678,1.249,1.261,89578.15623779997
2026-02-11 21:00:00+00:00,1.262,1.2831,1.26,1.275,112179.47380292
2026-02-11 22:00:00+00:00,1.275,1.2828,1.257,1.258,65658.99677261001
2026-02-11 23:00:00+00:00,1.258,1.2665,1.2479,1.255,149976.67249406
2026-02-12 00:00:00+00:00,1.255,1.2728,1.255,1.265,89678.09520629002
2026-02-12 01:00:00+00:00,1.265,1.2795,1.265,1.27,32054.10433361
2026-02-12 02:00:00+00:00,1.2717,1.2825,1.269,1.2765,71430.88872505
2026-02-12 03:00:00+00:00,1.2767,1.2818,1.275,1.28,54326.00556025
2026-02-12 04:00:00+00:00,1.28,1.2856,1.276,1.278,18372.63767347001
2026-02-12 05:00:00+00:00,1.279,1.2839,1.27,1.2823,59303.802358450026
2026-02-12 06:00:00+00:00,1.282,1.2937,1.281,1.286,36558.35529580999
2026-02-12 07:00:00+00:00,1.287,1.2939,1.281,1.29,29847.69020886
2026-02-12 08:00:00+00:00,1.2912,1.2923,1.282,1.285,85771.59801445999
2026-02-12 09:00:00+00:00,1.284,1.2961,1.2835,1.291,87494.14904678999
2026-02-12 10:00:00+00:00,1.292,1.3027,1.2856,1.3,42939.816363080005
2026-02-12 11:00:00+00:00,1.301,1.3049,1.2938,1.296,90135.91009884002
2026-02-12 12:00:00+00:00,1.296,1.2961,1.278,1.2848,70422.48402403001
2026-02-12 13:00:00+00:00,1.285,1.295,1.277,1.295,136800.90162078003
2026-02-12 14:00:00+00:00,1.294,1.2955,1.281,1.289,72120.12477518996
2026-02-12 15:00:00+00:00,1.289,1.2987,1.272,1.2746,113670.36375419
2026-02-12 16:00:00+00:00,1.274,1.2777,1.249,1.2528,137355.80267755
2026-02-12 17:00:00+00:00,1.254,1.2713,1.251,1.255,128806.40975726
2026-02-12 18:00:00+00:00,1.255,1.2711,1.255,1.266,76539.23376312997
2026-02-12 19:00:00+00:00,1.266,1.291,1.261,1.27,90076.85042457
2026-02-12 20:00:00+00:00,1.271,1.2749,1.255,1.258,73575.11589233
2026-02-12 21:00:00+00:00,1.259,1.2702,1.258,1.264,44813.84971495998
2026-02-12 22:00:00+00:00,1.263,1.2811,1.261,1.278,96219.23976869
2026-02-12 23:00:00+00:00,1.278,1.2845,1.277,1.282,27406.031952660003
2026-02-13 00:00:00+00:00,1.282,1.2894,1.272,1.2778,82531.90712779999
2026-02-13 01:00:00+00:00,1.277,1.2815,1.27,1.272,57145.25915789
2026-02-13 02:00:00+00:00,1.272,1.2772,1.267,1.273,31765.14298181001
2026-02-13 03:00:00+00:00,1.273,1.279,1.266,1.27,25082.93133186
2026-02-13 04:00:00+00:00,1.271,1.2712,1.262,1.262,18939.15707613
2026-02-13 05:00:00+00:00,1.263,1.267,1.255,1.256,26598.64388745
2026-02-13 06:00:00+00:00,1.256,1.2695,1.2511,1.267,33678.59128655
2026-02-13 07:00:00+00:00,1.267,1.2755,1.265,1.268,33568.33531604
2026-02-13 08:00:00+00:00,1.2681,1.2839,1.265,1.278,51978.75112391
2026-02-13 09:00:00+00:00,1.277,1.2799,1.272,1.277,75238.67034964
2026-02-13 10:00:00+00:00,1.277,1.2861,1.274,1.28,28509.73710986
2026-02-13 11:00:00+00:00,1.28,1.2801,1.274,1.278,26016.15009836
2026-02-13 12:00:00+00:00,1.277,1.277,1.27,1.274,19084.872081230013
2026-02-13 13:00:00+00:00,1.2746,1.289,1.271,1.283,84668.58751626006
2026-02-13 14:00:00+00:00,1.2829,1.3014,1.276,1.287,152876.50746038006
2026-02-13 15:00:00+00:00,1.288,1.3275,1.2852,1.3078,241877.69352161995
2026-02-13 16:00:00+00:00,1.307,1.3362,1.302,1.325,115556.75111587998
2026-02-13 17:00:00+00:00,1.325,1.3305,1.319,1.321,75857.62983014998
2026-02-13 18:00:00+00:00,1.32,1.3265,1.313,1.32,63906.88547931998
2026-02-13 19:00:00+00:00,1.32,1.3269,1.317,1.322,33037.46057585
2026-02-13 20:00:00+00:00,1.322,1.3304,1.319,1.327,66394.48765069002
2026-02-13 21:00:00+00:00,1.3274,1.3378,1.326,1.333,96853.55772696996
2026-02-13 22:00:00+00:00,1.333,1.3425,1.328,1.331,61751.13245265
2026-02-13 23:00:00+00:00,1.332,1.3325,1.325,1.329,43322.98433827
2026-02-14 00:00:00+00:00,1.334,1.3437,1.328,1.34,88642.75938539999
2026-02-14 01:00:00+00:00,1.339,1.3517,1.338,1.346,45389.619818070016
2026-02-14 02:00:00+00:00,1.345,1.3503,1.3408,1.342,66372.79595429
2026-02-14 03:00:00+00:00,1.341,1.3487,1.341,1.346,44041.10867918001
2026-02-14 04:00:00+00:00,1.345,1.348,1.342,1.3455,25018.98855991
2026-02-14 05:00:00+00:00,1.3455,1.3505,1.343,1.343,15982.564981030004
2026-02-14 06:00:00+00:00,1.3433,1.3471,1.338,1.346,31068.85098143
2026-02-14 07:00:00+00:00,1.3471,1.3531,1.3429,1.345,61079.97302761
2026-02-14 08:00:00+00:00,1.346,1.3659,1.346,1.362,79318.84278399001
2026-02-14 09:00:00+00:00,1.3623,1.367,1.361,1.3653,34104.85297157999
2026-02-14 10:00:00+00:00,1.363,1.363,1.356,1.358,35691.17370954001
2026-02-14 11:00:00+00:00,1.359,1.3758,1.357,1.37,40168.56010418999
2026-02-14 12:00:00+00:00,1.369,1.3761,1.364,1.365,156130.33910485997
2026-02-14 13:00:00+00:00,1.365,1.369,1.359,1.367,33138.370150200004
2026-02-14 14:00:00+00:00,1.3679,1.3939,1.367,1.391,63587.113930440006
2026-02-14 15:00:00+00:00,1.389,1.399,1.3846,1.3986,109335.60572232
2026-02-14 16:00:00+00:00,1.4,1.4091,1.3876,1.406,102770.99489034996
2026-02-14 17:00:00+00:00,1.406,1.4151,1.4,1.402,56504.92086586999
2026-02-14 18:00:00+00:00,1.4,1.4175,1.4,1.415,84289.11846007999
2026-02-14 19:00:00+00:00,1.416,1.4319,1.411,1.426,90018.41802390001
2026-02-14 20:00:00+00:00,1.425,1.4309,1.411,1.418,57590.46470652001
2026-02-14 21:00:00+00:00,1.418,1.4342,1.412,1.4184,74876.48140848998
2026-02-14 22:00:00+00:00,1.4176,1.4401,1.4176,1.428,38804.68773296999
2026-02-14 23:00:00+00:00,1.428,1.4305,1.417,1.421,46966.12029418999
2026-02-15 00:00:00+00:00,1.421,1.4258,1.408,1.414,42477.24937534997
2026-02-15 01:00:00+00:00,1.413,1.424,1.404,1.416,38589.25708910998
2026-02-15 02:00:00+00:00,1.4145,1.4234,1.399,1.41,57122.640837750005
2026-02-15 03:00:00+00:00,1.4093,1.4175,1.392,1.4175,107660.47740496992
2026-02-15 04:00:00+00:00,1.4157,1.435,1.4135,1.417,61178.81318339
2026-02-15 05:00:00+00:00,1.4165,1.43,1.4155,1.4256,24093.47145178
2026-02-15 06:00:00+00:00,1.425,1.4297,1.4159,1.4245,30469.69162965
2026-02-15 07:00:00+00:00,1.4237,1.4377,1.423,1.4335,40170.26580109
2026-02-15 08:00:00+00:00,1.4345,1.4391,1.406,1.4142,50375.04786639998
2026-02-15 09:00:00+00:00,1.4114,1.423,1.4104,1.4154,20737.70886758
2026-02-15 10:00:00+00:00,1.414,1.415,1.397,1.4064,37031.77141545
2026-02-15 11:00:00+00:00,1.4066,1.4143,1.4016,1.402,26560.38568396
2026-02-15 12:00:00+00:00,1.4032,1.4033,1.363,1.3643,110209.72650351992
2026-02-15 13:00:00+00:00,1.363,1.3768,1.3491,1.354,207646.78004356995
2026-02-15 14:00:00+00:00,1.354,1.3705,1.354,1.3683,53262.85556961001
2026-02-15 15:00:00+00:00,1.3686,1.3747,1.3624,1.367,33884.73474733999
2026-02-15 16:00:00+00:00,1.3664,1.3674,1.355,1.363,54599.01778270999
2026-02-15 17:00:00+00:00,1.3629,1.3674,1.336,1.344,76879.22246544999
2026-02-15 18:00:00+00:00,1.345,1.3495,1.3318,1.3369,79084.36943890002
2026-02-15 19:00:00+00:00,1.337,1.3486,1.33,1.339,79377.45679989002
2026-02-15 20:00:00+00:00,1.339,1.3528,1.334,1.349,43106.95853453
2026-02-15 21:00:00+00:00,1.348,1.3578,1.348,1.35,36871.45604074001
2026-02-15 22:00:00+00:00,1.35,1.3586,1.348,1.357,54277.875814850006
2026-02-15 23:00:00+00:00,1.357,1.3601,1.342,1.357,58230.43868740001
2026-02-16 00:00:00+00:00,1.3562,1.3657,1.354,1.3577,29301.20648877001
2026-02-16 01:00:00+00:00,1.358,1.3646,1.3484,1.354,15776.777255229996
2026-02-16 02:00:00+00:00,1.353,1.3596,1.347,1.349,25892.4882636
2026-02-16 03:00:00+00:00,1.349,1.3564,1.347,1.353,18557.502963780003
2026-02-16 04:00:00+00:00,1.3524,1.3678,1.352,1.366,19030.190378489995
2026-02-16 05:00:00+00:00,1.3663,1.371,1.3401,1.3447,86841.82972596995
2026-02-16 06:00:00+00:00,1.345,1.36,1.3444,1.355,18581.119605740005
2026-02-16 07:00:00+00:00,1.354,1.359,1.348,1.35,28027.923706920003
2026-02-16 08:00:00+00:00,1.35,1.3605,1.3496,1.355,31302.46346591
2026-02-16 09:00:00+00:00,1.3544,1.3672,1.354,1.363,26730.74881196
2026-02-16 10:00:00+00:00,1.362,1.366,1.357,1.359,16499.27864865
2026-02-16 11:00:00+00:00,1.36,1.3625,1.34,1.355,44776.23382834999
2026-02-16 12:00:00+00:00,1.355,1.3839,1.3538,1.382,61451.81891692999
2026-02-16 13:00:00+00:00,1.382,1.3915,1.35,1.3549,139737.57161072
2026-02-16 14:00:00+00:00,1.354,1.369,1.347,1.362,67545.17839263998
2026-02-16 15:00:00+00:00,1.362,1.3686,1.3319,1.34,78323.63302287
2026-02-16 16:00:00+00:00,1.34,1.359,1.339,1.35,109346.84763221996
2026-02-16 17:00:00+00:00,1.349,1.3551,1.342,1.348,33280.35098141
2026-02-16 18:00:00+00:00,1.3488,1.3588,1.3488,1.351,39423.91943783
2026-02-16 19:00:00+00:00,1.351,1.3624,1.347,1.356,15278.887150479995
2026-02-16 20:00:00+00:00,1.355,1.3725,1.353,1.368,33926.339476450004
2026-02-16 21:00:00+00:00,1.367,1.3818,1.3637,1.381,53001.76191537
2026-02-16 22:00:00+00:00,1.379,1.384,1.3712,1.376,182796.66077768
2026-02-16 23:00:00+00:00,1.3761,1.3781,1.372,1.376,17634.152074120007
2026-02-17 00:00:00+00:00,1.375,1.3811,1.368,1.369,24746.297368480005
2026-02-17 01:00:00+00:00,1.371,1.3783,1.365,1.366,26493.841655080007
2026-02-17 02:00:00+00:00,1.3658,1.3793,1.3578,1.374,33036.13218253
2026-02-17 03:00:00+00:00,1.375,1.3779,1.367,1.375,219421.93950677992
2026-02-17 04:00:00+00:00,1.374,1.3811,1.369,1.377,33984.27489179999
2026-02-17 05:00:00+00:00,1.376,1.379,1.3619,1.37,20463.61206509
2026-02-17 06:00:00+00:00,1.371,1.377,1.371,1.376,65707.23421007991
2026-02-17 07:00:00+00:00,1.376,1.382,1.3718,1.373,35103.79478148001
2026-02-17 08:00:00+00:00,1.373,1.374,1.361,1.364,23772.63805661
2026-02-17 09:00:00+00:00,1.363,1.3649,1.355,1.3623,16276.3042294
2026-02-17 10:00:00+00:00,1.361,1.363,1.351,1.355,18949.554752569995
2026-02-17 11:00:00+00:00,1.3589,1.3671,1.356,1.363,20971.151189889995
2026-02-17 12:00:00+00:00,1.361,1.3675,1.357,1.358,17401.541259409998
2026-02-17 13:00:00+00:00,1.359,1.3772,1.357,1.373,52666.52632919998
2026-02-17 14:00:00+00:00,1.372,1.3772,1.339,1.344,117031.23658307
2026-02-17 15:00:00+00:00,1.3443,1.3617,1.341,1.357,124627.89643745996
2026-02-17 16:00:00+00:00,1.358,1.3803,1.358,1.364,70618.20204314998
2026-02-17 17:00:00+00:00,1.3666,1.3698,1.343,1.352,76762.55247609997
2026-02-17 18:00:00+00:00,1.351,1.3783,1.348,1.368,65510.10523933998
2026-02-17 19:00:00+00:00,1.368,1.3702,1.357,1.359,39333.535550570006
2026-02-17 20:00:00+00:00,1.358,1.361,1.348,1.353,28107.17785502
2026-02-17 21:00:00+00:00,1.353,1.3617,1.348,1.354,46185.277540789975
2026-02-17 22:00:00+00:00,1.354,1.3543,1.345,1.347,19576.679592500008
2026-02-17 23:00:00+00:00,1.346,1.35,1.3435,1.347,24161.06217709001
2026-02-18 00:00:00+00:00,1.346,1.348,1.337,1.339,30097.050684020003
2026-02-18 01:00:00+00:00,1.338,1.347,1.338,1.3458,267188.5558246099
2026-02-18 02:00:00+00:00,1.345,1.358,1.345,1.354,20108.573784830005
2026-02-18 03:00:00+00:00,1.355,1.3599,1.354,1.357,29739.627932440013
2026-02-18 04:00:00+00:00,1.3566,1.358,1.349,1.3539,28308.19180249
2026-02-18 05:00:00+00:00,1.351,1.355,1.349,1.353,34063.49603186
2026-02-18 06:00:00+00:00,1.3528,1.3591,1.351,1.3512,24044.018620340004
2026-02-18 07:00:00+00:00,1.352,1.3635,1.3503,1.3586,14222.145455400005
2026-02-18 08:00:00+00:00,1.36,1.3662,1.358,1.359,13677.31614392
2026-02-18 09:00:00+00:00,1.36,1.362,1.356,1.358,18655.34210409
2026-02-18 10:00:00+00:00,1.358,1.363,1.352,1.354,36900.834451860006
2026-02-18 11:00:00+00:00,1.3569,1.3569,1.338,1.346,31488.59706494
2026-02-18 12:00:00+00:00,1.345,1.35,1.341,1.3458,29314.885124649994
2026-02-18 13:00:00+00:00,1.3458,1.3491,1.334,1.34,17170.371826069997
2026-02-18 14:00:00+00:00,1.34,1.3473,1.3307,1.342,67379.08016430002
2026-02-18 15:00:00+00:00,1.343,1.3713,1.343,1.355,147401.84557271
2026-02-18 16:00:00+00:00,1.355,1.356,1.336,1.338,55344.16886071999
2026-02-18 17:00:00+00:00,1.338,1.3513,1.336,1.336,47290.07735754999
2026-02-18 18:00:00+00:00,1.338,1.339,1.316,1.318,265971.7246499499
2026-02-18 19:00:00+00:00,1.317,1.324,1.303,1.31,141579.7810538
2026-02-18 20:00:00+00:00,1.31,1.3191,1.306,1.31,72407.86308684999
2026-02-18 21:00:00+00:00,1.311,1.3161,1.305,1.308,43346.47451779001
2026-02-18 22:00:00+00:00,1.308,1.31,1.3,1.308,44263.05896828001
2026-02-18 23:00:00+00:00,1.307,1.3128,1.3036,1.311,74619.72432947
2026-02-19 00:00:00+00:00,1.312,1.3164,1.3048,1.306,46201.45556326001
2026-02-19 01:00:00+00:00,1.306,1.3214,1.306,1.318,59296.73287879001
2026-02-19 02:00:00+00:00,1.319,1.3228,1.3118,1.315,32143.899820769988
2026-02-19 03:00:00+00:00,1.315,1.319,1.309,1.317,223308.9933179
2026-02-19 04:00:00+00:00,1.317,1.323,1.313,1.3133,19257.574513020005
2026-02-19 05:00:00+00:00,1.314,1.315,1.3035,1.308,16812.448922780004
2026-02-19 06:00:00+00:00,1.307,1.3164,1.307,1.3116,15664.817229370004
2026-02-19 07:00:00+00:00,1.3116,1.314,1.308,1.3091,21777.335093770005
2026-02-19 08:00:00+00:00,1.309,1.3092,1.289,1.2948,48132.94993506
2026-02-19 09:00:00+00:00,1.295,1.3041,1.294,1.2975,38174.58165286
2026-02-19 10:00:00+00:00,1.297,1.2997,1.291,1.294,133594.31321123
2026-02-19 11:00:00+00:00,1.293,1.2965,1.29,1.292,23243.02921078
2026-02-19 12:00:00+00:00,1.293,1.2976,1.288,1.29,22828.25474496
2026-02-19 13:00:00+00:00,1.289,1.2913,1.269,1.276,145712.46094963
2026-02-19 14:00:00+00:00,1.278,1.29,1.271,1.284,123461.66061093003
2026-02-19 15:00:00+00:00,1.285,1.2904,1.2699,1.2722,73260.47120688
2026-02-19 16:00:00+00:00,1.273,1.2798,1.26,1.271,230952.6196111901
2026-02-19 17:00:00+00:00,1.271,1.2887,1.265,1.273,44097.48898699998
2026-02-19 18:00:00+00:00,1.2726,1.2899,1.27,1.285,44509.34753827002
2026-02-19 19:00:00+00:00,1.283,1.2869,1.2719,1.281,58574.130397490015
2026-02-19 20:00:00+00:00,1.28,1.2874,1.277,1.282,36006.96905249
2026-02-19 21:00:00+00:00,1.282,1.284,1.279,1.2805,45802.96757310999
2026-02-19 22:00:00+00:00,1.279,1.286,1.275,1.284,35321.93107663
2026-02-19 23:00:00+00:00,1.284,1.2903,1.282,1.287,21767.55709644
2026-02-20 00:00:00+00:00,1.2868,1.2981,1.284,1.296,43968.06813111
2026-02-20 01:00:00+00:00,1.296,1.296,1.289,1.292,20871.1231722
2026-02-20 02:00:00+00:00,1.292,1.296,1.2876,1.288,22811.455814120003
2026-02-20 03:00:00+00:00,1.2881,1.2956,1.285,1.2888,24746.257583400005
2026-02-20 04:00:00+00:00,1.2882,1.2882,1.2736,1.282,54390.11231533001
2026-02-20 05:00:00+00:00,1.283,1.3009,1.278,1.292,33491.15193657
2026-02-20 06:00:00+00:00,1.294,1.298,1.289,1.298,12381.745544300004
2026-02-20 07:00:00+00:00,1.298,1.3025,1.295,1.297,77070.65736575998
2026-02-20 08:00:00+00:00,1.298,1.3033,1.297,1.3,29976.32089172001
2026-02-20 09:00:00+00:00,1.3,1.3112,1.3,1.3091,14078.26836402999
2026-02-20 10:00:00+00:00,1.3091,1.3178,1.3049,1.305,54085.36541155001
2026-02-20 11:00:00+00:00,1.3059,1.3073,1.291,1.299,133130.09578977
2026-02-20 12:00:00+00:00,1.2984,1.304,1.2952,1.298,96494.62870362
2026-02-20 13:00:00+00:00,1.2979,1.301,1.2745,1.286,141173.1376503101
2026-02-20 14:00:00+00:00,1.284,1.3103,1.2836,1.302,149767.8620333
2026-02-20 15:00:00+00:00,1.303,1.3532,1.303,1.352,220533.4564756401
2026-02-20 16:00:00+00:00,1.3495,1.3636,1.337,1.352,238913.07478874
2026-02-20 17:00:00+00:00,1.3508,1.354,1.316,1.351,253605.75376311995
2026-02-20 18:00:00+00:00,1.3514,1.355,1.334,1.3433,268253.93183489004
2026-02-20 19:00:00+00:00,1.343,1.3469,1.331,1.336,91995.36481731998
2026-02-20 20:00:00+00:00,1.335,1.3421,1.326,1.335,60838.28533972003
2026-02-20 21:00:00+00:00,1.335,1.3424,1.333,1.3371,126462.82732643998
2026-02-20 22:00:00+00:00,1.3368,1.344,1.331,1.343,34725.31321731999
2026-02-20 23:00:00+00:00,1.3428,1.3435,1.335,1.3406,23028.05243611999
2026-02-21 00:00:00+00:00,1.339,1.346,1.328,1.331,21133.96377464
2026-02-21 01:00:00+00:00,1.3305,1.334,1.3286,1.3333,10916.934980049991
2026-02-21 02:00:00+00:00,1.3337,1.346,1.331,1.3423,18801.79313718
2026-02-21 03:00:00+00:00,1.3424,1.3424,1.333,1.3395,12117.1697892
2026-02-21 04:00:00+00:00,1.3402,1.3466,1.337,1.3463,9921.265730249996
2026-02-21 05:00:00+00:00,1.347,1.363,1.3464,1.3612,207266.9519095
2026-02-21 06:00:00+00:00,1.3617,1.362,1.349,1.3515,35814.783116909995
2026-02-21 07:00:00+00:00,1.3526,1.357,1.3486,1.355,17319.027784279995
2026-02-21 08:00:00+00:00,1.3546,1.3739,1.35,1.3736,31130.14685052999
2026-02-21 09:00:00+00:00,1.372,1.396,1.372,1.3793,103610.27595185996
2026-02-21 10:00:00+00:00,1.3805,1.396,1.3805,1.3876,72125.95708775
2026-02-21 11:00:00+00:00,1.386,1.3974,1.383,1.3848,22792.840672599992
2026-02-21 12:00:00+00:00,1.385,1.3934,1.372,1.3757,47614.49107547001
2026-02-21 13:00:00+00:00,1.3757,1.3844,1.3738,1.3823,29883.508831079987
2026-02-21 14:00:00+00:00,1.3823,1.3926,1.376,1.376,56682.43161447998
2026-02-21 15:00:00+00:00,1.3773,1.3816,1.3715,1.3744,31443.164481810003
2026-02-21 16:00:00+00:00,1.3726,1.3733,1.358,1.3596,42159.412953520005
2026-02-21 17:00:00+00:00,1.3596,1.3638,1.3569,1.361,23183.28325525
2026-02-21 18:00:00+00:00,1.3613,1.367,1.3591,1.366,70332.13661388999
2026-02-21 19:00:00+00:00,1.366,1.3686,1.36,1.3624,16313.527087809996
2026-02-21 20:00:00+00:00,1.362,1.364,1.353,1.354,38015.81036097
2026-02-21 21:00:00+00:00,1.353,1.3617,1.3519,1.3605,67780.13563163005
2026-02-21 22:00:00+00:00,1.3595,1.364,1.356,1.3578,80817.44681762
2026-02-21 23:00:00+00:00,1.3567,1.362,1.354,1.359,36525.82752428
2026-02-22 00:00:00+00:00,1.3581,1.3633,1.3534,1.3592,42424.38300770999
2026-02-22 01:00:00+00:00,1.3604,1.3648,1.3584,1.3618,25998.776372299988
2026-02-22 02:00:00+00:00,1.3619,1.365,1.348,1.3487,111658.19793497
2026-02-22 03:00:00+00:00,1.3484,1.356,1.345,1.3549,59625.29386718001
2026-02-22 04:00:00+00:00,1.354,1.3558,1.3429,1.3453,29812.92354789
2026-02-22 05:00:00+00:00,1.3451,1.348,1.3354,1.3388,29767.20056578
2026-02-22 06:00:00+00:00,1.3383,1.342,1.3346,1.341,94366.59422226
2026-02-22 07:00:00+00:00,1.3409,1.346,1.3399,1.3424,20008.05932148998
2026-02-22 08:00:00+00:00,1.342,1.3428,1.3246,1.3253,34018.46865550001
2026-02-22 09:00:00+00:00,1.3252,1.336,1.324,1.335,10940.17418551999
2026-02-22 10:00:00+00:00,1.3353,1.341,1.3336,1.34,20661.61713594997
2026-02-22 11:00:00+00:00,1.3396,1.342,1.3307,1.3346,14962.086479189997
2026-02-22 12:00:00+00:00,1.3341,1.3344,1.319,1.3234,20212.500823609986
2026-02-22 13:00:00+00:00,1.3226,1.325,1.3171,1.3206,28092.23966505999
2026-02-22 14:00:00+00:00,1.3201,1.3211,1.311,1.314,27750.638719089984
2026-02-22 15:00:00+00:00,1.3148,1.3235,1.3086,1.321,22813.41700577
2026-02-22 16:00:00+00:00,1.32,1.321,1.3127,1.321,17534.27036058
2026-02-22 17:00:00+00:00,1.3199,1.3215,1.308,1.313,24863.30619781
2026-02-22 18:00:00+00:00,1.3126,1.314,1.305,1.3127,22596.44407454001
2026-02-22 19:00:00+00:00,1.3128,1.3133,1.305,1.311,9892.3183839
2026-02-22 20:00:00+00:00,1.3113,1.3145,1.304,1.306,16989.05716225
2026-02-22 21:00:00+00:00,1.3065,1.31,1.303,1.309,11772.924950190005
2026-02-22 22:00:00+00:00,1.309,1.3185,1.308,1.314,24970.221007650005
2026-02-22 23:00:00+00:00,1.314,1.315,1.306,1.312,52980.23949778998
2026-02-23 00:00:00+00:00,1.312,1.3135,1.289,1.29,46671.41552290999
2026-02-23 01:00:00+00:00,1.289,1.2906,1.238,1.2426,548282.7894399797
2026-02-23 02:00:00+00:00,1.243,1.2548,1.24,1.251,70115.47748961
2026-02-23 03:00:00+00:00,1.2505,1.2612,1.247,1.256,29045.30657607
2026-02-23 04:00:00+00:00,1.257,1.259,1.248,1.251,41144.80254867999
2026-02-23 05:00:00+00:00,1.25,1.2621,1.25,1.255,51887.60249092
2026-02-23 06:00:00+00:00,1.254,1.2765,1.254,1.2743,40275.03794785
2026-02-23 07:00:00+00:00,1.2748,1.2787,1.2687,1.2744,27891.947847450007
2026-02-23 08:00:00+00:00,1.271,1.276,1.268,1.273,99667.65693851994
2026-02-23 09:00:00+00:00,1.273,1.3006,1.2725,1.295,38686.51038826001
2026-02-23 10:00:00+00:00,1.295,1.2993,1.288,1.29,83568.27175085997
2026-02-23 11:00:00+00:00,1.2908,1.3013,1.2886,1.295,61829.18388827999
2026-02-23 12:00:00+00:00,1.295,1.3135,1.292,1.306,45187.37154610001
2026-02-23 13:00:00+00:00,1.307,1.3091,1.3,1.3023,58393.06024571999
2026-02-23 14:00:00+00:00,1.3025,1.313,1.288,1.293,275615.9783743601
2026-02-23 15:00:00+00:00,1.294,1.2947,1.279,1.281,50695.4173777
2026-02-23 16:00:00+00:00,1.281,1.2836,1.2709,1.2729,63473.87994096
2026-02-23 17:00:00+00:00,1.274,1.278,1.255,1.2694,258957.80815094995
2026-02-23 18:00:00+00:00,1.269,1.2836,1.266,1.268,150557.42059796
2026-02-23 19:00:00+00:00,1.267,1.27,1.258,1.259,78183.82528657
2026-02-23 20:00:00+00:00,1.2583,1.2699,1.254,1.269,69640.61138399999
2026-02-23 21:00:00+00:00,1.269,1.275,1.265,1.27,95796.08373627996
2026-02-23 22:00:00+00:00,1.269,1.2788,1.268,1.269,104173.11806160002
2026-02-23 23:00:00+00:00,1.268,1.2739,1.2637,1.264,62383.15186886001
2026-02-24 00:00:00+00:00,1.264,1.2802,1.264,1.276,39041.01978845
2026-02-24 01:00:00+00:00,1.276,1.2776,1.249,1.269,153014.64259465993
2026-02-24 02:00:00+00:00,1.268,1.2764,1.263,1.264,61342.53556199998
2026-02-24 03:00:00+00:00,1.263,1.2638,1.251,1.256,79049.65556844999
2026-02-24 04:00:00+00:00,1.255,1.2584,1.244,1.2504,89243.98935039999
2026-02-24 05:00:00+00:00,1.2504,1.2574,1.241,1.2481,120190.83566154
2026-02-24 06:00:00+00:00,1.247,1.2524,1.241,1.2432,37152.70853968999
2026-02-24 07:00:00+00:00,1.243,1.2537,1.2419,1.2509,47665.4195437
2026-02-24 08:00:00+00:00,1.251,1.2604,1.246,1.2558,51174.2378813
2026-02-24 09:00:00+00:00,1.256,1.256,1.2367,1.2425,41894.98500984
2026-02-24 10:00:00+00:00,1.243,1.247,1.2389,1.2437,40083.97430598
2026-02-24 11:00:00+00:00,1.242,1.246,1.2408,1.245,31335.47522526
2026-02-24 12:00:00+00:00,1.246,1.248,1.235,1.238,48661.04414402
2026-02-24 13:00:00+00:00,1.2369,1.2425,1.225,1.233,96955.75090307005
2026-02-24 14:00:00+00:00,1.2337,1.2499,1.227,1.2424,61445.379132830014
2026-02-24 15:00:00+00:00,1.2433,1.2548,1.24,1.248,63615.33071116001
2026-02-24 16:00:00+00:00,1.248,1.2608,1.2463,1.258,54225.54869239
2026-02-24 17:00:00+00:00,1.257,1.257,1.25,1.251,50137.69994914998
2026-02-24 18:00:00+00:00,1.251,1.2579,1.244,1.2501,44204.61597511
2026-02-24 19:00:00+00:00,1.25,1.2548,1.244,1.2473,64557.29741488001
2026-02-24 20:00:00+00:00,1.2471,1.249,1.243,1.244,39965.24199764002
2026-02-24 21:00:00+00:00,1.244,1.2446,1.236,1.24,38830.55586868998
2026-02-24 22:00:00+00:00,1.239,1.2453,1.237,1.243,39422.15397007
2026-02-24 23:00:00+00:00,1.244,1.2453,1.234,1.238,36919.14864219
2026-02-25 00:00:00+00:00,1.238,1.243,1.2359,1.241,51723.95398638999
2026-02-25 01:00:00+00:00,1.241,1.3066,1.2405,1.287,199743.34021190004
2026-02-25 02:00:00+00:00,1.287,1.298,1.2848,1.286,123530.54268528
2026-02-25 03:00:00+00:00,1.287,1.2873,1.2696,1.271,56376.84604342999
2026-02-25 04:00:00+00:00,1.2706,1.2798,1.263,1.278,71590.79431311999
2026-02-25 05:00:00+00:00,1.2785,1.2785,1.259,1.267,45151.81784822001
2026-02-25 06:00:00+00:00,1.267,1.2757,1.265,1.267,19827.979879900005
2026-02-25 07:00:00+00:00,1.268,1.271,1.264,1.269,32217.344255730008
2026-02-25 08:00:00+00:00,1.268,1.2875,1.2619,1.287,197728.54538801
2026-02-25 09:00:00+00:00,1.2861,1.3141,1.2841,1.3117,84644.48949562997
2026-02-25 10:00:00+00:00,1.3117,1.336,1.308,1.33,373694.9730171099
2026-02-25 11:00:00+00:00,1.3297,1.3921,1.326,1.382,550723.1091357699
2026-02-25 12:00:00+00:00,1.382,1.455,1.368,1.438,1413937.7397841995
2026-02-25 13:00:00+00:00,1.439,1.5099,1.428,1.466,1343271.2209973803
2026-02-25 14:00:00+00:00,1.467,1.5125,1.456,1.507,638066.6811491599
2026-02-25 15:00:00+00:00,1.5095,1.554,1.501,1.517,2141467.3634953094
2026-02-25 16:00:00+00:00,1.519,1.5492,1.513,1.543,562779.2096879199
2026-02-25 17:00:00+00:00,1.545,1.5849,1.52,1.5771,439557.9486465
2026-02-25 18:00:00+00:00,1.578,1.5999,1.5548,1.5764,736971.6601456704
2026-02-25 19:00:00+00:00,1.5751,1.6413,1.558,1.633,771519.0037146696
2026-02-25 20:00:00+00:00,1.633,1.6774,1.6,1.67,1966287.330290689
2026-02-25 21:00:00+00:00,1.671,1.7533,1.657,1.727,2205773.7771157594
2026-02-25 22:00:00+00:00,1.727,1.7512,1.635,1.656,1436555.6755669797
2026-02-25 23:00:00+00:00,1.655,1.6932,1.643,1.663,1096378.72810688
2026-02-26 00:00:00+00:00,1.663,1.6688,1.599,1.63,1219954.3862399894
2026-02-26 01:00:00+00:00,1.63,1.6874,1.626,1.667,653987.27959204
2026-02-26 02:00:00+00:00,1.6688,1.696,1.638,1.6542,619963.6216427904
2026-02-26 03:00:00+00:00,1.655,1.6644,1.616,1.629,278821.9191228399
2026-02-26 04:00:00+00:00,1.629,1.6486,1.6034,1.614,450582.77212049
2026-02-26 05:00:00+00:00,1.613,1.613,1.58,1.585,283813.62031717005
2026-02-26 06:00:00+00:00,1.5851,1.6037,1.5759,1.589,207469.76133201
2026-02-26 07:00:00+00:00,1.588,1.6239,1.567,1.582,246365.28301724
2026-02-26 08:00:00+00:00,1.582,1.61,1.577,1.599,272423.2321709399
2026-02-26 09:00:00+00:00,1.597,1.6348,1.592,1.62,379563.54739837017
2026-02-26 10:00:00+00:00,1.62,1.631,1.585,1.586,388671.2841289501
2026-02-26 11:00:00+00:00,1.587,1.5944,1.573,1.58,134629.26722772
2026-02-26 12:00:00+00:00,1.5803,1.638,1.578,1.609,467800.70971324993
2026-02-26 13:00:00+00:00,1.6109,1.6486,1.585,1.613,283486.8888578999
2026-02-26 14:00:00+00:00,1.6122,1.6236,1.572,1.591,316651.39914586995
2026-02-26 15:00:00+00:00,1.5899,1.6374,1.5779,1.6207,764895.3754174403
2026-02-26 16:00:00+00:00,1.62,1.62,1.533,1.542,1036552.1993208594
2026-02-26 17:00:00+00:00,1.541,1.5602,1.522,1.526,279399.05080614
2026-02-26 18:00:00+00:00,1.525,1.5599,1.524,1.554,267566.91939079
2026-02-26 19:00:00+00:00,1.554,1.5789,1.553,1.5726,317237.45610574994
2026-02-26 20:00:00+00:00,1.57,1.5846,1.554,1.558,252366.27030926
2026-02-26 21:00:00+00:00,1.557,1.5884,1.556,1.573,202392.16235518004
2026-02-26 22:00:00+00:00,1.573,1.611,1.569,1.591,256816.9986538102
2026-02-26 23:00:00+00:00,1.591,1.628,1.5815,1.609,256216.44672681004
2026-02-27 00:00:00+00:00,1.608,1.634,1.599,1.607,302348.4980010099
2026-02-27 01:00:00+00:00,1.608,1.6296,1.599,1.622,169624.15780026998
2026-02-27 02:00:00+00:00,1.622,1.66,1.622,1.642,278616.84394623
2026-02-27 03:00:00+00:00,1.642,1.666,1.6244,1.655,250250.49722559
2026-02-27 04:00:00+00:00,1.654,1.6834,1.6214,1.624,367556.83660784015
2026-02-27 05:00:00+00:00,1.6243,1.628,1.6,1.609,284366.36135465995
2026-02-27 06:00:00+00:00,1.6084,1.629,1.591,1.614,180460.5646097199
2026-02-27 07:00:00+00:00,1.6157,1.6176,1.6,1.6041,178427.66139946997
2026-02-27 08:00:00+00:00,1.605,1.6306,1.604,1.615,213262.54142544
2026-02-27 09:00:00+00:00,1.614,1.626,1.603,1.609,137614.07522583002
2026-02-27 10:00:00+00:00,1.609,1.6203,1.5836,1.591,288587.6159266701
2026-02-27 11:00:00+00:00,1.59,1.5991,1.563,1.565,156026.14923629
2026-02-27 12:00:00+00:00,1.566,1.5997,1.55,1.592,460494.3072546
2026-02-27 13:00:00+00:00,1.593,1.5997,1.559,1.574,195402.55597862
2026-02-27 14:00:00+00:00,1.5728,1.5782,1.553,1.556,84068.36622116002
2026-02-27 15:00:00+00:00,1.554,1.5692,1.552,1.568,174654.26778934995
2026-02-27 16:00:00+00:00,1.567,1.5802,1.552,1.557,251348.76671089005
2026-02-27 17:00:00+00:00,1.557,1.597,1.548,1.595,134810.11310583996
2026-02-27 18:00:00+00:00,1.594,1.626,1.584,1.6081,499602.72391274
2026-02-27 19:00:00+00:00,1.604,1.6142,1.592,1.606,265018.2580445
2026-02-27 20:00:00+00:00,1.607,1.6504,1.6065,1.622,490669.99660916
2026-02-27 21:00:00+00:00,1.621,1.6306,1.611,1.625,157068.42959399
2026-02-27 22:00:00+00:00,1.626,1.6371,1.567,1.587,280020.12161085993
2026-02-27 23:00:00+00:00,1.586,1.6109,1.585,1.6003,144655.02830187004
2026-02-28 00:00:00+00:00,1.6,1.6105,1.5774,1.598,236173.10901082
2026-02-28 01:00:00+00:00,1.5993,1.6,1.573,1.586,103142.43844147996
2026-02-28 02:00:00+00:00,1.583,1.6193,1.583,1.612,131547.49906618003
2026-02-28 03:00:00+00:00,1.612,1.613,1.573,1.576,134372.51281587
2026-02-28 04:00:00+00:00,1.574,1.579,1.552,1.556,190799.3649659
2026-02-28 05:00:00+00:00,1.555,1.567,1.537,1.54,142303.02408447993
2026-02-28 06:00:00+00:00,1.541,1.548,1.481,1.488,502040.39918776
2026-02-28 07:00:00+00:00,1.488,1.53,1.481,1.504,346017.33014137985
2026-02-28 08:00:00+00:00,1.5033,1.5062,1.4766,1.483,187812.40620081
2026-02-28 09:00:00+00:00,1.4827,1.4883,1.4585,1.4611,177132.08233842003
2026-02-28 10:00:00+00:00,1.46,1.481,1.4585,1.4702,190720.29052109
2026-02-28 11:00:00+00:00,1.469,1.4934,1.468,1.476,123706.42862447996
2026-02-28 12:00:00+00:00,1.476,1.498,1.476,1.4835,222355.3302052
2026-02-28 13:00:00+00:00,1.485,1.5399,1.462,1.538,450506.56158782
2026-02-28 14:00:00+00:00,1.5378,1.5396,1.491,1.499,293786.92305645
2026-02-28 15:00:00+00:00,1.5,1.523,1.485,1.514,276193.17106617003
2026-02-28 16:00:00+00:00,1.511,1.5203,1.496,1.52,131522.60053455998
2026-02-28 17:00:00+00:00,1.52,1.5336,1.506,1.53,297791.83232183993
2026-02-28 18:00:00+00:00,1.529,1.6124,1.5287,1.5919,405915.65910081
2026-02-28 19:00:00+00:00,1.591,1.6447,1.571,1.597,554620.63206382
2026-02-28 20:00:00+00:00,1.597,1.638,1.593,1.622,360122.2293163801
2026-02-28 21:00:00+00:00,1.6255,1.6317,1.603,1.6264,156923.73234952
2026-02-28 22:00:00+00:00,1.627,1.675,1.627,1.652,566253.1169329798
2026-02-28 23:00:00+00:00,1.652,1.6759,1.637,1.6632,366373.05028568977
2026-03-01 00:00:00+00:00,1.662,1.682,1.6292,1.637,434758.5432011698
2026-03-01 01:00:00+00:00,1.637,1.667,1.613,1.6482,412335.700438
2026-03-01 02:00:00+00:00,1.65,1.6651,1.633,1.634,223126.80486188995
2026-03-01 03:00:00+00:00,1.6326,1.638,1.61,1.615,134927.70214786998
2026-03-01 04:00:00+00:00,1.6147,1.6213,1.594,1.6012,169993.06267533996
2026-03-01 05:00:00+00:00,1.6011,1.604,1.591,1.5994,81971.23966052999
2026-03-01 06:00:00+00:00,1.5996,1.6079,1.5822,1.5974,139939.31195563002
2026-03-01 07:00:00+00:00,1.5974,1.622,1.5952,1.604,201120.01054948
2026-03-01 08:00:00+00:00,1.6039,1.6046,1.577,1.579,88383.71503353998
2026-03-01 09:00:00+00:00,1.58,1.59,1.569,1.573,51581.6052054
2026-03-01 10:00:00+00:00,1.572,1.5799,1.565,1.573,71745.18341115999
2026-03-01 11:00:00+00:00,1.5724,1.5782,1.559,1.565,157587.40648878
2026-03-01 12:00:00+00:00,1.5624,1.5794,1.549,1.551,96814.92006291002
2026-03-01 13:00:00+00:00,1.5506,1.576,1.541,1.564,150722.81903766992
2026-03-01 14:00:00+00:00,1.564,1.5726,1.5394,1.547,97164.5276792
2026-03-01 15:00:00+00:00,1.5458,1.5655,1.5458,1.551,111519.4369988
2026-03-01 16:00:00+00:00,1.5513,1.561,1.5258,1.54,95715.65129080998
2026-03-01 17:00:00+00:00,1.5408,1.5436,1.5237,1.531,70552.71259744
2026-03-01 18:00:00+00:00,1.5322,1.5526,1.53,1.532,89427.57861121996
2026-03-01 19:00:00+00:00,1.5326,1.5344,1.521,1.522,85831.04314090004
2026-03-01 20:00:00+00:00,1.5225,1.524,1.5047,1.508,122542.83609966998
2026-03-01 21:00:00+00:00,1.5083,1.526,1.507,1.516,138861.76125581
2026-03-01 22:00:00+00:00,1.517,1.5403,1.5129,1.522,138599.92990195
2026-03-01 23:00:00+00:00,1.5218,1.542,1.5218,1.5339,52947.721226369984
2026-03-02 00:00:00+00:00,1.535,1.576,1.532,1.566,69887.92276381998
2026-03-02 01:00:00+00:00,1.565,1.599,1.565,1.5846,131751.37085999994
2026-03-02 02:00:00+00:00,1.585,1.586,1.553,1.556,175249.61374680995
2026-03-02 03:00:00+00:00,1.5571,1.5666,1.552,1.559,83576.84737602998
2026-03-02 04:00:00+00:00,1.56,1.5802,1.557,1.5581,147642.05373624997
2026-03-02 05:00:00+00:00,1.5594,1.564,1.538,1.54,96822.58396134
2026-03-02 06:00:00+00:00,1.5414,1.543,1.516,1.5249,96146.54769929
2026-03-02 07:00:00+00:00,1.524,1.5267,1.5044,1.512,73017.22595565999
2026-03-02 08:00:00+00:00,1.512,1.519,1.499,1.515,112373.70701316
2026-03-02 09:00:00+00:00,1.514,1.519,1.5067,1.5081,47801.23124514001
2026-03-02 10:00:00+00:00,1.5089,1.516,1.497,1.514,91446.56746566005
2026-03-02 11:00:00+00:00,1.5136,1.5271,1.511,1.517,82994.36962866002
2026-03-02 12:00:00+00:00,1.517,1.518,1.4976,1.509,321803.5349918799
2026-03-02 13:00:00+00:00,1.508,1.5223,1.504,1.512,161162.35161883995
2026-03-02 14:00:00+00:00,1.5125,1.547,1.505,1.532,253090.21760519
2026-03-02 15:00:00+00:00,1.531,1.596,1.5239,1.5741,530476.0307772101
2026-03-02 16:00:00+00:00,1.5745,1.604,1.563,1.5664,228387.65761377
2026-03-02 17:00:00+00:00,1.566,1.57,1.536,1.5566,211699.51741775003
2026-03-02 18:00:00+00:00,1.557,1.558,1.537,1.537,108592.26588431002
2026-03-02 19:00:00+00:00,1.537,1.539,1.5217,1.534,117207.23494362
2026-03-02 20:00:00+00:00,1.534,1.546,1.5185,1.519,189060.92051997
2026-03-02 21:00:00+00:00,1.519,1.534,1.511,1.528,180783.0480253
2026-03-02 22:00:00+00:00,1.528,1.533,1.5167,1.522,106485.90914164
2026-03-02 23:00:00+00:00,1.5232,1.525,1.501,1.509,192033.54223577
2026-03-03 00:00:00+00:00,1.509,1.509,1.491,1.505,162233.77581342
2026-03-03 01:00:00+00:00,1.505,1.515,1.4958,1.499,174380.07283049
2026-03-03 02:00:00+00:00,1.498,1.505,1.4899,1.5001,38145.92704032
2026-03-03 03:00:00+00:00,1.501,1.508,1.4899,1.503,42098.97819835998
2026-03-03 04:00:00+00:00,1.503,1.505,1.4923,1.502,143669.16955008
2026-03-03 05:00:00+00:00,1.5,1.5088,1.4873,1.492,73828.75014053
2026-03-03 06:00:00+00:00,1.4917,1.5025,1.484,1.496,38112.56332735001
2026-03-03 07:00:00+00:00,1.496,1.5183,1.495,1.5183,72001.20218940993
2026-03-03 08:00:00+00:00,1.518,1.5234,1.4939,1.4986,40716.66938914
2026-03-03 09:00:00+00:00,1.4991,1.512,1.4799,1.485,163844.67327813004
2026-03-03 10:00:00+00:00,1.482,1.498,1.4721,1.495,101151.60103853005
2026-03-03 11:00:00+00:00,1.497,1.502,1.483,1.484,44518.62741012
2026-03-03 12:00:00+00:00,1.4836,1.505,1.482,1.491,55692.12772794
2026-03-03 13:00:00+00:00,1.492,1.497,1.483,1.493,39260.11367437
2026-03-03 14:00:00+00:00,1.4926,1.52,1.482,1.494,172340.91655157003
2026-03-03 15:00:00+00:00,1.493,1.5163,1.49,1.5103,108249.06406402995
2026-03-03 16:00:00+00:00,1.508,1.5578,1.5025,1.5211,296797.87994185014
2026-03-03 17:00:00+00:00,1.522,1.5356,1.508,1.532,98680.38895971002
2026-03-03 18:00:00+00:00,1.533,1.554,1.524,1.539,151184.49138496
2026-03-03 19:00:00+00:00,1.5387,1.545,1.527,1.53,107123.03637255
2026-03-03 20:00:00+00:00,1.53,1.5381,1.522,1.5301,59138.58618469001
2026-03-03 21:00:00+00:00,1.531,1.531,1.51,1.52,103796.01541031004
2026-03-03 22:00:00+00:00,1.521,1.535,1.518,1.52,38154.16260620998
2026-03-03 23:00:00+00:00,1.5202,1.5379,1.518,1.532,129561.22526836
2026-03-04 00:00:00+00:00,1.533,1.5415,1.523,1.528,60871.21883878999
2026-03-04 01:00:00+00:00,1.5285,1.55,1.525,1.536,213048.91329577003
2026-03-04 02:00:00+00:00,1.537,1.5382,1.521,1.535,83273.42716279003
2026-03-04 03:00:00+00:00,1.5358,1.546,1.52,1.528,88602.38235864002
2026-03-04 04:00:00+00:00,1.5282,1.53,1.509,1.524,52117.22061355001
2026-03-04 05:00:00+00:00,1.523,1.53,1.517,1.5229,62641.54685668
2026-03-04 06:00:00+00:00,1.523,1.531,1.512,1.524,41368.85984188999
2026-03-04 07:00:00+00:00,1.524,1.54,1.515,1.534,47233.61600621
2026-03-04 08:00:00+00:00,1.532,1.567,1.524,1.562,275492.48129878
2026-03-04 09:00:00+00:00,1.563,1.574,1.548,1.557,441556.6160514304
2026-03-04 10:00:00+00:00,1.558,1.562,1.5427,1.5467,134438.62714410998
2026-03-04 11:00:00+00:00,1.5468,1.552,1.5282,1.536,98156.08825923
2026-03-04 12:00:00+00:00,1.536,1.536,1.51,1.5189,68833.60374883
2026-03-04 13:00:00+00:00,1.5184,1.53,1.517,1.526,163210.08327028996
2026-03-04 14:00:00+00:00,1.526,1.556,1.517,1.523,198896.06406771
2026-03-04 15:00:00+00:00,1.524,1.5606,1.515,1.5566,366757.37258191983
2026-03-04 16:00:00+00:00,1.5576,1.559,1.535,1.55,250761.85591741
2026-03-04 17:00:00+00:00,1.55,1.5559,1.523,1.54,147849.04105854998
2026-03-04 18:00:00+00:00,1.5394,1.547,1.5291,1.546,57432.62854324001
2026-03-04 19:00:00+00:00,1.545,1.569,1.5416,1.5593,297415.38814908
2026-03-04 20:00:00+00:00,1.561,1.5631,1.547,1.551,124330.01516142
2026-03-04 21:00:00+00:00,1.552,1.554,1.537,1.54,109064.12347196002
2026-03-04 22:00:00+00:00,1.54,1.5522,1.528,1.5314,103986.39726447997
2026-03-04 23:00:00+00:00,1.53,1.55,1.5164,1.5385,77230.92438299002
2026-03-05 00:00:00+00:00,1.54,1.5424,1.527,1.533,43958.71805020999
2026-03-05 01:00:00+00:00,1.532,1.545,1.514,1.52,72669.04748763001
2026-03-05 02:00:00+00:00,1.52,1.538,1.5184,1.5246,51575.88809554
2026-03-05 03:00:00+00:00,1.5251,1.532,1.5221,1.529,54062.33441201001
2026-03-05 04:00:00+00:00,1.529,1.556,1.526,1.552,289621.61615217995
2026-03-05 05:00:00+00:00,1.553,1.554,1.512,1.516,198536.61210877
2026-03-05 06:00:00+00:00,1.5152,1.531,1.509,1.5274,112611.65815985003
2026-03-05 07:00:00+00:00,1.527,1.534,1.5118,1.5175,42597.37757076
2026-03-05 08:00:00+00:00,1.519,1.5283,1.5116,1.5269,41007.34040313
2026-03-05 09:00:00+00:00,1.529,1.5421,1.526,1.531,63132.40262724
2026-03-05 10:00:00+00:00,1.53,1.55,1.527,1.5444,221091.90031697985
2026-03-05 11:00:00+00:00,1.546,1.5467,1.517,1.522,106913.08484864004
2026-03-05 12:00:00+00:00,1.523,1.5314,1.516,1.529,56430.37592552002
2026-03-05 13:00:00+00:00,1.529,1.5302,1.5121,1.525,111714.14306295998
2026-03-05 14:00:00+00:00,1.5245,1.544,1.52,1.543,129108.70949054
2026-03-05 15:00:00+00:00,1.544,1.546,1.507,1.5114,192441.23132266
2026-03-05 16:00:00+00:00,1.511,1.516,1.4817,1.504,171522.46360334
2026-03-05 17:00:00+00:00,1.5039,1.5121,1.4842,1.488,82685.95248688002
2026-03-05 18:00:00+00:00,1.487,1.5042,1.485,1.503,34577.3177368
2026-03-05 19:00:00+00:00,1.505,1.523,1.5002,1.5087,68467.14107086
2026-03-05 20:00:00+00:00,1.51,1.556,1.507,1.538,186340.56827648
2026-03-05 21:00:00+00:00,1.538,1.554,1.533,1.54,59321.83056940001
2026-03-05 22:00:00+00:00,1.5391,1.541,1.52,1.531,79241.37874281991
2026-03-05 23:00:00+00:00,1.5291,1.539,1.528,1.53,93865.54686168
2026-03-06 00:00:00+00:00,1.529,1.5352,1.523,1.525,73705.17735971001
2026-03-06 01:00:00+00:00,1.5248,1.547,1.5217,1.535,114426.84571791
2026-03-06 02:00:00+00:00,1.535,1.538,1.528,1.531,44146.62483066999
2026-03-06 03:00:00+00:00,1.53,1.5313,1.522,1.531,58863.60834086
2026-03-06 04:00:00+00:00,1.5302,1.531,1.511,1.522,75873.84807529
2026-03-06 05:00:00+00:00,1.523,1.5294,1.515,1.5256,44401.76058174999
2026-03-06 06:00:00+00:00,1.524,1.528,1.5199,1.5256,16099.186669790006
2026-03-06 07:00:00+00:00,1.524,1.5495,1.5219,1.5429,79254.14971222
2026-03-06 08:00:00+00:00,1.542,1.5432,1.527,1.529,20658.50145097001
2026-03-06 09:00:00+00:00,1.53,1.5307,1.513,1.521,51142.18988988
2026-03-06 10:00:00+00:00,1.52,1.535,1.52,1.525,19182.67699721
2026-03-06 11:00:00+00:00,1.524,1.525,1.505,1.507,30359.77332951
2026-03-06 12:00:00+00:00,1.505,1.509,1.4954,1.5048,58720.30158846998
2026-03-06 13:00:00+00:00,1.5041,1.519,1.488,1.488,332530.79304242006
2026-03-06 14:00:00+00:00,1.4866,1.4981,1.46,1.469,280479.2151012498
2026-03-06 15:00:00+00:00,1.4675,1.479,1.453,1.464,252318.61178824995
2026-03-06 16:00:00+00:00,1.4622,1.4801,1.46,1.472,48286.868943160014
2026-03-06 17:00:00+00:00,1.472,1.481,1.462,1.469,58569.73924226002
2026-03-06 18:00:00+00:00,1.468,1.4861,1.468,1.483,50517.22855089
2026-03-06 19:00:00+00:00,1.482,1.4941,1.482,1.4864,20364.279832979995
2026-03-06 20:00:00+00:00,1.4858,1.491,1.48,1.4904,74096.05653680999
2026-03-06 21:00:00+00:00,1.491,1.493,1.486,1.49,36023.28959080001
2026-03-06 22:00:00+00:00,1.491,1.4984,1.4877,1.4972,46935.17329657999
2026-03-06 23:00:00+00:00,1.4966,1.4966,1.4806,1.4881,27356.14840056001
2026-03-07 00:00:00+00:00,1.488,1.497,1.4866,1.4936,107066.12127512004
2026-03-07 01:00:00+00:00,1.492,1.499,1.486,1.494,24162.04722856
2026-03-07 02:00:00+00:00,1.4956,1.507,1.4946,1.507,29470.621733439995
2026-03-07 03:00:00+00:00,1.507,1.5186,1.497,1.4991,35468.870080870016
2026-03-07 04:00:00+00:00,1.499,1.5054,1.488,1.505,16914.6691618
2026-03-07 05:00:00+00:00,1.504,1.514,1.503,1.5115,18234.06664351
2026-03-07 06:00:00+00:00,1.512,1.516,1.495,1.499,15994.991960799998
2026-03-07 07:00:00+00:00,1.496,1.502,1.49,1.5,24711.08527252
2026-03-07 08:00:00+00:00,1.501,1.513,1.494,1.494,16661.881228960006
2026-03-07 09:00:00+00:00,1.4944,1.497,1.4835,1.491,14081.327298820002
2026-03-07 10:00:00+00:00,1.492,1.492,1.488,1.489,34822.1272973
2026-03-07 11:00:00+00:00,1.488,1.501,1.4826,1.488,31526.16865056
2026-03-07 12:00:00+00:00,1.4885,1.495,1.488,1.495,23557.39613427
2026-03-07 13:00:00+00:00,1.4948,1.5,1.4851,1.49,38321.42423856
2026-03-07 14:00:00+00:00,1.4888,1.4892,1.4688,1.4763,48032.03256397
2026-03-07 15:00:00+00:00,1.476,1.48,1.4624,1.469,24733.00790034
2026-03-07 16:00:00+00:00,1.468,1.473,1.4649,1.4729,17605.981786000004
2026-03-07 17:00:00+00:00,1.4734,1.481,1.4734,1.478,12059.0014435
2026-03-07 18:00:00+00:00,1.478,1.478,1.448,1.451,185381.8486744299
2026-03-07 19:00:00+00:00,1.4498,1.454,1.432,1.438,185177.10562438003
2026-03-07 20:00:00+00:00,1.437,1.447,1.435,1.438,162486.87006281
2026-03-07 21:00:00+00:00,1.44,1.442,1.435,1.4396,25128.87253734
2026-03-07 22:00:00+00:00,1.442,1.442,1.4307,1.4386,32399.1761946
2026-03-07 23:00:00+00:00,1.4392,1.449,1.4378,1.448,36474.82223222
2026-03-08 00:00:00+00:00,1.4472,1.4487,1.435,1.4362,22056.38962589
2026-03-08 01:00:00+00:00,1.437,1.45,1.434,1.4469,16322.96887406
2026-03-08 02:00:00+00:00,1.4471,1.4481,1.426,1.4272,37234.83948321
2026-03-08 03:00:00+00:00,1.428,1.441,1.4277,1.435,71398.01160188997
2026-03-08 04:00:00+00:00,1.435,1.438,1.427,1.4339,45533.171441080005
2026-03-08 05:00:00+00:00,1.432,1.447,1.431,1.446,27309.46629539
2026-03-08 06:00:00+00:00,1.4468,1.448,1.4367,1.443,14111.556119010002
2026-03-08 07:00:00+00:00,1.442,1.4561,1.4416,1.445,33738.19013353998
2026-03-08 08:00:00+00:00,1.4448,1.4479,1.439,1.445,15942.340147289997
2026-03-08 09:00:00+00:00,1.444,1.458,1.443,1.4572,45261.70667036
2026-03-08 10:00:00+00:00,1.4569,1.478,1.4569,1.4712,45431.83795753001
2026-03-08 11:00:00+00:00,1.4716,1.475,1.4558,1.468,68520.53267055999
2026-03-08 12:00:00+00:00,1.4684,1.485,1.458,1.479,56399.1122183
2026-03-08 13:00:00+00:00,1.4791,1.4791,1.455,1.4654,46472.572624420005
2026-03-08 14:00:00+00:00,1.4645,1.47,1.4501,1.457,42817.10935919001
2026-03-08 15:00:00+00:00,1.4576,1.459,1.4459,1.4528,24736.730324319986
2026-03-08 16:00:00+00:00,1.4528,1.455,1.444,1.4488,48817.01988606
2026-03-08 17:00:00+00:00,1.4482,1.459,1.4479,1.456,20470.04197143
2026-03-08 18:00:00+00:00,1.457,1.4571,1.445,1.4545,15409.29606174
2026-03-08 19:00:00+00:00,1.4546,1.48,1.452,1.469,137838.33200738003
2026-03-08 20:00:00+00:00,1.4694,1.476,1.458,1.458,52472.81343322
2026-03-08 21:00:00+00:00,1.4589,1.466,1.45,1.462,48992.75560920999
2026-03-08 22:00:00+00:00,1.461,1.461,1.4305,1.4561,180861.671091
2026-03-08 23:00:00+00:00,1.457,1.463,1.4477,1.455,49911.88539513001
2026-03-09 00:00:00+00:00,1.455,1.48,1.4519,1.468,87951.74145766001
2026-03-09 01:00:00+00:00,1.4664,1.4752,1.456,1.462,60600.71209252
2026-03-09 02:00:00+00:00,1.461,1.477,1.455,1.4715,49847.68151406
2026-03-09 03:00:00+00:00,1.4715,1.492,1.4669,1.471,142134.42886657003
2026-03-09 04:00:00+00:00,1.471,1.499,1.471,1.485,147791.18601144996
2026-03-09 05:00:00+00:00,1.4845,1.5214,1.4802,1.512,164454.42701131993
2026-03-09 06:00:00+00:00,1.513,1.515,1.4942,1.4968,50748.06077249999
2026-03-09 07:00:00+00:00,1.4961,1.4961,1.4712,1.488,56826.259200750006
2026-03-09 08:00:00+00:00,1.487,1.49,1.479,1.4843,40901.7163389
2026-03-09 09:00:00+00:00,1.485,1.497,1.475,1.48,101302.85200633
2026-03-09 10:00:00+00:00,1.4807,1.4834,1.472,1.474,32859.04237692
2026-03-09 11:00:00+00:00,1.474,1.479,1.463,1.474,48098.08339104
2026-03-09 12:00:00+00:00,1.475,1.4853,1.471,1.482,81408.81328372
2026-03-09 13:00:00+00:00,1.483,1.5134,1.482,1.503,155142.99839745997
2026-03-09 14:00:00+00:00,1.503,1.51,1.4869,1.499,132798.71839485998
2026-03-09 15:00:00+00:00,1.5,1.5045,1.487,1.5,131950.81000566002
2026-03-09 16:00:00+00:00,1.5012,1.51,1.4937,1.499,62783.40976039
2026-03-09 17:00:00+00:00,1.4984,1.509,1.498,1.504,48502.59853018
2026-03-09 18:00:00+00:00,1.503,1.516,1.495,1.503,83757.67072967002
2026-03-09 19:00:00+00:00,1.5032,1.532,1.4939,1.507,124019.43487728995
2026-03-09 20:00:00+00:00,1.507,1.51,1.496,1.5084,92782.81994571
2026-03-09 21:00:00+00:00,1.5076,1.514,1.5,1.508,111376.80228042
2026-03-09 22:00:00+00:00,1.507,1.509,1.485,1.488,43981.28463469
2026-03-09 23:00:00+00:00,1.488,1.496,1.4852,1.4941,80126.27105934998
2026-03-10 00:00:00+00:00,1.494,1.5127,1.491,1.504,52790.35080485
2026-03-10 01:00:00+00:00,1.504,1.511,1.495,1.5065,55486.50291235999
2026-03-10 02:00:00+00:00,1.505,1.5373,1.502,1.5201,273121.03070470993
2026-03-10 03:00:00+00:00,1.519,1.522,1.506,1.5088,59672.22045106999
2026-03-10 04:00:00+00:00,1.508,1.534,1.508,1.529,206809.41149381
2026-03-10 05:00:00+00:00,1.528,1.534,1.514,1.515,72177.66138923
2026-03-10 06:00:00+00:00,1.515,1.5223,1.514,1.5193,91851.79813510996
2026-03-10 07:00:00+00:00,1.518,1.5264,1.516,1.519,105786.84651027998
2026-03-10 08:00:00+00:00,1.519,1.5291,1.518,1.523,88298.04313370003
2026-03-10 09:00:00+00:00,1.5225,1.5404,1.5225,1.532,54262.77944255999
2026-03-10 10:00:00+00:00,1.5323,1.5323,1.52,1.524,34312.43999556999
2026-03-10 11:00:00+00:00,1.5246,1.5246,1.516,1.52,37388.98855352
2026-03-10 12:00:00+00:00,1.517,1.5179,1.5077,1.512,30603.199283480004
2026-03-10 13:00:00+00:00,1.512,1.518,1.497,1.509,129521.74011046992
2026-03-10 14:00:00+00:00,1.5092,1.542,1.497,1.537,237606.24762735
2026-03-10 15:00:00+00:00,1.537,1.5462,1.519,1.5298,122757.07271062996
2026-03-10 16:00:00+00:00,1.53,1.537,1.518,1.5348,76477.57399576002
2026-03-10 17:00:00+00:00,1.535,1.539,1.517,1.522,109121.76119585
2026-03-10 18:00:00+00:00,1.5203,1.522,1.4932,1.4972,249254.8503658301
2026-03-10 19:00:00+00:00,1.499,1.503,1.491,1.5,48927.28571533001
2026-03-10 20:00:00+00:00,1.499,1.506,1.499,1.504,23719.75731945999
2026-03-10 21:00:00+00:00,1.503,1.5042,1.482,1.49,45302.93429496
2026-03-10 22:00:00+00:00,1.489,1.492,1.479,1.486,63061.63148442001
2026-03-10 23:00:00+00:00,1.4859,1.489,1.484,1.486,30492.173002960008
2026-03-11 00:00:00+00:00,1.4869,1.488,1.475,1.4845,33758.66335879
2026-03-11 01:00:00+00:00,1.4851,1.488,1.479,1.483,29728.0940956
2026-03-11 02:00:00+00:00,1.483,1.488,1.478,1.487,40409.86500104
2026-03-11 03:00:00+00:00,1.488,1.494,1.4849,1.4857,73915.01467477
2026-03-11 04:00:00+00:00,1.4844,1.496,1.4799,1.495,100521.20173112
2026-03-11 05:00:00+00:00,1.4946,1.495,1.474,1.48,40933.84851195
2026-03-11 06:00:00+00:00,1.479,1.4946,1.4788,1.494,21981.030340430007
2026-03-11 07:00:00+00:00,1.4929,1.498,1.482,1.486,27969.14414206
2026-03-11 08:00:00+00:00,1.4849,1.492,1.4849,1.491,64007.34259413
2026-03-11 09:00:00+00:00,1.491,1.5,1.487,1.487,86663.86472756
2026-03-11 10:00:00+00:00,1.489,1.506,1.488,1.503,64801.86558981998
2026-03-11 11:00:00+00:00,1.502,1.512,1.498,1.509,321093.09463938995
2026-03-11 12:00:00+00:00,1.5081,1.543,1.5077,1.527,168103.40503084005
2026-03-11 13:00:00+00:00,1.526,1.555,1.5197,1.5314,388740.14300823
2026-03-11 14:00:00+00:00,1.53,1.545,1.53,1.533,92051.09294944
2026-03-11 15:00:00+00:00,1.532,1.535,1.503,1.518,51221.70817189998
2026-03-11 16:00:00+00:00,1.519,1.528,1.5127,1.525,107260.51650329998
2026-03-11 17:00:00+00:00,1.525,1.5394,1.5142,1.528,86743.85785387
2026-03-11 18:00:00+00:00,1.5292,1.5403,1.5286,1.537,105860.64917914002
2026-03-11 19:00:00+00:00,1.538,1.5512,1.533,1.539,52536.28208489001
2026-03-11 20:00:00+00:00,1.538,1.544,1.528,1.533,47428.29522668
2026-03-11 21:00:00+00:00,1.533,1.537,1.5276,1.533,31552.30938828001
2026-03-11 22:00:00+00:00,1.533,1.54,1.531,1.5358,25430.24066269
2026-03-11 23:00:00+00:00,1.537,1.5391,1.519,1.522,28465.43388756
2026-03-12 00:00:00+00:00,1.523,1.5262,1.5148,1.521,40758.38852250002
2026-03-12 01:00:00+00:00,1.521,1.5211,1.5077,1.514,22957.575312210003
2026-03-12 02:00:00+00:00,1.514,1.5167,1.501,1.5021,97124.74564876
2026-03-12 03:00:00+00:00,1.503,1.508,1.496,1.5,32408.93125854
2026-03-12 04:00:00+00:00,1.499,1.5044,1.4966,1.4999,17799.372160979998
2026-03-12 05:00:00+00:00,1.5003,1.503,1.493,1.5,22467.259944170004
2026-03-12 06:00:00+00:00,1.5005,1.504,1.4968,1.5031,29264.98188405
2026-03-12 07:00:00+00:00,1.5031,1.5112,1.5,1.51,40687.53274347001
2026-03-12 08:00:00+00:00,1.508,1.518,1.508,1.511,39235.09196152999
2026-03-12 09:00:00+00:00,1.511,1.5234,1.505,1.517,28601.071271810004
2026-03-12 10:00:00+00:00,1.517,1.5292,1.512,1.5201,33344.846937819995
2026-03-12 11:00:00+00:00,1.519,1.5194,1.505,1.508,131091.03012188998
2026-03-12 12:00:00+00:00,1.5073,1.512,1.502,1.506,45995.3806132
2026-03-12 13:00:00+00:00,1.507,1.508,1.491,1.4981,85387.57418959001
2026-03-12 14:00:00+00:00,1.499,1.509,1.4857,1.493,119805.67885828004
2026-03-12 15:00:00+00:00,1.494,1.509,1.492,1.502,47014.28240687001
2026-03-12 16:00:00+00:00,1.5029,1.51,1.496,1.502,42462.87590146003
2026-03-12 17:00:00+00:00,1.503,1.505,1.494,1.496,41639.15949463
2026-03-12 18:00:00+00:00,1.496,1.504,1.489,1.499,192073.87993737
2026-03-12 19:00:00+00:00,1.4999,1.5142,1.499,1.508,20214.29039551999
2026-03-12 20:00:00+00:00,1.508,1.5126,1.502,1.509,22126.76238771001
2026-03-12 21:00:00+00:00,1.508,1.5154,1.507,1.515,33685.57434781
2026-03-12 22:00:00+00:00,1.515,1.5176,1.513,1.5176,56349.47119783
2026-03-12 23:00:00+00:00,1.517,1.526,1.512,1.517,49293.176177550005
2026-03-13 00:00:00+00:00,1.517,1.549,1.514,1.532,173298.22004755994
2026-03-13 01:00:00+00:00,1.532,1.5423,1.5302,1.54,70476.05462564
2026-03-13 02:00:00+00:00,1.541,1.542,1.526,1.53,45743.447126100014
2026-03-13 03:00:00+00:00,1.532,1.536,1.5236,1.533,25690.20476879
2026-03-13 04:00:00+00:00,1.532,1.534,1.5196,1.522,27746.40209182999
2026-03-13 05:00:00+00:00,1.523,1.53,1.5143,1.524,56964.78637387
2026-03-13 06:00:00+00:00,1.5243,1.5261,1.5016,1.502,90179.77254978998
2026-03-13 07:00:00+00:00,1.503,1.508,1.499,1.507,47100.74696592001
2026-03-13 08:00:00+00:00,1.5064,1.514,1.5012,1.508,49495.421038850014
2026-03-13 09:00:00+00:00,1.508,1.517,1.5057,1.513,45383.373088780005
2026-03-13 10:00:00+00:00,1.514,1.527,1.514,1.5231,53080.86789153001
2026-03-13 11:00:00+00:00,1.5233,1.524,1.5121,1.518,56063.05746599999
2026-03-13 12:00:00+00:00,1.518,1.536,1.514,1.533,76244.76353193999
2026-03-13 13:00:00+00:00,1.5328,1.549,1.528,1.537,84047.9883998
2026-03-13 14:00:00+00:00,1.5372,1.548,1.513,1.516,166997.50338872997
2026-03-13 15:00:00+00:00,1.515,1.524,1.4999,1.5068,102387.55416628002
2026-03-13 16:00:00+00:00,1.508,1.516,1.498,1.512,94918.45720813
2026-03-13 17:00:00+00:00,1.512,1.5122,1.479,1.484,107969.60939325998
2026-03-13 18:00:00+00:00,1.484,1.486,1.468,1.475,143426.53773615992
2026-03-13 19:00:00+00:00,1.476,1.48,1.4648,1.47,56377.30703506
2026-03-13 20:00:00+00:00,1.471,1.475,1.4621,1.472,54120.28327556001
2026-03-13 21:00:00+00:00,1.4721,1.482,1.4567,1.4654,82084.30437447001
2026-03-13 22:00:00+00:00,1.465,1.4654,1.4443,1.458,124802.73339961996
2026-03-13 23:00:00+00:00,1.457,1.469,1.4553,1.4648,33617.03130708
2026-03-14 00:00:00+00:00,1.463,1.4631,1.4458,1.4512,84175.49173324002
2026-03-14 01:00:00+00:00,1.4513,1.455,1.4386,1.4469,31183.56836519
2026-03-14 02:00:00+00:00,1.45,1.451,1.4385,1.448,42282.31494701999
2026-03-14 03:00:00+00:00,1.4454,1.456,1.4453,1.45,60784.62494661999
2026-03-14 04:00:00+00:00,1.45,1.457,1.4396,1.447,78668.75040433
2026-03-14 05:00:00+00:00,1.448,1.4481,1.4356,1.442,33202.89240012999
2026-03-14 06:00:00+00:00,1.4395,1.44,1.4312,1.437,33828.53234299
2026-03-14 07:00:00+00:00,1.437,1.439,1.4329,1.437,18902.94886977
2026-03-14 08:00:00+00:00,1.4381,1.442,1.4358,1.44,32288.627882360008
2026-03-14 09:00:00+00:00,1.4397,1.441,1.43,1.433,21726.81001516
2026-03-14 10:00:00+00:00,1.432,1.437,1.4277,1.4357,30043.47217466
2026-03-14 11:00:00+00:00,1.436,1.441,1.435,1.437,19144.60427942
2026-03-14 12:00:00+00:00,1.438,1.443,1.436,1.438,22612.549367690004
2026-03-14 13:00:00+00:00,1.437,1.4371,1.4289,1.435,33235.96563558
2026-03-14 14:00:00+00:00,1.4355,1.437,1.4258,1.431,30695.00732408
2026-03-14 15:00:00+00:00,1.431,1.4382,1.4201,1.434,78531.71991855
2026-03-14 16:00:00+00:00,1.4341,1.4347,1.427,1.429,28674.41983956001
2026-03-14 17:00:00+00:00,1.4292,1.434,1.4277,1.428,13995.578753889997
2026-03-14 18:00:00+00:00,1.427,1.43,1.424,1.4258,35632.08465453
2026-03-14 19:00:00+00:00,1.425,1.4263,1.41,1.413,97240.68004647002
2026-03-14 20:00:00+00:00,1.413,1.4226,1.4055,1.413,147188.54387594003
2026-03-14 21:00:00+00:00,1.4134,1.417,1.4072,1.413,42854.12156607999
2026-03-14 22:00:00+00:00,1.412,1.416,1.407,1.4083,23538.54586335
2026-03-14 23:00:00+00:00,1.409,1.416,1.4038,1.415,121482.47907082005
2026-03-15 00:00:00+00:00,1.4134,1.419,1.4037,1.408,418242.25209506985
2026-03-15 01:00:00+00:00,1.4074,1.412,1.3912,1.407,104924.03831699998
2026-03-15 02:00:00+00:00,1.408,1.4321,1.408,1.426,121173.60915366
2026-03-15 03:00:00+00:00,1.4242,1.428,1.4147,1.4183,47880.66249659999
2026-03-15 04:00:00+00:00,1.419,1.4266,1.4145,1.419,46924.58229974
2026-03-15 05:00:00+00:00,1.4191,1.424,1.4132,1.415,71049.52995357002
2026-03-15 06:00:00+00:00,1.416,1.419,1.4092,1.418,30588.59536141
2026-03-15 07:00:00+00:00,1.4173,1.424,1.4134,1.419,26016.57780354
2026-03-15 08:00:00+00:00,1.4185,1.422,1.4152,1.419,46121.67713476001
2026-03-15 09:00:00+00:00,1.4186,1.425,1.4176,1.425,42014.31487991
2026-03-15 10:00:00+00:00,1.4241,1.435,1.4229,1.427,28903.38702441
2026-03-15 11:00:00+00:00,1.4263,1.4401,1.4262,1.433,80528.67490176001
2026-03-15 12:00:00+00:00,1.4327,1.443,1.4293,1.4364,70282.72766642999
2026-03-15 13:00:00+00:00,1.4362,1.438,1.4145,1.4236,115575.72064994996
2026-03-15 14:00:00+00:00,1.424,1.429,1.4165,1.421,28178.81703885
2026-03-15 15:00:00+00:00,1.4203,1.421,1.4145,1.4145,35384.36246763
2026-03-15 16:00:00+00:00,1.4168,1.4221,1.4084,1.412,41921.42104420999
2026-03-15 17:00:00+00:00,1.413,1.429,1.4124,1.423,21483.39505803999
2026-03-15 18:00:00+00:00,1.424,1.424,1.41,1.411,100343.62058601
2026-03-15 19:00:00+00:00,1.412,1.423,1.411,1.4228,21775.46506038
2026-03-15 20:00:00+00:00,1.422,1.431,1.42,1.423,347092.2759805202
2026-03-15 21:00:00+00:00,1.424,1.4363,1.419,1.4305,82661.88703921999
2026-03-15 22:00:00+00:00,1.432,1.444,1.417,1.441,282963.88324785995
2026-03-15 23:00:00+00:00,1.441,1.4454,1.4251,1.4411,98467.77956225
2026-03-16 00:00:00+00:00,1.442,1.448,1.432,1.438,100385.25303318996
2026-03-16 01:00:00+00:00,1.439,1.4473,1.432,1.444,53516.46406809999
2026-03-16 02:00:00+00:00,1.444,1.447,1.431,1.445,66728.79273994
2026-03-16 03:00:00+00:00,1.4454,1.49,1.441,1.478,202707.34022208
2026-03-16 04:00:00+00:00,1.4784,1.5334,1.4784,1.525,524847.5332127201
2026-03-16 05:00:00+00:00,1.526,1.55,1.5135,1.542,543716.9913754698
2026-03-16 06:00:00+00:00,1.543,1.587,1.536,1.578,480642.80852336
2026-03-16 07:00:00+00:00,1.5779,1.601,1.577,1.583,380651.00145528
2026-03-16 08:00:00+00:00,1.584,1.624,1.584,1.601,286451.79978491
2026-03-16 09:00:00+00:00,1.602,1.6245,1.596,1.608,244245.2318383399
2026-03-16 10:00:00+00:00,1.607,1.609,1.57,1.598,289214.11680293
2026-03-16 11:00:00+00:00,1.597,1.632,1.585,1.592,302197.0528506299
2026-03-16 12:00:00+00:00,1.593,1.604,1.584,1.5863,192865.47287289
2026-03-16 13:00:00+00:00,1.586,1.606,1.5782,1.59,391100.84586481
2026-03-16 14:00:00+00:00,1.589,1.5932,1.566,1.5741,380476.5268551398
2026-03-16 15:00:00+00:00,1.5737,1.5853,1.5593,1.569,204432.4969165
2026-03-16 16:00:00+00:00,1.5688,1.598,1.567,1.59,180730.66033052
2026-03-16 17:00:00+00:00,1.589,1.603,1.5889,1.603,179916.46993647004
2026-03-16 18:00:00+00:00,1.602,1.624,1.6,1.61,307265.61116147006
2026-03-16 19:00:00+00:00,1.609,1.617,1.602,1.612,283145.30770768004
2026-03-16 20:00:00+00:00,1.612,1.6518,1.607,1.632,425701.23527216
2026-03-16 21:00:00+00:00,1.632,1.662,1.6259,1.628,218779.9629482001
2026-03-16 22:00:00+00:00,1.628,1.6465,1.625,1.6298,157678.72610144998
2026-03-16 23:00:00+00:00,1.629,1.654,1.62,1.64,399828.2482681803
2026-03-17 00:00:00+00:00,1.64,1.642,1.6192,1.631,170771.33866229
2026-03-17 01:00:00+00:00,1.632,1.6335,1.6107,1.621,179413.57258999994
2026-03-17 02:00:00+00:00,1.6202,1.625,1.6112,1.6112,96704.39832934
2026-03-17 03:00:00+00:00,1.6123,1.617,1.5948,1.6051,79340.68079830999
2026-03-17 04:00:00+00:00,1.606,1.619,1.594,1.599,48406.42708072002
2026-03-17 05:00:00+00:00,1.598,1.604,1.5873,1.598,70352.91261331
2026-03-17 06:00:00+00:00,1.598,1.6,1.5887,1.596,657727.9206510403
2026-03-17 07:00:00+00:00,1.596,1.616,1.596,1.613,45442.38940567
2026-03-17 08:00:00+00:00,1.614,1.639,1.6128,1.619,150358.26624009002
2026-03-17 09:00:00+00:00,1.618,1.628,1.6088,1.612,89672.69057211999
2026-03-17 10:00:00+00:00,1.612,1.613,1.6028,1.607,126442.69230175
2026-03-17 11:00:00+00:00,1.608,1.611,1.6015,1.603,78496.04654178
2026-03-17 12:00:00+00:00,1.602,1.6041,1.584,1.587,82050.40577499002
2026-03-17 13:00:00+00:00,1.587,1.601,1.586,1.594,68650.19842984
2026-03-17 14:00:00+00:00,1.5939,1.6,1.589,1.5944,65266.77803237999
2026-03-17 15:00:00+00:00,1.594,1.6024,1.5859,1.591,78596.83460736001
2026-03-17 16:00:00+00:00,1.592,1.595,1.582,1.589,75544.72225974
2026-03-17 17:00:00+00:00,1.59,1.599,1.5871,1.599,52970.96856431999
2026-03-17 18:00:00+00:00,1.599,1.605,1.596,1.603,44363.24372382001
2026-03-17 19:00:00+00:00,1.602,1.6022,1.5922,1.5941,31705.86049988
2026-03-17 20:00:00+00:00,1.594,1.604,1.5924,1.604,53099.63531321001
2026-03-17 21:00:00+00:00,1.604,1.625,1.6028,1.62,42068.79477679999
2026-03-17 22:00:00+00:00,1.619,1.6243,1.6136,1.624,48489.51708040999
2026-03-17 23:00:00+00:00,1.624,1.635,1.6172,1.62,117870.01352571002
2026-03-18 00:00:00+00:00,1.622,1.6341,1.6161,1.631,110220.34883462
2026-03-18 01:00:00+00:00,1.6306,1.64,1.623,1.626,133312.91247075997
2026-03-18 02:00:00+00:00,1.624,1.649,1.624,1.642,174025.08955651993
2026-03-18 03:00:00+00:00,1.643,1.658,1.6338,1.6381,164171.33495223004
2026-03-18 04:00:00+00:00,1.6382,1.645,1.63,1.6373,185912.74342922
2026-03-18 05:00:00+00:00,1.638,1.65,1.6258,1.628,92241.54792845005
2026-03-18 06:00:00+00:00,1.627,1.64,1.626,1.627,92016.32255344
2026-03-18 07:00:00+00:00,1.626,1.631,1.62,1.625,63028.18622226001
2026-03-18 08:00:00+00:00,1.625,1.6357,1.621,1.624,48920.49484618001
2026-03-18 09:00:00+00:00,1.624,1.64,1.623,1.6349,79768.30402457
2026-03-18 10:00:00+00:00,1.633,1.6381,1.63,1.633,63851.019174829984
2026-03-18 11:00:00+00:00,1.6334,1.6352,1.593,1.604,252153.89915249
2026-03-18 12:00:00+00:00,1.603,1.603,1.58,1.5848,146699.71848361002
2026-03-18 13:00:00+00:00,1.589,1.595,1.5774,1.582,153410.25635984002
2026-03-18 14:00:00+00:00,1.582,1.583,1.55,1.552,119179.82473464
2026-03-18 15:00:00+00:00,1.554,1.564,1.5375,1.561,181250.13426206989
2026-03-18 16:00:00+00:00,1.561,1.5622,1.55,1.5531,113992.3708105
2026-03-18 17:00:00+00:00,1.555,1.571,1.5458,1.559,57263.18021185999
2026-03-18 18:00:00+00:00,1.5604,1.576,1.5512,1.558,59789.54360794
2026-03-18 19:00:00+00:00,1.5582,1.5681,1.55,1.552,150339.61928200003
2026-03-18 20:00:00+00:00,1.552,1.564,1.541,1.5623,71528.32787746999
2026-03-18 21:00:00+00:00,1.562,1.564,1.5558,1.562,70782.10888759998
2026-03-18 22:00:00+00:00,1.5603,1.567,1.5539,1.567,95406.75466182
2026-03-18 23:00:00+00:00,1.566,1.579,1.555,1.578,43483.71388885
2026-03-19 00:00:00+00:00,1.578,1.578,1.5609,1.5624,75611.5112747
2026-03-19 01:00:00+00:00,1.563,1.5632,1.556,1.559,39109.27893887
2026-03-19 02:00:00+00:00,1.558,1.5581,1.547,1.549,16527.441341079997
2026-03-19 03:00:00+00:00,1.548,1.571,1.547,1.555,114259.58703028
2026-03-19 04:00:00+00:00,1.554,1.559,1.551,1.553,31189.72746935999
2026-03-19 05:00:00+00:00,1.553,1.556,1.5409,1.545,26976.23228113
2026-03-19 06:00:00+00:00,1.545,1.55,1.543,1.545,24120.68196233
2026-03-19 07:00:00+00:00,1.5456,1.548,1.525,1.533,65807.2470909
2026-03-19 08:00:00+00:00,1.534,1.537,1.527,1.53,41721.62673143
2026-03-19 09:00:00+00:00,1.532,1.547,1.53,1.547,56792.801290380005
2026-03-19 10:00:00+00:00,1.545,1.547,1.531,1.531,39155.92041529
2026-03-19 11:00:00+00:00,1.531,1.542,1.5299,1.54,42333.71697737001
2026-03-19 12:00:00+00:00,1.539,1.543,1.521,1.524,77081.90396
2026-03-19 13:00:00+00:00,1.522,1.528,1.512,1.525,107614.72954753003
2026-03-19 14:00:00+00:00,1.525,1.53,1.507,1.512,31344.37877193
2026-03-19 15:00:00+00:00,1.511,1.5231,1.502,1.5231,165108.69117078002
2026-03-19 16:00:00+00:00,1.521,1.521,1.5055,1.51,93914.39349752
2026-03-19 17:00:00+00:00,1.51,1.515,1.4966,1.514,66848.46550456002
2026-03-19 18:00:00+00:00,1.515,1.516,1.509,1.5153,27757.26230290001
2026-03-19 19:00:00+00:00,1.5153,1.536,1.5153,1.531,66061.02703975
2026-03-19 20:00:00+00:00,1.531,1.535,1.526,1.529,19940.84658792
2026-03-19 21:00:00+00:00,1.5294,1.5336,1.519,1.522,407759.08418690006
2026-03-19 22:00:00+00:00,1.5216,1.5216,1.505,1.519,35445.90621341001
2026-03-19 23:00:00+00:00,1.52,1.5261,1.5167,1.5229,63401.81128618997
2026-03-20 00:00:00+00:00,1.522,1.53,1.52,1.528,47532.26947018
2026-03-20 01:00:00+00:00,1.528,1.543,1.528,1.536,42541.898024700015
2026-03-20 02:00:00+00:00,1.537,1.54,1.528,1.537,62719.12017043999
2026-03-20 03:00:00+00:00,1.537,1.54,1.526,1.534,165768.29149409002
2026-03-20 04:00:00+00:00,1.533,1.546,1.53,1.544,150568.32875808
2026-03-20 05:00:00+00:00,1.545,1.553,1.541,1.542,61006.01794971001
2026-03-20 06:00:00+00:00,1.543,1.548,1.538,1.5427,42925.13802220001
2026-03-20 07:00:00+00:00,1.54,1.541,1.531,1.538,56190.02978177001
2026-03-20 08:00:00+00:00,1.5373,1.549,1.535,1.536,41991.51286842
2026-03-20 09:00:00+00:00,1.535,1.535,1.5207,1.5284,55313.83069177001
2026-03-20 10:00:00+00:00,1.528,1.535,1.521,1.534,12964.477871670004
2026-03-20 11:00:00+00:00,1.5341,1.54,1.5218,1.529,31251.781515859995
2026-03-20 12:00:00+00:00,1.529,1.537,1.525,1.53,29914.912640480008
2026-03-20 13:00:00+00:00,1.5298,1.5378,1.5219,1.525,61409.92846186001
2026-03-20 14:00:00+00:00,1.523,1.533,1.517,1.518,48750.02189070999
2026-03-20 15:00:00+00:00,1.519,1.531,1.514,1.5253,53385.76015993002
2026-03-20 16:00:00+00:00,1.5257,1.5263,1.513,1.517,31480.71184650999
2026-03-20 17:00:00+00:00,1.518,1.521,1.506,1.519,52262.94952123
2026-03-20 18:00:00+00:00,1.52,1.52,1.502,1.505,43948.61399491
2026-03-20 19:00:00+00:00,1.5057,1.511,1.495,1.51,101749.28519250998
2026-03-20 20:00:00+00:00,1.51,1.511,1.496,1.507,56906.57050301
2026-03-20 21:00:00+00:00,1.5078,1.5191,1.504,1.513,36478.90055017
2026-03-20 22:00:00+00:00,1.515,1.523,1.5145,1.516,29493.355225610005
2026-03-20 23:00:00+00:00,1.516,1.516,1.498,1.4994,46979.52328855
2026-03-21 00:00:00+00:00,1.499,1.5117,1.499,1.5104,62860.492019920006
2026-03-21 01:00:00+00:00,1.51,1.513,1.502,1.504,37050.94638270001
2026-03-21 02:00:00+00:00,1.504,1.5147,1.503,1.512,32757.789699940004
2026-03-21 03:00:00+00:00,1.512,1.513,1.5096,1.511,12237.403868920002
2026-03-21 04:00:00+00:00,1.511,1.5152,1.506,1.509,32630.86126659
2026-03-21 05:00:00+00:00,1.508,1.512,1.506,1.509,87349.02191787999
2026-03-21 06:00:00+00:00,1.509,1.515,1.5077,1.509,59036.14745714999
2026-03-21 07:00:00+00:00,1.509,1.511,1.501,1.501,34420.60903585001
2026-03-21 08:00:00+00:00,1.5,1.503,1.491,1.501,30699.315632480004
2026-03-21 09:00:00+00:00,1.5003,1.507,1.491,1.4922,34729.94800516
2026-03-21 10:00:00+00:00,1.4918,1.496,1.4862,1.495,67333.63330898002
2026-03-21 11:00:00+00:00,1.494,1.496,1.49,1.492,10558.40926931
2026-03-21 12:00:00+00:00,1.492,1.496,1.489,1.492,20097.05548436
2026-03-21 13:00:00+00:00,1.492,1.493,1.485,1.49,31746.03223095
2026-03-21 14:00:00+00:00,1.489,1.499,1.488,1.489,38177.47325698999
2026-03-21 15:00:00+00:00,1.489,1.51,1.4872,1.5079,30206.51057597
2026-03-21 16:00:00+00:00,1.508,1.509,1.5,1.501,42042.210948110005
2026-03-21 17:00:00+00:00,1.501,1.502,1.4969,1.5,15621.517338290005
2026-03-21 18:00:00+00:00,1.5,1.501,1.495,1.495,36944.25746487999
2026-03-21 19:00:00+00:00,1.495,1.496,1.491,1.494,28461.70296379
2026-03-21 20:00:00+00:00,1.493,1.501,1.4914,1.5004,24518.648053800007
2026-03-21 21:00:00+00:00,1.501,1.5029,1.494,1.4955,16470.68925202
2026-03-21 22:00:00+00:00,1.496,1.499,1.493,1.496,18408.50640735
2026-03-21 23:00:00+00:00,1.4967,1.497,1.4586,1.467,189410.41568006005
2026-03-22 00:00:00+00:00,1.467,1.473,1.4435,1.467,105655.63006873002
2026-03-22 01:00:00+00:00,1.465,1.4728,1.459,1.464,63663.78849138999
2026-03-22 02:00:00+00:00,1.465,1.479,1.464,1.472,28177.23630861
2026-03-22 03:00:00+00:00,1.471,1.483,1.468,1.472,119919.30710063002
2026-03-22 04:00:00+00:00,1.471,1.48,1.469,1.476,29497.35294133
2026-03-22 05:00:00+00:00,1.475,1.475,1.462,1.463,36831.38010918
2026-03-22 06:00:00+00:00,1.463,1.466,1.46,1.464,22090.67629174
2026-03-22 07:00:00+00:00,1.4646,1.4661,1.4569,1.457,23415.82299199
2026-03-22 08:00:00+00:00,1.456,1.4568,1.4459,1.453,26394.981248749995
2026-03-22 09:00:00+00:00,1.452,1.459,1.451,1.453,16252.74126387
2026-03-22 10:00:00+00:00,1.453,1.453,1.436,1.436,58960.13366492
2026-03-22 11:00:00+00:00,1.437,1.441,1.4329,1.433,27553.953699220005
2026-03-22 12:00:00+00:00,1.4329,1.449,1.4329,1.4396,136127.89297294003
2026-03-22 13:00:00+00:00,1.44,1.446,1.432,1.437,34948.60549622001
2026-03-22 14:00:00+00:00,1.4379,1.439,1.431,1.433,27107.99888227
2026-03-22 15:00:00+00:00,1.433,1.44,1.4314,1.434,58828.742445709984
2026-03-22 16:00:00+00:00,1.435,1.437,1.43,1.433,131418.22995449003
2026-03-22 17:00:00+00:00,1.432,1.437,1.4277,1.433,66981.77322913999
2026-03-22 18:00:00+00:00,1.432,1.437,1.423,1.429,33291.26551646
2026-03-22 19:00:00+00:00,1.429,1.429,1.414,1.416,131208.98813014
2026-03-22 20:00:00+00:00,1.416,1.42,1.409,1.411,79089.23168918
2026-03-22 21:00:00+00:00,1.4119,1.415,1.393,1.412,142853.92777852996
2026-03-22 22:00:00+00:00,1.413,1.425,1.4049,1.418,57856.283629890015
2026-03-22 23:00:00+00:00,1.418,1.423,1.41,1.4116,66397.1416124
2026-03-23 00:00:00+00:00,1.4117,1.4234,1.41,1.422,66151.36338519001
2026-03-23 01:00:00+00:00,1.4217,1.43,1.419,1.424,67632.44779574999
2026-03-23 02:00:00+00:00,1.4235,1.436,1.4214,1.434,69346.28572061
2026-03-23 03:00:00+00:00,1.4334,1.44,1.4306,1.431,223969.09261951005
2026-03-23 04:00:00+00:00,1.432,1.44,1.431,1.44,140550.50099059
2026-03-23 05:00:00+00:00,1.4398,1.443,1.4322,1.438,43470.16679316999
2026-03-23 06:00:00+00:00,1.437,1.437,1.4127,1.4158,73769.69674340001
2026-03-23 07:00:00+00:00,1.417,1.42,1.403,1.415,49540.65527142999
2026-03-23 08:00:00+00:00,1.416,1.421,1.4067,1.41,34484.82648223
2026-03-23 09:00:00+00:00,1.4078,1.418,1.403,1.416,39923.41902596
2026-03-23 10:00:00+00:00,1.417,1.423,1.414,1.4167,64986.93597214999
2026-03-23 11:00:00+00:00,1.417,1.493,1.417,1.464,761497.1758903494
2026-03-23 12:00:00+00:00,1.465,1.477,1.4564,1.47,86132.40625696002
2026-03-23 13:00:00+00:00,1.471,1.484,1.4625,1.479,69634.95628003
2026-03-23 14:00:00+00:00,1.481,1.4871,1.46,1.465,68300.31819032
2026-03-23 15:00:00+00:00,1.465,1.473,1.4314,1.4316,715337.6370490697
2026-03-23 16:00:00+00:00,1.434,1.442,1.426,1.439,113529.63227847996
2026-03-23 17:00:00+00:00,1.439,1.44,1.4257,1.435,157449.38136944
2026-03-23 18:00:00+00:00,1.436,1.443,1.4271,1.4395,196148.03856917
2026-03-23 19:00:00+00:00,1.4395,1.441,1.419,1.423,108563.54625164
2026-03-23 20:00:00+00:00,1.4225,1.428,1.408,1.426,91207.28594626
2026-03-23 21:00:00+00:00,1.427,1.433,1.425,1.429,45443.810840460006
2026-03-23 22:00:00+00:00,1.43,1.43,1.409,1.412,161631.17987492002
2026-03-23 23:00:00+00:00,1.411,1.4215,1.404,1.42,110981.53889194
2026-03-24 00:00:00+00:00,1.419,1.425,1.412,1.422,218330.97053493
2026-03-24 01:00:00+00:00,1.423,1.425,1.408,1.413,67183.09689853
2026-03-24 02:00:00+00:00,1.413,1.423,1.412,1.414,32125.014357219992
2026-03-24 03:00:00+00:00,1.413,1.424,1.408,1.422,43748.58235328999
2026-03-24 04:00:00+00:00,1.422,1.4261,1.411,1.414,48651.666945760015
2026-03-24 05:00:00+00:00,1.413,1.419,1.4062,1.416,104479.34317899
2026-03-24 06:00:00+00:00,1.417,1.419,1.4074,1.415,51070.51516192
2026-03-24 07:00:00+00:00,1.4171,1.429,1.415,1.428,275323.93185302004
2026-03-24 08:00:00+00:00,1.428,1.428,1.41,1.42,118542.34329958
2026-03-24 09:00:00+00:00,1.421,1.421,1.411,1.416,56503.15163369
2026-03-24 10:00:00+00:00,1.4149,1.416,1.3967,1.406,186249.65516394004
2026-03-24 11:00:00+00:00,1.406,1.406,1.3857,1.3971,199440.3910376101
2026-03-24 12:00:00+00:00,1.397,1.4,1.39,1.3933,88339.82983242
2026-03-24 13:00:00+00:00,1.394,1.401,1.385,1.389,181578.82984767
2026-03-24 14:00:00+00:00,1.3895,1.4049,1.382,1.4,151075.59458274997
2026-03-24 15:00:00+00:00,1.401,1.403,1.38,1.383,99647.47122531002
2026-03-24 16:00:00+00:00,1.381,1.381,1.366,1.378,271287.71837153006
2026-03-24 17:00:00+00:00,1.3781,1.38,1.359,1.367,303219.81790181005
2026-03-24 18:00:00+00:00,1.367,1.381,1.362,1.3726,62775.642717170005
2026-03-24 19:00:00+00:00,1.373,1.385,1.372,1.381,129773.50222806998
2026-03-24 20:00:00+00:00,1.378,1.4015,1.377,1.396,241211.86181565
2026-03-24 21:00:00+00:00,1.396,1.3987,1.384,1.397,146615.30952317003
2026-03-24 22:00:00+00:00,1.395,1.3991,1.386,1.394,75539.23998598
2026-03-24 23:00:00+00:00,1.395,1.4041,1.393,1.4009,86548.46363692998
2026-03-25 00:00:00+00:00,1.401,1.412,1.393,1.4056,108495.67929454
2026-03-25 01:00:00+00:00,1.405,1.41,1.401,1.405,54567.22494952999
2026-03-25 02:00:00+00:00,1.404,1.4066,1.3986,1.3998,334881.45882014994
2026-03-25 03:00:00+00:00,1.4,1.404,1.389,1.401,136037.89390844005
2026-03-25 04:00:00+00:00,1.401,1.403,1.3876,1.394,63341.49195478001
2026-03-25 05:00:00+00:00,1.393,1.398,1.388,1.388,98287.52009227998
2026-03-25 06:00:00+00:00,1.3876,1.389,1.3771,1.382,83475.57949327999
2026-03-25 07:00:00+00:00,1.382,1.388,1.38,1.3842,62649.34856073
2026-03-25 08:00:00+00:00,1.3844,1.4011,1.383,1.384,128111.96208020997
2026-03-25 09:00:00+00:00,1.383,1.3894,1.374,1.388,172699.21032264002
2026-03-25 10:00:00+00:00,1.388,1.395,1.385,1.389,125292.12852586
2026-03-25 11:00:00+00:00,1.388,1.3964,1.379,1.394,97231.70322515
2026-03-25 12:00:00+00:00,1.394,1.395,1.38,1.3884,135343.57426191002
2026-03-25 13:00:00+00:00,1.389,1.391,1.3701,1.371,134394.58065172005
2026-03-25 14:00:00+00:00,1.371,1.381,1.3666,1.378,123109.55440271998
2026-03-25 15:00:00+00:00,1.378,1.38,1.3622,1.3686,64938.32099416001
2026-03-25 16:00:00+00:00,1.368,1.383,1.3666,1.3677,68871.28838712002
2026-03-25 17:00:00+00:00,1.369,1.378,1.3592,1.3711,119981.41026930002
2026-03-25 18:00:00+00:00,1.3723,1.383,1.3703,1.374,170905.13855741004
2026-03-25 19:00:00+00:00,1.3743,1.376,1.366,1.368,135532.14767833002
2026-03-25 20:00:00+00:00,1.3687,1.3687,1.345,1.352,417054.14236741
2026-03-25 21:00:00+00:00,1.352,1.355,1.348,1.352,128334.40730099998
2026-03-25 22:00:00+00:00,1.353,1.365,1.348,1.359,116567.90184936005
2026-03-25 23:00:00+00:00,1.3585,1.363,1.354,1.361,89598.17660737001
2026-03-26 00:00:00+00:00,1.362,1.368,1.353,1.358,87492.03555449999
2026-03-26 01:00:00+00:00,1.358,1.367,1.358,1.3596,118568.07113733
2026-03-26 02:00:00+00:00,1.359,1.36,1.3433,1.349,110742.64674563
2026-03-26 03:00:00+00:00,1.348,1.352,1.339,1.342,204695.9820443501
2026-03-26 04:00:00+00:00,1.342,1.3424,1.332,1.335,162052.74683385994
2026-03-26 05:00:00+00:00,1.335,1.337,1.326,1.331,253999.83285233995
2026-03-26 06:00:00+00:00,1.33,1.3305,1.318,1.324,167457.81461190994
2026-03-26 07:00:00+00:00,1.323,1.3284,1.321,1.3284,98815.15484121
2026-03-26 08:00:00+00:00,1.327,1.3283,1.318,1.32,144837.90063294995
2026-03-26 09:00:00+00:00,1.3204,1.326,1.307,1.312,162529.83295297003
2026-03-26 10:00:00+00:00,1.311,1.314,1.305,1.3119,55647.86664742999
2026-03-26 11:00:00+00:00,1.3124,1.316,1.307,1.3138,110723.16529463002
2026-03-26 12:00:00+00:00,1.3137,1.328,1.3126,1.319,74031.87952743
2026-03-26 13:00:00+00:00,1.3196,1.3357,1.319,1.331,102007.70823511
2026-03-26 14:00:00+00:00,1.332,1.3358,1.325,1.33,49837.09349461999
2026-03-26 15:00:00+00:00,1.3305,1.3305,1.314,1.3233,79607.47599036999
2026-03-26 16:00:00+00:00,1.3242,1.331,1.318,1.318,107073.27040639998
2026-03-26 17:00:00+00:00,1.318,1.329,1.317,1.32,64081.43897781
2026-03-26 18:00:00+00:00,1.32,1.323,1.314,1.314,60760.34608590998
2026-03-26 19:00:00+00:00,1.315,1.3163,1.3,1.306,137873.46602635
2026-03-26 20:00:00+00:00,1.307,1.327,1.301,1.308,237900.12198408
2026-03-26 21:00:00+00:00,1.307,1.328,1.306,1.321,53439.44839221999
2026-03-26 22:00:00+00:00,1.32,1.3242,1.317,1.3195,41092.92098961
2026-03-26 23:00:00+00:00,1.32,1.325,1.3145,1.323,42454.89390446
