Datetime,Open,High,Low,Close,Volume
2025-12-21 22:00:00+00:00,0.2066,0.2091,0.2065,0.2091,192219.44197
2025-12-21 23:00:00+00:00,0.2092,0.2124,0.2091,0.2105,397944.86999
2025-12-22 00:00:00+00:00,0.2105,0.21718,0.2105,0.2147,2679300.706096891
2025-12-22 01:00:00+00:00,0.2146,0.2166,0.21243,0.2133,572379.7187581504
2025-12-22 02:00:00+00:00,0.2135,0.21355,0.2097,0.2114,289942.4778456999
2025-12-22 03:00:00+00:00,0.2114,0.2128,0.2105,0.2116,186565.16074
2025-12-22 04:00:00+00:00,0.2117,0.21422,0.2115,0.212,276833.85796000005
2025-12-22 05:00:00+00:00,0.2119,0.212,0.2101,0.2101,119747.88145000002
2025-12-22 06:00:00+00:00,0.21,0.2119,0.2099,0.2111,49555.28613446002
2025-12-22 07:00:00+00:00,0.211,0.2123,0.2106,0.2109,110193.36651
2025-12-22 08:00:00+00:00,0.2109,0.2136,0.2104,0.2105,182799.49943166005
2025-12-22 09:00:00+00:00,0.2104,0.2117,0.2104,0.2114,84381.41543219001
2025-12-22 10:00:00+00:00,0.2115,0.21282,0.2108,0.2126,215715.84470799
2025-12-22 11:00:00+00:00,0.2125,0.21444,0.2117,0.2141,353409.72569551
2025-12-22 12:00:00+00:00,0.2142,0.2158,0.21336,0.2143,205019.96576613
2025-12-22 13:00:00+00:00,0.2143,0.2145,0.2118,0.2127,385758.22881
2025-12-22 14:00:00+00:00,0.2127,0.2144,0.2107,0.2131,650338.1236099998
2025-12-22 15:00:00+00:00,0.2132,0.2144,0.2086,0.2114,684191.3775023599
2025-12-22 16:00:00+00:00,0.2115,0.2117,0.2091,0.2104,368533.84733000014
2025-12-22 17:00:00+00:00,0.2105,0.211,0.2093,0.2104,214793.12878000003
2025-12-22 18:00:00+00:00,0.2105,0.2119,0.2099,0.2105,712525.0998899997
2025-12-22 19:00:00+00:00,0.2102,0.2103,0.2057,0.20881,169602.42524758997
2025-12-22 20:00:00+00:00,0.2062,0.2075,0.2049,0.2062,373315.6193021601
2025-12-22 21:00:00+00:00,0.2062,0.20881,0.206,0.20881,282887.14060229
2025-12-22 22:00:00+00:00,0.2063,0.2082,0.2056,0.2079,269669.37543
2025-12-22 23:00:00+00:00,0.2077,0.2081,0.2061,0.2068,315561.0725195499
2025-12-23 00:00:00+00:00,0.2068,0.2072,0.2058,0.2064,107363.35615999997
2025-12-23 01:00:00+00:00,0.2063,0.2066,0.2047,0.2047,27668.32769
2025-12-23 02:00:00+00:00,0.2045,0.20843,0.2034,0.20431,26524.55179844
2025-12-23 03:00:00+00:00,0.2032,0.2032,0.2017,0.2025,82437.35373
2025-12-23 04:00:00+00:00,0.2022,0.20436,0.2003,0.2003,307926.05106197
2025-12-23 05:00:00+00:00,0.2009,0.2011,0.1997,0.2006,93250.58173
2025-12-23 06:00:00+00:00,0.2012,0.2019,0.1995,0.2005,47976.79124609
2025-12-23 07:00:00+00:00,0.2003,0.2007,0.2003,0.2007,18633.094370000003
2025-12-23 08:00:00+00:00,0.2008,0.2012,0.2004,0.2005,167068.95817231998
2025-12-23 09:00:00+00:00,0.20022,0.20227,0.2001,0.2001,109340.65116425
2025-12-23 10:00:00+00:00,0.2004,0.201,0.19962,0.201,2850.31172485
2025-12-23 11:00:00+00:00,0.2016,0.2017,0.2008,0.2009,18526.76349
2025-12-23 12:00:00+00:00,0.2003,0.20078,0.1984,0.1994,57654.00993841
2025-12-23 13:00:00+00:00,0.1995,0.1995,0.1943,0.1953,489632.3961462498
2025-12-23 14:00:00+00:00,0.1949,0.1964,0.193,0.193,230010.16539958
2025-12-23 15:00:00+00:00,0.1943,0.1973,0.1941,0.1973,42912.29523619999
2025-12-23 16:00:00+00:00,0.1971,0.2,0.1971,0.1998,173856.20653844
2025-12-23 17:00:00+00:00,0.2001,0.20219,0.1977,0.1978,136699.81989604997
2025-12-23 18:00:00+00:00,0.198,0.2003,0.198,0.1998,38258.38658394999
2025-12-23 19:00:00+00:00,0.2002,0.2002,0.199,0.1995,8351.69765
2025-12-23 20:00:00+00:00,0.1991,0.2018,0.1991,0.2011,9496.44934605
2025-12-23 21:00:00+00:00,0.20026,0.2005,0.1998,0.2001,271.01862463000003
2025-12-23 22:00:00+00:00,0.2001,0.2003,0.1985,0.1994,47807.74759
2025-12-23 23:00:00+00:00,0.1995,0.2,0.1988,0.1999,164398.81187630998
2025-12-24 00:00:00+00:00,0.1999,0.201,0.1993,0.2005,200030.86087
2025-12-24 01:00:00+00:00,0.2005,0.2008,0.199,0.1992,1490800.5731
2025-12-24 02:00:00+00:00,0.1991,0.1991,0.1962,0.1969,1023517.8912605402
2025-12-24 03:00:00+00:00,0.1969,0.1982,0.196,0.1981,96114.84609000004
2025-12-24 04:00:00+00:00,0.1981,0.19953,0.1969,0.197,70501.92403082001
2025-12-24 05:00:00+00:00,0.197,0.19797,0.1957,0.1961,170564.41406553003
2025-12-24 06:00:00+00:00,0.1963,0.1966,0.1958,0.196,128909.79353
2025-12-24 07:00:00+00:00,0.1964,0.19864,0.196,0.1964,257473.52908
2025-12-24 08:00:00+00:00,0.1963,0.19852,0.1957,0.19834,321644.91750111
2025-12-24 09:00:00+00:00,0.1963,0.1969,0.1959,0.1961,171627.55340000006
2025-12-24 10:00:00+00:00,0.1962,0.1982,0.1961,0.1974,312545.34832124
2025-12-24 11:00:00+00:00,0.1977,0.19994,0.1973,0.1976,106656.35901239002
2025-12-24 12:00:00+00:00,0.1977,0.2001,0.1977,0.1995,238832.2611754401
2025-12-24 13:00:00+00:00,0.1994,0.1994,0.1979,0.1992,156926.98995234998
2025-12-24 14:00:00+00:00,0.1992,0.2001,0.1961,0.1986,543096.4441237102
2025-12-24 15:00:00+00:00,0.1987,0.2012,0.1976,0.201,303815.90016729
2025-12-24 16:00:00+00:00,0.2009,0.2031,0.19947,0.202,686124.1932135201
2025-12-24 17:00:00+00:00,0.2022,0.2025,0.1997,0.2002,419925.6915851899
2025-12-24 18:00:00+00:00,0.2001,0.2007,0.1996,0.1999,148746.74182999998
2025-12-24 19:00:00+00:00,0.1999,0.2019,0.1992,0.1999,193445.64903430003
2025-12-24 20:00:00+00:00,0.2,0.2012,0.2,0.2,582294.8710399998
2025-12-24 21:00:00+00:00,0.2001,0.20232,0.1997,0.2004,360480.41480584006
2025-12-24 22:00:00+00:00,0.2005,0.2022,0.2005,0.2018,45687.18964813
2025-12-24 23:00:00+00:00,0.2019,0.2019,0.20058,0.2007,79254.06283433
2025-12-25 00:00:00+00:00,0.2008,0.20391,0.2005,0.2007,34646.151405090015
2025-12-25 01:00:00+00:00,0.2006,0.202,0.2006,0.2017,81368.09621000002
2025-12-25 02:00:00+00:00,0.2015,0.2033,0.2013,0.2033,239806.36013886
2025-12-25 03:00:00+00:00,0.2032,0.2045,0.2028,0.2045,229076.49391662
2025-12-25 04:00:00+00:00,0.2042,0.2046,0.20299,0.2031,184765.35848383003
2025-12-25 05:00:00+00:00,0.2029,0.203,0.2008,0.2022,302058.16211000003
2025-12-25 06:00:00+00:00,0.2021,0.2036,0.2021,0.2035,58224.74827879001
2025-12-25 07:00:00+00:00,0.2037,0.2037,0.2029,0.2036,46644.38173
2025-12-25 08:00:00+00:00,0.2037,0.2047,0.20217,0.2036,201713.82069473
2025-12-25 09:00:00+00:00,0.2037,0.2037,0.2027,0.2029,72133.41991000001
2025-12-25 10:00:00+00:00,0.2028,0.20283,0.201,0.2014,227314.06916135
2025-12-25 11:00:00+00:00,0.2015,0.2025,0.2015,0.2018,104250.14455
2025-12-25 12:00:00+00:00,0.2018,0.2035,0.2018,0.2035,74531.11335542002
2025-12-25 13:00:00+00:00,0.2034,0.2037,0.2024,0.203,84846.80973000001
2025-12-25 14:00:00+00:00,0.2031,0.2032,0.2017,0.2024,139143.7881739
2025-12-25 15:00:00+00:00,0.2025,0.20594,0.2021,0.205,208294.35260677
2025-12-25 16:00:00+00:00,0.2051,0.20662,0.2042,0.2044,231023.39786266992
2025-12-25 17:00:00+00:00,0.2043,0.2047,0.2035,0.2046,132818.36209
2025-12-25 18:00:00+00:00,0.2046,0.2056,0.2046,0.205,183629.2677
2025-12-25 19:00:00+00:00,0.205,0.205,0.2044,0.2048,54482.29908
2025-12-25 20:00:00+00:00,0.2045,0.20941,0.2045,0.2066,739295.9848320193
2025-12-25 21:00:00+00:00,0.2066,0.2067,0.2059,0.2061,40074.12208
2025-12-25 22:00:00+00:00,0.2061,0.20782,0.2017,0.203,256162.25162542003
2025-12-25 23:00:00+00:00,0.2029,0.2037,0.1985,0.1994,489520.66969
2025-12-26 00:00:00+00:00,0.1992,0.2001,0.1981,0.19981,343045.2234565499
2025-12-26 01:00:00+00:00,0.1993,0.2025,0.1993,0.2023,107140.42709158
2025-12-26 02:00:00+00:00,0.2025,0.2105,0.2023,0.2089,1705741.0819541395
2025-12-26 03:00:00+00:00,0.209,0.2096,0.2075,0.2082,172315.41385086998
2025-12-26 04:00:00+00:00,0.2081,0.2087,0.2066,0.2084,118670.33311426
2025-12-26 05:00:00+00:00,0.2083,0.2112,0.2082,0.2108,505400.92253044987
2025-12-26 06:00:00+00:00,0.2111,0.2134,0.2101,0.2114,473111.76764825993
2025-12-26 07:00:00+00:00,0.2113,0.2123,0.2097,0.2104,351913.6212206499
2025-12-26 08:00:00+00:00,0.2103,0.21229,0.2103,0.2111,186824.07758194
2025-12-26 09:00:00+00:00,0.2111,0.2131,0.2108,0.2124,327347.33070545
2025-12-26 10:00:00+00:00,0.2127,0.2137,0.2125,0.2129,336279.72185634007
2025-12-26 11:00:00+00:00,0.21252,0.2129,0.2119,0.2124,146052.84950451
2025-12-26 12:00:00+00:00,0.2125,0.2139,0.2125,0.2133,141075.29256999993
2025-12-26 13:00:00+00:00,0.2131,0.2133,0.2116,0.2124,604752.76179
2025-12-26 14:00:00+00:00,0.2124,0.2124,0.2072,0.2074,359518.70165065
2025-12-26 15:00:00+00:00,0.2073,0.2078,0.2052,0.2071,1161525.8805099996
2025-12-26 16:00:00+00:00,0.2074,0.2077,0.2052,0.2052,662543.2999200005
2025-12-26 17:00:00+00:00,0.2054,0.20817,0.2054,0.2074,104324.23752065004
2025-12-26 18:00:00+00:00,0.2075,0.2093,0.2075,0.2083,88316.18015267001
2025-12-26 19:00:00+00:00,0.2083,0.20991,0.2079,0.2093,110555.99876000002
2025-12-26 20:00:00+00:00,0.2094,0.2108,0.2088,0.2098,78841.07961569999
2025-12-26 21:00:00+00:00,0.2101,0.2102,0.2084,0.2085,841176.7091799999
2025-12-26 22:00:00+00:00,0.2083,0.2097,0.2079,0.2097,217544.27720505
2025-12-26 23:00:00+00:00,0.2098,0.2105,0.2097,0.2098,81186.35481000002
2025-12-27 00:00:00+00:00,0.2099,0.2104,0.2097,0.2101,124033.69849
2025-12-27 01:00:00+00:00,0.2101,0.211,0.2099,0.211,125670.77962505
2025-12-27 02:00:00+00:00,0.2109,0.2121,0.2105,0.2114,120562.41774577
2025-12-27 03:00:00+00:00,0.2115,0.2128,0.2106,0.2119,68843.17603999999
2025-12-27 04:00:00+00:00,0.2121,0.21352,0.2105,0.2105,144173.76163045
2025-12-27 05:00:00+00:00,0.2105,0.2119,0.2104,0.2119,173195.29006999996
2025-12-27 06:00:00+00:00,0.2117,0.21276,0.21129,0.2113,84587.75109363
2025-12-27 07:00:00+00:00,0.211,0.2114,0.2101,0.2105,84870.58989000002
2025-12-27 08:00:00+00:00,0.2105,0.2111,0.2104,0.2109,79076.13936000002
2025-12-27 09:00:00+00:00,0.211,0.2131,0.2109,0.2111,410922.33188014006
2025-12-27 10:00:00+00:00,0.211,0.2111,0.2092,0.2103,159910.49799
2025-12-27 11:00:00+00:00,0.2105,0.2121,0.21018,0.2118,116808.82617823
2025-12-27 12:00:00+00:00,0.2118,0.2118,0.2107,0.2114,425596.42697999976
2025-12-27 13:00:00+00:00,0.2116,0.2118,0.2103,0.2105,58954.33228000002
2025-12-27 14:00:00+00:00,0.2106,0.2122,0.2103,0.2118,152995.94302999997
2025-12-27 15:00:00+00:00,0.2118,0.2139,0.2113,0.2132,1247144.5291849598
2025-12-27 16:00:00+00:00,0.2133,0.2134,0.212,0.2122,339914.9577626898
2025-12-27 17:00:00+00:00,0.2122,0.2135,0.2122,0.2133,40239.32882999999
2025-12-27 18:00:00+00:00,0.2133,0.2136,0.21264,0.2133,121092.27381299996
2025-12-27 19:00:00+00:00,0.2132,0.2139,0.2131,0.2134,72930.19755
2025-12-27 20:00:00+00:00,0.2135,0.2145,0.2134,0.2136,417831.17206674
2025-12-27 21:00:00+00:00,0.2137,0.2151,0.2137,0.2148,302689.0368599998
2025-12-27 22:00:00+00:00,0.2149,0.2161,0.2135,0.214,264957.2142
2025-12-27 23:00:00+00:00,0.2143,0.21782,0.2141,0.2166,482361.80349506
2025-12-28 00:00:00+00:00,0.2168,0.2173,0.2159,0.2159,316057.7824299999
2025-12-28 01:00:00+00:00,0.2161,0.21682,0.2147,0.2149,81156.9980706
2025-12-28 02:00:00+00:00,0.2148,0.21511,0.2138,0.2138,76464.59622176
2025-12-28 03:00:00+00:00,0.2137,0.2137,0.2129,0.2134,68569.10592
2025-12-28 04:00:00+00:00,0.2133,0.2133,0.2117,0.2119,265874.4439
2025-12-28 05:00:00+00:00,0.2118,0.2142,0.2115,0.2133,40190.03483999999
2025-12-28 06:00:00+00:00,0.2133,0.2142,0.2127,0.2136,39377.20653
2025-12-28 07:00:00+00:00,0.2136,0.2137,0.2122,0.2122,43318.54724000001
2025-12-28 08:00:00+00:00,0.2122,0.2134,0.2119,0.2125,117273.98735000002
2025-12-28 09:00:00+00:00,0.2122,0.2127,0.2114,0.2118,101351.62972
2025-12-28 10:00:00+00:00,0.2116,0.21318,0.2114,0.2115,178410.82765244003
2025-12-28 11:00:00+00:00,0.2117,0.2118,0.2102,0.2111,219835.5883916
2025-12-28 12:00:00+00:00,0.2112,0.21178,0.2095,0.2098,246228.07775240004
2025-12-28 13:00:00+00:00,0.2097,0.2109,0.2097,0.2104,83309.58303999998
2025-12-28 14:00:00+00:00,0.2105,0.2127,0.2105,0.2114,162699.38082420998
2025-12-28 15:00:00+00:00,0.2114,0.21234,0.2096,0.2096,194883.032328
2025-12-28 16:00:00+00:00,0.2098,0.211,0.2095,0.2097,128209.00677
2025-12-28 17:00:00+00:00,0.2096,0.21087,0.2082,0.2085,130078.00291514
2025-12-28 18:00:00+00:00,0.2086,0.2086,0.2064,0.2067,444077.77703035006
2025-12-28 19:00:00+00:00,0.2067,0.2077,0.2062,0.2064,217476.69547
2025-12-28 20:00:00+00:00,0.2063,0.2075,0.2059,0.2067,563080.5386500001
2025-12-28 21:00:00+00:00,0.2068,0.2074,0.2066,0.2072,61719.86525000001
2025-12-28 22:00:00+00:00,0.2072,0.2084,0.2066,0.208,178266.85958000002
2025-12-28 23:00:00+00:00,0.2081,0.2084,0.2065,0.208,852258.1686000004
2025-12-29 00:00:00+00:00,0.2078,0.21156,0.2073,0.2111,384316.74427723
2025-12-29 01:00:00+00:00,0.2111,0.213,0.20783,0.2115,366642.2816221399
2025-12-29 02:00:00+00:00,0.2117,0.2146,0.2117,0.2135,656666.9702938399
2025-12-29 03:00:00+00:00,0.2136,0.2182,0.2135,0.2173,730906.2320099999
2025-12-29 04:00:00+00:00,0.2174,0.2189,0.2168,0.2182,988517.0418400004
2025-12-29 05:00:00+00:00,0.2181,0.2184,0.2157,0.2157,611264.48559714
2025-12-29 06:00:00+00:00,0.2156,0.2168,0.214,0.2148,244803.29362560005
2025-12-29 07:00:00+00:00,0.2147,0.2151,0.2132,0.2147,293814.20725999994
2025-12-29 08:00:00+00:00,0.2149,0.2162,0.2145,0.2151,223738.19653440005
2025-12-29 09:00:00+00:00,0.2152,0.2156,0.2092,0.211,512666.44750206
2025-12-29 10:00:00+00:00,0.2107,0.21471,0.2107,0.212,216561.21955999
2025-12-29 11:00:00+00:00,0.2118,0.21361,0.21,0.2101,140583.08000694
2025-12-29 12:00:00+00:00,0.21,0.2109,0.2058,0.2092,527640.95091345
2025-12-29 13:00:00+00:00,0.2089,0.2095,0.2073,0.2074,216466.38372
2025-12-29 14:00:00+00:00,0.2076,0.21348,0.2068,0.2087,1178508.5552025803
2025-12-29 15:00:00+00:00,0.2089,0.2118,0.2083,0.2113,477807.55404695
2025-12-29 16:00:00+00:00,0.2112,0.2119,0.2091,0.2094,908858.1610377802
2025-12-29 17:00:00+00:00,0.2095,0.2104,0.2088,0.21,678424.5852286798
2025-12-29 18:00:00+00:00,0.2101,0.2102,0.2067,0.207,489699.5364366499
2025-12-29 19:00:00+00:00,0.2072,0.2102,0.2068,0.2095,536165.16198009
2025-12-29 20:00:00+00:00,0.2094,0.21036,0.2072,0.2077,470364.30732882
2025-12-29 21:00:00+00:00,0.2076,0.2095,0.2076,0.2094,56340.70533834999
2025-12-29 22:00:00+00:00,0.2091,0.21,0.2082,0.2092,56194.162615750014
2025-12-29 23:00:00+00:00,0.2094,0.2105,0.2091,0.2103,160810.49007703998
2025-12-30 00:00:00+00:00,0.2103,0.21068,0.2087,0.2096,386478.0421503298
2025-12-30 01:00:00+00:00,0.2095,0.2099,0.2085,0.2087,154028.49987434
2025-12-30 02:00:00+00:00,0.2085,0.20974,0.207,0.2076,350972.2435454401
2025-12-30 03:00:00+00:00,0.2073,0.20791,0.2039,0.2054,1262817.2340615904
2025-12-30 04:00:00+00:00,0.2054,0.20884,0.2053,0.2058,181028.09874515
2025-12-30 05:00:00+00:00,0.206,0.2061,0.2031,0.2044,224591.88200916004
2025-12-30 06:00:00+00:00,0.2042,0.2058,0.2042,0.2054,174086.54761615
2025-12-30 07:00:00+00:00,0.2052,0.2062,0.2049,0.2058,135995.10095531
2025-12-30 08:00:00+00:00,0.206,0.21,0.206,0.2075,453255.90080677
2025-12-30 09:00:00+00:00,0.2077,0.20866,0.2074,0.2083,325413.91246
2025-12-30 10:00:00+00:00,0.2082,0.21032,0.2071,0.2074,138264.88944455
2025-12-30 11:00:00+00:00,0.2074,0.208,0.2072,0.2078,122333.76532
2025-12-30 12:00:00+00:00,0.2078,0.2086,0.2066,0.2073,2076798.9145100303
2025-12-30 13:00:00+00:00,0.2071,0.2074,0.2061,0.2068,209248.70625280004
2025-12-30 14:00:00+00:00,0.2067,0.2088,0.2042,0.2074,1293587.1949428697
2025-12-30 15:00:00+00:00,0.2075,0.2082,0.2056,0.2077,432961.88066598
2025-12-30 16:00:00+00:00,0.2077,0.2088,0.206,0.2066,244546.51674215
2025-12-30 17:00:00+00:00,0.2067,0.207,0.2043,0.2049,658574.02269886
2025-12-30 18:00:00+00:00,0.2049,0.20577,0.2034,0.2038,547181.174616
2025-12-30 19:00:00+00:00,0.2037,0.205,0.202,0.2044,910292.4606711904
2025-12-30 20:00:00+00:00,0.2045,0.2045,0.2025,0.2028,289505.60841593
2025-12-30 21:00:00+00:00,0.2027,0.2033,0.2025,0.2028,68226.11014999
2025-12-30 22:00:00+00:00,0.2026,0.20562,0.201,0.2019,373874.38256321
2025-12-30 23:00:00+00:00,0.2017,0.2037,0.2017,0.2034,382814.32757524017
2025-12-31 00:00:00+00:00,0.2034,0.2035,0.2022,0.2026,159274.27558366998
2025-12-31 01:00:00+00:00,0.2025,0.2048,0.2025,0.2037,187974.54664661
2025-12-31 02:00:00+00:00,0.2038,0.2044,0.20226,0.2037,257294.62185579
2025-12-31 03:00:00+00:00,0.2037,0.20419,0.2024,0.2036,197158.05968766
2025-12-31 04:00:00+00:00,0.2037,0.2048,0.2034,0.204,249978.57096635003
2025-12-31 05:00:00+00:00,0.204,0.20499,0.2037,0.2046,287697.49535999994
2025-12-31 06:00:00+00:00,0.2046,0.20603,0.2046,0.2047,529710.8249891901
2025-12-31 07:00:00+00:00,0.2046,0.20499,0.2038,0.2041,507217.35097536
2025-12-31 08:00:00+00:00,0.2043,0.20597,0.2028,0.2028,227268.11625896
2025-12-31 09:00:00+00:00,0.203,0.2042,0.2028,0.2042,101696.23533066004
2025-12-31 10:00:00+00:00,0.2043,0.20531,0.2039,0.2046,366307.93997259
2025-12-31 11:00:00+00:00,0.2046,0.2068,0.2045,0.2067,444792.42354605
2025-12-31 12:00:00+00:00,0.2064,0.2064,0.20447,0.205,255621.34450285995
2025-12-31 13:00:00+00:00,0.2048,0.205,0.2036,0.204,529843.8199530402
2025-12-31 14:00:00+00:00,0.204,0.20724,0.2026,0.2033,756677.6433846302
2025-12-31 15:00:00+00:00,0.2036,0.2036,0.2015,0.2023,407760.5189958898
2025-12-31 16:00:00+00:00,0.2023,0.2029,0.197,0.1984,2040889.525227605
2025-12-31 17:00:00+00:00,0.1984,0.19939,0.1979,0.1984,467550.95242965006
2025-12-31 18:00:00+00:00,0.1982,0.19998,0.1973,0.1985,649528.8291251898
2025-12-31 19:00:00+00:00,0.1985,0.2002,0.1985,0.1987,756581.0969076798
2025-12-31 20:00:00+00:00,0.1985,0.20178,0.198,0.201,1235671.1844749
2025-12-31 21:00:00+00:00,0.2009,0.20238,0.2007,0.2018,210793.55242337
2025-12-31 22:00:00+00:00,0.2018,0.202,0.2001,0.2004,657484.2331532098
2025-12-31 23:00:00+00:00,0.2003,0.20055,0.1994,0.1996,926479.06907807
2026-01-01 00:00:00+00:00,0.1998,0.20268,0.1997,0.2008,383246.0397709298
2026-01-01 01:00:00+00:00,0.2008,0.2019,0.2001,0.2007,232702.07028356
2026-01-01 02:00:00+00:00,0.2006,0.2012,0.2001,0.2011,253131.67093438
2026-01-01 03:00:00+00:00,0.2011,0.2011,0.2003,0.2004,768840.39963
2026-01-01 04:00:00+00:00,0.2004,0.2011,0.1998,0.201,419457.89141
2026-01-01 05:00:00+00:00,0.201,0.2026,0.201,0.2023,441269.58786953
2026-01-01 06:00:00+00:00,0.2023,0.2026,0.2014,0.2014,782143.7914429003
2026-01-01 07:00:00+00:00,0.2016,0.2019,0.2014,0.2015,189875.91797
2026-01-01 08:00:00+00:00,0.2014,0.2023,0.2014,0.2023,50435.890020000006
2026-01-01 09:00:00+00:00,0.2024,0.2037,0.2024,0.2034,156506.47366198
2026-01-01 10:00:00+00:00,0.2034,0.2048,0.2029,0.2048,27947.27433644001
2026-01-01 11:00:00+00:00,0.2044,0.2047,0.204,0.204,27759.519380000005
2026-01-01 12:00:00+00:00,0.2043,0.2048,0.2037,0.2048,12288.00446973
2026-01-01 13:00:00+00:00,0.2042,0.20541,0.2042,0.2053,55111.69598304
2026-01-01 14:00:00+00:00,0.2054,0.20603,0.2046,0.2058,30764.54551244
2026-01-01 15:00:00+00:00,0.206,0.2085,0.2059,0.2078,209960.42537173
2026-01-01 16:00:00+00:00,0.20849,0.20849,0.2068,0.2077,11997.36224748
2026-01-01 17:00:00+00:00,0.20849,0.21225,0.2083,0.2112,52161.74491618
2026-01-01 18:00:00+00:00,0.21225,0.21225,0.2109,0.2121,118026.20474563
2026-01-01 19:00:00+00:00,0.2123,0.21543,0.212,0.2152,112612.56689646
2026-01-01 20:00:00+00:00,0.2146,0.2148,0.2127,0.2127,44214.40056876
2026-01-01 21:00:00+00:00,0.2131,0.21415,0.2131,0.2139,15754.39287494
2026-01-01 22:00:00+00:00,0.2142,0.21672,0.2141,0.2161,42928.40607494
2026-01-01 23:00:00+00:00,0.2159,0.21811,0.2159,0.2173,75368.28884422
2026-01-02 00:00:00+00:00,0.2174,0.21866,0.2158,0.217,525053.4155551901
2026-01-02 01:00:00+00:00,0.21737,0.2176,0.2163,0.217,773723.5051350801
2026-01-02 02:00:00+00:00,0.2168,0.2168,0.2149,0.2168,334582.30669901986
2026-01-02 03:00:00+00:00,0.2168,0.22128,0.2165,0.2205,366339.0031823
2026-01-02 04:00:00+00:00,0.2206,0.2231,0.2184,0.2199,1693168.6301722005
2026-01-02 05:00:00+00:00,0.22,0.2203,0.2186,0.22,281478.87918092
2026-01-02 06:00:00+00:00,0.2201,0.22327,0.2201,0.2225,599363.1927616899
2026-01-02 07:00:00+00:00,0.2224,0.2225,0.2191,0.2198,854291.87166553
2026-01-02 08:00:00+00:00,0.2198,0.22194,0.2193,0.2217,1979968.1204649487
2026-01-02 09:00:00+00:00,0.2215,0.22527,0.2208,0.2246,630312.2292427501
2026-01-02 10:00:00+00:00,0.2247,0.2267,0.2242,0.2256,456085.7186599
2026-01-02 11:00:00+00:00,0.2257,0.2257,0.22207,0.2227,412502.5156117001
2026-01-02 12:00:00+00:00,0.2226,0.22924,0.2214,0.2257,592671.0677377101
2026-01-02 13:00:00+00:00,0.2256,0.22705,0.2249,0.2251,534721.5052762798
2026-01-02 14:00:00+00:00,0.2253,0.2315,0.2233,0.2291,1348480.22872157
2026-01-02 15:00:00+00:00,0.2293,0.2336,0.2263,0.2317,1006781.9558396902
2026-01-02 16:00:00+00:00,0.2317,0.2364,0.2299,0.2352,3296508.1406444595
2026-01-02 17:00:00+00:00,0.2352,0.23648,0.2313,0.2338,4643043.11473219
2026-01-02 18:00:00+00:00,0.2338,0.2358,0.2317,0.2337,4337626.842357539
2026-01-02 19:00:00+00:00,0.2337,0.2388,0.2321,0.2371,5189358.209087711
2026-01-02 20:00:00+00:00,0.2371,0.2375,0.23438,0.2359,1129122.35746833
2026-01-02 21:00:00+00:00,0.236,0.2379,0.2353,0.2373,644743.0393254503
2026-01-02 22:00:00+00:00,0.2373,0.23961,0.237,0.2381,280143.63038415
2026-01-02 23:00:00+00:00,0.238,0.2387,0.23632,0.2373,683482.05610209
2026-01-03 00:00:00+00:00,0.2373,0.2388,0.2362,0.23719,1321121.8630628102
2026-01-03 01:00:00+00:00,0.237,0.2386,0.2363,0.238,1528716.64799652
2026-01-03 02:00:00+00:00,0.238,0.2395,0.236,0.239,494701.5280449
2026-01-03 03:00:00+00:00,0.239,0.24057,0.238,0.2401,68581.40175317999
2026-01-03 04:00:00+00:00,0.23958,0.23985,0.23857,0.2395,128923.75850443
2026-01-03 05:00:00+00:00,0.2398,0.24139,0.23931,0.2402,169104.61690367997
2026-01-03 06:00:00+00:00,0.2401,0.24221,0.23578,0.2365,125043.9626742
2026-01-03 07:00:00+00:00,0.2364,0.2371,0.2319,0.2328,242066.78960515
2026-01-03 08:00:00+00:00,0.2342,0.2349,0.2329,0.2349,18675.84929484
2026-01-03 09:00:00+00:00,0.2342,0.2366,0.2335,0.2359,81747.30338635
2026-01-03 10:00:00+00:00,0.2354,0.2359,0.23331,0.2334,53850.39258076
2026-01-03 11:00:00+00:00,0.23299,0.23558,0.2307,0.23277,610764.1238023599
2026-01-03 12:00:00+00:00,0.2326,0.2337,0.2325,0.2334,59001.46281803999
2026-01-03 13:00:00+00:00,0.2336,0.2351,0.2335,0.2351,2496.5861595
2026-01-03 14:00:00+00:00,0.2348,0.2363,0.2347,0.236,14160.060869520004
2026-01-03 15:00:00+00:00,0.2354,0.23809,0.2349,0.235,24817.00108812
2026-01-03 16:00:00+00:00,0.2361,0.2393,0.2361,0.2384,20676.31316333
2026-01-03 17:00:00+00:00,0.2378,0.2383,0.2376,0.2379,33459.42770523
2026-01-03 18:00:00+00:00,0.2375,0.2384,0.2366,0.23838,3134.26638232
2026-01-03 19:00:00+00:00,0.2378,0.2379,0.237,0.2371,9243.16804774
2026-01-03 20:00:00+00:00,0.2365,0.23671,0.2349,0.2355,269982.5755140001
2026-01-03 21:00:00+00:00,0.2354,0.23903,0.2352,0.2366,47058.0929972
2026-01-03 22:00:00+00:00,0.2364,0.239,0.2364,0.2385,28349.55870517001
2026-01-03 23:00:00+00:00,0.2389,0.24,0.2382,0.2392,110885.15685695
2026-01-04 00:00:00+00:00,0.2391,0.2434,0.2383,0.2422,873253.1695842701
2026-01-04 01:00:00+00:00,0.2422,0.2428,0.2403,0.2414,331076.54047677974
2026-01-04 02:00:00+00:00,0.2413,0.2425,0.23909,0.2397,314088.47189793986
2026-01-04 03:00:00+00:00,0.2397,0.2433,0.2395,0.242,220802.0875067399
2026-01-04 04:00:00+00:00,0.2419,0.2428,0.2397,0.24,569453.92790607
2026-01-04 05:00:00+00:00,0.2401,0.2416,0.2399,0.2414,139907.00441827998
2026-01-04 06:00:00+00:00,0.2416,0.24301,0.2374,0.2383,218859.6933222601
2026-01-04 07:00:00+00:00,0.2383,0.24123,0.238,0.2404,264726.59974551003
2026-01-04 08:00:00+00:00,0.2403,0.2406,0.2381,0.2404,306929.23277423985
2026-01-04 09:00:00+00:00,0.2401,0.2435,0.2396,0.2428,313979.39965695
2026-01-04 10:00:00+00:00,0.243,0.2443,0.24253,0.2431,374146.7005388601
2026-01-04 11:00:00+00:00,0.243,0.244,0.242,0.244,282893.46710192005
2026-01-04 12:00:00+00:00,0.2439,0.24901,0.2437,0.2447,888563.4540058803
2026-01-04 13:00:00+00:00,0.2446,0.2472,0.2425,0.2466,284837.46557695
2026-01-04 14:00:00+00:00,0.2466,0.2491,0.24601,0.2491,874962.9829161395
2026-01-04 15:00:00+00:00,0.249,0.2512,0.2479,0.25,741793.8163163799
2026-01-04 16:00:00+00:00,0.2499,0.252,0.24937,0.2519,249367.696749
2026-01-04 17:00:00+00:00,0.2516,0.2525,0.2505,0.2515,461103.89583627
2026-01-04 18:00:00+00:00,0.2517,0.2517,0.2469,0.24844,374961.54249075
2026-01-04 19:00:00+00:00,0.24836,0.2484,0.2437,0.2457,339990.95812206983
2026-01-04 20:00:00+00:00,0.2455,0.2483,0.2451,0.2476,189924.24863523
2026-01-04 21:00:00+00:00,0.2475,0.2495,0.2459,0.2476,566749.0697375401
2026-01-04 22:00:00+00:00,0.2474,0.2499,0.24706,0.2486,263922.52196527
2026-01-04 23:00:00+00:00,0.2488,0.2515,0.24868,0.2506,437820.4485869698
2026-01-05 00:00:00+00:00,0.25014,0.25266,0.24783,0.24944,172988.10566419002
2026-01-05 01:00:00+00:00,0.24952,0.2528,0.2486,0.25,158018.74715716
2026-01-05 02:00:00+00:00,0.24976,0.2526,0.2486,0.2511,155868.09311135995
2026-01-05 03:00:00+00:00,0.2508,0.2509,0.24744,0.2478,41123.443328139976
2026-01-05 04:00:00+00:00,0.2476,0.2482,0.24098,0.242,294678.5438567299
2026-01-05 05:00:00+00:00,0.24202,0.2433,0.2407,0.2407,98624.99352232002
2026-01-05 06:00:00+00:00,0.2411,0.2412,0.23821,0.2404,165844.68268260997
2026-01-05 07:00:00+00:00,0.2402,0.24584,0.2402,0.24493,828516.5408442208
2026-01-05 08:00:00+00:00,0.24488,0.2472,0.2438,0.24637,392510.86635905993
2026-01-05 09:00:00+00:00,0.24555,0.2497,0.24402,0.24729,520439.7618385702
2026-01-05 10:00:00+00:00,0.24737,0.2479,0.24363,0.2447,39210.99594054
2026-01-05 11:00:00+00:00,0.24459,0.24464,0.24218,0.2435,89939.76940375002
2026-01-05 12:00:00+00:00,0.24327,0.2441,0.24182,0.24381,249895.3156423501
2026-01-05 13:00:00+00:00,0.24383,0.2443,0.2413,0.24238,18559.88803314
2026-01-05 14:00:00+00:00,0.2423,0.2462,0.24098,0.24485,309169.18199306
2026-01-05 15:00:00+00:00,0.2451,0.2497,0.24252,0.24829,288184.6492273699
2026-01-05 16:00:00+00:00,0.2485,0.2494,0.24513,0.2463,46275.66949541
2026-01-05 17:00:00+00:00,0.2465,0.2538,0.24377,0.2524,506581.1938320198
2026-01-05 18:00:00+00:00,0.2527,0.2573,0.25118,0.25686,995271.2542318298
2026-01-05 19:00:00+00:00,0.25639,0.2572,0.254,0.2543,16846.28934972
2026-01-05 20:00:00+00:00,0.2542,0.2588,0.254,0.25467,169041.39579785996
2026-01-05 21:00:00+00:00,0.25527,0.2575,0.25455,0.2548,168659.98887009002
2026-01-05 22:00:00+00:00,0.254,0.2579,0.2531,0.2568,167603.85075937
2026-01-05 23:00:00+00:00,0.2563,0.2565,0.25269,0.253,35969.918793040015
2026-01-06 00:00:00+00:00,0.2528,0.2535,0.24844,0.2528,527711.0566017497
2026-01-06 01:00:00+00:00,0.2529,0.2558,0.25099,0.2511,241400.57991434005
2026-01-06 02:00:00+00:00,0.2511,0.2522,0.24906,0.25007,820412.06690035
2026-01-06 03:00:00+00:00,0.25014,0.2551,0.24999,0.2527,223949.32399486
2026-01-06 04:00:00+00:00,0.2522,0.254,0.2514,0.2524,575628.9557355097
2026-01-06 05:00:00+00:00,0.2526,0.2529,0.2478,0.2486,545524.49585854
2026-01-06 06:00:00+00:00,0.24829,0.2522,0.2479,0.24914,640592.2380531401
2026-01-06 07:00:00+00:00,0.24922,0.2493,0.24597,0.24752,682637.31468141
2026-01-06 08:00:00+00:00,0.2478,0.2497,0.24721,0.2495,1021923.33452327
2026-01-06 09:00:00+00:00,0.2494,0.2522,0.24898,0.2511,1239546.34041547
2026-01-06 10:00:00+00:00,0.2511,0.2517,0.2499,0.2505,905327.98263447
2026-01-06 11:00:00+00:00,0.2505,0.2533,0.2503,0.2522,768133.8674209301
2026-01-06 12:00:00+00:00,0.2523,0.2568,0.2523,0.2561,724159.23161555
2026-01-06 13:00:00+00:00,0.2561,0.2572,0.2545,0.2554,814526.2991212398
2026-01-06 14:00:00+00:00,0.2556,0.2633,0.2537,0.2553,2453653.8553206795
2026-01-06 15:00:00+00:00,0.2553,0.26,0.25024,0.2523,3217842.6227049693
2026-01-06 16:00:00+00:00,0.252,0.25293,0.24516,0.24745,1172111.9700282705
2026-01-06 17:00:00+00:00,0.24737,0.2487,0.241,0.242,1001152.4458366
2026-01-06 18:00:00+00:00,0.2417,0.2465,0.24086,0.2454,989003.6659962
2026-01-06 19:00:00+00:00,0.2455,0.2468,0.2441,0.2443,308265.9323765
2026-01-06 20:00:00+00:00,0.2443,0.251,0.2443,0.2498,255540.1998619201
2026-01-06 21:00:00+00:00,0.2497,0.2565,0.24875,0.2522,1337894.5957018605
2026-01-06 22:00:00+00:00,0.2526,0.2595,0.2499,0.259,3975885.568166929
2026-01-06 23:00:00+00:00,0.2591,0.2604,0.2552,0.2568,1451507.9964647102
2026-01-07 00:00:00+00:00,0.2567,0.2568,0.25174,0.2521,243778.25190506
2026-01-07 01:00:00+00:00,0.2523,0.2532,0.24921,0.2499,209178.98909816
2026-01-07 02:00:00+00:00,0.2498,0.2529,0.2486,0.2523,754293.1662751999
2026-01-07 03:00:00+00:00,0.253,0.2544,0.2514,0.2516,237178.6906308399
2026-01-07 04:00:00+00:00,0.2518,0.2536,0.25003,0.2502,332132.03441701
2026-01-07 05:00:00+00:00,0.25014,0.2518,0.2494,0.2494,290861.82796626
2026-01-07 06:00:00+00:00,0.2495,0.2497,0.24806,0.2485,161079.76637746993
2026-01-07 07:00:00+00:00,0.24844,0.2525,0.24844,0.2519,153593.24753313
2026-01-07 08:00:00+00:00,0.2521,0.2545,0.2518,0.2524,327875.46067234
2026-01-07 09:00:00+00:00,0.2524,0.2524,0.2454,0.246,572227.2864422301
2026-01-07 10:00:00+00:00,0.2459,0.2473,0.2455,0.2459,526855.5935710898
2026-01-07 11:00:00+00:00,0.246,0.2475,0.2448,0.2451,544699.7049969401
2026-01-07 12:00:00+00:00,0.24532,0.24542,0.2411,0.2417,1246300.61436747
2026-01-07 13:00:00+00:00,0.24192,0.2435,0.2406,0.241,387091.51745474
2026-01-07 14:00:00+00:00,0.241,0.241,0.2361,0.2396,1205367.86774132
2026-01-07 15:00:00+00:00,0.2397,0.2397,0.2346,0.236,1736726.9490280596
2026-01-07 16:00:00+00:00,0.236,0.23767,0.2349,0.2363,657514.97286181
2026-01-07 17:00:00+00:00,0.2363,0.2381,0.236,0.2365,222532.00900523
2026-01-07 18:00:00+00:00,0.2367,0.2386,0.2361,0.2375,405971.5672857101
2026-01-07 19:00:00+00:00,0.2375,0.23838,0.2355,0.2377,447900.3966454501
2026-01-07 20:00:00+00:00,0.2377,0.238,0.2354,0.2367,232531.73641403
2026-01-07 21:00:00+00:00,0.2369,0.23831,0.2363,0.2364,127477.83636495
2026-01-07 22:00:00+00:00,0.23648,0.2379,0.235,0.2357,385438.2701214101
2026-01-07 23:00:00+00:00,0.2355,0.2391,0.234,0.238,228955.20607491003
2026-01-08 00:00:00+00:00,0.2378,0.23909,0.2364,0.2384,445634.96245245007
2026-01-08 01:00:00+00:00,0.2386,0.24092,0.238,0.2386,178804.73432605
2026-01-08 02:00:00+00:00,0.2385,0.2398,0.2366,0.2369,273062.2352553601
2026-01-08 03:00:00+00:00,0.237,0.23873,0.2342,0.2355,255634.07534688
2026-01-08 04:00:00+00:00,0.2356,0.23767,0.2345,0.2362,226374.60867607
2026-01-08 05:00:00+00:00,0.2366,0.2386,0.2361,0.2364,272142.12227281
2026-01-08 06:00:00+00:00,0.2366,0.2369,0.2314,0.2319,801309.4771665799
2026-01-08 07:00:00+00:00,0.232,0.23509,0.2275,0.2339,2617744.833091002
2026-01-08 08:00:00+00:00,0.2341,0.2357,0.2318,0.232,430561.51803168986
2026-01-08 09:00:00+00:00,0.2322,0.2332,0.2303,0.2306,100286.01460398
2026-01-08 10:00:00+00:00,0.2305,0.233,0.2279,0.2324,722632.41289381
2026-01-08 11:00:00+00:00,0.2324,0.2326,0.2288,0.2304,398676.5784077
2026-01-08 12:00:00+00:00,0.2305,0.231,0.2286,0.2293,379825.0762399999
2026-01-08 13:00:00+00:00,0.2294,0.2301,0.2282,0.2291,112895.80078889
2026-01-08 14:00:00+00:00,0.2287,0.231,0.2269,0.2307,447363.3875388
2026-01-08 15:00:00+00:00,0.2305,0.23696,0.2292,0.2367,558708.3483720402
2026-01-08 16:00:00+00:00,0.2367,0.2373,0.2332,0.2364,414373.2195749201
2026-01-08 17:00:00+00:00,0.2365,0.23804,0.2341,0.2367,1135553.6896393795
2026-01-08 18:00:00+00:00,0.2367,0.237,0.2348,0.2355,953565.8900177598
2026-01-08 19:00:00+00:00,0.2356,0.2372,0.2336,0.2341,3103680.74393759
2026-01-08 20:00:00+00:00,0.234,0.234,0.2312,0.2332,1299249.99250914
2026-01-08 21:00:00+00:00,0.2333,0.23556,0.2328,0.2351,1747325.3789920392
2026-01-08 22:00:00+00:00,0.2353,0.2358,0.2322,0.2336,1002292.94977419
2026-01-08 23:00:00+00:00,0.2335,0.2339,0.2329,0.233,138069.64209338
2026-01-09 00:00:00+00:00,0.2332,0.23416,0.2328,0.2336,217336.8864934099
2026-01-09 01:00:00+00:00,0.2335,0.2359,0.2306,0.2312,978771.1933017602
2026-01-09 02:00:00+00:00,0.2314,0.2336,0.2309,0.2311,146470.27998056004
2026-01-09 03:00:00+00:00,0.231,0.23416,0.231,0.234,175797.54780911002
2026-01-09 04:00:00+00:00,0.2339,0.2342,0.2323,0.2331,422075.32522163
2026-01-09 05:00:00+00:00,0.2332,0.2337,0.2318,0.2329,289649.6658980101
2026-01-09 06:00:00+00:00,0.2328,0.2332,0.2321,0.2332,423102.45323
2026-01-09 07:00:00+00:00,0.233,0.233,0.2322,0.2323,686353.3627900002
2026-01-09 08:00:00+00:00,0.2323,0.233,0.2282,0.2296,602555.4600498196
2026-01-09 09:00:00+00:00,0.2296,0.2344,0.2296,0.2327,1182987.4068751296
2026-01-09 10:00:00+00:00,0.2329,0.2335,0.2322,0.233,77175.05771116001
2026-01-09 11:00:00+00:00,0.2329,0.2342,0.2328,0.2331,71038.36922259
2026-01-09 12:00:00+00:00,0.233,0.2337,0.2314,0.2317,151528.69618050003
2026-01-09 13:00:00+00:00,0.2318,0.2364,0.2318,0.2353,490897.95745664
2026-01-09 14:00:00+00:00,0.2352,0.23556,0.2319,0.2332,594762.18753899
2026-01-09 15:00:00+00:00,0.2333,0.24052,0.2317,0.2365,821390.0199970598
2026-01-09 16:00:00+00:00,0.2366,0.2415,0.2366,0.2398,435938.14979518007
2026-01-09 17:00:00+00:00,0.24,0.24,0.2344,0.2374,454214.01226943
2026-01-09 18:00:00+00:00,0.2376,0.2377,0.2318,0.2344,621148.3715981698
2026-01-09 19:00:00+00:00,0.2343,0.2343,0.2306,0.2317,379948.2678138399
2026-01-09 20:00:00+00:00,0.2316,0.2336,0.2312,0.232,111552.78977285002
2026-01-09 21:00:00+00:00,0.2322,0.2335,0.2312,0.2327,264123.8105680101
2026-01-09 22:00:00+00:00,0.2328,0.23416,0.2318,0.23416,131473.21691244002
2026-01-09 23:00:00+00:00,0.2336,0.2339,0.232,0.2323,58120.65038780001
2026-01-10 00:00:00+00:00,0.2324,0.23431,0.2284,0.2288,1105697.0717316794
2026-01-10 01:00:00+00:00,0.2288,0.2303,0.2286,0.2297,198930.17127000005
2026-01-10 02:00:00+00:00,0.2297,0.23092,0.2283,0.2294,131496.30583149998
2026-01-10 03:00:00+00:00,0.2293,0.2293,0.2278,0.2289,105429.29145
2026-01-10 04:00:00+00:00,0.2288,0.2289,0.2268,0.2273,240690.39225992005
2026-01-10 05:00:00+00:00,0.2274,0.2283,0.2272,0.2275,98487.94474
2026-01-10 06:00:00+00:00,0.2275,0.23013,0.2263,0.2278,189454.01447002
2026-01-10 07:00:00+00:00,0.2278,0.229,0.2278,0.2286,277845.03825000004
2026-01-10 08:00:00+00:00,0.2286,0.2296,0.2283,0.2296,261101.84161999988
2026-01-10 09:00:00+00:00,0.2297,0.2303,0.2295,0.23,155422.81968473003
2026-01-10 10:00:00+00:00,0.2299,0.23245,0.2293,0.2307,61032.36036225001
2026-01-10 11:00:00+00:00,0.2304,0.231,0.2296,0.231,57405.7524
2026-01-10 12:00:00+00:00,0.2309,0.23208,0.2307,0.2317,69720.67736074998
2026-01-10 13:00:00+00:00,0.2316,0.2328,0.2313,0.2318,110628.77065131
2026-01-10 14:00:00+00:00,0.232,0.232,0.2302,0.2305,94225.39297594996
2026-01-10 15:00:00+00:00,0.2306,0.2311,0.2291,0.2303,735836.5391182003
2026-01-10 16:00:00+00:00,0.2303,0.23305,0.2293,0.2295,241810.25331939
2026-01-10 17:00:00+00:00,0.2296,0.2303,0.2276,0.2276,180296.07431000005
2026-01-10 18:00:00+00:00,0.2279,0.22988,0.2273,0.2284,48054.96786593
2026-01-10 19:00:00+00:00,0.2285,0.2304,0.2285,0.2303,63068.78778407
2026-01-10 20:00:00+00:00,0.2303,0.23313,0.2288,0.2293,245215.18407294995
2026-01-10 21:00:00+00:00,0.2288,0.22967,0.2282,0.2282,168961.00832241002
2026-01-10 22:00:00+00:00,0.2283,0.22884,0.2257,0.2257,110547.43862631996
2026-01-10 23:00:00+00:00,0.2257,0.2277,0.2257,0.2268,186473.31335
2026-01-11 00:00:00+00:00,0.2269,0.22815,0.2264,0.2274,137795.4084449399
2026-01-11 01:00:00+00:00,0.2273,0.2281,0.2265,0.2279,198257.39195999995
2026-01-11 02:00:00+00:00,0.228,0.2288,0.2275,0.2281,131712.55236
2026-01-11 03:00:00+00:00,0.2281,0.2288,0.2279,0.2283,139322.25022000005
2026-01-11 04:00:00+00:00,0.2281,0.2284,0.2271,0.2278,206263.30511
2026-01-11 05:00:00+00:00,0.2279,0.2285,0.2272,0.2282,497252.3825400002
2026-01-11 06:00:00+00:00,0.2283,0.2287,0.2269,0.2286,99030.1296
2026-01-11 07:00:00+00:00,0.2285,0.2293,0.228,0.2292,224503.99349
2026-01-11 08:00:00+00:00,0.2292,0.2299,0.2284,0.2293,211992.98649241004
2026-01-11 09:00:00+00:00,0.2293,0.2309,0.2293,0.2303,90060.91621294997
2026-01-11 10:00:00+00:00,0.2302,0.23139,0.2301,0.2309,122939.03099822004
2026-01-11 11:00:00+00:00,0.2307,0.2314,0.2302,0.2313,120788.38365000002
2026-01-11 12:00:00+00:00,0.2313,0.2337,0.23017,0.233,628361.01973019
2026-01-11 13:00:00+00:00,0.2329,0.23422,0.232,0.2321,626265.1917988502
2026-01-11 14:00:00+00:00,0.2321,0.2352,0.232,0.2348,259287.78149657
2026-01-11 15:00:00+00:00,0.2348,0.2351,0.231,0.2319,271439.6861226701
2026-01-11 16:00:00+00:00,0.232,0.2368,0.2315,0.2333,606402.2408911203
2026-01-11 17:00:00+00:00,0.2334,0.2343,0.2313,0.2333,188155.83106336
2026-01-11 18:00:00+00:00,0.2334,0.2334,0.2313,0.2323,151987.55781804002
2026-01-11 19:00:00+00:00,0.2323,0.2331,0.2302,0.2309,201128.96407957
2026-01-11 20:00:00+00:00,0.2308,0.23133,0.2266,0.229,1023160.4192077796
2026-01-11 21:00:00+00:00,0.2288,0.2301,0.227,0.2296,233980.6505400001
2026-01-11 22:00:00+00:00,0.2295,0.2295,0.2255,0.2262,234208.12121119
2026-01-11 23:00:00+00:00,0.2261,0.2288,0.2234,0.228,1103027.4310481497
2026-01-12 00:00:00+00:00,0.2281,0.2299,0.2252,0.2292,289782.5283
2026-01-12 01:00:00+00:00,0.2294,0.2322,0.229,0.2303,671197.0679719101
2026-01-12 02:00:00+00:00,0.2304,0.23626,0.2303,0.2355,388176.9048433303
2026-01-12 03:00:00+00:00,0.2355,0.2364,0.2316,0.2316,324464.59351843
2026-01-12 04:00:00+00:00,0.2318,0.23346,0.231,0.2328,90245.16427067998
2026-01-12 05:00:00+00:00,0.2326,0.2335,0.2315,0.2318,266054.38810412
2026-01-12 06:00:00+00:00,0.2319,0.2322,0.2297,0.2302,146019.15014985006
2026-01-12 07:00:00+00:00,0.2302,0.2317,0.2269,0.2271,844143.1395860604
2026-01-12 08:00:00+00:00,0.2269,0.2282,0.2228,0.2247,434304.29415437
2026-01-12 09:00:00+00:00,0.2247,0.2251,0.2232,0.2237,595384.1098699999
2026-01-12 10:00:00+00:00,0.2238,0.225,0.22164,0.223,295094.19876600004
2026-01-12 11:00:00+00:00,0.223,0.2252,0.223,0.2243,320552.04330558004
2026-01-12 12:00:00+00:00,0.2242,0.2248,0.223,0.2231,609778.9087637501
2026-01-12 13:00:00+00:00,0.223,0.2235,0.22,0.2208,483419.93634168
2026-01-12 14:00:00+00:00,0.2206,0.22301,0.2178,0.2211,2576489.6604699693
2026-01-12 15:00:00+00:00,0.221,0.2234,0.2199,0.2222,392882.02052000014
2026-01-12 16:00:00+00:00,0.2224,0.22622,0.2212,0.2233,255560.88611111
2026-01-12 17:00:00+00:00,0.2234,0.2244,0.21827,0.2197,627952.7311502802
2026-01-12 18:00:00+00:00,0.21936,0.222,0.219,0.2201,669594.1514437597
2026-01-12 19:00:00+00:00,0.2199,0.2208,0.2186,0.2196,188794.11283
2026-01-12 20:00:00+00:00,0.2196,0.2212,0.2167,0.2175,601450.3808
2026-01-12 21:00:00+00:00,0.2172,0.2178,0.2136,0.2148,409158.3347499999
2026-01-12 22:00:00+00:00,0.2148,0.2163,0.2145,0.2149,1100785.3173999998
2026-01-12 23:00:00+00:00,0.2148,0.2148,0.2131,0.2136,427928.98576000007
2026-01-13 00:00:00+00:00,0.2136,0.2149,0.2127,0.2149,275867.1252990001
2026-01-13 01:00:00+00:00,0.2147,0.2156,0.2129,0.2136,143526.63463
2026-01-13 02:00:00+00:00,0.2137,0.2156,0.2137,0.2138,168741.36979000003
2026-01-13 03:00:00+00:00,0.2136,0.2147,0.2128,0.2146,546032.7095528297
2026-01-13 04:00:00+00:00,0.2146,0.2154,0.2135,0.2154,192062.50919843005
2026-01-13 05:00:00+00:00,0.2155,0.221,0.2155,0.2193,1205792.0786663403
2026-01-13 06:00:00+00:00,0.2194,0.2217,0.2188,0.2217,349200.39221
2026-01-13 07:00:00+00:00,0.2216,0.2216,0.2193,0.2199,190897.37029335005
2026-01-13 08:00:00+00:00,0.2198,0.221,0.218,0.2204,210989.08646
2026-01-13 09:00:00+00:00,0.2205,0.2214,0.21826,0.2199,608317.0175585999
2026-01-13 10:00:00+00:00,0.22,0.2207,0.2182,0.2192,541625.4652952398
2026-01-13 11:00:00+00:00,0.2192,0.2214,0.2191,0.2201,245075.05413
2026-01-13 12:00:00+00:00,0.2204,0.2233,0.2197,0.2225,419392.4747080399
2026-01-13 13:00:00+00:00,0.2226,0.22512,0.2215,0.2235,1015440.6080500204
2026-01-13 14:00:00+00:00,0.2236,0.2268,0.222,0.2244,949367.38114
2026-01-13 15:00:00+00:00,0.2243,0.226,0.2207,0.2258,656376.49039994
2026-01-13 16:00:00+00:00,0.2258,0.2271,0.2233,0.2255,945927.6193842904
2026-01-13 17:00:00+00:00,0.2255,0.2258,0.2213,0.2229,656244.61748418
2026-01-13 18:00:00+00:00,0.2226,0.2279,0.2225,0.2266,1059885.99780944
2026-01-13 19:00:00+00:00,0.2267,0.2295,0.2252,0.228,367993.39152635
2026-01-13 20:00:00+00:00,0.2283,0.229,0.22462,0.2265,619037.0333400097
2026-01-13 21:00:00+00:00,0.2264,0.22988,0.2264,0.2283,666607.4692025798
2026-01-13 22:00:00+00:00,0.2285,0.2435,0.2284,0.2417,4549976.6443988
2026-01-13 23:00:00+00:00,0.2418,0.2437,0.2385,0.2404,1368414.3404119804
2026-01-14 00:00:00+00:00,0.2405,0.24326,0.239,0.2419,651029.5788251698
2026-01-14 01:00:00+00:00,0.2419,0.2441,0.2413,0.2424,649720.49028666
2026-01-14 02:00:00+00:00,0.2424,0.2445,0.2402,0.2405,570578.7717206703
2026-01-14 03:00:00+00:00,0.2405,0.244,0.2393,0.2438,351932.70303892007
2026-01-14 04:00:00+00:00,0.2438,0.2443,0.24146,0.2436,805402.6466291301
2026-01-14 05:00:00+00:00,0.2436,0.2444,0.24146,0.2422,934209.1066863496
2026-01-14 06:00:00+00:00,0.2419,0.2498,0.24003,0.2476,2799740.826066979
2026-01-14 07:00:00+00:00,0.2475,0.249,0.2439,0.2458,1244813.1865131296
2026-01-14 08:00:00+00:00,0.2457,0.2539,0.2456,0.2483,2121770.73118072
2026-01-14 09:00:00+00:00,0.2482,0.2485,0.2443,0.2452,1059482.1121059
2026-01-14 10:00:00+00:00,0.2452,0.2456,0.24108,0.2418,599913.78032192
2026-01-14 11:00:00+00:00,0.2419,0.2419,0.2384,0.239,710916.9925524399
2026-01-14 12:00:00+00:00,0.2391,0.2427,0.2385,0.2389,254302.93193041
2026-01-14 13:00:00+00:00,0.2388,0.2388,0.2352,0.2355,936940.96088879
2026-01-14 14:00:00+00:00,0.2355,0.2436,0.2355,0.2416,1198726.3502184704
2026-01-14 15:00:00+00:00,0.2416,0.24706,0.24,0.2429,1193467.9860200295
2026-01-14 16:00:00+00:00,0.243,0.24956,0.24291,0.2447,2495141.28241569
2026-01-14 17:00:00+00:00,0.2445,0.24802,0.24074,0.2414,1465742.2913222106
2026-01-14 18:00:00+00:00,0.2413,0.2424,0.23599,0.2385,1531643.0807114302
2026-01-14 19:00:00+00:00,0.2384,0.2445,0.23789,0.2417,1543871.5520508902
2026-01-14 20:00:00+00:00,0.2418,0.2449,0.23964,0.2421,649840.26203669
2026-01-14 21:00:00+00:00,0.2421,0.2431,0.2396,0.2408,634828.51377718
2026-01-14 22:00:00+00:00,0.2406,0.2409,0.2368,0.2379,901699.3706394394
2026-01-14 23:00:00+00:00,0.2378,0.2407,0.23719,0.2376,1111161.6758438402
2026-01-15 00:00:00+00:00,0.2374,0.2377,0.2342,0.2354,806651.1439675802
2026-01-15 01:00:00+00:00,0.2355,0.2374,0.23368,0.2347,771775.3815768899
2026-01-15 02:00:00+00:00,0.2348,0.2358,0.2323,0.2329,595808.9170223096
2026-01-15 03:00:00+00:00,0.2332,0.2337,0.227,0.2276,3872787.521348184
2026-01-15 04:00:00+00:00,0.2276,0.23035,0.2274,0.2298,1062612.1210937
2026-01-15 05:00:00+00:00,0.2298,0.2321,0.2298,0.2311,429690.51054822
2026-01-15 06:00:00+00:00,0.2309,0.2322,0.22936,0.23,331074.21424784
2026-01-15 07:00:00+00:00,0.2301,0.2335,0.2301,0.2328,223633.9731449301
2026-01-15 08:00:00+00:00,0.2326,0.2333,0.2317,0.2332,189616.69447651
2026-01-15 09:00:00+00:00,0.233,0.2368,0.2319,0.2357,346830.9400475
2026-01-15 10:00:00+00:00,0.2356,0.2365,0.2338,0.2338,214052.6396746
2026-01-15 11:00:00+00:00,0.23368,0.2345,0.2323,0.233,363831.4419037299
2026-01-15 12:00:00+00:00,0.2329,0.2348,0.2329,0.2346,203924.55086018008
2026-01-15 13:00:00+00:00,0.2345,0.2356,0.2334,0.2341,290263.58822174993
2026-01-15 14:00:00+00:00,0.234,0.2343,0.2288,0.2305,990762.5761507802
2026-01-15 15:00:00+00:00,0.2303,0.2315,0.223,0.2282,1133096.67449283
2026-01-15 16:00:00+00:00,0.2278,0.23182,0.2255,0.2287,546132.9244097603
2026-01-15 17:00:00+00:00,0.2287,0.2298,0.22543,0.2262,568841.45759575
2026-01-15 18:00:00+00:00,0.2263,0.2269,0.2224,0.2226,623843.6678055901
2026-01-15 19:00:00+00:00,0.2225,0.22297,0.2202,0.2224,406456.6881206597
2026-01-15 20:00:00+00:00,0.2223,0.22408,0.2204,0.2213,908881.2968024804
2026-01-15 21:00:00+00:00,0.2213,0.22408,0.2213,0.2224,273023.75914435
2026-01-15 22:00:00+00:00,0.2224,0.2243,0.2222,0.2239,334219.6872291
2026-01-15 23:00:00+00:00,0.2238,0.2244,0.223,0.2241,190314.99595
2026-01-16 00:00:00+00:00,0.2242,0.2247,0.2238,0.2239,106831.57278000002
2026-01-16 01:00:00+00:00,0.2239,0.2247,0.2233,0.2237,162313.96712999998
2026-01-16 02:00:00+00:00,0.2236,0.2238,0.2214,0.2237,620742.3348199998
2026-01-16 03:00:00+00:00,0.2238,0.2239,0.2221,0.2224,289819.7627
2026-01-16 04:00:00+00:00,0.2224,0.2234,0.2197,0.2206,362329.9679583201
2026-01-16 05:00:00+00:00,0.2206,0.2239,0.2204,0.2232,243857.89969450995
2026-01-16 06:00:00+00:00,0.2231,0.2241,0.2226,0.2237,133347.93321547
2026-01-16 07:00:00+00:00,0.2235,0.2235,0.2219,0.2222,185225.44976
2026-01-16 08:00:00+00:00,0.2221,0.2236,0.2221,0.2229,177318.41779000004
2026-01-16 09:00:00+00:00,0.2227,0.2234,0.222,0.223,175049.68241
2026-01-16 10:00:00+00:00,0.2228,0.223,0.222,0.2221,80541.67364
2026-01-16 11:00:00+00:00,0.2222,0.2228,0.2214,0.2227,98161.68804
2026-01-16 12:00:00+00:00,0.2227,0.2228,0.2214,0.2219,141101.47264999998
2026-01-16 13:00:00+00:00,0.2217,0.22344,0.2198,0.2203,502851.12221
2026-01-16 14:00:00+00:00,0.2203,0.22344,0.22,0.2202,259950.9806243
2026-01-16 15:00:00+00:00,0.22,0.22106,0.2132,0.2151,1152671.8765422706
2026-01-16 16:00:00+00:00,0.215,0.21988,0.2145,0.2164,771554.8843726304
2026-01-16 17:00:00+00:00,0.2164,0.2175,0.2147,0.2175,189773.28142
2026-01-16 18:00:00+00:00,0.2175,0.2181,0.2169,0.2173,329723.05584000004
2026-01-16 19:00:00+00:00,0.2172,0.2177,0.2156,0.2169,291650.44022000016
2026-01-16 20:00:00+00:00,0.2167,0.2221,0.216,0.222,328331.79017171985
2026-01-16 21:00:00+00:00,0.2221,0.22477,0.221,0.2217,482672.66554561007
2026-01-16 22:00:00+00:00,0.2218,0.22477,0.2211,0.2218,242043.82982898
2026-01-16 23:00:00+00:00,0.2219,0.22477,0.2208,0.2212,416199.05836835
2026-01-17 00:00:00+00:00,0.2212,0.2214,0.2199,0.2203,215541.83851
2026-01-17 01:00:00+00:00,0.2202,0.2238,0.2202,0.2217,233811.90533931
2026-01-17 02:00:00+00:00,0.2217,0.22191,0.2194,0.2199,264739.92574896
2026-01-17 03:00:00+00:00,0.2199,0.22061,0.2193,0.2196,127957.60668247
2026-01-17 04:00:00+00:00,0.2195,0.22061,0.2187,0.2197,148312.02281328998
2026-01-17 05:00:00+00:00,0.2197,0.2205,0.2197,0.2199,102143.55401999998
2026-01-17 06:00:00+00:00,0.2198,0.22099,0.21925,0.2197,147691.27564624004
2026-01-17 07:00:00+00:00,0.2196,0.2201,0.219,0.2194,71042.56137000001
2026-01-17 08:00:00+00:00,0.2193,0.222,0.2193,0.222,209436.7371381899
2026-01-17 09:00:00+00:00,0.2219,0.2225,0.2214,0.2219,160435.53902
2026-01-17 10:00:00+00:00,0.2219,0.2233,0.221,0.2212,291761.82719294005
2026-01-17 11:00:00+00:00,0.2211,0.2211,0.2198,0.22,152799.65972
2026-01-17 12:00:00+00:00,0.2198,0.22354,0.21945,0.2208,290506.18659045
2026-01-17 13:00:00+00:00,0.2208,0.2216,0.22,0.2214,264141.65528
2026-01-17 14:00:00+00:00,0.2213,0.223,0.2207,0.2229,205221.79258000007
2026-01-17 15:00:00+00:00,0.2229,0.2239,0.2222,0.2238,375933.19386
2026-01-17 16:00:00+00:00,0.2236,0.224,0.2201,0.2209,401901.97948
2026-01-17 17:00:00+00:00,0.2209,0.222,0.2206,0.2217,324665.1004500001
2026-01-17 18:00:00+00:00,0.2218,0.2222,0.2204,0.2219,890741.6026900001
2026-01-17 19:00:00+00:00,0.2219,0.2224,0.2213,0.2219,432833.7157399999
2026-01-17 20:00:00+00:00,0.2219,0.2222,0.2209,0.2211,141812.73868
2026-01-17 21:00:00+00:00,0.221,0.221,0.22,0.2206,314754.0297800001
2026-01-17 22:00:00+00:00,0.2205,0.2206,0.2175,0.2188,681881.13512876
2026-01-17 23:00:00+00:00,0.2187,0.2193,0.2186,0.2189,221289.97472000003
2026-01-18 00:00:00+00:00,0.2189,0.22227,0.2183,0.2191,587911.81084274
2026-01-18 01:00:00+00:00,0.2191,0.2192,0.2172,0.2177,232042.6019400001
2026-01-18 02:00:00+00:00,0.2178,0.22118,0.2166,0.2174,198330.0872093701
2026-01-18 03:00:00+00:00,0.2174,0.2191,0.2172,0.2182,58997.34357
2026-01-18 04:00:00+00:00,0.218,0.21964,0.2171,0.218,117799.66604652
2026-01-18 05:00:00+00:00,0.2179,0.2181,0.2171,0.2178,267948.73659999995
2026-01-18 06:00:00+00:00,0.2176,0.21964,0.2171,0.2174,240428.13977485
2026-01-18 07:00:00+00:00,0.2174,0.2174,0.2155,0.216,456212.48718000005
2026-01-18 08:00:00+00:00,0.216,0.21735,0.2155,0.2161,254441.69131087
2026-01-18 09:00:00+00:00,0.2159,0.2166,0.2153,0.2165,710129.4608666402
2026-01-18 10:00:00+00:00,0.2164,0.21928,0.2155,0.2169,359209.08015381
2026-01-18 11:00:00+00:00,0.2168,0.2175,0.216,0.2162,481589.47229
2026-01-18 12:00:00+00:00,0.2163,0.2168,0.2152,0.2154,395183.96371578
2026-01-18 13:00:00+00:00,0.2153,0.21634,0.2139,0.2153,589913.5233314899
2026-01-18 14:00:00+00:00,0.2153,0.21782,0.2138,0.2139,236442.61461644003
2026-01-18 15:00:00+00:00,0.2142,0.2161,0.2135,0.2159,185187.8153
2026-01-18 16:00:00+00:00,0.2159,0.2173,0.2156,0.2161,129708.37845984004
2026-01-18 17:00:00+00:00,0.216,0.2287,0.2153,0.2167,1802363.9966400007
2026-01-18 18:00:00+00:00,0.2165,0.2194,0.21617,0.2186,1532054.8241897111
2026-01-18 19:00:00+00:00,0.2188,0.2191,0.2156,0.216,172696.63526
2026-01-18 20:00:00+00:00,0.216,0.218,0.2154,0.2165,430040.9183732801
2026-01-18 21:00:00+00:00,0.2168,0.2175,0.2165,0.2172,144248.66305
2026-01-18 22:00:00+00:00,0.2172,0.2189,0.217,0.2179,250701.10860989004
2026-01-18 23:00:00+00:00,0.2179,0.2179,0.2034,0.2042,3355316.2672072914
2026-01-19 00:00:00+00:00,0.2041,0.2041,0.1777,0.1929,6080002.273301498
2026-01-19 01:00:00+00:00,0.1929,0.1966,0.1923,0.1955,744518.8226900003
2026-01-19 02:00:00+00:00,0.1953,0.1968,0.1951,0.1962,321180.11618443
2026-01-19 03:00:00+00:00,0.1961,0.1965,0.1952,0.1959,260264.96732812
2026-01-19 04:00:00+00:00,0.1958,0.1965,0.1943,0.1943,647334.35397294
2026-01-19 05:00:00+00:00,0.1943,0.1948,0.1932,0.1941,626883.4687827001
2026-01-19 06:00:00+00:00,0.1941,0.19693,0.1926,0.1929,456342.0237567101
2026-01-19 07:00:00+00:00,0.1931,0.195,0.1929,0.1948,472895.39687
2026-01-19 08:00:00+00:00,0.1946,0.19692,0.1943,0.1951,350731.01195922
2026-01-19 09:00:00+00:00,0.1948,0.1969,0.19381,0.1941,242257.35299329
2026-01-19 10:00:00+00:00,0.1942,0.195,0.1937,0.1939,201001.53113
2026-01-19 11:00:00+00:00,0.194,0.1943,0.1933,0.1936,290722.32348
2026-01-19 12:00:00+00:00,0.1933,0.1938,0.1918,0.1932,395552.61057039007
2026-01-19 13:00:00+00:00,0.1933,0.1941,0.1928,0.1933,308727.88238000014
2026-01-19 14:00:00+00:00,0.1933,0.1939,0.192,0.1929,497564.71418020007
2026-01-19 15:00:00+00:00,0.193,0.194,0.1924,0.193,232588.03676
2026-01-19 16:00:00+00:00,0.1929,0.1957,0.19242,0.1947,298455.33399692003
2026-01-19 17:00:00+00:00,0.1947,0.19732,0.193,0.1933,422876.9532898099
2026-01-19 18:00:00+00:00,0.1933,0.1936,0.1918,0.1936,570014.1599799999
2026-01-19 19:00:00+00:00,0.1935,0.19492,0.1932,0.194,262255.40720312
2026-01-19 20:00:00+00:00,0.1941,0.19492,0.1934,0.1942,425850.862078
2026-01-19 21:00:00+00:00,0.1941,0.1946,0.19262,0.1932,380333.72414089006
2026-01-19 22:00:00+00:00,0.1932,0.1935,0.1913,0.1913,464914.71643999993
2026-01-19 23:00:00+00:00,0.1917,0.1964,0.1917,0.1946,835388.4930585999
2026-01-20 00:00:00+00:00,0.1948,0.1949,0.1927,0.193,390877.57795053
2026-01-20 01:00:00+00:00,0.1929,0.19502,0.192,0.1933,161208.49796342006
2026-01-20 02:00:00+00:00,0.1933,0.1938,0.1921,0.193,297368.7940213399
2026-01-20 03:00:00+00:00,0.1931,0.1932,0.1907,0.1913,699599.9308698301
2026-01-20 04:00:00+00:00,0.1913,0.19401,0.1905,0.1912,472722.9224897898
2026-01-20 05:00:00+00:00,0.1913,0.1926,0.1903,0.192,313734.13649248006
2026-01-20 06:00:00+00:00,0.1919,0.19316,0.1887,0.19,748452.2942872699
2026-01-20 07:00:00+00:00,0.1899,0.1902,0.1883,0.1883,395389.06236341
2026-01-20 08:00:00+00:00,0.1885,0.1885,0.1848,0.1866,1573103.55808023
2026-01-20 09:00:00+00:00,0.1867,0.18823,0.1858,0.1867,581079.2742126801
2026-01-20 10:00:00+00:00,0.1865,0.1892,0.1864,0.1876,725246.4467383
2026-01-20 11:00:00+00:00,0.1875,0.1887,0.1848,0.1851,1795379.6584210906
2026-01-20 12:00:00+00:00,0.1852,0.1879,0.1847,0.1879,926613.0128836696
2026-01-20 13:00:00+00:00,0.1849,0.18573,0.1817,0.1823,968366.9281859398
2026-01-20 14:00:00+00:00,0.1825,0.1881,0.1825,0.1861,3307634.419023681
2026-01-20 15:00:00+00:00,0.1861,0.1863,0.1827,0.1841,2713597.1064698915
2026-01-20 16:00:00+00:00,0.1841,0.18563,0.181,0.1824,1910235.5101978008
2026-01-20 17:00:00+00:00,0.1823,0.18599,0.1804,0.1816,1826630.2706235896
2026-01-20 18:00:00+00:00,0.1818,0.1824,0.1802,0.1807,796488.7796599999
2026-01-20 19:00:00+00:00,0.1809,0.18238,0.18065,0.1812,213728.41073377995
2026-01-20 20:00:00+00:00,0.1812,0.18522,0.1806,0.1831,568773.6153737598
2026-01-20 21:00:00+00:00,0.1832,0.18365,0.181,0.18365,653044.3287096901
2026-01-20 22:00:00+00:00,0.181,0.18295,0.1771,0.1799,696911.5630090301
2026-01-20 23:00:00+00:00,0.1799,0.18,0.1789,0.1793,615749.1196300002
2026-01-21 00:00:00+00:00,0.1794,0.1823,0.1792,0.1823,452478.47157969
2026-01-21 01:00:00+00:00,0.1822,0.1835,0.1787,0.1809,9645573.688629998
2026-01-21 02:00:00+00:00,0.181,0.1824,0.1808,0.1824,805108.08113
2026-01-21 03:00:00+00:00,0.1824,0.1835,0.1823,0.1824,386575.9115068499
2026-01-21 04:00:00+00:00,0.1825,0.1848,0.18226,0.1842,667577.6903146898
2026-01-21 05:00:00+00:00,0.1842,0.1843,0.1834,0.184,293451.1380300001
2026-01-21 06:00:00+00:00,0.1841,0.18552,0.1824,0.1827,445282.1570747501
2026-01-21 07:00:00+00:00,0.1827,0.1834,0.1814,0.1816,538891.6078687098
2026-01-21 08:00:00+00:00,0.1816,0.1823,0.1803,0.1813,360282.75142999995
2026-01-21 09:00:00+00:00,0.1813,0.18347,0.1804,0.181,274421.50890014
2026-01-21 10:00:00+00:00,0.181,0.1819,0.1798,0.18,529340.5244100001
2026-01-21 11:00:00+00:00,0.18,0.18232,0.1774,0.178,515484.38423896994
2026-01-21 12:00:00+00:00,0.1778,0.1782,0.1754,0.1778,801580.7787599999
2026-01-21 13:00:00+00:00,0.1778,0.1785,0.1744,0.1745,1092914.5960207602
2026-01-21 14:00:00+00:00,0.1745,0.1808,0.1745,0.1805,1427996.1406287104
2026-01-21 15:00:00+00:00,0.1803,0.1815,0.1781,0.1801,732351.3029773898
2026-01-21 16:00:00+00:00,0.1801,0.1802,0.1725,0.173,1673324.8044466898
2026-01-21 17:00:00+00:00,0.1731,0.1749,0.1708,0.1729,2041407.28807
2026-01-21 18:00:00+00:00,0.1729,0.1746,0.172,0.1736,2140405.0618100003
2026-01-21 19:00:00+00:00,0.1736,0.18591,0.173,0.1829,3155675.79257996
2026-01-21 20:00:00+00:00,0.1828,0.1831,0.1793,0.1822,1044078.56155322
2026-01-21 21:00:00+00:00,0.1823,0.1839,0.1817,0.1824,301762.36419000005
2026-01-21 22:00:00+00:00,0.1824,0.18424,0.1802,0.1802,501292.87462262006
2026-01-21 23:00:00+00:00,0.1803,0.18241,0.1781,0.1788,776769.7003659201
2026-01-22 00:00:00+00:00,0.1789,0.1814,0.1788,0.1801,355910.4879592599
2026-01-22 01:00:00+00:00,0.1802,0.1815,0.1801,0.1807,245657.05235999989
2026-01-22 02:00:00+00:00,0.1807,0.1811,0.1797,0.1799,433741.92356274015
2026-01-22 03:00:00+00:00,0.1799,0.1813,0.1788,0.1796,317180.44275
2026-01-22 04:00:00+00:00,0.1796,0.1819,0.1792,0.1795,405546.20002624
2026-01-22 05:00:00+00:00,0.1795,0.18,0.1783,0.1788,1110007.18293207
2026-01-22 06:00:00+00:00,0.1789,0.17995,0.1777,0.1792,439926.9619538901
2026-01-22 07:00:00+00:00,0.1793,0.1793,0.1762,0.1765,841435.82297
2026-01-22 08:00:00+00:00,0.1765,0.1784,0.1757,0.178,399691.9448881401
2026-01-22 09:00:00+00:00,0.1779,0.1793,0.1778,0.1789,434843.93582
2026-01-22 10:00:00+00:00,0.179,0.1792,0.1783,0.1788,424828.3210500001
2026-01-22 11:00:00+00:00,0.1787,0.1787,0.1771,0.1773,289251.66172999993
2026-01-22 12:00:00+00:00,0.1772,0.1775,0.1769,0.1775,493141.2699799999
2026-01-22 13:00:00+00:00,0.1775,0.1784,0.17558,0.1762,456279.73782066006
2026-01-22 14:00:00+00:00,0.1761,0.1764,0.1735,0.1742,727599.5383100001
2026-01-22 15:00:00+00:00,0.1741,0.1751,0.1717,0.1736,479368.12086
2026-01-22 16:00:00+00:00,0.1735,0.1757,0.1728,0.175,371941.6671240401
2026-01-22 17:00:00+00:00,0.1752,0.17766,0.1735,0.1753,775243.1296795199
2026-01-22 18:00:00+00:00,0.1752,0.1752,0.1732,0.1732,546182.50217695
2026-01-22 19:00:00+00:00,0.1732,0.17488,0.1726,0.174,396622.5593530399
2026-01-22 20:00:00+00:00,0.174,0.17509,0.1723,0.1733,408932.76748344
2026-01-22 21:00:00+00:00,0.1734,0.17511,0.1731,0.1742,178549.38798521995
2026-01-22 22:00:00+00:00,0.1742,0.1749,0.1732,0.174,399378.09134
2026-01-22 23:00:00+00:00,0.1739,0.1751,0.1729,0.1751,378583.91286
2026-01-23 00:00:00+00:00,0.1751,0.1752,0.1742,0.175,264183.41743999993
2026-01-23 01:00:00+00:00,0.1752,0.1772,0.1752,0.177,403023.25075
2026-01-23 02:00:00+00:00,0.1769,0.1776,0.1767,0.1772,506450.64617
2026-01-23 03:00:00+00:00,0.1771,0.1791,0.1771,0.1788,1546551.20808
2026-01-23 04:00:00+00:00,0.1789,0.1794,0.1782,0.1789,796542.8214599999
2026-01-23 05:00:00+00:00,0.1789,0.1796,0.1785,0.1796,285894.97709
2026-01-23 06:00:00+00:00,0.1795,0.18234,0.1778,0.1778,492430.5491000001
2026-01-23 07:00:00+00:00,0.178,0.1797,0.178,0.1792,489701.99938
2026-01-23 08:00:00+00:00,0.1792,0.1793,0.1759,0.1767,441510.7459915499
2026-01-23 09:00:00+00:00,0.1768,0.17872,0.1764,0.1768,344449.9421021799
2026-01-23 10:00:00+00:00,0.1769,0.17872,0.1762,0.1767,1127688.8717653905
2026-01-23 11:00:00+00:00,0.1766,0.1775,0.1766,0.1771,197918.63793
2026-01-23 12:00:00+00:00,0.1769,0.1769,0.1755,0.1762,440351.0747
2026-01-23 13:00:00+00:00,0.1762,0.1775,0.1761,0.1768,266862.2454699999
2026-01-23 14:00:00+00:00,0.1769,0.1772,0.1718,0.1731,683263.2104094201
2026-01-23 15:00:00+00:00,0.1732,0.1771,0.1719,0.1765,556011.9923126202
2026-01-23 16:00:00+00:00,0.1766,0.179,0.1747,0.1774,330249.00953
2026-01-23 17:00:00+00:00,0.1774,0.18177,0.1757,0.1788,1166377.69696
2026-01-23 18:00:00+00:00,0.1787,0.1801,0.178,0.1784,460155.28089999984
2026-01-23 19:00:00+00:00,0.1783,0.1783,0.1747,0.1754,638813.50705584
2026-01-23 20:00:00+00:00,0.1753,0.1757,0.1727,0.1738,336189.97252
2026-01-23 21:00:00+00:00,0.1738,0.1754,0.1738,0.1743,220263.32864629
2026-01-23 22:00:00+00:00,0.1743,0.1758,0.1743,0.1757,359444.68685000006
2026-01-23 23:00:00+00:00,0.1756,0.1756,0.1748,0.1753,373758.72344
2026-01-24 00:00:00+00:00,0.1751,0.1758,0.1747,0.1747,401822.18513
2026-01-24 01:00:00+00:00,0.1747,0.1756,0.1744,0.1756,287776.63473999995
2026-01-24 02:00:00+00:00,0.1756,0.176,0.1746,0.1748,420419.35192
2026-01-24 03:00:00+00:00,0.1748,0.1765,0.1746,0.1757,458104.23163000005
2026-01-24 04:00:00+00:00,0.1758,0.1767,0.1757,0.176,1043021.4243800008
2026-01-24 05:00:00+00:00,0.176,0.176,0.175,0.1757,120776.46389
2026-01-24 06:00:00+00:00,0.1758,0.1763,0.1755,0.1761,65350.52498
2026-01-24 07:00:00+00:00,0.176,0.1762,0.1752,0.1753,202305.47998
2026-01-24 08:00:00+00:00,0.1752,0.1767,0.175,0.1765,154379.8883238899
2026-01-24 09:00:00+00:00,0.1763,0.1763,0.1749,0.175,266444.64943999995
2026-01-24 10:00:00+00:00,0.175,0.1757,0.1748,0.1757,938213.6945345596
2026-01-24 11:00:00+00:00,0.175,0.1755,0.1748,0.1749,151725.92444
2026-01-24 12:00:00+00:00,0.1751,0.17734,0.175,0.1753,116046.49389109996
2026-01-24 13:00:00+00:00,0.1754,0.1755,0.1737,0.1737,256693.74005
2026-01-24 14:00:00+00:00,0.1736,0.1743,0.1734,0.1739,482949.50822
2026-01-24 15:00:00+00:00,0.1741,0.17493,0.1725,0.1728,646488.65616812
2026-01-24 16:00:00+00:00,0.1728,0.1753,0.1722,0.1739,559569.7441514902
2026-01-24 17:00:00+00:00,0.1739,0.17488,0.1732,0.1737,711482.7158199998
2026-01-24 18:00:00+00:00,0.1737,0.1753,0.1732,0.1736,352627.82761732995
2026-01-24 19:00:00+00:00,0.1736,0.1737,0.1732,0.1732,169065.53651999997
2026-01-24 20:00:00+00:00,0.1733,0.1743,0.1733,0.1743,186384.16344
2026-01-24 21:00:00+00:00,0.1743,0.1744,0.1738,0.1741,131432.21291
2026-01-24 22:00:00+00:00,0.1741,0.1747,0.1738,0.1743,226900.26367
2026-01-24 23:00:00+00:00,0.1744,0.1744,0.1735,0.1738,168536.44363
2026-01-25 00:00:00+00:00,0.1739,0.1753,0.1733,0.1753,282169.8557825299
2026-01-25 01:00:00+00:00,0.1745,0.1748,0.1734,0.1735,130623.15164
2026-01-25 02:00:00+00:00,0.1737,0.17524,0.1731,0.17524,264453.10782056005
2026-01-25 03:00:00+00:00,0.1734,0.1735,0.1712,0.172,958683.0003000002
2026-01-25 04:00:00+00:00,0.1719,0.17506,0.1717,0.1727,151684.44266834
2026-01-25 05:00:00+00:00,0.1727,0.1733,0.1724,0.1733,117482.19428
2026-01-25 06:00:00+00:00,0.1731,0.17393,0.1724,0.17393,215888.38453937
2026-01-25 07:00:00+00:00,0.1726,0.1726,0.1717,0.172,212896.1333700001
2026-01-25 08:00:00+00:00,0.1722,0.1727,0.1703,0.1711,630877.9111499999
2026-01-25 09:00:00+00:00,0.171,0.1735,0.1709,0.1726,384410.7236
2026-01-25 10:00:00+00:00,0.1728,0.1738,0.1726,0.1732,200773.07411
2026-01-25 11:00:00+00:00,0.1748,0.1753,0.1717,0.172,67658.06786849999
2026-01-25 12:00:00+00:00,0.1718,0.172,0.171,0.1718,358303.98186859
2026-01-25 13:00:00+00:00,0.1718,0.17299,0.1711,0.1719,116338.19226789
2026-01-25 14:00:00+00:00,0.172,0.172,0.1686,0.1696,1092030.9856400003
2026-01-25 15:00:00+00:00,0.1696,0.1698,0.1682,0.1686,356242.7289700003
2026-01-25 16:00:00+00:00,0.1685,0.1685,0.1635,0.1656,2158628.34666936
2026-01-25 17:00:00+00:00,0.1657,0.16845,0.1652,0.16845,530291.6840551299
2026-01-25 18:00:00+00:00,0.1654,0.1657,0.1629,0.164,1548925.97702116
2026-01-25 19:00:00+00:00,0.1638,0.1643,0.1589,0.16,1790498.6750211404
2026-01-25 20:00:00+00:00,0.1599,0.16342,0.1599,0.1618,1124240.19677532
2026-01-25 21:00:00+00:00,0.1619,0.1631,0.1615,0.1623,362430.1988548802
2026-01-25 22:00:00+00:00,0.1624,0.1625,0.1604,0.1611,394358.0317470602
2026-01-25 23:00:00+00:00,0.161,0.1633,0.16019,0.1628,251144.31975439
2026-01-26 00:00:00+00:00,0.1629,0.1643,0.1624,0.1641,707578.67193
2026-01-26 01:00:00+00:00,0.1642,0.1674,0.1641,0.1666,510707.74883
2026-01-26 02:00:00+00:00,0.1665,0.1665,0.165,0.1655,311852.79384000006
2026-01-26 03:00:00+00:00,0.1656,0.1662,0.164,0.1644,266938.00912
2026-01-26 04:00:00+00:00,0.1645,0.1668,0.1645,0.166,201052.39941
2026-01-26 05:00:00+00:00,0.1661,0.1661,0.1654,0.1658,268315.5393199999
2026-01-26 06:00:00+00:00,0.1657,0.1664,0.165,0.1664,149676.15281
2026-01-26 07:00:00+00:00,0.1662,0.1671,0.166,0.1666,382927.34588
2026-01-26 08:00:00+00:00,0.1668,0.1684,0.1663,0.167,305616.8784599999
2026-01-26 09:00:00+00:00,0.167,0.167,0.1653,0.1654,243640.99594000005
2026-01-26 10:00:00+00:00,0.1655,0.1666,0.1655,0.166,181272.32133
2026-01-26 11:00:00+00:00,0.1661,0.1661,0.1653,0.1653,201737.93537
2026-01-26 12:00:00+00:00,0.1655,0.1661,0.165,0.1654,253824.45481000005
2026-01-26 13:00:00+00:00,0.1655,0.1668,0.1652,0.1664,572034.92288
2026-01-26 14:00:00+00:00,0.1664,0.1685,0.1651,0.1674,960723.19577
2026-01-26 15:00:00+00:00,0.1675,0.1694,0.1656,0.1666,659252.8899845601
2026-01-26 16:00:00+00:00,0.1667,0.1693,0.1659,0.1683,328833.87365078
2026-01-26 17:00:00+00:00,0.1683,0.1691,0.1667,0.1685,668885.3178599998
2026-01-26 18:00:00+00:00,0.1684,0.17151,0.1681,0.1698,622398.96612966
2026-01-26 19:00:00+00:00,0.1699,0.1705,0.169,0.1692,334182.95724160003
2026-01-26 20:00:00+00:00,0.1692,0.1694,0.1673,0.1677,492084.70675585
2026-01-26 21:00:00+00:00,0.1678,0.1708,0.1673,0.1702,844525.0682199999
2026-01-26 22:00:00+00:00,0.1703,0.1707,0.1695,0.1696,435097.38749726006
2026-01-26 23:00:00+00:00,0.1695,0.17,0.1687,0.1689,574378.63232
2026-01-27 00:00:00+00:00,0.1688,0.17081,0.168,0.1684,594372.0216550699
2026-01-27 01:00:00+00:00,0.1684,0.1701,0.1676,0.1696,2041067.6214600003
2026-01-27 02:00:00+00:00,0.1695,0.1701,0.1684,0.169,397443.33275496
2026-01-27 03:00:00+00:00,0.169,0.1694,0.1684,0.1686,310320.5146999999
2026-01-27 04:00:00+00:00,0.1685,0.17158,0.1685,0.1691,624734.5926049801
2026-01-27 05:00:00+00:00,0.1692,0.1693,0.1683,0.1686,264374.18618
2026-01-27 06:00:00+00:00,0.1687,0.169,0.1671,0.1673,483385.6532623
2026-01-27 07:00:00+00:00,0.1673,0.1686,0.1673,0.1681,185860.98977
2026-01-27 08:00:00+00:00,0.1688,0.17055,0.1676,0.1682,218920.47689728
2026-01-27 09:00:00+00:00,0.1679,0.168,0.1669,0.1669,308398.31173525995
2026-01-27 10:00:00+00:00,0.1672,0.1676,0.167,0.1672,95619.52586
2026-01-27 11:00:00+00:00,0.1672,0.1679,0.167,0.1672,154609.71673
2026-01-27 12:00:00+00:00,0.1672,0.1673,0.1662,0.1668,293124.2678899999
2026-01-27 13:00:00+00:00,0.1667,0.1675,0.166,0.1664,230561.26548
2026-01-27 14:00:00+00:00,0.1663,0.1683,0.1655,0.166,424396.0630800001
2026-01-27 15:00:00+00:00,0.1659,0.1683,0.1658,0.1681,260238.18673
2026-01-27 16:00:00+00:00,0.1682,0.1721,0.1681,0.1715,755366.04446121
2026-01-27 17:00:00+00:00,0.1716,0.1716,0.1666,0.167,688738.67659471
2026-01-27 18:00:00+00:00,0.1668,0.1711,0.1666,0.1703,416674.0249880799
2026-01-27 19:00:00+00:00,0.1703,0.1714,0.1695,0.1709,523630.6432915701
2026-01-27 20:00:00+00:00,0.171,0.1753,0.1709,0.1739,2280415.7564380704
2026-01-27 21:00:00+00:00,0.1739,0.1742,0.1719,0.1721,748815.2131214503
2026-01-27 22:00:00+00:00,0.1722,0.1743,0.1722,0.1737,567263.53468
2026-01-27 23:00:00+00:00,0.1737,0.17522,0.1735,0.1744,972313.40003257
2026-01-28 00:00:00+00:00,0.1744,0.1746,0.1729,0.1742,635314.0513899999
2026-01-28 01:00:00+00:00,0.174,0.1746,0.1726,0.1734,251444.92183473
2026-01-28 02:00:00+00:00,0.1735,0.1737,0.1727,0.1732,171564.3806599999
2026-01-28 03:00:00+00:00,0.1731,0.17504,0.1726,0.1728,282070.8275621999
2026-01-28 04:00:00+00:00,0.1727,0.1728,0.1717,0.1718,280312.81594
2026-01-28 05:00:00+00:00,0.172,0.1726,0.1712,0.172,306108.4261100002
2026-01-28 06:00:00+00:00,0.1722,0.1737,0.1722,0.1735,310957.92227688
2026-01-28 07:00:00+00:00,0.1737,0.174,0.1724,0.1727,318475.6216200001
2026-01-28 08:00:00+00:00,0.1726,0.17591,0.1721,0.1723,185326.05074149
2026-01-28 09:00:00+00:00,0.1723,0.1748,0.172,0.1745,483631.2400599999
2026-01-28 10:00:00+00:00,0.1746,0.17678,0.1736,0.174,413987.12461376
2026-01-28 11:00:00+00:00,0.1741,0.1762,0.174,0.1759,1141719.01011
2026-01-28 12:00:00+00:00,0.1758,0.176,0.1738,0.1741,711431.73054
2026-01-28 13:00:00+00:00,0.1741,0.1754,0.1741,0.1743,366672.4129
2026-01-28 14:00:00+00:00,0.1742,0.1744,0.1726,0.1734,215734.84811
2026-01-28 15:00:00+00:00,0.1734,0.174,0.1713,0.1726,235373.0309712299
2026-01-28 16:00:00+00:00,0.1725,0.1747,0.1706,0.1712,1066425.92230536
2026-01-28 17:00:00+00:00,0.1712,0.1737,0.1706,0.1728,558922.2125300001
2026-01-28 18:00:00+00:00,0.1728,0.17376,0.1709,0.1716,419725.16530046
2026-01-28 19:00:00+00:00,0.1714,0.1726,0.1705,0.1718,760360.8017776898
2026-01-28 20:00:00+00:00,0.1717,0.1744,0.1708,0.1712,640549.97193157
2026-01-28 21:00:00+00:00,0.1714,0.1726,0.1699,0.1721,1206789.9536799998
2026-01-28 22:00:00+00:00,0.1722,0.1741,0.1711,0.1741,679418.0892603801
2026-01-28 23:00:00+00:00,0.174,0.1744,0.1723,0.1725,283761.20200000005
2026-01-29 00:00:00+00:00,0.1727,0.1731,0.1708,0.1718,238117.34380404008
2026-01-29 01:00:00+00:00,0.1717,0.1722,0.1694,0.1699,256763.62154
2026-01-29 02:00:00+00:00,0.1698,0.17214,0.1653,0.1666,559193.09690553
2026-01-29 03:00:00+00:00,0.1666,0.16986,0.166,0.1666,154024.90343987
2026-01-29 04:00:00+00:00,0.1664,0.16688,0.1644,0.166,602438.2499426199
2026-01-29 05:00:00+00:00,0.1659,0.16797,0.1656,0.1659,132972.53161928
2026-01-29 06:00:00+00:00,0.1658,0.16815,0.1656,0.1659,126151.78857016
2026-01-29 07:00:00+00:00,0.1658,0.1662,0.1655,0.1656,112155.6111
2026-01-29 08:00:00+00:00,0.1655,0.16792,0.1647,0.1654,234876.2460262
2026-01-29 09:00:00+00:00,0.1652,0.16769,0.1647,0.1648,704242.7562604501
2026-01-29 10:00:00+00:00,0.1647,0.16712,0.1644,0.1646,236249.33590091005
2026-01-29 11:00:00+00:00,0.1646,0.16531,0.1632,0.1633,673573.2684218802
2026-01-29 12:00:00+00:00,0.1632,0.16427,0.1625,0.163,347187.2119582599
2026-01-29 13:00:00+00:00,0.1631,0.1639,0.1631,0.1639,333049.8022700001
2026-01-29 14:00:00+00:00,0.1639,0.16437,0.1602,0.1603,5486321.91628306
2026-01-29 15:00:00+00:00,0.1604,0.1604,0.1543,0.1572,2601606.9873395283
2026-01-29 16:00:00+00:00,0.1572,0.1604,0.1561,0.1597,1228277.45803955
2026-01-29 17:00:00+00:00,0.1597,0.1619,0.158,0.1582,936564.8098762998
2026-01-29 18:00:00+00:00,0.1582,0.1584,0.1537,0.1538,2852874.114499509
2026-01-29 19:00:00+00:00,0.1536,0.156,0.15319,0.1551,1441787.1977753702
2026-01-29 20:00:00+00:00,0.1551,0.1572,0.1546,0.157,557706.1622984601
2026-01-29 21:00:00+00:00,0.1571,0.1581,0.1568,0.1573,1072527.21967
2026-01-29 22:00:00+00:00,0.1574,0.158,0.1562,0.1565,401969.3076992799
2026-01-29 23:00:00+00:00,0.1565,0.1571,0.1556,0.157,581121.2645299999
2026-01-30 00:00:00+00:00,0.1572,0.15798,0.1566,0.1572,567136.60863
2026-01-30 01:00:00+00:00,0.157,0.1579,0.1482,0.1542,2868080.70843209
2026-01-30 02:00:00+00:00,0.1541,0.1541,0.1501,0.1523,959588.5260591998
2026-01-30 03:00:00+00:00,0.1523,0.15304,0.1515,0.15165,526192.5846029699
2026-01-30 04:00:00+00:00,0.1519,0.15456,0.1515,0.1538,351416.5659656101
2026-01-30 05:00:00+00:00,0.1538,0.15496,0.1533,0.1541,237691.89100451
2026-01-30 06:00:00+00:00,0.154,0.15496,0.151,0.1521,338163.13877805
2026-01-30 07:00:00+00:00,0.1521,0.15524,0.1521,0.1544,454166.51256805
2026-01-30 08:00:00+00:00,0.1544,0.155,0.153,0.1539,422800.43790265
2026-01-30 09:00:00+00:00,0.1539,0.1542,0.1527,0.1538,249046.09354
2026-01-30 10:00:00+00:00,0.1537,0.1558,0.1533,0.1541,204289.92688056
2026-01-30 11:00:00+00:00,0.1541,0.15772,0.1539,0.1566,458852.29957
2026-01-30 12:00:00+00:00,0.1567,0.1567,0.1554,0.1558,196949.87836
2026-01-30 13:00:00+00:00,0.1559,0.1562,0.1539,0.1543,824457.2999773801
2026-01-30 14:00:00+00:00,0.1543,0.15644,0.154,0.1543,687521.8558394498
2026-01-30 15:00:00+00:00,0.1544,0.1559,0.1523,0.1547,960294.0185870902
2026-01-30 16:00:00+00:00,0.1546,0.1561,0.1531,0.1543,770349.1140186299
2026-01-30 17:00:00+00:00,0.1544,0.15627,0.1534,0.1539,583581.4112491101
2026-01-30 18:00:00+00:00,0.1539,0.1564,0.1493,0.1557,752177.2958303598
2026-01-30 19:00:00+00:00,0.1558,0.15857,0.1549,0.1555,630211.1989134199
2026-01-30 20:00:00+00:00,0.1554,0.1554,0.1517,0.1527,981369.1211855796
2026-01-30 21:00:00+00:00,0.1527,0.15478,0.1523,0.1532,937323.7465264898
2026-01-30 22:00:00+00:00,0.1534,0.1537,0.1522,0.1532,355636.6151300001
2026-01-30 23:00:00+00:00,0.153,0.1539,0.1521,0.1538,606501.73308
2026-01-31 00:00:00+00:00,0.1535,0.1538,0.1528,0.153,500078.2977288301
2026-01-31 01:00:00+00:00,0.1529,0.15508,0.1526,0.1532,275657.3515021801
2026-01-31 02:00:00+00:00,0.1534,0.1535,0.1521,0.1529,217276.98124999995
2026-01-31 03:00:00+00:00,0.153,0.1533,0.1522,0.1523,95590.01029000002
2026-01-31 04:00:00+00:00,0.1525,0.15344,0.1515,0.1518,193356.69552867
2026-01-31 05:00:00+00:00,0.1518,0.15275,0.1512,0.1523,325780.96485451004
2026-01-31 06:00:00+00:00,0.1522,0.1523,0.1498,0.1504,548614.0281199999
2026-01-31 07:00:00+00:00,0.1504,0.15175,0.1482,0.1493,460089.79001548
2026-01-31 08:00:00+00:00,0.1497,0.1497,0.1454,0.147,1923068.7858086687
2026-01-31 09:00:00+00:00,0.1469,0.14853,0.1467,0.1469,169133.91051186997
2026-01-31 10:00:00+00:00,0.1469,0.1478,0.1463,0.147,342805.1289599099
2026-01-31 11:00:00+00:00,0.1469,0.14855,0.1458,0.1461,362136.70388244
2026-01-31 12:00:00+00:00,0.1461,0.14696,0.1454,0.1458,377356.9303300001
2026-01-31 13:00:00+00:00,0.1458,0.14602,0.1443,0.1447,351085.0259032099
2026-01-31 14:00:00+00:00,0.1447,0.1449,0.1369,0.1396,2745275.114719998
2026-01-31 15:00:00+00:00,0.1394,0.14193,0.13865,0.1392,1337837.1779930694
2026-01-31 16:00:00+00:00,0.1393,0.1414,0.1368,0.1374,1842512.06847
2026-01-31 17:00:00+00:00,0.1375,0.1382,0.1279,0.1314,6126296.35179253
2026-01-31 18:00:00+00:00,0.1315,0.1319,0.1203,0.1295,8414135.890609998
2026-01-31 19:00:00+00:00,0.1295,0.13373,0.1289,0.1322,3185534.8721565097
2026-01-31 20:00:00+00:00,0.1322,0.1334,0.1308,0.1326,1479224.8770500002
2026-01-31 21:00:00+00:00,0.1325,0.1365,0.1323,0.1357,1698779.1947700004
2026-01-31 22:00:00+00:00,0.1357,0.1365,0.1343,0.1356,1809087.8563100004
2026-01-31 23:00:00+00:00,0.1356,0.1397,0.13551,0.1385,694842.45490801
2026-02-01 00:00:00+00:00,0.1385,0.1397,0.1384,0.1393,1324549.9103299994
2026-02-01 01:00:00+00:00,0.1391,0.1397,0.138,0.1395,734130.2546800002
2026-02-01 02:00:00+00:00,0.1396,0.1396,0.1385,0.1391,405253.4973199999
2026-02-01 03:00:00+00:00,0.1392,0.1392,0.1384,0.1389,621558.9240499999
2026-02-01 04:00:00+00:00,0.1389,0.1396,0.1389,0.1393,123304.38486999998
2026-02-01 05:00:00+00:00,0.1392,0.1396,0.1386,0.1389,673508.0471999997
2026-02-01 06:00:00+00:00,0.139,0.1399,0.1385,0.1392,311971.7557299999
2026-02-01 07:00:00+00:00,0.1392,0.1412,0.1388,0.1403,526937.2196533901
2026-02-01 08:00:00+00:00,0.1403,0.141,0.1396,0.1402,220200.81932
2026-02-01 09:00:00+00:00,0.1401,0.1412,0.1392,0.141,354992.6759821199
2026-02-01 10:00:00+00:00,0.141,0.1414,0.1382,0.1383,770444.8079599999
2026-02-01 11:00:00+00:00,0.1384,0.1398,0.13787,0.139,348419.04531111004
2026-02-01 12:00:00+00:00,0.139,0.1391,0.1378,0.1386,464720.44684
2026-02-01 13:00:00+00:00,0.1386,0.1399,0.1378,0.1386,354567.17925
2026-02-01 14:00:00+00:00,0.1384,0.14,0.1361,0.1387,968982.49655
2026-02-01 15:00:00+00:00,0.1387,0.1387,0.1341,0.1359,902669.51668
2026-02-01 16:00:00+00:00,0.1358,0.138,0.135,0.1368,497460.6440926801
2026-02-01 17:00:00+00:00,0.1369,0.1374,0.1357,0.137,328562.40322702006
2026-02-01 18:00:00+00:00,0.137,0.1403,0.137,0.1385,884236.5002599999
2026-02-01 19:00:00+00:00,0.1385,0.1389,0.136,0.1367,209794.08678
2026-02-01 20:00:00+00:00,0.1367,0.1388,0.1355,0.1371,471344.78513
2026-02-01 21:00:00+00:00,0.1371,0.1371,0.1355,0.136,386896.46694
2026-02-01 22:00:00+00:00,0.1361,0.1385,0.136,0.1373,726212.0255899997
2026-02-01 23:00:00+00:00,0.1372,0.13893,0.1326,0.1363,1813028.4725006304
2026-02-02 00:00:00+00:00,0.1364,0.14047,0.135,0.1383,1201660.28721293
2026-02-02 01:00:00+00:00,0.1383,0.1402,0.1361,0.1389,652549.7656530003
2026-02-02 02:00:00+00:00,0.1388,0.1395,0.1374,0.1376,191702.36949
2026-02-02 03:00:00+00:00,0.1376,0.13899,0.1319,0.1371,1404874.4379316394
2026-02-02 04:00:00+00:00,0.1373,0.1386,0.1341,0.1365,1238623.15394
2026-02-02 05:00:00+00:00,0.1365,0.13715,0.1325,0.1337,1011130.5108862496
2026-02-02 06:00:00+00:00,0.1336,0.1379,0.1311,0.1358,2924532.46474
2026-02-02 07:00:00+00:00,0.1359,0.14006,0.1355,0.1359,465004.1821427199
2026-02-02 08:00:00+00:00,0.1359,0.1372,0.1356,0.1363,1037030.75005
2026-02-02 09:00:00+00:00,0.1363,0.1395,0.1356,0.1384,1474475.7967899996
2026-02-02 10:00:00+00:00,0.1384,0.139,0.1379,0.1381,662602.9418
2026-02-02 11:00:00+00:00,0.1381,0.1387,0.1376,0.1376,475795.82977000007
2026-02-02 12:00:00+00:00,0.1378,0.1404,0.1378,0.139,308233.02146183007
2026-02-02 13:00:00+00:00,0.1389,0.1403,0.13847,0.1401,464817.4154332701
2026-02-02 14:00:00+00:00,0.1399,0.14289,0.1387,0.1402,826433.1223987201
2026-02-02 15:00:00+00:00,0.1402,0.14794,0.1398,0.1434,930580.4328722904
2026-02-02 16:00:00+00:00,0.1436,0.14729,0.1406,0.1407,873069.09761365
2026-02-02 17:00:00+00:00,0.1407,0.14357,0.1403,0.1406,1018629.66418376
2026-02-02 18:00:00+00:00,0.1407,0.14463,0.1398,0.1407,598388.42812444
2026-02-02 19:00:00+00:00,0.1407,0.1409,0.1394,0.1395,479141.3794500001
2026-02-02 20:00:00+00:00,0.1396,0.14094,0.1386,0.1392,289247.2188800001
2026-02-02 21:00:00+00:00,0.1391,0.1401,0.1391,0.1398,320168.35729
2026-02-02 22:00:00+00:00,0.1399,0.1411,0.1399,0.1406,557964.9128299999
2026-02-02 23:00:00+00:00,0.1408,0.1408,0.1399,0.1399,129671.44668999995
2026-02-03 00:00:00+00:00,0.1399,0.1402,0.1388,0.1398,839618.8539699999
2026-02-03 01:00:00+00:00,0.1398,0.1398,0.1382,0.1391,223934.38057
2026-02-03 02:00:00+00:00,0.1392,0.1392,0.1367,0.1368,669787.0443400001
2026-02-03 03:00:00+00:00,0.1368,0.1396,0.1365,0.1393,313556.13208
2026-02-03 04:00:00+00:00,0.1392,0.1404,0.1388,0.14,474909.60376
2026-02-03 05:00:00+00:00,0.1401,0.1402,0.1388,0.1388,164168.13822000002
2026-02-03 06:00:00+00:00,0.1389,0.1393,0.1378,0.139,491883.46336
2026-02-03 07:00:00+00:00,0.1388,0.1399,0.1383,0.1394,469121.4301900002
2026-02-03 08:00:00+00:00,0.1395,0.1402,0.1387,0.1389,630358.1334100001
2026-02-03 09:00:00+00:00,0.139,0.1393,0.1367,0.1378,976880.2078200002
2026-02-03 10:00:00+00:00,0.1378,0.1384,0.1376,0.138,311196.36317
2026-02-03 11:00:00+00:00,0.138,0.1391,0.1379,0.1387,414720.92451
2026-02-03 12:00:00+00:00,0.1387,0.14,0.1382,0.1397,489703.2791900001
2026-02-03 13:00:00+00:00,0.1396,0.1399,0.1388,0.1395,159660.67313999994
2026-02-03 14:00:00+00:00,0.1395,0.1397,0.1363,0.1363,708772.3742447802
2026-02-03 15:00:00+00:00,0.1365,0.1411,0.1362,0.1411,1556437.307217081
2026-02-03 16:00:00+00:00,0.1408,0.14271,0.13509,0.137,941965.3729424695
2026-02-03 17:00:00+00:00,0.1371,0.1374,0.1336,0.1337,836964.3940799999
2026-02-03 18:00:00+00:00,0.1337,0.15134,0.1304,0.1309,2509456.649528839
2026-02-03 19:00:00+00:00,0.1308,0.1383,0.1306,0.1375,1870439.766020001
2026-02-03 20:00:00+00:00,0.1374,0.1435,0.1356,0.1422,2237564.128009999
2026-02-03 21:00:00+00:00,0.1421,0.1435,0.1394,0.1398,1270081.46187
2026-02-03 22:00:00+00:00,0.1398,0.1398,0.1376,0.1383,478864.7957400001
2026-02-03 23:00:00+00:00,0.1382,0.1384,0.136,0.1371,965422.0103400004
2026-02-04 00:00:00+00:00,0.1371,0.139,0.1365,0.1383,303936.6695599999
2026-02-04 01:00:00+00:00,0.1385,0.1407,0.1385,0.1393,297953.7810400001
2026-02-04 02:00:00+00:00,0.1392,0.1394,0.1378,0.1384,262956.9684300001
2026-02-04 03:00:00+00:00,0.1383,0.1406,0.1381,0.1403,986150.4307200004
2026-02-04 04:00:00+00:00,0.1402,0.1412,0.14,0.1402,1192544.4539199995
2026-02-04 05:00:00+00:00,0.1403,0.1407,0.1391,0.1398,1271403.21547
2026-02-04 06:00:00+00:00,0.1398,0.1409,0.1395,0.1405,443371.9333192401
2026-02-04 07:00:00+00:00,0.1405,0.141,0.1396,0.1406,515358.31131
2026-02-04 08:00:00+00:00,0.1406,0.142,0.13908,0.1409,227319.78468262003
2026-02-04 09:00:00+00:00,0.1408,0.1409,0.1394,0.1397,187763.86218
2026-02-04 10:00:00+00:00,0.1395,0.14169,0.1392,0.1395,136953.07672194997
2026-02-04 11:00:00+00:00,0.1394,0.14169,0.1374,0.1386,578564.09991972
2026-02-04 12:00:00+00:00,0.1386,0.1389,0.1379,0.1386,531916.20601
2026-02-04 13:00:00+00:00,0.1385,0.1386,0.1365,0.1365,1004993.61218
2026-02-04 14:00:00+00:00,0.1365,0.13855,0.1346,0.1348,857444.0018964601
2026-02-04 15:00:00+00:00,0.1347,0.13684,0.1323,0.1342,2905371.00057854
2026-02-04 16:00:00+00:00,0.1341,0.1355,0.1325,0.1341,1484790.4608800004
2026-02-04 17:00:00+00:00,0.134,0.135,0.1325,0.1345,1691686.8491900002
2026-02-04 18:00:00+00:00,0.1345,0.1378,0.132,0.1358,1271704.1901931702
2026-02-04 19:00:00+00:00,0.1359,0.13897,0.1348,0.1379,1195228.6721892098
2026-02-04 20:00:00+00:00,0.1377,0.1382,0.1357,0.1358,354667.68925
2026-02-04 21:00:00+00:00,0.1358,0.14641,0.1328,0.1339,847572.2902126601
2026-02-04 22:00:00+00:00,0.13737,0.13737,0.1308,0.132,1220140.93486128
2026-02-04 23:00:00+00:00,0.1321,0.1349,0.1315,0.1334,2554579.6916600014
2026-02-05 00:00:00+00:00,0.1336,0.1344,0.1332,0.1337,514963.80614000006
2026-02-05 01:00:00+00:00,0.1337,0.136,0.1328,0.1342,1998880.8910000003
2026-02-05 02:00:00+00:00,0.1342,0.1356,0.1329,0.1329,1302942.22713
2026-02-05 03:00:00+00:00,0.1332,0.1341,0.1322,0.1324,909439.91889
2026-02-05 04:00:00+00:00,0.1326,0.1334,0.1318,0.1323,1878630.1544800005
2026-02-05 05:00:00+00:00,0.1322,0.13648,0.1302,0.1318,1427541.8949577096
2026-02-05 06:00:00+00:00,0.1318,0.132,0.1294,0.13,806391.2171399995
2026-02-05 07:00:00+00:00,0.1299,0.13499,0.1291,0.1297,1029009.9822379202
2026-02-05 08:00:00+00:00,0.1298,0.1313,0.1298,0.1301,790960.8739999998
2026-02-05 09:00:00+00:00,0.1302,0.13463,0.1299,0.1303,641764.58146241
2026-02-05 10:00:00+00:00,0.1303,0.1303,0.1271,0.1272,846914.8052699999
2026-02-05 11:00:00+00:00,0.1272,0.13202,0.1252,0.1268,1298761.12980414
2026-02-05 12:00:00+00:00,0.1268,0.1279,0.1258,0.1268,1738113.1200000006
2026-02-05 13:00:00+00:00,0.1269,0.13091,0.1259,0.1261,801292.0405092901
2026-02-05 14:00:00+00:00,0.1262,0.1288,0.126,0.1264,1990859.20862
2026-02-05 15:00:00+00:00,0.1264,0.12681,0.1173,0.1208,6755762.081075835
2026-02-05 16:00:00+00:00,0.1209,0.1236,0.1196,0.1222,3874718.994726441
2026-02-05 17:00:00+00:00,0.1222,0.1241,0.11762,0.1194,4018660.111300711
2026-02-05 18:00:00+00:00,0.1195,0.1207,0.1177,0.1203,2058297.23289
2026-02-05 19:00:00+00:00,0.1202,0.1205,0.1179,0.1183,1557850.4594500002
2026-02-05 20:00:00+00:00,0.1183,0.1194,0.1129,0.1158,6661229.08352051
2026-02-05 21:00:00+00:00,0.1157,0.1191,0.114,0.1149,3807809.106279999
2026-02-05 22:00:00+00:00,0.115,0.1171,0.1127,0.1152,2447395.1284300005
2026-02-05 23:00:00+00:00,0.1152,0.118,0.1136,0.1138,2792635.799599999
2026-02-06 00:00:00+00:00,0.1139,0.1146,0.0998,0.1116,13422946.349299392
2026-02-06 01:00:00+00:00,0.1116,0.1157,0.1109,0.1155,3734862.08056
2026-02-06 02:00:00+00:00,0.1153,0.1164,0.1124,0.1127,1440206.34948
2026-02-06 03:00:00+00:00,0.1129,0.1138,0.1112,0.1125,1006383.17404
2026-02-06 04:00:00+00:00,0.1126,0.1143,0.1121,0.1141,679746.8812199999
2026-02-06 05:00:00+00:00,0.1142,0.1185,0.1139,0.118,878207.1281299997
2026-02-06 06:00:00+00:00,0.1181,0.1187,0.1159,0.116,1701167.4671399996
2026-02-06 07:00:00+00:00,0.116,0.1166,0.1148,0.1155,1245016.73052
2026-02-06 08:00:00+00:00,0.1156,0.1161,0.1141,0.115,2139083.28871
2026-02-06 09:00:00+00:00,0.1148,0.1187,0.1145,0.1179,3178388.78793
2026-02-06 10:00:00+00:00,0.1178,0.1201,0.1175,0.1199,4207822.650139999
2026-02-06 11:00:00+00:00,0.1199,0.1202,0.1191,0.1198,1448032.0733099997
2026-02-06 12:00:00+00:00,0.1198,0.1202,0.1188,0.1201,1017350.3060246096
2026-02-06 13:00:00+00:00,0.1201,0.1219,0.12,0.1215,806352.5291199998
2026-02-06 14:00:00+00:00,0.1214,0.1247,0.1208,0.1239,1213876.70072
2026-02-06 15:00:00+00:00,0.1239,0.1243,0.1225,0.1236,2751029.58457
2026-02-06 16:00:00+00:00,0.1236,0.1281,0.1232,0.1276,1295670.89523
2026-02-06 17:00:00+00:00,0.1273,0.13171,0.1268,0.1281,2397802.5946200006
2026-02-06 18:00:00+00:00,0.1282,0.1285,0.1259,0.1265,1196909.95548064
2026-02-06 19:00:00+00:00,0.1267,0.1276,0.1258,0.1274,797087.0823899998
2026-02-06 20:00:00+00:00,0.1273,0.13214,0.1259,0.1265,842952.66706479
2026-02-06 21:00:00+00:00,0.1265,0.1271,0.1256,0.1268,632062.89333211
2026-02-06 22:00:00+00:00,0.1269,0.1285,0.1266,0.1285,949185.81065
2026-02-06 23:00:00+00:00,0.1282,0.1288,0.1269,0.1272,424368.5160996801
2026-02-07 00:00:00+00:00,0.127,0.127,0.1249,0.1256,1254477.3761101202
2026-02-07 01:00:00+00:00,0.1254,0.126,0.1245,0.1256,802600.78785
2026-02-07 02:00:00+00:00,0.1255,0.126,0.1251,0.1257,320476.8294900001
2026-02-07 03:00:00+00:00,0.1256,0.1271,0.1256,0.1265,726022.63181
2026-02-07 04:00:00+00:00,0.1265,0.1272,0.1253,0.1257,2814498.1667100005
2026-02-07 05:00:00+00:00,0.1256,0.1262,0.125,0.1253,1544278.06327
2026-02-07 06:00:00+00:00,0.1253,0.12607,0.1234,0.1234,853826.7604112801
2026-02-07 07:00:00+00:00,0.1234,0.1239,0.1207,0.1222,1759837.2988500004
2026-02-07 08:00:00+00:00,0.122,0.1242,0.1215,0.1225,847650.2163425802
2026-02-07 09:00:00+00:00,0.1224,0.1229,0.1217,0.122,344181.38672
2026-02-07 10:00:00+00:00,0.122,0.1225,0.1213,0.1221,374731.60819
2026-02-07 11:00:00+00:00,0.122,0.1224,0.1219,0.1223,128652.99977
2026-02-07 12:00:00+00:00,0.1222,0.1264,0.1221,0.1256,1117952.7536201193
2026-02-07 13:00:00+00:00,0.1257,0.1261,0.1238,0.1245,295165.68006000004
2026-02-07 14:00:00+00:00,0.1245,0.1249,0.1232,0.1237,421523.3502899999
2026-02-07 15:00:00+00:00,0.1236,0.126,0.1235,0.1254,414101.20605
2026-02-07 16:00:00+00:00,0.1254,0.1298,0.1249,0.126,5442571.631211279
2026-02-07 17:00:00+00:00,0.126,0.1266,0.1253,0.1258,569308.1138723401
2026-02-07 18:00:00+00:00,0.1258,0.1284,0.1254,0.1273,1003277.7389505598
2026-02-07 19:00:00+00:00,0.1272,0.12794,0.1261,0.12794,238649.6062784299
2026-02-07 20:00:00+00:00,0.1262,0.1272,0.126,0.1269,879148.05837937
2026-02-07 21:00:00+00:00,0.127,0.1289,0.1262,0.1265,394309.4520644301
2026-02-07 22:00:00+00:00,0.1266,0.127,0.126,0.1263,546737.83022
2026-02-07 23:00:00+00:00,0.1264,0.1267,0.1255,0.1263,228460.82819000003
2026-02-08 00:00:00+00:00,0.1264,0.12706,0.1253,0.1256,603133.62034295
2026-02-08 01:00:00+00:00,0.1257,0.1272,0.1256,0.1257,207938.95862161
2026-02-08 02:00:00+00:00,0.1258,0.1262,0.1247,0.125,188903.60092000003
2026-02-08 03:00:00+00:00,0.1251,0.1251,0.1242,0.1244,1169562.49928
2026-02-08 04:00:00+00:00,0.1245,0.125,0.1241,0.1248,551037.64751
2026-02-08 05:00:00+00:00,0.1248,0.125,0.124,0.1242,300218.64749
2026-02-08 06:00:00+00:00,0.1242,0.12618,0.1238,0.1241,285065.91594279
2026-02-08 07:00:00+00:00,0.1242,0.12618,0.1233,0.1242,577944.50404715
2026-02-08 08:00:00+00:00,0.1242,0.1262,0.1239,0.1256,789465.93757
2026-02-08 09:00:00+00:00,0.1256,0.12757,0.1239,0.1241,345378.54849505995
2026-02-08 10:00:00+00:00,0.1241,0.12499,0.123,0.1237,547147.8485975
2026-02-08 11:00:00+00:00,0.1236,0.1258,0.1236,0.1251,384637.7698455301
2026-02-08 12:00:00+00:00,0.1253,0.1253,0.1242,0.1246,605107.14407
2026-02-08 13:00:00+00:00,0.1246,0.1248,0.1238,0.1243,1117772.2681699996
2026-02-08 14:00:00+00:00,0.1244,0.1247,0.1239,0.1241,876593.5094400003
2026-02-08 15:00:00+00:00,0.124,0.1242,0.1222,0.1227,1027242.94976
2026-02-08 16:00:00+00:00,0.1226,0.1229,0.1199,0.1205,1178245.93391
2026-02-08 17:00:00+00:00,0.1204,0.1212,0.1203,0.1207,850578.15643
2026-02-08 18:00:00+00:00,0.1208,0.1225,0.1207,0.1215,626957.9674359998
2026-02-08 19:00:00+00:00,0.1214,0.1216,0.1208,0.1213,1325748.5346099995
2026-02-08 20:00:00+00:00,0.1212,0.1212,0.1199,0.12,437066.39316
2026-02-08 21:00:00+00:00,0.1199,0.1207,0.1192,0.1196,2571220.1248099986
2026-02-08 22:00:00+00:00,0.1196,0.1204,0.1195,0.1202,357801.95644999994
2026-02-08 23:00:00+00:00,0.1203,0.1232,0.1191,0.1201,1394513.2575199995
2026-02-09 00:00:00+00:00,0.1201,0.1204,0.1193,0.1204,619265.7732600003
2026-02-09 01:00:00+00:00,0.1203,0.1216,0.1197,0.1205,1015927.7114999996
2026-02-09 02:00:00+00:00,0.1203,0.1218,0.1197,0.121,458095.3245000001
2026-02-09 03:00:00+00:00,0.121,0.1224,0.1209,0.1221,2336881.92054
2026-02-09 04:00:00+00:00,0.1221,0.1221,0.1213,0.1213,867975.9483800001
2026-02-09 05:00:00+00:00,0.1212,0.1215,0.121,0.1213,326101.28497999994
2026-02-09 06:00:00+00:00,0.1212,0.1212,0.1196,0.1201,693691.5601700002
2026-02-09 07:00:00+00:00,0.12,0.1203,0.1192,0.1192,278705.63774000003
2026-02-09 08:00:00+00:00,0.1191,0.1193,0.1173,0.1179,2764464.5981300008
2026-02-09 09:00:00+00:00,0.1178,0.1182,0.1174,0.1178,449703.15152
2026-02-09 10:00:00+00:00,0.1177,0.1179,0.1152,0.1159,3119926.938279999
2026-02-09 11:00:00+00:00,0.116,0.11981,0.116,0.1163,628165.8952729902
2026-02-09 12:00:00+00:00,0.1163,0.1169,0.1161,0.1161,748035.73888
2026-02-09 13:00:00+00:00,0.1161,0.1165,0.1151,0.1152,654688.5990599999
2026-02-09 14:00:00+00:00,0.1152,0.1178,0.1152,0.1175,1201060.40203
2026-02-09 15:00:00+00:00,0.1176,0.1193,0.1164,0.1189,2273409.16942
2026-02-09 16:00:00+00:00,0.1189,0.121,0.1179,0.1197,1398808.5527
2026-02-09 17:00:00+00:00,0.1197,0.12358,0.1193,0.122,1622698.8110075
2026-02-09 18:00:00+00:00,0.122,0.13416,0.1202,0.1207,1009051.67443566
2026-02-09 19:00:00+00:00,0.1206,0.1215,0.1204,0.1213,585698.3399599999
2026-02-09 20:00:00+00:00,0.1212,0.1218,0.1201,0.1207,514210.8980386799
2026-02-09 21:00:00+00:00,0.1208,0.12171,0.1193,0.1208,507121.8053045
2026-02-09 22:00:00+00:00,0.1206,0.13152,0.1205,0.1206,377296.9368751201
2026-02-09 23:00:00+00:00,0.1207,0.1209,0.1202,0.1204,281930.5807899999
2026-02-10 00:00:00+00:00,0.1205,0.12174,0.1192,0.1193,425255.65303702006
2026-02-10 01:00:00+00:00,0.1193,0.12174,0.1193,0.12,767851.3852348796
2026-02-10 02:00:00+00:00,0.1201,0.1202,0.1189,0.1192,227936.63851
2026-02-10 03:00:00+00:00,0.1193,0.1193,0.1168,0.1173,1206898.2977836004
2026-02-10 04:00:00+00:00,0.1173,0.118,0.1173,0.1177,989908.21578
2026-02-10 05:00:00+00:00,0.1179,0.118,0.1165,0.1166,516386.38328
2026-02-10 06:00:00+00:00,0.1166,0.11748,0.1146,0.1148,867214.2979528098
2026-02-10 07:00:00+00:00,0.1149,0.116,0.1149,0.1154,294062.4209
2026-02-10 08:00:00+00:00,0.1154,0.116,0.1151,0.1157,423705.8344100001
2026-02-10 09:00:00+00:00,0.1156,0.1161,0.115,0.1154,398420.61694
2026-02-10 10:00:00+00:00,0.1154,0.1158,0.1151,0.1154,278481.66748
2026-02-10 11:00:00+00:00,0.1154,0.1159,0.1148,0.1151,472808.93749
2026-02-10 12:00:00+00:00,0.1152,0.11668,0.1144,0.1145,606500.8771200001
2026-02-10 13:00:00+00:00,0.1144,0.11661,0.1143,0.1146,305429.25498
2026-02-10 14:00:00+00:00,0.1146,0.1162,0.1139,0.1147,929445.72104
2026-02-10 15:00:00+00:00,0.1145,0.1166,0.1142,0.1163,588914.61928
2026-02-10 16:00:00+00:00,0.1162,0.1174,0.1156,0.1165,501987.86473589
2026-02-10 17:00:00+00:00,0.1165,0.1167,0.1157,0.1159,668039.76947
2026-02-10 18:00:00+00:00,0.116,0.11709,0.1131,0.114,1126239.43187826
2026-02-10 19:00:00+00:00,0.114,0.1153,0.1135,0.1149,715725.64322
2026-02-10 20:00:00+00:00,0.1148,0.11709,0.1144,0.1145,889122.9750862701
2026-02-10 21:00:00+00:00,0.1145,0.11709,0.1137,0.1141,464577.6382455203
2026-02-10 22:00:00+00:00,0.1142,0.115,0.114,0.1142,971986.7575900002
2026-02-10 23:00:00+00:00,0.1143,0.1147,0.114,0.1144,186887.17471
2026-02-11 00:00:00+00:00,0.1145,0.115,0.1144,0.1149,721191.5153900001
2026-02-11 01:00:00+00:00,0.1149,0.1151,0.1142,0.1149,598434.18159
2026-02-11 02:00:00+00:00,0.1149,0.1154,0.1145,0.1145,536965.16785
2026-02-11 03:00:00+00:00,0.1145,0.1149,0.1132,0.1142,1096188.32441
2026-02-11 04:00:00+00:00,0.1142,0.1144,0.1127,0.113,694237.40784
2026-02-11 05:00:00+00:00,0.1131,0.1134,0.1119,0.1121,618873.9972299996
2026-02-11 06:00:00+00:00,0.1121,0.1123,0.1111,0.1114,719832.0228100002
2026-02-11 07:00:00+00:00,0.1114,0.1118,0.111,0.1111,369064.0229300001
2026-02-11 08:00:00+00:00,0.111,0.1115,0.1108,0.1113,430260.3196099999
2026-02-11 09:00:00+00:00,0.1113,0.1115,0.1101,0.1101,468701.46633
2026-02-11 10:00:00+00:00,0.1102,0.1102,0.1086,0.109,841661.7041199998
2026-02-11 11:00:00+00:00,0.1091,0.1095,0.1082,0.1094,284795.7739
2026-02-11 12:00:00+00:00,0.1093,0.1107,0.1089,0.1106,476582.56930999993
2026-02-11 13:00:00+00:00,0.1107,0.1125,0.1103,0.1122,1528682.1469299998
2026-02-11 14:00:00+00:00,0.1123,0.1163,0.1101,0.1102,2048912.4176000005
2026-02-11 15:00:00+00:00,0.11,0.1112,0.1087,0.1099,2181134.3614000008
2026-02-11 16:00:00+00:00,0.1099,0.1119,0.109,0.109,1060135.07785
2026-02-11 17:00:00+00:00,0.109,0.1111,0.1087,0.1104,722972.8339499999
2026-02-11 18:00:00+00:00,0.1103,0.11505,0.1097,0.1114,840042.6627982799
2026-02-11 19:00:00+00:00,0.1115,0.1122,0.1105,0.1108,595802.2150099999
2026-02-11 20:00:00+00:00,0.1107,0.1119,0.1103,0.1117,1120786.3209899997
2026-02-11 21:00:00+00:00,0.1117,0.1135,0.1113,0.1129,1016882.87983
2026-02-11 22:00:00+00:00,0.1129,0.1138,0.1115,0.1115,1467562.41074
2026-02-11 23:00:00+00:00,0.1114,0.1118,0.1104,0.1114,1297289.2876299997
2026-02-12 00:00:00+00:00,0.1115,0.1134,0.1115,0.1132,536011.31199
2026-02-12 01:00:00+00:00,0.1133,0.1146,0.1132,0.1141,516443.35613
2026-02-12 02:00:00+00:00,0.114,0.1152,0.1138,0.1144,569413.5379199999
2026-02-12 03:00:00+00:00,0.1145,0.1154,0.1143,0.1154,454219.9213500001
2026-02-12 04:00:00+00:00,0.1153,0.1156,0.1144,0.1145,704259.6094699997
2026-02-12 05:00:00+00:00,0.1145,0.1155,0.1141,0.1149,327534.42133000004
2026-02-12 06:00:00+00:00,0.115,0.1166,0.1149,0.1161,417168.9476500001
2026-02-12 07:00:00+00:00,0.116,0.1165,0.1154,0.1164,571215.6449200001
2026-02-12 08:00:00+00:00,0.1164,0.1165,0.1152,0.1158,360405.45011
2026-02-12 09:00:00+00:00,0.1157,0.1179,0.1157,0.1174,665995.5183633099
2026-02-12 10:00:00+00:00,0.1175,0.1187,0.1172,0.1187,970160.9809803902
2026-02-12 11:00:00+00:00,0.1188,0.119,0.1177,0.1179,481096.51764
2026-02-12 12:00:00+00:00,0.1179,0.1179,0.1162,0.1166,356531.3945599999
2026-02-12 13:00:00+00:00,0.1165,0.121,0.1156,0.1167,1061864.3103837003
2026-02-12 14:00:00+00:00,0.1167,0.11709,0.1149,0.1162,1388371.1874814404
2026-02-12 15:00:00+00:00,0.1164,0.12016,0.1154,0.1154,629978.36923445
2026-02-12 16:00:00+00:00,0.1154,0.11668,0.113,0.1143,1278515.1335974203
2026-02-12 17:00:00+00:00,0.1143,0.1155,0.1139,0.1145,595986.0899199998
2026-02-12 18:00:00+00:00,0.1145,0.11767,0.1143,0.1155,612909.1725360497
2026-02-12 19:00:00+00:00,0.1154,0.1177,0.115,0.1161,386111.5534100001
2026-02-12 20:00:00+00:00,0.1161,0.1164,0.1148,0.1154,385507.65303
2026-02-12 21:00:00+00:00,0.1156,0.1159,0.1153,0.1154,209851.76837
2026-02-12 22:00:00+00:00,0.1154,0.1174,0.1151,0.1174,366105.21373
2026-02-12 23:00:00+00:00,0.1173,0.1195,0.1171,0.119,1773971.9790700006
2026-02-13 00:00:00+00:00,0.119,0.1198,0.1165,0.1167,1121381.76164313
2026-02-13 01:00:00+00:00,0.1166,0.1171,0.1158,0.1159,935928.30548
2026-02-13 02:00:00+00:00,0.116,0.12,0.1154,0.1164,1506918.9577088298
2026-02-13 03:00:00+00:00,0.1163,0.11932,0.1158,0.1163,371582.7917814499
2026-02-13 04:00:00+00:00,0.1163,0.1163,0.1152,0.1153,672966.3561300001
2026-02-13 05:00:00+00:00,0.1154,0.11624,0.1146,0.1147,275497.33101245004
2026-02-13 06:00:00+00:00,0.1148,0.1153,0.1139,0.1152,316811.55896962
2026-02-13 07:00:00+00:00,0.1152,0.116,0.115,0.1152,324370.11025
2026-02-13 08:00:00+00:00,0.1151,0.1166,0.1148,0.1163,348232.71442999993
2026-02-13 09:00:00+00:00,0.1162,0.1162,0.1157,0.1158,192212.22396
2026-02-13 10:00:00+00:00,0.1158,0.1161,0.1152,0.1153,374472.47774
2026-02-13 11:00:00+00:00,0.1152,0.1153,0.1147,0.1153,370827.2257
2026-02-13 12:00:00+00:00,0.1151,0.1161,0.1149,0.1155,646037.8809800001
2026-02-13 13:00:00+00:00,0.1157,0.1172,0.1152,0.1161,1831840.8680299995
2026-02-13 14:00:00+00:00,0.1161,0.1185,0.1158,0.1175,1399014.58512505
2026-02-13 15:00:00+00:00,0.1178,0.1214,0.1174,0.1189,3277358.5689671
2026-02-13 16:00:00+00:00,0.119,0.12354,0.1186,0.121,1071733.7081200003
2026-02-13 17:00:00+00:00,0.1211,0.1216,0.1201,0.1212,864682.3601564899
2026-02-13 18:00:00+00:00,0.121,0.1215,0.1204,0.1214,652699.3612599999
2026-02-13 19:00:00+00:00,0.1212,0.12356,0.1206,0.121,339008.3739380499
2026-02-13 20:00:00+00:00,0.121,0.1219,0.1206,0.1212,1829516.9731699992
2026-02-13 21:00:00+00:00,0.1214,0.1221,0.1208,0.1213,359562.96419
2026-02-13 22:00:00+00:00,0.1213,0.1215,0.1208,0.121,488246.52401
2026-02-13 23:00:00+00:00,0.1209,0.1214,0.1206,0.1209,768215.8551
2026-02-14 00:00:00+00:00,0.1209,0.1222,0.1202,0.1217,1019011.79875
2026-02-14 01:00:00+00:00,0.1216,0.122,0.1212,0.1219,317240.12004
2026-02-14 02:00:00+00:00,0.1219,0.1221,0.1215,0.1217,598810.70067
2026-02-14 03:00:00+00:00,0.1216,0.1221,0.1216,0.122,383913.28557
2026-02-14 04:00:00+00:00,0.1219,0.1222,0.1215,0.1218,192129.16249
2026-02-14 05:00:00+00:00,0.1217,0.1228,0.1213,0.1214,300950.88511999993
2026-02-14 06:00:00+00:00,0.1213,0.1214,0.1208,0.1213,451450.3963100001
2026-02-14 07:00:00+00:00,0.1212,0.1222,0.1212,0.1219,465788.50036
2026-02-14 08:00:00+00:00,0.1218,0.1248,0.1217,0.1243,869607.81791
2026-02-14 09:00:00+00:00,0.1244,0.1244,0.1234,0.1236,1053143.04235
2026-02-14 10:00:00+00:00,0.1234,0.1237,0.123,0.1233,314004.80946
2026-02-14 11:00:00+00:00,0.1233,0.1255,0.1233,0.125,435572.04504000006
2026-02-14 12:00:00+00:00,0.125,0.1254,0.1244,0.1246,332600.2517400001
2026-02-14 13:00:00+00:00,0.1245,0.125,0.1239,0.1246,882485.6240799999
2026-02-14 14:00:00+00:00,0.1248,0.126,0.1248,0.1257,289830.51272
2026-02-14 15:00:00+00:00,0.1256,0.1262,0.1252,0.1261,265972.36836
2026-02-14 16:00:00+00:00,0.1262,0.1272,0.1254,0.1267,1086922.9497399998
2026-02-14 17:00:00+00:00,0.1267,0.1281,0.1263,0.1273,655337.3482300001
2026-02-14 18:00:00+00:00,0.1271,0.1292,0.1271,0.1291,765541.61642
2026-02-14 19:00:00+00:00,0.1291,0.1297,0.128,0.1293,654257.89148
2026-02-14 20:00:00+00:00,0.1294,0.1299,0.1279,0.1282,531289.1655599998
2026-02-14 21:00:00+00:00,0.1284,0.1294,0.1272,0.1279,625289.0539299999
2026-02-14 22:00:00+00:00,0.1278,0.13,0.1278,0.1296,514330.58002000017
2026-02-14 23:00:00+00:00,0.1294,0.1297,0.1281,0.1285,1826413.96522
2026-02-15 00:00:00+00:00,0.1284,0.1286,0.1274,0.1285,476168.75877
2026-02-15 01:00:00+00:00,0.1284,0.1297,0.1277,0.1291,607511.2397899999
2026-02-15 02:00:00+00:00,0.129,0.1293,0.1275,0.1288,424258.45934
2026-02-15 03:00:00+00:00,0.1288,0.1291,0.1267,0.1288,788416.35157
2026-02-15 04:00:00+00:00,0.1289,0.1304,0.1285,0.1295,1021787.1097000004
2026-02-15 05:00:00+00:00,0.1294,0.1306,0.1292,0.1299,300023.01446
2026-02-15 06:00:00+00:00,0.1299,0.13,0.1288,0.1291,289709.06258
2026-02-15 07:00:00+00:00,0.129,0.1309,0.1289,0.1294,534338.28755
2026-02-15 08:00:00+00:00,0.1296,0.1297,0.1263,0.127,1076628.55892709
2026-02-15 09:00:00+00:00,0.1268,0.1279,0.12345,0.1274,252509.8772883399
2026-02-15 10:00:00+00:00,0.1272,0.1274,0.12423,0.1266,422364.83819672005
2026-02-15 11:00:00+00:00,0.1266,0.13065,0.1259,0.1261,296112.03688332
2026-02-15 12:00:00+00:00,0.1262,0.1263,0.1229,0.123,432958.00848724006
2026-02-15 13:00:00+00:00,0.123,0.12705,0.1216,0.1221,1136853.04497997
2026-02-15 14:00:00+00:00,0.122,0.1233,0.1219,0.1231,459158.79273
2026-02-15 15:00:00+00:00,0.1231,0.12617,0.1229,0.1232,204320.74753758995
2026-02-15 16:00:00+00:00,0.1231,0.1231,0.122,0.1226,623517.4936699999
2026-02-15 17:00:00+00:00,0.1225,0.12323,0.1191,0.1206,1082336.69371264
2026-02-15 18:00:00+00:00,0.1203,0.1205,0.1189,0.1193,585312.83218203
2026-02-15 19:00:00+00:00,0.1194,0.1204,0.1186,0.1197,461324.35144
2026-02-15 20:00:00+00:00,0.1197,0.1202,0.1193,0.1202,774438.2168129599
2026-02-15 21:00:00+00:00,0.1203,0.1211,0.12022,0.121,332100.34785067005
2026-02-15 22:00:00+00:00,0.1209,0.1215,0.1208,0.1209,304046.97185000003
2026-02-15 23:00:00+00:00,0.121,0.1227,0.1198,0.1215,438371.97503721
2026-02-16 00:00:00+00:00,0.1214,0.1219,0.1208,0.1212,329091.42569128
2026-02-16 01:00:00+00:00,0.1212,0.1218,0.1202,0.1207,429436.8618599999
2026-02-16 02:00:00+00:00,0.1206,0.1211,0.1201,0.1205,332088.8506700001
2026-02-16 03:00:00+00:00,0.1205,0.1209,0.1203,0.1208,286347.70476000005
2026-02-16 04:00:00+00:00,0.1209,0.1219,0.1209,0.1219,230685.52535000004
2026-02-16 05:00:00+00:00,0.1219,0.1222,0.1197,0.1201,683460.4776199998
2026-02-16 06:00:00+00:00,0.12,0.1213,0.1198,0.1213,792620.6420200003
2026-02-16 07:00:00+00:00,0.1212,0.1221,0.1196,0.1198,607247.1240399998
2026-02-16 08:00:00+00:00,0.1198,0.1206,0.1195,0.1203,581583.0817200001
2026-02-16 09:00:00+00:00,0.1202,0.1215,0.1202,0.1212,273321.33001000003
2026-02-16 10:00:00+00:00,0.1212,0.1216,0.1209,0.1212,275203.16782000003
2026-02-16 11:00:00+00:00,0.1212,0.1213,0.1193,0.1209,321735.1342300001
2026-02-16 12:00:00+00:00,0.1209,0.12443,0.1205,0.1236,1139701.8382800005
2026-02-16 13:00:00+00:00,0.1237,0.1243,0.1206,0.1208,930489.0553
2026-02-16 14:00:00+00:00,0.1206,0.1219,0.1201,0.1212,514741.3150529699
2026-02-16 15:00:00+00:00,0.1211,0.12442,0.1184,0.1193,1053314.31405299
2026-02-16 16:00:00+00:00,0.1194,0.1208,0.1192,0.1202,820169.7894899998
2026-02-16 17:00:00+00:00,0.1201,0.12442,0.1197,0.1202,335004.5662365901
2026-02-16 18:00:00+00:00,0.1202,0.1209,0.12,0.12,248785.18604
2026-02-16 19:00:00+00:00,0.1202,0.1244,0.1198,0.1206,571738.5253666198
2026-02-16 20:00:00+00:00,0.1207,0.1244,0.1202,0.1219,392038.70259548
2026-02-16 21:00:00+00:00,0.1219,0.12442,0.1214,0.1239,1894381.7719414209
2026-02-16 22:00:00+00:00,0.1238,0.1242,0.1227,0.1232,900684.73804
2026-02-16 23:00:00+00:00,0.123,0.1235,0.1228,0.123,255576.06832
2026-02-17 00:00:00+00:00,0.1232,0.1235,0.1227,0.1229,359666.24879
2026-02-17 01:00:00+00:00,0.1231,0.1232,0.1223,0.1223,202462.52603
2026-02-17 02:00:00+00:00,0.1223,0.124,0.1216,0.1237,385476.27897
2026-02-17 03:00:00+00:00,0.1237,0.1237,0.1226,0.1227,212390.85067
2026-02-17 04:00:00+00:00,0.1226,0.1232,0.1221,0.1227,348123.91095
2026-02-17 05:00:00+00:00,0.1227,0.1227,0.1208,0.1219,288060.36667
2026-02-17 06:00:00+00:00,0.122,0.1227,0.122,0.1224,262823.31899000006
2026-02-17 07:00:00+00:00,0.1223,0.1223,0.1218,0.122,124987.66827
2026-02-17 08:00:00+00:00,0.1219,0.1221,0.1209,0.121,235775.92994
2026-02-17 09:00:00+00:00,0.121,0.12323,0.1206,0.1209,131996.78411298
2026-02-17 10:00:00+00:00,0.1209,0.12441,0.1198,0.1201,261757.19498183005
2026-02-17 11:00:00+00:00,0.1202,0.1206,0.1199,0.1202,234168.76334000003
2026-02-17 12:00:00+00:00,0.1203,0.1208,0.1198,0.1198,291436.0594
2026-02-17 13:00:00+00:00,0.12,0.1209,0.1196,0.1204,666801.63648
2026-02-17 14:00:00+00:00,0.1203,0.1216,0.1183,0.1187,1252975.64848216
2026-02-17 15:00:00+00:00,0.1186,0.1202,0.1183,0.1201,1065358.2840399996
2026-02-17 16:00:00+00:00,0.1201,0.123,0.1201,0.121,897955.3624180801
2026-02-17 17:00:00+00:00,0.1209,0.12328,0.1189,0.1197,1038368.8203535704
2026-02-17 18:00:00+00:00,0.1196,0.123,0.1195,0.1224,712610.78246
2026-02-17 19:00:00+00:00,0.1222,0.1223,0.1212,0.1214,982999.04368
2026-02-17 20:00:00+00:00,0.1212,0.1214,0.1204,0.121,1108091.0010599997
2026-02-17 21:00:00+00:00,0.121,0.12327,0.1201,0.1206,419149.0524899999
2026-02-17 22:00:00+00:00,0.1204,0.1212,0.12,0.1206,502175.96479000006
2026-02-17 23:00:00+00:00,0.1204,0.1207,0.1201,0.1204,282260.1592
2026-02-18 00:00:00+00:00,0.1204,0.12074,0.1197,0.1198,433864.76750175
2026-02-18 01:00:00+00:00,0.1198,0.12356,0.1191,0.11953,334669.9207326401
2026-02-18 02:00:00+00:00,0.1196,0.1206,0.1196,0.1204,356375.41408
2026-02-18 03:00:00+00:00,0.1204,0.12356,0.1202,0.12071,130317.42458137
2026-02-18 04:00:00+00:00,0.1206,0.12072,0.12,0.1203,276829.18687064
2026-02-18 05:00:00+00:00,0.1203,0.12356,0.1202,0.12356,386782.4781513099
2026-02-18 06:00:00+00:00,0.1207,0.1211,0.1206,0.1206,106829.66931
2026-02-18 07:00:00+00:00,0.1205,0.1218,0.11999,0.1214,366893.36675172
2026-02-18 08:00:00+00:00,0.1214,0.1218,0.1209,0.1211,289542.23121000006
2026-02-18 09:00:00+00:00,0.121,0.12356,0.1204,0.12101,471963.14366758
2026-02-18 10:00:00+00:00,0.1205,0.12102,0.1199,0.1199,243570.75471903005
2026-02-18 11:00:00+00:00,0.1199,0.1201,0.1189,0.1196,394052.32016
2026-02-18 12:00:00+00:00,0.1195,0.1199,0.1187,0.119,449020.61699
2026-02-18 13:00:00+00:00,0.1191,0.11913,0.1171,0.1178,680805.0904978703
2026-02-18 14:00:00+00:00,0.1177,0.1186,0.1173,0.1184,977490.17984
2026-02-18 15:00:00+00:00,0.1183,0.12184,0.11803,0.1192,1712455.461389415
2026-02-18 16:00:00+00:00,0.1192,0.12184,0.1173,0.1175,2268616.4709645794
2026-02-18 17:00:00+00:00,0.1175,0.1188,0.1172,0.1174,288209.2211287
2026-02-18 18:00:00+00:00,0.1174,0.1175,0.1159,0.1161,1197852.281646551
2026-02-18 19:00:00+00:00,0.116,0.11666,0.1144,0.1149,1663542.4231702622
2026-02-18 20:00:00+00:00,0.1149,0.1154,0.1143,0.1147,542196.32536624
2026-02-18 21:00:00+00:00,0.1148,0.1151,0.1142,0.1142,344274.19572
2026-02-18 22:00:00+00:00,0.1142,0.11526,0.1141,0.1151,345590.28257661
2026-02-18 23:00:00+00:00,0.1151,0.1152,0.1145,0.1151,205863.7319
2026-02-19 00:00:00+00:00,0.1149,0.115,0.114,0.1141,214448.79213000005
2026-02-19 01:00:00+00:00,0.1142,0.11775,0.1141,0.1146,431164.8834146099
2026-02-19 02:00:00+00:00,0.1146,0.11775,0.1142,0.1147,316443.35678249
2026-02-19 03:00:00+00:00,0.1146,0.1153,0.1144,0.1152,140635.54161211
2026-02-19 04:00:00+00:00,0.1152,0.1155,0.1147,0.1149,140513.53418999998
2026-02-19 05:00:00+00:00,0.1148,0.11823,0.1137,0.1143,566226.7043231901
2026-02-19 06:00:00+00:00,0.1143,0.11501,0.1143,0.11455,315642.76240172004
2026-02-19 07:00:00+00:00,0.1146,0.11749,0.11391,0.11391,292481.97314748005
2026-02-19 08:00:00+00:00,0.1143,0.1143,0.1124,0.1128,767340.4040222601
2026-02-19 09:00:00+00:00,0.1128,0.11436,0.11198,0.11383,175536.30133252998
2026-02-19 10:00:00+00:00,0.1127,0.1132,0.1124,0.1127,227314.90935004008
2026-02-19 11:00:00+00:00,0.1127,0.1129,0.11191,0.1123,367630.63212092
2026-02-19 12:00:00+00:00,0.1123,0.1124,0.1117,0.1117,623177.99051
2026-02-19 13:00:00+00:00,0.1118,0.11355,0.1098,0.1103,720237.3205223199
2026-02-19 14:00:00+00:00,0.1103,0.1107,0.1094,0.1098,596946.2727400002
2026-02-19 15:00:00+00:00,0.1098,0.1328,0.1085,0.1087,2757663.72741
2026-02-19 16:00:00+00:00,0.1087,0.1087,0.1072,0.1074,1918139.6587286312
2026-02-19 17:00:00+00:00,0.1072,0.11142,0.107,0.108,3120704.219480512
2026-02-19 18:00:00+00:00,0.1079,0.1097,0.1077,0.1096,771809.6219599998
2026-02-19 19:00:00+00:00,0.1096,0.1114,0.10857,0.1112,385632.01244714006
2026-02-19 20:00:00+00:00,0.1111,0.11442,0.1108,0.112,1336536.4342363896
2026-02-19 21:00:00+00:00,0.1121,0.1125,0.1115,0.1115,462526.4603
2026-02-19 22:00:00+00:00,0.1115,0.11386,0.11011,0.1106,178625.0669932
2026-02-19 23:00:00+00:00,0.1108,0.1108,0.1102,0.1108,393506.5908700001
2026-02-20 00:00:00+00:00,0.1109,0.11443,0.1109,0.1116,561513.1630475802
2026-02-20 01:00:00+00:00,0.1115,0.1122,0.1113,0.1122,397979.5548099999
2026-02-20 02:00:00+00:00,0.1123,0.1131,0.11062,0.1111,2207859.640224001
2026-02-20 03:00:00+00:00,0.111,0.1113,0.1106,0.1109,326898.78107
2026-02-20 04:00:00+00:00,0.111,0.1112,0.109,0.1107,1524567.8342611396
2026-02-20 05:00:00+00:00,0.1109,0.11284,0.11,0.1116,633335.85083365
2026-02-20 06:00:00+00:00,0.1118,0.1118,0.111,0.1116,977788.69015
2026-02-20 07:00:00+00:00,0.1115,0.1118,0.1102,0.1104,2150614.0303894808
2026-02-20 08:00:00+00:00,0.1104,0.1131,0.1102,0.1105,418319.50916160014
2026-02-20 09:00:00+00:00,0.1107,0.1115,0.11049,0.1114,192890.709973
2026-02-20 10:00:00+00:00,0.1112,0.1118,0.1105,0.1106,1196297.27342
2026-02-20 11:00:00+00:00,0.1107,0.11364,0.11,0.1102,456814.9189672999
2026-02-20 12:00:00+00:00,0.1102,0.11286,0.1094,0.1098,605714.5546001198
2026-02-20 13:00:00+00:00,0.1098,0.10995,0.1066,0.1076,1983315.54010614
2026-02-20 14:00:00+00:00,0.1075,0.1098,0.1075,0.1089,1246986.0209100002
2026-02-20 15:00:00+00:00,0.109,0.1125,0.1089,0.1125,1934332.4027992904
2026-02-20 16:00:00+00:00,0.1124,0.1133,0.1108,0.1118,1508503.4420339416
2026-02-20 17:00:00+00:00,0.1117,0.11248,0.1088,0.1117,2098944.7250351505
2026-02-20 18:00:00+00:00,0.1117,0.1131,0.1107,0.1116,1624959.25583768
2026-02-20 19:00:00+00:00,0.1118,0.1119,0.1106,0.111,601253.81914866
2026-02-20 20:00:00+00:00,0.1111,0.11227,0.1103,0.1105,326685.7989937799
2026-02-20 21:00:00+00:00,0.1105,0.1108,0.1101,0.1108,265419.97961000004
2026-02-20 22:00:00+00:00,0.1108,0.1109,0.1099,0.1108,289242.23257999995
2026-02-20 23:00:00+00:00,0.1108,0.1114,0.1107,0.1114,309884.4249
2026-02-21 00:00:00+00:00,0.1114,0.112,0.111,0.1111,687125.4506499999
2026-02-21 01:00:00+00:00,0.1112,0.1114,0.111,0.1112,454935.3091
2026-02-21 02:00:00+00:00,0.1112,0.1117,0.111,0.1113,480706.10105
2026-02-21 03:00:00+00:00,0.1113,0.1113,0.1102,0.1103,734246.6251899999
2026-02-21 04:00:00+00:00,0.1103,0.11084,0.1101,0.1105,309101.43303113
2026-02-21 05:00:00+00:00,0.1105,0.1111,0.1105,0.1107,139458.44372000004
2026-02-21 06:00:00+00:00,0.1106,0.1106,0.1095,0.1096,251194.4903645501
2026-02-21 07:00:00+00:00,0.1097,0.11013,0.1096,0.1099,75946.00336626
2026-02-21 08:00:00+00:00,0.1098,0.1113,0.1097,0.1113,264767.83497261
2026-02-21 09:00:00+00:00,0.1114,0.1126,0.1111,0.1116,561162.5036699998
2026-02-21 10:00:00+00:00,0.1116,0.112,0.1112,0.1116,277190.93762999994
2026-02-21 11:00:00+00:00,0.1115,0.11213,0.1112,0.1114,221113.57008253
2026-02-21 12:00:00+00:00,0.1115,0.1118,0.1108,0.1108,256479.95308000004
2026-02-21 13:00:00+00:00,0.1109,0.1114,0.1106,0.1114,537595.6341499999
2026-02-21 14:00:00+00:00,0.1112,0.1121,0.1107,0.1107,682484.8928260002
2026-02-21 15:00:00+00:00,0.1108,0.11084,0.1096,0.1099,943630.4659044596
2026-02-21 16:00:00+00:00,0.1099,0.11,0.1084,0.109,961511.86539888
2026-02-21 17:00:00+00:00,0.1089,0.1094,0.1086,0.1092,514688.73916
2026-02-21 18:00:00+00:00,0.1093,0.10961,0.1088,0.1093,296520.95105
2026-02-21 19:00:00+00:00,0.1093,0.1093,0.1089,0.1091,330343.62619
2026-02-21 20:00:00+00:00,0.109,0.1092,0.1079,0.1079,764849.6793275201
2026-02-21 21:00:00+00:00,0.108,0.1091,0.108,0.1088,231365.13116
2026-02-21 22:00:00+00:00,0.1088,0.10961,0.108,0.1083,204398.31385369
2026-02-21 23:00:00+00:00,0.108,0.1083,0.1079,0.1081,172801.97903
2026-02-22 00:00:00+00:00,0.1079,0.11042,0.1058,0.1065,1290704.6119447495
2026-02-22 01:00:00+00:00,0.1065,0.1069,0.1065,0.1066,475957.6608
2026-02-22 02:00:00+00:00,0.1066,0.10971,0.10443,0.1045,970922.41856999
2026-02-22 03:00:00+00:00,0.1045,0.1051,0.1039,0.1049,641640.884204
2026-02-22 04:00:00+00:00,0.1049,0.105,0.1041,0.1041,277297.92798
2026-02-22 05:00:00+00:00,0.1041,0.1044,0.1039,0.1042,459388.81625999993
2026-02-22 06:00:00+00:00,0.1042,0.10974,0.1038,0.1042,795470.3702373699
2026-02-22 07:00:00+00:00,0.1041,0.1043,0.1033,0.1033,557674.0442045099
2026-02-22 08:00:00+00:00,0.1033,0.10386,0.1031,0.1036,261680.83354728
2026-02-22 09:00:00+00:00,0.1036,0.1045,0.1035,0.1045,539987.4349685701
2026-02-22 10:00:00+00:00,0.1044,0.105,0.1042,0.1042,259369.54580191
2026-02-22 11:00:00+00:00,0.1042,0.1044,0.1035,0.1038,369362.7429
2026-02-22 12:00:00+00:00,0.1038,0.1038,0.1024,0.1026,631011.4445449199
2026-02-22 13:00:00+00:00,0.1027,0.1027,0.1014,0.1021,655657.95638812
2026-02-22 14:00:00+00:00,0.1019,0.102,0.101,0.1014,734821.4567174
2026-02-22 15:00:00+00:00,0.1014,0.1019,0.1009,0.1014,728977.7523356399
2026-02-22 16:00:00+00:00,0.1014,0.1014,0.101,0.1012,337178.2540100001
2026-02-22 17:00:00+00:00,0.1013,0.10162,0.1,0.1003,986107.60505602
2026-02-22 18:00:00+00:00,0.1002,0.1012,0.1,0.1008,560357.2362835299
2026-02-22 19:00:00+00:00,0.1008,0.1009,0.1005,0.1005,322712.7751399999
2026-02-22 20:00:00+00:00,0.1005,0.10082,0.0997,0.1001,309347.24802480004
2026-02-22 21:00:00+00:00,0.1002,0.1004,0.0989,0.1003,1150644.9690900005
2026-02-22 22:00:00+00:00,0.1004,0.10122,0.1001,0.1012,474129.34068708
2026-02-22 23:00:00+00:00,0.1011,0.1013,0.0998,0.0999,675553.6339756199
2026-02-23 00:00:00+00:00,0.1,0.1001,0.0983,0.0993,1457934.0128800003
2026-02-23 01:00:00+00:00,0.0992,0.099601,0.0954,0.0958,4127659.75850785
2026-02-23 02:00:00+00:00,0.0958,0.0966,0.0954,0.0962,745201.2048399997
2026-02-23 03:00:00+00:00,0.0963,0.0971,0.096,0.0965,658878.0403999999
2026-02-23 04:00:00+00:00,0.0966,0.097,0.0965,0.0965,616895.8389499999
2026-02-23 05:00:00+00:00,0.0966,0.0974,0.0965,0.0972,382456.5624883401
2026-02-23 06:00:00+00:00,0.0972,0.10053,0.0972,0.0992,708530.9673167898
2026-02-23 07:00:00+00:00,0.0993,0.0996,0.0989,0.0989,471668.8603300001
2026-02-23 08:00:00+00:00,0.0988,0.1,0.0987,0.0997,539773.6787059499
2026-02-23 09:00:00+00:00,0.0997,0.1015,0.0995,0.1013,603851.1075669902
2026-02-23 10:00:00+00:00,0.1013,0.1018,0.1002,0.1006,2408207.2190130893
2026-02-23 11:00:00+00:00,0.1006,0.1012,0.1004,0.1012,625913.1607799999
2026-02-23 12:00:00+00:00,0.1012,0.1031,0.1008,0.1021,1851554.1905400003
2026-02-23 13:00:00+00:00,0.1021,0.10231,0.101,0.1011,618786.17381317
2026-02-23 14:00:00+00:00,0.1011,0.1012,0.0997,0.1003,659742.4411700001
2026-02-23 15:00:00+00:00,0.1005,0.1005,0.0988,0.099,679483.5074019297
2026-02-23 16:00:00+00:00,0.0991,0.0995,0.0984,0.0987,985192.2921636
2026-02-23 17:00:00+00:00,0.0988,0.099,0.0973,0.0987,995510.4124353904
2026-02-23 18:00:00+00:00,0.0986,0.0993,0.0979,0.0979,4210554.284254119
2026-02-23 19:00:00+00:00,0.0981,0.0983,0.0975,0.0977,355521.08864301984
2026-02-23 20:00:00+00:00,0.0976,0.0982,0.0972,0.0981,349225.2742103699
2026-02-23 21:00:00+00:00,0.098,0.0984,0.0977,0.0979,529257.1585
2026-02-23 22:00:00+00:00,0.098,0.0985,0.0978,0.0978,450858.3453164199
2026-02-23 23:00:00+00:00,0.0981,0.09852,0.0981,0.0985,937737.3195449898
2026-02-24 00:00:00+00:00,0.0985,0.0992,0.0982,0.0992,320402.34813917
2026-02-24 01:00:00+00:00,0.0993,0.0997,0.097,0.0985,823946.3272922597
2026-02-24 02:00:00+00:00,0.0984,0.0989,0.0975,0.0976,767549.69451248
2026-02-24 03:00:00+00:00,0.0975,0.097722,0.096,0.0962,1765810.5541528095
2026-02-24 04:00:00+00:00,0.0963,0.09682,0.0954,0.0963,421390.58803741
2026-02-24 05:00:00+00:00,0.0963,0.0965,0.095,0.0957,435442.2938200001
2026-02-24 06:00:00+00:00,0.0958,0.0959,0.0952,0.0954,188970.52234000005
2026-02-24 07:00:00+00:00,0.0955,0.0959,0.0953,0.0955,269583.34646000003
2026-02-24 08:00:00+00:00,0.0954,0.0958,0.0948,0.0956,372123.7518099999
2026-02-24 09:00:00+00:00,0.0956,0.0956,0.0942,0.0946,546294.64798998
2026-02-24 10:00:00+00:00,0.0946,0.09511,0.0941,0.095,445072.10024788
2026-02-24 11:00:00+00:00,0.0951,0.0953,0.0949,0.0952,996327.6616100002
2026-02-24 12:00:00+00:00,0.0952,0.0966,0.0952,0.0961,1348044.3917934303
2026-02-24 13:00:00+00:00,0.0962,0.0964,0.0949,0.0961,619054.0382699999
2026-02-24 14:00:00+00:00,0.09611,0.0976,0.0954,0.0972,874529.51048231
2026-02-24 15:00:00+00:00,0.0972,0.0989,0.0971,0.0988,832424.4417750499
2026-02-24 16:00:00+00:00,0.0989,0.09963,0.0981,0.0992,845086.3388719802
2026-02-24 17:00:00+00:00,0.0991,0.09952,0.0985,0.0989,1331398.0344947197
2026-02-24 18:00:00+00:00,0.099,0.0992,0.0984,0.0986,605565.1819
2026-02-24 19:00:00+00:00,0.0986,0.0991,0.0982,0.0988,498311.73779000016
2026-02-24 20:00:00+00:00,0.0988,0.0991,0.0985,0.0986,304903.92115499004
2026-02-24 21:00:00+00:00,0.0986,0.09934,0.0976,0.0982,199224.50108947
2026-02-24 22:00:00+00:00,0.0981,0.0988,0.098,0.0986,276913.47464000003
2026-02-24 23:00:00+00:00,0.0987,0.0987,0.0979,0.0979,347739.0199160999
2026-02-25 00:00:00+00:00,0.0979,0.0983,0.0975,0.0982,933698.27039
2026-02-25 01:00:00+00:00,0.0982,0.1028,0.0982,0.1011,1293036.32627105
2026-02-25 02:00:00+00:00,0.1011,0.10254,0.1009,0.1009,1382990.93895559
2026-02-25 03:00:00+00:00,0.101,0.10102,0.0996,0.0997,671186.1829658698
2026-02-25 04:00:00+00:00,0.0998,0.1007,0.099,0.1003,886363.04153
2026-02-25 05:00:00+00:00,0.1004,0.10062,0.0992,0.1,438002.8700247799
2026-02-25 06:00:00+00:00,0.1001,0.1009,0.0999,0.1003,283445.65780741005
2026-02-25 07:00:00+00:00,0.1004,0.1006,0.1,0.1006,314788.26499
2026-02-25 08:00:00+00:00,0.1007,0.1015,0.1005,0.1014,610943.77826
2026-02-25 09:00:00+00:00,0.1015,0.10213,0.1013,0.1017,585983.3756358799
2026-02-25 10:00:00+00:00,0.1017,0.1017,0.101,0.1015,406431.2415699999
2026-02-25 11:00:00+00:00,0.1013,0.10214,0.101,0.1015,477042.46125634
2026-02-25 12:00:00+00:00,0.1015,0.1032,0.1011,0.1032,1406308.60388203
2026-02-25 13:00:00+00:00,0.1031,0.1038,0.1026,0.1032,1035721.5821284796
2026-02-25 14:00:00+00:00,0.1032,0.106,0.103,0.106,1204383.61387724
2026-02-25 15:00:00+00:00,0.106,0.10766,0.1054,0.1067,1574772.84476085
2026-02-25 16:00:00+00:00,0.1068,0.1082,0.1062,0.108,1287045.9819758404
2026-02-25 17:00:00+00:00,0.1081,0.109,0.1067,0.109,2355413.3302200004
2026-02-25 18:00:00+00:00,0.109,0.111,0.1084,0.1105,8781631.928976057
2026-02-25 19:00:00+00:00,0.1105,0.115,0.1096,0.1118,6648624.665225038
2026-02-25 20:00:00+00:00,0.1118,0.1124,0.1114,0.112,1453989.5930673198
2026-02-25 21:00:00+00:00,0.1119,0.11524,0.1114,0.1139,1676043.84615317
2026-02-25 22:00:00+00:00,0.114,0.11471,0.1106,0.1111,984590.19165759
2026-02-25 23:00:00+00:00,0.1111,0.1112,0.1081,0.1094,5027124.68002617
2026-02-26 00:00:00+00:00,0.1093,0.1098,0.108,0.1087,1121296.4438300002
2026-02-26 01:00:00+00:00,0.1085,0.1096,0.1083,0.1087,588594.3905800001
2026-02-26 02:00:00+00:00,0.1087,0.11,0.1077,0.1099,553005.99822799
2026-02-26 03:00:00+00:00,0.1098,0.1102,0.1092,0.1092,515113.9467399999
2026-02-26 04:00:00+00:00,0.1093,0.1107,0.1091,0.1099,1980398.7045024496
2026-02-26 05:00:00+00:00,0.1097,0.1099,0.1082,0.1096,843099.0753683698
2026-02-26 06:00:00+00:00,0.1096,0.1106,0.1091,0.1103,751904.1348464902
2026-02-26 07:00:00+00:00,0.1103,0.1117,0.1103,0.1115,1056794.13152
2026-02-26 08:00:00+00:00,0.1117,0.1129,0.111,0.1127,1905269.4380618
2026-02-26 09:00:00+00:00,0.1126,0.1193,0.1123,0.1163,9516810.79410528
2026-02-26 10:00:00+00:00,0.1162,0.1182,0.1116,0.1116,4448071.982203378
2026-02-26 11:00:00+00:00,0.1116,0.1118,0.1097,0.1101,1697060.8617184197
2026-02-26 12:00:00+00:00,0.1101,0.1107,0.1089,0.1104,1586648.605721281
2026-02-26 13:00:00+00:00,0.1104,0.1104,0.1089,0.1091,1063038.9563700005
2026-02-26 14:00:00+00:00,0.1091,0.10953,0.1072,0.1086,2966107.3169550984
2026-02-26 15:00:00+00:00,0.1083,0.1084,0.1064,0.1077,1476691.86439742
2026-02-26 16:00:00+00:00,0.1078,0.1078,0.1036,0.104,2493445.090994959
2026-02-26 17:00:00+00:00,0.1039,0.105,0.1031,0.1036,2354080.4456809
2026-02-26 18:00:00+00:00,0.1035,0.10505,0.103,0.1049,1274673.5462425498
2026-02-26 19:00:00+00:00,0.1049,0.1069,0.1049,0.105,2582930.15662778
2026-02-26 20:00:00+00:00,0.1049,0.1056,0.1044,0.1047,826716.5578632399
2026-02-26 21:00:00+00:00,0.1046,0.10555,0.1045,0.1052,444068.14354146
2026-02-26 22:00:00+00:00,0.1052,0.10605,0.105,0.1059,468389.7735542
2026-02-26 23:00:00+00:00,0.106,0.106,0.105,0.1052,374154.09178695
2026-02-27 00:00:00+00:00,0.1052,0.1053,0.1043,0.1053,699463.6724173798
2026-02-27 01:00:00+00:00,0.1053,0.1055,0.1048,0.10524,708485.1123598597
2026-02-27 02:00:00+00:00,0.1051,0.1055,0.1046,0.1049,1033805.63298
2026-02-27 03:00:00+00:00,0.1049,0.1058,0.1043,0.1057,842343.6619899999
2026-02-27 04:00:00+00:00,0.1057,0.1088,0.1057,0.1075,6514235.14760346
2026-02-27 05:00:00+00:00,0.1074,0.1079,0.1066,0.1068,1283542.2406200003
2026-02-27 06:00:00+00:00,0.1067,0.1067,0.1049,0.1065,1655865.6031661998
2026-02-27 07:00:00+00:00,0.1064,0.107,0.1058,0.107,1069304.6198299995
2026-02-27 08:00:00+00:00,0.107,0.1079,0.1069,0.1079,826444.5704794799
2026-02-27 09:00:00+00:00,0.1079,0.109,0.1076,0.1081,1053817.34
2026-02-27 10:00:00+00:00,0.1078,0.1081,0.1059,0.1061,1197463.9236614702
2026-02-27 11:00:00+00:00,0.1062,0.107,0.1039,0.104,1483927.5757431895
2026-02-27 12:00:00+00:00,0.104,0.1043,0.1033,0.1039,1053263.6980328297
2026-02-27 13:00:00+00:00,0.1039,0.1046,0.1022,0.1044,2367100.857604389
2026-02-27 14:00:00+00:00,0.1043,0.1049,0.1034,0.1036,926098.99506833
2026-02-27 15:00:00+00:00,0.1037,0.1046,0.1034,0.1043,568033.42343804
2026-02-27 16:00:00+00:00,0.1043,0.1044,0.1022,0.1026,1023404.39485721
2026-02-27 17:00:00+00:00,0.1026,0.1032,0.1015,0.1031,883114.3143577201
2026-02-27 18:00:00+00:00,0.1031,0.1034,0.1022,0.1023,614350.2827068499
2026-02-27 19:00:00+00:00,0.1023,0.1024,0.1012,0.1017,607228.8864773999
2026-02-27 20:00:00+00:00,0.1017,0.10233,0.1017,0.1021,334841.61422431003
2026-02-27 21:00:00+00:00,0.1022,0.1026,0.1013,0.1017,395792.63896
2026-02-27 22:00:00+00:00,0.1017,0.1019,0.0997,0.1019,1079673.1232049498
2026-02-27 23:00:00+00:00,0.102,0.1028,0.102,0.1028,574464.4901810401
2026-02-28 00:00:00+00:00,0.1027,0.1041,0.1025,0.1039,707375.8495799999
2026-02-28 01:00:00+00:00,0.1042,0.1042,0.1027,0.1034,674079.3343302598
2026-02-28 02:00:00+00:00,0.1034,0.1043,0.1033,0.1043,267670.50238
2026-02-28 03:00:00+00:00,0.1042,0.1043,0.1034,0.1036,246772.61726000003
2026-02-28 04:00:00+00:00,0.1036,0.1037,0.1027,0.1034,304674.4673500001
2026-02-28 05:00:00+00:00,0.1032,0.1032,0.1016,0.102,282646.69899971
2026-02-28 06:00:00+00:00,0.102,0.102,0.096,0.0965,4718893.3855327815
2026-02-28 07:00:00+00:00,0.0963,0.0989,0.0956,0.0976,2145813.62030064
2026-02-28 08:00:00+00:00,0.0975,0.0975,0.0956,0.0956,1564383.9196965003
2026-02-28 09:00:00+00:00,0.0959,0.0966,0.0955,0.0957,1142996.7439599996
2026-02-28 10:00:00+00:00,0.0957,0.0967,0.0951,0.0958,820649.22343
2026-02-28 11:00:00+00:00,0.0958,0.096549,0.0953,0.0954,723758.2587585697
2026-02-28 12:00:00+00:00,0.0956,0.0964,0.0955,0.0963,1229728.8119999997
2026-02-28 13:00:00+00:00,0.0964,0.099,0.0954,0.0988,1194291.9585746902
2026-02-28 14:00:00+00:00,0.0989,0.0999,0.0978,0.0979,1431632.5398357797
2026-02-28 15:00:00+00:00,0.098,0.09891,0.0973,0.0984,1917800.1788783008
2026-02-28 16:00:00+00:00,0.0984,0.099,0.098,0.0989,481015.3339600001
2026-02-28 17:00:00+00:00,0.099,0.1,0.098271,0.1,2468809.2143590804
2026-02-28 18:00:00+00:00,0.0999,0.1021,0.0992,0.1015,989618.04195
2026-02-28 19:00:00+00:00,0.1016,0.1034,0.1005,0.1025,1071313.5285078
2026-02-28 20:00:00+00:00,0.1023,0.10695,0.102,0.1049,2254530.539063492
2026-02-28 21:00:00+00:00,0.1049,0.21291,0.1029,0.1033,1035592.95106609
2026-02-28 22:00:00+00:00,0.1036,0.23976,0.1034,0.104,987479.51697686
2026-02-28 23:00:00+00:00,0.1039,0.23273,0.1033,0.1042,516575.23149846005
2026-03-01 00:00:00+00:00,0.1043,0.1047,0.1031,0.1034,424108.9486100001
2026-03-01 01:00:00+00:00,0.1033,0.1066,0.1026,0.1057,980385.5203899998
2026-03-01 02:00:00+00:00,0.1058,0.1081,0.1058,0.1072,2386508.4006054
2026-03-01 03:00:00+00:00,0.1071,0.1074,0.1061,0.1066,758523.0948987398
2026-03-01 04:00:00+00:00,0.1066,0.1068,0.1051,0.1059,548183.14064
2026-03-01 05:00:00+00:00,0.1059,0.11297,0.1057,0.1062,455073.6097925101
2026-03-01 06:00:00+00:00,0.1063,0.1063,0.1042,0.1048,759864.44397
2026-03-01 07:00:00+00:00,0.1048,0.10956,0.1047,0.1058,328340.65830757003
2026-03-01 08:00:00+00:00,0.1058,0.1062,0.1044,0.1044,493903.8037700002
2026-03-01 09:00:00+00:00,0.1046,0.1056,0.1041,0.1044,435046.38302
2026-03-01 10:00:00+00:00,0.1046,0.1049,0.1037,0.1044,574064.1041399998
2026-03-01 11:00:00+00:00,0.1044,0.1046,0.1039,0.1042,173176.01679000002
2026-03-01 12:00:00+00:00,0.1041,0.1046,0.1036,0.1037,338976.02671000006
2026-03-01 13:00:00+00:00,0.1036,0.1063,0.1032,0.1057,872063.1345800003
2026-03-01 14:00:00+00:00,0.1059,0.1069,0.1046,0.1048,580180.0215900801
2026-03-01 15:00:00+00:00,0.1048,0.106,0.1038,0.1052,466478.63995708
2026-03-01 16:00:00+00:00,0.1054,0.1061,0.1031,0.104,725543.06319
2026-03-01 17:00:00+00:00,0.104,0.104,0.1025,0.1032,1392468.4311500003
2026-03-01 18:00:00+00:00,0.1032,0.1054,0.1032,0.1046,823693.8076899999
2026-03-01 19:00:00+00:00,0.1044,0.1045,0.1026,0.1028,649635.99165
2026-03-01 20:00:00+00:00,0.1028,0.1029,0.1008,0.1012,1389592.6002900002
2026-03-01 21:00:00+00:00,0.1011,0.1026,0.1011,0.1024,431425.4129499999
2026-03-01 22:00:00+00:00,0.1024,0.1047,0.1023,0.1027,2178295.23588
2026-03-01 23:00:00+00:00,0.1026,0.11768,0.1026,0.1035,833294.8983900001
2026-03-02 00:00:00+00:00,0.1036,0.1056,0.1033,0.1047,941938.3717
2026-03-02 01:00:00+00:00,0.1048,0.11572,0.1046,0.1056,516703.89679999993
2026-03-02 02:00:00+00:00,0.1057,0.11845,0.1043,0.1051,545281.78501113
2026-03-02 03:00:00+00:00,0.105,0.1066,0.1047,0.1061,837233.51175
2026-03-02 04:00:00+00:00,0.1062,0.1111,0.1058,0.1058,960889.38865711
2026-03-02 05:00:00+00:00,0.106,0.1062,0.1047,0.1048,968476.09029328
2026-03-02 06:00:00+00:00,0.1047,0.1053,0.1034,0.1037,547759.4901893301
2026-03-02 07:00:00+00:00,0.1038,0.1039,0.1025,0.1032,480944.5612634501
2026-03-02 08:00:00+00:00,0.1033,0.1038,0.102,0.1037,886953.9324299997
2026-03-02 09:00:00+00:00,0.1036,0.1048,0.1035,0.1038,557898.8669699999
2026-03-02 10:00:00+00:00,0.1039,0.104,0.1035,0.1039,319620.0044900001
2026-03-02 11:00:00+00:00,0.1039,0.1045,0.1036,0.104,549324.0141200002
2026-03-02 12:00:00+00:00,0.104,0.1041,0.1033,0.1035,436288.43575
2026-03-02 13:00:00+00:00,0.1034,0.1039,0.1028,0.1034,762743.03558
2026-03-02 14:00:00+00:00,0.1034,0.107,0.103,0.1067,1186902.9196406798
2026-03-02 15:00:00+00:00,0.1068,0.1107,0.1064,0.1095,2188236.07507064
2026-03-02 16:00:00+00:00,0.1096,0.1149,0.109,0.1138,5932668.951609899
2026-03-02 17:00:00+00:00,0.1137,0.1154,0.11267,0.1144,2863232.6628292594
2026-03-02 18:00:00+00:00,0.1144,0.1156,0.113,0.1143,1543970.2866393705
2026-03-02 19:00:00+00:00,0.1146,0.1166,0.1133,0.1157,1865602.9148431004
2026-03-02 20:00:00+00:00,0.1157,0.1179,0.1148,0.116,3050078.5643838304
2026-03-02 21:00:00+00:00,0.1159,0.1162,0.1142,0.1143,825532.9585750804
2026-03-02 22:00:00+00:00,0.1145,0.12252,0.1141,0.1158,989854.77362179
2026-03-02 23:00:00+00:00,0.116,0.116,0.1133,0.1139,1056092.69770863
2026-03-03 00:00:00+00:00,0.1139,0.11505,0.1129,0.1135,610846.10104406
2026-03-03 01:00:00+00:00,0.1136,0.114,0.1124,0.1134,692296.3577699999
2026-03-03 02:00:00+00:00,0.1132,0.1136,0.1124,0.1132,791901.8295200003
2026-03-03 03:00:00+00:00,0.1132,0.1134,0.1122,0.1131,437498.10582
2026-03-03 04:00:00+00:00,0.1132,0.1141,0.1129,0.113,506861.6023000001
2026-03-03 05:00:00+00:00,0.1132,0.1147,0.1124,0.1127,777762.8951899998
2026-03-03 06:00:00+00:00,0.1128,0.1133,0.1118,0.113,650414.66388
2026-03-03 07:00:00+00:00,0.1129,0.1151,0.1121,0.1131,1743332.4717999997
2026-03-03 08:00:00+00:00,0.1132,0.11522,0.1112,0.1113,916076.1079374504
2026-03-03 09:00:00+00:00,0.1112,0.1114,0.1083,0.1092,860133.3555510498
2026-03-03 10:00:00+00:00,0.109,0.1092,0.1081,0.1091,641524.4519555899
2026-03-03 11:00:00+00:00,0.1092,0.1095,0.10806,0.1092,519050.73184791993
2026-03-03 12:00:00+00:00,0.1091,0.1106,0.1089,0.1091,699281.2159874098
2026-03-03 13:00:00+00:00,0.1093,0.1093,0.108,0.1087,502878.90467800986
2026-03-03 14:00:00+00:00,0.1085,0.1093,0.1072,0.1082,1187047.1724759697
2026-03-03 15:00:00+00:00,0.1083,0.1156,0.1077,0.1091,785998.8726242699
2026-03-03 16:00:00+00:00,0.1089,0.1131,0.1089,0.1112,1194489.83523261
2026-03-03 17:00:00+00:00,0.1111,0.1116,0.1097,0.1113,877313.7687599998
2026-03-03 18:00:00+00:00,0.1114,0.113,0.1105,0.1117,543707.7801863999
2026-03-03 19:00:00+00:00,0.1118,0.112,0.1108,0.1108,983273.42785
2026-03-03 20:00:00+00:00,0.1107,0.1111,0.1099,0.11,1417063.14067
2026-03-03 21:00:00+00:00,0.11,0.11,0.1089,0.1097,526652.1404599997
2026-03-03 22:00:00+00:00,0.11,0.12094,0.11,0.1108,642050.6287274801
2026-03-03 23:00:00+00:00,0.11775,0.11775,0.1109,0.1112,400804.3908420201
2026-03-04 00:00:00+00:00,0.1113,0.11346,0.1107,0.1115,527635.18698421
2026-03-04 01:00:00+00:00,0.1115,0.11931,0.1111,0.1121,1026702.8713715002
2026-03-04 02:00:00+00:00,0.1122,0.11505,0.1115,0.1123,679673.5308037798
2026-03-04 03:00:00+00:00,0.1124,0.11505,0.1102,0.1109,841849.23025195
2026-03-04 04:00:00+00:00,0.111,0.1111,0.1099,0.1105,510394.64252000005
2026-03-04 05:00:00+00:00,0.1106,0.1114,0.1098,0.1112,460115.15483
2026-03-04 06:00:00+00:00,0.1111,0.1115,0.1101,0.1111,594926.6486700001
2026-03-04 07:00:00+00:00,0.1112,0.1124,0.1107,0.1117,589108.89349
2026-03-04 08:00:00+00:00,0.1117,0.1162,0.1115,0.1156,4153452.6664092704
2026-03-04 09:00:00+00:00,0.1155,0.1197,0.1155,0.119,3655457.596174611
2026-03-04 10:00:00+00:00,0.1191,0.1198,0.11573,0.1162,2607609.51931592
2026-03-04 11:00:00+00:00,0.1163,0.1163,0.1148,0.1159,791820.2285021599
2026-03-04 12:00:00+00:00,0.1159,0.1161,0.1146,0.1153,681059.2433999999
2026-03-04 13:00:00+00:00,0.1152,0.117,0.1152,0.1169,619458.5371000001
2026-03-04 14:00:00+00:00,0.1169,0.1191,0.1158,0.1161,1741874.3482052295
2026-03-04 15:00:00+00:00,0.116,0.1196,0.116,0.1194,2147977.62658194
2026-03-04 16:00:00+00:00,0.1193,0.1197,0.1177,0.1183,1163376.78955
2026-03-04 17:00:00+00:00,0.1183,0.1189,0.11586,0.1171,668339.5503121202
2026-03-04 18:00:00+00:00,0.1172,0.1177,0.1161,0.1173,561431.0087107699
2026-03-04 19:00:00+00:00,0.1174,0.1192,0.11716,0.1186,935213.68274386
2026-03-04 20:00:00+00:00,0.1185,0.1188,0.1173,0.1175,591540.4018923299
2026-03-04 21:00:00+00:00,0.1175,0.1186,0.11711,0.1184,333805.32299847016
2026-03-04 22:00:00+00:00,0.1185,0.12352,0.1175,0.1177,1234870.7622059598
2026-03-04 23:00:00+00:00,0.1177,0.11932,0.1155,0.1174,1011318.9662456398
2026-03-05 00:00:00+00:00,0.1175,0.11932,0.1166,0.1168,564661.4081912601
2026-03-05 01:00:00+00:00,0.1166,0.11752,0.11535,0.1164,1355087.7223639004
2026-03-05 02:00:00+00:00,0.1164,0.1182,0.1164,0.1179,610747.7871900001
2026-03-05 03:00:00+00:00,0.1179,0.118,0.1168,0.1175,458213.7690900001
2026-03-05 04:00:00+00:00,0.1175,0.1186,0.1172,0.1177,1270015.8096299998
2026-03-05 05:00:00+00:00,0.1175,0.1178,0.11564,0.1163,632514.8127431299
2026-03-05 06:00:00+00:00,0.1161,0.119,0.1157,0.1187,710376.82599
2026-03-05 07:00:00+00:00,0.1188,0.119,0.1164,0.117,1727942.0216700002
2026-03-05 08:00:00+00:00,0.1169,0.1183,0.1166,0.1171,653956.823
2026-03-05 09:00:00+00:00,0.1173,0.1179,0.1173,0.1176,426885.43374
2026-03-05 10:00:00+00:00,0.1175,0.1189,0.1174,0.1183,386800.40727
2026-03-05 11:00:00+00:00,0.1182,0.1182,0.1156,0.1159,717458.4596899999
2026-03-05 12:00:00+00:00,0.1158,0.117,0.1155,0.1167,532297.04165
2026-03-05 13:00:00+00:00,0.1166,0.1168,0.1153,0.1157,1145390.3957500004
2026-03-05 14:00:00+00:00,0.1157,0.1174,0.1155,0.1171,1496364.0230200002
2026-03-05 15:00:00+00:00,0.1171,0.1171,0.1146,0.1153,920296.20539951
2026-03-05 16:00:00+00:00,0.1153,0.11616,0.1127,0.1142,1436333.1448299005
2026-03-05 17:00:00+00:00,0.1143,0.11739,0.1123,0.1125,1044490.5980051496
2026-03-05 18:00:00+00:00,0.1127,0.1141,0.1126,0.1139,427606.15591999993
2026-03-05 19:00:00+00:00,0.114,0.1157,0.114,0.1153,891566.73648
2026-03-05 20:00:00+00:00,0.1153,0.1172,0.115,0.117,668175.08909466
2026-03-05 21:00:00+00:00,0.1169,0.1174,0.1148,0.1155,1404064.58261
2026-03-05 22:00:00+00:00,0.1155,0.11767,0.1151,0.1159,356285.85732637
2026-03-05 23:00:00+00:00,0.1158,0.1162,0.115,0.1152,872963.2482548499
2026-03-06 00:00:00+00:00,0.1151,0.1178,0.1146,0.1148,590434.19637242
2026-03-06 01:00:00+00:00,0.1148,0.11548,0.11357,0.1153,468981.92666928
2026-03-06 02:00:00+00:00,0.1153,0.1156,0.1146,0.1147,303001.2933000001
2026-03-06 03:00:00+00:00,0.1147,0.11727,0.1141,0.1143,246059.34973752004
2026-03-06 04:00:00+00:00,0.1142,0.11715,0.1127,0.1133,740565.13740125
2026-03-06 05:00:00+00:00,0.1134,0.1139,0.1123,0.1134,695069.8858234402
2026-03-06 06:00:00+00:00,0.1134,0.1144,0.1132,0.1142,227007.44816
2026-03-06 07:00:00+00:00,0.1143,0.1162,0.1141,0.1158,368264.69794317
2026-03-06 08:00:00+00:00,0.1157,0.1158,0.115,0.115,252747.75612000003
2026-03-06 09:00:00+00:00,0.1149,0.1149,0.1129,0.1137,487735.9631276299
2026-03-06 10:00:00+00:00,0.1136,0.1147,0.1136,0.1141,458328.56689
2026-03-06 11:00:00+00:00,0.1142,0.11666,0.1128,0.1129,415903.5877312801
2026-03-06 12:00:00+00:00,0.1129,0.1132,0.1118,0.1126,956041.00302725
2026-03-06 13:00:00+00:00,0.1127,0.11604,0.1101,0.1101,2172468.1931420704
2026-03-06 14:00:00+00:00,0.1102,0.1106,0.1075,0.1079,2561412.00002076
2026-03-06 15:00:00+00:00,0.108,0.1084,0.1064,0.107,912530.4663002098
2026-03-06 16:00:00+00:00,0.1068,0.1071,0.1063,0.1067,421259.03803
2026-03-06 17:00:00+00:00,0.1066,0.1069,0.1048,0.1052,660844.7085146199
2026-03-06 18:00:00+00:00,0.105,0.10822,0.1049,0.1056,1145848.0327356698
2026-03-06 19:00:00+00:00,0.1057,0.1063,0.10495,0.1056,302179.33644366
2026-03-06 20:00:00+00:00,0.1056,0.10822,0.1048,0.1056,741083.3354955498
2026-03-06 21:00:00+00:00,0.1056,0.10822,0.1053,0.1056,817361.9865121299
2026-03-06 22:00:00+00:00,0.1056,0.1056,0.1041,0.1047,1159463.5722353703
2026-03-06 23:00:00+00:00,0.1048,0.10747,0.1043,0.1048,108223.73973758
2026-03-07 00:00:00+00:00,0.1048,0.105,0.1041,0.1048,403790.98461
2026-03-07 01:00:00+00:00,0.1048,0.1048,0.1037,0.104,654817.3391313702
2026-03-07 02:00:00+00:00,0.1039,0.1043,0.1036,0.1038,723643.2143300001
2026-03-07 03:00:00+00:00,0.1038,0.10597,0.1024,0.1024,719481.0658706699
2026-03-07 04:00:00+00:00,0.1025,0.1025,0.1016,0.1025,509607.87439435
2026-03-07 05:00:00+00:00,0.1024,0.10524,0.1022,0.1024,216534.0202534
2026-03-07 06:00:00+00:00,0.1022,0.1024,0.1017,0.1017,315551.6693800001
2026-03-07 07:00:00+00:00,0.1017,0.10349,0.101,0.1015,640069.9490915001
2026-03-07 08:00:00+00:00,0.1014,0.1035,0.1013,0.1017,670074.97123369
2026-03-07 09:00:00+00:00,0.1017,0.1083,0.1014,0.1021,693047.0132002499
2026-03-07 10:00:00+00:00,0.1021,0.10507,0.1021,0.1023,549216.4559536099
2026-03-07 11:00:00+00:00,0.1023,0.1029,0.102,0.1027,388714.29246896
2026-03-07 12:00:00+00:00,0.1028,0.1028,0.1017,0.1017,621793.22501
2026-03-07 13:00:00+00:00,0.1018,0.10289,0.1018,0.1026,460273.49239423
2026-03-07 14:00:00+00:00,0.1026,0.10289,0.1,0.1016,2512399.9919210705
2026-03-07 15:00:00+00:00,0.1016,0.1016,0.1003,0.1008,644550.6020300001
2026-03-07 16:00:00+00:00,0.1008,0.1019,0.1008,0.1019,618877.8107100001
2026-03-07 17:00:00+00:00,0.1019,0.1027,0.1019,0.1022,423429.74476
2026-03-07 18:00:00+00:00,0.1022,0.1022,0.1011,0.1014,645499.3873
2026-03-07 19:00:00+00:00,0.1015,0.1015,0.1003,0.1007,383077.56691
2026-03-07 20:00:00+00:00,0.1007,0.1014,0.1007,0.1011,347967.3572100001
2026-03-07 21:00:00+00:00,0.1011,0.1013,0.1006,0.1009,246575.50164
2026-03-07 22:00:00+00:00,0.101,0.1011,0.0991,0.1001,739120.5121697701
2026-03-07 23:00:00+00:00,0.1,0.1009,0.1,0.1009,222963.38036
2026-03-08 00:00:00+00:00,0.1009,0.1013,0.1009,0.1009,281323.19449
2026-03-08 01:00:00+00:00,0.1009,0.1011,0.1004,0.1009,252867.76139
2026-03-08 02:00:00+00:00,0.1008,0.1012,0.0999,0.1,479135.88579162
2026-03-08 03:00:00+00:00,0.1,0.1006,0.1,0.1002,848311.3765
2026-03-08 04:00:00+00:00,0.1002,0.10076,0.0988,0.0993,733469.12189721
2026-03-08 05:00:00+00:00,0.0993,0.1003,0.0993,0.1,340939.2170400001
2026-03-08 06:00:00+00:00,0.0999,0.1001,0.099,0.0996,315511.39447000006
2026-03-08 07:00:00+00:00,0.0995,0.1003,0.0995,0.0998,364862.69016
2026-03-08 08:00:00+00:00,0.0998,0.1002,0.0993,0.1001,455226.05459983
2026-03-08 09:00:00+00:00,0.0999,0.1007,0.0998,0.1002,349830.50244
2026-03-08 10:00:00+00:00,0.1001,0.1016,0.1001,0.1008,710514.5044699999
2026-03-08 11:00:00+00:00,0.1008,0.1008,0.0997,0.1001,484780.66145
2026-03-08 12:00:00+00:00,0.1,0.1012,0.0991,0.1005,554459.3759354401
2026-03-08 13:00:00+00:00,0.1005,0.1005,0.09869,0.0995,682109.1380529598
2026-03-08 14:00:00+00:00,0.0995,0.0998,0.099,0.0995,392049.89318
2026-03-08 15:00:00+00:00,0.0995,0.10086,0.0981,0.099,554826.2539123001
2026-03-08 16:00:00+00:00,0.0989,0.10422,0.0979,0.0981,489731.60791634006
2026-03-08 17:00:00+00:00,0.0981,0.1,0.09796,0.0984,371102.22985201
2026-03-08 18:00:00+00:00,0.0985,0.0986,0.098,0.0985,763676.60355
2026-03-08 19:00:00+00:00,0.0985,0.1003,0.0983,0.0999,801750.65621
2026-03-08 20:00:00+00:00,0.0998,0.1004,0.0992,0.0995,967223.74581
2026-03-08 21:00:00+00:00,0.0996,0.0996,0.0988,0.0994,477105.49255
2026-03-08 22:00:00+00:00,0.0993,0.0998,0.0967,0.0993,1626105.1306576903
2026-03-08 23:00:00+00:00,0.0994,0.10022,0.0984,0.0987,1415624.65042498
2026-03-09 00:00:00+00:00,0.0988,0.10094,0.0987,0.0999,888298.0398225202
2026-03-09 01:00:00+00:00,0.0998,0.1002,0.0991,0.0991,656333.6869199998
2026-03-09 02:00:00+00:00,0.099,0.1002,0.0986,0.0999,544907.33262
2026-03-09 03:00:00+00:00,0.0998,0.1019,0.0998,0.1002,969144.31109996
2026-03-09 04:00:00+00:00,0.1003,0.1011,0.1,0.1002,816255.2304000001
2026-03-09 05:00:00+00:00,0.1,0.1027,0.0999,0.1023,960388.42711
2026-03-09 06:00:00+00:00,0.1024,0.1024,0.1009,0.101,734921.41961
2026-03-09 07:00:00+00:00,0.1009,0.1017,0.1001,0.1014,597563.7332700001
2026-03-09 08:00:00+00:00,0.1016,0.1025,0.1014,0.1016,530238.02801
2026-03-09 09:00:00+00:00,0.1016,0.1026,0.1009,0.1016,623345.6413000001
2026-03-09 10:00:00+00:00,0.1018,0.1044,0.1008,0.1012,455692.86118171
2026-03-09 11:00:00+00:00,0.1012,0.1015,0.1003,0.1013,405003.4326245701
2026-03-09 12:00:00+00:00,0.1013,0.10481,0.1011,0.1014,510658.6694435699
2026-03-09 13:00:00+00:00,0.1013,0.1033,0.1011,0.1031,745435.2889200001
2026-03-09 14:00:00+00:00,0.103,0.1039,0.1025,0.1034,969359.7188499996
2026-03-09 15:00:00+00:00,0.1035,0.1038,0.1026,0.1034,807197.6174600001
2026-03-09 16:00:00+00:00,0.1033,0.1037,0.1025,0.1028,378217.0277
2026-03-09 17:00:00+00:00,0.1028,0.1031,0.102,0.1025,427187.21901999984
2026-03-09 18:00:00+00:00,0.1023,0.1027,0.1016,0.1021,968079.4954
2026-03-09 19:00:00+00:00,0.1021,0.1049,0.1017,0.1026,616367.4889572001
2026-03-09 20:00:00+00:00,0.1027,0.1027,0.1017,0.1025,764147.7037200001
2026-03-09 21:00:00+00:00,0.1023,0.1027,0.1018,0.1025,462711.12322473
2026-03-09 22:00:00+00:00,0.1026,0.10449,0.1009,0.1012,656822.3885818903
2026-03-09 23:00:00+00:00,0.1011,0.1018,0.1007,0.101,901264.29449784
2026-03-10 00:00:00+00:00,0.1011,0.10557,0.101,0.1017,394377.36054046
2026-03-10 01:00:00+00:00,0.1017,0.1024,0.1009,0.1022,959616.0404676304
2026-03-10 02:00:00+00:00,0.1022,0.10451,0.1019,0.1036,599677.6332316999
2026-03-10 03:00:00+00:00,0.1036,0.1037,0.1012,0.1014,1147862.5574991894
2026-03-10 04:00:00+00:00,0.1015,0.1028,0.1014,0.1019,426357.83652
2026-03-10 05:00:00+00:00,0.1019,0.1022,0.1011,0.1014,940060.7449
2026-03-10 06:00:00+00:00,0.1015,0.102,0.1013,0.102,542497.9827299999
2026-03-10 07:00:00+00:00,0.1019,0.1032,0.1019,0.1029,778559.8577999999
2026-03-10 08:00:00+00:00,0.103,0.104,0.103,0.1037,498864.79101
2026-03-10 09:00:00+00:00,0.1038,0.1053,0.1037,0.1049,371445.21140677016
2026-03-10 10:00:00+00:00,0.1048,0.1048,0.10348,0.1047,405419.2175184299
2026-03-10 11:00:00+00:00,0.1047,0.1047,0.1039,0.1042,182455.37304742003
2026-03-10 12:00:00+00:00,0.1042,0.1042,0.1031,0.1035,390880.14726000006
2026-03-10 13:00:00+00:00,0.1037,0.1044,0.1024,0.1034,415942.5155800001
2026-03-10 14:00:00+00:00,0.1032,0.1063,0.1022,0.1063,469266.6387724901
2026-03-10 15:00:00+00:00,0.1064,0.10673,0.1049,0.1063,422743.10195
2026-03-10 16:00:00+00:00,0.1063,0.1069,0.1052,0.1064,606824.5969587602
2026-03-10 17:00:00+00:00,0.1062,0.10726,0.1047,0.1055,513604.77271773
2026-03-10 18:00:00+00:00,0.1056,0.1056,0.103,0.1035,601924.3741717802
2026-03-10 19:00:00+00:00,0.1035,0.1037,0.1026,0.103,645381.8488341898
2026-03-10 20:00:00+00:00,0.103,0.10625,0.103,0.1038,226750.1994499
2026-03-10 21:00:00+00:00,0.1037,0.1042,0.1024,0.1024,424471.73299442994
2026-03-10 22:00:00+00:00,0.10559,0.10574,0.1021,0.1028,459543.9868153601
2026-03-10 23:00:00+00:00,0.1029,0.1033,0.1028,0.103,272917.93771
2026-03-11 00:00:00+00:00,0.1029,0.1033,0.1024,0.1032,241222.53155
2026-03-11 01:00:00+00:00,0.1031,0.1032,0.1025,0.1029,183798.41201
2026-03-11 02:00:00+00:00,0.103,0.1031,0.1024,0.1029,314384.99068000005
2026-03-11 03:00:00+00:00,0.1029,0.1033,0.102,0.1026,226326.11658
2026-03-11 04:00:00+00:00,0.1024,0.1028,0.1022,0.1025,478753.3309400001
2026-03-11 05:00:00+00:00,0.1026,0.1027,0.101,0.1012,1103576.04618381
2026-03-11 06:00:00+00:00,0.10149,0.102,0.101,0.1017,181290.83979765
2026-03-11 07:00:00+00:00,0.1017,0.1041,0.101,0.1014,194484.71556636
2026-03-11 08:00:00+00:00,0.1013,0.10431,0.1008,0.1015,426558.63726636994
2026-03-11 09:00:00+00:00,0.1014,0.1016,0.1011,0.1014,2665006.9491899987
2026-03-11 10:00:00+00:00,0.1014,0.11003,0.1012,0.1024,1538085.6561347507
2026-03-11 11:00:00+00:00,0.1023,0.10578,0.1021,0.1024,354623.16464485
2026-03-11 12:00:00+00:00,0.1024,0.1045,0.1022,0.1035,475694.3230300001
2026-03-11 13:00:00+00:00,0.1034,0.107,0.1034,0.105,521488.1992213399
2026-03-11 14:00:00+00:00,0.1051,0.1067,0.1051,0.1052,1074585.2623800002
2026-03-11 15:00:00+00:00,0.1052,0.1053,0.103,0.1046,890427.03688483
2026-03-11 16:00:00+00:00,0.1046,0.10672,0.10385,0.1049,828069.3333044896
2026-03-11 17:00:00+00:00,0.1051,0.1061,0.1044,0.1047,1943947.99548
2026-03-11 18:00:00+00:00,0.1048,0.106,0.1047,0.1059,418642.1073200002
2026-03-11 19:00:00+00:00,0.1059,0.1062,0.1052,0.1057,875335.0853600001
2026-03-11 20:00:00+00:00,0.1056,0.1057,0.105,0.1056,538415.9852199998
2026-03-11 21:00:00+00:00,0.1056,0.1083,0.1053,0.1057,2354769.93849
2026-03-11 22:00:00+00:00,0.1057,0.1059,0.1049,0.1051,717959.1769099998
2026-03-11 23:00:00+00:00,0.1052,0.1056,0.1044,0.1048,693865.7558700001
2026-03-12 00:00:00+00:00,0.105,0.1057,0.1048,0.1053,586521.4555800001
2026-03-12 01:00:00+00:00,0.1053,0.1055,0.1047,0.1053,522312.3870100001
2026-03-12 02:00:00+00:00,0.1053,0.1058,0.104,0.1042,671466.94054912
2026-03-12 03:00:00+00:00,0.1042,0.1048,0.1037,0.1038,586938.2431200001
2026-03-12 04:00:00+00:00,0.1038,0.105,0.1036,0.104,501100.3219225699
2026-03-12 05:00:00+00:00,0.1039,0.10499,0.1034,0.1039,587445.8246241498
2026-03-12 06:00:00+00:00,0.1038,0.1047,0.1036,0.1038,952501.22181
2026-03-12 07:00:00+00:00,0.1038,0.1045,0.1036,0.1043,810021.08791
2026-03-12 08:00:00+00:00,0.1043,0.1054,0.1043,0.1047,813687.8520954299
2026-03-12 09:00:00+00:00,0.1047,0.10823,0.1041,0.1046,539856.6798264901
2026-03-12 10:00:00+00:00,0.1046,0.1055,0.1039,0.1052,727201.9812599996
2026-03-12 11:00:00+00:00,0.1051,0.1051,0.1041,0.1042,644384.2723164599
2026-03-12 12:00:00+00:00,0.1042,0.1051,0.1041,0.1048,783026.293
2026-03-12 13:00:00+00:00,0.1049,0.10746,0.104,0.1044,2823564.07184903
2026-03-12 14:00:00+00:00,0.1045,0.1051,0.1026,0.1036,1957818.2061985992
2026-03-12 15:00:00+00:00,0.1036,0.10598,0.1032,0.1051,761002.0412722601
2026-03-12 16:00:00+00:00,0.1053,0.1066,0.1046,0.106,638512.2275200003
2026-03-12 17:00:00+00:00,0.1059,0.1062,0.10418,0.1056,574437.47799362
2026-03-12 18:00:00+00:00,0.1055,0.1057,0.10476,0.1052,719032.2549543902
2026-03-12 19:00:00+00:00,0.1053,0.1065,0.1049,0.1062,809372.50067
2026-03-12 20:00:00+00:00,0.1062,0.1064,0.1052,0.1052,368348.66911
2026-03-12 21:00:00+00:00,0.1053,0.1064,0.1053,0.1064,516067.2816499999
2026-03-12 22:00:00+00:00,0.1063,0.1066,0.1059,0.1062,488171.42615
2026-03-12 23:00:00+00:00,0.1063,0.1074,0.10613,0.1064,408893.10684103
2026-03-13 00:00:00+00:00,0.1065,0.1097,0.1063,0.1082,781808.28213
2026-03-13 01:00:00+00:00,0.1083,0.11052,0.10728,0.11,1175392.1429539002
2026-03-13 02:00:00+00:00,0.11,0.1103,0.1095,0.11,727201.8182999999
2026-03-13 03:00:00+00:00,0.11,0.1121,0.10952,0.1116,532671.72821026
2026-03-13 04:00:00+00:00,0.11107,0.1125,0.111,0.1119,841119.83714539
2026-03-13 05:00:00+00:00,0.1119,0.1121,0.1111,0.1112,645536.8358263401
2026-03-13 06:00:00+00:00,0.1112,0.1119,0.1109,0.1113,400417.0661200001
2026-03-13 07:00:00+00:00,0.1112,0.1131,0.111,0.1122,905029.37120412
2026-03-13 08:00:00+00:00,0.1122,0.1144,0.1116,0.1131,1188508.32505
2026-03-13 09:00:00+00:00,0.1131,0.1149,0.11181,0.114,1326417.1972346902
2026-03-13 10:00:00+00:00,0.1142,0.1152,0.1135,0.1138,863020.38788634
2026-03-13 11:00:00+00:00,0.1136,0.1146,0.1132,0.1136,528208.48241486
2026-03-13 12:00:00+00:00,0.1135,0.1152,0.11286,0.1143,418810.3295372401
2026-03-13 13:00:00+00:00,0.1144,0.1163,0.11362,0.1148,1383381.60571249
2026-03-13 14:00:00+00:00,0.1149,0.1156,0.11188,0.1122,1165801.69556605
2026-03-13 15:00:00+00:00,0.1122,0.11521,0.1115,0.112,1216122.25864514
2026-03-13 16:00:00+00:00,0.1121,0.1124,0.1111,0.1118,695313.6354970899
2026-03-13 17:00:00+00:00,0.1117,0.1122,0.10891,0.1097,1921414.1293828096
2026-03-13 18:00:00+00:00,0.1096,0.1101,0.109,0.1094,533685.74883
2026-03-13 19:00:00+00:00,0.1093,0.1096,0.1089,0.1092,292668.0960993001
2026-03-13 20:00:00+00:00,0.1092,0.1098,0.109,0.1097,227289.93360000005
2026-03-13 21:00:00+00:00,0.1098,0.1103,0.1091,0.1092,101111.48278327
2026-03-13 22:00:00+00:00,0.1093,0.1093,0.1079,0.1084,434711.86365968006
2026-03-13 23:00:00+00:00,0.1083,0.11127,0.10793,0.1087,264411.73246447986
2026-03-14 00:00:00+00:00,0.1086,0.1086,0.1075,0.1075,265655.26243
2026-03-14 01:00:00+00:00,0.1074,0.1084,0.1074,0.1082,362520.3508742701
2026-03-14 02:00:00+00:00,0.1081,0.1086,0.10747,0.1086,240142.35874963
2026-03-14 03:00:00+00:00,0.1087,0.11,0.1087,0.1097,400127.55314
2026-03-14 04:00:00+00:00,0.1096,0.1105,0.1094,0.1095,478458.26368000015
2026-03-14 05:00:00+00:00,0.1096,0.1096,0.1086,0.1088,221366.21637
2026-03-14 06:00:00+00:00,0.1086,0.1086,0.107,0.1076,547011.11373462
2026-03-14 07:00:00+00:00,0.1076,0.1079,0.1071,0.1074,154566.73750000002
2026-03-14 08:00:00+00:00,0.1073,0.1075,0.1072,0.1074,181836.97719
2026-03-14 09:00:00+00:00,0.1074,0.108,0.1072,0.1076,339484.71157
2026-03-14 10:00:00+00:00,0.1075,0.10752,0.1067,0.1069,379663.612664
2026-03-14 11:00:00+00:00,0.1069,0.1074,0.1068,0.1072,342864.85524872004
2026-03-14 12:00:00+00:00,0.1072,0.1073,0.1066,0.107,167898.02407
2026-03-14 13:00:00+00:00,0.1071,0.11093,0.1069,0.108,388231.6464297599
2026-03-14 14:00:00+00:00,0.108,0.1083,0.1074,0.1075,324999.28417494
2026-03-14 15:00:00+00:00,0.1075,0.1079,0.1072,0.1079,200170.19927485
2026-03-14 16:00:00+00:00,0.1076,0.1086,0.1075,0.1084,394384.22769
2026-03-14 17:00:00+00:00,0.1083,0.1083,0.1076,0.1077,376283.2030899999
2026-03-14 18:00:00+00:00,0.1075,0.1077,0.1074,0.1074,169419.08736
2026-03-14 19:00:00+00:00,0.1073,0.1073,0.1067,0.1068,138577.7999
2026-03-14 20:00:00+00:00,0.1069,0.107,0.1067,0.1069,107205.3421
2026-03-14 21:00:00+00:00,0.1068,0.11017,0.1064,0.1072,283411.25484595
2026-03-14 22:00:00+00:00,0.1073,0.1073,0.10669,0.1071,202681.61329299
2026-03-14 23:00:00+00:00,0.1072,0.1082,0.1072,0.108,460227.15476
2026-03-15 00:00:00+00:00,0.1079,0.1081,0.1072,0.1074,290456.32043
2026-03-15 01:00:00+00:00,0.1074,0.1088,0.1072,0.1087,329246.33219
2026-03-15 02:00:00+00:00,0.1088,0.1102,0.1088,0.1094,908220.79389
2026-03-15 03:00:00+00:00,0.1095,0.1099,0.1087,0.1091,577779.0976099999
2026-03-15 04:00:00+00:00,0.1093,0.1095,0.1085,0.1087,271413.60228000005
2026-03-15 05:00:00+00:00,0.1087,0.1094,0.1085,0.1088,339781.65627000004
2026-03-15 06:00:00+00:00,0.1088,0.1088,0.1079,0.108,202112.7223
2026-03-15 07:00:00+00:00,0.108,0.1084,0.1079,0.1084,168816.30972000002
2026-03-15 08:00:00+00:00,0.1085,0.1087,0.1081,0.1086,566917.91508
2026-03-15 09:00:00+00:00,0.1086,0.1091,0.1085,0.1086,778149.0692599999
2026-03-15 10:00:00+00:00,0.1086,0.1089,0.1085,0.1089,161254.10821999997
2026-03-15 11:00:00+00:00,0.1088,0.1089,0.1085,0.1089,203504.34043
2026-03-15 12:00:00+00:00,0.1089,0.1098,0.1088,0.1091,195557.30861
2026-03-15 13:00:00+00:00,0.1091,0.1093,0.1076,0.1082,926706.4476500002
2026-03-15 14:00:00+00:00,0.1083,0.1084,0.1074,0.1082,949254.3160499998
2026-03-15 15:00:00+00:00,0.1082,0.1082,0.10766,0.1081,1102772.6565074895
2026-03-15 16:00:00+00:00,0.108,0.1085,0.1077,0.1078,815374.2884600002
2026-03-15 17:00:00+00:00,0.1079,0.109,0.10754,0.1088,275085.23411106004
2026-03-15 18:00:00+00:00,0.1089,0.1092,0.1077,0.1079,431440.05562000006
2026-03-15 19:00:00+00:00,0.108,0.109,0.108,0.109,271945.99827765994
2026-03-15 20:00:00+00:00,0.109,0.11,0.1085,0.1094,460656.7373388499
2026-03-15 21:00:00+00:00,0.1094,0.1107,0.109,0.1103,1471133.3306653898
2026-03-15 22:00:00+00:00,0.1102,0.1115,0.109,0.111,1078482.0314399998
2026-03-15 23:00:00+00:00,0.1112,0.1114,0.1095,0.1105,647019.5969900001
2026-03-16 00:00:00+00:00,0.1105,0.1111,0.11,0.1106,385535.81464
2026-03-16 01:00:00+00:00,0.1106,0.1115,0.11,0.1111,240427.77385
2026-03-16 02:00:00+00:00,0.111,0.1115,0.1105,0.1113,297167.13997
2026-03-16 03:00:00+00:00,0.111,0.1136,0.11079,0.1126,707787.7650627001
2026-03-16 04:00:00+00:00,0.1128,0.1143,0.1126,0.1138,962668.5464764396
2026-03-16 05:00:00+00:00,0.1139,0.116,0.1136,0.1157,1259339.8375247605
2026-03-16 06:00:00+00:00,0.1159,0.1171,0.1147,0.116,921748.38782891
2026-03-16 07:00:00+00:00,0.1163,0.1177,0.1162,0.1172,1457942.4413340103
2026-03-16 08:00:00+00:00,0.1173,0.11901,0.1165,0.1169,913231.4200228298
2026-03-16 09:00:00+00:00,0.1168,0.1176,0.1166,0.1168,709346.6807700002
2026-03-16 10:00:00+00:00,0.1169,0.1169,0.1155,0.1162,477575.0014200001
2026-03-16 11:00:00+00:00,0.1162,0.1163,0.1152,0.1153,313933.03105
2026-03-16 12:00:00+00:00,0.1152,0.1193,0.1148,0.1157,683797.93737856
2026-03-16 13:00:00+00:00,0.1158,0.1174,0.1152,0.1166,830039.95367
2026-03-16 14:00:00+00:00,0.1167,0.1176,0.11525,0.1173,847368.6927895601
2026-03-16 15:00:00+00:00,0.117,0.118,0.1168,0.1171,1100238.4669299996
2026-03-16 16:00:00+00:00,0.117,0.12093,0.1168,0.1181,704471.6539895198
2026-03-16 17:00:00+00:00,0.1181,0.121,0.11757,0.1181,840856.3120854899
2026-03-16 18:00:00+00:00,0.118,0.12099,0.1178,0.1179,873453.5567231999
2026-03-16 19:00:00+00:00,0.1178,0.119,0.11711,0.1183,466894.4588839301
2026-03-16 20:00:00+00:00,0.1184,0.1188,0.118,0.1188,499407.03221
2026-03-16 21:00:00+00:00,0.1187,0.1195,0.118,0.1186,626611.95821
2026-03-16 22:00:00+00:00,0.1187,0.1206,0.1187,0.1202,1777861.41538
2026-03-16 23:00:00+00:00,0.12,0.1203,0.1193,0.1198,592068.9060300002
2026-03-17 00:00:00+00:00,0.1195,0.1198,0.118,0.1194,1125087.9650500002
2026-03-17 01:00:00+00:00,0.1195,0.12,0.1184,0.1192,754582.8442099999
2026-03-17 02:00:00+00:00,0.1191,0.1192,0.1181,0.1181,720497.1919399997
2026-03-17 03:00:00+00:00,0.1182,0.1182,0.1166,0.1171,680581.40685558
2026-03-17 04:00:00+00:00,0.1172,0.11824,0.115,0.1156,736102.7002841999
2026-03-17 05:00:00+00:00,0.1156,0.116,0.1147,0.1152,341675.41067999986
2026-03-17 06:00:00+00:00,0.1154,0.11849,0.1151,0.1162,502087.4540684
2026-03-17 07:00:00+00:00,0.1162,0.1177,0.1162,0.1172,473646.78536
2026-03-17 08:00:00+00:00,0.1172,0.1176,0.1166,0.1168,347410.2614400001
2026-03-17 09:00:00+00:00,0.1169,0.1172,0.1163,0.1167,336093.5018899999
2026-03-17 10:00:00+00:00,0.1166,0.1166,0.116,0.1166,308126.85433
2026-03-17 11:00:00+00:00,0.1167,0.1173,0.1165,0.1166,262170.30762
2026-03-17 12:00:00+00:00,0.1165,0.1166,0.1153,0.1154,684698.65414
2026-03-17 13:00:00+00:00,0.1156,0.1167,0.1151,0.1156,552533.7779199999
2026-03-17 14:00:00+00:00,0.1155,0.117,0.1153,0.1166,528764.35855
2026-03-17 15:00:00+00:00,0.1166,0.1175,0.1153,0.116,495590.2248799999
2026-03-17 16:00:00+00:00,0.1162,0.1167,0.1157,0.1162,256698.00125
2026-03-17 17:00:00+00:00,0.1163,0.1169,0.116,0.1169,230739.3695399999
2026-03-17 18:00:00+00:00,0.1168,0.1174,0.1166,0.1169,423551.40266
2026-03-17 19:00:00+00:00,0.1169,0.117,0.116,0.1161,224485.28953
2026-03-17 20:00:00+00:00,0.1161,0.117,0.116,0.117,229767.32325
2026-03-17 21:00:00+00:00,0.117,0.1189,0.1169,0.1181,505415.22767878
2026-03-17 22:00:00+00:00,0.1182,0.11933,0.1175,0.1183,962242.31164685
2026-03-17 23:00:00+00:00,0.1184,0.1184,0.1164,0.1167,239805.0190766
2026-03-18 00:00:00+00:00,0.1168,0.11859,0.1152,0.1162,399546.5879619701
2026-03-18 01:00:00+00:00,0.1163,0.1168,0.1161,0.1162,243316.51929
2026-03-18 02:00:00+00:00,0.1162,0.11893,0.1162,0.1168,248431.57678735
2026-03-18 03:00:00+00:00,0.117,0.1178,0.1167,0.1169,308892.5118200001
2026-03-18 04:00:00+00:00,0.117,0.11926,0.1156,0.1165,219367.66967200005
2026-03-18 05:00:00+00:00,0.1165,0.1175,0.116,0.1161,292779.8442399999
2026-03-18 06:00:00+00:00,0.1162,0.11926,0.116,0.116,170338.79226375
2026-03-18 07:00:00+00:00,0.1159,0.11688,0.1146,0.1153,533225.58460686
2026-03-18 08:00:00+00:00,0.1154,0.1185,0.1151,0.1152,241270.36308816003
2026-03-18 09:00:00+00:00,0.1152,0.1158,0.115,0.1154,487139.64297
2026-03-18 10:00:00+00:00,0.1154,0.11846,0.1138,0.1144,433970.1746481901
2026-03-18 11:00:00+00:00,0.1142,0.1146,0.1118,0.1121,1172046.99673223
2026-03-18 12:00:00+00:00,0.1121,0.11455,0.1098,0.11,1157779.8675729102
2026-03-18 13:00:00+00:00,0.1099,0.11221,0.1094,0.10974,626284.2301785301
2026-03-18 14:00:00+00:00,0.1098,0.112,0.1074,0.1076,1573063.5279650604
2026-03-18 15:00:00+00:00,0.1075,0.10987,0.107,0.1077,620043.3445424801
2026-03-18 16:00:00+00:00,0.1076,0.11037,0.107,0.1073,490373.93500534986
2026-03-18 17:00:00+00:00,0.1074,0.1086,0.1071,0.108,319454.74156
2026-03-18 18:00:00+00:00,0.1081,0.1097,0.1078,0.1081,995646.15622
2026-03-18 19:00:00+00:00,0.1082,0.1092,0.1076,0.1076,504124.26705
2026-03-18 20:00:00+00:00,0.1077,0.10958,0.10495,0.1083,423581.80033448
2026-03-18 21:00:00+00:00,0.1082,0.109,0.1082,0.1089,243971.95248
2026-03-18 22:00:00+00:00,0.1087,0.1088,0.1083,0.1085,321151.44616000005
2026-03-18 23:00:00+00:00,0.1085,0.1086,0.1079,0.1083,401315.46005000005
2026-03-19 00:00:00+00:00,0.1082,0.1085,0.1079,0.108,426004.32428
2026-03-19 01:00:00+00:00,0.108,0.10887,0.1078,0.1078,206691.69901572005
2026-03-19 02:00:00+00:00,0.1077,0.10805,0.1073,0.1073,452556.8884700001
2026-03-19 03:00:00+00:00,0.1073,0.1086,0.1071,0.1075,494075.25849
2026-03-19 04:00:00+00:00,0.1074,0.1076,0.1068,0.1069,361298.39056999993
2026-03-19 05:00:00+00:00,0.1068,0.1069,0.106,0.106,178290.27073999998
2026-03-19 06:00:00+00:00,0.1062,0.1063,0.1053,0.1055,279924.23646
2026-03-19 07:00:00+00:00,0.1055,0.10742,0.104,0.1045,1180901.8856905098
2026-03-19 08:00:00+00:00,0.1046,0.105,0.1039,0.1046,783036.8180718201
2026-03-19 09:00:00+00:00,0.1045,0.1056,0.1044,0.1046,382716.4211
2026-03-19 10:00:00+00:00,0.1046,0.10463,0.1032,0.1034,285630.865435
2026-03-19 11:00:00+00:00,0.1034,0.1036,0.1031,0.1035,364562.91285204
2026-03-19 12:00:00+00:00,0.1035,0.10371,0.1025,0.1025,576082.9084800002
2026-03-19 13:00:00+00:00,0.1028,0.10314,0.1018,0.1028,1011605.9124062802
2026-03-19 14:00:00+00:00,0.1029,0.1033,0.101,0.1017,515930.90690626
2026-03-19 15:00:00+00:00,0.1015,0.102,0.1007,0.1019,570710.08039536
2026-03-19 16:00:00+00:00,0.1018,0.10182,0.101,0.1013,382500.2584300001
2026-03-19 17:00:00+00:00,0.1013,0.10308,0.10063,0.10202,536294.22023264
2026-03-19 18:00:00+00:00,0.102,0.102,0.1014,0.1019,687252.9196799999
2026-03-19 19:00:00+00:00,0.102,0.1034,0.102,0.1026,660361.7908061399
2026-03-19 20:00:00+00:00,0.1027,0.1035,0.1024,0.1032,253837.74493999995
2026-03-19 21:00:00+00:00,0.1032,0.10426,0.10292,0.1039,430421.59306712
2026-03-19 22:00:00+00:00,0.1038,0.1039,0.1026,0.103,402297.11248
2026-03-19 23:00:00+00:00,0.1031,0.1033,0.10191,0.10314,264900.66429886007
2026-03-20 00:00:00+00:00,0.1031,0.1036,0.1031,0.1036,232769.4432
2026-03-20 01:00:00+00:00,0.1037,0.1046,0.1037,0.1043,388911.9610405999
2026-03-20 02:00:00+00:00,0.1042,0.1044,0.1034,0.1039,304458.32313
2026-03-20 03:00:00+00:00,0.1039,0.10521,0.1039,0.10441,341404.50572792
2026-03-20 04:00:00+00:00,0.1043,0.1053,0.1042,0.1053,326422.83217
2026-03-20 05:00:00+00:00,0.1054,0.106,0.10486,0.1057,656543.42239152
2026-03-20 06:00:00+00:00,0.1057,0.1061,0.1055,0.1055,417266.14748
2026-03-20 07:00:00+00:00,0.1054,0.10543,0.1041,0.1052,442321.28449772
2026-03-20 08:00:00+00:00,0.1053,0.1065,0.10494,0.10494,480402.2554999999
2026-03-20 09:00:00+00:00,0.1049,0.10659,0.1042,0.1047,548141.1779462002
2026-03-20 10:00:00+00:00,0.1048,0.1049,0.1043,0.1046,381760.00883
2026-03-20 11:00:00+00:00,0.1046,0.1051,0.10337,0.1042,318108.57007073995
2026-03-20 12:00:00+00:00,0.1043,0.1046,0.1035,0.1037,248651.9484
2026-03-20 13:00:00+00:00,0.1039,0.1058,0.10291,0.1032,894522.8425458197
2026-03-20 14:00:00+00:00,0.103,0.1038,0.1021,0.10229,784687.7091106402
2026-03-20 15:00:00+00:00,0.1023,0.10446,0.1009,0.1022,886887.3992856798
2026-03-20 16:00:00+00:00,0.1023,0.1026,0.1016,0.1026,276978.95975000004
2026-03-20 17:00:00+00:00,0.1024,0.1024,0.1016,0.1023,377050.13130000007
2026-03-20 18:00:00+00:00,0.1023,0.1024,0.101,0.101,295446.99883532006
2026-03-20 19:00:00+00:00,0.1012,0.1013,0.1003,0.1012,412951.90800972
2026-03-20 20:00:00+00:00,0.1012,0.1015,0.1006,0.1013,262141.11972999995
2026-03-20 21:00:00+00:00,0.1013,0.1028,0.1011,0.1023,383162.93551
2026-03-20 22:00:00+00:00,0.1024,0.10341,0.1022,0.10239,392595.7955
2026-03-20 23:00:00+00:00,0.1023,0.1023,0.1017,0.1019,303653.61286999995
2026-03-21 00:00:00+00:00,0.102,0.1026,0.1019,0.1025,231424.77922000003
2026-03-21 01:00:00+00:00,0.1025,0.1026,0.1019,0.1019,216391.4073
2026-03-21 02:00:00+00:00,0.1018,0.1025,0.1016,0.102,277460.054486
2026-03-21 03:00:00+00:00,0.102,0.10244,0.10169,0.1022,372977.3441926401
2026-03-21 04:00:00+00:00,0.1023,0.1025,0.102,0.1022,121599.98237
2026-03-21 05:00:00+00:00,0.1023,0.1036,0.1023,0.1023,249096.22828386
2026-03-21 06:00:00+00:00,0.1023,0.1028,0.1023,0.1026,121476.06093000002
2026-03-21 07:00:00+00:00,0.1026,0.1027,0.1019,0.1021,135008.61613514007
2026-03-21 08:00:00+00:00,0.1021,0.1022,0.102,0.1021,77738.41317000001
2026-03-21 09:00:00+00:00,0.1021,0.1034,0.10175,0.1018,188714.58504938
2026-03-21 10:00:00+00:00,0.1017,0.1018,0.1013,0.1015,127453.59646000002
2026-03-21 11:00:00+00:00,0.1014,0.10378,0.101,0.1011,176624.34966082
2026-03-21 12:00:00+00:00,0.1012,0.1013,0.1007,0.101,610778.5026
2026-03-21 13:00:00+00:00,0.1011,0.10379,0.1008,0.1011,277021.53799512004
2026-03-21 14:00:00+00:00,0.1011,0.1019,0.101,0.1015,460336.83767
2026-03-21 15:00:00+00:00,0.1013,0.10379,0.10127,0.1021,226186.92415836
2026-03-21 16:00:00+00:00,0.1021,0.1021,0.1012,0.1013,146785.3947772
2026-03-21 17:00:00+00:00,0.1012,0.10288,0.101,0.1014,174122.43124976
2026-03-21 18:00:00+00:00,0.1014,0.1016,0.1012,0.1015,108372.71552
2026-03-21 19:00:00+00:00,0.10159,0.10452,0.10096,0.1014,37539.32381472
2026-03-21 20:00:00+00:00,0.1015,0.1023,0.1014,0.1022,229717.64591999995
2026-03-21 21:00:00+00:00,0.1023,0.1026,0.102,0.1022,213807.42145
2026-03-21 22:00:00+00:00,0.1023,0.1026,0.1019,0.1022,512045.58172
2026-03-21 23:00:00+00:00,0.1022,0.10227,0.0984,0.0992,3009512.0840881234
2026-03-22 00:00:00+00:00,0.099,0.0993,0.0965,0.0988,1814619.69593722
2026-03-22 01:00:00+00:00,0.0989,0.099532,0.0982,0.0988,694240.52058798
2026-03-22 02:00:00+00:00,0.0989,0.0995,0.0985,0.0991,496357.3755399999
2026-03-22 03:00:00+00:00,0.099,0.1001,0.0986,0.0992,702247.5986584198
2026-03-22 04:00:00+00:00,0.0992,0.09982,0.0992,0.0998,288374.17847000004
2026-03-22 05:00:00+00:00,0.0997,0.0999,0.0993,0.0993,328601.3016099999
2026-03-22 06:00:00+00:00,0.0993,0.0994,0.0987,0.0994,389779.02096000005
2026-03-22 07:00:00+00:00,0.0994,0.0997,0.0986,0.0986,370728.94420000014
2026-03-22 08:00:00+00:00,0.0986,0.0987,0.0977,0.0983,371803.0627199999
2026-03-22 09:00:00+00:00,0.0983,0.09876,0.0983,0.0985,165736.26396000007
2026-03-22 10:00:00+00:00,0.0984,0.098741,0.09727,0.0974,357504.96965
2026-03-22 11:00:00+00:00,0.09752,0.099443,0.09684,0.0973,323656.8414498799
2026-03-22 12:00:00+00:00,0.0974,0.0983,0.09737,0.0979,255155.15982
2026-03-22 13:00:00+00:00,0.098,0.099442,0.0977,0.0979,403876.11059204
2026-03-22 14:00:00+00:00,0.098,0.0982,0.0975,0.0978,175162.53392000005
2026-03-22 15:00:00+00:00,0.0979,0.10078,0.09709,0.098,403369.3288314201
2026-03-22 16:00:00+00:00,0.0979,0.0981,0.0975,0.09761,544593.07646
2026-03-22 17:00:00+00:00,0.0975,0.10058,0.0971,0.0971,370023.4925289
2026-03-22 18:00:00+00:00,0.097,0.097,0.095413,0.0963,564820.19060646
2026-03-22 19:00:00+00:00,0.0961,0.098153,0.095,0.0955,621425.5596101799
2026-03-22 20:00:00+00:00,0.0955,0.0961,0.0951,0.0953,809594.8215800001
2026-03-22 21:00:00+00:00,0.0951,0.095486,0.0936,0.09502,1318210.3200199397
2026-03-22 22:00:00+00:00,0.09511,0.09592,0.0945,0.0958,1275192.6883300005
2026-03-22 23:00:00+00:00,0.0957,0.0963,0.0955,0.0955,395144.0840899999
2026-03-23 00:00:00+00:00,0.0955,0.0965,0.0954,0.0962,428043.99484552
2026-03-23 01:00:00+00:00,0.0961,0.0966,0.0959,0.0962,364092.3127499999
2026-03-23 02:00:00+00:00,0.0962,0.0972,0.09613,0.0967,1064190.1516400003
2026-03-23 03:00:00+00:00,0.0968,0.097471,0.09621,0.0963,339750.71951582
2026-03-23 04:00:00+00:00,0.0962,0.097,0.0962,0.097,235113.85736
2026-03-23 05:00:00+00:00,0.097,0.0972,0.0966,0.0969,386808.9630000001
2026-03-23 06:00:00+00:00,0.0968,0.0968,0.095,0.0957,615897.5461900001
2026-03-23 07:00:00+00:00,0.0956,0.10673,0.0943,0.0947,609889.13965302
2026-03-23 08:00:00+00:00,0.0947,0.095,0.0935,0.0938,582831.99130112
2026-03-23 09:00:00+00:00,0.0936,0.094,0.0926,0.0939,789712.7936102202
2026-03-23 10:00:00+00:00,0.0941,0.09567,0.0934,0.0936,288825.8278244999
2026-03-23 11:00:00+00:00,0.0936,0.0988,0.0935,0.0957,5035163.944270168
2026-03-23 12:00:00+00:00,0.0959,0.0963,0.0948,0.09619,889323.2721629197
2026-03-23 13:00:00+00:00,0.0962,0.0973,0.095017,0.097,878153.0188908
2026-03-23 14:00:00+00:00,0.0971,0.0976,0.0958,0.0964,1380273.0122299998
2026-03-23 15:00:00+00:00,0.0963,0.10094,0.0931,0.0933,1897991.203485523
2026-03-23 16:00:00+00:00,0.0935,0.09401,0.0918,0.09309,1489034.5538728598
2026-03-23 17:00:00+00:00,0.0931,0.094789,0.0923,0.093,940918.25513372
2026-03-23 18:00:00+00:00,0.093,0.0941,0.0925,0.0941,1571757.5705099998
2026-03-23 19:00:00+00:00,0.0939,0.0941,0.0929,0.0932,1535229.2355600006
2026-03-23 20:00:00+00:00,0.0932,0.0947,0.09269,0.0947,820027.82097
2026-03-23 21:00:00+00:00,0.0947,0.0951,0.0943,0.0946,1158609.1396300003
2026-03-23 22:00:00+00:00,0.0946,0.0946,0.0929,0.0935,839700.5215299998
2026-03-23 23:00:00+00:00,0.0933,0.095452,0.0922,0.09376,794033.9127906901
2026-03-24 00:00:00+00:00,0.0938,0.0941,0.0922,0.0927,969757.9645399998
2026-03-24 01:00:00+00:00,0.0926,0.093401,0.0912,0.0919,1626138.9905120214
2026-03-24 02:00:00+00:00,0.0919,0.0928,0.0916,0.0926,478147.2429000001
2026-03-24 03:00:00+00:00,0.0927,0.095452,0.09246,0.0926,483383.1102111
2026-03-24 04:00:00+00:00,0.0925,0.0927,0.0919,0.0921,606937.65355
2026-03-24 05:00:00+00:00,0.092,0.095452,0.0911,0.0921,3192199.034875181
2026-03-24 06:00:00+00:00,0.0921,0.0929,0.092,0.0928,1185201.784340001
2026-03-24 07:00:00+00:00,0.093,0.116,0.092673,0.0942,782737.7344362
2026-03-24 08:00:00+00:00,0.0942,0.0946,0.0935,0.094,1502012.19156
2026-03-24 09:00:00+00:00,0.094,0.0951,0.0936,0.0949,643535.1715599997
2026-03-24 10:00:00+00:00,0.095,0.095,0.0943,0.0947,371314.97724
2026-03-24 11:00:00+00:00,0.0947,0.0956,0.0943,0.0952,738532.4779100001
2026-03-24 12:00:00+00:00,0.0953,0.0953,0.0942,0.0945,525078.9946733799
2026-03-24 13:00:00+00:00,0.0946,0.0949,0.093,0.0932,849605.4294521
2026-03-24 14:00:00+00:00,0.0933,0.0936,0.0916,0.0922,1347214.55357778
2026-03-24 15:00:00+00:00,0.0923,0.095452,0.0918,0.0923,897763.9857755202
2026-03-24 16:00:00+00:00,0.0922,0.0927,0.0917,0.0923,641007.71606
2026-03-24 17:00:00+00:00,0.0925,0.0926,0.0917,0.0921,623178.30220138
2026-03-24 18:00:00+00:00,0.0921,0.0934,0.0919,0.0934,443695.12915999984
2026-03-24 19:00:00+00:00,0.0934,0.095452,0.0923,0.0924,651732.8448164802
2026-03-24 20:00:00+00:00,0.0924,0.0952,0.0922,0.0949,965330.65712
2026-03-24 21:00:00+00:00,0.095,0.0955,0.0943,0.095453,714178.0425742199
2026-03-24 22:00:00+00:00,0.0955,0.0961,0.0942,0.0951,5321760.49859
2026-03-24 23:00:00+00:00,0.0952,0.09612,0.095,0.0952,562391.9427856
2026-03-25 00:00:00+00:00,0.0952,0.0956,0.0947,0.0948,402026.6370500001
2026-03-25 01:00:00+00:00,0.0948,0.095,0.094,0.0945,874051.24169232
2026-03-25 02:00:00+00:00,0.0944,0.0951,0.0944,0.0945,289303.55016000004
2026-03-25 03:00:00+00:00,0.0945,0.096119,0.0939,0.0948,242886.23537952
2026-03-25 04:00:00+00:00,0.0948,0.0948,0.094,0.0944,909601.06605
2026-03-25 05:00:00+00:00,0.0943,0.0946,0.093372,0.0942,548962.9483649
2026-03-25 06:00:00+00:00,0.0941,0.0951,0.094,0.0946,253402.54422
2026-03-25 07:00:00+00:00,0.0947,0.0955,0.0947,0.0951,607249.9984599999
2026-03-25 08:00:00+00:00,0.095,0.0971,0.0949,0.0963,1121067.0379400004
2026-03-25 09:00:00+00:00,0.0966,0.0969,0.0961,0.0967,409019.6058400001
2026-03-25 10:00:00+00:00,0.0967,0.0969,0.0959,0.0963,324069.85147
2026-03-25 11:00:00+00:00,0.0964,0.0977,0.0963,0.0974,477972.02685
2026-03-25 12:00:00+00:00,0.0975,0.1003,0.09736,0.1,1825726.85181
2026-03-25 13:00:00+00:00,0.1001,0.1006,0.0991,0.0994,1544019.0996100006
2026-03-25 14:00:00+00:00,0.0995,0.1007,0.0987,0.0992,1603132.93543
2026-03-25 15:00:00+00:00,0.0992,0.0999,0.098,0.099,1137983.5906099998
2026-03-25 16:00:00+00:00,0.099,0.10132,0.0978,0.0997,2591181.3244600007
2026-03-25 17:00:00+00:00,0.0998,0.1007,0.0997,0.1,1660930.8132999998
2026-03-25 18:00:00+00:00,0.0999,0.1016,0.09979,0.1009,1056674.3947900005
2026-03-25 19:00:00+00:00,0.101,0.1039,0.101,0.1022,2094423.36783
2026-03-25 20:00:00+00:00,0.1023,0.1029,0.0996,0.1002,2962346.9068500013
2026-03-25 21:00:00+00:00,0.1001,0.1026,0.0999,0.1025,911545.2648800004
2026-03-25 22:00:00+00:00,0.1026,0.1043,0.096119,0.1035,2421418.61370276
2026-03-25 23:00:00+00:00,0.1035,0.105,0.1029,0.1044,1736373.1025900007
2026-03-26 00:00:00+00:00,0.1045,0.1061,0.095296,0.106,1835792.46474385
2026-03-26 01:00:00+00:00,0.106,0.1098,0.105,0.109,5269141.175387841
2026-03-26 02:00:00+00:00,0.109,0.1098,0.1067,0.10777,2014348.45202936
2026-03-26 03:00:00+00:00,0.1075,0.1079,0.1042,0.105,1846485.05861096
2026-03-26 04:00:00+00:00,0.1051,0.10728,0.1041,0.1057,1026836.31736472
2026-03-26 05:00:00+00:00,0.1057,0.10735,0.1016,0.1021,1736086.3365625811
2026-03-26 06:00:00+00:00,0.1021,0.1023,0.1011,0.1016,734677.2374992602
2026-03-26 07:00:00+00:00,0.1016,0.10451,0.10021,0.1017,1165042.09702954
2026-03-26 08:00:00+00:00,0.1014,0.1021,0.1005,0.1006,1026402.9624800002
2026-03-26 09:00:00+00:00,0.1006,0.1012,0.0985,0.099,1976404.5639219417
2026-03-26 10:00:00+00:00,0.0989,0.10054,0.0982,0.0992,1375069.0678945202
2026-03-26 11:00:00+00:00,0.0991,0.0992,0.0981,0.0984,440085.93251168
2026-03-26 12:00:00+00:00,0.0981,0.0985,0.0975,0.098,1387622.9427849406
2026-03-26 13:00:00+00:00,0.0978,0.10094,0.0975,0.0987,1951157.985822172
2026-03-26 14:00:00+00:00,0.0988,0.0993,0.0981,0.0984,1895677.12803
2026-03-26 15:00:00+00:00,0.0984,0.10094,0.0971,0.0974,1097435.4553714702
2026-03-26 16:00:00+00:00,0.09737,0.0978,0.0966,0.0972,677145.8875385801
2026-03-26 17:00:00+00:00,0.0972,0.10023,0.0964,0.0971,715831.5641482604
2026-03-26 18:00:00+00:00,0.0972,0.0972,0.0962,0.0971,689604.0020999999
2026-03-26 19:00:00+00:00,0.0971,0.099532,0.0954,0.09575,300986.84122819995
2026-03-26 20:00:00+00:00,0.0957,0.0977,0.0952,0.0965,1424236.0535672808
2026-03-26 21:00:00+00:00,0.0964,0.098153,0.095788,0.0973,929990.94596106
2026-03-26 22:00:00+00:00,0.0972,0.09742,0.0962,0.0968,737665.9590799998
2026-03-26 23:00:00+00:00,0.0968,0.0971,0.095485,0.0967,355784.42816184
2026-03-27 00:00:00+00:00,0.0966,0.0975,0.0966,0.0969,646894.7799099999
2026-03-27 01:00:00+00:00,0.097,0.09756,0.0967,0.0975,284382.37009
2026-03-27 02:00:00+00:00,0.0976,0.099,0.095811,0.0982,486956.36146665993
2026-03-27 03:00:00+00:00,0.0983,0.0991,0.097059,0.0984,641149.2084788401
2026-03-27 04:00:00+00:00,0.0985,0.099,0.0975,0.098,360038.1310499999
2026-03-27 05:00:00+00:00,0.098,0.099529,0.0979,0.0984,845430.40432736
2026-03-27 06:00:00+00:00,0.0984,0.0989,0.0981,0.0985,466920.37318000005
2026-03-27 07:00:00+00:00,0.0985,0.0986,0.097612,0.0982,701108.8606872399
2026-03-27 08:00:00+00:00,0.0979,0.0985,0.0963,0.09645,1250312.5480999998
2026-03-27 09:00:00+00:00,0.0962,0.0965,0.0949,0.0952,786593.7525563004
2026-03-27 10:00:00+00:00,0.095,0.0953,0.0928,0.093,1674778.2162320626
2026-03-27 11:00:00+00:00,0.0929,0.0936,0.0925,0.09323,304046.27802062
2026-03-27 12:00:00+00:00,0.0932,0.0935,0.0925,0.0935,910833.4960600002
2026-03-27 13:00:00+00:00,0.0935,0.0937,0.0923,0.0924,958343.10682
2026-03-27 14:00:00+00:00,0.0923,0.0931,0.092,0.0926,1558051.8987326804
2026-03-27 15:00:00+00:00,0.0925,0.094629,0.0923,0.0928,1341139.95699956
2026-03-27 16:00:00+00:00,0.0927,0.09282,0.0915,0.0917,827856.9316268801
2026-03-27 17:00:00+00:00,0.0919,0.0924,0.0903,0.0908,1229109.8199746
2026-03-27 18:00:00+00:00,0.09064,0.09073,0.089654,0.0905,1046615.3790128804
2026-03-27 19:00:00+00:00,0.0904,0.0907,0.0897,0.0904,1388605.7484231598
2026-03-27 20:00:00+00:00,0.0903,0.0904,0.0891,0.0896,683605.8519286802
2026-03-27 21:00:00+00:00,0.0896,0.0903,0.0894,0.0896,700418.0166737201
2026-03-27 22:00:00+00:00,0.0896,0.0896,0.0886,0.089,1219919.8301511202
2026-03-27 23:00:00+00:00,0.089,0.09143,0.0885,0.0889,1186496.25966668
2026-03-28 00:00:00+00:00,0.089,0.0898,0.089,0.0894,509935.3301499999
2026-03-28 01:00:00+00:00,0.0894,0.0895,0.0878,0.0886,1232858.1785653003
2026-03-28 02:00:00+00:00,0.0886,0.0893,0.0882,0.0889,909363.01631
2026-03-28 03:00:00+00:00,0.089,0.0892,0.0887,0.0892,464757.6296500001
2026-03-28 04:00:00+00:00,0.08924,0.0893,0.0885,0.0891,273487.45896
2026-03-28 05:00:00+00:00,0.0891,0.0895,0.08889,0.0892,144132.9297
2026-03-28 06:00:00+00:00,0.0892,0.0903,0.0891,0.0903,206306.01782
2026-03-28 07:00:00+00:00,0.0903,0.091541,0.090129,0.0914,460110.76397224
2026-03-28 08:00:00+00:00,0.0914,0.0922,0.0912,0.09195,499655.08763
2026-03-28 09:00:00+00:00,0.0919,0.0925,0.0913,0.0919,889484.2347699999
2026-03-28 10:00:00+00:00,0.0919,0.09257,0.0909,0.0913,566202.3060899999
2026-03-28 11:00:00+00:00,0.0912,0.0913,0.09059,0.091,344320.13999
2026-03-28 12:00:00+00:00,0.0911,0.0911,0.0899,0.0903,658676.5590199999
2026-03-28 13:00:00+00:00,0.0903,0.0919,0.0902,0.0913,1132061.8147000005
2026-03-28 14:00:00+00:00,0.0913,0.0914,0.0904,0.0911,509427.6313
2026-03-28 15:00:00+00:00,0.0911,0.0937,0.091,0.0925,1810315.6833600004
2026-03-28 16:00:00+00:00,0.0927,0.09358,0.0923,0.093,670571.0992399999
2026-03-28 17:00:00+00:00,0.093,0.0933,0.0922,0.0924,605375.25247
2026-03-28 18:00:00+00:00,0.0924,0.0948,0.0924,0.0936,1580158.3142800005
2026-03-28 19:00:00+00:00,0.0938,0.0938,0.091519,0.0934,398747.1058326999
2026-03-28 20:00:00+00:00,0.0935,0.094,0.09319,0.0933,839591.5193599998
2026-03-28 21:00:00+00:00,0.0932,0.094789,0.092,0.0922,596576.33221864
2026-03-28 22:00:00+00:00,0.0923,0.09283,0.0919,0.0925,612790.0724500002
2026-03-28 23:00:00+00:00,0.0925,0.09413,0.09,0.0904,1712053.3926135702
2026-03-29 00:00:00+00:00,0.0905,0.093303,0.0899,0.0905,917664.3794486499
2026-03-29 01:00:00+00:00,0.0906,0.0912,0.0906,0.0908,713447.18415
2026-03-29 02:00:00+00:00,0.0908,0.0911,0.0906,0.0908,564836.3706000001
2026-03-29 03:00:00+00:00,0.0908,0.0915,0.0907,0.091,450105.2621500001
2026-03-29 04:00:00+00:00,0.091,0.0911,0.0907,0.091,386276.83466
2026-03-29 05:00:00+00:00,0.09113,0.09115,0.0903,0.0905,441856.3356499999
2026-03-29 06:00:00+00:00,0.09051,0.0908,0.0904,0.0904,634425.2605999998
2026-03-29 07:00:00+00:00,0.0904,0.0905,0.09,0.0903,660424.4145099999
2026-03-29 08:00:00+00:00,0.0902,0.0908,0.0902,0.0907,439051.14673
2026-03-29 09:00:00+00:00,0.0906,0.0906,0.0902,0.0904,3191379.461290003
2026-03-29 10:00:00+00:00,0.09033,0.0904,0.0897,0.0902,1278369.79249
2026-03-29 11:00:00+00:00,0.0903,0.092,0.0903,0.0915,431066.62011000013
2026-03-29 12:00:00+00:00,0.0915,0.0915,0.0903,0.0905,141388.04661
2026-03-29 13:00:00+00:00,0.0906,0.0908,0.0897,0.09,719102.3928100006
2026-03-29 14:00:00+00:00,0.0901,0.09132,0.0898,0.09,528200.4074575799
2026-03-29 15:00:00+00:00,0.0901,0.0904,0.0897,0.0902,366531.9910615599
2026-03-29 16:00:00+00:00,0.0901,0.090859,0.0895,0.0897,219368.87778071998
2026-03-29 17:00:00+00:00,0.0898,0.090256,0.0892,0.0898,783801.6605941403
2026-03-29 18:00:00+00:00,0.0899,0.0906,0.0896,0.0904,360927.43480768
2026-03-29 19:00:00+00:00,0.0904,0.0904,0.0898,0.0899,178290.13589232005
2026-03-29 20:00:00+00:00,0.09,0.091,0.09,0.0907,511916.3239761401
2026-03-29 21:00:00+00:00,0.0908,0.0911,0.0906,0.091,167688.49634999997
2026-03-29 22:00:00+00:00,0.091,0.09162,0.0865,0.08903,3168701.712659962
2026-03-29 23:00:00+00:00,0.089,0.09,0.0889,0.0896,1088829.91824
