Datetime,Open,High,Low,Close,Volume
2025-12-21 20:00:00+00:00,2990.71,2997.1,2984.52,2986.4,5391.231411340001
2025-12-21 21:00:00+00:00,2986.42,2993.7,2970.25,2973.21,1390.0300371700002
2025-12-21 22:00:00+00:00,2973.21,2998.9,2970.13,2996.12,1600.1932615299995
2025-12-21 23:00:00+00:00,2996.04,3015.1,2991.62,3001.42,5705.60378852
2025-12-22 00:00:00+00:00,3001.36,3064.5,3001.36,3021.82,8142.791760479986
2025-12-22 01:00:00+00:00,3021.7,3050.6,3015.95,3018.0,4747.01882642
2025-12-22 02:00:00+00:00,3018.01,3021.8,2970.4,3009.12,8000.529647630003
2025-12-22 03:00:00+00:00,3009.13,3035.1,3001.19,3024.2,2431.878602640002
2025-12-22 04:00:00+00:00,3020.55,3045.1,3019.05,3039.22,2541.9267939500014
2025-12-22 05:00:00+00:00,3038.92,3043.5,3023.96,3030.4,2046.8949527000004
2025-12-22 06:00:00+00:00,3026.82,3036.0,3021.52,3026.8,1827.2190702200005
2025-12-22 07:00:00+00:00,3024.5,3037.5,3022.21,3028.54,2535.4613218099994
2025-12-22 08:00:00+00:00,3028.51,3057.5,3023.85,3029.7,3784.075057659998
2025-12-22 09:00:00+00:00,3026.44,3044.3,3024.61,3039.27,1751.9371705700005
2025-12-22 10:00:00+00:00,3039.28,3046.2,3030.87,3039.79,3528.7406069000003
2025-12-22 11:00:00+00:00,3039.77,3059.0,3035.94,3048.1,3863.141175509997
2025-12-22 12:00:00+00:00,3048.1,3077.5,3042.7,3058.15,10160.995312100007
2025-12-22 13:00:00+00:00,3058.16,3065.5,3047.17,3055.92,4986.984943399999
2025-12-22 14:00:00+00:00,3056.42,3075.1,3026.8,3061.21,9152.133862779989
2025-12-22 15:00:00+00:00,3061.21,3073.6,3020.56,3051.78,9531.898835249993
2025-12-22 16:00:00+00:00,3051.23,3060.0,3036.88,3041.89,7026.279017159995
2025-12-22 17:00:00+00:00,3041.9,3045.2,3022.33,3031.61,5643.15295242
2025-12-22 18:00:00+00:00,3031.49,3041.2,3006.37,3013.94,7759.97446759998
2025-12-22 19:00:00+00:00,3014.43,3016.9,2972.02,2978.51,12108.954321469992
2025-12-22 20:00:00+00:00,2979.01,2988.2,2962.08,2974.99,8201.801624999998
2025-12-22 21:00:00+00:00,2974.31,2999.6,2974.18,2986.22,4030.1402251299983
2025-12-22 22:00:00+00:00,2986.3,3017.1,2980.04,3009.72,3611.244464740004
2025-12-22 23:00:00+00:00,3009.72,3014.6,2999.22,3007.03,4421.859430310004
2025-12-23 00:00:00+00:00,3007.29,3037.3,3002.62,3026.47,6046.939010199997
2025-12-23 01:00:00+00:00,3026.1,3034.5,3014.17,3016.49,3048.777755970002
2025-12-23 02:00:00+00:00,3016.28,3027.2,2985.87,2989.4,4659.923840589999
2025-12-23 03:00:00+00:00,2989.1,3000.1,2970.4,2989.84,3818.34194527
2025-12-23 04:00:00+00:00,2990.27,3000.6,2981.49,2985.1,2342.97037017
2025-12-23 05:00:00+00:00,2982.51,2987.5,2963.95,2972.88,3566.9752191800003
2025-12-23 06:00:00+00:00,2973.06,2980.1,2943.03,2957.79,4506.31753487
2025-12-23 07:00:00+00:00,2957.89,2971.6,2952.9,2962.71,2860.7615531500087
2025-12-23 08:00:00+00:00,2962.67,2974.6,2958.09,2959.82,2347.1986928199995
2025-12-23 09:00:00+00:00,2960.07,2968.7,2950.34,2962.12,2235.46009751
2025-12-23 10:00:00+00:00,2962.09,2974.6,2962.08,2965.6,1731.4005559400075
2025-12-23 11:00:00+00:00,2965.6,2978.0,2961.54,2972.05,1506.073640390001
2025-12-23 12:00:00+00:00,2975.3,2976.4,2953.07,2954.17,2748.3740953800007
2025-12-23 13:00:00+00:00,2954.24,2964.9,2929.0,2940.0,6090.504946290013
2025-12-23 14:00:00+00:00,2939.99,2955.8,2900.0,2915.48,10007.891562450011
2025-12-23 15:00:00+00:00,2915.8,2935.6,2904.38,2927.1,6999.116900549996
2025-12-23 16:00:00+00:00,2926.97,2966.7,2920.68,2955.7,11123.510449959997
2025-12-23 17:00:00+00:00,2955.69,2966.0,2907.84,2910.05,6246.692468710002
2025-12-23 18:00:00+00:00,2909.22,2952.8,2907.19,2945.5,8353.69959825
2025-12-23 19:00:00+00:00,2945.77,2954.5,2928.65,2942.04,4662.976145269999
2025-12-23 20:00:00+00:00,2942.51,2988.4,2939.11,2968.17,10597.04013706
2025-12-23 21:00:00+00:00,2968.38,2977.0,2958.12,2972.74,3811.048239600001
2025-12-23 22:00:00+00:00,2972.0,2981.6,2948.6,2959.68,3601.076991030002
2025-12-23 23:00:00+00:00,2959.68,2973.9,2950.48,2965.3,2791.7307603800014
2025-12-24 00:00:00+00:00,2962.71,2974.6,2953.92,2971.18,2150.70860204
2025-12-24 01:00:00+00:00,2971.42,2978.6,2958.8,2961.86,2048.5516017100003
2025-12-24 02:00:00+00:00,2962.57,2965.8,2921.54,2933.28,4171.91329626
2025-12-24 03:00:00+00:00,2933.68,2948.9,2916.47,2943.84,4113.677463509999
2025-12-24 04:00:00+00:00,2943.82,2960.3,2932.74,2933.5,2812.58063051
2025-12-24 05:00:00+00:00,2933.69,2942.0,2915.39,2926.92,5251.595195670005
2025-12-24 06:00:00+00:00,2926.96,2939.1,2920.75,2931.08,2850.0193713300027
2025-12-24 07:00:00+00:00,2931.08,2944.8,2929.57,2930.37,2043.845703640006
2025-12-24 08:00:00+00:00,2930.38,2941.1,2919.21,2920.76,3347.625626320002
2025-12-24 09:00:00+00:00,2920.84,2933.1,2912.0,2920.1,4659.334732149998
2025-12-24 10:00:00+00:00,2917.32,2935.7,2916.17,2926.06,2756.6070576700017
2025-12-24 11:00:00+00:00,2926.08,2938.8,2923.24,2923.35,1805.4125180900005
2025-12-24 12:00:00+00:00,2923.57,2939.6,2921.88,2934.94,1718.8402612500004
2025-12-24 13:00:00+00:00,2935.08,2938.3,2923.16,2929.44,2489.94975758
2025-12-24 14:00:00+00:00,2929.68,2937.9,2886.35,2912.7,8946.086858999997
2025-12-24 15:00:00+00:00,2913.01,2930.7,2900.01,2923.66,5132.966710960001
2025-12-24 16:00:00+00:00,2923.66,2949.5,2918.98,2938.9,12160.432322810007
2025-12-24 17:00:00+00:00,2938.51,2955.4,2931.75,2935.34,6208.304492159999
2025-12-24 18:00:00+00:00,2934.71,2945.9,2927.48,2939.34,5620.404466240007
2025-12-24 19:00:00+00:00,2939.01,2948.3,2935.14,2943.62,2424.347923489999
2025-12-24 20:00:00+00:00,2943.62,2953.1,2939.24,2940.89,2763.889005240019
2025-12-24 21:00:00+00:00,2940.89,2954.7,2940.85,2948.62,2611.5089392800146
2025-12-24 22:00:00+00:00,2948.67,2964.2,2946.71,2957.59,2299.1876741500014
2025-12-24 23:00:00+00:00,2957.6,2961.4,2942.39,2945.49,1773.4680719100002
2025-12-25 00:00:00+00:00,2945.42,2950.0,2933.76,2937.0,1243.01673006
2025-12-25 01:00:00+00:00,2937.41,2952.0,2936.99,2949.5,1304.9476021
2025-12-25 02:00:00+00:00,2947.01,2957.9,2940.39,2950.65,960.10225049
2025-12-25 03:00:00+00:00,2952.08,2954.3,2942.05,2945.44,1048.0070630900002
2025-12-25 04:00:00+00:00,2945.31,2949.7,2940.33,2943.42,806.085651
2025-12-25 05:00:00+00:00,2945.8,2945.8,2936.71,2940.6,1235.8308110300009
2025-12-25 06:00:00+00:00,2939.85,2944.9,2936.0,2941.42,775.3600374
2025-12-25 07:00:00+00:00,2941.41,2944.6,2937.2,2940.22,604.3771437
2025-12-25 08:00:00+00:00,2940.0,2947.8,2915.3,2931.6,3446.6283445
2025-12-25 09:00:00+00:00,2928.62,2932.6,2923.5,2926.1,554.15811779
2025-12-25 10:00:00+00:00,2926.16,2929.7,2909.97,2918.78,2229.060445430001
2025-12-25 11:00:00+00:00,2918.78,2929.3,2918.73,2923.19,899.9956337700005
2025-12-25 12:00:00+00:00,2923.02,2930.5,2921.79,2926.31,565.3510920599998
2025-12-25 13:00:00+00:00,2926.28,2935.4,2918.3,2928.82,1404.6446383299997
2025-12-25 14:00:00+00:00,2931.5,2941.0,2921.25,2931.6,1801.8827717
2025-12-25 15:00:00+00:00,2931.89,2971.8,2930.21,2958.89,5007.946884359997
2025-12-25 16:00:00+00:00,2959.06,2967.9,2941.23,2946.1,2266.90327694
2025-12-25 17:00:00+00:00,2946.21,2954.8,2941.86,2951.23,1525.8310320400003
2025-12-25 18:00:00+00:00,2952.8,2966.4,2949.38,2957.27,1870.46133548
2025-12-25 19:00:00+00:00,2957.08,2960.1,2947.06,2954.39,1137.25957898
2025-12-25 20:00:00+00:00,2954.38,2957.1,2942.0,2948.4,1034.2100759000004
2025-12-25 21:00:00+00:00,2948.39,2954.0,2942.78,2944.85,1398.0743327500006
2025-12-25 22:00:00+00:00,2945.04,2949.1,2904.35,2919.8,2779.9984014300016
2025-12-25 23:00:00+00:00,2919.85,2927.4,2889.03,2902.34,6651.652058569998
2025-12-26 00:00:00+00:00,2902.34,2912.5,2892.35,2902.29,3966.35952535
2025-12-26 01:00:00+00:00,2901.51,2924.1,2900.7,2916.78,2445.66698948
2025-12-26 02:00:00+00:00,2916.79,2996.4,2916.17,2970.77,10423.440027630004
2025-12-26 03:00:00+00:00,2970.98,2976.4,2954.58,2962.61,3950.832309969999
2025-12-26 04:00:00+00:00,2962.61,2974.5,2950.0,2971.5,2957.401971569999
2025-12-26 05:00:00+00:00,2969.31,2974.9,2965.06,2972.9,1684.39406261
2025-12-26 06:00:00+00:00,2970.79,2982.5,2969.5,2974.36,2707.94595848
2025-12-26 07:00:00+00:00,2976.1,2992.9,2950.5,2954.36,10411.086275109938
2025-12-26 08:00:00+00:00,2954.84,2971.9,2952.4,2962.39,1171.80835444
2025-12-26 09:00:00+00:00,2962.52,2976.3,2961.01,2971.06,1103.88116155
2025-12-26 10:00:00+00:00,2970.83,2974.8,2965.0,2969.74,1760.542283389999
2025-12-26 11:00:00+00:00,2970.29,2971.6,2961.28,2963.32,1334.7158998600012
2025-12-26 12:00:00+00:00,2962.87,2974.2,2962.54,2970.89,1825.782578170007
2025-12-26 13:00:00+00:00,2970.89,2986.9,2969.48,2982.83,1619.872718620004
2025-12-26 14:00:00+00:00,2982.83,2985.8,2908.03,2914.83,8147.298609880003
2025-12-26 15:00:00+00:00,2914.84,2930.2,2892.56,2921.28,10466.808725939998
2025-12-26 16:00:00+00:00,2921.28,2931.4,2904.22,2907.32,5947.999965630003
2025-12-26 17:00:00+00:00,2907.37,2938.2,2900.66,2919.72,5631.585331169998
2025-12-26 18:00:00+00:00,2919.72,2931.9,2917.2,2920.79,2910.387153260001
2025-12-26 19:00:00+00:00,2920.8,2933.4,2915.68,2923.32,2787.27290383
2025-12-26 20:00:00+00:00,2923.32,2941.2,2919.48,2928.55,2558.095213790001
2025-12-26 21:00:00+00:00,2928.9,2939.3,2918.71,2921.89,2618.4686204800005
2025-12-26 22:00:00+00:00,2922.65,2934.9,2919.15,2929.16,1641.5407969599994
2025-12-26 23:00:00+00:00,2929.21,2937.5,2923.32,2925.43,1492.315878569999
2025-12-27 00:00:00+00:00,2925.58,2935.0,2920.78,2925.5,1128.43806467
2025-12-27 01:00:00+00:00,2925.5,2932.0,2920.0,2925.7,944.8909852300004
2025-12-27 02:00:00+00:00,2925.94,2933.5,2921.92,2926.25,823.7490085899999
2025-12-27 03:00:00+00:00,2926.25,2936.3,2923.19,2931.36,1326.89137935
2025-12-27 04:00:00+00:00,2931.27,2937.0,2926.04,2928.65,482.1432863399999
2025-12-27 05:00:00+00:00,2928.65,2934.6,2926.39,2929.16,593.6251805100003
2025-12-27 06:00:00+00:00,2928.77,2934.8,2926.02,2927.46,347.44793926000006
2025-12-27 07:00:00+00:00,2927.07,2940.1,2927.07,2931.06,947.6186755900002
2025-12-27 08:00:00+00:00,2930.94,2939.9,2930.93,2932.07,672.97715602
2025-12-27 09:00:00+00:00,2932.07,2943.2,2930.02,2933.05,1076.6128305100003
2025-12-27 10:00:00+00:00,2933.06,2938.0,2916.19,2924.91,1472.75341812
2025-12-27 11:00:00+00:00,2925.05,2936.2,2921.24,2929.21,1012.0601140199996
2025-12-27 12:00:00+00:00,2929.24,2937.4,2927.24,2930.13,537.2288645599998
2025-12-27 13:00:00+00:00,2930.15,2935.4,2923.65,2927.78,1176.98289405
2025-12-27 14:00:00+00:00,2928.35,2934.6,2924.18,2927.52,867.6026147000002
2025-12-27 15:00:00+00:00,2927.53,2934.6,2923.57,2925.09,812.4726831800002
2025-12-27 16:00:00+00:00,2925.01,2932.3,2915.39,2918.9,2242.461947180004
2025-12-27 17:00:00+00:00,2918.9,2933.0,2917.68,2931.8,1099.2797375300036
2025-12-27 18:00:00+00:00,2926.4,2932.2,2922.89,2924.37,561.4633411300005
2025-12-27 19:00:00+00:00,2923.38,2934.3,2923.26,2928.79,857.8990447699999
2025-12-27 20:00:00+00:00,2928.79,2938.8,2926.85,2927.01,536.9561392600003
2025-12-27 21:00:00+00:00,2927.01,2938.7,2926.21,2932.96,640.9411278899997
2025-12-27 22:00:00+00:00,2932.97,2957.2,2927.68,2931.51,1815.439399059999
2025-12-27 23:00:00+00:00,2936.1,2963.4,2930.64,2946.6,2975.4273680900005
2025-12-28 00:00:00+00:00,2946.85,2954.9,2941.05,2943.26,1682.4148033099998
2025-12-28 01:00:00+00:00,2943.51,2952.8,2939.13,2941.8,840.2006570199998
2025-12-28 02:00:00+00:00,2941.81,2952.7,2940.22,2945.03,595.0401632100001
2025-12-28 03:00:00+00:00,2945.03,2951.2,2939.54,2941.18,863.6505438200002
2025-12-28 04:00:00+00:00,2941.49,2950.0,2936.16,2936.6,762.9395966299996
2025-12-28 05:00:00+00:00,2936.6,2944.0,2927.87,2932.78,1532.6576364399996
2025-12-28 06:00:00+00:00,2932.91,2947.0,2932.02,2940.25,964.6491275300044
2025-12-28 07:00:00+00:00,2940.25,2945.6,2934.2,2936.6,602.8376118700033
2025-12-28 08:00:00+00:00,2935.85,2949.5,2935.85,2937.44,742.3925339000035
2025-12-28 09:00:00+00:00,2937.6,2946.7,2929.04,2935.51,945.804330789999
2025-12-28 10:00:00+00:00,2935.52,2946.8,2934.45,2940.98,977.1640934999998
2025-12-28 11:00:00+00:00,2941.01,2949.5,2937.47,2941.35,1055.7536412899997
2025-12-28 12:00:00+00:00,2941.68,2948.0,2935.39,2936.01,627.3944641200001
2025-12-28 13:00:00+00:00,2936.01,2947.1,2935.92,2937.63,873.1264969
2025-12-28 14:00:00+00:00,2937.6,2958.1,2936.78,2948.1,2309.252655
2025-12-28 15:00:00+00:00,2944.35,2963.2,2943.25,2947.21,1856.3291238400047
2025-12-28 16:00:00+00:00,2947.44,2958.1,2938.03,2940.8,1059.15518065
2025-12-28 17:00:00+00:00,2940.49,2954.1,2940.0,2943.48,886.7134504400002
2025-12-28 18:00:00+00:00,2943.47,2949.5,2923.24,2929.0,3942.055091909997
2025-12-28 19:00:00+00:00,2929.54,2942.6,2924.35,2931.1,1984.49884888
2025-12-28 20:00:00+00:00,2931.08,2940.2,2927.2,2930.15,1310.3442838900007
2025-12-28 21:00:00+00:00,2929.84,2942.2,2926.42,2936.05,1345.91337749
2025-12-28 22:00:00+00:00,2935.04,2957.9,2932.84,2948.09,1600.1908923200006
2025-12-28 23:00:00+00:00,2948.13,2956.4,2938.06,2948.92,2139.46053216
2025-12-29 00:00:00+00:00,2948.91,2979.4,2942.02,2964.03,6631.403471329999
2025-12-29 01:00:00+00:00,2964.09,2988.2,2950.21,2978.28,4025.666396370001
2025-12-29 02:00:00+00:00,2978.16,3019.6,2978.16,3001.09,10796.475842489992
2025-12-29 03:00:00+00:00,3004.7,3047.9,2999.49,3040.45,9106.127558469994
2025-12-29 04:00:00+00:00,3040.54,3057.6,3036.44,3039.4,5416.188956630001
2025-12-29 05:00:00+00:00,3036.82,3045.3,3029.23,3034.39,3688.2650549200007
2025-12-29 06:00:00+00:00,3034.39,3044.2,3028.13,3032.91,2798.04823829
2025-12-29 07:00:00+00:00,3032.75,3038.5,3003.59,3016.13,5408.634118380013
2025-12-29 08:00:00+00:00,3016.51,3026.5,3008.19,3011.0,1868.0081549800004
2025-12-29 09:00:00+00:00,3011.0,3016.9,2953.57,2973.31,6972.512623499998
2025-12-29 10:00:00+00:00,2972.89,2984.9,2958.09,2962.82,2565.65981109
2025-12-29 11:00:00+00:00,2962.8,2968.5,2954.85,2956.02,2696.798022040001
2025-12-29 12:00:00+00:00,2955.69,2961.0,2907.07,2927.25,8662.381877609996
2025-12-29 13:00:00+00:00,2927.33,2940.2,2915.91,2929.1,3613.08026685
2025-12-29 14:00:00+00:00,2923.95,2966.6,2913.26,2925.23,9939.175862319991
2025-12-29 15:00:00+00:00,2925.13,2952.0,2915.75,2932.03,6256.668028589998
2025-12-29 16:00:00+00:00,2932.02,2943.0,2921.5,2933.3,5730.371813779999
2025-12-29 17:00:00+00:00,2933.16,2943.7,2922.97,2940.52,4170.729530339999
2025-12-29 18:00:00+00:00,2940.52,2946.3,2910.48,2916.0,6780.27745978
2025-12-29 19:00:00+00:00,2915.98,2941.7,2913.71,2928.98,12222.50522149
2025-12-29 20:00:00+00:00,2928.98,2942.4,2921.95,2925.77,5543.602707869999
2025-12-29 21:00:00+00:00,2926.41,2939.1,2924.63,2933.34,3603.06462302
2025-12-29 22:00:00+00:00,2933.32,2944.6,2927.34,2934.41,2680.0453633
2025-12-29 23:00:00+00:00,2934.4,2944.5,2929.01,2934.19,2788.8427779599983
2025-12-30 00:00:00+00:00,2934.31,2942.5,2927.75,2934.27,3394.057210710001
2025-12-30 01:00:00+00:00,2934.47,2939.4,2921.49,2933.06,2050.22290376
2025-12-30 02:00:00+00:00,2933.54,2940.2,2916.24,2924.38,2578.3147699900005
2025-12-30 03:00:00+00:00,2924.38,2955.9,2915.01,2948.06,4237.309923680003
2025-12-30 04:00:00+00:00,2947.0,2959.0,2942.17,2942.75,2419.689320200001
2025-12-30 05:00:00+00:00,2942.75,2948.2,2933.29,2937.53,2072.3123821000004
2025-12-30 06:00:00+00:00,2937.51,2951.2,2936.36,2941.96,2212.54629793
2025-12-30 07:00:00+00:00,2945.4,2955.3,2940.97,2947.23,2662.1899677100005
2025-12-30 08:00:00+00:00,2947.49,3002.7,2946.61,2973.89,14066.600170889984
2025-12-30 09:00:00+00:00,2973.89,2988.2,2967.32,2981.83,3442.2367238200004
2025-12-30 10:00:00+00:00,2985.0,2988.3,2969.85,2973.33,3056.483852770001
2025-12-30 11:00:00+00:00,2977.3,2985.5,2969.73,2974.74,2996.9053165100013
2025-12-30 12:00:00+00:00,2974.55,2986.4,2972.27,2977.07,2827.0904842000004
2025-12-30 13:00:00+00:00,2976.67,2991.7,2974.99,2982.79,4693.385451730003
2025-12-30 14:00:00+00:00,2982.63,3009.0,2954.21,2992.94,17401.58548197997
2025-12-30 15:00:00+00:00,2992.85,3002.8,2965.97,2987.45,16344.843297539985
2025-12-30 16:00:00+00:00,2987.44,2995.5,2971.49,2979.47,12592.116982809988
2025-12-30 17:00:00+00:00,2979.48,2987.9,2962.61,2974.0,4831.839840849991
2025-12-30 18:00:00+00:00,2973.92,2980.7,2957.14,2968.32,6620.669408640005
2025-12-30 19:00:00+00:00,2968.89,2975.7,2941.96,2969.08,21256.02182616999
2025-12-30 20:00:00+00:00,2969.09,2974.6,2953.17,2956.47,11535.715765839985
2025-12-30 21:00:00+00:00,2956.05,2971.0,2951.43,2965.95,4542.276454360014
2025-12-30 22:00:00+00:00,2966.07,2973.8,2961.39,2966.21,2201.05986824
2025-12-30 23:00:00+00:00,2966.21,2978.1,2964.3,2970.42,2436.1275901100003
2025-12-31 00:00:00+00:00,2970.31,2974.9,2958.87,2962.83,1915.4311944700005
2025-12-31 01:00:00+00:00,2962.44,2987.0,2958.31,2976.72,3053.3890274500004
2025-12-31 02:00:00+00:00,2976.44,2985.6,2970.8,2977.92,1461.9958243799992
2025-12-31 03:00:00+00:00,2977.65,2985.6,2962.33,2966.99,2530.838279420001
2025-12-31 04:00:00+00:00,2967.01,2977.0,2964.57,2965.2,1475.9636021499998
2025-12-31 05:00:00+00:00,2964.7,2981.3,2964.7,2971.78,2852.590847230001
2025-12-31 06:00:00+00:00,2971.39,2980.9,2970.88,2971.01,1498.62658773
2025-12-31 07:00:00+00:00,2971.8,2979.6,2966.52,2973.16,1370.5027270999997
2025-12-31 08:00:00+00:00,2972.44,2982.0,2958.07,2965.34,2468.550219699999
2025-12-31 09:00:00+00:00,2965.01,2979.5,2965.0,2973.1,1443.1331274200004
2025-12-31 10:00:00+00:00,2972.72,2983.9,2971.53,2977.18,2347.2381003999994
2025-12-31 11:00:00+00:00,2977.01,3004.3,2976.02,2998.28,6746.35553512
2025-12-31 12:00:00+00:00,2998.28,3003.2,2980.55,2983.7,3256.35077764
2025-12-31 13:00:00+00:00,2984.21,3000.9,2982.88,2993.6,3926.847045020001
2025-12-31 14:00:00+00:00,2993.61,3029.0,2977.1,2990.09,11101.109691059995
2025-12-31 15:00:00+00:00,2989.78,2996.5,2963.44,2981.68,8969.63860307
2025-12-31 16:00:00+00:00,2981.68,2999.3,2955.89,2972.59,14526.569007160022
2025-12-31 17:00:00+00:00,2972.45,2982.3,2963.8,2971.9,6777.345522769999
2025-12-31 18:00:00+00:00,2971.71,2988.1,2967.0,2970.0,3851.4163830400007
2025-12-31 19:00:00+00:00,2970.01,2983.9,2965.26,2966.63,4003.25764596
2025-12-31 20:00:00+00:00,2966.6,2981.5,2958.5,2971.0,9964.784515039992
2025-12-31 21:00:00+00:00,2970.84,2987.7,2968.4,2977.7,4560.315834499998
2025-12-31 22:00:00+00:00,2977.69,2987.0,2969.58,2972.29,3013.174406480001
2025-12-31 23:00:00+00:00,2972.17,2979.6,2965.02,2966.84,2959.076326280001
2026-01-01 00:00:00+00:00,2966.68,2985.5,2966.2,2974.28,4066.1449442100034
2026-01-01 01:00:00+00:00,2975.25,2991.0,2973.92,2978.9,2329.804681140001
2026-01-01 02:00:00+00:00,2979.46,2990.3,2975.37,2976.88,1330.5500031200045
2026-01-01 03:00:00+00:00,2976.88,2988.2,2974.15,2981.8,1659.6838880400026
2026-01-01 04:00:00+00:00,2974.65,2983.5,2967.51,2969.89,2851.757131340008
2026-01-01 05:00:00+00:00,2969.89,2985.1,2969.89,2977.02,2009.151087680005
2026-01-01 06:00:00+00:00,2977.02,2982.9,2970.77,2971.03,1021.9518697000032
2026-01-01 07:00:00+00:00,2971.35,2982.6,2971.03,2973.12,1104.2137254800025
2026-01-01 08:00:00+00:00,2973.12,2984.7,2972.58,2977.67,617.6294053900012
2026-01-01 09:00:00+00:00,2977.67,2989.1,2977.26,2979.25,925.8733833099972
2026-01-01 10:00:00+00:00,2979.25,2987.5,2977.18,2986.0,544.8303655300001
2026-01-01 11:00:00+00:00,2980.08,2994.7,2980.07,2990.7,230.78310781
2026-01-01 12:00:00+00:00,2984.62,2992.3,2979.13,2988.5,242.99732840000004
2026-01-01 13:00:00+00:00,2982.81,2992.1,2978.31,2978.31,315.37695786000006
2026-01-01 14:00:00+00:00,2978.31,2987.6,2973.74,2981.23,390.2806205299997
2026-01-01 15:00:00+00:00,2981.23,2996.5,2977.2,2985.62,714.8977547799997
2026-01-01 16:00:00+00:00,2985.62,2992.5,2976.43,2978.22,538.79694906
2026-01-01 17:00:00+00:00,2978.28,3006.5,2977.3,2986.22,1945.5803572500008
2026-01-01 18:00:00+00:00,2986.22,2994.4,2981.08,2991.7,381.69568558
2026-01-01 19:00:00+00:00,2985.58,2999.0,2982.99,2996.7,333.12395296
2026-01-01 20:00:00+00:00,2990.09,2998.7,2983.97,2985.2,1771.35083747
2026-01-01 21:00:00+00:00,2990.8,2994.7,2983.74,2985.53,189.71781968
2026-01-01 22:00:00+00:00,2985.54,3001.6,2983.8,3000.6,733.6631786400002
2026-01-01 23:00:00+00:00,3000.3,3010.9,2988.44,3005.4,1226.6952279900008
2026-01-02 00:00:00+00:00,3000.41,3009.3,2991.84,3002.35,2335.3915996000005
2026-01-02 01:00:00+00:00,3001.4,3009.4,2994.0,3003.9,2064.72822923
2026-01-02 02:00:00+00:00,2999.0,3004.8,2988.41,2998.45,1529.67748962
2026-01-02 03:00:00+00:00,2996.82,3036.1,2996.3,3018.89,6987.594850959998
2026-01-02 04:00:00+00:00,3018.7,3025.5,3006.46,3011.6,2514.0039252700003
2026-01-02 05:00:00+00:00,3007.89,3019.1,3004.81,3012.71,1696.3666799400005
2026-01-02 06:00:00+00:00,3012.72,3039.3,3010.5,3023.19,7936.806431730008
2026-01-02 07:00:00+00:00,3022.7,3033.1,3013.04,3014.44,2848.9973869500004
2026-01-02 08:00:00+00:00,3014.12,3034.3,3012.13,3028.46,2213.73785479
2026-01-02 09:00:00+00:00,3028.45,3054.7,3026.25,3044.58,4683.292274409995
2026-01-02 10:00:00+00:00,3044.19,3069.9,3042.07,3053.56,5065.584646249999
2026-01-02 11:00:00+00:00,3053.69,3057.7,3037.06,3044.36,3922.247403989999
2026-01-02 12:00:00+00:00,3044.37,3057.8,3039.12,3045.38,3213.295326810001
2026-01-02 13:00:00+00:00,3045.38,3059.1,3043.47,3047.66,4691.40868836
2026-01-02 14:00:00+00:00,3047.08,3109.6,3017.84,3080.32,31827.58963703001
2026-01-02 15:00:00+00:00,3080.32,3097.7,3052.14,3084.58,36414.13087649018
2026-01-02 16:00:00+00:00,3084.58,3146.3,3077.58,3130.32,24946.823010240045
2026-01-02 17:00:00+00:00,3130.51,3149.3,3107.36,3123.2,16179.958741629987
2026-01-02 18:00:00+00:00,3121.21,3131.7,3094.4,3108.65,10362.956734430005
2026-01-02 19:00:00+00:00,3108.65,3127.7,3105.76,3122.46,6454.933853180002
2026-01-02 20:00:00+00:00,3122.35,3130.2,3109.7,3116.43,7139.83130266
2026-01-02 21:00:00+00:00,3116.25,3133.4,3115.0,3129.29,3814.00849832
2026-01-02 22:00:00+00:00,3129.05,3145.8,3126.39,3132.58,3313.997704290001
2026-01-02 23:00:00+00:00,3132.59,3135.9,3118.67,3125.24,3197.5907813800013
2026-01-03 00:00:00+00:00,3124.04,3136.4,3121.1,3130.0,5424.647022990001
2026-01-03 01:00:00+00:00,3129.67,3131.9,3122.33,3129.67,2727.8833518700003
2026-01-03 02:00:00+00:00,3129.67,3130.9,3118.76,3125.0,3940.2478542
2026-01-03 03:00:00+00:00,3124.91,3127.6,3116.82,3124.36,2148.88897666
2026-01-03 04:00:00+00:00,3124.19,3127.6,3113.64,3115.48,1644.1720913699994
2026-01-03 05:00:00+00:00,3115.37,3118.6,3102.11,3110.75,2425.34230591
2026-01-03 06:00:00+00:00,3110.7,3117.3,3097.24,3097.28,1585.3169481799998
2026-01-03 07:00:00+00:00,3097.22,3105.7,3075.13,3088.81,6599.293346029994
2026-01-03 08:00:00+00:00,3089.06,3106.3,3083.29,3095.9,1878.9724749100008
2026-01-03 09:00:00+00:00,3094.52,3110.2,3091.26,3100.02,1723.42869605
2026-01-03 10:00:00+00:00,3100.02,3105.3,3095.64,3096.53,993.80056049
2026-01-03 11:00:00+00:00,3096.2,3100.1,3090.9,3097.01,883.5531530000002
2026-01-03 12:00:00+00:00,3096.77,3104.98,3091.46,3104.6,2155.568910379999
2026-01-03 13:00:00+00:00,3103.17,3107.4,3099.0,3101.34,1495.03969014
2026-01-03 14:00:00+00:00,3101.19,3113.58,3099.46,3104.31,3774.085096180001
2026-01-03 15:00:00+00:00,3104.61,3106.04,3098.3,3099.87,2080.452032680001
2026-01-03 16:00:00+00:00,3099.01,3110.91,3096.2,3105.6,2056.87412025
2026-01-03 17:00:00+00:00,3105.19,3109.08,3103.5,3106.99,923.4819221900004
2026-01-03 18:00:00+00:00,3106.0,3117.2,3103.19,3115.0,1238.5083638800002
2026-01-03 19:00:00+00:00,3114.46,3114.88,3108.02,3111.49,2923.4188761899995
2026-01-03 20:00:00+00:00,3110.54,3116.95,3105.3,3114.02,1846.06476592
2026-01-03 21:00:00+00:00,3113.92,3127.78,3110.7,3118.7,2095.381856310001
2026-01-03 22:00:00+00:00,3119.19,3124.65,3111.9,3121.69,1800.40721809
2026-01-03 23:00:00+00:00,3121.45,3130.0,3119.08,3125.43,3597.225644499999
2026-01-04 00:00:00+00:00,3125.5,3164.79,3125.2,3156.02,2759.91040459
2026-01-04 01:00:00+00:00,3156.02,3160.9,3140.5,3148.5,1074.0255827799997
2026-01-04 02:00:00+00:00,3148.61,3149.9,3135.9,3139.8,483.0090594
2026-01-04 03:00:00+00:00,3139.8,3150.1,3138.53,3146.36,323.0185587000001
2026-01-04 04:00:00+00:00,3146.23,3154.17,3143.2,3146.74,313.32442421
2026-01-04 05:00:00+00:00,3146.74,3150.63,3142.8,3148.9,316.7671485699999
2026-01-04 06:00:00+00:00,3149.5,3161.5,3137.0,3137.8,1003.6350744399996
2026-01-04 07:00:00+00:00,3138.5,3144.5,3132.64,3139.54,411.7461413899999
2026-01-04 08:00:00+00:00,3139.84,3140.5,3124.19,3136.99,781.0130875699997
2026-01-04 09:00:00+00:00,3136.8,3146.13,3133.4,3142.1,592.4334278300001
2026-01-04 10:00:00+00:00,3142.29,3146.8,3140.8,3144.2,325.78274461
2026-01-04 11:00:00+00:00,3144.81,3144.81,3132.8,3137.4,149.23805723000004
2026-01-04 12:00:00+00:00,3137.77,3145.4,3131.5,3135.3,262.7531961099999
2026-01-04 13:00:00+00:00,3135.3,3139.17,3129.1,3139.09,350.3519318599999
2026-01-04 14:00:00+00:00,3138.95,3141.37,3130.2,3135.7,296.50319663
2026-01-04 15:00:00+00:00,3135.7,3137.63,3115.9,3133.3,2326.4728839900004
2026-01-04 16:00:00+00:00,3133.94,3138.1,3129.1,3136.6,1226.3673275200003
2026-01-04 17:00:00+00:00,3137.8,3141.5,3133.2,3135.3,422.21944743
2026-01-04 18:00:00+00:00,3136.09,3136.09,3120.7,3133.49,245.8653199299999
2026-01-04 19:00:00+00:00,3133.5,3133.5,3115.6,3131.12,218.7183994599999
2026-01-04 20:00:00+00:00,3131.13,3141.8,3128.1,3140.1,213.3429036099999
2026-01-04 21:00:00+00:00,3138.8,3154.1,3135.2,3144.21,1160.8098995700009
2026-01-04 22:00:00+00:00,3144.21,3148.2,3133.5,3136.5,272.4387923599999
2026-01-04 23:00:00+00:00,3137.6,3152.71,3131.4,3143.42,290.3633075699999
2026-01-05 00:00:00+00:00,3143.18,3173.36,3139.7,3166.25,1842.6303954900009
2026-01-05 01:00:00+00:00,3166.79,3218.0,3159.7,3195.98,1802.30550283
2026-01-05 02:00:00+00:00,3196.13,3202.91,3179.4,3188.3,871.30977982
2026-01-05 03:00:00+00:00,3191.48,3195.0,3180.5,3184.2,322.7047602900001
2026-01-05 04:00:00+00:00,3184.2,3186.65,3153.7,3163.1,744.80225093
2026-01-05 05:00:00+00:00,3165.38,3167.55,3144.6,3145.9,562.8055195399999
2026-01-05 06:00:00+00:00,3148.13,3156.77,3129.1,3155.73,670.18881088
2026-01-05 07:00:00+00:00,3155.74,3161.06,3150.8,3153.3,269.01644149000003
2026-01-05 08:00:00+00:00,3156.01,3170.0,3152.1,3159.6,825.0716961999997
2026-01-05 09:00:00+00:00,3162.27,3172.62,3149.1,3164.6,1861.75502001
2026-01-05 10:00:00+00:00,3166.36,3176.61,3158.7,3169.1,612.5082687299998
2026-01-05 11:00:00+00:00,3169.2,3181.48,3164.0,3178.81,279.9063003500001
2026-01-05 12:00:00+00:00,3176.3,3180.84,3161.9,3166.6,230.45429691
2026-01-05 13:00:00+00:00,3168.8,3172.82,3139.8,3152.37,1572.8190529200003
2026-01-05 14:00:00+00:00,3152.37,3176.49,3131.8,3164.66,5190.562343989996
2026-01-05 15:00:00+00:00,3162.9,3202.93,3149.9,3194.99,1968.6572979800003
2026-01-05 16:00:00+00:00,3194.44,3200.32,3169.4,3183.06,1214.9257677199998
2026-01-05 17:00:00+00:00,3183.06,3228.58,3155.1,3208.5,2604.2670571600006
2026-01-05 18:00:00+00:00,3212.47,3227.8,3183.2,3223.9,1821.0506036599988
2026-01-05 19:00:00+00:00,3227.67,3227.67,3210.8,3218.8,869.19462962
2026-01-05 20:00:00+00:00,3222.56,3264.6,3215.7,3236.9,2769.995488840001
2026-01-05 21:00:00+00:00,3241.34,3248.03,3226.5,3238.07,813.2954395899999
2026-01-05 22:00:00+00:00,3233.5,3249.71,3225.0,3239.64,4786.4679439
2026-01-05 23:00:00+00:00,3236.9,3240.21,3220.4,3220.5,1410.30243691
2026-01-06 00:00:00+00:00,3224.83,3232.27,3198.6,3211.4,6485.513835629999
2026-01-06 01:00:00+00:00,3211.4,3247.31,3211.0,3218.32,5063.733026159999
2026-01-06 02:00:00+00:00,3217.88,3224.12,3204.7,3216.89,3193.8318734000018
2026-01-06 03:00:00+00:00,3216.76,3233.99,3209.8,3224.49,3483.9534350500007
2026-01-06 04:00:00+00:00,3224.56,3233.73,3218.4,3222.34,2792.97571348
2026-01-06 05:00:00+00:00,3222.45,3229.11,3212.3,3217.7,3090.448621990001
2026-01-06 06:00:00+00:00,3217.9,3252.68,3213.3,3240.08,6814.63148146
2026-01-06 07:00:00+00:00,3240.08,3242.17,3206.2,3218.11,4954.08188088
2026-01-06 08:00:00+00:00,3217.84,3227.55,3209.9,3218.76,2862.25115344
2026-01-06 09:00:00+00:00,3218.75,3228.49,3213.1,3222.0,3051.742585190002
2026-01-06 10:00:00+00:00,3221.75,3230.96,3217.2,3228.4,2236.3854325700004
2026-01-06 11:00:00+00:00,3228.1,3242.78,3222.6,3237.14,2269.227646820001
2026-01-06 12:00:00+00:00,3236.75,3244.8,3232.0,3237.85,2212.15688622
2026-01-06 13:00:00+00:00,3238.16,3239.05,3225.3,3237.02,2685.5731820199994
2026-01-06 14:00:00+00:00,3237.02,3308.21,3234.5,3277.55,31961.69069946998
2026-01-06 15:00:00+00:00,3277.0,3302.08,3256.9,3271.55,12706.60653915
2026-01-06 16:00:00+00:00,3271.12,3278.84,3230.2,3250.06,10581.41636314
2026-01-06 17:00:00+00:00,3250.28,3258.8,3186.6,3195.04,10732.631607529982
2026-01-06 18:00:00+00:00,3194.32,3231.6,3179.5,3217.48,8828.129290539993
2026-01-06 19:00:00+00:00,3217.49,3228.33,3210.9,3222.11,4032.141351200001
2026-01-06 20:00:00+00:00,3221.65,3249.08,3219.7,3239.71,7160.401947649999
2026-01-06 21:00:00+00:00,3239.71,3299.18,3234.8,3274.76,7904.060876220003
2026-01-06 22:00:00+00:00,3274.65,3288.9,3260.6,3276.14,3420.2762281100013
2026-01-06 23:00:00+00:00,3276.15,3300.0,3272.4,3295.59,4238.63099105
2026-01-07 00:00:00+00:00,3295.58,3295.83,3251.0,3256.08,5187.639502340002
2026-01-07 01:00:00+00:00,3256.09,3270.4,3234.4,3240.8,4304.288094879998
2026-01-07 02:00:00+00:00,3243.6,3272.5,3236.0,3267.87,4258.473660809998
2026-01-07 03:00:00+00:00,3268.0,3280.54,3260.3,3264.62,2399.9269065399994
2026-01-07 04:00:00+00:00,3264.75,3269.94,3248.9,3251.7,1675.1328634500003
2026-01-07 05:00:00+00:00,3254.8,3260.37,3242.7,3246.3,2029.7379293300005
2026-01-07 06:00:00+00:00,3246.09,3257.99,3243.5,3249.01,1505.8421095899994
2026-01-07 07:00:00+00:00,3249.01,3260.55,3246.2,3252.64,1130.70409936
2026-01-07 08:00:00+00:00,3252.65,3261.18,3248.3,3251.91,1503.5547986800009
2026-01-07 09:00:00+00:00,3251.91,3252.18,3196.3,3198.4,17515.941704339988
2026-01-07 10:00:00+00:00,3197.29,3221.5,3193.14,3218.7,3381.8845315700005
2026-01-07 11:00:00+00:00,3215.61,3227.9,3214.04,3218.21,2447.855156750001
2026-01-07 12:00:00+00:00,3218.47,3222.8,3208.88,3210.77,1822.77147627
2026-01-07 13:00:00+00:00,3211.07,3228.8,3199.87,3209.14,3208.97129838
2026-01-07 14:00:00+00:00,3209.13,3212.4,3163.03,3189.13,18209.96359431005
2026-01-07 15:00:00+00:00,3188.62,3195.0,3141.82,3162.07,24892.66553037
2026-01-07 16:00:00+00:00,3161.92,3179.3,3146.8,3154.32,15270.006501870002
2026-01-07 17:00:00+00:00,3153.33,3171.0,3142.8,3148.93,6054.200062369999
2026-01-07 18:00:00+00:00,3149.02,3164.7,3131.17,3143.12,9757.618764059993
2026-01-07 19:00:00+00:00,3143.17,3154.5,3121.68,3142.31,15825.046181519998
2026-01-07 20:00:00+00:00,3142.31,3150.7,3124.89,3135.68,3238.801835580002
2026-01-07 21:00:00+00:00,3138.5,3152.3,3134.45,3147.35,2890.6726455400017
2026-01-07 22:00:00+00:00,3147.35,3165.1,3140.76,3150.18,2176.8640842600003
2026-01-07 23:00:00+00:00,3150.18,3180.9,3140.52,3165.64,7355.0533016599875
2026-01-08 00:00:00+00:00,3166.38,3175.5,3151.85,3167.43,3882.3937322000006
2026-01-08 01:00:00+00:00,3167.43,3180.4,3165.46,3172.51,2286.3282775800003
2026-01-08 02:00:00+00:00,3172.68,3183.7,3145.0,3156.09,4595.806485699999
2026-01-08 03:00:00+00:00,3156.09,3167.1,3129.84,3139.12,4656.169821200001
2026-01-08 04:00:00+00:00,3139.15,3158.2,3135.31,3153.2,2765.942624700001
2026-01-08 05:00:00+00:00,3150.74,3160.8,3138.2,3139.88,2098.4737377700003
2026-01-08 06:00:00+00:00,3139.38,3145.5,3100.68,3101.41,6628.759209980003
2026-01-08 07:00:00+00:00,3101.41,3131.3,3086.6,3123.7,5874.285750359991
2026-01-08 08:00:00+00:00,3123.61,3135.6,3109.0,3112.62,1705.7852004499996
2026-01-08 09:00:00+00:00,3112.76,3122.7,3101.48,3108.14,1419.2114340200003
2026-01-08 10:00:00+00:00,3108.13,3132.2,3093.01,3124.23,4140.304145470004
2026-01-08 11:00:00+00:00,3124.24,3130.9,3108.84,3116.92,26699.93382210999
2026-01-08 12:00:00+00:00,3116.93,3121.1,3080.69,3095.3,14022.692461499995
2026-01-08 13:00:00+00:00,3091.76,3102.7,3086.82,3092.75,1830.48275168
2026-01-08 14:00:00+00:00,3092.82,3096.2,3050.2,3073.5,10508.433069479996
2026-01-08 15:00:00+00:00,3073.5,3111.1,3062.88,3101.13,12573.25951675
2026-01-08 16:00:00+00:00,3100.69,3123.8,3086.87,3122.0,11425.843410720012
2026-01-08 17:00:00+00:00,3119.09,3138.1,3107.53,3131.78,5690.85462206
2026-01-08 18:00:00+00:00,3131.78,3135.1,3111.92,3117.6,5558.102523410001
2026-01-08 19:00:00+00:00,3117.41,3127.5,3101.15,3108.39,5236.27903778
2026-01-08 20:00:00+00:00,3108.34,3110.2,3085.0,3104.15,8149.261156390002
2026-01-08 21:00:00+00:00,3104.15,3122.7,3103.96,3115.49,3037.353304870001
2026-01-08 22:00:00+00:00,3115.63,3129.2,3104.71,3115.98,2855.5104228099985
2026-01-08 23:00:00+00:00,3115.8,3121.4,3102.97,3104.3,1843.70692699
2026-01-09 00:00:00+00:00,3104.29,3116.9,3101.2,3112.76,2910.445231500001
2026-01-09 01:00:00+00:00,3112.59,3147.2,3078.0,3102.02,11670.125033159991
2026-01-09 02:00:00+00:00,3102.6,3125.1,3099.84,3106.14,4452.30404888
2026-01-09 03:00:00+00:00,3105.82,3120.2,3098.77,3116.21,3576.251790820001
2026-01-09 04:00:00+00:00,3116.6,3123.1,3108.5,3115.7,1738.1212290500005
2026-01-09 05:00:00+00:00,3112.99,3120.1,3108.23,3114.8,2193.741089020001
2026-01-09 06:00:00+00:00,3114.58,3124.4,3112.71,3119.35,2277.0438845100007
2026-01-09 07:00:00+00:00,3119.86,3123.3,3104.78,3107.08,7544.769373100001
2026-01-09 08:00:00+00:00,3107.24,3114.4,3063.33,3078.87,7027.154954650003
2026-01-09 09:00:00+00:00,3078.3,3099.4,3077.47,3088.6,2854.5542705500006
2026-01-09 10:00:00+00:00,3088.6,3098.3,3084.41,3095.8,1180.9588959299997
2026-01-09 11:00:00+00:00,3093.24,3103.8,3084.73,3086.69,1698.2514727499995
2026-01-09 12:00:00+00:00,3086.65,3094.9,3078.63,3080.91,3196.88913549
2026-01-09 13:00:00+00:00,3080.87,3110.6,3080.0,3095.93,6794.602243639998
2026-01-09 14:00:00+00:00,3095.81,3098.2,3053.69,3074.94,10596.814409529998
2026-01-09 15:00:00+00:00,3074.7,3143.0,3054.73,3108.82,15620.188864769962
2026-01-09 16:00:00+00:00,3108.67,3144.6,3107.65,3130.34,10079.70598696999
2026-01-09 17:00:00+00:00,3130.21,3134.8,3101.05,3111.2,7609.268537120004
2026-01-09 18:00:00+00:00,3111.07,3118.3,3069.54,3091.78,6336.407423479997
2026-01-09 19:00:00+00:00,3091.73,3094.6,3064.32,3076.19,6234.832602950003
2026-01-09 20:00:00+00:00,3076.76,3091.4,3066.56,3069.08,6092.23371488
2026-01-09 21:00:00+00:00,3069.79,3092.5,3061.38,3084.7,5658.00664257
2026-01-09 22:00:00+00:00,3081.44,3087.9,3070.59,3082.33,2709.27055061
2026-01-09 23:00:00+00:00,3082.1,3092.6,3079.32,3084.31,2475.54009239
2026-01-10 00:00:00+00:00,3084.3,3089.4,3077.62,3079.3,2069.64267366
2026-01-10 01:00:00+00:00,3079.31,3091.6,3079.12,3085.73,1458.8744368500002
2026-01-10 02:00:00+00:00,3085.8,3093.7,3079.0,3083.7,1745.7436256100002
2026-01-10 03:00:00+00:00,3083.84,3088.8,3075.52,3082.45,2166.8740628599994
2026-01-10 04:00:00+00:00,3082.45,3087.5,3074.0,3075.52,1362.1908780600002
2026-01-10 05:00:00+00:00,3075.76,3087.8,3075.3,3082.52,469.5463305999999
2026-01-10 06:00:00+00:00,3081.97,3088.5,3079.16,3083.13,455.9385071
2026-01-10 07:00:00+00:00,3083.13,3093.6,3083.12,3088.65,710.7738185299999
2026-01-10 08:00:00+00:00,3088.41,3093.3,3082.87,3086.28,834.29939645
2026-01-10 09:00:00+00:00,3086.28,3099.7,3085.32,3091.87,1200.6081612199994
2026-01-10 10:00:00+00:00,3091.79,3103.5,3090.23,3103.0,873.1722398300002
2026-01-10 11:00:00+00:00,3099.22,3103.0,3091.11,3093.12,613.0087583000002
2026-01-10 12:00:00+00:00,3091.97,3104.1,3089.87,3095.29,1003.95030532
2026-01-10 13:00:00+00:00,3094.26,3099.5,3089.44,3091.14,914.451597
2026-01-10 14:00:00+00:00,3090.15,3096.5,3085.59,3086.93,1215.16907112
2026-01-10 15:00:00+00:00,3088.01,3096.3,3086.92,3091.71,832.2233961700001
2026-01-10 16:00:00+00:00,3091.42,3097.7,3087.91,3091.62,927.2820728
2026-01-10 17:00:00+00:00,3091.18,3099.5,3088.1,3089.0,2197.690544429999
2026-01-10 18:00:00+00:00,3089.01,3094.2,3086.5,3088.66,1037.72879934
2026-01-10 19:00:00+00:00,3088.5,3093.3,3086.34,3087.45,1101.66477761
2026-01-10 20:00:00+00:00,3087.45,3093.4,3084.73,3085.52,1537.27001839
2026-01-10 21:00:00+00:00,3085.73,3089.9,3081.02,3081.9,1027.49716201
2026-01-10 22:00:00+00:00,3081.67,3088.8,3074.11,3076.24,1731.8286484699993
2026-01-10 23:00:00+00:00,3080.0,3089.2,3075.8,3081.4,925.8633260999997
2026-01-11 00:00:00+00:00,3081.4,3093.0,3080.29,3087.79,1092.3835993199998
2026-01-11 01:00:00+00:00,3088.29,3096.1,3085.22,3091.64,890.3181226199999
2026-01-11 02:00:00+00:00,3090.0,3097.4,3087.99,3088.66,500.56734868000007
2026-01-11 03:00:00+00:00,3088.68,3097.9,3087.85,3093.01,655.2125128799996
2026-01-11 04:00:00+00:00,3093.33,3099.6,3090.8,3094.25,775.4973587700002
2026-01-11 05:00:00+00:00,3093.68,3102.1,3092.14,3099.2,808.7566886400001
2026-01-11 06:00:00+00:00,3095.18,3101.2,3086.02,3093.49,2526.058529490001
2026-01-11 07:00:00+00:00,3093.49,3098.5,3088.68,3091.11,1541.3778933699994
2026-01-11 08:00:00+00:00,3090.81,3107.7,3088.69,3099.35,1499.0217052700004
2026-01-11 09:00:00+00:00,3099.19,3109.3,3096.53,3103.9,1792.4457524800007
2026-01-11 10:00:00+00:00,3100.34,3108.1,3098.35,3107.4,625.5955350099999
2026-01-11 11:00:00+00:00,3103.62,3107.4,3099.14,3104.7,576.10611397
2026-01-11 12:00:00+00:00,3101.26,3116.2,3100.58,3110.11,3110.0611220999995
2026-01-11 13:00:00+00:00,3111.22,3116.0,3103.12,3105.55,1224.22407637
2026-01-11 14:00:00+00:00,3104.82,3128.2,3104.81,3121.38,1687.2348880700004
2026-01-11 15:00:00+00:00,3121.38,3130.2,3105.91,3113.92,2756.634117720001
2026-01-11 16:00:00+00:00,3113.83,3148.8,3111.2,3124.75,7320.377393089996
2026-01-11 17:00:00+00:00,3124.79,3132.5,3113.0,3122.51,2966.400379439998
2026-01-11 18:00:00+00:00,3122.29,3132.0,3115.78,3124.67,3351.42653142
2026-01-11 19:00:00+00:00,3124.91,3131.5,3113.88,3119.79,2209.52810041
2026-01-11 20:00:00+00:00,3119.71,3123.5,3096.6,3110.4,5686.973652229999
2026-01-11 21:00:00+00:00,3110.28,3125.1,3103.09,3116.3,2593.5774826699985
2026-01-11 22:00:00+00:00,3116.41,3120.2,3101.91,3108.8,2302.73871008
2026-01-11 23:00:00+00:00,3105.07,3124.6,3086.34,3118.65,11598.07445004002
2026-01-12 00:00:00+00:00,3118.54,3125.8,3092.88,3115.49,4500.287454570002
2026-01-12 01:00:00+00:00,3115.0,3136.1,3109.41,3123.7,3665.6808905000016
2026-01-12 02:00:00+00:00,3120.46,3166.2,3117.82,3153.84,8203.74453409
2026-01-12 03:00:00+00:00,3153.64,3170.1,3146.88,3147.97,4792.913558799998
2026-01-12 04:00:00+00:00,3147.97,3162.0,3144.09,3154.73,2159.891569930005
2026-01-12 05:00:00+00:00,3154.35,3164.8,3150.56,3154.53,2788.628741890004
2026-01-12 06:00:00+00:00,3154.42,3164.0,3148.4,3150.82,2170.7846940900054
2026-01-12 07:00:00+00:00,3150.82,3159.5,3128.79,3130.8,4604.856739680006
2026-01-12 08:00:00+00:00,3130.8,3144.9,3096.98,3111.42,6615.598575239986
2026-01-12 09:00:00+00:00,3111.43,3122.9,3106.46,3112.4,2907.867559610006
2026-01-12 10:00:00+00:00,3112.41,3118.9,3099.56,3102.6,2223.010317930007
2026-01-12 11:00:00+00:00,3102.6,3120.0,3102.21,3111.31,2474.2402079100057
2026-01-12 12:00:00+00:00,3114.1,3121.5,3108.18,3113.37,1620.0426875299995
2026-01-12 13:00:00+00:00,3112.69,3118.9,3100.1,3107.5,2603.2710883800014
2026-01-12 14:00:00+00:00,3105.33,3114.9,3061.56,3101.4,16732.42681859998
2026-01-12 15:00:00+00:00,3101.56,3132.3,3088.69,3127.2,9112.658173159994
2026-01-12 16:00:00+00:00,3127.01,3145.3,3117.9,3127.65,8104.503505339996
2026-01-12 17:00:00+00:00,3127.65,3135.3,3082.21,3101.95,8081.80810268
2026-01-12 18:00:00+00:00,3102.55,3117.4,3092.44,3105.37,6989.557180459998
2026-01-12 19:00:00+00:00,3104.87,3120.8,3094.21,3118.99,3305.42701097
2026-01-12 20:00:00+00:00,3118.56,3126.2,3097.33,3099.81,6903.883785450006
2026-01-12 21:00:00+00:00,3099.81,3105.0,3081.8,3089.22,4680.664715599998
2026-01-12 22:00:00+00:00,3089.21,3105.9,3089.2,3092.06,3045.5968169700004
2026-01-12 23:00:00+00:00,3092.06,3097.1,3085.15,3091.94,3319.391724750001
2026-01-13 00:00:00+00:00,3091.93,3108.1,3089.71,3104.84,3976.902184340001
2026-01-13 01:00:00+00:00,3105.56,3111.9,3087.93,3094.05,2297.4890431800018
2026-01-13 02:00:00+00:00,3094.05,3106.3,3093.99,3099.5,1703.0786174200011
2026-01-13 03:00:00+00:00,3097.62,3117.6,3097.6,3112.53,6152.743635200007
2026-01-13 04:00:00+00:00,3112.14,3122.7,3108.6,3117.94,2113.10896746
2026-01-13 05:00:00+00:00,3117.94,3146.0,3117.61,3130.8,4191.978808089999
2026-01-13 06:00:00+00:00,3127.79,3137.1,3119.86,3130.74,2542.7593150800003
2026-01-13 07:00:00+00:00,3130.9,3134.6,3118.48,3121.3,1218.91009075
2026-01-13 08:00:00+00:00,3119.02,3137.2,3118.37,3132.78,1060.8930876100003
2026-01-13 09:00:00+00:00,3132.77,3147.8,3125.55,3135.78,4172.632628589993
2026-01-13 10:00:00+00:00,3135.78,3140.8,3126.72,3131.7,1308.1832144399998
2026-01-13 11:00:00+00:00,3131.08,3137.5,3128.02,3130.67,830.30443329
2026-01-13 12:00:00+00:00,3130.36,3136.5,3126.43,3131.62,1475.87131034
2026-01-13 13:00:00+00:00,3131.62,3159.9,3126.89,3139.33,10477.120042990007
2026-01-13 14:00:00+00:00,3139.32,3163.2,3127.32,3142.4,11589.54927393
2026-01-13 15:00:00+00:00,3142.2,3186.55,3130.24,3182.76,15293.45796599998
2026-01-13 16:00:00+00:00,3182.62,3195.09,3169.3,3179.14,19692.58331907
2026-01-13 17:00:00+00:00,3179.14,3243.88,3169.6,3178.56,15303.392958300014
2026-01-13 18:00:00+00:00,3178.47,3213.06,3174.8,3199.82,10503.445863679995
2026-01-13 19:00:00+00:00,3199.45,3217.46,3188.5,3215.63,8513.651978179998
2026-01-13 20:00:00+00:00,3214.96,3220.5,3186.9,3201.5,10021.129507320002
2026-01-13 21:00:00+00:00,3204.11,3217.83,3198.7,3209.21,6863.239413229999
2026-01-13 22:00:00+00:00,3209.21,3375.5,3205.4,3329.56,32050.036188150007
2026-01-13 23:00:00+00:00,3329.61,3345.6,3309.9,3323.38,9139.894847709997
2026-01-14 00:00:00+00:00,3323.57,3334.22,3311.3,3322.33,1342.8740381899995
2026-01-14 01:00:00+00:00,3322.34,3342.58,3316.8,3334.23,1311.1776115900002
2026-01-14 02:00:00+00:00,3334.23,3356.87,3315.3,3321.6,2532.74972955
2026-01-14 03:00:00+00:00,3323.97,3349.75,3315.5,3349.74,2521.8554807300006
2026-01-14 04:00:00+00:00,3349.75,3362.23,3331.4,3336.91,3070.0380361600005
2026-01-14 05:00:00+00:00,3336.91,3336.91,3321.2,3328.76,1406.0022261000004
2026-01-14 06:00:00+00:00,3328.77,3333.61,3317.4,3330.6,1521.34740346
2026-01-14 07:00:00+00:00,3330.7,3340.98,3324.5,3332.4,2935.3535523
2026-01-14 08:00:00+00:00,3334.18,3340.92,3324.5,3325.2,1672.547172540001
2026-01-14 09:00:00+00:00,3326.72,3333.66,3323.1,3326.3,566.7574410599999
2026-01-14 10:00:00+00:00,3326.34,3332.12,3299.87,3310.93,5880.539697590003
2026-01-14 11:00:00+00:00,3310.93,3311.0,3280.6,3283.71,1430.9664007999995
2026-01-14 12:00:00+00:00,3283.72,3300.24,3277.8,3294.75,1852.9547223399989
2026-01-14 13:00:00+00:00,3294.75,3306.1,3287.1,3301.77,1467.939923859999
2026-01-14 14:00:00+00:00,3301.0,3357.0,3300.51,3348.67,2804.4793934900003
2026-01-14 15:00:00+00:00,3348.7,3360.8,3325.5,3345.03,3372.2981062000003
2026-01-14 16:00:00+00:00,3345.03,3402.64,3343.7,3370.06,5264.5797076200015
2026-01-14 17:00:00+00:00,3370.03,3380.83,3336.5,3341.78,4696.501827039998
2026-01-14 18:00:00+00:00,3341.87,3354.25,3312.9,3339.49,3592.674190339999
2026-01-14 19:00:00+00:00,3339.07,3400.0,3329.2,3363.8,4207.222758619999
2026-01-14 20:00:00+00:00,3367.2,3392.38,3359.0,3379.9,5787.549266839997
2026-01-14 21:00:00+00:00,3384.84,3384.84,3353.1,3372.76,1529.30856988
2026-01-14 22:00:00+00:00,3372.75,3374.37,3342.5,3344.5,2363.002185419998
2026-01-14 23:00:00+00:00,3349.67,3369.21,3344.3,3354.58,899.06925236
2026-01-15 00:00:00+00:00,3354.82,3355.8,3321.5,3331.59,5980.917739739999
2026-01-15 01:00:00+00:00,3331.59,3343.15,3313.2,3324.8,6198.86485339
2026-01-15 02:00:00+00:00,3324.65,3333.05,3301.7,3313.36,4993.15272536
2026-01-15 03:00:00+00:00,3313.14,3320.88,3273.7,3284.92,7601.146825299996
2026-01-15 04:00:00+00:00,3285.15,3308.0,3280.2,3304.91,3473.09866439
2026-01-15 05:00:00+00:00,3304.75,3315.31,3297.9,3310.41,3122.164465450001
2026-01-15 06:00:00+00:00,3306.9,3323.4,3305.7,3315.21,2334.4161785300003
2026-01-15 07:00:00+00:00,3315.21,3334.94,3310.5,3327.4,3816.2390482299993
2026-01-15 08:00:00+00:00,3329.03,3338.67,3317.5,3336.31,3104.685354829999
2026-01-15 09:00:00+00:00,3336.31,3373.69,3327.6,3365.6,4350.884642740001
2026-01-15 10:00:00+00:00,3365.64,3377.54,3354.8,3363.49,2841.1093057299995
2026-01-15 11:00:00+00:00,3363.09,3365.28,3344.8,3348.9,2609.66408593
2026-01-15 12:00:00+00:00,3348.9,3370.4,3341.4,3366.5,3295.91814156
2026-01-15 13:00:00+00:00,3367.83,3384.32,3354.6,3370.44,4007.505760279999
2026-01-15 14:00:00+00:00,3370.44,3382.4,3318.8,3340.96,12333.870163919995
2026-01-15 15:00:00+00:00,3340.99,3356.97,3283.6,3330.61,14444.576173589996
2026-01-15 16:00:00+00:00,3330.13,3335.14,3308.6,3330.4,12134.304252019998
2026-01-15 17:00:00+00:00,3330.18,3337.14,3295.0,3300.6,13162.399186539991
2026-01-15 18:00:00+00:00,3299.99,3307.4,3270.58,3288.06,14288.915166609992
2026-01-15 19:00:00+00:00,3287.05,3300.3,3275.3,3294.82,10992.53454972
2026-01-15 20:00:00+00:00,3294.36,3306.06,3274.6,3287.6,23605.564096049984
2026-01-15 21:00:00+00:00,3287.6,3304.96,3281.9,3298.76,4562.57882741
2026-01-15 22:00:00+00:00,3298.14,3318.75,3294.3,3308.41,3914.973977780001
2026-01-15 23:00:00+00:00,3308.41,3322.33,3300.1,3317.98,3359.55388846
2026-01-16 00:00:00+00:00,3317.98,3326.59,3313.4,3316.16,2843.02770766
2026-01-16 01:00:00+00:00,3316.04,3320.63,3299.0,3312.94,3827.366762180001
2026-01-16 02:00:00+00:00,3312.76,3313.07,3288.5,3302.83,3845.8493460599984
2026-01-16 03:00:00+00:00,3302.5,3307.39,3292.1,3294.09,1927.20544395
2026-01-16 04:00:00+00:00,3294.28,3304.08,3273.4,3287.21,4337.295568279999
2026-01-16 05:00:00+00:00,3287.2,3315.26,3280.5,3308.23,4577.517453969998
2026-01-16 06:00:00+00:00,3307.78,3316.3,3298.7,3313.42,2885.33330826
2026-01-16 07:00:00+00:00,3312.81,3315.46,3298.5,3308.93,2059.117595760004
2026-01-16 08:00:00+00:00,3308.04,3319.39,3305.4,3312.19,4761.534974650003
2026-01-16 09:00:00+00:00,3312.19,3315.63,3303.9,3306.5,2410.87090928
2026-01-16 10:00:00+00:00,3306.77,3307.9,3290.1,3296.53,2571.9540802
2026-01-16 11:00:00+00:00,3296.52,3305.23,3289.4,3301.3,2073.695344290008
2026-01-16 12:00:00+00:00,3301.3,3313.74,3297.1,3307.89,1910.497081880004
2026-01-16 13:00:00+00:00,3307.9,3309.79,3292.4,3306.81,2579.62539964
2026-01-16 14:00:00+00:00,3306.77,3317.9,3287.5,3292.69,5614.790215279999
2026-01-16 15:00:00+00:00,3292.38,3311.27,3250.7,3262.92,14517.237741649982
2026-01-16 16:00:00+00:00,3262.61,3288.3,3257.1,3278.3,12015.649849019994
2026-01-16 17:00:00+00:00,3278.3,3286.26,3264.0,3282.72,8532.949931210005
2026-01-16 18:00:00+00:00,3283.06,3287.13,3275.5,3276.99,5892.132611280002
2026-01-16 19:00:00+00:00,3277.14,3278.3,3266.5,3274.49,7323.8841860500015
2026-01-16 20:00:00+00:00,3274.69,3292.88,3262.1,3291.84,6803.17139454
2026-01-16 21:00:00+00:00,3290.68,3298.16,3285.6,3292.48,3814.0595619600017
2026-01-16 22:00:00+00:00,3292.57,3295.0,3281.1,3292.7,2711.89668283
2026-01-16 23:00:00+00:00,3292.4,3298.7,3290.7,3294.88,2311.34161424
2026-01-17 00:00:00+00:00,3294.87,3296.3,3288.5,3291.4,1502.5525127000003
2026-01-17 01:00:00+00:00,3290.86,3295.07,3286.2,3289.62,1753.9301477500003
2026-01-17 02:00:00+00:00,3289.13,3291.54,3282.0,3290.74,1453.46109469
2026-01-17 03:00:00+00:00,3290.71,3291.02,3286.01,3288.01,968.17034702
2026-01-17 04:00:00+00:00,3288.15,3291.41,3284.21,3290.55,856.0781386500001
2026-01-17 05:00:00+00:00,3290.79,3292.84,3288.1,3290.08,925.890726
2026-01-17 06:00:00+00:00,3290.1,3292.42,3285.1,3289.79,684.70879353
2026-01-17 07:00:00+00:00,3289.79,3291.75,3285.5,3290.29,580.7532296700001
2026-01-17 08:00:00+00:00,3289.88,3295.5,3287.2,3295.24,774.3375494799998
2026-01-17 09:00:00+00:00,3295.25,3302.44,3291.8,3296.8,1674.1315418999998
2026-01-17 10:00:00+00:00,3297.4,3299.7,3293.3,3295.14,422.0685595700001
2026-01-17 11:00:00+00:00,3295.1,3305.01,3290.4,3301.79,5332.026422659993
2026-01-17 12:00:00+00:00,3301.65,3305.17,3298.6,3301.49,698.8958311000001
2026-01-17 13:00:00+00:00,3301.99,3303.53,3298.0,3302.65,545.30680694
2026-01-17 14:00:00+00:00,3302.65,3310.57,3300.3,3309.0,1276.84444711
2026-01-17 15:00:00+00:00,3309.03,3329.02,3306.6,3328.38,4397.640511989999
2026-01-17 16:00:00+00:00,3328.64,3328.99,3310.8,3317.88,3502.1512812300007
2026-01-17 17:00:00+00:00,3317.98,3327.2,3314.99,3318.13,6812.237122709996
2026-01-17 18:00:00+00:00,3317.48,3319.61,3313.17,3316.73,1677.7251365799998
2026-01-17 19:00:00+00:00,3316.73,3320.34,3312.9,3315.18,945.6492263600002
2026-01-17 20:00:00+00:00,3315.18,3319.1,3313.65,3316.2,916.45783285
2026-01-17 21:00:00+00:00,3315.68,3316.4,3305.8,3311.51,1093.02868367
2026-01-17 22:00:00+00:00,3311.0,3311.8,3295.9,3300.61,2418.615717900001
2026-01-17 23:00:00+00:00,3300.61,3309.38,3300.0,3309.33,1491.5053105600002
2026-01-18 00:00:00+00:00,3308.93,3313.39,3301.7,3303.21,1576.76994152
2026-01-18 01:00:00+00:00,3302.82,3305.89,3293.92,3299.94,1818.64258981
2026-01-18 02:00:00+00:00,3299.9,3305.0,3295.21,3301.8,1365.37456657
2026-01-18 03:00:00+00:00,3301.89,3317.4,3301.06,3314.66,1122.4898376600004
2026-01-18 04:00:00+00:00,3314.58,3316.8,3308.26,3310.73,952.3317823000004
2026-01-18 05:00:00+00:00,3310.74,3317.2,3309.74,3314.9,794.1441174499997
2026-01-18 06:00:00+00:00,3315.14,3316.9,3310.31,3314.66,724.0577809600003
2026-01-18 07:00:00+00:00,3314.66,3314.96,3304.63,3306.2,809.7797373600002
2026-01-18 08:00:00+00:00,3306.24,3315.6,3302.16,3314.33,754.2994978699999
2026-01-18 09:00:00+00:00,3314.04,3323.9,3312.8,3321.76,1156.3955133199995
2026-01-18 10:00:00+00:00,3322.0,3325.0,3317.07,3324.41,592.2182933600001
2026-01-18 11:00:00+00:00,3324.49,3324.49,3317.95,3321.03,688.0505196
2026-01-18 12:00:00+00:00,3321.04,3326.3,3317.3,3321.12,1124.7186112000002
2026-01-18 13:00:00+00:00,3321.12,3329.2,3312.98,3324.87,1813.863040279998
2026-01-18 14:00:00+00:00,3324.86,3346.71,3321.26,3323.58,3298.28881924
2026-01-18 15:00:00+00:00,3323.53,3335.2,3317.59,3332.3,1664.8863414600032
2026-01-18 16:00:00+00:00,3332.32,3337.9,3328.51,3332.31,1515.1090134500016
2026-01-18 17:00:00+00:00,3332.1,3345.7,3331.14,3343.64,1502.18677668
2026-01-18 18:00:00+00:00,3344.0,3368.9,3335.23,3360.9,5160.183426129994
2026-01-18 19:00:00+00:00,3360.61,3365.7,3343.05,3345.87,2475.8722637199994
2026-01-18 20:00:00+00:00,3345.34,3352.67,3337.48,3340.1,1660.6878112400027
2026-01-18 21:00:00+00:00,3340.1,3344.8,3335.81,3340.6,1327.001593170003
2026-01-18 22:00:00+00:00,3340.05,3355.7,3338.79,3349.5,1715.3391303200074
2026-01-18 23:00:00+00:00,3349.5,3349.5,3276.92,3282.55,12665.848225850004
2026-01-19 00:00:00+00:00,3282.5,3283.4,3174.44,3211.33,28581.137259009964
2026-01-19 01:00:00+00:00,3210.89,3220.93,3193.32,3205.4,6179.688423230002
2026-01-19 02:00:00+00:00,3204.88,3216.1,3193.03,3202.88,4358.239054329999
2026-01-19 03:00:00+00:00,3202.78,3213.3,3194.1,3212.4,2924.597457670001
2026-01-19 04:00:00+00:00,3210.6,3218.0,3203.56,3211.14,3515.9219639200005
2026-01-19 05:00:00+00:00,3211.24,3215.5,3194.62,3201.34,5473.082946399995
2026-01-19 06:00:00+00:00,3201.51,3204.4,3186.01,3194.18,3458.9909122799995
2026-01-19 07:00:00+00:00,3194.18,3209.0,3194.0,3205.65,2989.96727796
2026-01-19 08:00:00+00:00,3205.66,3221.8,3195.82,3213.4,5577.761572420001
2026-01-19 09:00:00+00:00,3212.16,3214.2,3203.65,3207.56,3190.524349530001
2026-01-19 10:00:00+00:00,3207.6,3216.2,3203.53,3213.69,2199.4117462200006
2026-01-19 11:00:00+00:00,3213.6,3231.1,3210.88,3221.72,2712.296188429999
2026-01-19 12:00:00+00:00,3221.73,3236.3,3217.29,3223.1,2447.9579021000004
2026-01-19 13:00:00+00:00,3223.25,3224.7,3210.9,3217.9,3262.3999344
2026-01-19 14:00:00+00:00,3216.58,3219.1,3201.24,3211.18,4542.017340479999
2026-01-19 15:00:00+00:00,3212.5,3220.4,3208.0,3214.47,3510.1336742799986
2026-01-19 16:00:00+00:00,3214.22,3226.6,3210.92,3221.64,4014.96845607
2026-01-19 17:00:00+00:00,3221.21,3225.5,3214.91,3219.2,2360.5572163699994
2026-01-19 18:00:00+00:00,3218.2,3220.3,3206.33,3212.97,3735.484234100001
2026-01-19 19:00:00+00:00,3214.01,3224.1,3212.93,3218.32,3008.5527926100003
2026-01-19 20:00:00+00:00,3218.06,3224.7,3210.55,3212.43,3819.43560364
2026-01-19 21:00:00+00:00,3212.61,3220.2,3208.29,3211.03,2170.486856590001
2026-01-19 22:00:00+00:00,3211.02,3213.7,3174.87,3186.51,9648.94152445
2026-01-19 23:00:00+00:00,3186.5,3197.0,3162.86,3187.51,9312.822724789994
2026-01-20 00:00:00+00:00,3187.28,3199.8,3174.01,3181.73,4620.46211861
2026-01-20 01:00:00+00:00,3181.58,3198.9,3173.22,3190.74,2951.61550897
2026-01-20 02:00:00+00:00,3191.01,3199.9,3176.63,3190.14,4265.4548520499975
2026-01-20 03:00:00+00:00,3190.37,3194.3,3181.04,3186.13,3126.275452580001
2026-01-20 04:00:00+00:00,3186.36,3188.7,3166.32,3170.18,4943.583745249998
2026-01-20 05:00:00+00:00,3170.42,3174.2,3148.88,3168.42,7876.116325859993
2026-01-20 06:00:00+00:00,3168.58,3171.3,3105.89,3113.0,13147.30253194999
2026-01-20 07:00:00+00:00,3113.21,3130.7,3108.59,3119.95,4930.439902699998
2026-01-20 08:00:00+00:00,3119.8,3123.1,3081.19,3103.1,11508.840917020014
2026-01-20 09:00:00+00:00,3102.91,3108.6,3085.01,3090.78,4150.91682669
2026-01-20 10:00:00+00:00,3090.71,3108.2,3087.62,3099.65,1607.8480686100002
2026-01-20 11:00:00+00:00,3099.81,3113.1,3099.71,3109.4,2388.18665323
2026-01-20 12:00:00+00:00,3106.65,3115.0,3099.46,3108.49,1876.280181460001
2026-01-20 13:00:00+00:00,3108.31,3112.7,3070.0,3075.9,6825.062347489999
2026-01-20 14:00:00+00:00,3076.14,3088.7,3031.26,3043.8,17261.211988109997
2026-01-20 15:00:00+00:00,3043.79,3048.0,2992.32,3032.4,18593.821564819977
2026-01-20 16:00:00+00:00,3029.3,3042.6,2993.33,3006.05,11935.486725030005
2026-01-20 17:00:00+00:00,3006.04,3023.5,2980.77,2996.39,14077.599118569997
2026-01-20 18:00:00+00:00,2996.11,3008.2,2983.95,2987.83,10141.090125340002
2026-01-20 19:00:00+00:00,2987.82,3001.3,2976.11,2991.99,10123.24937227
2026-01-20 20:00:00+00:00,2991.99,3006.6,2981.5,3002.64,7812.542550959997
2026-01-20 21:00:00+00:00,3002.23,3006.6,2985.45,2989.22,3965.514010779998
2026-01-20 22:00:00+00:00,2990.18,2996.7,2910.0,2951.0,14646.54878310002
2026-01-20 23:00:00+00:00,2947.65,2952.3,2926.4,2936.5,6702.75579958
2026-01-21 00:00:00+00:00,2936.5,2969.0,2918.22,2956.27,10172.37330143
2026-01-21 01:00:00+00:00,2956.41,2974.1,2951.38,2961.6,6309.390973920004
2026-01-21 02:00:00+00:00,2961.57,2975.1,2954.04,2958.3,5629.7052927
2026-01-21 03:00:00+00:00,2958.0,2985.4,2957.4,2977.85,6907.230127299998
2026-01-21 04:00:00+00:00,2977.85,2987.3,2970.77,2975.78,3598.929873930001
2026-01-21 05:00:00+00:00,2976.16,3003.7,2974.21,2989.95,3560.9999736800005
2026-01-21 06:00:00+00:00,2989.66,2995.5,2972.2,2976.89,4377.0301241900015
2026-01-21 07:00:00+00:00,2976.89,2987.1,2963.03,2967.45,12800.19925817
2026-01-21 08:00:00+00:00,2967.61,2976.3,2953.38,2962.37,4061.7037074199984
2026-01-21 09:00:00+00:00,2962.09,2976.9,2946.42,2955.5,2242.5357927299992
2026-01-21 10:00:00+00:00,2950.98,2971.8,2948.4,2959.86,2733.740623200002
2026-01-21 11:00:00+00:00,2959.9,2973.5,2935.92,2940.49,3479.40674755
2026-01-21 12:00:00+00:00,2940.46,2948.4,2900.01,2928.47,8777.651231659996
2026-01-21 13:00:00+00:00,2928.47,2947.3,2917.21,2925.51,6177.85875311
2026-01-21 14:00:00+00:00,2925.39,2996.3,2921.63,2977.7,17174.772227429956
2026-01-21 15:00:00+00:00,2977.66,3026.9,2971.81,3000.2,14188.08083884
2026-01-21 16:00:00+00:00,2999.75,3006.1,2882.69,2889.13,21624.731596949983
2026-01-21 17:00:00+00:00,2888.63,2914.7,2863.4,2900.5,20517.27551102997
2026-01-21 18:00:00+00:00,2900.89,2931.9,2884.69,2924.88,15046.621796999998
2026-01-21 19:00:00+00:00,2924.96,3069.0,2913.23,3053.05,24651.20174485001
2026-01-21 20:00:00+00:00,3052.69,3057.0,3000.21,3028.41,23599.816730709976
2026-01-21 21:00:00+00:00,3029.52,3043.3,3018.0,3029.01,4614.076637440002
2026-01-21 22:00:00+00:00,3029.27,3045.3,3007.19,3008.0,3058.971767900001
2026-01-21 23:00:00+00:00,3007.95,3025.4,2969.35,2979.6,11803.034660619993
2026-01-22 00:00:00+00:00,2979.54,3012.0,2978.11,3002.81,4354.086415790002
2026-01-22 01:00:00+00:00,3002.78,3036.3,3000.02,3025.59,3699.049987630001
2026-01-22 02:00:00+00:00,3025.59,3039.4,3012.12,3014.81,3727.1238359099993
2026-01-22 03:00:00+00:00,3014.83,3031.9,2996.51,3010.7,3042.6261792700016
2026-01-22 04:00:00+00:00,3011.09,3026.2,3008.34,3019.77,2138.3516874300003
2026-01-22 05:00:00+00:00,3019.77,3028.8,3011.55,3017.02,1347.6575882600002
2026-01-22 06:00:00+00:00,3016.65,3028.4,3006.13,3016.52,2653.2492865100003
2026-01-22 07:00:00+00:00,3016.2,3023.8,2997.19,2997.9,3724.645343809999
2026-01-22 08:00:00+00:00,2997.89,3009.0,2989.0,3002.6,4671.207853970001
2026-01-22 09:00:00+00:00,3002.58,3017.2,2999.9,3010.68,3712.04165849
2026-01-22 10:00:00+00:00,3010.68,3015.2,2997.0,2999.83,4105.069884399998
2026-01-22 11:00:00+00:00,2999.92,3006.2,2975.02,2983.31,8595.217401499998
2026-01-22 12:00:00+00:00,2987.0,2998.7,2975.17,2987.95,4027.526758819999
2026-01-22 13:00:00+00:00,2988.25,3010.4,2959.11,2970.3,5116.560939840002
2026-01-22 14:00:00+00:00,2969.92,2982.7,2931.84,2937.71,9635.366255500005
2026-01-22 15:00:00+00:00,2939.16,2970.0,2902.91,2939.3,11656.398478339994
2026-01-22 16:00:00+00:00,2939.8,2959.0,2921.21,2943.48,6631.863206240001
2026-01-22 17:00:00+00:00,2943.45,2964.8,2932.01,2958.74,10227.1266367
2026-01-22 18:00:00+00:00,2959.5,2972.6,2934.21,2936.31,17617.675872629992
2026-01-22 19:00:00+00:00,2936.3,2964.1,2925.01,2951.3,7096.9632875399975
2026-01-22 20:00:00+00:00,2951.3,2957.8,2927.3,2935.63,7064.116401649998
2026-01-22 21:00:00+00:00,2935.27,2952.3,2929.87,2942.45,5129.779643579997
2026-01-22 22:00:00+00:00,2942.8,2959.0,2939.84,2948.74,3342.5014139200007
2026-01-22 23:00:00+00:00,2948.65,2956.4,2936.4,2949.36,3064.0993952400013
2026-01-23 00:00:00+00:00,2949.42,2957.8,2942.71,2950.34,3764.2716959099976
2026-01-23 01:00:00+00:00,2950.25,2970.3,2950.03,2965.95,3249.55265653
2026-01-23 02:00:00+00:00,2965.95,2972.7,2949.27,2949.27,3616.251343500001
2026-01-23 03:00:00+00:00,2949.27,2965.7,2948.24,2961.22,3109.9195306800007
2026-01-23 04:00:00+00:00,2960.95,2984.9,2959.53,2974.5,4958.879548600001
2026-01-23 05:00:00+00:00,2974.43,2979.0,2960.36,2968.8,3332.96131728
2026-01-23 06:00:00+00:00,2964.81,2975.7,2933.85,2936.07,4945.039765409999
2026-01-23 07:00:00+00:00,2935.88,2951.5,2931.32,2944.5,8953.508860689995
2026-01-23 08:00:00+00:00,2945.18,2951.4,2918.19,2923.51,5381.041918980003
2026-01-23 09:00:00+00:00,2923.5,2935.8,2910.01,2917.05,7170.778488019998
2026-01-23 10:00:00+00:00,2921.6,2935.0,2910.76,2927.09,3928.77327081
2026-01-23 11:00:00+00:00,2927.44,2947.3,2924.57,2936.88,1916.4906819800003
2026-01-23 12:00:00+00:00,2936.83,2941.0,2925.07,2930.86,1261.9499356899998
2026-01-23 13:00:00+00:00,2930.86,2944.3,2923.21,2927.2,3241.05664701
2026-01-23 14:00:00+00:00,2926.88,2942.5,2888.01,2912.15,11377.453096879994
2026-01-23 15:00:00+00:00,2912.4,2965.3,2895.07,2949.1,10057.012710040004
2026-01-23 16:00:00+00:00,2948.72,2980.4,2934.81,2964.22,10755.26673257
2026-01-23 17:00:00+00:00,2964.22,3019.4,2956.23,2983.68,13487.521907219989
2026-01-23 18:00:00+00:00,2983.0,3007.2,2974.32,2985.21,7861.253279809999
2026-01-23 19:00:00+00:00,2985.1,2988.3,2943.01,2956.13,8436.548428060001
2026-01-23 20:00:00+00:00,2955.72,2964.1,2927.01,2936.25,6255.140667129998
2026-01-23 21:00:00+00:00,2936.38,2953.7,2934.53,2940.24,3393.93064338
2026-01-23 22:00:00+00:00,2940.49,2962.1,2939.31,2956.2,1903.3945819800008
2026-01-23 23:00:00+00:00,2956.22,2960.0,2947.2,2953.01,1458.0627004199998
2026-01-24 00:00:00+00:00,2952.76,2959.1,2945.0,2947.15,2482.5524716900004
2026-01-24 01:00:00+00:00,2947.14,2960.2,2946.1,2952.3,1752.76481221
2026-01-24 02:00:00+00:00,2951.94,2962.7,2950.5,2955.3,1269.6442647499994
2026-01-24 03:00:00+00:00,2955.28,2971.4,2953.0,2958.4,3683.027774699999
2026-01-24 04:00:00+00:00,2958.29,2967.4,2955.17,2959.68,1333.81946445
2026-01-24 05:00:00+00:00,2959.68,2966.4,2953.23,2961.8,1387.62545401
2026-01-24 06:00:00+00:00,2956.4,2964.5,2954.36,2962.5,1030.72194452
2026-01-24 07:00:00+00:00,2957.05,2962.9,2949.89,2958.1,1869.5745123599995
2026-01-24 08:00:00+00:00,2952.75,2963.8,2950.48,2958.69,2051.688345500001
2026-01-24 09:00:00+00:00,2957.99,2965.2,2955.41,2956.54,730.9532766100004
2026-01-24 10:00:00+00:00,2956.54,2962.8,2954.32,2957.47,496.22019905
2026-01-24 11:00:00+00:00,2957.46,2965.7,2955.79,2956.6,761.3638929
2026-01-24 12:00:00+00:00,2956.62,2966.5,2954.82,2958.48,1086.23252365
2026-01-24 13:00:00+00:00,2958.07,2964.1,2944.27,2944.73,1225.9547552899994
2026-01-24 14:00:00+00:00,2944.74,2960.2,2939.8,2959.6,1869.1366347100009
2026-01-24 15:00:00+00:00,2954.94,2967.8,2951.03,2952.73,2015.6001458200003
2026-01-24 16:00:00+00:00,2952.93,2961.7,2947.19,2954.39,1610.67817643
2026-01-24 17:00:00+00:00,2954.77,2965.8,2953.19,2964.1,1682.87918441
2026-01-24 18:00:00+00:00,2959.39,2967.6,2957.0,2959.08,1843.9507936
2026-01-24 19:00:00+00:00,2958.96,2963.5,2948.11,2949.36,1777.2989679000002
2026-01-24 20:00:00+00:00,2950.02,2958.4,2949.17,2951.8,1487.5569246400007
2026-01-24 21:00:00+00:00,2952.19,2957.7,2944.91,2953.92,1841.56206186
2026-01-24 22:00:00+00:00,2953.92,2964.3,2953.53,2958.68,1128.6924800999998
2026-01-24 23:00:00+00:00,2958.8,2963.7,2948.15,2948.86,1671.7893974500007
2026-01-25 00:00:00+00:00,2948.77,2957.8,2947.95,2954.76,1105.6927743999995
2026-01-25 01:00:00+00:00,2953.87,2959.4,2945.36,2950.61,2026.9707195500005
2026-01-25 02:00:00+00:00,2950.61,2957.2,2948.29,2948.96,1193.3876364200005
2026-01-25 03:00:00+00:00,2948.83,2953.6,2933.01,2938.42,2784.2269767999983
2026-01-25 04:00:00+00:00,2938.06,2948.5,2936.0,2941.01,1713.1355060999997
2026-01-25 05:00:00+00:00,2940.93,2947.6,2937.34,2942.88,942.5811287999998
2026-01-25 06:00:00+00:00,2942.71,2946.5,2929.99,2939.77,2386.11505118
2026-01-25 07:00:00+00:00,2939.77,2943.7,2934.22,2934.9,964.9479590900004
2026-01-25 08:00:00+00:00,2934.9,2944.8,2916.41,2924.71,3940.892336479996
2026-01-25 09:00:00+00:00,2924.69,2939.0,2922.19,2931.1,1651.7934149500022
2026-01-25 10:00:00+00:00,2931.1,2947.5,2930.68,2945.1,1301.2547046699997
2026-01-25 11:00:00+00:00,2940.85,2946.8,2927.93,2932.79,1803.86960028
2026-01-25 12:00:00+00:00,2937.5,2943.8,2927.91,2938.21,1869.08398456
2026-01-25 13:00:00+00:00,2937.91,2945.8,2930.98,2937.7,1595.1315838699998
2026-01-25 14:00:00+00:00,2937.5,2943.1,2920.56,2928.3,3450.870540080001
2026-01-25 15:00:00+00:00,2928.91,2936.9,2917.68,2922.86,1628.95292385
2026-01-25 16:00:00+00:00,2922.8,2928.0,2872.29,2892.98,11683.677814110002
2026-01-25 17:00:00+00:00,2893.03,2899.4,2875.0,2880.53,6172.165121060001
2026-01-25 18:00:00+00:00,2880.39,2889.2,2822.53,2844.62,44827.432187720005
2026-01-25 19:00:00+00:00,2844.13,2854.68,2793.41,2810.13,11555.584423109996
2026-01-25 20:00:00+00:00,2809.99,2824.1,2784.23,2807.01,10089.9305983
2026-01-25 21:00:00+00:00,2806.71,2825.6,2799.52,2816.1,7597.774735160001
2026-01-25 22:00:00+00:00,2815.97,2819.0,2786.67,2804.23,6694.062907080002
2026-01-25 23:00:00+00:00,2804.24,2820.3,2783.26,2814.28,8468.561085480002
2026-01-26 00:00:00+00:00,2814.19,2846.4,2809.43,2838.72,9638.51061323
2026-01-26 01:00:00+00:00,2838.81,2898.3,2835.27,2879.46,10519.37920110998
2026-01-26 02:00:00+00:00,2879.6,2884.8,2860.0,2862.45,6871.51063641
2026-01-26 03:00:00+00:00,2861.0,2871.3,2837.11,2846.92,5605.724005050001
2026-01-26 04:00:00+00:00,2845.67,2875.2,2845.67,2862.3,5115.778053340001
2026-01-26 05:00:00+00:00,2862.07,2873.2,2856.18,2866.09,2311.1174566100003
2026-01-26 06:00:00+00:00,2866.26,2892.0,2862.54,2891.8,3757.178679780001
2026-01-26 07:00:00+00:00,2888.06,2910.4,2882.66,2900.0,5818.522381920002
2026-01-26 08:00:00+00:00,2900.0,2934.6,2893.96,2909.08,6865.3307072399975
2026-01-26 09:00:00+00:00,2909.09,2914.1,2877.79,2886.5,5229.377536839999
2026-01-26 10:00:00+00:00,2882.35,2902.5,2881.45,2893.31,1873.6169191400008
2026-01-26 11:00:00+00:00,2892.96,2901.7,2885.11,2893.3,1859.0806915400008
2026-01-26 12:00:00+00:00,2889.11,2916.0,2889.11,2903.6,4823.478895130001
2026-01-26 13:00:00+00:00,2899.33,2912.5,2894.29,2906.86,3280.963541620001
2026-01-26 14:00:00+00:00,2906.73,2936.9,2872.46,2919.9,24311.059465329952
2026-01-26 15:00:00+00:00,2919.98,2953.4,2884.56,2896.33,14718.078061279994
2026-01-26 16:00:00+00:00,2896.17,2919.2,2888.94,2898.3,12799.22982067
2026-01-26 17:00:00+00:00,2898.58,2916.3,2883.32,2906.47,8915.496116990002
2026-01-26 18:00:00+00:00,2906.3,2934.8,2904.8,2933.6,9280.490421589991
2026-01-26 19:00:00+00:00,2933.8,2937.3,2915.53,2919.84,6953.47482878
2026-01-26 20:00:00+00:00,2919.84,2931.3,2894.52,2898.2,9718.425100330003
2026-01-26 21:00:00+00:00,2898.07,2948.8,2892.47,2925.88,7762.041212069996
2026-01-26 22:00:00+00:00,2925.87,2940.3,2916.4,2924.18,4898.673043370001
2026-01-26 23:00:00+00:00,2924.18,2949.8,2915.17,2926.63,6436.147497339998
2026-01-27 00:00:00+00:00,2926.64,2935.0,2914.0,2917.1,3850.244114819999
2026-01-27 01:00:00+00:00,2917.42,2944.4,2908.5,2937.2,7208.336396290002
2026-01-27 02:00:00+00:00,2929.0,2949.9,2928.92,2941.42,6295.710409120005
2026-01-27 03:00:00+00:00,2941.41,2950.6,2932.68,2937.96,3513.6985038400016
2026-01-27 04:00:00+00:00,2936.79,2959.0,2932.99,2943.1,8096.252289469999
2026-01-27 05:00:00+00:00,2937.27,2943.1,2929.7,2935.9,4364.815749880001
2026-01-27 06:00:00+00:00,2934.46,2943.1,2920.68,2925.27,3833.2385580200007
2026-01-27 07:00:00+00:00,2925.27,2939.1,2923.49,2925.35,2257.0742105399995
2026-01-27 08:00:00+00:00,2925.36,2935.7,2916.06,2919.18,4812.021792720004
2026-01-27 09:00:00+00:00,2919.17,2924.8,2903.26,2903.79,2358.785720960001
2026-01-27 10:00:00+00:00,2903.79,2916.8,2897.4,2899.42,2193.23118517
2026-01-27 11:00:00+00:00,2899.21,2923.4,2895.61,2912.9,1890.25896339
2026-01-27 12:00:00+00:00,2912.87,2929.5,2911.5,2914.66,4025.48779885
2026-01-27 13:00:00+00:00,2913.95,2920.8,2901.91,2908.6,2229.734497820001
2026-01-27 14:00:00+00:00,2908.66,2945.0,2902.45,2919.8,9010.91313081004
2026-01-27 15:00:00+00:00,2914.31,2942.4,2908.61,2933.77,9394.87970413
2026-01-27 16:00:00+00:00,2933.71,3000.2,2930.86,2987.4,12715.582504670005
2026-01-27 17:00:00+00:00,2986.97,2996.1,2913.82,2932.3,10363.098538499988
2026-01-27 18:00:00+00:00,2926.6,2991.6,2922.23,2974.5,9045.601500330002
2026-01-27 19:00:00+00:00,2974.0,2994.2,2961.91,2976.59,7234.023733900005
2026-01-27 20:00:00+00:00,2975.97,3030.0,2974.62,3018.48,17398.903784429986
2026-01-27 21:00:00+00:00,3018.46,3032.0,3001.7,3011.7,12171.315147189987
2026-01-27 22:00:00+00:00,3010.62,3023.4,2999.24,3015.28,4153.39346201
2026-01-27 23:00:00+00:00,3015.28,3034.5,3006.1,3021.91,8541.492788750003
2026-01-28 00:00:00+00:00,3022.19,3028.7,3011.21,3023.3,5353.956836550004
2026-01-28 01:00:00+00:00,3020.08,3025.8,3002.54,3013.94,4231.342386790004
2026-01-28 02:00:00+00:00,3013.87,3017.3,3001.2,3006.29,2959.0358933300017
2026-01-28 03:00:00+00:00,3006.19,3011.6,2992.39,3000.78,4448.591513600001
2026-01-28 04:00:00+00:00,3000.83,3006.7,2984.65,2995.58,3309.131151060001
2026-01-28 05:00:00+00:00,2995.27,3008.7,2992.65,3000.16,2718.69915801
2026-01-28 06:00:00+00:00,3000.14,3017.7,2999.06,3010.19,3061.4980452100003
2026-01-28 07:00:00+00:00,3010.2,3015.0,2997.69,3000.72,4166.634117669999
2026-01-28 08:00:00+00:00,3000.0,3005.8,2983.61,2986.31,13255.75443013
2026-01-28 09:00:00+00:00,2986.21,3017.7,2981.98,3013.41,5927.114673400004
2026-01-28 10:00:00+00:00,3013.47,3040.1,3008.53,3021.64,8709.004829419999
2026-01-28 11:00:00+00:00,3021.59,3045.6,3011.07,3035.74,4776.76586327
2026-01-28 12:00:00+00:00,3035.73,3040.4,3019.78,3027.02,4709.688746599999
2026-01-28 13:00:00+00:00,3027.07,3044.5,3025.33,3030.65,7132.996798809999
2026-01-28 14:00:00+00:00,3030.64,3034.3,3002.89,3008.65,7244.3976195300065
2026-01-28 15:00:00+00:00,3008.63,3020.4,2979.21,3007.6,6733.751229500002
2026-01-28 16:00:00+00:00,3003.41,3018.1,2991.79,2995.63,5351.23265729
2026-01-28 17:00:00+00:00,2995.63,3031.6,2985.16,3010.98,6458.324849560002
2026-01-28 18:00:00+00:00,3010.98,3024.0,2995.94,3011.29,10659.279591479992
2026-01-28 19:00:00+00:00,3011.29,3023.9,2992.46,3013.04,12913.96010142
2026-01-28 20:00:00+00:00,3012.54,3037.8,3003.9,3007.58,7787.296386149998
2026-01-28 21:00:00+00:00,3007.54,3022.2,2991.83,3017.16,7403.080852500004
2026-01-28 22:00:00+00:00,3021.2,3026.9,3003.77,3014.05,3459.8153313400007
2026-01-28 23:00:00+00:00,3014.05,3022.2,3003.22,3006.17,4269.059051589999
2026-01-29 00:00:00+00:00,3006.13,3013.0,2992.01,3005.08,5289.303325149996
2026-01-29 01:00:00+00:00,3004.11,3011.5,2981.37,2988.49,4021.371655669998
2026-01-29 02:00:00+00:00,2988.18,2997.9,2940.01,2954.99,6983.372050689999
2026-01-29 03:00:00+00:00,2954.99,2971.2,2941.76,2948.07,8837.703141
2026-01-29 04:00:00+00:00,2947.87,2959.0,2932.91,2954.7,7891.462315649998
2026-01-29 05:00:00+00:00,2954.87,2963.8,2943.42,2950.1,2846.79123272
2026-01-29 06:00:00+00:00,2946.59,2958.0,2945.42,2951.49,2664.738357739999
2026-01-29 07:00:00+00:00,2951.58,2962.9,2950.75,2957.13,2645.18806893
2026-01-29 08:00:00+00:00,2956.88,2967.9,2938.9,2947.87,4788.87880069
2026-01-29 09:00:00+00:00,2947.87,2954.5,2937.67,2937.92,3734.467604129981
2026-01-29 10:00:00+00:00,2937.92,2949.1,2936.35,2939.77,20682.27706645001
2026-01-29 11:00:00+00:00,2939.69,2945.1,2918.76,2924.66,6454.951796769997
2026-01-29 12:00:00+00:00,2924.55,2938.5,2920.05,2931.83,2475.83941996
2026-01-29 13:00:00+00:00,2931.76,2939.8,2926.5,2935.8,2479.5881223900005
2026-01-29 14:00:00+00:00,2931.58,2936.9,2870.11,2871.15,12804.114883959988
2026-01-29 15:00:00+00:00,2871.26,2876.1,2791.8,2819.0,34787.71264414998
2026-01-29 16:00:00+00:00,2819.19,2835.9,2796.85,2830.39,21427.653070199987
2026-01-29 17:00:00+00:00,2830.4,2858.3,2814.0,2820.3,14723.424784509993
2026-01-29 18:00:00+00:00,2820.09,2832.0,2750.36,2759.04,30026.98294635993
2026-01-29 19:00:00+00:00,2759.09,2807.6,2752.33,2792.18,15745.294326539992
2026-01-29 20:00:00+00:00,2792.28,2810.8,2783.71,2801.08,11514.042803189996
2026-01-29 21:00:00+00:00,2801.39,2824.0,2800.08,2814.97,8256.751223919995
2026-01-29 22:00:00+00:00,2815.06,2823.9,2806.33,2819.7,3656.405239399999
2026-01-29 23:00:00+00:00,2815.56,2827.7,2808.51,2817.79,5552.437733130003
2026-01-30 00:00:00+00:00,2817.64,2829.0,2797.68,2800.13,5505.236572510001
2026-01-30 01:00:00+00:00,2800.41,2813.4,2680.0,2743.01,25259.127658810103
2026-01-30 02:00:00+00:00,2742.99,2750.2,2692.64,2732.55,25291.62015704003
2026-01-30 03:00:00+00:00,2732.12,2747.1,2729.77,2736.9,6058.150864819999
2026-01-30 04:00:00+00:00,2736.85,2774.3,2733.92,2748.89,5676.210558979994
2026-01-30 05:00:00+00:00,2748.13,2761.4,2742.39,2742.52,4624.005504260001
2026-01-30 06:00:00+00:00,2742.68,2749.4,2692.97,2714.05,14477.425508120055
2026-01-30 07:00:00+00:00,2714.3,2753.4,2713.42,2736.2,5780.754488979996
2026-01-30 08:00:00+00:00,2735.59,2750.2,2717.86,2732.8,2878.784797050001
2026-01-30 09:00:00+00:00,2732.78,2746.2,2705.5,2717.53,5445.107186580001
2026-01-30 10:00:00+00:00,2717.52,2738.8,2706.97,2731.4,5059.846055770004
2026-01-30 11:00:00+00:00,2731.07,2770.2,2729.58,2755.08,4211.761191200001
2026-01-30 12:00:00+00:00,2755.14,2767.6,2733.3,2735.89,3330.7451435299977
2026-01-30 13:00:00+00:00,2736.01,2753.4,2714.13,2725.3,7452.001229819994
2026-01-30 14:00:00+00:00,2725.3,2766.9,2720.26,2732.0,13278.642072109986
2026-01-30 15:00:00+00:00,2732.67,2755.7,2689.37,2725.5,29215.02567020996
2026-01-30 16:00:00+00:00,2725.35,2745.3,2701.81,2722.44,13012.936393829998
2026-01-30 17:00:00+00:00,2722.44,2741.8,2701.21,2708.11,12063.534960029992
2026-01-30 18:00:00+00:00,2708.1,2750.0,2631.54,2735.95,30527.798480319987
2026-01-30 19:00:00+00:00,2736.0,2760.7,2730.84,2742.5,18783.8712595
2026-01-30 20:00:00+00:00,2738.4,2741.2,2660.0,2676.19,24858.39418071997
2026-01-30 21:00:00+00:00,2676.14,2715.1,2672.89,2700.68,13773.683073039996
2026-01-30 22:00:00+00:00,2700.4,2708.7,2688.49,2705.7,2733.10835259
2026-01-30 23:00:00+00:00,2705.57,2710.8,2690.17,2702.69,4504.459784929999
2026-01-31 00:00:00+00:00,2702.42,2713.5,2698.43,2701.95,7204.502045299993
2026-01-31 01:00:00+00:00,2701.74,2713.4,2692.23,2695.28,6832.746842830001
2026-01-31 02:00:00+00:00,2694.96,2707.2,2679.64,2697.22,6929.402580220003
2026-01-31 03:00:00+00:00,2697.6,2706.2,2689.88,2691.22,4342.10508672
2026-01-31 04:00:00+00:00,2691.53,2704.8,2688.1,2690.65,6073.194347110001
2026-01-31 05:00:00+00:00,2690.94,2703.3,2685.35,2692.87,4699.449186000001
2026-01-31 06:00:00+00:00,2692.8,2700.8,2678.77,2687.82,5501.681847809999
2026-01-31 07:00:00+00:00,2687.82,2693.4,2663.38,2675.25,7859.162361690002
2026-01-31 08:00:00+00:00,2674.88,2682.5,2604.76,2639.08,24989.804762029984
2026-01-31 09:00:00+00:00,2639.33,2661.2,2629.05,2643.83,10661.295618499998
2026-01-31 10:00:00+00:00,2643.9,2656.1,2631.31,2646.96,5690.071509030001
2026-01-31 11:00:00+00:00,2647.1,2652.4,2626.91,2635.8,8450.26713483
2026-01-31 12:00:00+00:00,2635.84,2646.1,2623.58,2629.13,6558.34140308
2026-01-31 13:00:00+00:00,2629.18,2638.9,2613.81,2625.01,5933.9190559
2026-01-31 14:00:00+00:00,2625.0,2638.0,2507.23,2535.2,33443.019911949945
2026-01-31 15:00:00+00:00,2534.77,2557.0,2522.35,2530.11,10892.35550803
2026-01-31 16:00:00+00:00,2530.35,2551.7,2465.0,2479.3,24053.630543320007
2026-01-31 17:00:00+00:00,2479.21,2496.1,2350.01,2399.91,42672.48182935021
2026-01-31 18:00:00+00:00,2399.88,2416.8,2230.0,2378.32,43579.46318445001
2026-01-31 19:00:00+00:00,2377.86,2434.4,2368.68,2379.73,25090.23184551997
2026-01-31 20:00:00+00:00,2380.16,2408.4,2351.27,2379.43,15918.612714449995
2026-01-31 21:00:00+00:00,2379.34,2425.6,2369.93,2420.7,12223.419789530011
2026-01-31 22:00:00+00:00,2416.8,2426.0,2403.4,2416.69,6829.69705178
2026-01-31 23:00:00+00:00,2416.68,2475.3,2413.93,2449.36,13568.578983950005
2026-02-01 00:00:00+00:00,2449.44,2478.0,2443.47,2450.15,10231.486045659996
2026-02-01 01:00:00+00:00,2449.31,2457.5,2427.54,2442.09,6376.906546219999
2026-02-01 02:00:00+00:00,2442.21,2463.5,2437.68,2450.05,5147.01843978
2026-02-01 03:00:00+00:00,2449.77,2458.6,2435.84,2442.87,4932.365865119999
2026-02-01 04:00:00+00:00,2442.77,2456.8,2439.05,2445.66,3125.360267500001
2026-02-01 05:00:00+00:00,2445.59,2451.5,2422.12,2428.12,5357.35908791
2026-02-01 06:00:00+00:00,2427.87,2441.8,2406.01,2415.88,4750.006135560003
2026-02-01 07:00:00+00:00,2416.27,2439.7,2390.72,2408.6,9499.77697850001
2026-02-01 08:00:00+00:00,2408.6,2430.2,2394.0,2415.1,7461.709490819998
2026-02-01 09:00:00+00:00,2410.28,2440.2,2404.36,2429.91,3889.331505060004
2026-02-01 10:00:00+00:00,2429.92,2441.0,2373.75,2378.4,9279.835554330006
2026-02-01 11:00:00+00:00,2378.8,2425.9,2378.39,2410.1,5130.250487150003
2026-02-01 12:00:00+00:00,2409.94,2414.6,2378.9,2394.19,7862.072273549996
2026-02-01 13:00:00+00:00,2393.86,2411.8,2368.01,2379.48,5340.59157356
2026-02-01 14:00:00+00:00,2379.21,2390.2,2325.38,2370.69,14302.199288479997
2026-02-01 15:00:00+00:00,2370.86,2373.7,2284.27,2314.24,15695.944246249976
2026-02-01 16:00:00+00:00,2313.36,2334.9,2281.87,2302.6,19008.32249892999
2026-02-01 17:00:00+00:00,2302.59,2323.3,2295.01,2312.67,13070.53857394
2026-02-01 18:00:00+00:00,2312.13,2379.0,2311.63,2348.98,11779.408870379984
2026-02-01 19:00:00+00:00,2349.04,2358.7,2304.77,2322.1,9012.039394229992
2026-02-01 20:00:00+00:00,2318.21,2350.9,2296.31,2313.88,11117.717381389995
2026-02-01 21:00:00+00:00,2313.99,2320.1,2277.01,2288.4,10500.985945059996
2026-02-01 22:00:00+00:00,2287.98,2336.4,2284.57,2316.84,13068.41460448
2026-02-01 23:00:00+00:00,2316.79,2322.6,2218.57,2271.7,26288.28457007995
2026-02-02 00:00:00+00:00,2268.24,2325.7,2240.62,2291.5,17309.16079771999
2026-02-02 01:00:00+00:00,2291.0,2319.4,2248.0,2288.61,12594.707956380013
2026-02-02 02:00:00+00:00,2288.88,2301.9,2257.12,2260.29,14415.781017959996
2026-02-02 03:00:00+00:00,2260.07,2269.6,2163.41,2236.95,38573.406635549945
2026-02-02 04:00:00+00:00,2236.9,2270.1,2205.35,2238.04,16729.188177029984
2026-02-02 05:00:00+00:00,2237.85,2247.7,2182.35,2196.0,16071.739830009998
2026-02-02 06:00:00+00:00,2195.8,2241.5,2155.79,2224.79,20674.63999870996
2026-02-02 07:00:00+00:00,2224.79,2255.7,2215.2,2226.17,10182.074167639985
2026-02-02 08:00:00+00:00,2226.16,2262.0,2226.05,2246.77,7826.797020709998
2026-02-02 09:00:00+00:00,2246.77,2320.6,2235.48,2293.9,18967.457007759964
2026-02-02 10:00:00+00:00,2289.11,2302.4,2270.95,2275.73,7664.401833129999
2026-02-02 11:00:00+00:00,2275.51,2301.3,2271.48,2280.37,8454.233238730001
2026-02-02 12:00:00+00:00,2280.53,2320.8,2279.89,2309.66,10266.338555759989
2026-02-02 13:00:00+00:00,2309.6,2339.2,2299.94,2325.83,14291.355032489988
2026-02-02 14:00:00+00:00,2325.55,2371.1,2297.41,2327.4,31114.75522865996
2026-02-02 15:00:00+00:00,2327.4,2399.6,2319.0,2371.5,39032.4412460099
2026-02-02 16:00:00+00:00,2371.11,2390.3,2348.51,2357.15,21693.285216479995
2026-02-02 17:00:00+00:00,2357.21,2384.1,2343.79,2355.22,14265.723821639993
2026-02-02 18:00:00+00:00,2354.93,2362.9,2332.41,2343.11,15360.674036489998
2026-02-02 19:00:00+00:00,2343.12,2354.3,2325.33,2329.51,14975.66043596
2026-02-02 20:00:00+00:00,2329.44,2343.1,2311.14,2319.05,16135.468342359998
2026-02-02 21:00:00+00:00,2319.36,2347.6,2316.79,2340.37,9240.721221429996
2026-02-02 22:00:00+00:00,2340.27,2357.6,2333.4,2349.36,4408.578157990002
2026-02-02 23:00:00+00:00,2349.36,2358.4,2337.75,2345.11,6000.292174400001
2026-02-03 00:00:00+00:00,2344.83,2358.1,2322.83,2352.17,7651.685317880003
2026-02-03 01:00:00+00:00,2351.67,2361.1,2335.8,2352.67,5431.177441900002
2026-02-03 02:00:00+00:00,2357.3,2357.4,2294.45,2300.8,11756.813057919991
2026-02-03 03:00:00+00:00,2296.17,2347.6,2282.32,2341.31,11986.355704519998
2026-02-03 04:00:00+00:00,2341.59,2357.0,2331.1,2343.6,5937.27492895
2026-02-03 05:00:00+00:00,2343.35,2347.7,2312.84,2317.5,5018.329582899997
2026-02-03 06:00:00+00:00,2318.0,2329.4,2296.03,2318.16,7507.169592010004
2026-02-03 07:00:00+00:00,2318.19,2334.4,2310.48,2320.99,6145.308161980002
2026-02-03 08:00:00+00:00,2321.0,2334.6,2307.2,2313.71,6399.534562070004
2026-02-03 09:00:00+00:00,2313.7,2321.1,2260.58,2290.22,20422.267734530105
2026-02-03 10:00:00+00:00,2289.96,2301.8,2274.09,2279.77,5477.346250760001
2026-02-03 11:00:00+00:00,2279.61,2290.2,2268.07,2278.9,9661.35778854
2026-02-03 12:00:00+00:00,2274.31,2307.9,2269.78,2298.87,9378.691620780002
2026-02-03 13:00:00+00:00,2298.88,2318.9,2293.7,2310.11,9581.687975080002
2026-02-03 14:00:00+00:00,2310.12,2319.0,2252.47,2255.02,19411.642586690006
2026-02-03 15:00:00+00:00,2254.98,2316.0,2250.1,2301.35,26296.53198184001
2026-02-03 16:00:00+00:00,2301.35,2304.3,2233.7,2243.1,28094.274773569847
2026-02-03 17:00:00+00:00,2239.07,2246.7,2191.54,2193.33,23146.638484889994
2026-02-03 18:00:00+00:00,2193.35,2209.8,2107.48,2118.45,48431.807531569975
2026-02-03 19:00:00+00:00,2118.44,2221.1,2109.36,2202.89,48102.82674709999
2026-02-03 20:00:00+00:00,2202.81,2346.9,2185.33,2296.73,57060.7189961296
2026-02-03 21:00:00+00:00,2296.73,2341.6,2276.35,2281.16,18387.597251339987
2026-02-03 22:00:00+00:00,2281.06,2289.7,2226.24,2233.69,15822.108536209991
2026-02-03 23:00:00+00:00,2233.68,2251.3,2209.86,2230.48,13918.995139189992
2026-02-04 00:00:00+00:00,2230.48,2260.0,2220.64,2238.24,6953.266173330003
2026-02-04 01:00:00+00:00,2244.2,2284.8,2238.0,2265.73,7030.396062530002
2026-02-04 02:00:00+00:00,2265.35,2279.7,2239.36,2248.58,6523.840466319998
2026-02-04 03:00:00+00:00,2248.54,2298.2,2245.93,2280.39,9473.795698329994
2026-02-04 04:00:00+00:00,2280.0,2292.9,2267.76,2270.86,4705.419211159999
2026-02-04 05:00:00+00:00,2270.45,2283.0,2253.03,2262.25,5845.751747650003
2026-02-04 06:00:00+00:00,2262.26,2286.8,2255.26,2274.61,5813.10801449
2026-02-04 07:00:00+00:00,2280.3,2295.2,2260.99,2280.54,17756.921065559996
2026-02-04 08:00:00+00:00,2281.25,2288.3,2263.19,2276.75,5310.77594301
2026-02-04 09:00:00+00:00,2276.76,2282.1,2248.25,2257.41,3149.315666290001
2026-02-04 10:00:00+00:00,2257.29,2266.0,2247.21,2257.36,3091.5368380100003
2026-02-04 11:00:00+00:00,2257.37,2269.8,2223.53,2251.7,9504.850979029998
2026-02-04 12:00:00+00:00,2251.81,2265.4,2228.22,2240.64,5548.703913930013
2026-02-04 13:00:00+00:00,2240.63,2247.4,2193.25,2195.16,9562.585073779988
2026-02-04 14:00:00+00:00,2199.5,2226.8,2165.97,2168.71,30963.23771206998
2026-02-04 15:00:00+00:00,2168.88,2197.1,2133.46,2148.74,38968.948314359965
2026-02-04 16:00:00+00:00,2148.6,2161.5,2102.37,2131.66,39808.06441021995
2026-02-04 17:00:00+00:00,2131.65,2155.8,2088.4,2120.93,52691.32418702995
2026-02-04 18:00:00+00:00,2121.09,2184.8,2072.57,2143.16,49669.2296203699
2026-02-04 19:00:00+00:00,2143.01,2196.2,2128.46,2183.63,24005.068825739967
2026-02-04 20:00:00+00:00,2183.63,2193.6,2156.89,2167.0,14702.421951029995
2026-02-04 21:00:00+00:00,2167.28,2182.1,2101.81,2124.74,19590.066312889976
2026-02-04 22:00:00+00:00,2124.78,2172.8,2083.17,2115.85,19457.463795089985
2026-02-04 23:00:00+00:00,2115.41,2169.5,2110.51,2149.9,13052.345533809998
2026-02-05 00:00:00+00:00,2143.46,2167.1,2132.06,2145.42,7250.11951659
2026-02-05 01:00:00+00:00,2145.72,2177.4,2118.48,2143.34,10482.38890883999
2026-02-05 02:00:00+00:00,2143.45,2166.3,2108.32,2119.76,14150.177080039995
2026-02-05 03:00:00+00:00,2119.83,2138.9,2094.4,2106.19,12380.572445890004
2026-02-05 04:00:00+00:00,2106.14,2127.9,2075.33,2100.12,14498.204876959991
2026-02-05 05:00:00+00:00,2099.71,2125.9,2073.23,2097.2,13590.365942799996
2026-02-05 06:00:00+00:00,2097.26,2108.3,2062.86,2083.47,13985.298441469986
2026-02-05 07:00:00+00:00,2083.46,2126.0,2081.64,2087.02,9630.10687103
2026-02-05 08:00:00+00:00,2087.03,2122.9,2086.65,2107.64,5075.388469140004
2026-02-05 09:00:00+00:00,2107.65,2152.1,2106.44,2129.75,7371.154651240015
2026-02-05 10:00:00+00:00,2129.65,2144.5,2082.65,2093.8,8729.07471961
2026-02-05 11:00:00+00:00,2093.87,2109.7,2058.0,2083.4,17001.56484392999
2026-02-05 12:00:00+00:00,2076.21,2096.9,2038.03,2059.92,20566.11984161996
2026-02-05 13:00:00+00:00,2059.79,2084.1,2044.81,2054.65,13533.756104829985
2026-02-05 14:00:00+00:00,2054.68,2108.1,2039.55,2042.4,28380.283081539903
2026-02-05 15:00:00+00:00,2042.53,2055.7,1910.0,1958.08,88688.08126672979
2026-02-05 16:00:00+00:00,1958.09,2020.5,1941.15,1994.85,33472.722165159896
2026-02-05 17:00:00+00:00,1994.87,2003.5,1940.0,1950.59,30252.07810439997
2026-02-05 18:00:00+00:00,1950.97,1970.8,1909.05,1945.99,38409.19484149989
2026-02-05 19:00:00+00:00,1946.19,1954.7,1912.58,1924.21,22902.615881259942
2026-02-05 20:00:00+00:00,1924.39,1944.1,1821.04,1865.22,71360.4386688299
2026-02-05 21:00:00+00:00,1863.95,1929.14,1835.22,1846.31,39706.28829478988
2026-02-05 22:00:00+00:00,1846.4,1890.9,1812.68,1867.47,28235.960841809967
2026-02-05 23:00:00+00:00,1867.09,1909.0,1816.89,1823.2,37720.52143353994
2026-02-06 00:00:00+00:00,1823.11,1896.5,1739.9,1867.71,69004.74615851016
2026-02-06 01:00:00+00:00,1867.88,1944.0,1867.16,1929.39,33709.525527689955
2026-02-06 02:00:00+00:00,1929.4,1950.6,1889.91,1905.61,19396.05243165
2026-02-06 03:00:00+00:00,1905.38,1921.3,1876.88,1889.3,22281.669890179983
2026-02-06 04:00:00+00:00,1889.96,1920.9,1883.13,1906.91,11138.724653810008
2026-02-06 05:00:00+00:00,1906.9,1977.8,1904.15,1956.25,16321.851841849992
2026-02-06 06:00:00+00:00,1956.39,1969.1,1904.46,1906.4,15675.208278589991
2026-02-06 07:00:00+00:00,1906.4,1917.3,1885.3,1896.99,14043.093836969996
2026-02-06 08:00:00+00:00,1897.23,1909.2,1862.52,1872.48,17897.301497680004
2026-02-06 09:00:00+00:00,1872.34,1931.2,1868.72,1916.42,16230.893641840004
2026-02-06 10:00:00+00:00,1916.81,1937.4,1907.26,1924.38,9973.110697390004
2026-02-06 11:00:00+00:00,1924.37,1940.5,1917.45,1930.27,9238.431702839998
2026-02-06 12:00:00+00:00,1930.12,1933.8,1912.4,1918.87,11298.004661809997
2026-02-06 13:00:00+00:00,1918.87,1964.3,1916.88,1948.5,21430.473209819986
2026-02-06 14:00:00+00:00,1948.3,2006.7,1931.41,1978.08,37392.830645869966
2026-02-06 15:00:00+00:00,1978.3,1997.9,1959.14,1980.1,51541.80923209998
2026-02-06 16:00:00+00:00,1979.94,2048.9,1971.16,2035.53,36936.22058144996
2026-02-06 17:00:00+00:00,2035.64,2091.5,2027.1,2066.47,31126.05243490997
2026-02-06 18:00:00+00:00,2065.92,2071.1,2029.31,2043.19,29053.662791069968
2026-02-06 19:00:00+00:00,2043.32,2074.5,2030.9,2068.3,20380.216449899985
2026-02-06 20:00:00+00:00,2064.07,2095.7,2041.92,2052.33,27049.23354252001
2026-02-06 21:00:00+00:00,2052.33,2063.3,2040.26,2052.47,15114.245960909995
2026-02-06 22:00:00+00:00,2052.8,2087.2,2044.1,2073.09,11027.956175539992
2026-02-06 23:00:00+00:00,2073.06,2090.1,2046.71,2062.18,10482.79285725
2026-02-07 00:00:00+00:00,2061.95,2066.8,2035.45,2044.8,10981.06309385
2026-02-07 01:00:00+00:00,2042.24,2067.8,2031.2,2060.88,6088.12406371
2026-02-07 02:00:00+00:00,2060.76,2066.4,2047.55,2058.16,4549.346478470001
2026-02-07 03:00:00+00:00,2058.41,2087.9,2057.01,2082.8,9836.902485229995
2026-02-07 04:00:00+00:00,2079.77,2120.0,2077.57,2086.32,10886.087899519993
2026-02-07 05:00:00+00:00,2086.25,2106.3,2076.18,2082.66,6616.057520019999
2026-02-07 06:00:00+00:00,2082.13,2095.0,2046.52,2046.88,10435.919905579993
2026-02-07 07:00:00+00:00,2046.99,2057.7,1993.46,2028.9,18903.667509559968
2026-02-07 08:00:00+00:00,2026.47,2034.0,2014.19,2018.14,8307.056509889995
2026-02-07 09:00:00+00:00,2018.22,2031.3,2003.88,2013.32,5640.067489659997
2026-02-07 10:00:00+00:00,2013.28,2021.8,1998.6,2009.76,3358.1009006300005
2026-02-07 11:00:00+00:00,2009.52,2023.3,2005.25,2017.09,3413.323168079999
2026-02-07 12:00:00+00:00,2017.22,2077.7,2015.29,2039.64,11659.195893829992
2026-02-07 13:00:00+00:00,2039.65,2052.7,2026.58,2038.89,7297.588936399996
2026-02-07 14:00:00+00:00,2039.74,2051.1,2008.31,2018.5,8745.698973799987
2026-02-07 15:00:00+00:00,2018.51,2064.4,2012.45,2050.78,7860.061578409995
2026-02-07 16:00:00+00:00,2050.78,2129.48,2000.0,2048.89,89963.51897857062
2026-02-07 17:00:00+00:00,2048.76,2074.1,2031.1,2062.4,7304.92932644
2026-02-07 18:00:00+00:00,2059.96,2111.0,2057.42,2095.53,6624.039112519996
2026-02-07 19:00:00+00:00,2095.63,2102.4,2082.22,2090.3,4938.516615429999
2026-02-07 20:00:00+00:00,2090.06,2116.8,2083.32,2103.56,9777.28198959001
2026-02-07 21:00:00+00:00,2103.81,2112.2,2096.44,2099.45,6357.770448059999
2026-02-07 22:00:00+00:00,2099.31,2109.5,2086.01,2087.27,3475.9531842100005
2026-02-07 23:00:00+00:00,2087.28,2097.0,2071.6,2086.17,4363.4806795
2026-02-08 00:00:00+00:00,2086.19,2095.4,2075.36,2083.0,3174.631815379999
2026-02-08 01:00:00+00:00,2082.54,2099.7,2080.93,2094.81,2491.2786039800003
2026-02-08 02:00:00+00:00,2095.03,2109.0,2080.76,2087.19,2945.3382888
2026-02-08 03:00:00+00:00,2087.64,2095.3,2074.99,2077.44,2663.8961598600026
2026-02-08 04:00:00+00:00,2077.42,2090.5,2064.96,2089.8,3859.17842343
2026-02-08 05:00:00+00:00,2086.15,2090.2,2077.5,2083.2,1911.8555161100005
2026-02-08 06:00:00+00:00,2083.22,2090.7,2075.88,2077.8,2035.3359196999995
2026-02-08 07:00:00+00:00,2077.91,2085.8,2066.71,2083.06,4217.060473380006
2026-02-08 08:00:00+00:00,2082.62,2126.9,2076.56,2117.4,5599.1177669499975
2026-02-08 09:00:00+00:00,2114.04,2124.2,2093.76,2098.61,5280.97377893
2026-02-08 10:00:00+00:00,2099.16,2114.9,2081.98,2094.68,5655.89055033999
2026-02-08 11:00:00+00:00,2094.67,2139.3,2092.93,2130.9,14942.75644030999
2026-02-08 12:00:00+00:00,2130.79,2146.0,2123.88,2129.91,6882.841040219999
2026-02-08 13:00:00+00:00,2129.91,2142.9,2117.26,2125.13,10220.792061449996
2026-02-08 14:00:00+00:00,2125.32,2131.0,2114.94,2127.13,3605.7414726499983
2026-02-08 15:00:00+00:00,2127.35,2132.5,2096.3,2107.33,7646.022660709997
2026-02-08 16:00:00+00:00,2107.39,2118.1,2071.46,2079.3,8902.093425459992
2026-02-08 17:00:00+00:00,2079.51,2100.3,2078.4,2090.9,9344.522084399998
2026-02-08 18:00:00+00:00,2090.92,2122.1,2089.04,2107.88,7337.311717959988
2026-02-08 19:00:00+00:00,2107.86,2130.5,2106.11,2125.39,3705.7255066599982
2026-02-08 20:00:00+00:00,2125.46,2128.7,2099.0,2103.44,5003.081177770001
2026-02-08 21:00:00+00:00,2103.36,2115.6,2088.41,2092.72,5112.25834864
2026-02-08 22:00:00+00:00,2092.82,2112.5,2092.72,2106.85,5319.818404649999
2026-02-08 23:00:00+00:00,2106.96,2152.4,2070.42,2088.42,16647.880531259998
2026-02-09 00:00:00+00:00,2088.36,2098.2,2074.51,2083.04,8480.405367550004
2026-02-09 01:00:00+00:00,2083.04,2101.4,2053.86,2072.1,14854.737184440008
2026-02-09 02:00:00+00:00,2069.7,2096.0,2063.97,2079.82,6569.896300680002
2026-02-09 03:00:00+00:00,2079.7,2104.2,2079.7,2098.43,5482.6517879600015
2026-02-09 04:00:00+00:00,2098.72,2103.5,2084.89,2088.57,4497.954287549998
2026-02-09 05:00:00+00:00,2088.57,2098.1,2082.06,2094.32,3287.72606532
2026-02-09 06:00:00+00:00,2094.2,2096.3,2070.53,2079.97,5293.478683360002
2026-02-09 07:00:00+00:00,2079.85,2088.7,2062.83,2063.8,5210.615681910002
2026-02-09 08:00:00+00:00,2064.25,2071.0,2033.01,2048.39,9753.21044195999
2026-02-09 09:00:00+00:00,2048.08,2058.9,2032.0,2040.25,5115.451694630002
2026-02-09 10:00:00+00:00,2040.35,2048.2,2011.27,2024.1,9347.200660770004
2026-02-09 11:00:00+00:00,2020.71,2037.8,2018.7,2026.43,7068.668534630003
2026-02-09 12:00:00+00:00,2026.44,2040.1,2025.45,2033.64,6223.473187230004
2026-02-09 13:00:00+00:00,2033.96,2050.7,2020.46,2021.08,9794.12099307
2026-02-09 14:00:00+00:00,2021.06,2049.7,2006.88,2042.28,24715.030059949968
2026-02-09 15:00:00+00:00,2042.25,2073.6,2029.27,2060.82,25741.70258061997
2026-02-09 16:00:00+00:00,2060.3,2110.8,2046.18,2089.51,21698.986584259983
2026-02-09 17:00:00+00:00,2089.44,2138.1,2076.34,2126.18,22057.46684171997
2026-02-09 18:00:00+00:00,2126.06,2144.1,2107.44,2129.36,17151.14238317998
2026-02-09 19:00:00+00:00,2129.33,2168.59,2117.75,2130.4,15328.882413380004
2026-02-09 20:00:00+00:00,2130.4,2149.0,2116.6,2123.75,15176.071585679994
2026-02-09 21:00:00+00:00,2123.59,2131.0,2087.27,2123.4,16767.90078642001
2026-02-09 22:00:00+00:00,2120.84,2127.1,2110.1,2114.2,5955.209123440001
2026-02-09 23:00:00+00:00,2116.8,2123.3,2100.49,2103.83,6872.967341830004
2026-02-10 00:00:00+00:00,2103.9,2114.2,2095.04,2095.86,4520.627241190002
2026-02-10 01:00:00+00:00,2095.66,2124.9,2094.9,2116.13,4959.815136100003
2026-02-10 02:00:00+00:00,2116.12,2122.7,2101.0,2106.72,4622.78792616
2026-02-10 03:00:00+00:00,2107.09,2112.1,2051.03,2063.47,13994.11071640998
2026-02-10 04:00:00+00:00,2063.6,2075.8,2061.39,2069.25,4649.2181139600025
2026-02-10 05:00:00+00:00,2069.32,2073.4,2043.85,2051.65,9406.68687615999
2026-02-10 06:00:00+00:00,2051.74,2059.1,1996.0,2007.7,23301.698192219985
2026-02-10 07:00:00+00:00,2007.78,2020.0,1998.28,2005.87,8539.124785330001
2026-02-10 08:00:00+00:00,2005.95,2018.2,1993.9,2013.19,9591.3200555
2026-02-10 09:00:00+00:00,2013.16,2030.2,2007.0,2014.95,6815.59786627999
2026-02-10 10:00:00+00:00,2015.14,2022.2,2007.81,2012.43,4274.363640949999
2026-02-10 11:00:00+00:00,2012.76,2022.8,1998.92,2001.15,7648.704924359998
2026-02-10 12:00:00+00:00,2001.21,2017.7,2000.9,2006.51,7288.875642599997
2026-02-10 13:00:00+00:00,2006.68,2028.3,1997.07,2021.01,14144.387471420016
2026-02-10 14:00:00+00:00,2021.0,2043.1,1986.64,2008.42,24873.571280019944
2026-02-10 15:00:00+00:00,2008.87,2031.2,2002.39,2021.83,18953.08971783992
2026-02-10 16:00:00+00:00,2021.59,2038.8,2010.43,2025.41,13682.620516109955
2026-02-10 17:00:00+00:00,2025.39,2048.8,2017.1,2042.0,13482.746133749984
2026-02-10 18:00:00+00:00,2039.76,2045.9,1994.66,2007.88,18926.420192039983
2026-02-10 19:00:00+00:00,2007.87,2027.2,2001.99,2016.8,7993.27879927
2026-02-10 20:00:00+00:00,2016.8,2023.2,2003.0,2010.1,13535.101308870002
2026-02-10 21:00:00+00:00,2010.44,2020.3,1995.4,2006.9,8131.505912519992
2026-02-10 22:00:00+00:00,2010.1,2021.4,2005.71,2016.72,6145.081916220002
2026-02-10 23:00:00+00:00,2016.64,2024.5,2011.42,2021.71,5707.0265114600015
2026-02-11 00:00:00+00:00,2021.7,2031.3,2018.15,2027.3,5038.69983535
2026-02-11 01:00:00+00:00,2024.34,2033.3,2015.06,2023.38,5078.670663140002
2026-02-11 02:00:00+00:00,2023.32,2033.8,2012.77,2016.41,4968.4919432900015
2026-02-11 03:00:00+00:00,2016.71,2023.4,1989.04,2011.5,9230.867182490008
2026-02-11 04:00:00+00:00,2008.14,2012.9,1962.39,1970.12,15405.978440289991
2026-02-11 05:00:00+00:00,1970.2,1982.9,1969.91,1973.1,6009.955671369999
2026-02-11 06:00:00+00:00,1973.06,1978.7,1937.84,1947.7,14529.074409759998
2026-02-11 07:00:00+00:00,1947.98,1959.9,1944.02,1949.4,4514.34424812
2026-02-11 08:00:00+00:00,1950.01,1955.1,1935.82,1949.11,5030.61162569
2026-02-11 09:00:00+00:00,1949.1,1956.2,1941.6,1945.73,6289.169170080001
2026-02-11 10:00:00+00:00,1945.72,1948.7,1930.78,1938.25,8299.07771837
2026-02-11 11:00:00+00:00,1938.24,1958.4,1935.94,1952.39,4553.936160949999
2026-02-11 12:00:00+00:00,1952.49,1969.0,1947.81,1951.06,7338.555312789998
2026-02-11 13:00:00+00:00,1951.53,1970.1,1941.61,1959.69,12558.65515183999
2026-02-11 14:00:00+00:00,1959.68,2017.7,1936.35,1942.4,40286.97189361991
2026-02-11 15:00:00+00:00,1942.49,1951.7,1901.31,1929.43,33936.48595102005
2026-02-11 16:00:00+00:00,1928.75,1958.5,1908.94,1914.59,20556.151988499994
2026-02-11 17:00:00+00:00,1914.07,1945.0,1907.73,1928.51,13782.290293360014
2026-02-11 18:00:00+00:00,1929.21,1951.1,1913.84,1942.91,10749.081821660004
2026-02-11 19:00:00+00:00,1942.91,1961.8,1936.71,1951.07,14728.693714430034
2026-02-11 20:00:00+00:00,1950.84,1960.7,1938.7,1952.9,10381.744462239998
2026-02-11 21:00:00+00:00,1952.81,1990.9,1949.53,1969.16,9269.238203109997
2026-02-11 22:00:00+00:00,1969.02,1975.4,1946.67,1950.01,5700.092522880003
2026-02-11 23:00:00+00:00,1950.02,1958.5,1930.68,1939.45,6616.964044869999
2026-02-12 00:00:00+00:00,1939.9,1965.3,1939.9,1957.71,6489.024053169998
2026-02-12 01:00:00+00:00,1957.71,1979.1,1957.71,1964.67,5544.728621210001
2026-02-12 02:00:00+00:00,1964.39,1973.3,1954.39,1957.19,4663.669136789998
2026-02-12 03:00:00+00:00,1957.68,1971.0,1955.65,1967.38,2852.68538265
2026-02-12 04:00:00+00:00,1967.39,1976.4,1958.78,1964.31,4001.91733405
2026-02-12 05:00:00+00:00,1964.29,1973.3,1951.74,1969.23,4064.3058226
2026-02-12 06:00:00+00:00,1969.22,1983.7,1964.3,1973.4,3715.052425370001
2026-02-12 07:00:00+00:00,1973.39,1979.4,1964.76,1969.7,3631.305436470001
2026-02-12 08:00:00+00:00,1967.2,1975.0,1955.94,1964.25,2736.67209387
2026-02-12 09:00:00+00:00,1964.2,1993.4,1961.8,1980.73,6293.201871049992
2026-02-12 10:00:00+00:00,1981.08,1997.0,1976.33,1993.22,4892.747030420001
2026-02-12 11:00:00+00:00,1993.34,2003.7,1982.77,1987.81,5625.337256010001
2026-02-12 12:00:00+00:00,1988.28,1992.9,1973.87,1980.0,4044.59856678
2026-02-12 13:00:00+00:00,1979.96,1997.0,1974.28,1994.19,5245.195785209999
2026-02-12 14:00:00+00:00,1993.86,1997.0,1971.51,1980.0,10590.547866229992
2026-02-12 15:00:00+00:00,1977.44,1987.0,1943.96,1947.39,19749.690587999987
2026-02-12 16:00:00+00:00,1947.4,1951.6,1895.56,1908.41,31996.27059105998
2026-02-12 17:00:00+00:00,1907.8,1929.0,1901.07,1908.53,16963.401639179985
2026-02-12 18:00:00+00:00,1909.24,1927.6,1900.71,1917.45,11544.621033369996
2026-02-12 19:00:00+00:00,1917.49,1943.1,1910.01,1927.9,12641.075842999991
2026-02-12 20:00:00+00:00,1924.22,1934.4,1907.48,1914.18,9847.788577640003
2026-02-12 21:00:00+00:00,1914.14,1930.1,1912.41,1926.0,5353.335953489999
2026-02-12 22:00:00+00:00,1922.16,1948.0,1918.3,1940.82,6827.46976084
2026-02-12 23:00:00+00:00,1940.82,1955.5,1933.54,1946.11,7091.077127309999
2026-02-13 00:00:00+00:00,1946.11,1956.3,1925.89,1936.0,8455.93493086
2026-02-13 01:00:00+00:00,1931.71,1952.9,1931.2,1941.89,4027.481697010001
2026-02-13 02:00:00+00:00,1942.09,1954.1,1939.56,1946.84,3867.653535950001
2026-02-13 03:00:00+00:00,1946.84,1960.5,1942.68,1951.83,3751.488496369999
2026-02-13 04:00:00+00:00,1951.76,1958.0,1941.92,1943.1,3787.1059465000017
2026-02-13 05:00:00+00:00,1943.1,1949.6,1931.4,1932.41,3673.9007887400016
2026-02-13 06:00:00+00:00,1932.65,1941.1,1923.2,1935.28,3931.101498740001
2026-02-13 07:00:00+00:00,1935.55,1951.5,1931.24,1934.21,3425.14915956
2026-02-13 08:00:00+00:00,1934.21,1966.0,1932.2,1957.5,4870.181409670001
2026-02-13 09:00:00+00:00,1957.5,1968.5,1951.5,1960.57,5879.861770350001
2026-02-13 10:00:00+00:00,1960.69,1971.0,1955.04,1957.65,6537.407239950003
2026-02-13 11:00:00+00:00,1957.85,1964.3,1944.01,1958.69,4740.977595620002
2026-02-13 12:00:00+00:00,1958.81,1966.8,1950.85,1959.25,3196.6222628199994
2026-02-13 13:00:00+00:00,1959.54,1983.6,1954.26,1968.92,11474.238927120005
2026-02-13 14:00:00+00:00,1968.89,2004.0,1961.59,1993.0,25583.285597870014
2026-02-13 15:00:00+00:00,1989.72,2052.0,1985.87,2033.87,42576.04443574993
2026-02-13 16:00:00+00:00,2033.92,2074.1,2030.1,2060.26,30868.04414280996
2026-02-13 17:00:00+00:00,2060.68,2069.9,2045.75,2058.02,19223.27684166
2026-02-13 18:00:00+00:00,2058.39,2066.7,2049.14,2056.7,16438.98717439
2026-02-13 19:00:00+00:00,2056.71,2063.7,2050.95,2056.63,9983.57633792
2026-02-13 20:00:00+00:00,2056.62,2061.6,2037.91,2043.9,11687.86052754
2026-02-13 21:00:00+00:00,2044.25,2060.2,2043.66,2052.49,7188.042411360007
2026-02-13 22:00:00+00:00,2053.04,2061.0,2043.95,2053.31,3863.05635166
2026-02-13 23:00:00+00:00,2053.16,2055.5,2045.51,2047.48,3644.05867922
2026-02-14 00:00:00+00:00,2047.58,2057.2,2041.04,2054.2,3683.655702290001
2026-02-14 01:00:00+00:00,2054.28,2058.7,2049.51,2053.31,2335.43018013
2026-02-14 02:00:00+00:00,2053.51,2055.7,2046.69,2049.14,2022.7202710100005
2026-02-14 03:00:00+00:00,2049.47,2057.7,2047.35,2053.53,1668.1387279400003
2026-02-14 04:00:00+00:00,2053.55,2058.6,2051.76,2052.43,1703.2596192400006
2026-02-14 05:00:00+00:00,2052.79,2056.9,2049.67,2050.18,1546.1035071600002
2026-02-14 06:00:00+00:00,2050.38,2055.4,2047.33,2052.57,1639.96244328
2026-02-14 07:00:00+00:00,2052.89,2061.2,2049.54,2056.02,2344.3816608
2026-02-14 08:00:00+00:00,2056.46,2090.0,2056.01,2081.05,8524.830177369999
2026-02-14 09:00:00+00:00,2081.13,2089.4,2074.79,2078.9,2507.1457181500004
2026-02-14 10:00:00+00:00,2077.28,2078.6,2071.56,2076.36,1341.4219908599998
2026-02-14 11:00:00+00:00,2076.36,2108.2,2076.1,2098.31,6384.841310300001
2026-02-14 12:00:00+00:00,2098.57,2100.4,2066.96,2069.6,10969.744764579998
2026-02-14 13:00:00+00:00,2070.12,2076.8,2063.5,2070.97,4081.060220020003
2026-02-14 14:00:00+00:00,2070.95,2088.6,2068.82,2085.1,3600.3641178100006
2026-02-14 15:00:00+00:00,2085.1,2094.2,2080.0,2086.79,3920.33386096
2026-02-14 16:00:00+00:00,2087.1,2088.7,2067.07,2082.13,7227.610718129998
2026-02-14 17:00:00+00:00,2082.16,2089.1,2076.5,2079.2,3180.71792977
2026-02-14 18:00:00+00:00,2079.6,2087.8,2077.82,2084.9,3470.0462531300004
2026-02-14 19:00:00+00:00,2084.89,2091.6,2077.5,2087.7,4373.8140129700005
2026-02-14 20:00:00+00:00,2087.95,2093.5,2080.39,2088.57,2265.4434547099995
2026-02-14 21:00:00+00:00,2088.76,2100.8,2077.79,2084.99,3583.19179557
2026-02-14 22:00:00+00:00,2085.0,2095.4,2082.51,2089.41,2311.72949053
2026-02-14 23:00:00+00:00,2089.08,2094.1,2082.37,2085.4,2976.9570286500007
2026-02-15 00:00:00+00:00,2085.86,2091.3,2071.81,2078.83,3059.574756169998
2026-02-15 01:00:00+00:00,2079.07,2086.2,2052.86,2063.21,5392.00784997
2026-02-15 02:00:00+00:00,2063.27,2073.1,2043.62,2060.8,6624.846416649996
2026-02-15 03:00:00+00:00,2058.81,2064.2,2033.37,2058.43,14037.726992980008
2026-02-15 04:00:00+00:00,2058.62,2087.7,2058.43,2075.83,9081.093751639995
2026-02-15 05:00:00+00:00,2075.83,2098.0,2074.41,2087.9,2960.2840926900008
2026-02-15 06:00:00+00:00,2088.16,2095.2,2081.9,2085.19,3258.0490906099976
2026-02-15 07:00:00+00:00,2085.19,2103.5,2082.11,2090.35,4702.436183990001
2026-02-15 08:00:00+00:00,2090.89,2097.3,2055.08,2070.5,5930.571615040001
2026-02-15 09:00:00+00:00,2068.08,2079.9,2065.21,2067.79,2472.6324085500014
2026-02-15 10:00:00+00:00,2067.76,2070.8,2053.74,2060.52,2990.36759553
2026-02-15 11:00:00+00:00,2060.45,2067.5,2057.59,2061.0,1424.71767438
2026-02-15 12:00:00+00:00,2061.38,2068.8,2009.86,2009.86,7971.736152019995
2026-02-15 13:00:00+00:00,2009.87,2027.6,1993.0,2001.49,14141.109470119996
2026-02-15 14:00:00+00:00,2001.48,2013.8,1992.29,2009.7,6171.594581360003
2026-02-15 15:00:00+00:00,2009.57,2016.1,2001.7,2010.39,4813.593628849999
2026-02-15 16:00:00+00:00,2010.68,2013.0,1992.9,2006.13,7094.823969269994
2026-02-15 17:00:00+00:00,2005.45,2010.2,1956.11,1970.31,12187.333839120049
2026-02-15 18:00:00+00:00,1970.45,1982.8,1953.01,1958.6,13033.236411759988
2026-02-15 19:00:00+00:00,1958.52,1963.0,1927.48,1941.13,13325.170801639988
2026-02-15 20:00:00+00:00,1941.45,1959.0,1932.97,1949.27,7338.031134139997
2026-02-15 21:00:00+00:00,1949.43,1967.2,1948.92,1957.32,4739.923752330002
2026-02-15 22:00:00+00:00,1957.43,1976.5,1955.4,1969.23,3877.6987980099993
2026-02-15 23:00:00+00:00,1969.29,1972.1,1943.02,1968.2,6929.9205649000005
2026-02-16 00:00:00+00:00,1965.48,1980.1,1962.32,1968.22,4332.746159420002
2026-02-16 01:00:00+00:00,1968.22,1982.2,1955.9,1961.91,3741.8862872900017
2026-02-16 02:00:00+00:00,1962.4,1968.4,1951.39,1956.0,2725.6726704700004
2026-02-16 03:00:00+00:00,1956.0,1961.1,1947.88,1957.83,3307.62176119
2026-02-16 04:00:00+00:00,1957.91,1974.6,1957.56,1972.12,2968.4382747400005
2026-02-16 05:00:00+00:00,1972.26,1975.0,1951.96,1959.2,3527.332417430002
2026-02-16 06:00:00+00:00,1957.12,1969.0,1954.86,1965.73,2197.933306140001
2026-02-16 07:00:00+00:00,1966.06,1980.0,1963.33,1970.29,5747.14168289
2026-02-16 08:00:00+00:00,1970.0,1980.1,1968.44,1976.18,3415.6327950700006
2026-02-16 09:00:00+00:00,1976.18,1995.3,1974.86,1986.66,4888.035473459995
2026-02-16 10:00:00+00:00,1986.41,1991.2,1976.57,1978.06,2628.1970442500005
2026-02-16 11:00:00+00:00,1978.42,1986.8,1956.61,1975.23,4670.949473709999
2026-02-16 12:00:00+00:00,1975.26,2010.0,1971.73,2005.62,6445.59127223
2026-02-16 13:00:00+00:00,2005.62,2025.2,1959.36,1966.86,10866.26897058001
2026-02-16 14:00:00+00:00,1967.03,1984.5,1954.0,1971.9,6809.495493920006
2026-02-16 15:00:00+00:00,1972.06,1987.8,1936.44,1955.46,9583.200784459998
2026-02-16 16:00:00+00:00,1955.99,1980.7,1955.08,1972.88,5337.075274050004
2026-02-16 17:00:00+00:00,1972.86,1990.8,1963.45,1978.29,6468.970441249999
2026-02-16 18:00:00+00:00,1978.32,1987.6,1966.07,1968.12,3566.6831753100005
2026-02-16 19:00:00+00:00,1967.86,1981.8,1964.59,1975.9,1942.8770908400008
2026-02-16 20:00:00+00:00,1973.39,1996.4,1970.28,1992.16,4000.9120892299993
2026-02-16 21:00:00+00:00,1992.5,2006.1,1985.41,1998.09,7140.1216367000125
2026-02-16 22:00:00+00:00,1998.67,2004.4,1983.64,1989.41,5599.76894175
2026-02-16 23:00:00+00:00,1989.18,2004.7,1987.74,1997.28,4442.3384872
2026-02-17 00:00:00+00:00,1997.64,2008.6,1992.32,1997.51,2787.98778694
2026-02-17 01:00:00+00:00,1997.91,2010.2,1990.09,1990.82,4054.136559930002
2026-02-17 02:00:00+00:00,1991.42,2010.9,1978.33,1997.86,4830.354040799999
2026-02-17 03:00:00+00:00,1997.82,2001.3,1983.0,1984.55,3187.929440389999
2026-02-17 04:00:00+00:00,1985.0,1999.6,1981.17,1988.62,3140.5638839500007
2026-02-17 05:00:00+00:00,1988.63,1994.5,1963.74,1974.61,5120.20261951
2026-02-17 06:00:00+00:00,1974.0,1987.1,1974.0,1980.2,2973.0158749300003
2026-02-17 07:00:00+00:00,1980.31,1990.2,1972.45,1985.02,2984.7864629
2026-02-17 08:00:00+00:00,1985.01,1992.8,1972.92,1976.11,4003.30026863
2026-02-17 09:00:00+00:00,1976.11,1982.2,1968.42,1974.9,3116.076368930001
2026-02-17 10:00:00+00:00,1974.6,1979.7,1960.05,1965.51,4431.560291570003
2026-02-17 11:00:00+00:00,1965.94,1974.0,1962.78,1967.23,4552.976922009999
2026-02-17 12:00:00+00:00,1967.39,1979.1,1965.82,1968.68,4236.483159079998
2026-02-17 13:00:00+00:00,1968.56,2002.0,1963.2,1989.51,9101.732838159998
2026-02-17 14:00:00+00:00,1989.5,2005.3,1941.54,1947.19,24727.518898249946
2026-02-17 15:00:00+00:00,1947.3,1971.7,1940.16,1967.82,21712.26624027999
2026-02-17 16:00:00+00:00,1968.04,2012.8,1967.04,1979.28,15957.903809099978
2026-02-17 17:00:00+00:00,1979.76,1985.6,1952.72,1965.33,12871.643224199992
2026-02-17 18:00:00+00:00,1965.64,2009.0,1960.57,1998.12,14380.579871759986
2026-02-17 19:00:00+00:00,1997.82,2017.9,1994.0,1997.17,19212.46171653999
2026-02-17 20:00:00+00:00,1997.21,2003.5,1986.15,1997.0,9982.232030179994
2026-02-17 21:00:00+00:00,1993.7,2004.5,1991.29,1998.65,5008.64286787
2026-02-17 22:00:00+00:00,1999.09,2006.1,1991.76,1993.08,3206.0380930100014
2026-02-17 23:00:00+00:00,1993.01,2000.6,1988.74,1990.83,3588.261433750001
2026-02-18 00:00:00+00:00,1990.84,2000.5,1980.24,1980.49,4132.029935920002
2026-02-18 01:00:00+00:00,1980.91,1986.5,1967.4,1977.2,5823.147239710003
2026-02-18 02:00:00+00:00,1976.84,1995.0,1976.29,1986.58,4593.674961920002
2026-02-18 03:00:00+00:00,1986.75,2002.6,1985.64,1999.2,3707.2789146300015
2026-02-18 04:00:00+00:00,1995.97,2004.5,1992.51,1998.55,2964.400748800001
2026-02-18 05:00:00+00:00,1998.55,2005.0,1995.12,1998.2,2848.899899390001
2026-02-18 06:00:00+00:00,1995.48,2010.1,1994.39,2001.36,2921.3070941900005
2026-02-18 07:00:00+00:00,2001.19,2025.0,1995.73,2017.31,5587.147091609999
2026-02-18 08:00:00+00:00,2017.31,2040.6,2016.5,2019.86,7935.070663690006
2026-02-18 09:00:00+00:00,2019.68,2024.7,2015.01,2015.85,2971.90056275
2026-02-18 10:00:00+00:00,2015.85,2020.1,1994.41,1996.4,5594.44515186
2026-02-18 11:00:00+00:00,1996.2,2000.2,1974.35,1980.04,8131.1815311800065
2026-02-18 12:00:00+00:00,1981.01,1990.2,1970.49,1981.66,7435.054449130001
2026-02-18 13:00:00+00:00,1981.66,1993.6,1960.01,1969.84,11185.696339839997
2026-02-18 14:00:00+00:00,1969.83,1979.3,1952.31,1973.6,15623.147799829989
2026-02-18 15:00:00+00:00,1973.55,2012.7,1972.66,1984.41,18345.937552210005
2026-02-18 16:00:00+00:00,1984.91,1987.5,1963.4,1970.6,11933.148290670004
2026-02-18 17:00:00+00:00,1970.94,1989.8,1969.8,1973.3,7119.591781380002
2026-02-18 18:00:00+00:00,1973.54,1979.0,1947.48,1951.21,19077.48268400995
2026-02-18 19:00:00+00:00,1951.21,1964.1,1922.59,1939.71,15792.686195849985
2026-02-18 20:00:00+00:00,1939.8,1954.7,1934.34,1938.39,19861.93951722999
2026-02-18 21:00:00+00:00,1938.85,1950.9,1934.2,1940.87,10257.84350735999
2026-02-18 22:00:00+00:00,1941.04,1952.0,1938.6,1947.11,4602.554513109999
2026-02-18 23:00:00+00:00,1947.2,1959.3,1943.3,1955.01,3828.10871457
2026-02-19 00:00:00+00:00,1955.29,1964.0,1949.38,1955.65,3443.19130234
2026-02-19 01:00:00+00:00,1955.55,1977.4,1955.5,1966.25,4633.760418119997
2026-02-19 02:00:00+00:00,1966.25,1975.3,1961.8,1967.16,3036.993473890001
2026-02-19 03:00:00+00:00,1967.15,1975.4,1962.17,1971.55,2481.7181653000007
2026-02-19 04:00:00+00:00,1971.75,1981.3,1968.28,1968.72,3938.1293453500016
2026-02-19 05:00:00+00:00,1969.01,1974.5,1963.41,1972.5,2753.089563270001
2026-02-19 06:00:00+00:00,1969.75,1987.7,1969.27,1982.25,4258.957534060001
2026-02-19 07:00:00+00:00,1982.41,1989.5,1978.11,1980.89,4010.692357769999
2026-02-19 08:00:00+00:00,1980.98,1984.5,1965.25,1969.31,4341.738777130001
2026-02-19 09:00:00+00:00,1969.74,1982.1,1960.48,1962.78,4360.54920091
2026-02-19 10:00:00+00:00,1962.77,1970.4,1956.81,1958.64,6552.68244911
2026-02-19 11:00:00+00:00,1958.54,1966.5,1947.4,1948.26,5958.301703479996
2026-02-19 12:00:00+00:00,1948.25,1958.2,1943.72,1946.33,6125.911857179999
2026-02-19 13:00:00+00:00,1946.33,1950.5,1911.0,1923.7,9819.35996456
2026-02-19 14:00:00+00:00,1920.72,1950.1,1911.7,1936.55,12702.31272348
2026-02-19 15:00:00+00:00,1936.7,1948.8,1912.5,1928.8,13703.737404889996
2026-02-19 16:00:00+00:00,1925.5,1932.0,1905.12,1921.27,12308.326458729993
2026-02-19 17:00:00+00:00,1924.6,1946.4,1909.79,1919.84,10998.412152839996
2026-02-19 18:00:00+00:00,1919.82,1945.8,1915.81,1939.2,10139.7567502
2026-02-19 19:00:00+00:00,1939.19,1949.6,1926.8,1940.7,8065.789856230003
2026-02-19 20:00:00+00:00,1940.63,1955.3,1934.0,1949.54,10986.52200763999
2026-02-19 21:00:00+00:00,1949.51,1954.5,1944.63,1950.9,7872.625294989996
2026-02-19 22:00:00+00:00,1947.58,1951.0,1935.68,1946.2,2523.9688863600018
2026-02-19 23:00:00+00:00,1943.51,1953.6,1941.2,1951.5,2577.2634866399994
2026-02-20 00:00:00+00:00,1948.37,1967.0,1946.34,1956.59,6259.381359889992
2026-02-20 01:00:00+00:00,1956.93,1963.9,1948.81,1956.0,2304.1170182800006
2026-02-20 02:00:00+00:00,1956.1,1958.7,1947.08,1948.84,2257.3149685600006
2026-02-20 03:00:00+00:00,1948.74,1962.5,1948.74,1954.2,2526.1976507600007
2026-02-20 04:00:00+00:00,1954.15,1958.3,1930.0,1938.69,6695.142383899999
2026-02-20 05:00:00+00:00,1938.69,1967.4,1935.66,1954.85,7922.6341202399935
2026-02-20 06:00:00+00:00,1954.62,1962.7,1949.11,1957.97,3995.38562859
2026-02-20 07:00:00+00:00,1957.82,1970.9,1956.34,1960.17,18168.684893879992
2026-02-20 08:00:00+00:00,1960.96,1968.0,1956.56,1962.0,3350.760948539999
2026-02-20 09:00:00+00:00,1959.37,1974.6,1959.17,1967.45,3292.6206705800005
2026-02-20 10:00:00+00:00,1967.81,1975.0,1955.86,1956.85,4051.14447948
2026-02-20 11:00:00+00:00,1956.5,1959.4,1939.66,1943.28,6302.075437789999
2026-02-20 12:00:00+00:00,1943.28,1953.0,1941.61,1949.19,4846.120554590001
2026-02-20 13:00:00+00:00,1949.19,1951.5,1922.31,1936.4,8402.450219119999
2026-02-20 14:00:00+00:00,1933.85,1956.0,1932.61,1942.8,12566.765864499986
2026-02-20 15:00:00+00:00,1942.85,1982.7,1934.64,1963.84,21344.78852903
2026-02-20 16:00:00+00:00,1963.8,1975.6,1953.22,1968.33,13249.584817470004
2026-02-20 17:00:00+00:00,1968.45,1972.5,1938.0,1966.17,26876.83153764997
2026-02-20 18:00:00+00:00,1966.04,1982.9,1959.08,1975.33,19890.98051515
2026-02-20 19:00:00+00:00,1975.41,1980.0,1960.79,1962.92,10798.303573120003
2026-02-20 20:00:00+00:00,1963.12,1973.5,1961.05,1970.3,6372.156445129993
2026-02-20 21:00:00+00:00,1970.31,1977.2,1966.27,1973.73,5357.29621533
2026-02-20 22:00:00+00:00,1973.71,1975.8,1963.63,1973.0,3868.6271890900007
2026-02-20 23:00:00+00:00,1972.8,1975.3,1962.6,1968.13,3137.49989287
2026-02-21 00:00:00+00:00,1968.35,1970.9,1960.65,1961.76,3754.834852670001
2026-02-21 01:00:00+00:00,1962.67,1970.7,1961.76,1965.24,2133.41267546
2026-02-21 02:00:00+00:00,1965.72,1972.6,1964.08,1964.93,4076.31805997
2026-02-21 03:00:00+00:00,1964.94,1968.0,1955.04,1958.22,1995.39781129
2026-02-21 04:00:00+00:00,1958.22,1965.2,1955.39,1961.71,1281.6898895799998
2026-02-21 05:00:00+00:00,1961.76,1966.4,1960.69,1962.21,826.8357939700002
2026-02-21 06:00:00+00:00,1962.4,1968.1,1959.48,1960.88,1391.2164905799991
2026-02-21 07:00:00+00:00,1960.88,1966.5,1959.25,1962.27,983.19938292
2026-02-21 08:00:00+00:00,1962.29,1973.8,1961.54,1968.61,2064.0704009799992
2026-02-21 09:00:00+00:00,1968.61,1979.6,1966.42,1969.7,4279.756633119995
2026-02-21 10:00:00+00:00,1969.69,1976.8,1969.36,1973.87,1182.75288418
2026-02-21 11:00:00+00:00,1973.84,1990.1,1973.44,1976.51,3286.913172859999
2026-02-21 12:00:00+00:00,1976.65,1979.9,1968.97,1975.55,2477.3605280300003
2026-02-21 13:00:00+00:00,1975.27,1983.1,1972.2,1980.53,2377.3817742600004
2026-02-21 14:00:00+00:00,1982.7,1998.2,1977.84,1986.85,5628.1754612700015
2026-02-21 15:00:00+00:00,1989.0,1993.8,1983.49,1989.3,2517.397279270001
2026-02-21 16:00:00+00:00,1987.56,1991.1,1975.71,1985.88,4246.15923844
2026-02-21 17:00:00+00:00,1985.89,1993.4,1983.71,1988.28,2607.2825083300017
2026-02-21 18:00:00+00:00,1987.88,1996.9,1987.37,1991.64,2802.8398876999995
2026-02-21 19:00:00+00:00,1991.64,1995.0,1987.14,1988.04,1891.8266305000009
2026-02-21 20:00:00+00:00,1988.0,1991.8,1973.7,1973.84,4522.735471910001
2026-02-21 21:00:00+00:00,1973.84,1983.4,1969.16,1981.72,3752.684183470001
2026-02-21 22:00:00+00:00,1981.69,1984.32,1971.55,1973.9,3720.944657160004
2026-02-21 23:00:00+00:00,1973.88,1978.9,1970.79,1973.0,1706.98716336
2026-02-22 00:00:00+00:00,1973.19,1976.5,1967.0,1972.37,2319.7863257899994
2026-02-22 01:00:00+00:00,1972.11,1981.0,1972.0,1976.85,2097.98273843
2026-02-22 02:00:00+00:00,1976.81,1984.5,1971.59,1971.77,2533.07515993
2026-02-22 03:00:00+00:00,1971.78,1977.3,1966.69,1974.15,2719.7347925400013
2026-02-22 04:00:00+00:00,1974.3,1977.3,1969.32,1973.1,1835.37368537
2026-02-22 05:00:00+00:00,1973.04,1976.2,1970.29,1974.36,1028.13603557
2026-02-22 06:00:00+00:00,1974.39,1980.5,1973.6,1975.67,1827.9875645600007
2026-02-22 07:00:00+00:00,1975.55,1979.9,1973.86,1975.52,1282.02788013
2026-02-22 08:00:00+00:00,1975.58,1978.2,1969.89,1972.73,1267.51366923
2026-02-22 09:00:00+00:00,1973.15,1977.0,1971.17,1975.15,1297.5812049100002
2026-02-22 10:00:00+00:00,1975.15,1981.2,1974.32,1977.03,1798.94942524
2026-02-22 11:00:00+00:00,1977.51,1984.0,1977.02,1980.39,1133.68208629
2026-02-22 12:00:00+00:00,1980.0,1982.0,1961.2,1966.07,4479.760519659999
2026-02-22 13:00:00+00:00,1965.85,1969.5,1944.08,1950.48,7132.217696849999
2026-02-22 14:00:00+00:00,1950.58,1954.2,1942.87,1950.35,5178.08905831
2026-02-22 15:00:00+00:00,1950.35,1959.3,1945.19,1953.36,2882.346369410001
2026-02-22 16:00:00+00:00,1953.12,1956.6,1947.13,1951.9,2338.89846295
2026-02-22 17:00:00+00:00,1951.9,1955.5,1934.04,1939.7,5471.3627463999965
2026-02-22 18:00:00+00:00,1939.68,1946.4,1937.89,1942.32,2677.1292404700007
2026-02-22 19:00:00+00:00,1942.34,1948.1,1939.68,1946.0,1893.78664258
2026-02-22 20:00:00+00:00,1943.3,1948.2,1939.19,1940.38,1882.3475006000003
2026-02-22 21:00:00+00:00,1939.98,1954.6,1939.98,1949.76,2552.78521871
2026-02-22 22:00:00+00:00,1949.76,1963.0,1945.71,1958.1,5141.806443659996
2026-02-22 23:00:00+00:00,1957.81,1963.2,1946.99,1956.84,5238.48102629
2026-02-23 00:00:00+00:00,1957.41,1960.2,1928.01,1928.88,5348.392486179999
2026-02-23 01:00:00+00:00,1928.88,1931.2,1844.19,1856.57,33686.56756326994
2026-02-23 02:00:00+00:00,1856.7,1870.6,1851.0,1862.82,8683.67710249
2026-02-23 03:00:00+00:00,1862.78,1873.7,1855.23,1862.52,8507.416730149993
2026-02-23 04:00:00+00:00,1862.64,1867.5,1853.09,1859.69,4262.51486902
2026-02-23 05:00:00+00:00,1859.6,1872.9,1859.52,1865.41,6432.84454424
2026-02-23 06:00:00+00:00,1865.52,1885.4,1863.6,1882.0,4384.5728943
2026-02-23 07:00:00+00:00,1879.32,1891.1,1876.55,1885.05,3870.67073282
2026-02-23 08:00:00+00:00,1885.04,1892.6,1876.47,1880.17,4627.177979589997
2026-02-23 09:00:00+00:00,1880.17,1921.1,1880.17,1917.84,7497.005541619997
2026-02-23 10:00:00+00:00,1917.31,1931.0,1911.9,1916.7,6012.029652589999
2026-02-23 11:00:00+00:00,1916.8,1922.9,1910.66,1915.15,4429.73380678
2026-02-23 12:00:00+00:00,1915.14,1929.0,1905.28,1922.6,7502.744677969998
2026-02-23 13:00:00+00:00,1919.79,1938.0,1918.72,1921.74,9609.19698854
2026-02-23 14:00:00+00:00,1921.8,1927.8,1894.22,1906.3,22074.43716098996
2026-02-23 15:00:00+00:00,1906.41,1915.8,1891.84,1898.4,17795.321630749975
2026-02-23 16:00:00+00:00,1895.49,1902.7,1880.12,1884.16,18160.31438948998
2026-02-23 17:00:00+00:00,1884.16,1890.5,1836.96,1863.23,30468.18102691993
2026-02-23 18:00:00+00:00,1866.2,1876.8,1854.33,1857.61,15169.880958839993
2026-02-23 19:00:00+00:00,1857.46,1867.2,1846.41,1856.79,10323.397888730002
2026-02-23 20:00:00+00:00,1856.76,1864.3,1845.92,1860.12,12206.204388859987
2026-02-23 21:00:00+00:00,1860.11,1871.4,1857.85,1863.13,7764.06972663
2026-02-23 22:00:00+00:00,1863.05,1872.3,1858.82,1859.34,5678.694454540003
2026-02-23 23:00:00+00:00,1859.35,1869.3,1850.19,1855.52,8919.623292800019
2026-02-24 00:00:00+00:00,1855.53,1871.9,1853.91,1867.21,4865.0259935
2026-02-24 01:00:00+00:00,1867.2,1870.3,1811.07,1840.06,18032.113076289992
2026-02-24 02:00:00+00:00,1840.37,1856.7,1836.11,1846.0,6073.863169779998
2026-02-24 03:00:00+00:00,1842.81,1845.9,1822.83,1831.2,9225.868271459996
2026-02-24 04:00:00+00:00,1831.27,1836.3,1812.51,1830.15,11013.709458989988
2026-02-24 05:00:00+00:00,1830.0,1843.2,1813.13,1825.53,8424.535392179994
2026-02-24 06:00:00+00:00,1825.52,1833.1,1817.35,1820.13,3544.5686432899984
2026-02-24 07:00:00+00:00,1820.24,1834.1,1814.52,1824.72,5281.47335499
2026-02-24 08:00:00+00:00,1825.23,1838.6,1817.88,1830.91,4902.663119840002
2026-02-24 09:00:00+00:00,1830.96,1836.6,1814.5,1826.88,5546.430619940002
2026-02-24 10:00:00+00:00,1826.45,1833.0,1820.18,1825.62,6159.31026807
2026-02-24 11:00:00+00:00,1825.62,1829.8,1816.48,1826.32,5517.6087895
2026-02-24 12:00:00+00:00,1826.69,1833.1,1820.75,1823.64,5001.879800759999
2026-02-24 13:00:00+00:00,1823.8,1828.9,1792.8,1817.4,12316.196360290003
2026-02-24 14:00:00+00:00,1817.4,1849.9,1803.2,1834.86,26526.012375209968
2026-02-24 15:00:00+00:00,1834.94,1851.9,1828.26,1849.5,23654.242250269966
2026-02-24 16:00:00+00:00,1847.65,1865.5,1837.48,1858.94,16728.312469239998
2026-02-24 17:00:00+00:00,1858.76,1867.7,1849.24,1855.24,22717.962079869965
2026-02-24 18:00:00+00:00,1855.23,1863.7,1845.0,1854.81,17554.92040965999
2026-02-24 19:00:00+00:00,1854.84,1866.0,1846.97,1855.0,9659.900721510008
2026-02-24 20:00:00+00:00,1852.48,1864.1,1849.36,1858.55,8803.83690382
2026-02-24 21:00:00+00:00,1858.4,1859.9,1845.09,1853.85,7373.808146959999
2026-02-24 22:00:00+00:00,1854.25,1865.7,1852.45,1860.59,4242.66573115
2026-02-24 23:00:00+00:00,1860.64,1862.8,1851.23,1854.6,4926.322001730002
2026-02-25 00:00:00+00:00,1852.0,1859.2,1845.98,1851.85,4892.916931210001
2026-02-25 01:00:00+00:00,1851.84,1927.3,1850.32,1920.7,20175.80156423997
2026-02-25 02:00:00+00:00,1918.35,1947.6,1918.08,1921.0,12243.817248490006
2026-02-25 03:00:00+00:00,1920.92,1925.0,1903.42,1909.3,9326.111497140002
2026-02-25 04:00:00+00:00,1905.8,1916.8,1894.74,1905.91,7237.01021126
2026-02-25 05:00:00+00:00,1906.16,1910.3,1877.94,1887.63,11889.10059179
2026-02-25 06:00:00+00:00,1888.04,1898.5,1884.5,1884.94,3955.0246899000026
2026-02-25 07:00:00+00:00,1885.05,1897.4,1882.24,1893.12,3443.511907140002
2026-02-25 08:00:00+00:00,1893.21,1915.4,1889.75,1910.2,5203.13130093
2026-02-25 09:00:00+00:00,1910.35,1919.1,1907.71,1915.26,5818.339021780001
2026-02-25 10:00:00+00:00,1915.45,1925.7,1910.24,1912.57,5698.13720728
2026-02-25 11:00:00+00:00,1912.87,1931.3,1907.8,1926.31,6348.805879559995
2026-02-25 12:00:00+00:00,1926.3,1959.0,1922.21,1953.6,17070.467909529987
2026-02-25 13:00:00+00:00,1953.0,1980.0,1952.61,1964.59,22430.64917893996
2026-02-25 14:00:00+00:00,1964.59,2003.6,1962.5,1998.11,33341.868205339975
2026-02-25 15:00:00+00:00,1997.86,2031.0,1986.89,2013.83,43383.17522744993
2026-02-25 16:00:00+00:00,2014.56,2051.3,2013.61,2046.8,29488.479559649964
2026-02-25 17:00:00+00:00,2046.81,2088.7,2044.71,2074.4,31692.50905641997
2026-02-25 18:00:00+00:00,2074.3,2083.1,2057.09,2074.59,19937.815670429973
2026-02-25 19:00:00+00:00,2074.89,2077.0,2060.62,2071.52,9646.366800459997
2026-02-25 20:00:00+00:00,2071.66,2086.8,2058.5,2075.63,17439.26322002998
2026-02-25 21:00:00+00:00,2075.43,2158.6,2066.51,2100.56,26603.670096819988
2026-02-25 22:00:00+00:00,2100.77,2117.0,2073.44,2083.57,11609.29155418
2026-02-25 23:00:00+00:00,2083.56,2089.7,2030.43,2057.71,16567.80889621999
2026-02-26 00:00:00+00:00,2057.7,2078.7,2047.78,2062.33,10865.70332432
2026-02-26 01:00:00+00:00,2062.33,2069.4,2049.37,2061.4,7917.363892439996
2026-02-26 02:00:00+00:00,2058.66,2062.1,2039.37,2053.31,8170.162547689994
2026-02-26 03:00:00+00:00,2053.31,2061.2,2047.13,2054.52,4513.887827900002
2026-02-26 04:00:00+00:00,2054.73,2086.6,2051.92,2075.25,7069.080698540001
2026-02-26 05:00:00+00:00,2078.0,2078.2,2056.87,2066.5,6556.591425560002
2026-02-26 06:00:00+00:00,2066.4,2079.0,2059.52,2062.5,4696.20571247
2026-02-26 07:00:00+00:00,2062.68,2071.0,2052.01,2053.61,3006.5592908400013
2026-02-26 08:00:00+00:00,2053.58,2060.9,2043.45,2054.3,7003.430991180001
2026-02-26 09:00:00+00:00,2054.42,2079.8,2052.73,2075.31,6945.374850600002
2026-02-26 10:00:00+00:00,2075.21,2086.0,2062.27,2065.5,5201.566947590004
2026-02-26 11:00:00+00:00,2065.7,2069.6,2053.29,2057.37,4025.153944700001
2026-02-26 12:00:00+00:00,2057.51,2074.0,2054.75,2069.95,5347.692508440002
2026-02-26 13:00:00+00:00,2069.92,2076.4,2060.89,2064.91,5568.89444855
2026-02-26 14:00:00+00:00,2064.93,2080.3,2034.59,2050.27,22337.09155595996
2026-02-26 15:00:00+00:00,2051.17,2054.7,2011.38,2033.6,38295.51310026993
2026-02-26 16:00:00+00:00,2033.86,2040.5,1978.41,1984.08,26504.498312900003
2026-02-26 17:00:00+00:00,1984.08,2002.4,1982.05,1988.15,18994.777393609987
2026-02-26 18:00:00+00:00,1988.14,2011.8,1975.11,2004.1,20279.09341220996
2026-02-26 19:00:00+00:00,2004.3,2036.7,2003.64,2030.0,12440.386836550008
2026-02-26 20:00:00+00:00,2030.42,2044.0,2021.43,2023.76,8720.166852259998
2026-02-26 21:00:00+00:00,2023.76,2037.3,2018.05,2032.8,5473.361500240003
2026-02-26 22:00:00+00:00,2030.6,2039.6,2027.4,2033.52,2833.9968157999983
2026-02-26 23:00:00+00:00,2033.52,2035.7,2023.8,2027.9,4434.63436648
2026-02-27 00:00:00+00:00,2027.82,2032.7,2008.08,2014.5,7504.012575320002
2026-02-27 01:00:00+00:00,2014.92,2025.6,2001.0,2021.75,7794.334952939999
2026-02-27 02:00:00+00:00,2021.96,2036.9,2019.41,2026.16,5021.81036213
2026-02-27 03:00:00+00:00,2026.16,2052.1,2019.62,2045.28,6359.985288979998
2026-02-27 04:00:00+00:00,2045.42,2065.3,2039.68,2042.64,8321.2227928
2026-02-27 05:00:00+00:00,2042.52,2051.5,2038.52,2041.63,2846.58085404
2026-02-27 06:00:00+00:00,2041.48,2044.8,2028.67,2036.04,5706.024334070001
2026-02-27 07:00:00+00:00,2036.19,2043.3,2022.0,2032.29,6768.745882589999
2026-02-27 08:00:00+00:00,2032.53,2047.2,2028.3,2033.89,5380.888576599998
2026-02-27 09:00:00+00:00,2033.88,2043.6,2008.62,2009.98,9363.724016449994
2026-02-27 10:00:00+00:00,2010.15,2015.7,1979.09,1981.01,12567.032489369994
2026-02-27 11:00:00+00:00,1983.4,1986.2,1953.27,1962.54,16191.331776479983
2026-02-27 12:00:00+00:00,1962.49,1970.9,1949.5,1960.39,8662.903847070005
2026-02-27 13:00:00+00:00,1960.2,1969.5,1939.0,1963.54,11844.744371569974
2026-02-27 14:00:00+00:00,1963.53,1966.7,1940.05,1942.92,18657.61532109998
2026-02-27 15:00:00+00:00,1945.3,1997.38,1940.24,1948.56,50226.38783516992
2026-02-27 16:00:00+00:00,1949.2,1951.1,1924.11,1927.2,23524.219380539977
2026-02-27 17:00:00+00:00,1927.29,1937.0,1907.51,1932.7,24405.905741899987
2026-02-27 18:00:00+00:00,1932.71,1935.3,1915.17,1917.52,10192.898020230004
2026-02-27 19:00:00+00:00,1917.96,1925.2,1911.82,1920.76,7880.060025850001
2026-02-27 20:00:00+00:00,1920.86,1928.8,1919.8,1923.39,6229.089639440002
2026-02-27 21:00:00+00:00,1923.21,1936.0,1917.1,1921.15,5612.888778790002
2026-02-27 22:00:00+00:00,1921.17,1930.1,1886.52,1921.1,9068.82312458999
2026-02-27 23:00:00+00:00,1921.0,1935.0,1919.48,1929.61,4691.083820589999
2026-02-28 00:00:00+00:00,1929.86,1939.0,1924.33,1932.38,3722.9950258500007
2026-02-28 01:00:00+00:00,1932.04,1938.3,1920.1,1924.3,2699.2619266300017
2026-02-28 02:00:00+00:00,1924.72,1934.6,1922.3,1930.32,1407.99555371
2026-02-28 03:00:00+00:00,1930.62,1933.3,1920.1,1924.19,2520.4293233600006
2026-02-28 04:00:00+00:00,1924.18,1934.4,1913.93,1925.09,3517.590535919997
2026-02-28 05:00:00+00:00,1925.28,1930.2,1914.84,1919.85,3244.757883740004
2026-02-28 06:00:00+00:00,1920.07,1922.5,1835.46,1842.42,24373.89366478001
2026-02-28 07:00:00+00:00,1843.13,1886.0,1835.77,1868.7,13073.515821049996
2026-02-28 08:00:00+00:00,1866.52,1870.8,1848.94,1852.3,13963.734641169984
2026-02-28 09:00:00+00:00,1852.62,1865.8,1844.99,1857.1,4396.492604479998
2026-02-28 10:00:00+00:00,1855.47,1869.2,1849.06,1865.3,4880.340490779996
2026-02-28 11:00:00+00:00,1865.53,1882.5,1861.89,1863.51,6296.53272496
2026-02-28 12:00:00+00:00,1863.51,1875.7,1862.83,1869.8,3099.169534300001
2026-02-28 13:00:00+00:00,1868.5,1911.8,1865.35,1905.12,9974.860658119993
2026-02-28 14:00:00+00:00,1905.49,1918.5,1883.35,1888.12,11930.438101749993
2026-02-28 15:00:00+00:00,1888.2,1906.2,1874.08,1898.93,8540.28686827
2026-02-28 16:00:00+00:00,1899.27,1912.0,1891.72,1904.18,5669.2325162
2026-02-28 17:00:00+00:00,1904.57,1912.5,1887.34,1907.14,6611.605520949998
2026-02-28 18:00:00+00:00,1907.32,1948.1,1901.61,1936.09,9211.362657249989
2026-02-28 19:00:00+00:00,1936.09,1956.3,1920.6,1947.22,9171.4823651
2026-02-28 20:00:00+00:00,1947.49,1974.82,1938.87,1966.31,13342.160617779997
2026-02-28 21:00:00+00:00,1966.46,1969.3,1945.54,1958.07,7085.7142314099965
2026-02-28 22:00:00+00:00,1958.24,1986.9,1956.0,1965.49,7502.291486149999
2026-02-28 23:00:00+00:00,1965.64,1971.7,1956.97,1964.71,3762.53729366
2026-03-01 00:00:00+00:00,1964.78,1970.6,1954.72,1964.9,2992.514122240001
2026-03-01 01:00:00+00:00,1962.85,2025.0,1943.84,2012.89,12747.499791819992
2026-03-01 02:00:00+00:00,2012.5,2056.0,2008.65,2033.1,16041.795904959972
2026-03-01 03:00:00+00:00,2033.08,2041.1,2016.69,2022.81,6675.48835102
2026-03-01 04:00:00+00:00,2023.42,2032.0,1999.19,2015.84,9270.598669019992
2026-03-01 05:00:00+00:00,2016.55,2024.8,2009.23,2011.28,3002.537296579999
2026-03-01 06:00:00+00:00,2011.36,2014.6,1988.83,1998.72,6847.623830389992
2026-03-01 07:00:00+00:00,1998.72,2012.5,1993.1,2007.3,2851.385410700002
2026-03-01 08:00:00+00:00,2007.3,2011.4,1981.11,1986.19,2869.792044450001
2026-03-01 09:00:00+00:00,1985.95,1996.4,1975.29,1980.74,3644.1709952
2026-03-01 10:00:00+00:00,1980.73,1994.9,1972.2,1984.66,7439.532116329995
2026-03-01 11:00:00+00:00,1985.04,1991.42,1982.0,1983.31,2049.28131791
2026-03-01 12:00:00+00:00,1983.56,1989.8,1976.23,1977.88,2806.3801044199986
2026-03-01 13:00:00+00:00,1978.48,2026.8,1968.9,2006.6,9302.795217409994
2026-03-01 14:00:00+00:00,2006.6,2029.0,1993.36,2001.27,10884.007628019988
2026-03-01 15:00:00+00:00,2000.05,2018.0,1992.12,1993.34,9785.61931196
2026-03-01 16:00:00+00:00,1993.89,2011.1,1960.65,1974.33,11560.145546799991
2026-03-01 17:00:00+00:00,1974.47,1977.5,1953.68,1961.24,8960.133517949997
2026-03-01 18:00:00+00:00,1960.96,1998.1,1960.96,1975.74,9034.641234459994
2026-03-01 19:00:00+00:00,1976.02,1977.7,1947.97,1954.01,10934.376060219998
2026-03-01 20:00:00+00:00,1954.17,1956.1,1907.66,1914.11,14719.73586730999
2026-03-01 21:00:00+00:00,1914.45,1933.3,1912.95,1930.6,7506.352625740001
2026-03-01 22:00:00+00:00,1929.54,1990.0,1914.97,1924.5,16204.7406624
2026-03-01 23:00:00+00:00,1924.65,1949.0,1916.49,1940.5,7745.132977999995
2026-03-02 00:00:00+00:00,1939.3,1968.0,1937.1,1961.03,5727.55490629
2026-03-02 01:00:00+00:00,1961.02,1990.0,1959.77,1963.62,7966.584577180004
2026-03-02 02:00:00+00:00,1963.63,1967.3,1939.99,1955.87,8003.37060615
2026-03-02 03:00:00+00:00,1955.66,1980.0,1948.14,1971.9,8767.790976010005
2026-03-02 04:00:00+00:00,1971.98,1980.4,1968.45,1973.1,4661.991917819999
2026-03-02 05:00:00+00:00,1973.1,1984.9,1962.44,1971.09,5782.265817959996
2026-03-02 06:00:00+00:00,1971.09,1972.9,1937.56,1945.2,8477.209854769995
2026-03-02 07:00:00+00:00,1943.43,1946.7,1925.44,1941.39,6861.378608350003
2026-03-02 08:00:00+00:00,1941.39,1952.3,1920.0,1948.87,9745.99556537
2026-03-02 09:00:00+00:00,1949.01,1968.6,1946.71,1947.96,10176.133186380002
2026-03-02 10:00:00+00:00,1947.87,1957.0,1943.85,1952.31,5302.801508750003
2026-03-02 11:00:00+00:00,1952.22,1956.2,1935.64,1947.8,9581.08189812
2026-03-02 12:00:00+00:00,1947.77,1950.4,1930.17,1939.7,6710.383296160002
2026-03-02 13:00:00+00:00,1938.43,1945.9,1921.25,1927.0,9864.285247049997
2026-03-02 14:00:00+00:00,1927.49,1987.75,1920.5,1979.84,39613.5486237999
2026-03-02 15:00:00+00:00,1979.69,2066.9,1974.37,2047.62,63842.09137579987
2026-03-02 16:00:00+00:00,2047.51,2089.5,2043.52,2065.08,31325.554362379928
2026-03-02 17:00:00+00:00,2064.88,2066.66,2026.16,2041.36,20028.259341479985
2026-03-02 18:00:00+00:00,2041.45,2041.6,2025.0,2029.4,13696.425601799998
2026-03-02 19:00:00+00:00,2029.87,2049.8,2017.2,2043.62,15937.00640702999
2026-03-02 20:00:00+00:00,2043.74,2058.5,2025.16,2035.51,15214.36310465
2026-03-02 21:00:00+00:00,2035.92,2048.77,2028.97,2043.9,11674.775641249977
2026-03-02 22:00:00+00:00,2043.59,2059.4,2041.2,2053.61,7100.063000619998
2026-03-02 23:00:00+00:00,2054.0,2056.92,2024.53,2027.49,7773.0195036399955
2026-03-03 00:00:00+00:00,2027.85,2039.7,2018.38,2035.61,6684.674013459999
2026-03-03 01:00:00+00:00,2035.58,2041.93,2019.35,2019.89,4690.7657953
2026-03-03 02:00:00+00:00,2020.01,2023.4,1997.6,2013.68,10300.309191289987
2026-03-03 03:00:00+00:00,2013.65,2016.8,2005.15,2008.55,3568.3939425899976
2026-03-03 04:00:00+00:00,2010.0,2013.9,1996.66,2001.5,5511.78357674
2026-03-03 05:00:00+00:00,1999.69,2020.2,1987.62,1993.0,9255.783775239994
2026-03-03 06:00:00+00:00,1993.05,2002.3,1987.76,1998.9,6344.54091143
2026-03-03 07:00:00+00:00,1998.9,2004.86,1993.06,1996.21,4818.412301369999
2026-03-03 08:00:00+00:00,1995.86,2001.2,1947.45,1952.59,11558.73151776002
2026-03-03 09:00:00+00:00,1952.65,1969.7,1938.98,1951.17,14841.268473149985
2026-03-03 10:00:00+00:00,1951.44,1964.6,1944.88,1957.56,6181.225338120002
2026-03-03 11:00:00+00:00,1957.56,1966.8,1951.47,1961.04,3654.072880250002
2026-03-03 12:00:00+00:00,1961.04,1990.4,1960.29,1967.16,8297.370366490002
2026-03-03 13:00:00+00:00,1967.14,1969.2,1943.02,1952.04,9150.125763370004
2026-03-03 14:00:00+00:00,1951.92,1977.9,1927.75,1942.22,30745.700831789927
2026-03-03 15:00:00+00:00,1942.28,1973.9,1931.44,1969.29,29641.520139649925
2026-03-03 16:00:00+00:00,1969.32,2014.06,1958.81,1984.56,31976.349569299924
2026-03-03 17:00:00+00:00,1984.57,1986.5,1952.11,1980.66,18586.09310341998
2026-03-03 18:00:00+00:00,1980.75,2001.5,1969.25,1989.2,17839.50732777999
2026-03-03 19:00:00+00:00,1988.66,1995.3,1976.89,1986.21,13821.793172809996
2026-03-03 20:00:00+00:00,1986.52,1989.84,1969.55,1978.6,16120.356973859998
2026-03-03 21:00:00+00:00,1978.51,1978.8,1958.96,1968.6,7153.631479410001
2026-03-03 22:00:00+00:00,1968.91,1987.91,1968.08,1983.24,5460.33938349
2026-03-03 23:00:00+00:00,1983.39,2002.2,1981.28,1982.87,6480.544156679996
2026-03-04 00:00:00+00:00,1982.96,1987.3,1961.73,1976.91,8864.189063750002
2026-03-04 01:00:00+00:00,1977.19,1999.2,1969.95,1982.11,6722.046579489999
2026-03-04 02:00:00+00:00,1981.83,1983.15,1968.93,1979.4,5172.118455550001
2026-03-04 03:00:00+00:00,1979.63,1980.4,1942.58,1960.99,9791.259465469991
2026-03-04 04:00:00+00:00,1961.32,1964.9,1950.34,1960.4,4673.676547579999
2026-03-04 05:00:00+00:00,1960.46,1977.8,1955.35,1971.09,4525.508202880002
2026-03-04 06:00:00+00:00,1971.38,1987.1,1962.95,1980.17,6895.159936770001
2026-03-04 07:00:00+00:00,1980.17,2010.8,1974.43,2006.56,9385.140044599992
2026-03-04 08:00:00+00:00,2007.01,2066.6,2000.42,2064.2,19236.619303389973
2026-03-04 09:00:00+00:00,2064.01,2090.2,2054.9,2075.53,19826.897477029983
2026-03-04 10:00:00+00:00,2075.29,2093.64,2067.0,2072.4,11423.95083316999
2026-03-04 11:00:00+00:00,2072.56,2078.58,2046.61,2054.89,8825.086053889992
2026-03-04 12:00:00+00:00,2054.99,2059.21,2036.47,2054.38,9017.851474859996
2026-03-04 13:00:00+00:00,2054.39,2068.78,2052.88,2064.64,9755.572283830004
2026-03-04 14:00:00+00:00,2064.63,2110.31,2062.9,2080.02,30395.609781979936
2026-03-04 15:00:00+00:00,2080.19,2160.7,2079.6,2150.81,44625.67212090996
2026-03-04 16:00:00+00:00,2151.25,2167.32,2129.21,2143.43,39052.61942004997
2026-03-04 17:00:00+00:00,2143.62,2158.19,2131.35,2146.73,33072.36106653997
2026-03-04 18:00:00+00:00,2146.8,2165.52,2138.9,2164.29,20820.148048569976
2026-03-04 19:00:00+00:00,2164.34,2200.0,2160.9,2179.02,25326.60345303997
2026-03-04 20:00:00+00:00,2179.17,2181.36,2149.4,2152.13,13535.260544789997
2026-03-04 21:00:00+00:00,2151.59,2157.39,2142.76,2150.71,11097.563884589994
2026-03-04 22:00:00+00:00,2150.9,2165.0,2127.13,2132.39,8557.66190615
2026-03-04 23:00:00+00:00,2132.31,2137.19,2116.4,2128.0,7101.176008139998
2026-03-05 00:00:00+00:00,2127.96,2136.9,2121.8,2129.93,9401.81775874
2026-03-05 01:00:00+00:00,2129.15,2142.71,2107.6,2114.19,9206.86832116
2026-03-05 02:00:00+00:00,2114.61,2134.99,2113.0,2122.86,6660.997677159996
2026-03-05 03:00:00+00:00,2122.96,2127.24,2108.0,2120.65,5998.742950899997
2026-03-05 04:00:00+00:00,2121.04,2144.8,2118.6,2137.86,6728.962360829994
2026-03-05 05:00:00+00:00,2137.86,2139.97,2113.74,2120.22,4972.956114809998
2026-03-05 06:00:00+00:00,2120.28,2131.1,2110.4,2128.49,5173.14307159
2026-03-05 07:00:00+00:00,2128.69,2132.78,2095.8,2105.29,5429.765991370001
2026-03-05 08:00:00+00:00,2105.83,2118.66,2094.0,2117.76,5708.080572680005
2026-03-05 09:00:00+00:00,2117.7,2138.77,2116.6,2126.05,7050.851226250002
2026-03-05 10:00:00+00:00,2126.2,2164.34,2120.5,2156.88,10361.276134750002
2026-03-05 11:00:00+00:00,2156.88,2160.2,2133.7,2138.39,7785.619636479999
2026-03-05 12:00:00+00:00,2138.4,2143.44,2123.55,2138.3,7972.712244900003
2026-03-05 13:00:00+00:00,2138.3,2140.47,2109.37,2117.9,13761.44097711
2026-03-05 14:00:00+00:00,2117.88,2132.22,2096.54,2119.2,18648.33510954997
2026-03-05 15:00:00+00:00,2120.07,2122.89,2067.04,2087.4,33668.340907329926
2026-03-05 16:00:00+00:00,2087.73,2087.89,2056.12,2080.62,22806.42111546
2026-03-05 17:00:00+00:00,2080.53,2094.0,2054.4,2059.48,21200.42130398997
2026-03-05 18:00:00+00:00,2059.4,2078.25,2056.55,2076.73,13017.701186549995
2026-03-05 19:00:00+00:00,2076.72,2092.79,2071.91,2073.97,15048.148819629996
2026-03-05 20:00:00+00:00,2074.09,2098.35,2069.99,2092.09,13636.888999520004
2026-03-05 21:00:00+00:00,2091.81,2099.69,2075.4,2080.42,4965.8667838300025
2026-03-05 22:00:00+00:00,2080.88,2085.65,2077.3,2079.9,2450.19060446
2026-03-05 23:00:00+00:00,2080.24,2085.23,2068.8,2072.99,3763.11171367
2026-03-06 00:00:00+00:00,2073.24,2080.9,2068.0,2075.3,5094.276560769999
2026-03-06 01:00:00+00:00,2075.34,2091.9,2061.7,2088.1,10719.576499320005
2026-03-06 02:00:00+00:00,2088.09,2093.68,2079.9,2084.04,5237.292567920004
2026-03-06 03:00:00+00:00,2083.9,2089.14,2074.8,2084.1,5954.54230642
2026-03-06 04:00:00+00:00,2084.21,2086.29,2059.57,2070.9,8573.899946609998
2026-03-06 05:00:00+00:00,2071.01,2074.87,2059.21,2068.69,5849.507556130004
2026-03-06 06:00:00+00:00,2068.69,2080.61,2063.34,2074.34,5201.172303940003
2026-03-06 07:00:00+00:00,2074.31,2087.56,2068.6,2082.92,7213.101622889999
2026-03-06 08:00:00+00:00,2083.31,2083.31,2074.61,2076.53,3860.39144769
2026-03-06 09:00:00+00:00,2076.33,2077.61,2045.8,2059.9,9978.713892549998
2026-03-06 10:00:00+00:00,2060.01,2069.74,2058.4,2063.35,5791.319752300001
2026-03-06 11:00:00+00:00,2063.35,2067.59,2049.49,2050.84,5731.953998449998
2026-03-06 12:00:00+00:00,2050.92,2055.34,2037.9,2048.8,8716.884286769997
2026-03-06 13:00:00+00:00,2048.79,2062.12,2019.01,2020.29,17036.80622366998
2026-03-06 14:00:00+00:00,2020.08,2024.29,1971.26,1981.55,47757.21854997986
2026-03-06 15:00:00+00:00,1981.51,1998.35,1965.62,1977.81,25721.76850533994
2026-03-06 16:00:00+00:00,1977.8,1985.49,1965.94,1971.26,20300.37847020997
2026-03-06 17:00:00+00:00,1971.53,1982.41,1955.49,1966.57,18546.410741809985
2026-03-06 18:00:00+00:00,1966.56,1983.81,1966.41,1974.18,13006.160757169991
2026-03-06 19:00:00+00:00,1974.8,1992.9,1974.33,1983.44,10296.000040510004
2026-03-06 20:00:00+00:00,1984.11,1989.14,1968.42,1979.06,18365.28651112998
2026-03-06 21:00:00+00:00,1979.02,1984.66,1971.13,1983.89,7241.559368369997
2026-03-06 22:00:00+00:00,1984.28,1990.48,1981.3,1987.2,3174.2582357700003
2026-03-06 23:00:00+00:00,1987.28,1987.83,1977.09,1978.92,4414.84943867
2026-03-07 00:00:00+00:00,1978.91,1983.28,1976.71,1981.46,3150.83104775
2026-03-07 01:00:00+00:00,1981.44,1983.76,1976.3,1980.57,3469.3125381900004
2026-03-07 02:00:00+00:00,1980.57,1984.63,1972.36,1983.48,3269.956827370001
2026-03-07 03:00:00+00:00,1983.65,1996.51,1979.6,1979.9,4786.24194059
2026-03-07 04:00:00+00:00,1980.0,1980.63,1963.9,1975.16,7267.338217909998
2026-03-07 05:00:00+00:00,1975.7,1979.75,1972.36,1978.47,4672.533494749999
2026-03-07 06:00:00+00:00,1978.47,1978.76,1968.9,1971.73,2747.514470640001
2026-03-07 07:00:00+00:00,1972.02,1984.39,1967.14,1983.29,4157.808994359996
2026-03-07 08:00:00+00:00,1983.4,1987.54,1975.52,1977.69,2961.6648373700004
2026-03-07 09:00:00+00:00,1977.69,1989.34,1975.22,1986.24,2280.61116145
2026-03-07 10:00:00+00:00,1986.31,1988.8,1983.15,1984.24,1591.6306394200003
2026-03-07 11:00:00+00:00,1984.18,1994.84,1982.0,1988.84,4185.76892069
2026-03-07 12:00:00+00:00,1988.98,1991.26,1979.7,1982.55,1822.37190127
2026-03-07 13:00:00+00:00,1982.32,1984.24,1977.7,1981.85,2275.37180393
2026-03-07 14:00:00+00:00,1981.69,1990.36,1970.47,1986.94,3621.6630876199984
2026-03-07 15:00:00+00:00,1987.32,1987.51,1976.24,1981.21,4328.337683929999
2026-03-07 16:00:00+00:00,1981.41,1981.41,1974.6,1977.65,3011.271074749998
2026-03-07 17:00:00+00:00,1977.55,1984.08,1976.2,1977.66,1596.1006674300002
2026-03-07 18:00:00+00:00,1977.86,1977.86,1965.6,1971.3,5730.632614370007
2026-03-07 19:00:00+00:00,1971.27,1971.27,1948.09,1955.12,7118.716747459996
2026-03-07 20:00:00+00:00,1955.04,1968.64,1954.9,1966.4,2419.069513940001
2026-03-07 21:00:00+00:00,1966.52,1972.0,1963.92,1970.49,2205.82868818
2026-03-07 22:00:00+00:00,1970.57,1971.2,1958.53,1966.44,2311.39136719
2026-03-07 23:00:00+00:00,1966.48,1974.0,1965.2,1969.61,1891.91529359
2026-03-08 00:00:00+00:00,1969.75,1977.24,1966.1,1968.76,2378.21453786
2026-03-08 01:00:00+00:00,1968.8,1971.76,1963.3,1969.0,1713.2081043
2026-03-08 02:00:00+00:00,1969.04,1970.1,1935.72,1942.17,9749.687357029989
2026-03-08 03:00:00+00:00,1942.84,1951.3,1941.37,1947.37,3546.2383911300003
2026-03-08 04:00:00+00:00,1947.76,1953.13,1930.0,1938.18,5685.26898447
2026-03-08 05:00:00+00:00,1938.55,1952.48,1937.8,1948.94,4330.936436570002
2026-03-08 06:00:00+00:00,1949.09,1952.21,1942.81,1947.8,3353.3346531600014
2026-03-08 07:00:00+00:00,1948.01,1960.21,1947.1,1955.2,2745.108786710002
2026-03-08 08:00:00+00:00,1955.15,1960.64,1949.05,1959.61,2815.35934376
2026-03-08 09:00:00+00:00,1959.6,1970.08,1956.49,1963.52,7513.55289528
2026-03-08 10:00:00+00:00,1963.5,1979.99,1963.46,1974.09,4391.096965510001
2026-03-08 11:00:00+00:00,1974.09,1974.4,1944.72,1951.36,5085.728599889998
2026-03-08 12:00:00+00:00,1951.79,1954.54,1923.8,1946.15,9622.030089859996
2026-03-08 13:00:00+00:00,1946.4,1947.9,1924.9,1944.42,9103.804800719994
2026-03-08 14:00:00+00:00,1944.42,1950.33,1937.46,1945.36,4928.344202319997
2026-03-08 15:00:00+00:00,1945.52,1947.67,1937.36,1943.16,3562.102466750001
2026-03-08 16:00:00+00:00,1943.19,1945.0,1933.6,1936.66,3170.204895240002
2026-03-08 17:00:00+00:00,1937.11,1946.78,1933.0,1935.81,2982.251476450002
2026-03-08 18:00:00+00:00,1935.79,1936.79,1927.87,1930.09,2891.5703881099985
2026-03-08 19:00:00+00:00,1930.25,2008.09,1927.87,1964.72,38691.11475806007
2026-03-08 20:00:00+00:00,1964.71,1971.8,1952.7,1958.5,5544.266336920004
2026-03-08 21:00:00+00:00,1958.48,1962.08,1944.43,1953.59,5258.710654419999
2026-03-08 22:00:00+00:00,1953.6,1954.37,1910.3,1943.11,29662.543696619945
2026-03-08 23:00:00+00:00,1943.12,1955.5,1935.2,1936.93,7454.877902020006
2026-03-09 00:00:00+00:00,1936.97,1966.58,1929.61,1950.95,8185.909108720005
2026-03-09 01:00:00+00:00,1950.91,1963.7,1942.59,1945.6,7411.03707131
2026-03-09 02:00:00+00:00,1945.58,1963.15,1937.95,1960.0,7207.720340790001
2026-03-09 03:00:00+00:00,1959.86,2005.62,1958.93,1977.37,16499.381075959987
2026-03-09 04:00:00+00:00,1977.55,1989.8,1973.23,1977.13,5047.117399130002
2026-03-09 05:00:00+00:00,1977.17,2014.4,1975.73,2010.26,12798.830721119994
2026-03-09 06:00:00+00:00,2010.47,2012.8,1983.12,1984.6,5519.082788550001
2026-03-09 07:00:00+00:00,1984.1,1985.8,1963.14,1984.2,7340.513008229998
2026-03-09 08:00:00+00:00,1984.3,2000.4,1978.45,1996.24,6572.111351630002
2026-03-09 09:00:00+00:00,1996.9,2022.49,1986.56,2004.26,7237.15909602
2026-03-09 10:00:00+00:00,2004.34,2007.2,1992.0,1995.18,8183.613261839997
2026-03-09 11:00:00+00:00,1995.0,1999.9,1980.14,1992.0,4343.32725544
2026-03-09 12:00:00+00:00,1992.01,2013.44,1991.8,2002.06,9413.931500819996
2026-03-09 13:00:00+00:00,2002.21,2030.38,2000.9,2018.16,18168.42323142997
2026-03-09 14:00:00+00:00,2018.29,2033.5,2007.65,2022.3,18984.48116661997
2026-03-09 15:00:00+00:00,2022.2,2030.08,2014.01,2022.9,12003.080436879996
2026-03-09 16:00:00+00:00,2023.19,2039.58,2019.12,2027.68,14981.48770207999
2026-03-09 17:00:00+00:00,2027.68,2032.9,2005.44,2016.64,10804.657666009984
2026-03-09 18:00:00+00:00,2017.2,2023.4,2006.12,2012.0,10713.463797729995
2026-03-09 19:00:00+00:00,2012.27,2054.96,2010.02,2034.17,23529.26193729996
2026-03-09 20:00:00+00:00,2034.13,2038.12,2018.93,2026.9,11674.429725339993
2026-03-09 21:00:00+00:00,2026.09,2036.5,2021.86,2028.19,3954.75520286
2026-03-09 22:00:00+00:00,2028.18,2031.94,1998.82,2003.7,14946.56615505
2026-03-09 23:00:00+00:00,2002.63,2008.2,1989.24,1995.5,11555.813700629998
2026-03-10 00:00:00+00:00,1993.18,2023.6,1991.09,2015.8,10500.04801263
2026-03-10 01:00:00+00:00,2016.4,2026.0,2006.57,2019.47,6002.522685570002
2026-03-10 02:00:00+00:00,2020.1,2054.3,2013.98,2042.45,8342.681765559988
2026-03-10 03:00:00+00:00,2042.5,2048.62,2022.52,2026.79,5890.461024090004
2026-03-10 04:00:00+00:00,2027.01,2048.4,2026.38,2045.61,4396.89556632
2026-03-10 05:00:00+00:00,2045.37,2055.2,2040.15,2043.89,5855.659884040001
2026-03-10 06:00:00+00:00,2043.9,2050.6,2036.5,2043.9,3246.856628640002
2026-03-10 07:00:00+00:00,2043.96,2061.4,2040.54,2051.35,5727.294850959996
2026-03-10 08:00:00+00:00,2051.42,2072.0,2051.42,2057.48,10596.988012879998
2026-03-10 09:00:00+00:00,2057.58,2074.9,2055.97,2068.6,4082.1278879700008
2026-03-10 10:00:00+00:00,2068.44,2070.2,2055.41,2063.06,4869.185592630002
2026-03-10 11:00:00+00:00,2064.1,2068.59,2055.8,2062.0,4814.833565879999
2026-03-10 12:00:00+00:00,2062.0,2063.5,2047.0,2049.86,5770.513502419998
2026-03-10 13:00:00+00:00,2049.6,2060.9,2023.87,2033.62,17130.35846231997
2026-03-10 14:00:00+00:00,2033.62,2081.28,2008.11,2075.36,20445.81778063997
2026-03-10 15:00:00+00:00,2076.02,2086.72,2059.5,2080.09,19885.41056932998
2026-03-10 16:00:00+00:00,2080.09,2089.0,2070.1,2081.13,14849.846622959996
2026-03-10 17:00:00+00:00,2081.7,2085.81,2058.41,2072.35,14732.844152999996
2026-03-10 18:00:00+00:00,2072.25,2073.9,2035.76,2039.88,18682.875923699983
2026-03-10 19:00:00+00:00,2040.09,2044.91,2026.81,2036.99,14542.087534879993
2026-03-10 20:00:00+00:00,2036.95,2047.9,2034.78,2042.63,5785.020185669999
2026-03-10 21:00:00+00:00,2042.62,2048.92,2018.9,2030.0,3995.74072363
2026-03-10 22:00:00+00:00,2029.48,2033.24,2020.84,2027.69,5624.31242858
2026-03-10 23:00:00+00:00,2027.68,2038.0,2027.51,2037.3,4249.74682484
2026-03-11 00:00:00+00:00,2036.97,2042.3,2029.11,2038.39,4406.998188020001
2026-03-11 01:00:00+00:00,2038.37,2041.64,2028.57,2036.4,3514.87912203
2026-03-11 02:00:00+00:00,2036.33,2039.6,2019.05,2026.94,5597.293919220001
2026-03-11 03:00:00+00:00,2027.09,2029.9,2018.03,2021.37,4215.881033369999
2026-03-11 04:00:00+00:00,2021.55,2042.0,2018.16,2039.49,6150.521040180001
2026-03-11 05:00:00+00:00,2039.38,2041.8,2011.43,2015.2,7452.54672366
2026-03-11 06:00:00+00:00,2014.4,2026.18,2013.71,2024.62,4307.221248039999
2026-03-11 07:00:00+00:00,2024.47,2026.5,2007.0,2012.6,3331.03829931
2026-03-11 08:00:00+00:00,2012.7,2026.8,2009.52,2023.6,4866.120510450001
2026-03-11 09:00:00+00:00,2024.21,2027.4,2014.3,2017.96,4732.239874909999
2026-03-11 10:00:00+00:00,2017.86,2032.1,2016.96,2029.11,4397.4271820600015
2026-03-11 11:00:00+00:00,2029.05,2035.0,2014.82,2017.24,6789.594571139998
2026-03-11 12:00:00+00:00,2017.91,2035.8,2012.47,2023.0,9090.681272849995
2026-03-11 13:00:00+00:00,2023.09,2083.26,2021.62,2050.9,29314.10216762994
2026-03-11 14:00:00+00:00,2050.88,2078.36,2042.63,2063.04,18850.31507646997
2026-03-11 15:00:00+00:00,2063.09,2065.98,2030.2,2049.9,12853.09205368001
2026-03-11 16:00:00+00:00,2050.37,2074.06,2046.6,2067.92,11607.067276520003
2026-03-11 17:00:00+00:00,2067.78,2086.49,2058.0,2068.64,16027.630807789992
2026-03-11 18:00:00+00:00,2068.64,2080.5,2064.49,2076.97,12445.234010519996
2026-03-11 19:00:00+00:00,2077.13,2079.0,2069.04,2076.76,9236.492669210003
2026-03-11 20:00:00+00:00,2076.84,2077.7,2065.64,2069.3,5164.066722650002
2026-03-11 21:00:00+00:00,2068.64,2076.0,2063.68,2073.26,3141.931032920001
2026-03-11 22:00:00+00:00,2073.36,2085.2,2059.28,2061.91,5569.333158829997
2026-03-11 23:00:00+00:00,2061.9,2065.9,2045.85,2052.25,7550.435301779993
2026-03-12 00:00:00+00:00,2052.29,2058.5,2047.9,2055.86,3143.18232878
2026-03-12 01:00:00+00:00,2055.99,2057.0,2042.68,2046.8,4459.975269070001
2026-03-12 02:00:00+00:00,2046.22,2048.2,2022.17,2024.85,6049.00313805
2026-03-12 03:00:00+00:00,2025.0,2034.97,2018.15,2023.61,4835.015287719997
2026-03-12 04:00:00+00:00,2023.55,2030.17,2021.1,2023.22,3123.490418830001
2026-03-12 05:00:00+00:00,2023.22,2027.99,2019.27,2027.18,3416.3328520000005
2026-03-12 06:00:00+00:00,2026.84,2032.1,2024.64,2030.56,2463.8643366700007
2026-03-12 07:00:00+00:00,2030.75,2042.67,2025.94,2041.04,3831.896435669998
2026-03-12 08:00:00+00:00,2040.74,2053.26,2038.75,2048.18,4186.894858460002
2026-03-12 09:00:00+00:00,2048.18,2066.34,2038.52,2055.92,6089.494161909996
2026-03-12 10:00:00+00:00,2055.85,2076.6,2052.46,2070.48,7505.410615339996
2026-03-12 11:00:00+00:00,2070.48,2077.98,2059.16,2063.05,8476.526722899998
2026-03-12 12:00:00+00:00,2063.22,2071.8,2057.91,2065.9,4090.009201300002
2026-03-12 13:00:00+00:00,2065.75,2082.0,2051.83,2066.07,15157.646814869997
2026-03-12 14:00:00+00:00,2066.0,2096.09,2037.66,2045.55,33095.06364211994
2026-03-12 15:00:00+00:00,2045.74,2082.82,2038.67,2072.79,13171.10833993
2026-03-12 16:00:00+00:00,2072.86,2079.1,2055.81,2070.08,8328.314963300008
2026-03-12 17:00:00+00:00,2070.13,2076.04,2055.39,2058.65,10704.176577070004
2026-03-12 18:00:00+00:00,2058.66,2062.25,2047.09,2049.9,6812.216041970001
2026-03-12 19:00:00+00:00,2048.7,2074.7,2045.1,2070.09,9923.900408959998
2026-03-12 20:00:00+00:00,2071.0,2074.41,2060.56,2063.13,4413.712201300002
2026-03-12 21:00:00+00:00,2063.14,2070.3,2057.74,2062.98,3470.0200853000006
2026-03-12 22:00:00+00:00,2063.24,2068.3,2055.69,2065.6,4690.730771159999
2026-03-12 23:00:00+00:00,2065.59,2093.8,2064.79,2074.0,12284.9115909
2026-03-13 00:00:00+00:00,2073.36,2149.3,2070.09,2119.53,23274.379538579968
2026-03-13 01:00:00+00:00,2119.2,2130.83,2111.29,2125.0,9208.862511440004
2026-03-13 02:00:00+00:00,2125.0,2127.46,2102.54,2105.6,7685.436591260002
2026-03-13 03:00:00+00:00,2106.12,2123.72,2101.98,2118.88,5070.131643749998
2026-03-13 04:00:00+00:00,2119.17,2120.33,2109.7,2111.66,4097.476611540002
2026-03-13 05:00:00+00:00,2111.76,2115.44,2103.42,2110.62,3750.81196342
2026-03-13 06:00:00+00:00,2110.75,2113.4,2089.2,2095.5,5551.912701839994
2026-03-13 07:00:00+00:00,2095.89,2105.28,2092.4,2099.51,7593.607364519999
2026-03-13 08:00:00+00:00,2099.38,2118.04,2091.0,2100.5,8378.48315778
2026-03-13 09:00:00+00:00,2100.46,2117.5,2096.0,2114.08,8283.104262539999
2026-03-13 10:00:00+00:00,2114.19,2133.99,2112.8,2127.52,13870.065735339993
2026-03-13 11:00:00+00:00,2127.35,2130.94,2117.5,2121.2,7947.673034510002
2026-03-13 12:00:00+00:00,2120.8,2153.42,2120.0,2147.21,16533.128786839992
2026-03-13 13:00:00+00:00,2147.21,2200.6,2142.41,2186.5,37044.59440281991
2026-03-13 14:00:00+00:00,2186.53,2211.62,2145.7,2151.3,38610.65310433999
2026-03-13 15:00:00+00:00,2151.51,2166.6,2125.18,2128.1,19549.533342119965
2026-03-13 16:00:00+00:00,2128.11,2144.24,2111.11,2134.39,15707.468232459998
2026-03-13 17:00:00+00:00,2134.12,2142.0,2090.51,2102.62,17751.693422999986
2026-03-13 18:00:00+00:00,2102.62,2109.6,2090.5,2100.9,10164.028858929994
2026-03-13 19:00:00+00:00,2101.01,2106.31,2095.5,2102.7,11256.577501760004
2026-03-13 20:00:00+00:00,2102.8,2114.76,2100.1,2111.74,5661.697296530003
2026-03-13 21:00:00+00:00,2111.52,2117.08,2100.3,2103.31,5527.0433864100005
2026-03-13 22:00:00+00:00,2103.42,2105.3,2076.66,2089.21,9706.629843419994
2026-03-13 23:00:00+00:00,2089.3,2094.51,2084.8,2092.81,3018.207051100003
2026-03-14 00:00:00+00:00,2092.81,2095.47,2082.1,2085.9,3734.16391154
2026-03-14 01:00:00+00:00,2085.83,2095.74,2081.2,2092.82,3601.9466396000003
2026-03-14 02:00:00+00:00,2093.01,2096.2,2089.4,2093.0,2400.1961978100007
2026-03-14 03:00:00+00:00,2092.86,2104.0,2092.1,2101.6,5660.287968580002
2026-03-14 04:00:00+00:00,2101.52,2106.06,2088.0,2090.58,3495.0454410099983
2026-03-14 05:00:00+00:00,2090.62,2094.78,2085.5,2092.53,3120.4596357200007
2026-03-14 06:00:00+00:00,2092.87,2093.0,2068.87,2078.22,5064.7277736399965
2026-03-14 07:00:00+00:00,2078.41,2081.0,2075.53,2077.64,2143.10673758
2026-03-14 08:00:00+00:00,2077.74,2081.7,2073.1,2074.59,2134.9639787300007
2026-03-14 09:00:00+00:00,2074.6,2078.4,2063.91,2068.0,2660.36751434
2026-03-14 10:00:00+00:00,2067.5,2069.6,2061.91,2066.9,2272.2129210400003
2026-03-14 11:00:00+00:00,2066.76,2077.3,2066.01,2074.14,1854.0248043800004
2026-03-14 12:00:00+00:00,2074.14,2078.29,2069.96,2075.91,2342.02488588
2026-03-14 13:00:00+00:00,2075.88,2081.3,2073.21,2078.71,2379.08142036
2026-03-14 14:00:00+00:00,2078.71,2081.1,2070.0,2071.39,2660.5597761400004
2026-03-14 15:00:00+00:00,2072.01,2078.3,2070.12,2074.81,2571.771146680001
2026-03-14 16:00:00+00:00,2075.15,2079.27,2069.1,2077.88,2222.76962112
2026-03-14 17:00:00+00:00,2077.98,2078.6,2073.4,2075.61,1700.9952655399998
2026-03-14 18:00:00+00:00,2075.41,2078.59,2071.97,2077.42,1689.86212089
2026-03-14 19:00:00+00:00,2077.44,2079.94,2074.9,2078.07,1852.06933629
2026-03-14 20:00:00+00:00,2078.04,2087.99,2075.7,2086.46,2645.52754834
2026-03-14 21:00:00+00:00,2086.71,2089.53,2082.51,2087.1,1645.2438822200004
2026-03-14 22:00:00+00:00,2087.1,2089.09,2082.57,2084.9,1338.80501337
2026-03-14 23:00:00+00:00,2084.89,2100.47,2084.4,2096.7,5007.426692859997
2026-03-15 00:00:00+00:00,2096.52,2097.29,2086.5,2088.41,2435.802318420001
2026-03-15 01:00:00+00:00,2088.4,2091.61,2083.4,2088.79,1626.9034472
2026-03-15 02:00:00+00:00,2089.27,2108.32,2088.5,2102.18,4969.6826577
2026-03-15 03:00:00+00:00,2102.45,2105.56,2093.6,2096.68,2763.863000329999
2026-03-15 04:00:00+00:00,2096.59,2104.68,2096.0,2104.68,2504.7404181800007
2026-03-15 05:00:00+00:00,2104.68,2116.19,2101.9,2108.29,4710.967224329999
2026-03-15 06:00:00+00:00,2108.31,2111.7,2103.2,2108.33,1972.736521310001
2026-03-15 07:00:00+00:00,2108.2,2114.18,2103.1,2106.49,1784.0159959700002
2026-03-15 08:00:00+00:00,2106.13,2113.58,2105.9,2113.3,1604.6833391899995
2026-03-15 09:00:00+00:00,2113.31,2123.88,2112.6,2117.73,3409.48447231
2026-03-15 10:00:00+00:00,2117.91,2121.69,2114.3,2119.41,1381.31607247
2026-03-15 11:00:00+00:00,2120.01,2122.0,2114.7,2119.4,1440.0387275399996
2026-03-15 12:00:00+00:00,2120.02,2120.6,2104.0,2110.15,2882.3477708500004
2026-03-15 13:00:00+00:00,2110.04,2113.44,2086.5,2097.81,6742.494883420002
2026-03-15 14:00:00+00:00,2097.81,2099.5,2086.5,2096.8,3220.8469821500016
2026-03-15 15:00:00+00:00,2097.22,2097.77,2089.6,2094.39,1877.857650790001
2026-03-15 16:00:00+00:00,2093.98,2099.31,2088.1,2092.26,3198.27387442
2026-03-15 17:00:00+00:00,2092.19,2118.59,2090.2,2111.3,4184.127131519996
2026-03-15 18:00:00+00:00,2111.32,2113.8,2094.67,2099.42,6197.389599979998
2026-03-15 19:00:00+00:00,2099.24,2122.77,2096.96,2113.9,10178.249449470017
2026-03-15 20:00:00+00:00,2113.9,2139.46,2110.0,2129.61,8025.956202219997
2026-03-15 21:00:00+00:00,2129.6,2145.35,2123.2,2139.7,5726.943789960001
2026-03-15 22:00:00+00:00,2139.1,2192.51,2125.3,2184.74,24457.19586147997
2026-03-15 23:00:00+00:00,2184.8,2203.09,2166.1,2178.67,18913.25348312996
2026-03-16 00:00:00+00:00,2178.84,2187.47,2164.7,2171.44,9140.43557113
2026-03-16 01:00:00+00:00,2171.43,2191.15,2164.8,2186.4,9338.87340567
2026-03-16 02:00:00+00:00,2186.59,2189.7,2170.0,2180.91,10029.92229836
2026-03-16 03:00:00+00:00,2181.5,2254.0,2177.3,2235.92,31110.27999141
2026-03-16 04:00:00+00:00,2236.0,2280.0,2235.2,2263.41,18241.54126711
2026-03-16 05:00:00+00:00,2263.41,2288.4,2257.2,2280.69,14544.555496849987
2026-03-16 06:00:00+00:00,2280.42,2281.3,2260.1,2261.5,8550.567069660003
2026-03-16 07:00:00+00:00,2261.58,2269.19,2245.5,2248.92,9576.58049077
2026-03-16 08:00:00+00:00,2248.93,2259.9,2233.85,2243.52,8791.715549469996
2026-03-16 09:00:00+00:00,2243.52,2266.46,2239.5,2259.9,7908.236031939998
2026-03-16 10:00:00+00:00,2260.31,2279.23,2256.15,2278.22,7545.707035379998
2026-03-16 11:00:00+00:00,2278.21,2280.3,2265.5,2270.41,6697.60871472
2026-03-16 12:00:00+00:00,2270.41,2303.73,2269.2,2279.34,19717.39022120996
2026-03-16 13:00:00+00:00,2279.37,2308.57,2271.7,2289.26,21762.793297299977
2026-03-16 14:00:00+00:00,2289.26,2305.82,2254.9,2288.42,22465.02495070993
2026-03-16 15:00:00+00:00,2288.11,2300.0,2270.43,2274.1,15003.346002829972
2026-03-16 16:00:00+00:00,2274.09,2300.99,2269.5,2297.31,13338.848563609992
2026-03-16 17:00:00+00:00,2297.37,2323.61,2293.76,2315.19,13543.230914569993
2026-03-16 18:00:00+00:00,2315.01,2347.05,2313.9,2321.76,19332.126130580007
2026-03-16 19:00:00+00:00,2322.15,2348.83,2318.4,2331.35,13010.822663529974
2026-03-16 20:00:00+00:00,2330.92,2348.18,2323.07,2346.05,8272.688545300005
2026-03-16 21:00:00+00:00,2345.77,2377.05,2343.5,2361.0,13969.492840289982
2026-03-16 22:00:00+00:00,2360.96,2386.3,2355.33,2357.77,9288.067933899994
2026-03-16 23:00:00+00:00,2358.02,2361.5,2330.2,2352.94,7991.043776040001
2026-03-17 00:00:00+00:00,2352.94,2376.79,2340.81,2357.7,12997.725156019991
2026-03-17 01:00:00+00:00,2357.59,2375.55,2346.6,2361.29,10480.81823382
2026-03-17 02:00:00+00:00,2361.43,2362.16,2344.4,2351.53,4822.177445270003
2026-03-17 03:00:00+00:00,2351.45,2356.26,2307.5,2320.48,12706.119622379996
2026-03-17 04:00:00+00:00,2320.31,2330.71,2294.7,2311.56,9611.475506229996
2026-03-17 05:00:00+00:00,2312.01,2318.7,2297.5,2307.73,5028.873457900004
2026-03-17 06:00:00+00:00,2307.47,2324.37,2297.9,2315.68,8002.020075809997
2026-03-17 07:00:00+00:00,2315.59,2338.37,2314.6,2328.05,5611.245237770001
2026-03-17 08:00:00+00:00,2328.03,2335.92,2316.4,2320.99,5458.128139359999
2026-03-17 09:00:00+00:00,2321.0,2329.72,2306.9,2316.32,8243.304748489998
2026-03-17 10:00:00+00:00,2316.32,2317.56,2304.0,2313.47,5279.907708349996
2026-03-17 11:00:00+00:00,2313.47,2333.92,2311.2,2327.41,7515.832876969996
2026-03-17 12:00:00+00:00,2327.45,2336.19,2312.14,2314.9,6768.754836430001
2026-03-17 13:00:00+00:00,2315.89,2348.15,2313.0,2328.94,14557.144536889982
2026-03-17 14:00:00+00:00,2329.34,2350.0,2318.91,2344.6,21733.796865299948
2026-03-17 15:00:00+00:00,2344.47,2359.45,2304.27,2316.49,19065.95760859998
2026-03-17 16:00:00+00:00,2316.74,2338.9,2312.79,2327.36,13178.128652669991
2026-03-17 17:00:00+00:00,2327.99,2344.09,2320.9,2341.37,15097.291950669993
2026-03-17 18:00:00+00:00,2341.03,2344.03,2327.7,2333.54,9927.835785919991
2026-03-17 19:00:00+00:00,2333.55,2341.09,2316.2,2320.91,14558.016506329996
2026-03-17 20:00:00+00:00,2320.61,2331.01,2317.6,2328.89,6175.183902399995
2026-03-17 21:00:00+00:00,2328.93,2345.75,2327.5,2339.04,5757.73875685
2026-03-17 22:00:00+00:00,2339.22,2343.36,2317.9,2330.42,5847.590641519974
2026-03-17 23:00:00+00:00,2330.41,2334.09,2316.8,2318.03,5733.999737829999
2026-03-18 00:00:00+00:00,2318.15,2327.06,2307.3,2325.38,5931.867952189996
2026-03-18 01:00:00+00:00,2324.99,2336.53,2323.4,2325.82,4369.341981479999
2026-03-18 02:00:00+00:00,2325.82,2342.44,2324.6,2332.61,3644.0231665399983
2026-03-18 03:00:00+00:00,2332.11,2351.09,2328.4,2341.7,6200.928555839996
2026-03-18 04:00:00+00:00,2341.6,2343.14,2326.0,2328.26,4020.316728929998
2026-03-18 05:00:00+00:00,2328.33,2332.2,2313.4,2319.31,3560.8868038199976
2026-03-18 06:00:00+00:00,2319.37,2332.14,2317.7,2323.32,2112.06483448
2026-03-18 07:00:00+00:00,2323.75,2324.1,2311.8,2318.25,1715.62011945
2026-03-18 08:00:00+00:00,2318.23,2325.95,2316.9,2323.4,2118.89708195
2026-03-18 09:00:00+00:00,2323.4,2334.5,2321.2,2329.9,2580.888121289999
2026-03-18 10:00:00+00:00,2329.86,2332.48,2307.5,2313.74,4387.406337729997
2026-03-18 11:00:00+00:00,2313.69,2319.44,2262.51,2269.8,13380.964848889997
2026-03-18 12:00:00+00:00,2269.79,2271.19,2235.0,2238.0,18046.85244973999
2026-03-18 13:00:00+00:00,2238.09,2245.15,2223.5,2235.99,13135.269124899993
2026-03-18 14:00:00+00:00,2236.0,2237.5,2187.1,2190.8,19690.286805049986
2026-03-18 15:00:00+00:00,2191.34,2197.05,2170.0,2187.56,19794.22607696998
2026-03-18 16:00:00+00:00,2188.04,2191.17,2166.39,2181.3,18746.78199660997
2026-03-18 17:00:00+00:00,2181.3,2212.81,2176.7,2203.74,13782.417728269997
2026-03-18 18:00:00+00:00,2204.53,2220.57,2175.27,2180.93,24062.918471390003
2026-03-18 19:00:00+00:00,2180.93,2197.21,2178.9,2185.91,13399.585738169995
2026-03-18 20:00:00+00:00,2185.9,2194.6,2153.0,2187.28,13424.485410379992
2026-03-18 21:00:00+00:00,2187.28,2207.23,2185.52,2202.93,6279.59128708
2026-03-18 22:00:00+00:00,2202.92,2203.73,2187.51,2194.64,4839.382287570002
2026-03-18 23:00:00+00:00,2194.45,2206.88,2188.81,2203.47,8837.693750339995
2026-03-19 00:00:00+00:00,2203.61,2208.4,2190.51,2193.22,5370.259643429998
2026-03-19 01:00:00+00:00,2193.22,2202.2,2187.11,2196.9,3798.4037240900007
2026-03-19 02:00:00+00:00,2197.24,2205.53,2188.99,2197.07,5488.990626150001
2026-03-19 03:00:00+00:00,2197.16,2233.88,2196.8,2212.3,8399.568437549997
2026-03-19 04:00:00+00:00,2212.59,2213.51,2190.43,2193.39,5503.739402560001
2026-03-19 05:00:00+00:00,2193.4,2198.34,2186.0,2189.07,2459.709560719999
2026-03-19 06:00:00+00:00,2189.33,2195.62,2177.47,2180.52,3012.1242229899995
2026-03-19 07:00:00+00:00,2180.66,2182.16,2143.21,2166.7,11533.78339739
2026-03-19 08:00:00+00:00,2166.71,2171.43,2157.85,2160.9,5566.535597939999
2026-03-19 09:00:00+00:00,2160.96,2191.63,2160.21,2189.2,11665.05879852
2026-03-19 10:00:00+00:00,2189.62,2192.4,2172.2,2172.4,3795.89784362
2026-03-19 11:00:00+00:00,2173.01,2177.6,2165.4,2167.15,5410.641155290001
2026-03-19 12:00:00+00:00,2166.76,2167.4,2129.82,2132.46,15547.09070665
2026-03-19 13:00:00+00:00,2132.45,2143.69,2111.09,2137.99,22874.129907910003
2026-03-19 14:00:00+00:00,2137.74,2147.74,2100.0,2121.19,18601.0705008
2026-03-19 15:00:00+00:00,2121.11,2137.31,2098.94,2118.73,17659.611863570008
2026-03-19 16:00:00+00:00,2119.24,2122.41,2106.15,2115.5,15816.46854103
2026-03-19 17:00:00+00:00,2115.36,2131.85,2103.97,2127.28,15002.141686909998
2026-03-19 18:00:00+00:00,2127.13,2129.6,2113.76,2125.17,7089.262542210001
2026-03-19 19:00:00+00:00,2125.15,2157.54,2124.97,2140.86,22754.72002112001
2026-03-19 20:00:00+00:00,2140.86,2153.14,2139.02,2146.45,6926.1823557200005
2026-03-19 21:00:00+00:00,2146.63,2156.1,2145.18,2149.91,12846.567786409996
2026-03-19 22:00:00+00:00,2150.21,2152.79,2133.3,2140.35,6552.258180300001
2026-03-19 23:00:00+00:00,2140.27,2147.8,2131.01,2137.29,7682.791683289996
2026-03-20 00:00:00+00:00,2137.75,2149.4,2134.79,2145.68,3613.68811414
2026-03-20 01:00:00+00:00,2145.71,2161.41,2145.05,2151.13,5527.741831680001
2026-03-20 02:00:00+00:00,2151.29,2152.4,2132.53,2144.75,5088.773797329999
2026-03-20 03:00:00+00:00,2144.74,2157.5,2143.76,2151.44,4612.18775404
2026-03-20 04:00:00+00:00,2151.49,2159.43,2139.56,2148.6,4526.847518320004
2026-03-20 05:00:00+00:00,2148.31,2151.63,2137.37,2140.56,5106.942980680002
2026-03-20 06:00:00+00:00,2140.51,2141.8,2131.73,2136.54,3248.52653993
2026-03-20 07:00:00+00:00,2136.72,2154.21,2121.23,2150.33,16431.35631378
2026-03-20 08:00:00+00:00,2150.32,2176.67,2146.34,2163.87,7618.309665250003
2026-03-20 09:00:00+00:00,2164.4,2164.4,2133.1,2140.96,7526.564240679999
2026-03-20 10:00:00+00:00,2141.0,2150.64,2131.02,2148.2,6191.550564720001
2026-03-20 11:00:00+00:00,2148.26,2158.8,2134.0,2141.51,5889.67668526
2026-03-20 12:00:00+00:00,2141.23,2153.5,2135.03,2141.02,6782.170624730002
2026-03-20 13:00:00+00:00,2141.24,2153.2,2122.88,2126.82,14865.765661399995
2026-03-20 14:00:00+00:00,2126.82,2148.0,2116.55,2128.77,23222.98620945001
2026-03-20 15:00:00+00:00,2128.66,2138.83,2119.49,2133.49,11327.757726870002
2026-03-20 16:00:00+00:00,2133.57,2145.3,2129.82,2136.84,8275.183437540003
2026-03-20 17:00:00+00:00,2136.84,2142.0,2118.57,2136.8,13947.06324013
2026-03-20 18:00:00+00:00,2136.63,2138.0,2116.5,2122.68,8165.892567999997
2026-03-20 19:00:00+00:00,2122.71,2135.7,2115.85,2132.24,12727.17972228
2026-03-20 20:00:00+00:00,2132.59,2137.3,2123.51,2133.13,7824.826899760002
2026-03-20 21:00:00+00:00,2133.16,2158.7,2130.4,2147.56,10405.347943950002
2026-03-20 22:00:00+00:00,2147.53,2169.2,2147.53,2154.51,6620.764710779997
2026-03-20 23:00:00+00:00,2154.5,2156.3,2142.92,2146.71,2728.8468294699983
2026-03-21 00:00:00+00:00,2146.05,2156.8,2143.81,2153.02,2622.7072410899987
2026-03-21 01:00:00+00:00,2152.87,2160.0,2146.66,2146.88,2996.9224949099994
2026-03-21 02:00:00+00:00,2147.13,2156.8,2145.01,2154.51,3189.681416359999
2026-03-21 03:00:00+00:00,2154.57,2156.3,2150.4,2152.9,1370.59619371
2026-03-21 04:00:00+00:00,2153.08,2158.4,2150.0,2151.33,1464.9195295999996
2026-03-21 05:00:00+00:00,2151.32,2158.2,2151.22,2152.68,2306.453075790001
2026-03-21 06:00:00+00:00,2152.92,2156.5,2151.74,2156.0,1163.0327086899997
2026-03-21 07:00:00+00:00,2155.23,2162.0,2153.37,2155.44,1967.98798284
2026-03-21 08:00:00+00:00,2155.13,2157.4,2149.11,2153.7,1084.3754384999995
2026-03-21 09:00:00+00:00,2154.11,2159.2,2153.06,2158.39,1035.53018318
2026-03-21 10:00:00+00:00,2158.39,2159.7,2152.64,2154.02,1169.97321354
2026-03-21 11:00:00+00:00,2153.76,2157.91,2152.55,2156.97,876.5809252899998
2026-03-21 12:00:00+00:00,2156.89,2160.3,2156.05,2157.45,962.10160617
2026-03-21 13:00:00+00:00,2157.41,2159.54,2154.1,2155.55,1193.0969744599995
2026-03-21 14:00:00+00:00,2155.54,2167.9,2148.98,2151.97,3463.0808869699995
2026-03-21 15:00:00+00:00,2151.99,2157.63,2146.18,2155.05,3031.0005623200004
2026-03-21 16:00:00+00:00,2154.79,2155.5,2143.99,2146.4,2972.9119122
2026-03-21 17:00:00+00:00,2146.19,2150.6,2141.76,2148.17,1153.49081094
2026-03-21 18:00:00+00:00,2148.18,2155.44,2147.31,2151.05,1284.5112530199997
2026-03-21 19:00:00+00:00,2151.06,2153.5,2148.85,2152.1,932.6237343600004
2026-03-21 20:00:00+00:00,2152.16,2156.8,2150.0,2155.38,1898.7539271
2026-03-21 21:00:00+00:00,2155.53,2157.2,2152.0,2153.4,1241.7358878200005
2026-03-21 22:00:00+00:00,2153.94,2154.0,2149.04,2150.1,1227.7703865
2026-03-21 23:00:00+00:00,2149.4,2150.0,2070.71,2077.56,15458.611579039998
2026-03-22 00:00:00+00:00,2085.44,2095.18,2050.0,2087.8,17653.71855671
2026-03-22 01:00:00+00:00,2087.45,2094.07,2081.57,2091.42,5373.061786840001
2026-03-22 02:00:00+00:00,2091.14,2109.8,2087.73,2102.22,5348.72320105
2026-03-22 03:00:00+00:00,2101.88,2127.1,2097.94,2113.65,4160.656895759998
2026-03-22 04:00:00+00:00,2113.8,2122.91,2106.12,2119.13,4004.8452368900007
2026-03-22 05:00:00+00:00,2118.92,2120.3,2112.0,2112.61,3008.72740667
2026-03-22 06:00:00+00:00,2112.48,2113.01,2107.05,2108.28,1992.1056085900004
2026-03-22 07:00:00+00:00,2108.2,2112.1,2092.71,2093.22,3649.56456444
2026-03-22 08:00:00+00:00,2093.56,2095.8,2073.82,2086.2,4897.74981594
2026-03-22 09:00:00+00:00,2086.2,2096.3,2079.09,2085.5,5255.605371850002
2026-03-22 10:00:00+00:00,2084.77,2087.1,2076.66,2081.25,1870.27466237
2026-03-22 11:00:00+00:00,2081.18,2083.67,2066.5,2069.59,8472.535076809998
2026-03-22 12:00:00+00:00,2069.66,2088.28,2067.94,2082.09,2947.70011148
2026-03-22 13:00:00+00:00,2082.32,2092.5,2072.65,2079.2,4468.843387190001
2026-03-22 14:00:00+00:00,2078.43,2085.3,2071.56,2077.95,4274.955571160001
2026-03-22 15:00:00+00:00,2078.12,2084.8,2075.75,2083.09,3254.9348594700004
2026-03-22 16:00:00+00:00,2082.85,2084.8,2076.8,2082.16,2706.58311432
2026-03-22 17:00:00+00:00,2082.74,2084.9,2077.56,2079.51,2746.2255955900005
2026-03-22 18:00:00+00:00,2080.04,2080.8,2056.84,2071.8,6354.870746560002
2026-03-22 19:00:00+00:00,2072.08,2073.2,2053.95,2063.7,10324.2375446
2026-03-22 20:00:00+00:00,2062.98,2072.2,2055.1,2058.45,7653.553120199997
2026-03-22 21:00:00+00:00,2058.41,2061.0,2025.3,2045.84,18748.43179445
2026-03-22 22:00:00+00:00,2045.84,2067.23,2032.01,2062.48,10218.67382402
2026-03-22 23:00:00+00:00,2062.53,2074.3,2050.66,2052.87,5812.805168099999
2026-03-23 00:00:00+00:00,2053.36,2063.0,2034.63,2042.81,15003.10759584
2026-03-23 01:00:00+00:00,2042.79,2063.1,2038.74,2046.91,10653.470623050003
2026-03-23 02:00:00+00:00,2047.19,2070.8,2045.79,2062.53,10151.753147119996
2026-03-23 03:00:00+00:00,2063.0,2073.0,2051.15,2051.9,3853.92016336
2026-03-23 04:00:00+00:00,2052.11,2067.1,2049.93,2065.13,3723.558564109999
2026-03-23 05:00:00+00:00,2065.6,2072.41,2059.85,2068.51,4494.06632907
2026-03-23 06:00:00+00:00,2068.47,2069.9,2027.09,2037.5,10020.36776367
2026-03-23 07:00:00+00:00,2036.74,2050.1,2022.32,2044.17,8035.3087014
2026-03-23 08:00:00+00:00,2044.25,2058.8,2043.37,2047.44,8673.39041505
2026-03-23 09:00:00+00:00,2047.68,2049.13,2027.52,2043.14,5228.723432060001
2026-03-23 10:00:00+00:00,2042.92,2054.26,2039.67,2048.3,5110.033748560001
2026-03-23 11:00:00+00:00,2048.31,2200.02,2048.29,2134.19,61308.81704736999
2026-03-23 12:00:00+00:00,2134.07,2148.4,2107.48,2143.58,25451.01612505
2026-03-23 13:00:00+00:00,2143.98,2189.08,2139.61,2185.54,23918.330151949995
2026-03-23 14:00:00+00:00,2185.4,2192.8,2167.77,2181.08,19116.26942157
2026-03-23 15:00:00+00:00,2181.09,2188.2,2124.0,2127.76,24696.08767711
2026-03-23 16:00:00+00:00,2128.5,2143.1,2116.43,2135.86,26256.383735610005
2026-03-23 17:00:00+00:00,2135.85,2159.2,2123.65,2152.43,12533.54127846
2026-03-23 18:00:00+00:00,2152.41,2171.17,2145.02,2169.8,16897.011991479998
2026-03-23 19:00:00+00:00,2168.08,2179.1,2150.26,2153.78,14903.79231987
2026-03-23 20:00:00+00:00,2153.8,2166.8,2149.67,2161.12,5384.46047959
2026-03-23 21:00:00+00:00,2161.27,2164.1,2153.82,2157.69,3953.030773009999
2026-03-23 22:00:00+00:00,2157.58,2159.8,2143.31,2153.0,4567.088316920001
2026-03-23 23:00:00+00:00,2152.2,2154.4,2140.01,2152.3,4782.0941686800015
2026-03-24 00:00:00+00:00,2151.7,2156.8,2129.7,2143.04,14491.145632519994
2026-03-24 01:00:00+00:00,2143.04,2150.0,2124.65,2137.21,8987.581816160002
2026-03-24 02:00:00+00:00,2137.76,2146.0,2131.82,2135.21,5950.255689750001
2026-03-24 03:00:00+00:00,2135.8,2143.4,2130.0,2141.09,2678.5198170400004
2026-03-24 04:00:00+00:00,2141.45,2152.4,2130.9,2135.53,3383.05674325
2026-03-24 05:00:00+00:00,2135.99,2138.3,2127.86,2132.87,3189.99903105
2026-03-24 06:00:00+00:00,2132.87,2147.2,2130.97,2144.61,4154.678906640001
2026-03-24 07:00:00+00:00,2144.9,2171.28,2143.51,2165.14,8041.234813190001
2026-03-24 08:00:00+00:00,2165.49,2167.44,2151.51,2154.57,5230.3218019
2026-03-24 09:00:00+00:00,2154.57,2167.2,2146.55,2164.55,5113.804849620001
2026-03-24 10:00:00+00:00,2164.74,2165.0,2154.71,2161.14,3730.38383804
2026-03-24 11:00:00+00:00,2160.89,2175.42,2151.6,2165.55,5789.822647530001
2026-03-24 12:00:00+00:00,2165.54,2169.91,2158.21,2162.0,3551.47001531
2026-03-24 13:00:00+00:00,2162.27,2165.44,2129.67,2138.04,15755.89484686
2026-03-24 14:00:00+00:00,2137.63,2148.74,2118.97,2132.87,19539.78090468
2026-03-24 15:00:00+00:00,2133.12,2147.18,2130.4,2133.89,12102.546587860004
2026-03-24 16:00:00+00:00,2134.66,2140.4,2119.21,2126.88,10620.9620747
2026-03-24 17:00:00+00:00,2126.77,2128.6,2099.58,2109.0,25680.78121346
2026-03-24 18:00:00+00:00,2108.19,2127.2,2104.14,2118.26,11536.124601070002
2026-03-24 19:00:00+00:00,2118.16,2127.77,2112.04,2115.39,10849.38214291
2026-03-24 20:00:00+00:00,2115.36,2154.1,2114.04,2147.68,13912.55545538
2026-03-24 21:00:00+00:00,2148.02,2151.5,2139.29,2147.58,9384.651755399998
2026-03-24 22:00:00+00:00,2147.78,2157.14,2139.02,2144.48,7034.03094389
2026-03-24 23:00:00+00:00,2144.49,2166.7,2141.22,2155.46,6002.005679249997
2026-03-25 00:00:00+00:00,2155.55,2169.0,2145.64,2160.62,8435.680176010002
2026-03-25 01:00:00+00:00,2160.56,2166.82,2155.72,2155.98,5106.740362040001
2026-03-25 02:00:00+00:00,2155.89,2161.4,2150.43,2154.73,4683.191749919999
2026-03-25 03:00:00+00:00,2154.73,2160.56,2145.64,2157.6,4927.617624180002
2026-03-25 04:00:00+00:00,2158.86,2167.5,2155.64,2165.8,2542.66048227
2026-03-25 05:00:00+00:00,2165.54,2179.8,2163.54,2168.6,4681.19517441
2026-03-25 06:00:00+00:00,2168.22,2172.94,2162.33,2163.2,3880.2990937700006
2026-03-25 07:00:00+00:00,2163.21,2177.07,2159.26,2164.26,8282.01235455
2026-03-25 08:00:00+00:00,2164.19,2190.86,2164.02,2176.03,12662.491626210009
2026-03-25 09:00:00+00:00,2175.97,2189.07,2174.39,2186.6,5154.304041020001
2026-03-25 10:00:00+00:00,2186.6,2188.86,2180.82,2184.88,3049.7667729700006
2026-03-25 11:00:00+00:00,2184.92,2199.81,2179.85,2186.24,10035.036994999997
2026-03-25 12:00:00+00:00,2186.24,2195.0,2163.14,2183.01,10531.401198409998
2026-03-25 13:00:00+00:00,2183.1,2198.32,2179.21,2184.31,13305.43465593
2026-03-25 14:00:00+00:00,2184.11,2188.26,2172.15,2173.26,11506.315098969995
2026-03-25 15:00:00+00:00,2173.89,2177.23,2145.8,2161.91,19497.57289352
2026-03-25 16:00:00+00:00,2161.9,2192.96,2155.01,2173.43,16403.83390597
2026-03-25 17:00:00+00:00,2174.09,2176.33,2159.09,2163.25,12122.298907840008
2026-03-25 18:00:00+00:00,2163.59,2173.29,2156.94,2161.55,6461.681584649998
2026-03-25 19:00:00+00:00,2161.54,2176.19,2158.13,2172.0,13685.194404959995
2026-03-25 20:00:00+00:00,2172.28,2172.6,2158.58,2166.27,6046.882400650002
2026-03-25 21:00:00+00:00,2166.27,2169.07,2161.38,2163.35,2043.71860505
2026-03-25 22:00:00+00:00,2163.65,2183.13,2160.94,2173.8,9964.61790035
2026-03-25 23:00:00+00:00,2173.8,2176.78,2162.0,2167.81,14203.812784859994
2026-03-26 00:00:00+00:00,2167.98,2173.0,2161.32,2165.72,8773.833764390001
2026-03-26 01:00:00+00:00,2165.55,2168.85,2158.7,2164.4,4037.8697188400015
2026-03-26 02:00:00+00:00,2164.0,2165.17,2142.51,2148.66,5683.8772211
2026-03-26 03:00:00+00:00,2148.7,2154.53,2143.45,2152.14,3135.890731190001
2026-03-26 04:00:00+00:00,2152.53,2154.11,2145.66,2148.31,2898.140817630001
2026-03-26 05:00:00+00:00,2148.31,2150.09,2112.5,2118.31,9127.973066919998
2026-03-26 06:00:00+00:00,2118.67,2124.08,2110.68,2120.93,6956.2282938200005
2026-03-26 07:00:00+00:00,2121.06,2124.56,2111.72,2122.4,4104.04823596
2026-03-26 08:00:00+00:00,2122.4,2126.1,2112.76,2118.46,7292.283858630002
2026-03-26 09:00:00+00:00,2118.46,2122.06,2073.33,2081.76,19521.86782042
2026-03-26 10:00:00+00:00,2081.1,2083.04,2068.98,2077.89,8896.046194429999
2026-03-26 11:00:00+00:00,2077.49,2081.0,2062.21,2067.4,7324.399732690001
2026-03-26 12:00:00+00:00,2067.48,2074.77,2064.61,2072.56,7338.350039170001
2026-03-26 13:00:00+00:00,2073.01,2093.3,2068.47,2080.08,18893.182685
2026-03-26 14:00:00+00:00,2080.17,2086.19,2065.47,2074.99,16740.231027359998
2026-03-26 15:00:00+00:00,2075.18,2076.5,2050.8,2068.61,18589.944330059992
2026-03-26 16:00:00+00:00,2069.38,2070.9,2058.01,2059.21,14953.471249910004
2026-03-26 17:00:00+00:00,2059.31,2070.0,2044.32,2047.68,13567.933554049996
2026-03-26 18:00:00+00:00,2047.77,2054.9,2032.63,2045.29,17223.913526689998
2026-03-26 19:00:00+00:00,2045.39,2053.61,2037.69,2047.36,9926.29635322
2026-03-26 20:00:00+00:00,2047.18,2078.93,2044.65,2063.31,16403.351043969997
2026-03-26 21:00:00+00:00,2063.86,2076.42,2058.71,2066.72,5124.2682173500025
2026-03-26 22:00:00+00:00,2067.61,2072.3,2053.18,2064.43,6324.325499700001
2026-03-26 23:00:00+00:00,2064.44,2069.2,2054.53,2059.02,6957.008070219998
2026-03-27 00:00:00+00:00,2058.74,2067.7,2055.11,2063.58,4711.378363070002
2026-03-27 01:00:00+00:00,2064.03,2074.54,2061.88,2074.0,5338.77691763
2026-03-27 02:00:00+00:00,2072.9,2076.5,2064.96,2066.97,3382.0299061799983
2026-03-27 03:00:00+00:00,2067.19,2069.0,2057.65,2061.2,3349.423384530001
2026-03-27 04:00:00+00:00,2060.32,2061.76,2042.01,2051.67,7023.938119350003
2026-03-27 05:00:00+00:00,2051.67,2065.8,2050.62,2059.87,3220.3667467400014
2026-03-27 06:00:00+00:00,2060.25,2067.5,2057.15,2061.36,4487.886514649999
2026-03-27 07:00:00+00:00,2061.54,2072.57,2058.79,2064.28,10994.11076085
2026-03-27 08:00:00+00:00,2064.3,2068.0,2032.68,2046.22,11752.63380113
2026-03-27 09:00:00+00:00,2046.22,2050.8,2034.79,2039.71,5500.488145850001
2026-03-27 10:00:00+00:00,2039.8,2044.3,1982.4,1989.84,23860.13753934
2026-03-27 11:00:00+00:00,1990.02,1997.9,1980.57,1990.49,11940.18133775
2026-03-27 12:00:00+00:00,1990.53,1993.69,1980.79,1988.71,10451.6087191
2026-03-27 13:00:00+00:00,1988.51,1996.95,1965.77,1977.92,22394.72508626999
2026-03-27 14:00:00+00:00,1977.91,1989.06,1970.24,1987.92,17330.451502570002
2026-03-27 15:00:00+00:00,1987.87,2010.34,1981.2,1989.33,21140.04443877
2026-03-27 16:00:00+00:00,1989.34,1991.39,1978.39,1985.37,19385.05934527001
2026-03-27 17:00:00+00:00,1986.81,1997.2,1973.0,1975.4,16796.02651941
2026-03-27 18:00:00+00:00,1975.39,1985.95,1971.06,1982.73,14162.34681146
2026-03-27 19:00:00+00:00,1982.63,1996.51,1977.0,1989.38,8950.61160887
2026-03-27 20:00:00+00:00,1989.7,1996.07,1978.45,1984.41,7312.166967459999
2026-03-27 21:00:00+00:00,1984.59,1990.63,1982.83,1985.4,2554.6437427500005
2026-03-27 22:00:00+00:00,1984.11,1987.86,1980.0,1984.0,3410.80038449
2026-03-27 23:00:00+00:00,1984.05,1993.46,1979.18,1991.75,2266.14305665
2026-03-28 00:00:00+00:00,1991.48,1995.1,1988.26,1991.13,2451.77954146
2026-03-28 01:00:00+00:00,1991.31,1992.5,1983.22,1989.03,2161.19822787
2026-03-28 02:00:00+00:00,1989.03,1993.3,1981.05,1986.09,1865.4413363
2026-03-28 03:00:00+00:00,1986.09,1991.36,1985.4,1989.0,1030.12396442
2026-03-28 04:00:00+00:00,1988.08,1992.36,1985.72,1989.36,1335.1021718500003
2026-03-28 05:00:00+00:00,1990.3,1995.0,1986.55,1994.0,1336.52128949
2026-03-28 06:00:00+00:00,1992.95,2007.62,1991.6,1999.3,6197.122643339998
2026-03-28 07:00:00+00:00,1999.57,2008.1,1998.94,2005.61,3637.55561192
2026-03-28 08:00:00+00:00,2005.68,2008.13,1996.8,1997.81,1348.6594259899998
2026-03-28 09:00:00+00:00,1997.89,1999.8,1994.09,1997.94,994.9870344100002
2026-03-28 10:00:00+00:00,1998.12,2004.4,1987.74,1995.2,1245.5910649599998
2026-03-28 11:00:00+00:00,1995.19,2000.5,1994.27,1996.27,1097.4209034000005
2026-03-28 12:00:00+00:00,1996.2,2003.6,1990.51,1999.5,2720.280366090001
2026-03-28 13:00:00+00:00,1998.33,2047.2,1997.65,2024.95,12318.641078040002
2026-03-28 14:00:00+00:00,2024.95,2028.9,2014.48,2019.72,3999.3384300100006
2026-03-28 15:00:00+00:00,2019.36,2039.4,2017.14,2025.43,5268.4498816000005
2026-03-28 16:00:00+00:00,2025.43,2030.3,2019.71,2023.29,2916.60942049
2026-03-28 17:00:00+00:00,2023.29,2027.02,2014.99,2019.66,2364.32787999
2026-03-28 18:00:00+00:00,2019.66,2024.4,2018.7,2020.16,2126.71001695
2026-03-28 19:00:00+00:00,2020.24,2022.5,2015.84,2019.12,1586.36717874
2026-03-28 20:00:00+00:00,2019.23,2026.43,2018.9,2023.04,6325.017184659998
2026-03-28 21:00:00+00:00,2023.04,2025.51,2005.45,2008.01,3257.9777995800005
2026-03-28 22:00:00+00:00,2008.26,2012.9,2003.7,2010.2,2599.2180854900007
2026-03-28 23:00:00+00:00,2010.21,2011.5,1986.55,1992.68,6247.813414120003
2026-03-29 00:00:00+00:00,1993.06,1999.15,1990.02,1997.54,2857.491018540001
2026-03-29 01:00:00+00:00,1997.7,2007.24,1996.03,2003.62,3908.014174769999
2026-03-29 02:00:00+00:00,2003.63,2010.7,2000.9,2007.5,2268.67444452
2026-03-29 03:00:00+00:00,2007.65,2018.9,2005.3,2009.42,2202.1732994800004
2026-03-29 04:00:00+00:00,2009.73,2012.4,2002.56,2004.02,1519.3276003699998
2026-03-29 05:00:00+00:00,2004.39,2007.5,1995.76,2003.45,2529.8394164200004
2026-03-29 06:00:00+00:00,2003.86,2008.0,1998.36,2004.9,1469.8095859799996
2026-03-29 07:00:00+00:00,2002.96,2009.05,1998.4,2004.25,2001.61299491
2026-03-29 08:00:00+00:00,2005.9,2007.44,2000.89,2002.63,890.0483926200001
2026-03-29 09:00:00+00:00,2002.62,2005.3,1993.25,1997.36,2393.71633916
2026-03-29 10:00:00+00:00,1997.35,1999.05,1989.41,1996.53,2001.38044041
2026-03-29 11:00:00+00:00,1994.74,2008.13,1993.76,2002.4,1779.7652317200004
2026-03-29 12:00:00+00:00,2002.4,2004.6,1996.21,2000.36,1405.69610219
2026-03-29 13:00:00+00:00,2000.28,2002.02,1981.94,1985.49,4122.538961259999
2026-03-29 14:00:00+00:00,1987.1,2001.61,1981.9,1992.44,3361.37015718
2026-03-29 15:00:00+00:00,1992.63,1998.3,1984.82,1992.3,5670.92043278
2026-03-29 16:00:00+00:00,1991.32,2003.6,1990.25,1996.06,4105.88418801
2026-03-29 17:00:00+00:00,1998.2,1999.6,1985.9,1993.47,2860.12693853
2026-03-29 18:00:00+00:00,1993.69,2001.6,1989.61,1995.72,2556.98879986
2026-03-29 19:00:00+00:00,1995.76,1999.75,1992.72,1994.24,1155.12827164
2026-03-29 20:00:00+00:00,1994.25,2009.2,1993.9,2000.77,3156.8240165800016
2026-03-29 21:00:00+00:00,2001.06,2007.2,1999.93,2004.83,1676.64408382
2026-03-29 22:00:00+00:00,2004.81,2006.6,1936.7,1972.23,17775.349469069995
2026-03-29 23:00:00+00:00,1972.24,1993.4,1972.0,1983.05,11897.690681969998
2026-03-30 00:00:00+00:00,1983.04,2023.56,1978.46,1995.48,20679.84799568
2026-03-30 01:00:00+00:00,1995.67,2016.3,1995.25,2010.6,9428.46316828
2026-03-30 02:00:00+00:00,2008.64,2043.1,2005.83,2028.08,15392.713254780005
2026-03-30 03:00:00+00:00,2028.01,2041.99,2025.84,2034.32,7767.92656595
2026-03-30 04:00:00+00:00,2034.4,2053.2,2033.99,2046.59,5619.05520673
2026-03-30 05:00:00+00:00,2046.68,2059.2,2043.7,2045.98,6541.796245460002
2026-03-30 06:00:00+00:00,2046.11,2052.3,2039.23,2040.8,4784.7566093000005
2026-03-30 07:00:00+00:00,2040.71,2067.7,2039.94,2057.83,5857.605819970002
2026-03-30 08:00:00+00:00,2057.7,2077.35,2056.49,2061.9,6794.65971401
2026-03-30 09:00:00+00:00,2061.11,2063.09,2052.31,2053.69,6476.566429639996
2026-03-30 10:00:00+00:00,2053.7,2058.29,2046.34,2056.4,4563.787494569999
2026-03-30 11:00:00+00:00,2056.5,2081.3,2056.04,2069.16,15268.981739089995
2026-03-30 12:00:00+00:00,2069.89,2078.27,2067.74,2073.58,7476.475626230002
2026-03-30 13:00:00+00:00,2073.58,2086.7,2056.0,2059.3,19627.355221549995
2026-03-30 14:00:00+00:00,2059.3,2075.61,2042.51,2070.63,16223.007709559995
2026-03-30 15:00:00+00:00,2070.59,2079.18,2060.0,2073.56,10966.83781325
2026-03-30 16:00:00+00:00,2073.39,2074.91,2057.4,2064.8,10169.79899733
2026-03-30 17:00:00+00:00,2064.75,2071.25,2029.64,2039.66,16157.67199109
2026-03-30 18:00:00+00:00,2039.83,2043.58,2025.84,2030.44,13916.726828919998
2026-03-30 19:00:00+00:00,2030.64,2032.29,2010.96,2021.74,13651.503665420005
2026-03-30 20:00:00+00:00,2022.9,2027.87,2019.08,2021.53,10196.217109630004
2026-03-30 21:00:00+00:00,2021.54,2049.07,2019.3,2034.14,13441.196747949996
2026-03-30 22:00:00+00:00,2036.48,2043.9,2027.7,2031.31,4848.863856659998
2026-03-30 23:00:00+00:00,2031.31,2032.6,2012.11,2023.03,6817.45502089
2026-03-31 00:00:00+00:00,2024.58,2040.55,2014.12,2034.74,15494.163575860002
2026-03-31 01:00:00+00:00,2035.0,2090.39,2030.51,2071.31,14026.35371842
2026-03-31 02:00:00+00:00,2071.47,2081.9,2065.3,2071.8,4408.60747724
2026-03-31 03:00:00+00:00,2071.03,2076.37,2059.45,2065.2,4481.86909746
2026-03-31 04:00:00+00:00,2065.4,2072.28,2054.72,2059.0,3639.467175150002
2026-03-31 05:00:00+00:00,2059.0,2068.9,2053.14,2062.62,3358.96551425
2026-03-31 06:00:00+00:00,2064.62,2064.62,2053.4,2060.45,2408.0581764300005
2026-03-31 07:00:00+00:00,2060.68,2062.1,2040.66,2054.04,3976.0177630099993
2026-03-31 08:00:00+00:00,2054.09,2059.03,2033.96,2038.16,4298.07772388
2026-03-31 09:00:00+00:00,2038.14,2043.31,2010.09,2016.52,8530.999900020002
2026-03-31 10:00:00+00:00,2016.63,2029.64,2014.97,2024.29,5102.080797290002
2026-03-31 11:00:00+00:00,2024.3,2044.1,2021.08,2039.3,10462.297014580005
2026-03-31 12:00:00+00:00,2039.29,2057.74,2033.35,2045.92,8538.728860839996
2026-03-31 13:00:00+00:00,2045.91,2078.9,2045.7,2073.58,18256.705669870003
2026-03-31 14:00:00+00:00,2073.61,2090.97,2034.08,2043.54,32188.23728724
2026-03-31 15:00:00+00:00,2043.54,2077.9,2043.21,2053.2,13381.389222029997
2026-03-31 16:00:00+00:00,2052.92,2107.3,2052.6,2089.9,27317.71557869
2026-03-31 17:00:00+00:00,2089.67,2123.1,2086.59,2091.22,33605.96271399
2026-03-31 18:00:00+00:00,2091.21,2114.68,2091.0,2098.07,15299.259255650004
2026-03-31 19:00:00+00:00,2098.07,2104.08,2090.18,2094.7,13226.940405609996
2026-03-31 20:00:00+00:00,2094.53,2110.1,2094.53,2105.77,6910.098246739997
2026-03-31 21:00:00+00:00,2107.71,2107.9,2091.6,2100.57,4837.425648549999
2026-03-31 22:00:00+00:00,2100.57,2103.1,2085.92,2094.76,5970.23867095
2026-03-31 23:00:00+00:00,2094.76,2107.57,2091.05,2104.85,6635.6900005
2026-04-01 00:00:00+00:00,2103.41,2117.4,2094.9,2113.2,7430.269659959998
2026-04-01 01:00:00+00:00,2113.6,2115.74,2088.56,2091.04,6745.02793507
2026-04-01 02:00:00+00:00,2091.15,2096.15,2080.26,2086.69,5333.66160986
2026-04-01 03:00:00+00:00,2086.77,2106.2,2086.7,2100.92,5998.605573630002
2026-04-01 04:00:00+00:00,2100.92,2115.72,2097.89,2109.7,4061.63966505
2026-04-01 05:00:00+00:00,2109.7,2137.39,2104.8,2121.01,7710.813443520004
2026-04-01 06:00:00+00:00,2121.08,2155.3,2120.91,2150.86,10063.52049619
2026-04-01 07:00:00+00:00,2150.86,2157.24,2129.0,2130.02,7648.234333089999
2026-04-01 08:00:00+00:00,2129.86,2143.03,2124.2,2136.12,6208.44965818
2026-04-01 09:00:00+00:00,2136.12,2139.64,2127.23,2135.62,5329.82480073
2026-04-01 10:00:00+00:00,2135.62,2137.59,2125.4,2131.64,4053.607928089999
2026-04-01 11:00:00+00:00,2131.64,2139.0,2129.95,2134.2,4700.36888309
2026-04-01 12:00:00+00:00,2134.6,2148.78,2120.79,2129.5,11790.488779240002
2026-04-01 13:00:00+00:00,2129.7,2135.2,2107.1,2118.1,14756.223286840004
2026-04-01 14:00:00+00:00,2118.19,2131.5,2112.7,2126.37,13124.278531989996
2026-04-01 15:00:00+00:00,2126.37,2137.79,2121.3,2134.5,10471.984116170002
2026-04-01 16:00:00+00:00,2134.4,2153.6,2124.1,2145.78,14483.018131019997
2026-04-01 17:00:00+00:00,2146.05,2167.56,2132.8,2136.5,16264.544383179998
2026-04-01 18:00:00+00:00,2136.78,2137.39,2122.3,2128.59,15676.061796890002
2026-04-01 19:00:00+00:00,2128.25,2144.96,2127.1,2140.29,9445.06889663
2026-04-01 20:00:00+00:00,2140.47,2147.15,2129.6,2143.0,6723.731250660001
2026-04-01 21:00:00+00:00,2143.5,2165.1,2142.6,2156.8,8712.56737064
2026-04-01 22:00:00+00:00,2156.81,2158.5,2137.0,2139.98,6527.663861949999
2026-04-01 23:00:00+00:00,2140.1,2146.08,2134.5,2139.39,3305.78585478
2026-04-02 00:00:00+00:00,2140.06,2159.16,2135.7,2155.85,5582.6420777700005
2026-04-02 01:00:00+00:00,2155.2,2156.0,2088.8,2099.69,19912.04508617
2026-04-02 02:00:00+00:00,2099.52,2099.69,2063.53,2073.39,13715.803128459998
2026-04-02 03:00:00+00:00,2073.51,2076.2,2044.8,2055.2,8184.48041384
2026-04-02 04:00:00+00:00,2055.79,2058.16,2040.6,2044.33,5640.30008282
2026-04-02 05:00:00+00:00,2044.18,2051.6,2034.93,2049.5,5918.328589689998
2026-04-02 06:00:00+00:00,2049.8,2053.7,2044.6,2049.81,4261.3169819
2026-04-02 07:00:00+00:00,2049.8,2056.82,2043.4,2055.48,2687.0211660500004
2026-04-02 08:00:00+00:00,2055.48,2055.62,2044.4,2045.41,4162.99684768
2026-04-02 09:00:00+00:00,2045.41,2049.41,2038.42,2043.08,14498.834004320002
2026-04-02 10:00:00+00:00,2043.08,2044.38,2031.1,2038.19,7857.8996741599985
2026-04-02 11:00:00+00:00,2038.2,2039.9,2022.14,2032.06,8391.30548035
2026-04-02 12:00:00+00:00,2032.3,2032.63,2023.42,2026.0,7540.63093979
2026-04-02 13:00:00+00:00,2026.3,2042.1,2015.85,2038.21,19216.678753469994
2026-04-02 14:00:00+00:00,2038.31,2072.12,2031.56,2063.81,30527.775570829992
2026-04-02 15:00:00+00:00,2063.81,2067.95,2047.41,2059.02,17323.17818492
2026-04-02 16:00:00+00:00,2059.24,2076.32,2051.27,2062.84,13852.398726649995
2026-04-02 17:00:00+00:00,2062.79,2071.78,2044.1,2046.69,10940.26324702
2026-04-02 18:00:00+00:00,2046.84,2062.5,2043.1,2058.4,10401.762875969996
2026-04-02 19:00:00+00:00,2058.4,2067.11,2054.8,2065.45,12034.368320979996
2026-04-02 20:00:00+00:00,2065.52,2074.27,2060.6,2068.23,6116.492194639999
2026-04-02 21:00:00+00:00,2068.36,2070.6,2055.8,2063.49,4542.299396499999
2026-04-02 22:00:00+00:00,2063.11,2065.11,2052.13,2060.05,3498.05494477
2026-04-02 23:00:00+00:00,2060.1,2061.69,2053.5,2056.68,3493.9166386
2026-04-03 00:00:00+00:00,2056.78,2059.54,2049.5,2052.93,3045.728950479999
2026-04-03 01:00:00+00:00,2052.86,2062.3,2044.7,2050.37,4817.887479069999
2026-04-03 02:00:00+00:00,2050.21,2060.15,2040.0,2052.11,5985.760605660002
2026-04-03 03:00:00+00:00,2052.26,2057.26,2049.3,2053.5,3186.7340312
2026-04-03 04:00:00+00:00,2054.36,2057.7,2048.5,2054.29,2389.18703651
2026-04-03 05:00:00+00:00,2054.32,2064.65,2047.26,2056.85,3844.841941519999
2026-04-03 06:00:00+00:00,2056.86,2066.78,2054.1,2063.61,3028.3393257600005
2026-04-03 07:00:00+00:00,2063.61,2075.34,2061.3,2065.14,4120.47812155
2026-04-03 08:00:00+00:00,2065.14,2072.03,2058.0,2060.72,3218.930081759999
2026-04-03 09:00:00+00:00,2060.77,2063.97,2056.0,2060.95,1853.50727677
2026-04-03 10:00:00+00:00,2060.4,2060.97,2052.4,2059.75,2596.4643868399994
2026-04-03 11:00:00+00:00,2059.69,2064.94,2057.0,2062.71,1795.10171039
2026-04-03 12:00:00+00:00,2062.78,2082.3,2044.9,2049.84,6328.055219220001
2026-04-03 13:00:00+00:00,2049.84,2051.23,2040.6,2048.02,4205.04879321
2026-04-03 14:00:00+00:00,2047.89,2057.72,2044.6,2053.4,3559.76319776
2026-04-03 15:00:00+00:00,2054.29,2057.69,2048.4,2050.96,3980.248193640001
2026-04-03 16:00:00+00:00,2051.11,2056.5,2048.8,2053.9,2977.112396870001
2026-04-03 17:00:00+00:00,2054.44,2055.36,2043.39,2050.23,2858.032238780001
2026-04-03 18:00:00+00:00,2050.24,2053.48,2046.9,2049.04,3541.87819898
2026-04-03 19:00:00+00:00,2049.1,2054.18,2044.7,2051.1,5233.65348574
2026-04-03 20:00:00+00:00,2052.59,2055.14,2050.8,2052.76,2069.01520895
2026-04-03 21:00:00+00:00,2052.76,2060.79,2051.8,2058.4,2970.8295075599995
2026-04-03 22:00:00+00:00,2058.78,2059.56,2048.6,2051.83,2033.13564172
2026-04-03 23:00:00+00:00,2051.96,2054.09,2048.2,2053.47,2292.92748942
2026-04-04 00:00:00+00:00,2053.54,2053.85,2050.5,2052.12,2233.2849441400003
2026-04-04 01:00:00+00:00,2051.94,2053.73,2048.8,2051.09,1938.8087013499992
2026-04-04 02:00:00+00:00,2050.85,2053.22,2047.1,2049.95,1236.70864236
2026-04-04 03:00:00+00:00,2049.78,2052.04,2048.6,2049.7,1422.828497469999
2026-04-04 04:00:00+00:00,2049.9,2051.55,2047.4,2050.82,1150.8660615800004
2026-04-04 05:00:00+00:00,2050.66,2054.64,2049.4,2053.61,1251.0825691799996
2026-04-04 06:00:00+00:00,2053.61,2057.65,2051.7,2056.03,1347.0796066700002
2026-04-04 07:00:00+00:00,2056.18,2057.0,2050.3,2053.52,842.3134125199999
2026-04-04 08:00:00+00:00,2053.74,2055.5,2048.5,2050.32,586.4637141100001
2026-04-04 09:00:00+00:00,2049.85,2051.74,2048.2,2050.18,678.2318425400001
2026-04-04 10:00:00+00:00,2050.13,2054.69,2046.8,2053.9,1961.1644652600005
2026-04-04 11:00:00+00:00,2053.76,2054.94,2050.5,2051.68,898.8953196499999
2026-04-04 12:00:00+00:00,2051.68,2053.07,2047.6,2049.74,1510.6400180400003
2026-04-04 13:00:00+00:00,2049.38,2054.97,2049.0,2053.09,1372.50240486
2026-04-04 14:00:00+00:00,2053.08,2054.66,2043.9,2052.95,2127.6234844
2026-04-04 15:00:00+00:00,2052.87,2061.45,2051.83,2055.86,3422.1214538999984
2026-04-04 16:00:00+00:00,2055.97,2062.17,2052.7,2055.45,3270.8032834000005
2026-04-04 17:00:00+00:00,2055.98,2058.04,2052.5,2056.38,2786.8159463299994
2026-04-04 18:00:00+00:00,2056.61,2058.29,2054.4,2054.75,1107.8812146800003
2026-04-04 19:00:00+00:00,2054.96,2083.6,2054.62,2064.41,8629.022630070001
2026-04-04 20:00:00+00:00,2064.43,2064.79,2059.4,2062.47,2277.1481508
2026-04-04 21:00:00+00:00,2062.47,2071.27,2062.46,2068.3,2430.80297207
2026-04-04 22:00:00+00:00,2068.58,2071.87,2067.59,2068.7,1373.9902333199998
2026-04-04 23:00:00+00:00,2068.86,2069.0,2062.1,2065.51,2268.105910860001
2026-04-05 00:00:00+00:00,2065.19,2065.68,2058.98,2061.94,1155.14417225
2026-04-05 01:00:00+00:00,2061.94,2062.52,2056.64,2056.8,1471.02414534
2026-04-05 02:00:00+00:00,2057.11,2059.99,2053.6,2058.99,1705.6925579
2026-04-05 03:00:00+00:00,2059.19,2060.36,2054.71,2056.36,700.7285786599999
2026-04-05 04:00:00+00:00,2056.26,2058.76,2053.49,2054.62,960.58780618
2026-04-05 05:00:00+00:00,2054.5,2056.65,2046.61,2048.16,1250.25317199
2026-04-05 06:00:00+00:00,2048.35,2049.08,2026.93,2037.64,4757.129600179999
2026-04-05 07:00:00+00:00,2037.53,2042.68,2033.8,2036.3,1950.80927332
2026-04-05 08:00:00+00:00,2036.57,2039.73,2035.1,2038.3,1177.6906754499996
2026-04-05 09:00:00+00:00,2038.42,2046.13,2038.0,2043.6,810.8075240299997
2026-04-05 10:00:00+00:00,2043.99,2052.3,2041.7,2044.13,868.00532902
2026-04-05 11:00:00+00:00,2044.22,2045.56,2038.74,2041.29,1568.17401119
2026-04-05 12:00:00+00:00,2041.29,2041.92,2019.1,2027.88,4872.713770060001
2026-04-05 13:00:00+00:00,2027.96,2037.2,2024.97,2036.03,2629.474378000001
2026-04-05 14:00:00+00:00,2035.4,2043.3,2034.39,2038.05,2613.53107587
2026-04-05 15:00:00+00:00,2038.05,2069.0,2033.8,2053.47,6908.251905549999
2026-04-05 16:00:00+00:00,2053.45,2058.7,2049.4,2051.5,2297.4476258900004
2026-04-05 17:00:00+00:00,2052.13,2062.6,2047.7,2061.67,2627.1345673
2026-04-05 18:00:00+00:00,2061.51,2066.3,2056.2,2062.54,5386.34191916
2026-04-05 19:00:00+00:00,2062.0,2070.0,2057.4,2062.04,5317.560350410002
2026-04-05 20:00:00+00:00,2061.32,2075.11,2060.9,2068.74,6735.5281376
2026-04-05 21:00:00+00:00,2068.45,2069.13,2056.1,2059.64,3766.22551984
2026-04-05 22:00:00+00:00,2059.84,2088.3,2048.9,2085.03,8816.981530590001
2026-04-05 23:00:00+00:00,2085.92,2122.79,2081.41,2108.99,14659.348364630008
2026-04-06 00:00:00+00:00,2109.33,2134.5,2108.6,2121.54,13996.09230681
2026-04-06 01:00:00+00:00,2121.49,2124.37,2111.59,2114.6,7024.719407499998
2026-04-06 02:00:00+00:00,2114.3,2146.59,2113.64,2132.3,8240.466585379998
2026-04-06 03:00:00+00:00,2133.01,2137.17,2125.7,2128.75,3802.17075008
2026-04-06 04:00:00+00:00,2128.77,2134.25,2123.5,2130.29,2962.2277132200006
2026-04-06 05:00:00+00:00,2130.3,2134.27,2127.7,2130.5,1633.0584368799998
2026-04-06 06:00:00+00:00,2130.82,2138.68,2118.45,2126.79,5364.424649640001
2026-04-06 07:00:00+00:00,2126.95,2140.87,2121.9,2134.0,4121.93362292
2026-04-06 08:00:00+00:00,2134.89,2147.82,2132.3,2138.49,10070.985719399996
2026-04-06 09:00:00+00:00,2138.84,2174.86,2137.5,2150.2,20894.70028075001
2026-04-06 10:00:00+00:00,2151.27,2158.02,2148.1,2153.33,5908.237244760001
2026-04-06 11:00:00+00:00,2153.52,2154.03,2145.5,2151.73,5888.101457059998
2026-04-06 12:00:00+00:00,2151.72,2154.87,2141.0,2143.45,7773.162669070001
2026-04-06 13:00:00+00:00,2143.46,2150.11,2137.4,2146.23,14732.759223589996
2026-04-06 14:00:00+00:00,2144.9,2165.75,2136.9,2157.13,26428.57435282
2026-04-06 15:00:00+00:00,2156.89,2170.29,2154.7,2165.31,21516.04706819
2026-04-06 16:00:00+00:00,2164.77,2169.59,2139.9,2140.56,14151.823036309996
2026-04-06 17:00:00+00:00,2140.87,2141.42,2122.9,2134.63,16231.57237678
2026-04-06 18:00:00+00:00,2134.98,2149.62,2130.8,2145.46,9713.79834443
2026-04-06 19:00:00+00:00,2145.47,2146.4,2135.2,2144.12,10630.98971764
2026-04-06 20:00:00+00:00,2142.9,2155.73,2139.0,2149.4,8020.084787500002
2026-04-06 21:00:00+00:00,2149.4,2149.4,2136.5,2139.52,3808.9189017300014
2026-04-06 22:00:00+00:00,2138.3,2141.3,2103.28,2105.4,10850.54545217
2026-04-06 23:00:00+00:00,2105.38,2111.55,2085.7,2107.23,13696.111422160004
2026-04-07 00:00:00+00:00,2107.25,2119.97,2105.3,2112.53,7329.965724710002
2026-04-07 01:00:00+00:00,2112.76,2120.09,2096.1,2099.28,8892.6647082
2026-04-07 02:00:00+00:00,2099.7,2111.74,2092.5,2106.72,5833.199872369996
2026-04-07 03:00:00+00:00,2106.32,2110.05,2103.0,2108.2,3897.1656092100015
2026-04-07 04:00:00+00:00,2108.23,2120.03,2102.6,2114.4,4015.961117439999
2026-04-07 05:00:00+00:00,2114.43,2114.79,2102.7,2105.6,3388.15011364
2026-04-07 06:00:00+00:00,2105.7,2106.67,2095.8,2104.12,4409.281770559999
2026-04-07 07:00:00+00:00,2104.12,2106.15,2098.3,2103.39,4594.351573040001
2026-04-07 08:00:00+00:00,2103.94,2117.34,2102.54,2114.87,9888.53830992
2026-04-07 09:00:00+00:00,2114.87,2134.69,2113.7,2128.29,7767.230167249999
2026-04-07 10:00:00+00:00,2128.26,2131.63,2085.39,2088.73,18308.693797039992
2026-04-07 11:00:00+00:00,2088.75,2093.3,2081.33,2088.86,11019.830761550003
2026-04-07 12:00:00+00:00,2089.04,2092.8,2073.3,2086.45,19262.821322750005
2026-04-07 13:00:00+00:00,2086.68,2092.99,2073.78,2074.78,17247.662448590003
2026-04-07 14:00:00+00:00,2074.35,2081.78,2059.7,2068.96,19870.55194589001
2026-04-07 15:00:00+00:00,2069.44,2084.19,2063.42,2080.01,12438.174050249996
2026-04-07 16:00:00+00:00,2080.02,2090.64,2076.88,2083.5,11811.812778410002
2026-04-07 17:00:00+00:00,2083.82,2114.57,2079.2,2099.09,11979.92838425
2026-04-07 18:00:00+00:00,2099.13,2101.44,2080.78,2085.74,7785.132755149999
2026-04-07 19:00:00+00:00,2085.7,2116.57,2083.27,2112.96,17655.18253284
2026-04-07 20:00:00+00:00,2113.28,2125.91,2110.1,2115.44,8728.87708882
2026-04-07 21:00:00+00:00,2114.53,2154.12,2114.53,2145.52,17534.07609402
2026-04-07 22:00:00+00:00,2144.8,2219.81,2144.8,2219.65,35516.46661735
2026-04-07 23:00:00+00:00,2219.66,2274.01,2215.2,2240.9,34968.81824974001
2026-04-08 00:00:00+00:00,2240.01,2250.46,2227.0,2235.59,18689.1456926
2026-04-08 01:00:00+00:00,2235.86,2242.76,2228.19,2233.83,10813.651639590007
2026-04-08 02:00:00+00:00,2233.0,2247.25,2229.9,2236.94,7145.98234447
2026-04-08 03:00:00+00:00,2236.79,2239.95,2231.0,2234.3,2295.93519206
2026-04-08 04:00:00+00:00,2234.54,2252.64,2233.5,2240.67,7350.043941660003
2026-04-08 05:00:00+00:00,2241.05,2248.52,2237.7,2240.48,4005.71005205
2026-04-08 06:00:00+00:00,2240.48,2253.8,2234.9,2245.83,5710.013923040001
2026-04-08 07:00:00+00:00,2245.75,2260.78,2244.1,2254.24,7242.63286282
2026-04-08 08:00:00+00:00,2254.21,2260.15,2250.2,2256.71,15920.38674271
2026-04-08 09:00:00+00:00,2256.53,2264.9,2246.0,2249.68,5899.520182030002
2026-04-08 10:00:00+00:00,2249.8,2253.86,2241.5,2242.98,5165.788988030001
2026-04-08 11:00:00+00:00,2242.81,2255.41,2236.8,2247.38,6843.87803323
2026-04-08 12:00:00+00:00,2247.85,2260.0,2242.19,2255.93,11277.614976640005
2026-04-08 13:00:00+00:00,2255.7,2271.6,2231.0,2235.51,25004.44172608
2026-04-08 14:00:00+00:00,2235.45,2241.04,2185.97,2195.16,21992.52519587
2026-04-08 15:00:00+00:00,2195.16,2218.09,2192.5,2215.67,14376.629173390002
2026-04-08 16:00:00+00:00,2215.56,2225.65,2210.7,2221.19,12003.59824571
2026-04-08 17:00:00+00:00,2221.19,2239.99,2212.8,2232.16,12726.428952119995
2026-04-08 18:00:00+00:00,2232.15,2233.17,2198.1,2201.2,15326.262153599992
2026-04-08 19:00:00+00:00,2201.19,2212.6,2197.07,2211.6,21373.00399837
2026-04-08 20:00:00+00:00,2211.37,2217.38,2204.7,2210.11,6057.87061704
2026-04-08 21:00:00+00:00,2210.1,2223.58,2207.1,2215.12,3919.50231576
2026-04-08 22:00:00+00:00,2214.88,2215.54,2186.6,2190.16,7896.665676949998
2026-04-08 23:00:00+00:00,2190.33,2194.47,2179.8,2190.24,4902.457556990004
2026-04-09 00:00:00+00:00,2190.39,2194.63,2178.8,2183.14,3556.89005565
2026-04-09 01:00:00+00:00,2183.14,2185.7,2162.1,2177.4,6133.141143630001
2026-04-09 02:00:00+00:00,2179.0,2186.0,2173.8,2182.07,3022.77008753
2026-04-09 03:00:00+00:00,2182.02,2184.4,2175.0,2181.6,2402.94224699
2026-04-09 04:00:00+00:00,2182.61,2182.95,2175.7,2178.31,2377.8729699100004
2026-04-09 05:00:00+00:00,2178.32,2189.38,2174.6,2182.8,3520.8613678299994
2026-04-09 06:00:00+00:00,2182.17,2186.48,2174.9,2182.22,2312.26582958
2026-04-09 07:00:00+00:00,2182.21,2186.48,2179.4,2181.47,2614.36677865
2026-04-09 08:00:00+00:00,2181.45,2191.33,2176.0,2186.4,5738.367975679999
2026-04-09 09:00:00+00:00,2185.4,2197.04,2178.8,2194.37,5808.23767924
2026-04-09 10:00:00+00:00,2194.36,2196.88,2187.2,2190.91,4498.816005660001
2026-04-09 11:00:00+00:00,2190.91,2193.44,2177.7,2180.02,3958.9771287599992
2026-04-09 12:00:00+00:00,2180.32,2187.96,2172.9,2183.27,6374.208280440001
2026-04-09 13:00:00+00:00,2183.54,2186.24,2157.17,2164.8,15003.778782150004
2026-04-09 14:00:00+00:00,2164.79,2182.72,2155.9,2177.82,23590.47658179
2026-04-09 15:00:00+00:00,2177.81,2231.15,2169.0,2218.31,26707.802418809995
2026-04-09 16:00:00+00:00,2218.3,2229.99,2192.4,2208.59,20617.897006540003
2026-04-09 17:00:00+00:00,2208.41,2226.59,2205.7,2223.73,15975.357696160005
2026-04-09 18:00:00+00:00,2223.07,2224.7,2199.9,2206.72,13260.450898020004
2026-04-09 19:00:00+00:00,2207.35,2225.0,2203.1,2216.5,14672.590912679998
2026-04-09 20:00:00+00:00,2216.58,2222.63,2209.7,2213.75,6468.874249670001
2026-04-09 21:00:00+00:00,2213.76,2226.99,2206.6,2211.06,6574.33151771
2026-04-09 22:00:00+00:00,2211.16,2246.4,2196.4,2198.3,11800.30010359
2026-04-09 23:00:00+00:00,2198.1,2201.6,2182.4,2190.15,5544.5701327000015
2026-04-10 00:00:00+00:00,2190.6,2198.33,2181.0,2195.4,4772.370275620001
2026-04-10 01:00:00+00:00,2195.28,2204.9,2176.0,2195.0,7628.548306549998
2026-04-10 02:00:00+00:00,2195.01,2198.79,2186.0,2189.51,2623.734591160001
2026-04-10 03:00:00+00:00,2189.51,2192.84,2181.8,2186.5,2550.5822575800003
2026-04-10 04:00:00+00:00,2186.49,2199.63,2185.0,2195.98,2324.3430302300007
2026-04-10 05:00:00+00:00,2196.16,2203.59,2191.7,2196.2,2378.9561853500004
2026-04-10 06:00:00+00:00,2197.04,2198.63,2183.2,2186.48,2487.60282786
2026-04-10 07:00:00+00:00,2186.47,2188.62,2175.5,2179.18,5504.40954031
2026-04-10 08:00:00+00:00,2179.81,2190.4,2176.4,2185.96,6120.466305829999
2026-04-10 09:00:00+00:00,2185.95,2198.08,2185.1,2196.71,6564.10984919
2026-04-10 10:00:00+00:00,2196.54,2199.11,2190.4,2197.41,2968.3185274799994
2026-04-10 11:00:00+00:00,2197.48,2224.71,2196.6,2216.35,13262.61914835
2026-04-10 12:00:00+00:00,2216.35,2229.0,2208.4,2219.39,10359.259414339998
2026-04-10 13:00:00+00:00,2219.4,2226.46,2207.0,2221.8,12785.172327309996
2026-04-10 14:00:00+00:00,2223.71,2301.64,2219.9,2243.55,60802.38727390002
2026-04-10 15:00:00+00:00,2243.54,2258.54,2219.41,2223.4,16646.58280253
2026-04-10 16:00:00+00:00,2224.4,2295.07,2220.9,2246.05,38770.09190358998
2026-04-10 17:00:00+00:00,2246.6,2250.99,2238.8,2249.48,8751.025913970001
2026-04-10 18:00:00+00:00,2249.42,2253.0,2239.33,2250.12,5197.221167649999
2026-04-10 19:00:00+00:00,2250.62,2257.12,2243.1,2252.7,10617.299993119996
2026-04-10 20:00:00+00:00,2254.31,2258.6,2243.1,2256.21,6484.162575220001
2026-04-10 21:00:00+00:00,2256.21,2257.0,2243.1,2254.5,4501.834294850001
2026-04-10 22:00:00+00:00,2255.99,2256.5,2235.5,2243.43,6405.028290760001
2026-04-10 23:00:00+00:00,2243.0,2246.78,2239.1,2245.51,3146.2076021699995
2026-04-11 00:00:00+00:00,2245.89,2246.79,2235.5,2239.82,3294.63066602
2026-04-11 01:00:00+00:00,2239.82,2247.7,2234.6,2245.39,2844.3642486
2026-04-11 02:00:00+00:00,2244.59,2253.5,2242.4,2249.71,4172.92836178
2026-04-11 03:00:00+00:00,2249.0,2252.02,2235.5,2238.42,3135.43857466
2026-04-11 04:00:00+00:00,2238.19,2244.06,2236.0,2241.93,1984.21488135
2026-04-11 05:00:00+00:00,2241.71,2243.03,2227.7,2233.8,3333.405875609998
2026-04-11 06:00:00+00:00,2233.76,2237.75,2229.5,2236.81,2255.98576527
2026-04-11 07:00:00+00:00,2236.99,2237.7,2230.5,2233.8,1196.9793197400006
2026-04-11 08:00:00+00:00,2233.37,2236.66,2231.9,2232.7,1376.6670051699994
2026-04-11 09:00:00+00:00,2233.96,2250.49,2232.1,2244.95,3917.030001859999
2026-04-11 10:00:00+00:00,2244.96,2246.37,2237.4,2241.55,2200.3539207900003
2026-04-11 11:00:00+00:00,2241.55,2248.36,2238.8,2247.42,3612.74561389
2026-04-11 12:00:00+00:00,2247.19,2247.96,2240.8,2246.49,1713.71411195
2026-04-11 13:00:00+00:00,2246.47,2246.47,2233.7,2240.89,2759.73161608
2026-04-11 14:00:00+00:00,2240.89,2245.19,2238.6,2243.2,2476.5749542800004
2026-04-11 15:00:00+00:00,2243.01,2257.5,2241.6,2250.44,2664.3664758800014
2026-04-11 16:00:00+00:00,2250.46,2275.42,2246.7,2259.82,6784.3372143900015
2026-04-11 17:00:00+00:00,2259.83,2266.4,2253.8,2260.0,3685.00370121
2026-04-11 18:00:00+00:00,2260.38,2314.32,2257.7,2305.1,15266.25165612
2026-04-11 19:00:00+00:00,2305.73,2330.56,2305.25,2316.99,11461.260911619998
2026-04-11 20:00:00+00:00,2316.75,2318.0,2288.2,2299.25,7246.08103224
2026-04-11 21:00:00+00:00,2299.11,2305.15,2293.14,2300.19,3986.63662066
2026-04-11 22:00:00+00:00,2300.18,2308.94,2289.7,2297.6,4811.578505660001
2026-04-11 23:00:00+00:00,2296.9,2297.6,2276.3,2285.94,5043.66712253
2026-04-12 00:00:00+00:00,2285.67,2289.1,2277.89,2286.74,4451.269914189998
2026-04-12 01:00:00+00:00,2286.73,2289.58,2208.0,2219.92,16210.01318125
2026-04-12 02:00:00+00:00,2219.63,2235.28,2206.2,2225.01,9206.43469745
2026-04-12 03:00:00+00:00,2224.47,2228.09,2213.3,2214.44,4440.57780777
2026-04-12 04:00:00+00:00,2214.44,2217.09,2209.7,2212.9,2721.04710525
2026-04-12 05:00:00+00:00,2212.91,2220.81,2208.49,2217.98,2919.462482780001
2026-04-12 06:00:00+00:00,2218.15,2221.87,2214.47,2216.82,2076.3987999600004
2026-04-12 07:00:00+00:00,2217.03,2221.47,2212.6,2218.92,1567.2751592599996
2026-04-12 08:00:00+00:00,2219.04,2220.0,2212.3,2215.14,1278.7596187900003
2026-04-12 09:00:00+00:00,2215.02,2216.9,2211.2,2214.75,1678.71460632
2026-04-12 10:00:00+00:00,2214.75,2218.24,2193.7,2202.6,5142.7074985
2026-04-12 11:00:00+00:00,2202.3,2208.32,2197.1,2204.0,2312.7532273599995
2026-04-12 12:00:00+00:00,2205.66,2209.15,2187.74,2195.62,4550.13432717
2026-04-12 13:00:00+00:00,2195.36,2199.98,2184.4,2186.6,6084.12847908
2026-04-12 14:00:00+00:00,2187.56,2194.3,2178.4,2181.59,5873.36759116
2026-04-12 15:00:00+00:00,2181.86,2190.0,2175.7,2187.32,4883.910765769999
2026-04-12 16:00:00+00:00,2187.36,2191.35,2182.6,2188.31,5963.776585650003
2026-04-12 17:00:00+00:00,2187.49,2206.03,2187.3,2203.1,4609.80875873
2026-04-12 18:00:00+00:00,2204.21,2208.17,2198.9,2200.5,4703.25945594
2026-04-12 19:00:00+00:00,2201.4,2206.18,2197.2,2199.43,2733.15691016
2026-04-12 20:00:00+00:00,2199.23,2219.64,2193.24,2214.38,8049.641928920003
2026-04-12 21:00:00+00:00,2214.08,2218.45,2204.0,2211.79,4941.349142700002
2026-04-12 22:00:00+00:00,2211.76,2211.96,2183.3,2199.64,9962.911867649997
2026-04-12 23:00:00+00:00,2199.63,2199.69,2185.4,2191.8,5740.632750190001
2026-04-13 00:00:00+00:00,2191.77,2208.53,2186.3,2205.59,34799.1512765
2026-04-13 01:00:00+00:00,2205.49,2209.49,2197.8,2203.66,2905.8469187
2026-04-13 02:00:00+00:00,2204.01,2205.9,2190.6,2194.48,1810.43639485
2026-04-13 03:00:00+00:00,2194.48,2196.65,2188.1,2192.8,2100.27730365
2026-04-13 04:00:00+00:00,2194.53,2200.0,2185.7,2190.64,3348.1210700599995
2026-04-13 05:00:00+00:00,2190.36,2191.99,2180.5,2190.5,3189.6703473299985
2026-04-13 06:00:00+00:00,2191.06,2202.0,2190.1,2198.99,4039.16659416
2026-04-13 07:00:00+00:00,2199.17,2200.6,2182.0,2186.83,3407.33160518
2026-04-13 08:00:00+00:00,2185.8,2189.8,2178.7,2185.5,8876.87308334
2026-04-13 09:00:00+00:00,2185.63,2195.71,2184.1,2187.98,2987.9573784899985
2026-04-13 10:00:00+00:00,2188.03,2189.04,2178.0,2183.19,4893.00930472
2026-04-13 11:00:00+00:00,2184.07,2191.26,2181.5,2187.63,6413.467620030004
2026-04-13 12:00:00+00:00,2187.77,2199.53,2174.0,2192.46,14638.90259165
2026-04-13 13:00:00+00:00,2192.54,2216.98,2181.0,2216.09,20262.43406709
2026-04-13 14:00:00+00:00,2216.09,2236.35,2202.7,2235.31,23571.573610319992
2026-04-13 15:00:00+00:00,2235.3,2237.84,2199.51,2209.68,24874.05972751
2026-04-13 16:00:00+00:00,2209.47,2236.0,2199.7,2225.7,22599.862951799994
2026-04-13 17:00:00+00:00,2226.7,2243.79,2222.4,2225.82,17299.813583399995
2026-04-13 18:00:00+00:00,2225.82,2234.84,2218.9,2233.34,10755.904027580002
2026-04-13 19:00:00+00:00,2233.36,2269.68,2227.9,2262.2,30337.28245617
2026-04-13 20:00:00+00:00,2263.2,2264.59,2247.4,2253.41,8205.990202250003
2026-04-13 21:00:00+00:00,2253.46,2268.75,2249.4,2260.92,4993.716634830002
2026-04-13 22:00:00+00:00,2260.93,2364.74,2260.0,2353.73,30133.40004965
2026-04-13 23:00:00+00:00,2353.8,2395.05,2340.8,2370.28,23530.834829589938
2026-04-14 00:00:00+00:00,2370.0,2375.87,2359.6,2362.39,9727.851740040003
2026-04-14 01:00:00+00:00,2361.96,2374.69,2353.5,2369.84,11348.907627300006
2026-04-14 02:00:00+00:00,2369.63,2379.18,2365.9,2368.42,6190.515335799998
2026-04-14 03:00:00+00:00,2368.46,2371.34,2361.5,2366.4,4468.659463439998
2026-04-14 04:00:00+00:00,2365.1,2369.09,2362.1,2365.02,2328.1489870200003
2026-04-14 05:00:00+00:00,2364.55,2370.42,2354.7,2356.62,3878.5027289600016
2026-04-14 06:00:00+00:00,2356.44,2378.36,2355.67,2374.21,5273.78600825
2026-04-14 07:00:00+00:00,2374.21,2390.96,2371.3,2378.76,5776.759742340001
2026-04-14 08:00:00+00:00,2378.82,2397.0,2375.1,2387.7,14038.498686370009
2026-04-14 09:00:00+00:00,2387.8,2396.0,2380.15,2387.96,9097.687406290002
2026-04-14 10:00:00+00:00,2387.84,2389.09,2373.0,2375.71,6931.633471520001
2026-04-14 11:00:00+00:00,2375.7,2379.04,2367.3,2374.96,6244.101128550001
2026-04-14 12:00:00+00:00,2375.05,2378.89,2368.3,2374.65,9648.78459269
2026-04-14 13:00:00+00:00,2373.4,2397.65,2372.0,2393.37,29012.93028141
2026-04-14 14:00:00+00:00,2393.17,2417.4,2353.55,2354.5,36632.03174957998
2026-04-14 15:00:00+00:00,2354.42,2373.26,2333.5,2365.86,25790.42943576
2026-04-14 16:00:00+00:00,2365.4,2372.66,2329.1,2334.98,16554.31336712
2026-04-14 17:00:00+00:00,2334.79,2346.69,2323.04,2339.6,12963.954480119995
2026-04-14 18:00:00+00:00,2339.72,2346.18,2308.9,2314.87,12942.72516737
2026-04-14 19:00:00+00:00,2314.72,2324.4,2303.5,2314.64,13865.581605600004
2026-04-14 20:00:00+00:00,2314.29,2323.81,2308.3,2314.8,9027.979668210002
2026-04-14 21:00:00+00:00,2316.18,2327.39,2314.7,2324.83,4084.214372110001
2026-04-14 22:00:00+00:00,2324.83,2333.25,2311.7,2316.2,4550.862629460001
2026-04-14 23:00:00+00:00,2315.2,2328.0,2314.1,2323.1,5625.726294590001
2026-04-15 00:00:00+00:00,2323.07,2344.19,2321.7,2334.44,5743.866880079999
2026-04-15 01:00:00+00:00,2334.56,2343.7,2331.0,2336.61,4497.246109629999
2026-04-15 02:00:00+00:00,2336.51,2339.2,2317.5,2325.66,4149.163042340002
2026-04-15 03:00:00+00:00,2325.7,2330.37,2320.3,2329.44,2849.31990867
2026-04-15 04:00:00+00:00,2329.42,2335.48,2327.7,2334.3,2651.9460062500007
2026-04-15 05:00:00+00:00,2333.83,2339.29,2314.0,2319.1,8663.294890460002
2026-04-15 06:00:00+00:00,2320.12,2321.7,2315.0,2317.82,2819.792233500001
2026-04-15 07:00:00+00:00,2318.21,2324.47,2307.9,2316.99,3417.467697910001
2026-04-15 08:00:00+00:00,2317.32,2334.14,2313.4,2328.84,4531.112224900001
2026-04-15 09:00:00+00:00,2328.83,2330.81,2318.6,2320.3,2907.70798466
2026-04-15 10:00:00+00:00,2320.52,2329.22,2312.0,2317.08,4354.342826230001
2026-04-15 11:00:00+00:00,2317.29,2342.0,2316.26,2338.22,5855.4067492
2026-04-15 12:00:00+00:00,2338.21,2341.26,2329.8,2333.7,5369.396078250001
2026-04-15 13:00:00+00:00,2333.62,2335.41,2317.5,2327.76,10764.751884029998
2026-04-15 14:00:00+00:00,2327.46,2346.16,2322.0,2339.28,10233.848952620005
2026-04-15 15:00:00+00:00,2339.02,2350.59,2321.0,2332.63,11006.13913673
2026-04-15 16:00:00+00:00,2332.21,2350.53,2329.3,2341.77,10329.15740176
2026-04-15 17:00:00+00:00,2341.8,2359.12,2339.6,2349.45,11603.319192299996
2026-04-15 18:00:00+00:00,2349.54,2361.19,2346.2,2359.35,9102.68843755
2026-04-15 19:00:00+00:00,2358.79,2387.08,2357.3,2376.32,24753.537395360003
2026-04-15 20:00:00+00:00,2376.04,2377.71,2354.0,2363.55,8078.160618520001
2026-04-15 21:00:00+00:00,2363.55,2364.5,2348.54,2361.53,5514.9062276800005
2026-04-15 22:00:00+00:00,2361.6,2381.4,2360.5,2364.56,8736.238392430001
2026-04-15 23:00:00+00:00,2363.87,2364.59,2349.6,2359.59,5838.4893791800005
2026-04-16 00:00:00+00:00,2360.64,2364.4,2349.14,2361.15,4399.494339269998
2026-04-16 01:00:00+00:00,2360.84,2361.04,2345.39,2352.38,4383.008836499999
2026-04-16 02:00:00+00:00,2352.5,2370.34,2350.4,2357.4,4479.695712800002
2026-04-16 03:00:00+00:00,2357.01,2366.72,2356.0,2358.36,2674.814019219999
2026-04-16 04:00:00+00:00,2357.89,2364.66,2348.8,2354.78,3454.917308140001
2026-04-16 05:00:00+00:00,2354.83,2362.87,2350.5,2357.1,5614.719435820001
2026-04-16 06:00:00+00:00,2357.2,2361.42,2350.26,2356.66,2771.2454108
2026-04-16 07:00:00+00:00,2356.22,2358.0,2329.41,2341.81,5895.51324616
2026-04-16 08:00:00+00:00,2341.8,2346.29,2334.0,2339.45,7211.09915653
2026-04-16 09:00:00+00:00,2338.78,2349.33,2337.49,2338.6,4824.47983744
2026-04-16 10:00:00+00:00,2338.0,2340.8,2328.39,2332.2,6461.501109349998
2026-04-16 11:00:00+00:00,2332.29,2336.89,2329.6,2336.29,3957.042866519999
2026-04-16 12:00:00+00:00,2335.96,2348.66,2335.0,2340.9,8380.017327570005
2026-04-16 13:00:00+00:00,2340.69,2352.46,2289.62,2308.02,21836.64366639
2026-04-16 14:00:00+00:00,2307.5,2318.0,2284.4,2310.61,23499.736338530005
2026-04-16 15:00:00+00:00,2310.45,2349.85,2308.3,2339.71,17548.935809709998
2026-04-16 16:00:00+00:00,2339.71,2349.84,2309.72,2316.83,14292.4565976
2026-04-16 17:00:00+00:00,2316.83,2329.89,2309.75,2325.57,12160.09661459
2026-04-16 18:00:00+00:00,2326.25,2348.39,2320.02,2344.25,12317.87874916
2026-04-16 19:00:00+00:00,2343.49,2362.96,2335.3,2359.8,11769.863265399998
2026-04-16 20:00:00+00:00,2360.59,2365.49,2341.65,2350.3,7322.815355560001
2026-04-16 21:00:00+00:00,2350.75,2357.64,2335.8,2341.81,3095.083105659999
2026-04-16 22:00:00+00:00,2341.65,2351.34,2338.81,2342.97,3904.7636334599983
2026-04-16 23:00:00+00:00,2342.97,2355.53,2341.4,2348.61,2788.2125720799995
2026-04-17 00:00:00+00:00,2348.89,2351.67,2339.35,2345.09,3135.426603289998
2026-04-17 01:00:00+00:00,2345.01,2349.87,2327.2,2335.88,6691.363173119999
2026-04-17 02:00:00+00:00,2335.76,2339.48,2325.0,2332.36,3496.79574327
2026-04-17 03:00:00+00:00,2332.65,2332.77,2324.1,2325.77,3188.26078645
2026-04-17 04:00:00+00:00,2325.51,2334.7,2323.8,2329.6,2810.5281471000003
2026-04-17 05:00:00+00:00,2329.34,2330.01,2317.02,2319.75,3110.56641798
2026-04-17 06:00:00+00:00,2319.24,2333.21,2317.3,2330.8,2770.58422482
2026-04-17 07:00:00+00:00,2331.66,2342.99,2329.4,2333.8,4810.43550088
2026-04-17 08:00:00+00:00,2334.19,2360.14,2332.7,2355.8,6382.998806350001
2026-04-17 09:00:00+00:00,2355.82,2378.64,2347.6,2360.01,8135.582597459999
2026-04-17 10:00:00+00:00,2360.0,2362.58,2336.0,2344.81,6935.282744960001
2026-04-17 11:00:00+00:00,2344.8,2357.8,2342.6,2355.84,3887.601650949999
2026-04-17 12:00:00+00:00,2355.9,2383.61,2348.8,2371.7,17523.95164914
2026-04-17 13:00:00+00:00,2373.21,2442.5,2365.2,2438.7,58905.659361310005
2026-04-17 14:00:00+00:00,2438.54,2459.99,2426.4,2448.89,30141.768978720003
2026-04-17 15:00:00+00:00,2448.0,2451.6,2432.8,2443.31,23413.36264497
2026-04-17 16:00:00+00:00,2443.41,2466.5,2441.6,2452.59,13898.52081555
2026-04-17 17:00:00+00:00,2451.11,2454.02,2422.1,2441.17,12642.358430539996
2026-04-17 18:00:00+00:00,2439.9,2444.37,2411.91,2421.1,14055.656948239995
2026-04-17 19:00:00+00:00,2421.18,2434.24,2417.3,2429.38,17636.843905319998
2026-04-17 20:00:00+00:00,2429.21,2437.08,2416.9,2426.7,5795.213707120001
2026-04-17 21:00:00+00:00,2427.64,2434.4,2419.2,2430.4,3958.38740867
2026-04-17 22:00:00+00:00,2430.16,2443.37,2422.4,2434.21,7369.617133090001
2026-04-17 23:00:00+00:00,2434.16,2434.2,2414.4,2419.81,4591.421809160001
2026-04-18 00:00:00+00:00,2420.01,2424.5,2409.0,2420.3,4778.10212352
2026-04-18 01:00:00+00:00,2420.3,2428.51,2416.4,2422.01,5192.13511215
2026-04-18 02:00:00+00:00,2422.03,2425.54,2416.2,2419.81,1784.2212228799997
2026-04-18 03:00:00+00:00,2420.28,2421.36,2399.5,2404.9,4873.57518206
2026-04-18 04:00:00+00:00,2405.99,2411.21,2400.3,2407.1,3856.34811253
2026-04-18 05:00:00+00:00,2408.21,2414.75,2405.6,2409.88,1442.7566365800003
2026-04-18 06:00:00+00:00,2409.89,2413.05,2405.88,2409.8,958.8835089500006
2026-04-18 07:00:00+00:00,2410.69,2411.94,2401.2,2404.06,2122.834982239999
2026-04-18 08:00:00+00:00,2404.31,2405.75,2367.7,2381.76,11732.087076999998
2026-04-18 09:00:00+00:00,2381.48,2381.74,2369.9,2376.7,3146.23616171
2026-04-18 10:00:00+00:00,2376.1,2377.06,2353.92,2359.45,7325.380188180001
2026-04-18 11:00:00+00:00,2359.8,2361.2,2344.37,2353.71,4765.57489348
2026-04-18 12:00:00+00:00,2353.63,2363.98,2352.19,2358.86,3603.90572353
2026-04-18 13:00:00+00:00,2358.85,2361.43,2345.6,2356.23,3284.87767199
2026-04-18 14:00:00+00:00,2356.06,2366.33,2350.0,2365.89,3433.542491490001
2026-04-18 15:00:00+00:00,2365.98,2370.4,2358.3,2363.71,6223.91065366
2026-04-18 16:00:00+00:00,2364.32,2376.6,2353.9,2361.5,5178.286140590003
2026-04-18 17:00:00+00:00,2361.36,2365.79,2352.3,2362.5,3481.0980714999987
2026-04-18 18:00:00+00:00,2362.26,2364.62,2337.5,2348.1,6846.145915040001
2026-04-18 19:00:00+00:00,2348.2,2356.97,2346.6,2349.51,2270.05976121
2026-04-18 20:00:00+00:00,2349.45,2355.94,2345.06,2353.62,1739.7259806400004
2026-04-18 21:00:00+00:00,2353.48,2356.57,2347.8,2356.42,1945.11504497
2026-04-18 22:00:00+00:00,2356.43,2360.68,2348.8,2357.61,1641.9105387
2026-04-18 23:00:00+00:00,2357.58,2361.2,2349.9,2351.36,1608.0326514799997
2026-04-19 00:00:00+00:00,2351.26,2356.7,2344.2,2350.1,2012.6845836200005
2026-04-19 01:00:00+00:00,2350.06,2353.96,2340.8,2348.1,1525.3712246299997
2026-04-19 02:00:00+00:00,2348.7,2350.2,2333.3,2339.21,3335.429732150001
2026-04-19 03:00:00+00:00,2339.27,2345.37,2332.2,2340.8,2257.5892231400007
2026-04-19 04:00:00+00:00,2340.52,2347.3,2316.44,2334.44,5934.899180690003
2026-04-19 05:00:00+00:00,2334.08,2339.6,2329.4,2333.68,965.6126632000004
2026-04-19 06:00:00+00:00,2333.67,2334.2,2322.1,2327.3,3458.949011000001
2026-04-19 07:00:00+00:00,2328.3,2328.3,2297.9,2316.91,9065.23887496
2026-04-19 08:00:00+00:00,2316.9,2321.81,2311.6,2318.4,3144.7027803
2026-04-19 09:00:00+00:00,2319.59,2320.28,2306.26,2310.84,3216.6268337300007
2026-04-19 10:00:00+00:00,2310.84,2320.84,2307.09,2318.75,2213.991973430001
2026-04-19 11:00:00+00:00,2318.65,2331.85,2317.5,2329.2,2235.6365700800006
2026-04-19 12:00:00+00:00,2330.28,2340.15,2324.7,2332.64,7832.06852634
2026-04-19 13:00:00+00:00,2332.35,2351.45,2330.6,2339.5,7117.394399279997
2026-04-19 14:00:00+00:00,2339.78,2344.37,2325.93,2339.01,10815.24415018
2026-04-19 15:00:00+00:00,2339.18,2342.69,2311.63,2331.52,5816.854245890001
2026-04-19 16:00:00+00:00,2331.32,2332.52,2305.48,2312.7,5285.894953790001
2026-04-19 17:00:00+00:00,2311.88,2318.49,2293.9,2296.55,8458.192319999998
2026-04-19 18:00:00+00:00,2296.84,2302.01,2287.55,2296.55,7352.330113230002
2026-04-19 19:00:00+00:00,2296.55,2305.69,2295.02,2300.48,3365.542861259999
2026-04-19 20:00:00+00:00,2301.0,2301.0,2273.5,2281.57,6491.71538254
2026-04-19 21:00:00+00:00,2281.15,2291.23,2275.16,2276.2,3620.98869836
2026-04-19 22:00:00+00:00,2276.88,2276.89,2252.06,2270.59,11087.71554755
2026-04-19 23:00:00+00:00,2270.61,2271.16,2256.9,2263.89,5610.70857584
2026-04-20 00:00:00+00:00,2263.4,2284.29,2260.5,2280.1,7922.268992800002
2026-04-20 01:00:00+00:00,2281.01,2295.18,2278.1,2287.07,7397.789384300006
2026-04-20 02:00:00+00:00,2287.24,2288.0,2272.1,2278.51,5373.539735289998
2026-04-20 03:00:00+00:00,2278.67,2289.6,2276.1,2287.23,2236.5249231100006
2026-04-20 04:00:00+00:00,2287.08,2287.12,2278.6,2283.7,4424.099629939998
2026-04-20 05:00:00+00:00,2284.0,2284.21,2262.7,2270.2,3477.9252002800004
2026-04-20 06:00:00+00:00,2270.88,2289.93,2268.6,2287.06,3417.162498220001
2026-04-20 07:00:00+00:00,2287.18,2333.45,2283.4,2298.93,8327.606987550002
2026-04-20 08:00:00+00:00,2298.94,2308.97,2289.5,2294.89,4059.328328820003
2026-04-20 09:00:00+00:00,2294.66,2314.65,2293.6,2310.06,3403.46812127
2026-04-20 10:00:00+00:00,2310.19,2321.3,2303.49,2304.2,4653.0294731700005
2026-04-20 11:00:00+00:00,2304.2,2313.32,2300.17,2308.5,4417.5605157
2026-04-20 12:00:00+00:00,2308.55,2324.62,2304.42,2320.03,7464.135421420002
2026-04-20 13:00:00+00:00,2319.91,2327.59,2302.2,2311.74,14695.08304031
2026-04-20 14:00:00+00:00,2311.73,2323.2,2282.9,2291.28,18410.72223341998
2026-04-20 15:00:00+00:00,2291.21,2320.7,2278.5,2314.67,13604.069808139986
2026-04-20 16:00:00+00:00,2314.67,2315.62,2299.0,2300.65,5250.111338800003
2026-04-20 17:00:00+00:00,2300.94,2323.7,2298.3,2317.9,7636.19728374
2026-04-20 18:00:00+00:00,2318.11,2345.36,2317.6,2334.4,17492.653839249986
2026-04-20 19:00:00+00:00,2335.4,2337.5,2327.6,2332.55,11814.024748230002
2026-04-20 20:00:00+00:00,2332.7,2341.02,2326.4,2338.61,7447.818924779994
2026-04-20 21:00:00+00:00,2338.35,2347.8,2315.0,2321.7,6585.493765379996
2026-04-20 22:00:00+00:00,2322.27,2329.69,2317.2,2319.8,3984.1433423500007
2026-04-20 23:00:00+00:00,2320.49,2320.49,2307.6,2314.79,3345.16507875
2026-04-21 00:00:00+00:00,2315.01,2325.38,2311.8,2322.61,3753.58819099
2026-04-21 01:00:00+00:00,2322.5,2327.5,2312.7,2316.03,2607.646986869999
2026-04-21 02:00:00+00:00,2315.93,2316.6,2306.2,2309.01,2731.75179683
2026-04-21 03:00:00+00:00,2309.01,2313.49,2299.3,2312.01,4078.39617903
2026-04-21 04:00:00+00:00,2312.23,2316.7,2304.5,2315.21,3121.539813570001
2026-04-21 05:00:00+00:00,2315.2,2321.7,2312.9,2314.79,2494.5288090400013
2026-04-21 06:00:00+00:00,2314.69,2327.68,2308.4,2318.01,2753.7684430899985
2026-04-21 07:00:00+00:00,2317.95,2325.79,2312.3,2319.44,3512.1011792100003
2026-04-21 08:00:00+00:00,2318.98,2339.58,2314.1,2324.43,4108.034644810001
2026-04-21 09:00:00+00:00,2324.04,2328.69,2319.05,2326.1,3473.4481461800005
2026-04-21 10:00:00+00:00,2326.3,2338.32,2325.3,2331.97,3925.763088590002
2026-04-21 11:00:00+00:00,2332.1,2332.5,2316.3,2320.61,5596.98368486
2026-04-21 12:00:00+00:00,2320.8,2324.99,2294.33,2309.01,11514.763384369997
2026-04-21 13:00:00+00:00,2308.89,2318.49,2301.2,2313.8,9107.505219659994
2026-04-21 14:00:00+00:00,2313.89,2329.02,2295.76,2300.17,11921.65125631999
2026-04-21 15:00:00+00:00,2299.75,2311.9,2290.2,2311.2,11866.966005140004
2026-04-21 16:00:00+00:00,2310.85,2326.04,2306.8,2308.31,10153.296720689992
2026-04-21 17:00:00+00:00,2308.31,2321.19,2284.3,2307.01,18436.36980815997
2026-04-21 18:00:00+00:00,2306.67,2314.68,2301.0,2313.72,9494.695768029978
2026-04-21 19:00:00+00:00,2313.22,2332.61,2287.3,2298.89,25001.45720080999
2026-04-21 20:00:00+00:00,2299.04,2327.08,2295.9,2314.8,11080.632694919988
2026-04-21 21:00:00+00:00,2315.5,2318.62,2310.2,2313.19,2935.9384586299984
2026-04-21 22:00:00+00:00,2312.65,2317.54,2301.5,2312.0,3502.5077254900007
2026-04-21 23:00:00+00:00,2312.21,2330.5,2311.1,2328.0,3982.84036885
2026-04-22 00:00:00+00:00,2327.76,2331.35,2322.3,2326.04,3928.32866832
2026-04-22 01:00:00+00:00,2325.84,2329.79,2313.5,2323.01,4529.337690380001
2026-04-22 02:00:00+00:00,2322.84,2375.74,2320.3,2371.11,14250.851661429992
2026-04-22 03:00:00+00:00,2371.19,2380.88,2358.3,2364.36,7391.838825080003
2026-04-22 04:00:00+00:00,2364.36,2369.59,2358.6,2363.76,5283.088070980001
2026-04-22 05:00:00+00:00,2363.77,2414.99,2361.7,2396.2,23583.52240468997
2026-04-22 06:00:00+00:00,2396.54,2396.7,2389.3,2393.07,5386.426669890002
2026-04-22 07:00:00+00:00,2392.8,2398.0,2383.18,2390.42,7073.6346718199975
2026-04-22 08:00:00+00:00,2390.15,2394.0,2383.2,2388.6,4347.591925480001
2026-04-22 09:00:00+00:00,2388.6,2394.99,2384.9,2388.11,3874.0448986000006
2026-04-22 10:00:00+00:00,2387.6,2394.78,2385.04,2390.52,5044.185153819997
2026-04-22 11:00:00+00:00,2390.52,2402.16,2386.66,2399.59,7901.646481389996
2026-04-22 12:00:00+00:00,2399.6,2408.11,2396.3,2406.0,9821.321742970002
2026-04-22 13:00:00+00:00,2405.96,2424.0,2401.67,2417.4,23087.94732291996
2026-04-22 14:00:00+00:00,2417.6,2425.0,2391.76,2403.83,19807.06089999998
2026-04-22 15:00:00+00:00,2403.49,2414.96,2390.7,2404.35,14022.7203616
2026-04-22 16:00:00+00:00,2404.4,2415.41,2382.47,2386.57,17579.421930919994
2026-04-22 17:00:00+00:00,2386.58,2403.91,2386.2,2399.9,8722.650708759995
2026-04-22 18:00:00+00:00,2399.74,2405.67,2394.9,2397.3,7151.311356860004
2026-04-22 19:00:00+00:00,2397.7,2408.05,2389.1,2398.46,15699.070115789986
2026-04-22 20:00:00+00:00,2398.17,2403.5,2390.9,2391.9,7346.767353509997
2026-04-22 21:00:00+00:00,2392.18,2407.4,2391.6,2403.18,5829.679445120001
2026-04-22 22:00:00+00:00,2403.11,2406.39,2394.4,2401.19,3477.677875750001
2026-04-22 23:00:00+00:00,2401.19,2401.89,2374.38,2374.95,7799.121756270003
2026-04-23 00:00:00+00:00,2375.3,2383.04,2343.9,2373.3,14007.925425999982
2026-04-23 01:00:00+00:00,2373.55,2373.73,2360.3,2367.52,5916.726917380003
2026-04-23 02:00:00+00:00,2367.38,2367.77,2344.32,2352.48,9714.78409652
2026-04-23 03:00:00+00:00,2352.68,2354.06,2331.0,2341.36,7287.514679940002
2026-04-23 04:00:00+00:00,2341.01,2350.0,2337.32,2348.84,3868.8116450600014
2026-04-23 05:00:00+00:00,2348.37,2353.9,2340.9,2349.9,4014.1129168100015
2026-04-23 06:00:00+00:00,2349.1,2359.75,2349.1,2355.75,4083.506079250002
2026-04-23 07:00:00+00:00,2355.76,2357.97,2341.28,2345.3,4710.483273420001
2026-04-23 08:00:00+00:00,2344.88,2345.85,2335.04,2340.38,5085.092973970002
2026-04-23 09:00:00+00:00,2341.2,2341.22,2314.03,2317.4,11626.159987329997
2026-04-23 10:00:00+00:00,2317.02,2320.45,2306.64,2315.04,8323.456039940003
2026-04-23 11:00:00+00:00,2315.05,2333.1,2314.87,2329.72,6171.769692660003
2026-04-23 12:00:00+00:00,2329.71,2336.61,2321.92,2330.2,9675.90035168999
2026-04-23 13:00:00+00:00,2330.19,2334.1,2315.52,2320.17,14087.98228034
2026-04-23 14:00:00+00:00,2320.16,2340.0,2316.19,2335.42,11977.59602076001
2026-04-23 15:00:00+00:00,2335.29,2346.3,2324.35,2334.39,8735.514760930007
2026-04-23 16:00:00+00:00,2334.24,2337.3,2323.69,2326.99,5322.069589770003
2026-04-23 17:00:00+00:00,2327.11,2331.3,2285.26,2311.05,28236.68074978996
2026-04-23 18:00:00+00:00,2311.05,2321.3,2305.03,2305.52,8804.572432369996
2026-04-23 19:00:00+00:00,2305.8,2321.0,2301.12,2314.06,8397.250640030003
2026-04-23 20:00:00+00:00,2313.85,2330.7,2313.53,2325.79,6737.972379290002
2026-04-23 21:00:00+00:00,2325.56,2330.5,2321.19,2324.0,3195.93650238
2026-04-23 22:00:00+00:00,2322.19,2340.3,2321.99,2332.89,4506.510497099999
2026-04-23 23:00:00+00:00,2332.75,2334.8,2324.35,2331.08,2816.050218760001
2026-04-24 00:00:00+00:00,2331.2,2338.7,2327.44,2333.2,4542.056581720002
2026-04-24 01:00:00+00:00,2333.29,2335.5,2319.22,2333.59,3629.58416255
2026-04-24 02:00:00+00:00,2333.25,2336.8,2315.64,2320.62,2851.471938659998
2026-04-24 03:00:00+00:00,2320.55,2323.25,2299.87,2309.23,7230.266446839995
2026-04-24 04:00:00+00:00,2308.95,2312.7,2300.88,2306.98,2426.39478702
2026-04-24 05:00:00+00:00,2306.99,2319.0,2300.5,2315.35,2174.04444984
2026-04-24 06:00:00+00:00,2315.35,2318.9,2307.9,2309.92,3319.999786860001
2026-04-24 07:00:00+00:00,2309.48,2317.6,2309.17,2312.77,3240.3136649300013
2026-04-24 08:00:00+00:00,2312.11,2324.45,2307.76,2316.65,12045.166778159975
2026-04-24 09:00:00+00:00,2316.67,2317.24,2304.19,2310.93,5035.418157179998
2026-04-24 10:00:00+00:00,2310.93,2320.38,2306.1,2316.87,2404.028115940001
2026-04-24 11:00:00+00:00,2316.78,2334.29,2316.41,2329.26,14969.674716909993
2026-04-24 12:00:00+00:00,2329.26,2334.03,2318.53,2325.88,10114.188261349993
2026-04-24 13:00:00+00:00,2325.58,2333.29,2310.74,2317.51,9666.056843870008
2026-04-24 14:00:00+00:00,2317.51,2319.7,2303.88,2314.54,27421.29840803
2026-04-24 15:00:00+00:00,2314.08,2331.4,2301.54,2325.0,10496.584733009988
2026-04-24 16:00:00+00:00,2325.0,2325.42,2310.52,2317.33,6032.904755620006
2026-04-24 17:00:00+00:00,2317.33,2323.8,2308.6,2320.47,11090.38684853
2026-04-24 18:00:00+00:00,2320.0,2322.5,2310.03,2320.51,4706.972825510001
2026-04-24 19:00:00+00:00,2320.47,2326.52,2319.66,2321.91,5286.5912251699765
2026-04-24 20:00:00+00:00,2321.89,2328.96,2315.47,2327.27,7570.240331859999
2026-04-24 21:00:00+00:00,2327.04,2328.8,2312.9,2315.82,3711.605826369997
2026-04-24 22:00:00+00:00,2315.91,2316.9,2307.33,2312.73,2518.4616441400003
2026-04-24 23:00:00+00:00,2312.71,2316.85,2312.7,2315.81,1355.7329368700002
2026-04-25 00:00:00+00:00,2315.8,2316.78,2311.9,2316.2,1254.40946468
2026-04-25 01:00:00+00:00,2316.29,2321.9,2316.01,2318.68,1540.4660040900003
2026-04-25 02:00:00+00:00,2319.2,2319.99,2314.5,2317.6,1403.9691751
2026-04-25 03:00:00+00:00,2318.0,2321.14,2315.9,2319.53,1037.9528990000003
2026-04-25 04:00:00+00:00,2318.9,2320.11,2316.4,2317.25,1217.45494003
2026-04-25 05:00:00+00:00,2317.37,2317.37,2313.5,2316.6,583.7035277799997
2026-04-25 06:00:00+00:00,2316.6,2317.95,2314.8,2316.43,689.9056089699998
2026-04-25 07:00:00+00:00,2316.52,2319.28,2314.1,2316.7,1050.4632896100002
2026-04-25 08:00:00+00:00,2317.34,2321.44,2316.1,2319.93,548.5019209099999
2026-04-25 09:00:00+00:00,2319.75,2323.79,2317.2,2319.2,1056.0288032099998
2026-04-25 10:00:00+00:00,2319.66,2323.53,2318.9,2320.78,1192.56583376
2026-04-25 11:00:00+00:00,2320.78,2320.93,2311.43,2313.9,1150.95464544
2026-04-25 12:00:00+00:00,2314.36,2318.16,2311.8,2314.02,1443.2345947699996
2026-04-25 13:00:00+00:00,2314.35,2318.46,2313.8,2316.65,782.9050420000001
2026-04-25 14:00:00+00:00,2316.66,2319.49,2315.6,2316.42,1254.2466869499997
2026-04-25 15:00:00+00:00,2316.58,2319.1,2298.25,2308.86,6080.61357559
2026-04-25 16:00:00+00:00,2308.87,2311.44,2298.4,2310.12,3270.5491731900006
2026-04-25 17:00:00+00:00,2309.42,2314.5,2307.3,2309.2,1416.4316623300003
2026-04-25 18:00:00+00:00,2309.5,2314.49,2308.3,2311.91,1566.4225313800005
2026-04-25 19:00:00+00:00,2312.08,2312.89,2306.6,2310.34,2730.882208140001
2026-04-25 20:00:00+00:00,2310.52,2314.2,2308.9,2313.99,1607.2166336600003
2026-04-25 21:00:00+00:00,2313.65,2318.57,2313.2,2316.24,2914.535823780001
2026-04-25 22:00:00+00:00,2316.49,2321.27,2315.1,2318.49,1147.3096078800002
2026-04-25 23:00:00+00:00,2318.0,2320.3,2316.8,2319.82,1056.5750479600006
2026-04-26 00:00:00+00:00,2319.82,2320.38,2312.1,2315.71,1511.6220716400005
2026-04-26 01:00:00+00:00,2315.34,2318.67,2313.3,2314.55,1035.70425833
2026-04-26 02:00:00+00:00,2314.53,2319.28,2313.5,2315.63,954.2387706300002
2026-04-26 03:00:00+00:00,2315.76,2317.13,2306.4,2310.22,1392.9620954900004
2026-04-26 04:00:00+00:00,2310.23,2320.45,2308.3,2317.99,3890.08100032
2026-04-26 05:00:00+00:00,2317.89,2338.0,2317.5,2328.71,5999.8243784800015
2026-04-26 06:00:00+00:00,2328.29,2334.32,2328.0,2330.83,2770.5185152500007
2026-04-26 07:00:00+00:00,2330.84,2333.25,2328.47,2331.59,1263.84742257
2026-04-26 08:00:00+00:00,2332.19,2338.71,2330.5,2333.16,1841.57196902
2026-04-26 09:00:00+00:00,2333.16,2336.2,2329.4,2335.32,1623.07083944
2026-04-26 10:00:00+00:00,2334.5,2337.2,2331.7,2333.57,1082.5169320599991
2026-04-26 11:00:00+00:00,2333.57,2338.56,2332.7,2337.04,1308.1890524900002
2026-04-26 12:00:00+00:00,2337.03,2337.32,2325.0,2328.42,2663.4957135200007
2026-04-26 13:00:00+00:00,2329.66,2336.64,2328.0,2335.95,1918.6140161700005
2026-04-26 14:00:00+00:00,2335.95,2353.04,2333.69,2346.81,6534.94053001
2026-04-26 15:00:00+00:00,2346.75,2349.62,2344.1,2349.0,2593.726259420001
2026-04-26 16:00:00+00:00,2349.51,2350.44,2343.18,2343.31,3590.8597876100007
2026-04-26 17:00:00+00:00,2343.14,2350.96,2340.7,2350.36,3204.03420232
2026-04-26 18:00:00+00:00,2350.02,2405.0,2347.75,2362.5,29766.36235676
2026-04-26 19:00:00+00:00,2362.57,2378.4,2360.43,2368.53,6313.958478319999
2026-04-26 20:00:00+00:00,2368.24,2374.08,2363.02,2364.0,4217.70340129
2026-04-26 21:00:00+00:00,2363.25,2371.56,2347.74,2365.4,6858.220263450001
2026-04-26 22:00:00+00:00,2365.15,2381.16,2353.01,2362.68,5768.730063140003
2026-04-26 23:00:00+00:00,2362.72,2379.8,2357.01,2370.14,4699.506448270001
2026-04-27 00:00:00+00:00,2370.47,2393.0,2359.92,2391.4,7942.028159790001
2026-04-27 01:00:00+00:00,2391.3,2405.5,2378.01,2395.31,10986.85299497
2026-04-27 02:00:00+00:00,2395.0,2398.4,2387.81,2393.61,4486.374617070001
2026-04-27 03:00:00+00:00,2392.74,2401.59,2391.38,2395.27,4904.14521299
2026-04-27 04:00:00+00:00,2395.14,2397.3,2380.88,2383.15,2911.7216578600005
2026-04-27 05:00:00+00:00,2383.17,2384.7,2319.03,2323.2,28922.93213599
2026-04-27 06:00:00+00:00,2323.19,2329.8,2312.6,2322.1,9655.186054180003
2026-04-27 07:00:00+00:00,2321.21,2324.4,2315.2,2316.06,3230.40879547
2026-04-27 08:00:00+00:00,2316.06,2320.4,2308.81,2319.71,6680.3464984400025
2026-04-27 09:00:00+00:00,2319.71,2325.48,2315.52,2322.13,4079.7667964
2026-04-27 10:00:00+00:00,2322.13,2324.2,2318.77,2319.99,2270.76734771
2026-04-27 11:00:00+00:00,2319.99,2323.9,2316.99,2320.32,3465.8767775300007
2026-04-27 12:00:00+00:00,2320.9,2321.59,2311.87,2313.98,5410.608378440001
2026-04-27 13:00:00+00:00,2314.21,2322.7,2300.84,2312.6,10074.18932507
2026-04-27 14:00:00+00:00,2312.52,2330.5,2308.81,2315.03,11929.9067597
2026-04-27 15:00:00+00:00,2315.04,2316.3,2263.8,2274.51,34420.631272980005
2026-04-27 16:00:00+00:00,2274.51,2281.1,2269.76,2277.79,11247.98820115
2026-04-27 17:00:00+00:00,2278.08,2293.1,2277.8,2286.62,11366.728719669996
2026-04-27 18:00:00+00:00,2286.63,2292.9,2248.0,2288.6,6452.56296906
2026-04-27 19:00:00+00:00,2288.56,2291.5,2274.69,2288.95,7979.764389449999
2026-04-27 20:00:00+00:00,2289.55,2297.1,2288.54,2291.22,6495.141735730001
2026-04-27 21:00:00+00:00,2291.6,2293.6,2286.51,2287.25,2698.2034314200005
2026-04-27 22:00:00+00:00,2287.29,2297.7,2284.34,2294.42,3505.68641134
2026-04-27 23:00:00+00:00,2294.25,2309.3,2291.0,2303.09,5427.049045020001
2026-04-28 00:00:00+00:00,2303.59,2312.2,2299.12,2306.75,3661.64522855
2026-04-28 01:00:00+00:00,2306.72,2310.0,2297.77,2298.78,3534.007489910001
2026-04-28 02:00:00+00:00,2298.4,2301.8,2280.23,2288.57,6622.041380239998
2026-04-28 03:00:00+00:00,2288.75,2291.6,2281.6,2290.66,2847.2898080499995
2026-04-28 04:00:00+00:00,2290.65,2294.8,2283.0,2288.51,3262.54932567
2026-04-28 05:00:00+00:00,2288.52,2297.9,2286.75,2287.89,8374.977623609999
2026-04-28 06:00:00+00:00,2288.19,2291.5,2270.02,2277.61,5359.803326379998
2026-04-28 07:00:00+00:00,2277.6,2288.9,2270.16,2287.79,2555.99900955
2026-04-28 08:00:00+00:00,2287.23,2292.01,2283.33,2286.49,2764.07285743
2026-04-28 09:00:00+00:00,2286.81,2288.7,2276.28,2282.0,2260.79280024
2026-04-28 10:00:00+00:00,2282.1,2287.8,2280.6,2283.83,1994.4614275900003
2026-04-28 11:00:00+00:00,2283.84,2285.6,2269.76,2274.95,4765.99148721
2026-04-28 12:00:00+00:00,2274.98,2282.6,2271.04,2278.01,4932.607453110001
2026-04-28 13:00:00+00:00,2278.1,2287.0,2256.82,2276.93,15148.70518302
2026-04-28 14:00:00+00:00,2276.81,2277.3,2256.63,2273.06,9980.607925520002
2026-04-28 15:00:00+00:00,2273.16,2281.2,2269.05,2279.66,6256.116324559998
2026-04-28 16:00:00+00:00,2279.56,2289.4,2273.71,2286.0,8772.779796330002
2026-04-28 17:00:00+00:00,2286.48,2294.5,2278.1,2290.36,9016.35401363
2026-04-28 18:00:00+00:00,2290.17,2300.1,2287.34,2296.87,6501.300896659998
2026-04-28 19:00:00+00:00,2296.53,2307.8,2289.97,2301.06,7482.554759569999
2026-04-28 20:00:00+00:00,2301.07,2308.0,2295.05,2295.06,6067.45854642
2026-04-28 21:00:00+00:00,2295.51,2299.4,2285.39,2290.01,3892.0611643399984
2026-04-28 22:00:00+00:00,2290.1,2296.6,2285.01,2286.26,2072.65734257
2026-04-28 23:00:00+00:00,2286.27,2291.8,2283.6,2289.77,2286.330967539999
2026-04-29 00:00:00+00:00,2288.78,2295.9,2284.56,2291.99,3180.1999625399985
2026-04-29 01:00:00+00:00,2292.35,2297.9,2278.63,2292.45,4584.76857705
2026-04-29 02:00:00+00:00,2292.45,2297.0,2283.92,2288.74,4221.166753230001
2026-04-29 03:00:00+00:00,2288.6,2318.9,2287.39,2311.47,10969.463312930002
2026-04-29 04:00:00+00:00,2311.47,2343.4,2309.05,2326.81,13394.012341139998
2026-04-29 05:00:00+00:00,2326.86,2333.9,2322.3,2328.63,4596.88901577
2026-04-29 06:00:00+00:00,2328.55,2337.9,2319.58,2324.4,5173.478989180001
2026-04-29 07:00:00+00:00,2324.52,2331.1,2321.21,2323.4,2816.44365729
2026-04-29 08:00:00+00:00,2323.6,2330.0,2320.68,2325.44,4521.236287000002
2026-04-29 09:00:00+00:00,2324.93,2348.21,2322.43,2339.76,7966.533875309999
2026-04-29 10:00:00+00:00,2339.76,2347.15,2329.81,2333.05,10145.629635940002
2026-04-29 11:00:00+00:00,2333.05,2337.93,2328.31,2331.25,7434.168375869999
2026-04-29 12:00:00+00:00,2331.25,2332.7,2307.11,2315.8,14857.619992929996
2026-04-29 13:00:00+00:00,2315.8,2318.6,2288.64,2302.45,20264.982613680007
2026-04-29 14:00:00+00:00,2302.44,2308.4,2292.78,2298.9,8476.102319510002
2026-04-29 15:00:00+00:00,2298.83,2301.5,2262.3,2272.6,16559.822999370004
2026-04-29 16:00:00+00:00,2271.73,2279.08,2262.01,2266.8,13664.206746430002
2026-04-29 17:00:00+00:00,2267.99,2283.2,2264.63,2281.77,8376.713081529999
2026-04-29 18:00:00+00:00,2281.62,2288.84,2216.17,2238.88,54471.81107515002
2026-04-29 19:00:00+00:00,2238.17,2242.7,2223.84,2232.79,12882.441790050005
2026-04-29 20:00:00+00:00,2232.75,2248.9,2229.15,2240.0,8474.480858530002
2026-04-29 21:00:00+00:00,2239.67,2265.1,2237.5,2252.17,6653.770750149998
2026-04-29 22:00:00+00:00,2252.35,2259.67,2249.19,2256.94,4014.66801114
2026-04-29 23:00:00+00:00,2257.03,2260.71,2249.23,2253.46,2540.4104266699987
2026-04-30 00:00:00+00:00,2252.12,2274.9,2248.3,2272.8,7398.242355669999
2026-04-30 01:00:00+00:00,2271.77,2279.18,2266.08,2268.9,6951.355174550001
2026-04-30 02:00:00+00:00,2268.41,2273.2,2234.86,2243.72,10173.348539700002
2026-04-30 03:00:00+00:00,2243.71,2257.9,2242.49,2252.36,4638.750426100001
2026-04-30 04:00:00+00:00,2252.48,2254.9,2235.7,2238.06,4492.28983649
2026-04-30 05:00:00+00:00,2238.0,2247.9,2230.15,2242.04,6807.40126092
2026-04-30 06:00:00+00:00,2241.98,2252.9,2240.92,2246.85,2663.3969212
2026-04-30 07:00:00+00:00,2246.98,2262.5,2242.63,2259.98,4621.259598640001
2026-04-30 08:00:00+00:00,2259.98,2262.8,2254.8,2256.02,5728.796060310001
2026-04-30 09:00:00+00:00,2256.02,2271.4,2254.85,2261.46,3807.82225019
2026-04-30 10:00:00+00:00,2261.13,2266.2,2255.91,2261.09,2761.4607404000003
2026-04-30 11:00:00+00:00,2262.2,2273.7,2251.21,2257.74,5096.5756851900005
2026-04-30 12:00:00+00:00,2257.46,2271.08,2256.81,2264.49,4411.4193224
2026-04-30 13:00:00+00:00,2264.48,2273.2,2253.44,2263.26,8976.594734380002
2026-04-30 14:00:00+00:00,2263.28,2270.72,2239.56,2261.44,12299.276652320004
2026-04-30 15:00:00+00:00,2261.18,2275.3,2256.52,2265.07,9698.05347803
2026-04-30 16:00:00+00:00,2264.75,2267.3,2253.92,2256.01,5108.17761362
2026-04-30 17:00:00+00:00,2257.23,2260.2,2249.65,2258.1,6106.94541601
2026-04-30 18:00:00+00:00,2257.9,2265.1,2253.52,2259.31,4921.257870730001
2026-04-30 19:00:00+00:00,2259.07,2267.1,2257.28,2261.07,7734.4472410200015
2026-04-30 20:00:00+00:00,2261.7,2267.0,2259.61,2263.51,6512.608107569999
2026-04-30 21:00:00+00:00,2263.45,2264.85,2252.75,2256.06,4228.350523279999
2026-04-30 22:00:00+00:00,2255.21,2261.6,2251.37,2253.68,1981.34045091
2026-04-30 23:00:00+00:00,2254.4,2259.5,2252.93,2256.15,1296.1811199299998
2026-05-01 00:00:00+00:00,2256.8,2265.9,2256.34,2259.29,2193.36852983
2026-05-01 01:00:00+00:00,2259.29,2270.2,2258.84,2266.8,2334.88316399
2026-05-01 02:00:00+00:00,2266.95,2270.06,2263.81,2266.27,2648.944708519999
2026-05-01 03:00:00+00:00,2266.15,2295.5,2265.16,2282.0,7910.32958398
2026-05-01 04:00:00+00:00,2282.02,2285.2,2277.0,2279.34,2813.27054897
2026-05-01 05:00:00+00:00,2279.56,2286.2,2277.71,2282.58,2905.43551621
2026-05-01 06:00:00+00:00,2282.72,2286.6,2271.08,2276.7,3689.42367281
2026-05-01 07:00:00+00:00,2276.72,2281.5,2272.71,2278.91,3520.66916527
2026-05-01 08:00:00+00:00,2279.05,2289.09,2276.77,2286.9,9283.05793457
2026-05-01 09:00:00+00:00,2286.88,2287.6,2279.22,2281.81,4387.033676629997
2026-05-01 10:00:00+00:00,2281.8,2285.8,2276.51,2282.3,2917.5787848700006
2026-05-01 11:00:00+00:00,2281.85,2293.22,2281.1,2286.33,4161.82879734
2026-05-01 12:00:00+00:00,2286.14,2312.3,2283.39,2300.7,18221.419798190007
2026-05-01 13:00:00+00:00,2301.23,2324.74,2300.7,2318.96,16364.46728536
2026-05-01 14:00:00+00:00,2318.8,2326.59,2301.2,2307.91,16954.222389209997
2026-05-01 15:00:00+00:00,2307.91,2317.09,2298.3,2307.6,8126.699877710002
2026-05-01 16:00:00+00:00,2307.6,2315.0,2297.03,2301.53,12479.485260210004
2026-05-01 17:00:00+00:00,2302.0,2313.73,2297.94,2311.6,6491.612863129999
2026-05-01 18:00:00+00:00,2311.61,2312.5,2303.04,2304.41,5277.846543149999
2026-05-01 19:00:00+00:00,2304.28,2308.34,2301.7,2304.72,5393.58757629
2026-05-01 20:00:00+00:00,2305.36,2305.8,2278.86,2284.3,11511.86238581
2026-05-01 21:00:00+00:00,2284.8,2294.61,2283.0,2292.63,7142.424471160001
2026-05-01 22:00:00+00:00,2292.6,2299.66,2290.5,2292.93,2997.9439230699995
2026-05-01 23:00:00+00:00,2293.82,2295.96,2288.2,2295.06,1992.3713995200003
2026-05-02 00:00:00+00:00,2295.4,2299.4,2292.0,2297.55,1777.13680287
2026-05-02 01:00:00+00:00,2297.35,2300.74,2294.9,2298.58,1369.3092800100003
2026-05-02 02:00:00+00:00,2298.57,2307.69,2294.5,2302.6,1998.46633261
2026-05-02 03:00:00+00:00,2303.25,2308.29,2299.5,2303.94,1207.16881922
2026-05-02 04:00:00+00:00,2304.13,2304.81,2298.3,2300.99,1317.0593393600004
2026-05-02 05:00:00+00:00,2300.99,2301.56,2295.7,2299.51,932.1779545200002
2026-05-02 06:00:00+00:00,2299.51,2306.0,2296.49,2305.2,896.5368172799997
2026-05-02 07:00:00+00:00,2305.2,2306.0,2299.9,2300.1,548.8542876999999
2026-05-02 08:00:00+00:00,2300.76,2304.51,2297.8,2303.43,571.7512462399999
2026-05-02 09:00:00+00:00,2303.23,2307.9,2302.4,2304.9,447.7927650300001
2026-05-02 10:00:00+00:00,2304.9,2305.93,2302.0,2303.31,794.9615989699996
2026-05-02 11:00:00+00:00,2303.34,2305.34,2299.0,2301.73,730.9320126499998
2026-05-02 12:00:00+00:00,2301.74,2306.01,2300.4,2303.3,965.9522998499998
2026-05-02 13:00:00+00:00,2303.39,2312.03,2302.7,2307.96,2730.93555292
2026-05-02 14:00:00+00:00,2308.1,2308.72,2304.3,2306.4,1081.03876918
2026-05-02 15:00:00+00:00,2306.15,2309.98,2304.5,2308.97,787.7111283800001
2026-05-02 16:00:00+00:00,2309.15,2313.67,2307.2,2309.3,1323.9785846499997
2026-05-02 17:00:00+00:00,2309.21,2310.24,2304.8,2305.79,1104.9001041099998
2026-05-02 18:00:00+00:00,2305.78,2311.31,2303.8,2309.63,1158.43270765
2026-05-02 19:00:00+00:00,2309.89,2312.47,2308.4,2310.9,917.33048506
2026-05-02 20:00:00+00:00,2310.9,2312.0,2308.7,2311.69,1693.4041620800003
2026-05-02 21:00:00+00:00,2311.52,2342.22,2310.0,2325.49,6242.698313309999
2026-05-02 22:00:00+00:00,2325.34,2328.65,2316.6,2326.8,3144.1259671900007
2026-05-02 23:00:00+00:00,2327.24,2327.24,2314.01,2316.89,2395.6681227
2026-05-03 00:00:00+00:00,2316.88,2317.78,2308.7,2314.01,2316.5223059600003
2026-05-03 01:00:00+00:00,2313.86,2314.3,2302.0,2303.81,1923.80282813
2026-05-03 02:00:00+00:00,2303.68,2306.96,2298.1,2303.08,2844.72791887
2026-05-03 03:00:00+00:00,2303.22,2303.96,2299.0,2301.61,1435.09872143
2026-05-03 04:00:00+00:00,2301.4,2304.44,2296.1,2301.23,1394.2821667099995
2026-05-03 05:00:00+00:00,2301.23,2304.7,2300.4,2303.8,950.16924297
2026-05-03 06:00:00+00:00,2303.97,2306.14,2299.0,2304.0,826.7601889099999
2026-05-03 07:00:00+00:00,2304.02,2313.69,2303.5,2309.01,1452.1663414600002
2026-05-03 08:00:00+00:00,2309.09,2312.77,2306.6,2307.86,541.9426944399999
2026-05-03 09:00:00+00:00,2307.83,2321.77,2306.4,2316.11,1881.55470746
2026-05-03 10:00:00+00:00,2316.34,2316.4,2310.1,2311.28,604.1479982500001
2026-05-03 11:00:00+00:00,2311.33,2327.84,2309.5,2319.15,3038.84626015
2026-05-03 12:00:00+00:00,2318.9,2332.38,2318.9,2325.42,2845.5483723
2026-05-03 13:00:00+00:00,2324.89,2328.45,2319.6,2321.1,1533.0820648100002
2026-05-03 14:00:00+00:00,2321.61,2329.39,2320.0,2327.4,1579.90113532
2026-05-03 15:00:00+00:00,2328.1,2333.25,2323.8,2327.84,1852.17466114
2026-05-03 16:00:00+00:00,2328.03,2334.98,2321.1,2328.16,5995.367409819999
2026-05-03 17:00:00+00:00,2328.6,2336.45,2323.6,2332.31,8713.85969518
2026-05-03 18:00:00+00:00,2332.31,2333.41,2327.3,2330.88,2250.6843692299994
2026-05-03 19:00:00+00:00,2330.75,2339.27,2327.4,2335.7,7762.9989828399985
2026-05-03 20:00:00+00:00,2336.19,2344.35,2328.0,2329.57,6206.483047490002
2026-05-03 21:00:00+00:00,2329.67,2334.39,2314.0,2323.5,3421.39604485
2026-05-03 22:00:00+00:00,2324.19,2356.38,2323.7,2343.38,9588.44353386
2026-05-03 23:00:00+00:00,2344.11,2347.24,2319.51,2321.9,4361.759522719999
2026-05-04 00:00:00+00:00,2322.56,2322.56,2308.36,2318.73,6719.188966339999
2026-05-04 01:00:00+00:00,2318.5,2353.89,2312.3,2350.6,8039.09346247
2026-05-04 02:00:00+00:00,2351.0,2388.15,2344.9,2374.5,23760.03919682
2026-05-04 03:00:00+00:00,2374.6,2391.34,2371.45,2385.01,9113.47990959
2026-05-04 04:00:00+00:00,2384.71,2399.68,2383.3,2389.88,5609.81347046
2026-05-04 05:00:00+00:00,2389.91,2391.27,2374.0,2375.88,6870.75069468
2026-05-04 06:00:00+00:00,2375.78,2378.29,2353.55,2368.0,7351.094674189999
2026-05-04 07:00:00+00:00,2368.22,2373.28,2361.4,2362.23,3509.566050410001
2026-05-04 08:00:00+00:00,2362.47,2364.48,2356.5,2359.58,5355.95745005
2026-05-04 09:00:00+00:00,2359.71,2370.9,2357.0,2368.24,4676.63548391
2026-05-04 10:00:00+00:00,2368.25,2369.63,2313.3,2338.26,26096.16622954001
2026-05-04 11:00:00+00:00,2338.27,2344.15,2332.3,2337.37,9862.780643229997
2026-05-04 12:00:00+00:00,2337.37,2344.1,2332.2,2334.7,4837.573487070002
2026-05-04 13:00:00+00:00,2335.35,2345.04,2324.5,2336.48,8695.02174854
2026-05-04 14:00:00+00:00,2336.24,2387.01,2326.6,2371.14,22988.11498334
2026-05-04 15:00:00+00:00,2371.41,2374.67,2335.21,2349.85,25312.475388779985
2026-05-04 16:00:00+00:00,2349.86,2365.76,2335.8,2355.01,19108.92682204
2026-05-04 17:00:00+00:00,2355.08,2380.32,2353.2,2370.48,14611.024816889998
2026-05-04 18:00:00+00:00,2369.82,2375.28,2355.5,2361.2,10838.28903511
2026-05-04 19:00:00+00:00,2361.41,2364.51,2352.8,2355.3,11340.964851530003
2026-05-04 20:00:00+00:00,2355.3,2359.28,2346.5,2349.69,4461.92457852
2026-05-04 21:00:00+00:00,2349.7,2364.69,2348.6,2360.42,2375.7151087199986
2026-05-04 22:00:00+00:00,2360.62,2366.4,2353.0,2354.35,2982.444590600001
2026-05-04 23:00:00+00:00,2354.77,2354.77,2343.7,2346.55,2662.2351973
2026-05-05 00:00:00+00:00,2347.06,2359.15,2344.3,2358.76,1992.6172412600004
2026-05-05 01:00:00+00:00,2358.5,2364.86,2354.3,2360.8,3980.87140886
2026-05-05 02:00:00+00:00,2361.95,2377.8,2358.6,2367.52,5231.8110749
2026-05-05 03:00:00+00:00,2367.57,2389.53,2363.8,2381.0,5700.43069746
2026-05-05 04:00:00+00:00,2381.88,2385.75,2375.0,2380.95,3601.32153394
2026-05-05 05:00:00+00:00,2380.95,2390.72,2376.0,2379.99,4353.334319179999
2026-05-05 06:00:00+00:00,2380.5,2381.62,2366.4,2378.76,3552.90341361
2026-05-05 07:00:00+00:00,2378.29,2389.32,2374.4,2380.61,7023.409574619999
2026-05-05 08:00:00+00:00,2380.4,2384.55,2370.9,2376.52,3244.6586563499995
2026-05-05 09:00:00+00:00,2375.2,2376.8,2365.4,2369.36,3962.81594764
2026-05-05 10:00:00+00:00,2369.31,2379.76,2365.7,2378.69,3682.629953550002
2026-05-05 11:00:00+00:00,2378.69,2383.74,2372.2,2380.07,2717.8226358700003
2026-05-05 12:00:00+00:00,2380.07,2390.91,2374.6,2388.68,7057.0516937600005
2026-05-05 13:00:00+00:00,2388.69,2400.16,2381.4,2388.89,13056.859689219997
2026-05-05 14:00:00+00:00,2389.02,2392.82,2367.7,2378.89,13098.137091760003
2026-05-05 15:00:00+00:00,2378.84,2388.5,2373.8,2382.05,7222.99950249
2026-05-05 16:00:00+00:00,2381.41,2384.29,2359.2,2365.08,15504.79996169
2026-05-05 17:00:00+00:00,2365.07,2369.75,2357.5,2362.75,6876.344238680001
2026-05-05 18:00:00+00:00,2363.21,2374.9,2361.2,2372.37,4660.70716374
2026-05-05 19:00:00+00:00,2372.15,2376.64,2368.2,2371.36,4497.48687959
2026-05-05 20:00:00+00:00,2371.62,2387.78,2370.2,2381.1,7490.800675809998
2026-05-05 21:00:00+00:00,2382.73,2388.5,2367.1,2375.46,3071.13096148
2026-05-05 22:00:00+00:00,2375.36,2382.17,2353.0,2367.49,5901.670619879998
2026-05-05 23:00:00+00:00,2367.68,2369.94,2353.6,2361.25,3575.36759052
