Datetime,Open,High,Low,Close,Volume
2025-12-21 21:00:00+00:00,0.11086,0.11115,0.11029,0.11059,2894834.500000001
2025-12-21 22:00:00+00:00,0.11059,0.11169,0.11035,0.1116,2529720.400000001
2025-12-21 23:00:00+00:00,0.11164,0.11258,0.11119,0.11193,3940455.599999999
2025-12-22 00:00:00+00:00,0.11195,0.11433,0.11195,0.11215,9987911.599999998
2025-12-22 01:00:00+00:00,0.11208,0.11309,0.11167,0.11187,5790158.2
2025-12-22 02:00:00+00:00,0.11187,0.11187,0.11058,0.11142,6144008.100000002
2025-12-22 03:00:00+00:00,0.11142,0.11254,0.11112,0.11193,3554313.8
2025-12-22 04:00:00+00:00,0.11199,0.11261,0.11198,0.11235,2735196.3
2025-12-22 05:00:00+00:00,0.11236,0.11264,0.11191,0.11233,2274296.9000000004
2025-12-22 06:00:00+00:00,0.11228,0.1128,0.11204,0.11233,2092565.3
2025-12-22 07:00:00+00:00,0.11232,0.11323,0.11218,0.113,1862701.9
2025-12-22 08:00:00+00:00,0.11298,0.11397,0.11271,0.11284,5588988.5
2025-12-22 09:00:00+00:00,0.11287,0.11324,0.11253,0.11306,2424134.4999999995
2025-12-22 10:00:00+00:00,0.1131,0.11346,0.11252,0.11316,2650647.000000001
2025-12-22 11:00:00+00:00,0.11317,0.11365,0.11259,0.11332,3368318.8
2025-12-22 12:00:00+00:00,0.11333,0.11482,0.11323,0.11427,6280686.100000003
2025-12-22 13:00:00+00:00,0.11428,0.1146,0.11355,0.11418,6476723.8
2025-12-22 14:00:00+00:00,0.11419,0.11526,0.11348,0.11509,25651278.700000007
2025-12-22 15:00:00+00:00,0.11506,0.11547,0.11391,0.11525,11534161.300000004
2025-12-22 16:00:00+00:00,0.11526,0.116,0.11489,0.11561,10190150.899999997
2025-12-22 17:00:00+00:00,0.11566,0.11633,0.11478,0.11633,10112658.900000002
2025-12-22 18:00:00+00:00,0.11632,0.11686,0.11575,0.11591,7253279.799999999
2025-12-22 19:00:00+00:00,0.11589,0.11596,0.1129,0.11318,11220809.8
2025-12-22 20:00:00+00:00,0.11316,0.11378,0.11229,0.11269,7798998.800000001
2025-12-22 21:00:00+00:00,0.11269,0.11395,0.11265,0.1134,3275863.600000001
2025-12-22 22:00:00+00:00,0.11333,0.11434,0.11306,0.11426,2975581.3
2025-12-22 23:00:00+00:00,0.11426,0.1144,0.11387,0.11407,3333908.2000000007
2025-12-23 00:00:00+00:00,0.11405,0.11477,0.11374,0.11429,3516056.5
2025-12-23 01:00:00+00:00,0.1143,0.11448,0.1134,0.11367,1966370.4000000008
2025-12-23 02:00:00+00:00,0.11367,0.11411,0.11258,0.11268,3506684.5
2025-12-23 03:00:00+00:00,0.11271,0.11299,0.11198,0.11246,5079979.199999998
2025-12-23 04:00:00+00:00,0.11245,0.11276,0.11115,0.1116,12551536.600000003
2025-12-23 05:00:00+00:00,0.11159,0.11164,0.11092,0.1116,2721872.699999999
2025-12-23 06:00:00+00:00,0.1116,0.1117,0.1108,0.11134,4274424.2
2025-12-23 07:00:00+00:00,0.11132,0.11143,0.11087,0.11103,2859840.3999999994
2025-12-23 08:00:00+00:00,0.11105,0.11137,0.11043,0.11056,1922111.9999999995
2025-12-23 09:00:00+00:00,0.11053,0.11097,0.11044,0.11088,1988260.8
2025-12-23 10:00:00+00:00,0.11084,0.11187,0.1108,0.11159,4741133.300000001
2025-12-23 11:00:00+00:00,0.1116,0.11283,0.11156,0.1128,2197260.1
2025-12-23 12:00:00+00:00,0.11275,0.11275,0.11199,0.11211,2703468.799999999
2025-12-23 13:00:00+00:00,0.11206,0.11211,0.11087,0.11099,3419912.0999999987
2025-12-23 14:00:00+00:00,0.11097,0.11156,0.10919,0.10986,12146374.7
2025-12-23 15:00:00+00:00,0.10986,0.11034,0.10903,0.10994,11492412.100000003
2025-12-23 16:00:00+00:00,0.10993,0.1115,0.10967,0.11112,10486177.3
2025-12-23 17:00:00+00:00,0.11112,0.11148,0.10923,0.10931,5769016.899999999
2025-12-23 18:00:00+00:00,0.10933,0.11108,0.10919,0.1106,6599787.500000001
2025-12-23 19:00:00+00:00,0.1106,0.11109,0.11002,0.11016,3217696.9000000004
2025-12-23 20:00:00+00:00,0.11017,0.11145,0.11,0.11054,7075129.999999998
2025-12-23 21:00:00+00:00,0.11057,0.11084,0.11007,0.11034,3011713.2
2025-12-23 22:00:00+00:00,0.11033,0.11062,0.10961,0.10995,2985916.0
2025-12-23 23:00:00+00:00,0.10995,0.11066,0.10969,0.1104,2874707.400000002
2025-12-24 00:00:00+00:00,0.11041,0.11093,0.11011,0.11091,2978542.100000001
2025-12-24 01:00:00+00:00,0.11094,0.11114,0.11034,0.11057,2674744.7
2025-12-24 02:00:00+00:00,0.11058,0.11061,0.10914,0.10929,4859866.1
2025-12-24 03:00:00+00:00,0.10928,0.11064,0.10887,0.11064,8425611.200000003
2025-12-24 04:00:00+00:00,0.11064,0.11099,0.10954,0.10955,3670686.000000001
2025-12-24 05:00:00+00:00,0.10957,0.10983,0.10875,0.10904,3744023.600000001
2025-12-24 06:00:00+00:00,0.10901,0.10942,0.10854,0.10915,4434001.7
2025-12-24 07:00:00+00:00,0.10919,0.10929,0.10866,0.10866,2628188.4
2025-12-24 08:00:00+00:00,0.10866,0.10905,0.10844,0.10867,4151730.600000001
2025-12-24 09:00:00+00:00,0.10871,0.1091,0.10831,0.10859,2513761.8
2025-12-24 10:00:00+00:00,0.10858,0.10892,0.10849,0.10852,2171934.9999999995
2025-12-24 11:00:00+00:00,0.10853,0.10947,0.10853,0.10921,4096440.0
2025-12-24 12:00:00+00:00,0.10921,0.10993,0.10907,0.10992,3445846.3
2025-12-24 13:00:00+00:00,0.10991,0.10992,0.10933,0.10969,2457556.9000000004
2025-12-24 14:00:00+00:00,0.10969,0.11,0.10809,0.10922,7017101.3
2025-12-24 15:00:00+00:00,0.1092,0.10997,0.1088,0.10992,7952847.400000003
2025-12-24 16:00:00+00:00,0.10989,0.11048,0.10911,0.10968,11079653.800000006
2025-12-24 17:00:00+00:00,0.1097,0.11004,0.10903,0.10909,5700270.999999999
2025-12-24 18:00:00+00:00,0.10907,0.10917,0.1085,0.10874,5580461.1
2025-12-24 19:00:00+00:00,0.10872,0.10929,0.10854,0.10909,2710632.3
2025-12-24 20:00:00+00:00,0.10911,0.10992,0.10908,0.10937,3575945.5000000005
2025-12-24 21:00:00+00:00,0.10938,0.10968,0.10925,0.10948,2959813.2000000007
2025-12-24 22:00:00+00:00,0.10948,0.11022,0.10919,0.11018,2805501.499999999
2025-12-24 23:00:00+00:00,0.1102,0.11022,0.1092,0.10923,2890331.6
2025-12-25 00:00:00+00:00,0.10923,0.10957,0.10873,0.10877,2199834.4999999995
2025-12-25 01:00:00+00:00,0.10877,0.10972,0.10877,0.10947,1921488.9000000004
2025-12-25 02:00:00+00:00,0.10948,0.11075,0.10918,0.11057,3358446.2
2025-12-25 03:00:00+00:00,0.11057,0.11079,0.1102,0.11049,3791419.000000001
2025-12-25 04:00:00+00:00,0.11049,0.112,0.11027,0.11167,3007378.100000001
2025-12-25 05:00:00+00:00,0.11164,0.11185,0.11116,0.11171,4247816.600000001
2025-12-25 06:00:00+00:00,0.11171,0.11232,0.11146,0.11198,3219979.7
2025-12-25 07:00:00+00:00,0.11199,0.11223,0.11146,0.11219,1930390.200000001
2025-12-25 08:00:00+00:00,0.11218,0.11295,0.11157,0.11197,5604299.799999999
2025-12-25 09:00:00+00:00,0.112,0.11208,0.11156,0.11176,1724905.7999999996
2025-12-25 10:00:00+00:00,0.11174,0.11174,0.11005,0.11021,4290613.6
2025-12-25 11:00:00+00:00,0.11022,0.11061,0.11016,0.11044,2529034.8000000003
2025-12-25 12:00:00+00:00,0.1104,0.11116,0.11028,0.11116,1622764.6000000003
2025-12-25 13:00:00+00:00,0.11116,0.11166,0.1109,0.11147,6351602.500000002
2025-12-25 14:00:00+00:00,0.11146,0.11166,0.11035,0.11085,3718421.500000001
2025-12-25 15:00:00+00:00,0.11083,0.11249,0.11051,0.11209,7023142.9
2025-12-25 16:00:00+00:00,0.1121,0.11234,0.11103,0.11118,7014211.8000000045
2025-12-25 17:00:00+00:00,0.11119,0.11133,0.11066,0.11129,3895871.100000001
2025-12-25 18:00:00+00:00,0.11128,0.11238,0.11126,0.11201,5662509.799999998
2025-12-25 19:00:00+00:00,0.11201,0.1124,0.11169,0.11236,5422940.200000001
2025-12-25 20:00:00+00:00,0.11237,0.11239,0.11178,0.11215,2482437.2
2025-12-25 21:00:00+00:00,0.11214,0.11232,0.11193,0.11209,1908349.1
2025-12-25 22:00:00+00:00,0.11211,0.11218,0.10947,0.10988,5201362.199999997
2025-12-25 23:00:00+00:00,0.10988,0.11032,0.10836,0.10884,7894507.0
2025-12-26 00:00:00+00:00,0.10882,0.1092,0.10834,0.10895,4251823.600000001
2025-12-26 01:00:00+00:00,0.10891,0.11033,0.10882,0.11009,6615837.599999999
2025-12-26 02:00:00+00:00,0.11008,0.1135,0.11001,0.11246,12134217.4
2025-12-26 03:00:00+00:00,0.11246,0.11267,0.11196,0.11236,3629311.7
2025-12-26 04:00:00+00:00,0.11238,0.11242,0.11144,0.11211,3674842.2
2025-12-26 05:00:00+00:00,0.11213,0.11237,0.11174,0.11231,2037892.6000000003
2025-12-26 06:00:00+00:00,0.11234,0.11307,0.11234,0.11283,3906585.4
2025-12-26 07:00:00+00:00,0.11288,0.11389,0.11257,0.11294,5986153.499999998
2025-12-26 08:00:00+00:00,0.11288,0.11356,0.11271,0.11319,3321345.700000001
2025-12-26 09:00:00+00:00,0.11319,0.1143,0.11299,0.11427,3520716.8000000003
2025-12-26 10:00:00+00:00,0.11428,0.11657,0.11421,0.11645,6411303.199999999
2025-12-26 11:00:00+00:00,0.11645,0.11714,0.11441,0.11457,12494018.200000012
2025-12-26 12:00:00+00:00,0.11458,0.11483,0.11387,0.11395,5072823.400000001
2025-12-26 13:00:00+00:00,0.11393,0.11416,0.11345,0.1138,3484923.6999999983
2025-12-26 14:00:00+00:00,0.1138,0.11389,0.11135,0.11163,6606489.700000001
2025-12-26 15:00:00+00:00,0.11162,0.11178,0.11063,0.11098,6648538.200000001
2025-12-26 16:00:00+00:00,0.111,0.11153,0.11038,0.11044,5183152.699999997
2025-12-26 17:00:00+00:00,0.11046,0.11145,0.11046,0.11117,3411038.9
2025-12-26 18:00:00+00:00,0.11119,0.11171,0.11093,0.11119,4091842.9
2025-12-26 19:00:00+00:00,0.1112,0.11211,0.1112,0.11199,2583653.8999999994
2025-12-26 20:00:00+00:00,0.11195,0.11276,0.11171,0.11233,3153673.3
2025-12-26 21:00:00+00:00,0.11236,0.11247,0.11166,0.11167,2219166.8
2025-12-26 22:00:00+00:00,0.11167,0.11196,0.11133,0.11179,2181997.2
2025-12-26 23:00:00+00:00,0.11176,0.11196,0.11142,0.11157,1579713.0999999994
2025-12-27 00:00:00+00:00,0.11157,0.112,0.11153,0.11195,2011682.2
2025-12-27 01:00:00+00:00,0.11196,0.11197,0.1112,0.11161,4221207.2
2025-12-27 02:00:00+00:00,0.1117,0.11197,0.111,0.11182,4807505.500000001
2025-12-27 03:00:00+00:00,0.11182,0.1128,0.11144,0.11277,5598307.099999999
2025-12-27 04:00:00+00:00,0.11278,0.11283,0.11175,0.11196,6009427.8
2025-12-27 05:00:00+00:00,0.11195,0.11216,0.1118,0.11216,3307616.4999999967
2025-12-27 06:00:00+00:00,0.11217,0.11217,0.11171,0.11183,1850222.0
2025-12-27 07:00:00+00:00,0.11181,0.11237,0.11167,0.11187,1478637.2999999998
2025-12-27 08:00:00+00:00,0.11189,0.11206,0.11175,0.11198,987578.6
2025-12-27 09:00:00+00:00,0.11195,0.11259,0.11193,0.11211,2176786.5
2025-12-27 10:00:00+00:00,0.11211,0.11255,0.1115,0.11254,2522330.3
2025-12-27 11:00:00+00:00,0.11255,0.11324,0.11245,0.11316,4326284.399999999
2025-12-27 12:00:00+00:00,0.11318,0.11348,0.11289,0.113,3279736.100000001
2025-12-27 13:00:00+00:00,0.11301,0.11311,0.11193,0.11215,3286345.100000001
2025-12-27 14:00:00+00:00,0.11214,0.1124,0.11203,0.1123,1918873.5
2025-12-27 15:00:00+00:00,0.11232,0.11279,0.11207,0.11264,2266490.9999999995
2025-12-27 16:00:00+00:00,0.11265,0.11294,0.11252,0.1126,2816625.099999999
2025-12-27 17:00:00+00:00,0.11259,0.11315,0.11252,0.1131,1983321.2
2025-12-27 18:00:00+00:00,0.1131,0.11367,0.11297,0.11339,5415507.899999998
2025-12-27 19:00:00+00:00,0.11342,0.11391,0.11321,0.1139,4640824.200000002
2025-12-27 20:00:00+00:00,0.11391,0.11478,0.11391,0.11427,7043304.099999997
2025-12-27 21:00:00+00:00,0.11431,0.115,0.11429,0.11465,5886342.899999999
2025-12-27 22:00:00+00:00,0.1147,0.11531,0.11389,0.11415,7212130.899999997
2025-12-27 23:00:00+00:00,0.11419,0.11558,0.11417,0.11516,5017497.999999998
2025-12-28 00:00:00+00:00,0.11516,0.11542,0.11473,0.11511,3878311.100000002
2025-12-28 01:00:00+00:00,0.11516,0.11529,0.11459,0.11502,2487085.1
2025-12-28 02:00:00+00:00,0.115,0.11577,0.11497,0.11552,3804690.000000001
2025-12-28 03:00:00+00:00,0.11553,0.11595,0.11529,0.1158,3545359.3999999994
2025-12-28 04:00:00+00:00,0.11579,0.11594,0.11514,0.1154,2724258.3
2025-12-28 05:00:00+00:00,0.11539,0.116,0.11528,0.11577,2201904.3000000003
2025-12-28 06:00:00+00:00,0.11573,0.11643,0.11563,0.11608,3046626.500000005
2025-12-28 07:00:00+00:00,0.11605,0.11626,0.11594,0.11595,1776812.6999999995
2025-12-28 08:00:00+00:00,0.11596,0.11646,0.11574,0.11588,2405283.999999999
2025-12-28 09:00:00+00:00,0.11589,0.11608,0.11547,0.11568,1678969.2999999998
2025-12-28 10:00:00+00:00,0.11571,0.11589,0.11549,0.11587,2673380.299999999
2025-12-28 11:00:00+00:00,0.11592,0.11662,0.11563,0.11613,1377759.7
2025-12-28 12:00:00+00:00,0.11616,0.1162,0.11554,0.11564,2356215.7
2025-12-28 13:00:00+00:00,0.11567,0.11584,0.11531,0.11548,1986722.7000000004
2025-12-28 14:00:00+00:00,0.11548,0.1162,0.11546,0.11581,2533618.8000000003
2025-12-28 15:00:00+00:00,0.11581,0.11636,0.11561,0.11566,3867892.3000000007
2025-12-28 16:00:00+00:00,0.11566,0.11611,0.11559,0.11574,2773666.4999999995
2025-12-28 17:00:00+00:00,0.11572,0.11629,0.11563,0.11569,1355055.4
2025-12-28 18:00:00+00:00,0.1157,0.11575,0.11394,0.11407,5956644.000000003
2025-12-28 19:00:00+00:00,0.11406,0.11459,0.1138,0.11415,2523383.700000001
2025-12-28 20:00:00+00:00,0.11415,0.11436,0.11376,0.11378,2106771.9999999995
2025-12-28 21:00:00+00:00,0.11377,0.11395,0.11348,0.11392,2598285.7
2025-12-28 22:00:00+00:00,0.11394,0.11484,0.11369,0.11467,2034083.2
2025-12-28 23:00:00+00:00,0.11469,0.11545,0.11439,0.11538,3754908.6999999993
2025-12-29 00:00:00+00:00,0.11539,0.117,0.11521,0.11633,8659985.100000001
2025-12-29 01:00:00+00:00,0.11631,0.11707,0.11537,0.11659,7088280.999999999
2025-12-29 02:00:00+00:00,0.11661,0.11773,0.11661,0.11719,9688359.600000003
2025-12-29 03:00:00+00:00,0.11719,0.11861,0.11691,0.11834,11281890.399999997
2025-12-29 04:00:00+00:00,0.11834,0.11891,0.11798,0.11823,4494044.600000001
2025-12-29 05:00:00+00:00,0.11822,0.11822,0.11711,0.11722,4646940.999999999
2025-12-29 06:00:00+00:00,0.11721,0.11757,0.11669,0.11679,3030949.7000000007
2025-12-29 07:00:00+00:00,0.11679,0.11693,0.11602,0.11662,5420336.200000002
2025-12-29 08:00:00+00:00,0.11664,0.11704,0.11615,0.11635,4834742.399999999
2025-12-29 09:00:00+00:00,0.11636,0.11656,0.1143,0.11481,5640043.899999999
2025-12-29 10:00:00+00:00,0.1148,0.11549,0.11474,0.11502,4684905.300000002
2025-12-29 11:00:00+00:00,0.115,0.11505,0.11437,0.11438,3735021.2999999984
2025-12-29 12:00:00+00:00,0.11434,0.11439,0.11256,0.11383,8539645.7
2025-12-29 13:00:00+00:00,0.1138,0.11397,0.11283,0.11303,4232443.899999999
2025-12-29 14:00:00+00:00,0.11302,0.1145,0.11256,0.11315,9701401.4
2025-12-29 15:00:00+00:00,0.11315,0.1153,0.11306,0.11478,10191122.8
2025-12-29 16:00:00+00:00,0.11476,0.11515,0.11299,0.11299,13354271.499999998
2025-12-29 17:00:00+00:00,0.11302,0.11485,0.11301,0.11456,16411423.800000004
2025-12-29 18:00:00+00:00,0.11453,0.11472,0.11302,0.11312,5447094.399999999
2025-12-29 19:00:00+00:00,0.1131,0.11388,0.1128,0.1129,5137655.299999998
2025-12-29 20:00:00+00:00,0.11291,0.11336,0.11249,0.11267,4033082.5
2025-12-29 21:00:00+00:00,0.11264,0.11378,0.11253,0.11367,7916224.500000001
2025-12-29 22:00:00+00:00,0.11366,0.11366,0.113,0.11303,3994786.9
2025-12-29 23:00:00+00:00,0.11302,0.11321,0.11252,0.11273,3878942.5
2025-12-30 00:00:00+00:00,0.11273,0.11315,0.11228,0.11261,3768789.6
2025-12-30 01:00:00+00:00,0.1126,0.11295,0.11209,0.11222,3245957.3999999994
2025-12-30 02:00:00+00:00,0.11221,0.11225,0.11161,0.11168,4791701.400000001
2025-12-30 03:00:00+00:00,0.11166,0.11221,0.11124,0.11192,4681433.999999999
2025-12-30 04:00:00+00:00,0.11194,0.11272,0.11175,0.11221,2869729.4000000004
2025-12-30 05:00:00+00:00,0.11221,0.11232,0.11155,0.112,2538361.399999999
2025-12-30 06:00:00+00:00,0.11199,0.11264,0.11193,0.11225,1936702.3
2025-12-30 07:00:00+00:00,0.1122,0.11251,0.11191,0.11204,1642577.8
2025-12-30 08:00:00+00:00,0.11203,0.11327,0.11197,0.11228,6362562.199999998
2025-12-30 09:00:00+00:00,0.11227,0.11249,0.11188,0.11233,2316044.7
2025-12-30 10:00:00+00:00,0.11238,0.11238,0.11178,0.1121,2225239.599999999
2025-12-30 11:00:00+00:00,0.11208,0.1121,0.11168,0.11194,2249320.6
2025-12-30 12:00:00+00:00,0.11194,0.11221,0.11171,0.11188,2019668.9000000008
2025-12-30 13:00:00+00:00,0.11187,0.11214,0.11159,0.112,2988821.7000000007
2025-12-30 14:00:00+00:00,0.11197,0.11273,0.11109,0.11258,17158006.399999987
2025-12-30 15:00:00+00:00,0.11257,0.11278,0.11173,0.11258,5959975.5
2025-12-30 16:00:00+00:00,0.11259,0.1133,0.11165,0.11192,7751738.6
2025-12-30 17:00:00+00:00,0.11192,0.11213,0.11113,0.11147,5751038.300000003
2025-12-30 18:00:00+00:00,0.11146,0.11163,0.1108,0.11105,5604071.200000001
2025-12-30 19:00:00+00:00,0.11104,0.11123,0.11036,0.11067,4514571.0
2025-12-30 20:00:00+00:00,0.11067,0.11068,0.11016,0.11023,4710226.600000002
2025-12-30 21:00:00+00:00,0.11023,0.11059,0.1102,0.11032,4083022.599999999
2025-12-30 22:00:00+00:00,0.11034,0.11097,0.11022,0.11082,3647178.7999999993
2025-12-30 23:00:00+00:00,0.11078,0.11213,0.11069,0.11159,13791853.900000004
2025-12-31 00:00:00+00:00,0.11158,0.11158,0.11072,0.11091,4159355.100000001
2025-12-31 01:00:00+00:00,0.11089,0.11178,0.11077,0.11129,6526942.100000001
2025-12-31 02:00:00+00:00,0.11128,0.11167,0.11106,0.11135,4951434.200000001
2025-12-31 03:00:00+00:00,0.11135,0.11137,0.11053,0.1111,13062804.000000006
2025-12-31 04:00:00+00:00,0.11111,0.11137,0.11099,0.11107,2935217.199999999
2025-12-31 05:00:00+00:00,0.11106,0.11136,0.11096,0.11104,3240988.100000001
2025-12-31 06:00:00+00:00,0.11104,0.11145,0.11095,0.11129,3751397.1
2025-12-31 07:00:00+00:00,0.11128,0.11157,0.11109,0.11157,2196237.9000000004
2025-12-31 08:00:00+00:00,0.11155,0.11185,0.11078,0.11088,3996823.599999999
2025-12-31 09:00:00+00:00,0.11088,0.11096,0.11054,0.11077,2473902.4000000004
2025-12-31 10:00:00+00:00,0.11077,0.11088,0.11033,0.11046,2626525.7
2025-12-31 11:00:00+00:00,0.11046,0.11095,0.10862,0.10974,14800202.39999997
2025-12-31 12:00:00+00:00,0.10975,0.10975,0.10897,0.10927,4941931.599999999
2025-12-31 13:00:00+00:00,0.10926,0.10958,0.10909,0.10919,5664623.900000001
2025-12-31 14:00:00+00:00,0.10916,0.11054,0.10915,0.10984,21403419.1
2025-12-31 15:00:00+00:00,0.10981,0.10983,0.10902,0.10922,9053768.1
2025-12-31 16:00:00+00:00,0.10923,0.10925,0.10713,0.10767,9677839.700000005
2025-12-31 17:00:00+00:00,0.10765,0.10775,0.10653,0.10663,14178748.4
2025-12-31 18:00:00+00:00,0.10663,0.10695,0.10601,0.10629,18933447.8
2025-12-31 19:00:00+00:00,0.1063,0.1067,0.10603,0.10625,7790616.7
2025-12-31 20:00:00+00:00,0.10624,0.10724,0.10562,0.107,11027394.800000004
2025-12-31 21:00:00+00:00,0.107,0.10713,0.10657,0.1069,5547518.499999999
2025-12-31 22:00:00+00:00,0.1069,0.10699,0.10597,0.10635,7790476.299999999
2025-12-31 23:00:00+00:00,0.10634,0.10658,0.10609,0.10617,4857103.6
2026-01-01 00:00:00+00:00,0.10621,0.1075,0.10619,0.10679,6148900.599999999
2026-01-01 01:00:00+00:00,0.1068,0.10728,0.10632,0.10663,5279213.299999997
2026-01-01 02:00:00+00:00,0.10665,0.10754,0.10647,0.10735,12151184.099999992
2026-01-01 03:00:00+00:00,0.10736,0.10754,0.10703,0.10714,3091473.4999999995
2026-01-01 04:00:00+00:00,0.10716,0.10734,0.10701,0.10726,3438139.2
2026-01-01 05:00:00+00:00,0.10725,0.1097,0.10723,0.10962,7738327.799999999
2026-01-01 06:00:00+00:00,0.10966,0.11013,0.10747,0.1077,11015557.900000006
2026-01-01 07:00:00+00:00,0.1077,0.10794,0.10744,0.10744,2408244.9
2026-01-01 08:00:00+00:00,0.10743,0.10769,0.1073,0.10764,2391724.9999999995
2026-01-01 09:00:00+00:00,0.10764,0.10833,0.10764,0.10799,2722617.2
2026-01-01 10:00:00+00:00,0.10804,0.10813,0.10773,0.10788,799914.5
2026-01-02 00:00:00+00:00,0.1142,0.11441,0.11295,0.11331,6714768.900000003
2026-01-02 01:00:00+00:00,0.11332,0.11397,0.11332,0.11385,4842112.899999998
2026-01-02 02:00:00+00:00,0.11384,0.1141,0.11341,0.11409,5939304.3
2026-01-02 03:00:00+00:00,0.11409,0.11589,0.11393,0.11578,8496731.9
2026-01-02 04:00:00+00:00,0.1158,0.116,0.11508,0.11557,4230302.1
2026-01-02 05:00:00+00:00,0.11557,0.11602,0.11534,0.11561,4903250.399999999
2026-01-02 06:00:00+00:00,0.11564,0.11636,0.11564,0.11598,4202698.199999999
2026-01-02 07:00:00+00:00,0.11598,0.11675,0.11487,0.11517,4203176.999999999
2026-01-02 08:00:00+00:00,0.11517,0.11607,0.11501,0.11598,5452789.200000001
2026-01-02 09:00:00+00:00,0.11601,0.1185,0.1158,0.11747,6778008.199999999
2026-01-02 10:00:00+00:00,0.1175,0.11954,0.1175,0.11917,10562715.0
2026-01-02 11:00:00+00:00,0.11922,0.1194,0.11787,0.11851,6666271.899999997
2026-01-02 12:00:00+00:00,0.11851,0.12014,0.11823,0.12006,6481441.500000001
2026-01-02 13:00:00+00:00,0.12005,0.12027,0.11925,0.11933,4648983.0
2026-01-02 14:00:00+00:00,0.1193,0.12047,0.11801,0.11965,13941519.9
2026-01-02 15:00:00+00:00,0.11963,0.12043,0.11845,0.11915,13399362.099999994
2026-01-02 16:00:00+00:00,0.11913,0.12122,0.11867,0.12029,16151100.8
2026-01-02 17:00:00+00:00,0.12027,0.12088,0.11951,0.1202,14918962.399999997
2026-01-02 18:00:00+00:00,0.1202,0.12032,0.11859,0.11892,13149024.800000004
2026-01-02 19:00:00+00:00,0.11894,0.1201,0.11858,0.11975,8194221.9
2026-01-02 20:00:00+00:00,0.11976,0.12072,0.11976,0.12051,6869841.399999999
2026-01-02 21:00:00+00:00,0.12047,0.12143,0.12011,0.12098,11084735.100000003
2026-01-02 22:00:00+00:00,0.12096,0.1223,0.12096,0.12165,7148482.399999997
2026-01-02 23:00:00+00:00,0.12163,0.12229,0.12127,0.1216,5149941.200000001
2026-01-03 00:00:00+00:00,0.12158,0.12228,0.12156,0.12158,7079013.299999998
2026-01-03 01:00:00+00:00,0.12159,0.12191,0.1214,0.12154,7546759.899999995
2026-01-03 02:00:00+00:00,0.12152,0.12178,0.12053,0.1217,6392346.3
2026-01-03 03:00:00+00:00,0.1217,0.12191,0.12079,0.12166,9621959.600000007
2026-01-03 04:00:00+00:00,0.12167,0.1218,0.12075,0.12095,6657529.599999999
2026-01-03 05:00:00+00:00,0.12094,0.12161,0.12065,0.12088,4267672.7
2026-01-03 06:00:00+00:00,0.12082,0.12125,0.11901,0.11922,5298297.200000001
2026-01-03 07:00:00+00:00,0.11921,0.11959,0.11713,0.11757,7595273.400000002
2026-01-03 08:00:00+00:00,0.11753,0.11853,0.11723,0.11799,6121548.9
2026-01-03 09:00:00+00:00,0.11803,0.11871,0.11765,0.11841,3605830.0
2026-01-03 10:00:00+00:00,0.11843,0.11859,0.11796,0.11815,2225568.8000000003
2026-01-03 11:00:00+00:00,0.11816,0.11823,0.11788,0.1182,1765554.5000000002
2026-01-03 12:00:00+00:00,0.11819,0.11886,0.11795,0.11867,2381865.1
2026-01-03 13:00:00+00:00,0.11867,0.11957,0.11859,0.11943,4283713.6
2026-01-03 14:00:00+00:00,0.11949,0.11993,0.11907,0.11949,3401265.0000000005
2026-01-03 15:00:00+00:00,0.11946,0.11963,0.11904,0.11929,3242165.0
2026-01-03 16:00:00+00:00,0.11929,0.12017,0.11914,0.11972,5004781.8
2026-01-03 17:00:00+00:00,0.11974,0.12027,0.11945,0.12022,3541100.800000001
2026-01-03 18:00:00+00:00,0.12018,0.12066,0.11975,0.12022,3491369.1
2026-01-03 19:00:00+00:00,0.12019,0.12019,0.11964,0.11978,2895587.1
2026-01-03 20:00:00+00:00,0.11976,0.1203,0.11923,0.11997,2942749.7
2026-01-03 21:00:00+00:00,0.11999,0.12039,0.11969,0.11981,2321402.4
2026-01-03 22:00:00+00:00,0.11976,0.12063,0.11961,0.1205,1981000.9
2026-01-03 23:00:00+00:00,0.1205,0.12082,0.12032,0.12079,1232446.3
2026-01-06 00:00:00+00:00,0.13169,0.13266,0.12981,0.13236,14129098.2
2026-01-06 01:00:00+00:00,0.13237,0.13368,0.13098,0.13115,18491467.00000001
2026-01-06 02:00:00+00:00,0.13118,0.13294,0.13083,0.13123,10396457.399999997
2026-01-06 03:00:00+00:00,0.13122,0.13226,0.1312,0.13216,7518001.700000002
2026-01-06 04:00:00+00:00,0.13216,0.13289,0.13182,0.13182,5186720.899999999
2026-01-06 05:00:00+00:00,0.1318,0.1323,0.13063,0.13091,9917216.199999996
2026-01-06 06:00:00+00:00,0.13091,0.13135,0.13023,0.13037,7453433.900000002
2026-01-06 07:00:00+00:00,0.13036,0.13048,0.1277,0.12823,9902708.999999998
2026-01-06 08:00:00+00:00,0.12821,0.12922,0.12789,0.12808,6129486.600000002
2026-01-06 09:00:00+00:00,0.12806,0.12883,0.12795,0.12868,6529357.400000003
2026-01-06 10:00:00+00:00,0.12866,0.1294,0.12846,0.12915,4203344.200000001
2026-01-06 11:00:00+00:00,0.12914,0.13157,0.12899,0.13131,8947513.099999996
2026-01-06 12:00:00+00:00,0.13132,0.1329,0.13117,0.13258,9688625.500000004
2026-01-06 13:00:00+00:00,0.13256,0.1335,0.13234,0.13251,8979501.0
2026-01-06 14:00:00+00:00,0.13252,0.13501,0.13246,0.13329,20272317.90000001
2026-01-06 15:00:00+00:00,0.13326,0.13418,0.1305,0.13121,16912434.499999996
2026-01-06 16:00:00+00:00,0.13121,0.13151,0.12648,0.1274,23027422.49999999
2026-01-06 17:00:00+00:00,0.1274,0.12786,0.12421,0.12448,17293933.2
2026-01-06 18:00:00+00:00,0.12448,0.12681,0.12414,0.12632,12369153.9
2026-01-06 19:00:00+00:00,0.12636,0.12692,0.12571,0.12589,8611288.0
2026-01-06 20:00:00+00:00,0.12588,0.12792,0.12588,0.12735,7650214.3999999985
2026-01-06 21:00:00+00:00,0.12733,0.12993,0.12665,0.12841,11114261.900000004
2026-01-06 22:00:00+00:00,0.1284,0.12883,0.12707,0.12787,8149014.599999999
2026-01-06 23:00:00+00:00,0.12787,0.12912,0.12779,0.12892,6220653.699999997
2026-01-07 00:00:00+00:00,0.12893,0.12901,0.12627,0.12641,7514444.0
2026-01-07 01:00:00+00:00,0.12645,0.12705,0.1255,0.12565,8835238.799999999
2026-01-07 02:00:00+00:00,0.12565,0.12671,0.12531,0.1266,7808972.299999998
2026-01-07 03:00:00+00:00,0.1266,0.1273,0.12641,0.12692,6428682.999999999
2026-01-07 04:00:00+00:00,0.12693,0.12734,0.12644,0.12669,3884107.5
2026-01-07 05:00:00+00:00,0.12669,0.12713,0.12616,0.12616,3531130.9
2026-01-07 06:00:00+00:00,0.1262,0.12683,0.12609,0.12632,3183193.400000001
2026-01-07 07:00:00+00:00,0.12628,0.1284,0.12628,0.1284,4655658.7
2026-01-07 08:00:00+00:00,0.12841,0.12952,0.12829,0.12895,9591676.300000004
2026-01-07 09:00:00+00:00,0.12895,0.12895,0.12587,0.12621,8049890.299999998
2026-01-07 10:00:00+00:00,0.1262,0.12657,0.12573,0.12619,3709854.499999999
2026-01-07 11:00:00+00:00,0.12617,0.12691,0.12607,0.12681,4019049.1999999983
2026-01-07 12:00:00+00:00,0.12685,0.12687,0.12541,0.12547,4177579.6
2026-01-07 13:00:00+00:00,0.12548,0.12608,0.12455,0.12466,6645851.800000002
2026-01-07 14:00:00+00:00,0.12466,0.12521,0.12272,0.12483,12912767.999999998
2026-01-07 15:00:00+00:00,0.12484,0.12493,0.12252,0.12294,14497108.700000005
2026-01-07 16:00:00+00:00,0.12292,0.12384,0.12238,0.12337,7595172.099999997
2026-01-07 17:00:00+00:00,0.12342,0.12423,0.12307,0.12327,6921457.000000003
2026-01-07 18:00:00+00:00,0.12325,0.12412,0.12272,0.12335,9613832.699999994
2026-01-07 19:00:00+00:00,0.12334,0.12369,0.12214,0.12301,12881206.499999994
2026-01-07 20:00:00+00:00,0.12307,0.12336,0.12216,0.12252,7049370.499999999
2026-01-07 21:00:00+00:00,0.12252,0.1236,0.12216,0.12299,7124266.599999999
2026-01-07 22:00:00+00:00,0.12298,0.12388,0.12241,0.12271,5102035.600000001
2026-01-07 23:00:00+00:00,0.1227,0.12391,0.12218,0.12358,7674573.199999999
2026-01-08 00:00:00+00:00,0.12359,0.12389,0.12269,0.12357,8024008.900000003
2026-01-08 01:00:00+00:00,0.12358,0.12413,0.12324,0.12387,6675670.500000001
2026-01-08 02:00:00+00:00,0.12388,0.12417,0.12288,0.12321,6805529.000000002
2026-01-08 03:00:00+00:00,0.12318,0.12396,0.12215,0.12237,6051341.799999997
2026-01-08 04:00:00+00:00,0.12239,0.12376,0.12222,0.12333,5874366.299999997
2026-01-08 05:00:00+00:00,0.12334,0.12397,0.12283,0.123,5593790.399999999
2026-01-08 06:00:00+00:00,0.12301,0.12317,0.12092,0.12095,10460485.600000003
2026-01-08 07:00:00+00:00,0.12103,0.12258,0.12036,0.12234,8223874.400000001
2026-01-08 08:00:00+00:00,0.12235,0.12319,0.12093,0.12105,6137437.200000001
2026-01-08 09:00:00+00:00,0.12108,0.12163,0.12001,0.12006,5858754.900000001
2026-01-08 10:00:00+00:00,0.12006,0.12111,0.11903,0.12082,13077326.500000004
2026-01-08 11:00:00+00:00,0.12086,0.12094,0.11919,0.12001,7660538.500000001
2026-01-08 12:00:00+00:00,0.12002,0.12002,0.11842,0.11876,7768083.7
2026-01-08 13:00:00+00:00,0.11875,0.11948,0.11853,0.11892,6173566.200000002
2026-01-08 14:00:00+00:00,0.11892,0.1195,0.11777,0.11887,15654178.600000003
2026-01-08 15:00:00+00:00,0.11886,0.12162,0.11818,0.12152,14100398.399999993
2026-01-08 16:00:00+00:00,0.12155,0.12198,0.11993,0.12195,11353009.799999995
2026-01-08 17:00:00+00:00,0.12197,0.12244,0.12097,0.12212,10020743.0
2026-01-08 18:00:00+00:00,0.1221,0.12212,0.12064,0.12094,7282452.599999997
2026-01-08 19:00:00+00:00,0.12095,0.12149,0.1202,0.1205,5970556.500000002
2026-01-08 20:00:00+00:00,0.12047,0.12047,0.11927,0.1201,6147870.300000001
2026-01-08 21:00:00+00:00,0.12018,0.12133,0.12007,0.12109,4623996.2
2026-01-08 22:00:00+00:00,0.12111,0.12199,0.12024,0.12094,3824622.2000000007
2026-01-08 23:00:00+00:00,0.12096,0.12116,0.1204,0.12042,3622024.000000001
2026-01-09 00:00:00+00:00,0.12044,0.12075,0.12004,0.12007,3702977.6999999983
2026-01-09 01:00:00+00:00,0.12008,0.12105,0.11899,0.11974,11812582.099999998
2026-01-09 02:00:00+00:00,0.11973,0.12094,0.11936,0.11947,7085371.6
2026-01-09 03:00:00+00:00,0.11949,0.12019,0.11906,0.12012,7663448.000000001
2026-01-09 04:00:00+00:00,0.12012,0.12024,0.11871,0.11885,6719747.699999998
2026-01-09 05:00:00+00:00,0.11884,0.11935,0.11828,0.11906,8948742.100000005
2026-01-09 06:00:00+00:00,0.11907,0.12015,0.1188,0.12008,8232643.899999999
2026-01-09 07:00:00+00:00,0.12007,0.12041,0.11971,0.12004,12309790.5
2026-01-09 08:00:00+00:00,0.12005,0.12025,0.118,0.11847,9382829.6
2026-01-09 09:00:00+00:00,0.11847,0.1196,0.11844,0.11882,5629997.500000001
2026-01-09 10:00:00+00:00,0.11882,0.11942,0.11861,0.11904,4201543.300000001
2026-01-09 11:00:00+00:00,0.11904,0.11947,0.11891,0.11911,3728183.000000001
2026-01-09 12:00:00+00:00,0.1191,0.11942,0.11822,0.11831,5977600.8
2026-01-09 13:00:00+00:00,0.1183,0.12044,0.11827,0.12018,11171012.0
2026-01-09 14:00:00+00:00,0.12019,0.12019,0.11814,0.11871,17995583.2
2026-01-09 15:00:00+00:00,0.1187,0.123,0.11808,0.12157,28359665.90000001
2026-01-09 16:00:00+00:00,0.12158,0.12343,0.12128,0.12199,17902221.399999995
2026-01-09 17:00:00+00:00,0.12199,0.12208,0.12017,0.12073,13023637.4
2026-01-09 18:00:00+00:00,0.12071,0.12108,0.11856,0.11954,10881622.100000003
2026-01-09 19:00:00+00:00,0.11953,0.11954,0.11806,0.11855,13386952.4
2026-01-09 20:00:00+00:00,0.11854,0.11954,0.1183,0.11892,9715124.199999996
2026-01-09 21:00:00+00:00,0.11894,0.11989,0.11843,0.11983,6876494.200000002
2026-01-09 22:00:00+00:00,0.11982,0.12056,0.11958,0.12033,4760959.900000002
2026-01-09 23:00:00+00:00,0.12034,0.12085,0.12003,0.12019,4003445.3
2026-01-10 00:00:00+00:00,0.12018,0.1203,0.11944,0.11961,3115762.3
2026-01-10 01:00:00+00:00,0.1196,0.12035,0.11938,0.11999,2955075.2000000007
2026-01-10 02:00:00+00:00,0.11999,0.12019,0.11921,0.11942,2584327.1
2026-01-10 03:00:00+00:00,0.11942,0.1195,0.11888,0.11941,3062286.9
2026-01-10 04:00:00+00:00,0.11942,0.11952,0.11841,0.11856,3729166.1
2026-01-10 05:00:00+00:00,0.11857,0.11889,0.11842,0.1185,2775042.6
2026-01-10 06:00:00+00:00,0.1185,0.11892,0.11813,0.11866,2958153.0999999987
2026-01-10 07:00:00+00:00,0.11866,0.11992,0.11861,0.11963,3590986.400000001
2026-01-10 08:00:00+00:00,0.11959,0.11974,0.1189,0.11943,2371903.4999999995
2026-01-10 09:00:00+00:00,0.11942,0.11991,0.11939,0.11984,3672884.800000001
2026-01-10 10:00:00+00:00,0.11986,0.1203,0.11944,0.12027,2195298.6
2026-01-10 11:00:00+00:00,0.12027,0.12044,0.12,0.12042,2331763.2
2026-01-10 12:00:00+00:00,0.12043,0.12094,0.12007,0.12058,4421568.6000000015
2026-01-10 13:00:00+00:00,0.12057,0.12065,0.12017,0.12025,3005796.9999999995
2026-01-10 14:00:00+00:00,0.12023,0.12026,0.11937,0.11947,2943677.2
2026-01-10 15:00:00+00:00,0.11949,0.11975,0.11907,0.11912,2389906.299999999
2026-01-10 16:00:00+00:00,0.11911,0.11913,0.11835,0.11858,3584583.1
2026-01-10 17:00:00+00:00,0.11859,0.11917,0.11812,0.11818,3133936.600000001
2026-01-10 18:00:00+00:00,0.11825,0.1187,0.11788,0.11837,3787079.4
2026-01-10 19:00:00+00:00,0.11838,0.11889,0.11829,0.1188,3111562.199999999
2026-01-10 20:00:00+00:00,0.1189,0.119,0.11843,0.11856,2547583.1
2026-01-10 21:00:00+00:00,0.11854,0.11862,0.11807,0.11812,2247904.7000000007
2026-01-10 22:00:00+00:00,0.11809,0.11825,0.11707,0.11715,3710864.200000001
2026-01-10 23:00:00+00:00,0.11716,0.11794,0.11716,0.11767,5093945.300000002
2026-01-11 00:00:00+00:00,0.11769,0.11769,0.11662,0.11718,5029967.100000001
2026-01-11 01:00:00+00:00,0.11716,0.11738,0.11679,0.11733,2373894.2
2026-01-11 02:00:00+00:00,0.11734,0.11748,0.11707,0.11716,3023518.3999999994
2026-01-11 03:00:00+00:00,0.11716,0.11735,0.11701,0.11723,2937235.6
2026-01-11 04:00:00+00:00,0.11721,0.11757,0.11679,0.11748,4721362.2
2026-01-11 05:00:00+00:00,0.11751,0.1176,0.11692,0.1176,3396669.100000001
2026-01-11 06:00:00+00:00,0.11759,0.11795,0.1169,0.1179,2914538.000000001
2026-01-11 07:00:00+00:00,0.11788,0.11829,0.11783,0.11799,2162352.6
2026-01-11 08:00:00+00:00,0.11798,0.11842,0.11767,0.11809,7241699.7
2026-01-11 09:00:00+00:00,0.11808,0.11844,0.11771,0.11809,2523056.8999999994
2026-01-11 10:00:00+00:00,0.11808,0.11839,0.11776,0.11783,3201143.9
2026-01-11 11:00:00+00:00,0.11785,0.1179,0.11757,0.1178,2142893.5
2026-01-11 12:00:00+00:00,0.11782,0.11878,0.11774,0.11841,4238721.199999999
2026-01-11 13:00:00+00:00,0.11841,0.11866,0.11787,0.11798,2951191.8
2026-01-11 14:00:00+00:00,0.11797,0.11866,0.11787,0.11844,2821803.8
2026-01-11 15:00:00+00:00,0.11846,0.11866,0.11628,0.11675,6626627.599999999
2026-01-11 16:00:00+00:00,0.11672,0.11818,0.1165,0.11759,7970614.200000003
2026-01-11 17:00:00+00:00,0.1176,0.11902,0.11735,0.11841,5135677.999999999
2026-01-11 18:00:00+00:00,0.11844,0.11875,0.11773,0.1184,4084033.0
2026-01-11 19:00:00+00:00,0.11841,0.11878,0.11743,0.11749,2685654.499999999
2026-01-11 20:00:00+00:00,0.11746,0.11746,0.11584,0.11669,7404433.6
2026-01-11 21:00:00+00:00,0.11669,0.1176,0.11605,0.11727,10096392.600000003
2026-01-11 22:00:00+00:00,0.11726,0.11726,0.11602,0.11635,4057541.5
2026-01-11 23:00:00+00:00,0.11634,0.11771,0.11559,0.11716,7187582.199999999
2026-01-12 00:00:00+00:00,0.11715,0.11797,0.11583,0.11755,8374896.500000001
2026-01-12 01:00:00+00:00,0.11755,0.1186,0.11737,0.11812,9317253.0
2026-01-12 02:00:00+00:00,0.11814,0.11992,0.11808,0.11959,8635922.099999998
2026-01-12 03:00:00+00:00,0.11965,0.1202,0.11817,0.1183,7121560.2
2026-01-12 04:00:00+00:00,0.1183,0.11952,0.11795,0.11925,4880995.700000001
2026-01-12 05:00:00+00:00,0.11924,0.11964,0.11873,0.1189,4152266.400000001
2026-01-12 06:00:00+00:00,0.11884,0.11901,0.11752,0.11761,4530499.099999999
2026-01-12 07:00:00+00:00,0.11761,0.11834,0.11652,0.11659,4311468.299999999
2026-01-12 08:00:00+00:00,0.11659,0.11726,0.11501,0.11574,6217494.200000001
2026-01-12 09:00:00+00:00,0.11578,0.11604,0.11508,0.1152,5037303.100000001
2026-01-12 10:00:00+00:00,0.11518,0.11553,0.11452,0.11465,5035563.999999999
2026-01-12 11:00:00+00:00,0.11466,0.11542,0.1146,0.11509,2688425.3
2026-01-12 12:00:00+00:00,0.1151,0.11537,0.11463,0.1148,3242720.3999999994
2026-01-12 13:00:00+00:00,0.11478,0.11504,0.11378,0.11415,8409019.700000005
2026-01-12 14:00:00+00:00,0.11416,0.11618,0.11339,0.11587,11667858.399999997
2026-01-12 15:00:00+00:00,0.11588,0.11722,0.11562,0.11721,9440482.0
2026-01-12 16:00:00+00:00,0.11719,0.1182,0.1164,0.11647,9700400.6
2026-01-12 17:00:00+00:00,0.11646,0.11686,0.11495,0.11574,9035407.299999995
2026-01-12 18:00:00+00:00,0.11574,0.11678,0.1157,0.11625,7940403.700000001
2026-01-12 19:00:00+00:00,0.11624,0.11715,0.11586,0.11675,5534361.0
2026-01-12 20:00:00+00:00,0.11676,0.11703,0.11577,0.1159,5297738.300000001
2026-01-12 21:00:00+00:00,0.11585,0.11605,0.11407,0.11435,9949117.4
2026-01-12 22:00:00+00:00,0.11437,0.11521,0.11437,0.11485,6115599.3
2026-01-12 23:00:00+00:00,0.11485,0.11523,0.11446,0.11494,3653162.4
2026-01-13 00:00:00+00:00,0.1149,0.11515,0.11466,0.11499,4660145.999999999
2026-01-13 01:00:00+00:00,0.11497,0.11557,0.1145,0.1149,3557689.3999999994
2026-01-13 02:00:00+00:00,0.1149,0.11576,0.11472,0.11478,3702129.2
2026-01-13 03:00:00+00:00,0.11479,0.11552,0.11457,0.1151,4761622.199999997
2026-01-13 04:00:00+00:00,0.11509,0.11578,0.11496,0.11578,5606045.0
2026-01-13 05:00:00+00:00,0.11577,0.11704,0.11572,0.11577,5991703.199999999
2026-01-13 06:00:00+00:00,0.11579,0.11636,0.11551,0.11612,3945118.8
2026-01-13 07:00:00+00:00,0.11612,0.11624,0.11559,0.11578,2596948.099999999
2026-01-13 08:00:00+00:00,0.11577,0.11675,0.11553,0.11646,2181291.3
2026-01-13 09:00:00+00:00,0.11644,0.11685,0.11583,0.11619,6232438.899999999
2026-01-13 10:00:00+00:00,0.11619,0.11656,0.1155,0.11582,3131503.4999999995
2026-01-13 11:00:00+00:00,0.11585,0.11641,0.1156,0.11609,5227303.099999998
2026-01-13 12:00:00+00:00,0.11608,0.11649,0.11566,0.11645,4330912.300000001
2026-01-13 13:00:00+00:00,0.11645,0.11774,0.11607,0.11697,9519527.200000005
2026-01-13 14:00:00+00:00,0.11695,0.11894,0.11648,0.11784,12218436.3
2026-01-13 15:00:00+00:00,0.1178,0.11974,0.11705,0.11974,11282320.499999998
2026-01-13 16:00:00+00:00,0.11975,0.12146,0.1197,0.12057,19436283.600000005
2026-01-13 17:00:00+00:00,0.12056,0.12079,0.11884,0.11906,11957702.399999997
2026-01-13 18:00:00+00:00,0.11905,0.11965,0.11886,0.11914,7833273.399999998
2026-01-13 19:00:00+00:00,0.11913,0.12054,0.11881,0.12026,11122459.300000004
2026-01-13 20:00:00+00:00,0.12026,0.12044,0.11887,0.11939,11449050.899999997
2026-01-13 21:00:00+00:00,0.11938,0.11978,0.11925,0.11935,5288161.5
2026-01-13 22:00:00+00:00,0.11935,0.12344,0.11925,0.12341,16804238.3
2026-01-13 23:00:00+00:00,0.12341,0.12403,0.12146,0.12222,14536974.2
2026-01-14 00:00:00+00:00,0.12226,0.12309,0.12181,0.12293,8592289.4
2026-01-14 01:00:00+00:00,0.12291,0.12368,0.12256,0.12278,6839335.799999997
2026-01-14 02:00:00+00:00,0.12276,0.12426,0.12255,0.12405,8753972.300000003
2026-01-14 03:00:00+00:00,0.12405,0.12642,0.12374,0.12636,12691769.500000004
2026-01-14 04:00:00+00:00,0.12634,0.12824,0.12526,0.12694,18244985.90000001
2026-01-14 05:00:00+00:00,0.12693,0.12894,0.12651,0.12693,11568736.799999995
2026-01-14 06:00:00+00:00,0.12695,0.12734,0.1254,0.12715,11622304.2
2026-01-14 07:00:00+00:00,0.12715,0.1277,0.12515,0.12534,7039932.8
2026-01-14 08:00:00+00:00,0.12534,0.12595,0.12447,0.12456,6979943.800000003
2026-01-14 09:00:00+00:00,0.12453,0.12549,0.12385,0.12531,11379002.20000001
2026-01-14 10:00:00+00:00,0.12531,0.12558,0.12417,0.12425,6872108.699999997
2026-01-14 11:00:00+00:00,0.1242,0.12421,0.12253,0.12275,6276989.300000001
2026-01-14 12:00:00+00:00,0.12274,0.12411,0.12249,0.12342,9609226.499999993
2026-01-14 13:00:00+00:00,0.12338,0.1239,0.12272,0.12285,6546154.799999998
2026-01-14 14:00:00+00:00,0.12285,0.12628,0.12283,0.12546,24409782.4
2026-01-14 15:00:00+00:00,0.12545,0.1269,0.12451,0.12601,20480701.2
2026-01-14 16:00:00+00:00,0.12601,0.1275,0.12597,0.12627,14144350.199999996
2026-01-14 17:00:00+00:00,0.12627,0.12679,0.12449,0.12469,13410989.0
2026-01-14 18:00:00+00:00,0.12469,0.12497,0.1222,0.12325,14754002.7
2026-01-14 19:00:00+00:00,0.12322,0.12464,0.12284,0.12299,12774731.1
2026-01-14 20:00:00+00:00,0.12297,0.12419,0.12258,0.12355,10798809.299999995
2026-01-14 21:00:00+00:00,0.12354,0.12397,0.12312,0.12383,5873383.599999998
2026-01-14 22:00:00+00:00,0.12382,0.124,0.12252,0.12265,6986369.9
2026-01-14 23:00:00+00:00,0.12266,0.12422,0.12266,0.12343,9536494.499999996
2026-01-15 00:00:00+00:00,0.12341,0.12354,0.1223,0.12283,6602474.800000001
2026-01-15 01:00:00+00:00,0.12285,0.12343,0.12171,0.12201,6594542.600000004
2026-01-15 02:00:00+00:00,0.12199,0.12224,0.12104,0.12122,6827229.2
2026-01-15 03:00:00+00:00,0.12124,0.12139,0.11911,0.11939,9309680.9
2026-01-15 04:00:00+00:00,0.11936,0.12062,0.11913,0.12017,4296290.500000001
2026-01-15 05:00:00+00:00,0.12014,0.12091,0.12009,0.12056,3866279.399999999
2026-01-15 06:00:00+00:00,0.12056,0.12067,0.11968,0.11992,3726102.100000001
2026-01-15 07:00:00+00:00,0.11991,0.12147,0.11979,0.12111,3809129.9
2026-01-15 08:00:00+00:00,0.12109,0.1213,0.1206,0.12124,2642688.4000000004
2026-01-15 09:00:00+00:00,0.12118,0.12224,0.12061,0.12177,4574247.5
2026-01-15 10:00:00+00:00,0.12178,0.12195,0.12085,0.12132,3080250.799999999
2026-01-15 11:00:00+00:00,0.12132,0.12156,0.12053,0.12083,2569924.799999999
2026-01-15 12:00:00+00:00,0.12079,0.12195,0.12071,0.1219,7370474.000000002
2026-01-15 13:00:00+00:00,0.12188,0.12239,0.12134,0.12223,3773406.4
2026-01-15 14:00:00+00:00,0.1222,0.12274,0.12021,0.12057,9987984.0
2026-01-15 15:00:00+00:00,0.12054,0.12124,0.11853,0.12045,13246141.199999996
2026-01-15 16:00:00+00:00,0.12044,0.1208,0.11941,0.12058,10223374.400000002
2026-01-15 17:00:00+00:00,0.12057,0.12158,0.11955,0.11972,9018321.7
2026-01-15 18:00:00+00:00,0.11976,0.11996,0.11827,0.1184,7550678.800000003
2026-01-15 19:00:00+00:00,0.11838,0.11838,0.11731,0.11784,9422929.9
2026-01-15 20:00:00+00:00,0.11782,0.11819,0.1161,0.1164,9154827.8
2026-01-15 21:00:00+00:00,0.11642,0.11688,0.11625,0.11658,5770502.499999996
2026-01-15 22:00:00+00:00,0.1166,0.11751,0.11657,0.11726,3501212.3999999985
2026-01-15 23:00:00+00:00,0.11728,0.11787,0.11708,0.11779,3123458.5000000014
2026-01-16 00:00:00+00:00,0.11779,0.1191,0.11763,0.11847,6959214.499999997
2026-01-16 01:00:00+00:00,0.11847,0.11854,0.11776,0.11841,3639503.9
2026-01-17 00:00:00+00:00,0.11858,0.11916,0.11836,0.11907,3237126.9999999995
2026-01-17 01:00:00+00:00,0.11907,0.11947,0.11883,0.11917,2954768.1
2026-01-17 02:00:00+00:00,0.11917,0.11943,0.11802,0.1183,4891773.4
2026-01-17 03:00:00+00:00,0.11831,0.11834,0.11774,0.11804,2841325.8000000003
2026-01-17 04:00:00+00:00,0.11803,0.11872,0.11775,0.11864,4251528.300000001
2026-01-17 05:00:00+00:00,0.11865,0.11874,0.11815,0.1182,3189646.4999999995
2026-01-17 06:00:00+00:00,0.11817,0.11825,0.11782,0.11795,1707810.0000000002
2026-01-17 07:00:00+00:00,0.11795,0.1186,0.11766,0.11832,1752564.8
2026-01-17 08:00:00+00:00,0.11833,0.11881,0.1182,0.11864,2683135.400000001
2026-01-17 09:00:00+00:00,0.11866,0.11884,0.11827,0.1187,2779759.4999999995
2026-01-17 10:00:00+00:00,0.11868,0.11948,0.11828,0.11844,3708465.100000001
2026-01-17 11:00:00+00:00,0.11842,0.11844,0.11778,0.11784,2122931.9999999995
2026-01-17 12:00:00+00:00,0.11779,0.11845,0.11777,0.11833,3885849.4
2026-01-17 13:00:00+00:00,0.11834,0.11869,0.11795,0.11849,3315234.600000001
2026-01-17 14:00:00+00:00,0.11849,0.11977,0.11807,0.11964,4268338.699999998
2026-01-17 15:00:00+00:00,0.11963,0.12007,0.11913,0.11998,5675859.399999999
2026-01-17 16:00:00+00:00,0.11999,0.12003,0.11851,0.11889,5001747.499999998
2026-01-17 17:00:00+00:00,0.11888,0.11947,0.11872,0.11947,3431177.100000001
2026-01-17 18:00:00+00:00,0.1195,0.12,0.11911,0.11998,3039423.3999999994
2026-01-17 19:00:00+00:00,0.11998,0.12081,0.11964,0.12011,8358916.099999999
2026-01-17 20:00:00+00:00,0.12011,0.12058,0.1194,0.11947,3244344.8999999994
2026-01-17 21:00:00+00:00,0.11948,0.11964,0.11904,0.11942,4228980.200000001
2026-01-17 22:00:00+00:00,0.11936,0.11979,0.11857,0.11882,3963045.999999999
2026-01-17 23:00:00+00:00,0.1188,0.11889,0.11835,0.11884,3583660.399999999
2026-01-18 00:00:00+00:00,0.11885,0.11935,0.11812,0.11835,3404843.4999999995
2026-01-18 01:00:00+00:00,0.11834,0.11843,0.11726,0.11769,5087044.300000001
2026-01-18 02:00:00+00:00,0.1177,0.11813,0.11729,0.11761,3484292.0
2026-01-18 03:00:00+00:00,0.11761,0.11817,0.11758,0.11764,2468119.3999999994
2026-01-18 04:00:00+00:00,0.11763,0.11763,0.11702,0.11745,2891861.7
2026-01-18 05:00:00+00:00,0.11744,0.1175,0.11711,0.11716,1287607.6
2026-01-19 00:00:00+00:00,0.11169,0.11169,0.10311,0.10817,45128711.60000001
2026-01-19 01:00:00+00:00,0.10816,0.1091,0.10746,0.10832,12610262.7
2026-01-19 02:00:00+00:00,0.10828,0.10953,0.10788,0.10937,6223383.200000001
2026-01-19 03:00:00+00:00,0.10936,0.10979,0.10862,0.10951,6790899.999999996
2026-01-19 04:00:00+00:00,0.1095,0.1096,0.10867,0.1087,5369582.8
2026-01-19 05:00:00+00:00,0.1087,0.10942,0.10856,0.10914,6898448.299999996
2026-01-19 06:00:00+00:00,0.10911,0.10959,0.1088,0.1091,5185204.999999998
2026-01-19 07:00:00+00:00,0.1091,0.10941,0.10883,0.10933,3519113.800000001
2026-01-19 08:00:00+00:00,0.10928,0.11093,0.10922,0.10986,10593907.100000003
2026-01-19 09:00:00+00:00,0.10985,0.10999,0.10939,0.10955,3311452.800000001
2026-01-19 10:00:00+00:00,0.10956,0.10961,0.10903,0.10926,2470828.7
2026-01-19 11:00:00+00:00,0.10927,0.10981,0.10906,0.10928,2637298.0
2026-01-19 12:00:00+00:00,0.10927,0.10927,0.10871,0.10889,3443989.500000002
2026-01-19 13:00:00+00:00,0.10888,0.10914,0.10869,0.10875,2133494.3999999994
2026-01-19 14:00:00+00:00,0.10877,0.11006,0.10865,0.10958,4738927.800000001
2026-01-19 15:00:00+00:00,0.10957,0.11036,0.10938,0.10948,5033716.1
2026-01-19 16:00:00+00:00,0.10949,0.1114,0.10947,0.11105,5390575.600000001
2026-01-19 17:00:00+00:00,0.11103,0.11117,0.11041,0.11054,3891558.2
2026-01-19 18:00:00+00:00,0.11055,0.11147,0.11037,0.11125,4753040.999999999
2026-01-19 19:00:00+00:00,0.11126,0.11248,0.11122,0.11185,6965298.6
2026-01-19 20:00:00+00:00,0.11188,0.11222,0.11126,0.11132,9940379.8
2026-01-19 21:00:00+00:00,0.11138,0.11167,0.11054,0.11068,3599870.9000000004
2026-01-19 22:00:00+00:00,0.11068,0.11085,0.11,0.11,7010090.899999998
2026-01-19 23:00:00+00:00,0.11,0.1113,0.11,0.11079,5853488.400000001
2026-01-20 00:00:00+00:00,0.1108,0.111,0.11043,0.11058,3743576.2999999993
2026-01-20 01:00:00+00:00,0.11055,0.11126,0.11018,0.11057,3645463.3
2026-01-20 02:00:00+00:00,0.11057,0.11097,0.11006,0.11046,3928460.2
2026-01-20 03:00:00+00:00,0.11048,0.11067,0.11,0.11018,7640142.900000002
2026-01-20 04:00:00+00:00,0.11018,0.11053,0.11,0.11011,7428147.599999999
2026-01-20 05:00:00+00:00,0.11012,0.11082,0.11,0.11032,11149026.799999995
2026-01-20 06:00:00+00:00,0.11032,0.11036,0.10862,0.10886,13036424.699999996
2026-01-20 07:00:00+00:00,0.10886,0.10911,0.1081,0.10816,4627836.5
2026-01-20 08:00:00+00:00,0.10811,0.1083,0.10681,0.10733,9010840.099999992
2026-01-20 09:00:00+00:00,0.10732,0.10748,0.10699,0.1074,4037433.8
2026-01-20 10:00:00+00:00,0.10738,0.10794,0.1073,0.10757,2494749.0000000005
2026-01-20 11:00:00+00:00,0.10758,0.10803,0.10745,0.10773,3595010.7
2026-01-20 12:00:00+00:00,0.10776,0.10849,0.10772,0.10833,3914861.8
2026-01-20 13:00:00+00:00,0.10833,0.10833,0.10626,0.10634,7031121.5
2026-01-20 14:00:00+00:00,0.10634,0.10829,0.10634,0.10766,11704715.599999996
2026-01-20 15:00:00+00:00,0.10764,0.10778,0.10611,0.10689,11780272.300000004
2026-01-20 16:00:00+00:00,0.10689,0.10734,0.1052,0.10561,12044211.599999998
2026-01-20 17:00:00+00:00,0.10559,0.10633,0.10481,0.10537,9703248.8
2026-01-20 18:00:00+00:00,0.10536,0.10594,0.10489,0.10517,8747891.999999998
2026-01-20 19:00:00+00:00,0.10518,0.10563,0.10487,0.1053,5239964.199999998
2026-01-20 20:00:00+00:00,0.10527,0.10689,0.10495,0.10683,10336099.000000002
2026-01-20 21:00:00+00:00,0.10684,0.10699,0.1053,0.10544,6202047.5
2026-01-20 22:00:00+00:00,0.10542,0.10593,0.10385,0.10503,8256516.1000000015
2026-01-20 23:00:00+00:00,0.10507,0.10568,0.10477,0.10557,5430199.699999997
2026-01-21 00:00:00+00:00,0.10557,0.10803,0.10545,0.10796,6135625.2
2026-01-21 01:00:00+00:00,0.10798,0.10874,0.1077,0.10794,8408214.1
2026-01-21 02:00:00+00:00,0.10795,0.10927,0.1077,0.10775,10337799.900000002
2026-01-21 03:00:00+00:00,0.10775,0.10851,0.10756,0.10795,4908643.5
2026-01-21 04:00:00+00:00,0.10792,0.10909,0.10771,0.10907,2525048.900000001
2026-01-21 05:00:00+00:00,0.10907,0.11044,0.10906,0.11021,9504786.8
2026-01-21 06:00:00+00:00,0.1102,0.11072,0.11004,0.11042,5805811.100000001
2026-01-21 07:00:00+00:00,0.11043,0.11129,0.10993,0.11008,7435781.800000001
2026-01-21 08:00:00+00:00,0.11007,0.11011,0.10914,0.10941,5604862.299999998
2026-01-21 09:00:00+00:00,0.10941,0.1106,0.10921,0.10984,5805828.599999999
2026-01-21 10:00:00+00:00,0.10984,0.11037,0.10894,0.10915,5533138.600000001
2026-01-21 11:00:00+00:00,0.10915,0.10987,0.10815,0.10827,7940711.3
2026-01-21 12:00:00+00:00,0.1083,0.10855,0.10647,0.1076,13030599.899999997
2026-01-21 13:00:00+00:00,0.10755,0.10819,0.10677,0.10705,6232826.999999999
2026-01-21 14:00:00+00:00,0.10705,0.1101,0.1069,0.10939,20545471.6
2026-01-21 15:00:00+00:00,0.10936,0.11076,0.10904,0.11057,21531795.6
2026-01-21 16:00:00+00:00,0.11057,0.1107,0.10574,0.10587,19629260.3
2026-01-21 17:00:00+00:00,0.10587,0.10726,0.10533,0.1064,15731645.800000004
2026-01-21 18:00:00+00:00,0.10639,0.10765,0.10603,0.10733,9851231.9
2026-01-21 19:00:00+00:00,0.10733,0.11136,0.10696,0.11118,16981165.2
2026-01-21 20:00:00+00:00,0.1112,0.11148,0.10918,0.11055,10500294.400000002
2026-01-21 21:00:00+00:00,0.11056,0.11129,0.11025,0.11055,7728137.9
2026-01-21 22:00:00+00:00,0.11059,0.11124,0.10991,0.11005,5820518.299999999
2026-01-21 23:00:00+00:00,0.11004,0.11057,0.10888,0.1092,4441135.9
2026-01-22 00:00:00+00:00,0.1092,0.11098,0.10918,0.11052,5021200.1000000015
2026-01-22 01:00:00+00:00,0.11053,0.11106,0.1103,0.11084,4570899.199999999
2026-01-22 02:00:00+00:00,0.11083,0.11103,0.10979,0.10989,4214853.9
2026-01-22 03:00:00+00:00,0.1099,0.11033,0.10944,0.10996,3310961.2
2026-01-22 04:00:00+00:00,0.10995,0.1104,0.10952,0.11028,5101970.399999999
2026-01-22 05:00:00+00:00,0.11028,0.11073,0.10985,0.1103,7500045.900000001
2026-01-22 06:00:00+00:00,0.11031,0.11052,0.1097,0.11041,2227763.5
2026-01-22 07:00:00+00:00,0.11041,0.11054,0.10974,0.11014,2207571.1
2026-01-22 08:00:00+00:00,0.11013,0.11071,0.10981,0.11056,3312754.3
2026-01-22 09:00:00+00:00,0.11058,0.11119,0.11049,0.11102,2281541.3
2026-01-22 10:00:00+00:00,0.11102,0.11108,0.11069,0.11097,2193346.600000001
2026-01-22 11:00:00+00:00,0.11094,0.11094,0.10877,0.10891,4615038.0
2026-01-22 12:00:00+00:00,0.10888,0.10933,0.10857,0.10914,3467070.1
2026-01-22 13:00:00+00:00,0.10913,0.10975,0.10833,0.10858,8158387.100000001
2026-01-22 14:00:00+00:00,0.1086,0.10861,0.10735,0.10765,7443949.1000000015
2026-01-22 15:00:00+00:00,0.10765,0.10844,0.10678,0.10788,6893207.399999999
2026-01-22 16:00:00+00:00,0.10789,0.10882,0.10746,0.10849,6041976.999999998
2026-01-22 17:00:00+00:00,0.10852,0.10906,0.10802,0.10894,4485888.599999999
2026-01-22 18:00:00+00:00,0.10896,0.10907,0.10787,0.1079,4139489.0
2026-01-22 19:00:00+00:00,0.10789,0.10871,0.10766,0.10842,4347830.300000001
2026-01-22 20:00:00+00:00,0.1084,0.1088,0.10773,0.10793,2820469.2
2026-01-22 21:00:00+00:00,0.10795,0.10855,0.10782,0.10803,2834465.7
2026-01-22 22:00:00+00:00,0.10805,0.10857,0.10782,0.10814,2261494.1
2026-01-22 23:00:00+00:00,0.10814,0.10828,0.10755,0.1081,3821818.900000001
2026-01-23 00:00:00+00:00,0.10812,0.10862,0.10807,0.10844,2978185.3000000003
2026-01-23 01:00:00+00:00,0.10842,0.10918,0.10834,0.1091,2655092.3
2026-01-23 02:00:00+00:00,0.10911,0.10931,0.1087,0.10873,2287528.6
2026-01-23 03:00:00+00:00,0.10872,0.10968,0.10868,0.10952,1891932.4000000008
2026-01-23 04:00:00+00:00,0.1095,0.11032,0.10943,0.11022,3275910.1
2026-01-23 05:00:00+00:00,0.11021,0.11029,0.10954,0.10994,2541401.899999999
2026-01-23 06:00:00+00:00,0.10996,0.11033,0.10895,0.10896,2681812.5
2026-01-23 07:00:00+00:00,0.10897,0.10927,0.1088,0.109,1959074.1000000008
2026-01-23 08:00:00+00:00,0.10899,0.10905,0.10799,0.10821,2349154.4000000004
2026-01-23 09:00:00+00:00,0.10821,0.10876,0.10815,0.1085,2207765.2
2026-01-23 10:00:00+00:00,0.10849,0.10876,0.10823,0.10841,1817697.1
2026-01-23 11:00:00+00:00,0.10841,0.10972,0.10837,0.10915,2815931.299999999
2026-01-23 12:00:00+00:00,0.10914,0.10921,0.10812,0.10872,6088830.899999999
2026-01-23 13:00:00+00:00,0.1087,0.10914,0.10861,0.1088,2731985.3
2026-01-23 14:00:00+00:00,0.10879,0.10916,0.1075,0.1079,8043235.299999999
2026-01-23 15:00:00+00:00,0.10792,0.11012,0.10765,0.10991,8571418.100000001
2026-01-23 16:00:00+00:00,0.1099,0.11195,0.10947,0.11104,9576316.7
2026-01-23 17:00:00+00:00,0.11103,0.11249,0.11055,0.11118,16632418.900000004
2026-01-23 18:00:00+00:00,0.11118,0.11235,0.11083,0.11109,10171773.599999996
2026-01-23 19:00:00+00:00,0.11107,0.11108,0.10971,0.11013,8464836.500000002
2026-01-23 20:00:00+00:00,0.11014,0.11032,0.10868,0.10928,5756305.9
2026-01-23 21:00:00+00:00,0.10924,0.11018,0.10917,0.10931,6794434.699999997
2026-01-23 22:00:00+00:00,0.1093,0.11002,0.10929,0.10996,2498961.899999999
2026-01-23 23:00:00+00:00,0.10995,0.10995,0.10918,0.10938,2427546.7
2026-01-24 00:00:00+00:00,0.10935,0.10967,0.10903,0.10906,2451186.9999999995
2026-01-24 01:00:00+00:00,0.109,0.10937,0.10877,0.1093,4125876.699999999
2026-01-24 02:00:00+00:00,0.10929,0.1098,0.10881,0.10899,5544190.8
2026-01-24 03:00:00+00:00,0.10899,0.10953,0.10881,0.10914,2512095.3999999994
2026-01-24 04:00:00+00:00,0.10917,0.10933,0.10892,0.10911,1708496.3999999997
2026-01-24 05:00:00+00:00,0.10912,0.10912,0.10844,0.10857,2471871.9
2026-01-24 06:00:00+00:00,0.10858,0.10883,0.10841,0.10859,2818228.2
2026-01-24 07:00:00+00:00,0.10858,0.10883,0.1082,0.10822,2085917.2000000004
2026-01-24 08:00:00+00:00,0.10822,0.10833,0.10803,0.1082,1660457.8999999997
2026-01-24 09:00:00+00:00,0.10821,0.10827,0.108,0.10801,1595727.2
2026-01-24 10:00:00+00:00,0.10802,0.10822,0.10777,0.10812,1778709.4000000008
2026-01-24 11:00:00+00:00,0.10814,0.10824,0.1077,0.10776,2063942.0000000005
2026-01-24 12:00:00+00:00,0.10776,0.10794,0.10764,0.1077,1579732.6
2026-01-24 13:00:00+00:00,0.1077,0.1078,0.1074,0.10741,2066539.5
2026-01-24 14:00:00+00:00,0.10742,0.10794,0.10742,0.10785,1580138.3000000005
2026-01-24 15:00:00+00:00,0.10785,0.1082,0.10764,0.10769,2033788.9
2026-01-24 16:00:00+00:00,0.10769,0.10818,0.10733,0.10803,2719108.100000001
2026-01-24 17:00:00+00:00,0.10804,0.10856,0.108,0.10836,1897530.4
2026-01-24 18:00:00+00:00,0.1084,0.10859,0.10809,0.10821,2976065.6
2026-01-24 19:00:00+00:00,0.10818,0.10825,0.10781,0.10783,1241593.9
2026-01-24 20:00:00+00:00,0.10782,0.10823,0.10782,0.1082,878598.1
2026-01-24 21:00:00+00:00,0.10822,0.10835,0.1079,0.10821,2129058.3999999994
2026-01-24 22:00:00+00:00,0.10823,0.10878,0.10808,0.10874,1963352.0000000007
2026-01-24 23:00:00+00:00,0.10877,0.10877,0.10827,0.1083,2027490.1000000008
2026-01-25 00:00:00+00:00,0.10828,0.10856,0.10794,0.10824,1838774.1
2026-01-25 01:00:00+00:00,0.10824,0.10839,0.10761,0.10775,2287329.6
2026-01-25 02:00:00+00:00,0.10776,0.10813,0.10754,0.1077,1659530.7999999998
2026-01-25 03:00:00+00:00,0.10772,0.10781,0.10711,0.10729,2457788.9000000004
2026-01-25 04:00:00+00:00,0.10728,0.1075,0.10703,0.1071,1890084.1
2026-01-25 05:00:00+00:00,0.1071,0.10725,0.10692,0.10711,1902840.2000000004
2026-01-25 06:00:00+00:00,0.1071,0.1071,0.10662,0.1067,1685300.7
2026-01-25 07:00:00+00:00,0.10668,0.10668,0.10624,0.10649,1677890.9000000004
2026-01-25 08:00:00+00:00,0.1065,0.10669,0.106,0.10606,2161819.7
2026-01-25 09:00:00+00:00,0.10605,0.10692,0.1059,0.10668,2274688.000000001
2026-01-25 10:00:00+00:00,0.10667,0.10738,0.10646,0.10709,4591370.900000001
2026-01-25 11:00:00+00:00,0.10707,0.10755,0.10685,0.10696,4047246.4
2026-01-25 12:00:00+00:00,0.10694,0.10694,0.1062,0.10681,2471971.599999999
2026-01-25 13:00:00+00:00,0.1068,0.10703,0.10643,0.10696,2327216.8000000003
2026-01-25 14:00:00+00:00,0.10693,0.10693,0.10578,0.10612,3192925.6
2026-01-25 15:00:00+00:00,0.10606,0.10632,0.10554,0.10585,4480420.1
2026-01-25 16:00:00+00:00,0.10583,0.10583,0.104,0.10498,11792520.7
2026-01-25 17:00:00+00:00,0.10494,0.10527,0.10443,0.10468,4102272.5
2026-01-25 18:00:00+00:00,0.10467,0.10484,0.10341,0.10394,9314558.3
2026-01-25 19:00:00+00:00,0.10393,0.10415,0.10182,0.10195,16266853.0
2026-01-25 20:00:00+00:00,0.10195,0.10256,0.10093,0.10205,13932401.100000003
2026-01-25 21:00:00+00:00,0.10205,0.10321,0.10203,0.10304,9453661.3
2026-01-25 22:00:00+00:00,0.10305,0.10318,0.10211,0.10263,4939709.899999999
2026-01-25 23:00:00+00:00,0.10264,0.10333,0.10223,0.10313,6525785.4
2026-01-26 00:00:00+00:00,0.10318,0.10429,0.10301,0.10422,8210731.099999997
2026-01-26 01:00:00+00:00,0.10425,0.1061,0.10413,0.10589,6733293.999999998
2026-01-26 02:00:00+00:00,0.1059,0.10601,0.10503,0.10541,3057869.3
2026-01-26 03:00:00+00:00,0.10541,0.10576,0.10458,0.10488,2866942.7
2026-01-26 04:00:00+00:00,0.1049,0.10604,0.10489,0.10541,3371580.099999998
2026-01-26 05:00:00+00:00,0.10542,0.10548,0.105,0.10527,1495341.3
2026-01-26 06:00:00+00:00,0.10526,0.10606,0.10514,0.10588,2189290.1
2026-01-26 07:00:00+00:00,0.10585,0.10627,0.10555,0.10588,2160729.2
2026-01-26 08:00:00+00:00,0.10589,0.10671,0.10566,0.10587,2915938.7000000007
2026-01-26 09:00:00+00:00,0.10588,0.10592,0.10512,0.10524,2083098.4999999995
2026-01-26 10:00:00+00:00,0.10529,0.10581,0.10526,0.10575,1490479.8999999997
2026-01-26 11:00:00+00:00,0.10574,0.10617,0.10571,0.10596,2308750.099999999
2026-01-26 12:00:00+00:00,0.106,0.10636,0.10583,0.10612,1704341.1
2026-01-26 13:00:00+00:00,0.10611,0.10678,0.10602,0.10629,3505973.2
2026-01-26 14:00:00+00:00,0.10631,0.10729,0.10559,0.1069,7206631.999999996
2026-01-26 15:00:00+00:00,0.10688,0.10789,0.106,0.10646,7152387.800000003
2026-01-26 16:00:00+00:00,0.10646,0.10728,0.10629,0.10688,5543241.899999999
2026-01-26 17:00:00+00:00,0.10691,0.1073,0.10586,0.1066,4791816.4
2026-01-26 18:00:00+00:00,0.10658,0.10731,0.10623,0.10686,5218226.8
2026-01-26 19:00:00+00:00,0.10688,0.10717,0.10616,0.10633,6938988.499999999
2026-01-26 20:00:00+00:00,0.10633,0.1066,0.10587,0.10598,4384531.400000001
2026-01-26 21:00:00+00:00,0.10598,0.10722,0.10571,0.10687,6090297.100000002
2026-01-26 22:00:00+00:00,0.10688,0.10697,0.10632,0.10644,2893176.4
2026-01-26 23:00:00+00:00,0.10643,0.10709,0.10615,0.10647,3318673.600000001
2026-01-27 00:00:00+00:00,0.1065,0.10669,0.10618,0.1066,1918724.9000000004
2026-01-27 01:00:00+00:00,0.10655,0.10739,0.10615,0.10703,2907500.6
2026-01-27 02:00:00+00:00,0.10703,0.10745,0.10685,0.10721,4470391.300000001
2026-01-27 03:00:00+00:00,0.10719,0.10731,0.10683,0.10702,1758402.5
2026-01-27 04:00:00+00:00,0.107,0.10752,0.10661,0.10687,2119024.7
2026-01-27 05:00:00+00:00,0.10685,0.10685,0.10628,0.10663,1861461.6999999995
2026-01-27 06:00:00+00:00,0.10662,0.10673,0.10603,0.10614,1660616.7000000004
2026-01-27 07:00:00+00:00,0.10616,0.10662,0.10612,0.10625,1611233.4
2026-01-27 08:00:00+00:00,0.10623,0.1065,0.10589,0.10613,1405275.5
2026-01-27 09:00:00+00:00,0.10612,0.10612,0.10564,0.10569,2236306.4999999995
2026-01-27 10:00:00+00:00,0.10571,0.10593,0.10565,0.10577,1456485.0000000002
2026-01-27 11:00:00+00:00,0.10577,0.10596,0.10562,0.10573,1360190.2000000004
2026-01-27 12:00:00+00:00,0.10572,0.10592,0.10543,0.10558,2325345.7000000007
2026-01-27 13:00:00+00:00,0.10558,0.10566,0.10507,0.10515,2849214.8000000007
2026-01-27 14:00:00+00:00,0.10514,0.10623,0.1051,0.10531,5514504.7
2026-01-27 15:00:00+00:00,0.10533,0.10648,0.10508,0.10641,6764138.100000002
2026-01-27 16:00:00+00:00,0.1064,0.10773,0.10638,0.10688,21166732.200000003
2026-01-27 17:00:00+00:00,0.10688,0.1069,0.10457,0.10469,13633196.8
2026-01-27 18:00:00+00:00,0.10468,0.10629,0.10451,0.10587,6724627.2
2026-01-27 19:00:00+00:00,0.1059,0.10648,0.10541,0.10613,5496919.699999997
2026-01-27 20:00:00+00:00,0.10612,0.10847,0.10606,0.10837,11799694.3
2026-01-27 21:00:00+00:00,0.10834,0.10849,0.10687,0.10704,9753124.3
2026-01-27 22:00:00+00:00,0.10706,0.10793,0.10706,0.10778,4323805.8
2026-01-27 23:00:00+00:00,0.10779,0.10838,0.10779,0.10806,6512085.200000002
2026-01-28 00:00:00+00:00,0.10805,0.10812,0.10746,0.10802,3471446.599999999
2026-01-28 01:00:00+00:00,0.10804,0.10826,0.10736,0.1076,2157059.2
2026-01-28 02:00:00+00:00,0.10759,0.10778,0.10724,0.10751,1868570.8
2026-01-28 03:00:00+00:00,0.10751,0.10753,0.10708,0.10718,2567706.2000000007
2026-01-28 04:00:00+00:00,0.10715,0.10725,0.1065,0.10677,2128205.4
2026-01-28 05:00:00+00:00,0.10677,0.10722,0.10659,0.10714,1971092.1
2026-01-28 06:00:00+00:00,0.10717,0.10793,0.1071,0.10785,1446590.9999999998
2026-01-28 07:00:00+00:00,0.10786,0.10799,0.10722,0.1074,1612819.3999999997
2026-01-28 08:00:00+00:00,0.10739,0.1076,0.10698,0.10706,1641818.7999999996
2026-01-28 09:00:00+00:00,0.10706,0.10834,0.10698,0.10831,2157765.7
2026-01-28 10:00:00+00:00,0.10831,0.1086,0.10787,0.10789,3076030.4999999977
2026-01-28 11:00:00+00:00,0.1079,0.10888,0.1077,0.10882,3074452.2
2026-01-28 12:00:00+00:00,0.10881,0.10893,0.10789,0.10829,5324954.500000003
2026-01-28 13:00:00+00:00,0.1083,0.10868,0.10801,0.10817,3320656.099999999
2026-01-28 14:00:00+00:00,0.10816,0.10829,0.10751,0.1077,4360881.000000001
2026-01-28 15:00:00+00:00,0.10768,0.10804,0.10654,0.10663,9227524.4
2026-01-28 16:00:00+00:00,0.10662,0.10712,0.1061,0.10669,4027499.399999999
2026-01-28 17:00:00+00:00,0.10669,0.10774,0.10603,0.10749,3623876.900000001
2026-01-28 18:00:00+00:00,0.10748,0.10758,0.10661,0.10694,3882231.100000001
2026-01-28 19:00:00+00:00,0.10693,0.10737,0.10647,0.10702,5242330.6000000015
2026-01-28 20:00:00+00:00,0.10701,0.10789,0.10647,0.10662,5193877.399999999
2026-01-28 21:00:00+00:00,0.10665,0.10721,0.10603,0.10707,7773897.899999999
2026-01-28 22:00:00+00:00,0.10707,0.10748,0.10643,0.10748,3077711.499999999
2026-01-28 23:00:00+00:00,0.10748,0.10788,0.10677,0.10696,3807155.499999999
2026-01-29 00:00:00+00:00,0.10697,0.10721,0.10557,0.10597,4809169.699999998
2026-01-29 01:00:00+00:00,0.10597,0.10611,0.10524,0.10539,3981886.400000001
2026-01-29 02:00:00+00:00,0.10538,0.10575,0.10421,0.10447,8704555.000000004
2026-01-29 03:00:00+00:00,0.10446,0.105,0.10416,0.10441,3191603.3999999994
2026-01-29 04:00:00+00:00,0.10438,0.10453,0.104,0.10432,3747869.7000000007
2026-01-29 05:00:00+00:00,0.10431,0.10445,0.10404,0.10411,2420831.600000001
2026-01-29 06:00:00+00:00,0.10409,0.10444,0.10408,0.10432,1920864.9
2026-01-29 07:00:00+00:00,0.1043,0.1046,0.10418,0.10448,2501956.1
2026-01-29 08:00:00+00:00,0.10448,0.10471,0.10406,0.10419,1931944.7
2026-01-29 09:00:00+00:00,0.10416,0.10427,0.104,0.10403,3058438.5
2026-01-29 10:00:00+00:00,0.10402,0.10414,0.104,0.10407,2715885.3000000003
2026-01-29 11:00:00+00:00,0.10406,0.10406,0.10318,0.10333,4318932.099999999
2026-01-29 12:00:00+00:00,0.10332,0.10366,0.10309,0.10334,2495438.3
2026-01-29 13:00:00+00:00,0.10332,0.10405,0.10332,0.104,2153552.3
2026-01-29 14:00:00+00:00,0.104,0.10417,0.10156,0.10162,7698518.3999999985
2026-01-29 15:00:00+00:00,0.10162,0.10166,0.0987,0.10046,36779538.8
2026-01-29 16:00:00+00:00,0.10044,0.10124,0.09962,0.10119,13708800.800000004
2026-01-29 17:00:00+00:00,0.10114,0.10276,0.10028,0.10028,11764005.100000007
2026-01-29 18:00:00+00:00,0.10029,0.10055,0.09864,0.0987,15484345.199999994
2026-01-29 19:00:00+00:00,0.09863,0.10043,0.09852,0.09976,11716277.2
2026-01-29 20:00:00+00:00,0.09976,0.10087,0.0996,0.10076,7031909.800000001
2026-01-29 21:00:00+00:00,0.10077,0.1011,0.10041,0.1009,5229343.000000002
2026-01-29 22:00:00+00:00,0.10092,0.10132,0.10077,0.101,3652865.399999999
2026-01-29 23:00:00+00:00,0.101,0.10106,0.10056,0.10097,6583756.6
2026-01-30 00:00:00+00:00,0.10097,0.10148,0.10077,0.10095,4218056.1
2026-01-30 01:00:00+00:00,0.10094,0.10137,0.09754,0.09945,19148973.0
2026-01-30 02:00:00+00:00,0.09945,0.09949,0.09748,0.09872,14376387.2
2026-01-30 03:00:00+00:00,0.09872,0.09944,0.09859,0.09905,6776806.7
2026-01-30 04:00:00+00:00,0.09906,0.10039,0.09901,0.09962,7841733.700000001
2026-01-30 05:00:00+00:00,0.09965,0.0999,0.09932,0.09959,3650793.1
2026-01-30 06:00:00+00:00,0.09958,0.09961,0.097,0.09774,13687831.2
2026-01-30 07:00:00+00:00,0.09775,0.09932,0.09775,0.09876,5995075.800000001
2026-01-30 08:00:00+00:00,0.09876,0.09904,0.098,0.09848,3884166.9
2026-01-30 09:00:00+00:00,0.09848,0.09878,0.09778,0.09825,4746468.799999999
2026-01-30 10:00:00+00:00,0.09823,0.09891,0.09798,0.09891,3742257.1
2026-01-30 11:00:00+00:00,0.0989,0.09996,0.0986,0.09968,4566007.300000001
2026-01-30 12:00:00+00:00,0.09966,0.09978,0.09886,0.09916,3238243.099999999
2026-01-30 13:00:00+00:00,0.09915,0.09947,0.09844,0.09871,10367590.7
2026-01-30 14:00:00+00:00,0.09872,0.10039,0.09868,0.09948,11066036.800000004
2026-01-30 15:00:00+00:00,0.09949,0.10073,0.09822,0.10067,22609154.0
2026-01-30 16:00:00+00:00,0.10065,0.10065,0.09884,0.09892,14281542.100000003
2026-01-30 17:00:00+00:00,0.09892,0.09993,0.09812,0.09925,7248693.299999999
2026-01-30 18:00:00+00:00,0.09924,0.10061,0.0965,0.10015,18578144.3
2026-01-30 19:00:00+00:00,0.10013,0.10067,0.09972,0.09982,13979518.4
2026-01-30 20:00:00+00:00,0.09983,0.09984,0.09828,0.09864,10834054.500000004
2026-01-30 21:00:00+00:00,0.09864,0.09951,0.09827,0.0988,8814800.9
2026-01-30 22:00:00+00:00,0.09878,0.09914,0.09783,0.09821,11756650.999999994
2026-01-30 23:00:00+00:00,0.0982,0.0986,0.09788,0.09859,5746423.2
2026-01-31 00:00:00+00:00,0.0986,0.09862,0.09802,0.09818,3532544.100000001
2026-01-31 01:00:00+00:00,0.09819,0.09858,0.09791,0.09832,2329546.4
2026-01-31 02:00:00+00:00,0.09829,0.09857,0.09768,0.0984,2708315.2000000007
2026-01-31 03:00:00+00:00,0.09841,0.09858,0.09814,0.09828,1943843.1
2026-01-31 04:00:00+00:00,0.09828,0.09856,0.09792,0.0981,2067338.8
2026-01-31 05:00:00+00:00,0.09807,0.09828,0.09781,0.09799,3954293.7999999993
2026-01-31 06:00:00+00:00,0.09798,0.09814,0.09687,0.09723,4331112.0
2026-01-31 07:00:00+00:00,0.09725,0.09737,0.09622,0.09685,3084330.6
2026-01-31 08:00:00+00:00,0.09686,0.09714,0.09478,0.09566,17000946.100000005
2026-01-31 09:00:00+00:00,0.09567,0.0959,0.09505,0.09534,4884496.099999999
2026-01-31 10:00:00+00:00,0.09529,0.09585,0.09499,0.09542,2508304.0000000005
2026-01-31 11:00:00+00:00,0.09543,0.09544,0.09464,0.0948,4332284.9
2026-01-31 12:00:00+00:00,0.09478,0.09504,0.09435,0.0945,8489502.399999999
2026-01-31 13:00:00+00:00,0.0945,0.09465,0.09345,0.09361,8603573.999999996
2026-01-31 14:00:00+00:00,0.0936,0.09376,0.08888,0.0908,32830406.1
2026-01-31 15:00:00+00:00,0.09076,0.09224,0.09053,0.09105,15505430.199999994
2026-01-31 16:00:00+00:00,0.09107,0.09299,0.0898,0.09011,19195633.40000001
2026-01-31 17:00:00+00:00,0.09011,0.09034,0.08541,0.08758,37782479.49999999
2026-01-31 18:00:00+00:00,0.08758,0.08939,0.08385,0.08812,33499769.600000005
2026-01-31 19:00:00+00:00,0.08813,0.0899,0.08807,0.08916,19347904.2
2026-01-31 20:00:00+00:00,0.08916,0.09057,0.0887,0.09015,11278332.0
2026-01-31 21:00:00+00:00,0.09016,0.09182,0.08983,0.09147,13093433.3
2026-01-31 22:00:00+00:00,0.09147,0.09175,0.09059,0.09153,7476246.700000003
2026-01-31 23:00:00+00:00,0.09153,0.09401,0.09144,0.09286,9129673.1
2026-02-01 00:00:00+00:00,0.09285,0.09341,0.09244,0.09296,8601522.099999998
2026-02-01 01:00:00+00:00,0.09295,0.09298,0.09173,0.09245,5291144.699999999
2026-02-01 02:00:00+00:00,0.09246,0.09301,0.09203,0.09274,4422922.9
2026-02-01 03:00:00+00:00,0.09273,0.09284,0.09232,0.09268,2966680.5
2026-02-01 04:00:00+00:00,0.09268,0.09323,0.09264,0.09292,3542027.300000001
2026-02-01 05:00:00+00:00,0.09293,0.09317,0.09189,0.09223,5091871.599999999
2026-02-01 06:00:00+00:00,0.09223,0.09284,0.0918,0.09211,2947505.8
2026-02-01 07:00:00+00:00,0.09211,0.09236,0.09123,0.09187,6353013.499999999
2026-02-01 08:00:00+00:00,0.09188,0.09242,0.09145,0.09185,4385143.300000002
2026-02-01 09:00:00+00:00,0.09185,0.09249,0.09137,0.09227,2760296.6
2026-02-01 10:00:00+00:00,0.09231,0.09243,0.09044,0.09057,4935953.800000002
2026-02-01 11:00:00+00:00,0.09055,0.09168,0.09055,0.09128,3575574.9000000004
2026-02-01 12:00:00+00:00,0.09128,0.0913,0.09042,0.0905,5194016.7
2026-02-01 13:00:00+00:00,0.09052,0.0915,0.09034,0.09048,5356064.4
2026-02-01 14:00:00+00:00,0.09046,0.09093,0.0889,0.09015,10914949.4
2026-02-01 15:00:00+00:00,0.09017,0.09019,0.08808,0.08911,13364026.499999998
2026-02-01 16:00:00+00:00,0.0891,0.08962,0.08814,0.08854,12634476.1
2026-02-01 17:00:00+00:00,0.08854,0.08889,0.088,0.08865,9046909.5
2026-02-01 18:00:00+00:00,0.08868,0.09042,0.08868,0.08995,11734303.500000006
2026-02-01 19:00:00+00:00,0.08994,0.09014,0.0886,0.0891,6641933.399999998
2026-02-01 20:00:00+00:00,0.08909,0.09009,0.08827,0.08924,7627049.4
2026-02-01 21:00:00+00:00,0.08924,0.08931,0.08828,0.0886,10295227.500000006
2026-02-01 22:00:00+00:00,0.08865,0.09021,0.08852,0.08939,9517076.699999996
2026-02-01 23:00:00+00:00,0.08937,0.09002,0.0869,0.08845,21715281.1
2026-02-02 00:00:00+00:00,0.08844,0.09035,0.08802,0.08955,23471577.1
2026-02-02 01:00:00+00:00,0.08956,0.09055,0.08816,0.08971,11859929.6
2026-02-02 02:00:00+00:00,0.08971,0.09009,0.08877,0.08906,9349080.900000002
2026-02-02 03:00:00+00:00,0.08906,0.08915,0.08603,0.08884,30668287.1
2026-02-02 04:00:00+00:00,0.08884,0.08997,0.08745,0.08865,13100076.699999996
2026-02-02 05:00:00+00:00,0.08867,0.08874,0.08686,0.08776,12832155.600000007
2026-02-02 06:00:00+00:00,0.08772,0.09023,0.08685,0.08885,18706429.500000004
2026-02-02 07:00:00+00:00,0.08886,0.08968,0.08866,0.08898,11818782.2
2026-02-02 08:00:00+00:00,0.08901,0.09018,0.089,0.08996,7497151.499999998
2026-02-02 09:00:00+00:00,0.09,0.09122,0.08947,0.09096,9555280.300000004
2026-02-02 10:00:00+00:00,0.09098,0.09139,0.0905,0.09087,8843974.400000002
2026-02-02 11:00:00+00:00,0.09088,0.09172,0.09085,0.09101,7982388.1000000015
2026-02-02 12:00:00+00:00,0.09103,0.0931,0.09103,0.09215,7450297.200000002
2026-02-02 13:00:00+00:00,0.09213,0.0939,0.09179,0.09376,10184742.000000002
2026-02-02 14:00:00+00:00,0.09372,0.09441,0.09245,0.0936,19276187.6
2026-02-02 15:00:00+00:00,0.09358,0.09586,0.09336,0.09549,19252805.500000004
2026-02-02 16:00:00+00:00,0.09549,0.0956,0.09346,0.09365,10889243.3
2026-02-02 17:00:00+00:00,0.09362,0.09423,0.09282,0.09321,9842367.2
2026-02-02 18:00:00+00:00,0.0932,0.09398,0.09277,0.09378,8213026.0
2026-02-02 19:00:00+00:00,0.09377,0.09392,0.09331,0.09331,5387066.7
2026-02-02 20:00:00+00:00,0.09331,0.09364,0.09292,0.09324,6943809.099999999
2026-02-02 21:00:00+00:00,0.09322,0.09403,0.09321,0.09346,6587762.700000002
2026-02-02 22:00:00+00:00,0.09345,0.09382,0.09328,0.0935,2848419.2
2026-02-02 23:00:00+00:00,0.0935,0.09354,0.09302,0.09318,3519732.2
2026-02-03 00:00:00+00:00,0.09315,0.09332,0.09267,0.09321,4710177.8
2026-02-03 01:00:00+00:00,0.09319,0.09319,0.0924,0.09271,4388690.899999999
2026-02-03 02:00:00+00:00,0.09271,0.09273,0.09113,0.09117,4775096.999999999
2026-02-03 03:00:00+00:00,0.09115,0.09255,0.09101,0.09243,4977163.600000001
2026-02-03 04:00:00+00:00,0.09239,0.09277,0.0919,0.09243,3857833.9
2026-02-03 05:00:00+00:00,0.09243,0.09245,0.09144,0.09146,3487015.1
2026-02-03 06:00:00+00:00,0.09149,0.09204,0.09114,0.09174,3087063.2000000016
2026-02-03 07:00:00+00:00,0.09172,0.09223,0.0915,0.09169,3596535.999999999
2026-02-03 08:00:00+00:00,0.09172,0.09208,0.09131,0.09137,2751026.799999999
2026-02-03 09:00:00+00:00,0.09136,0.09166,0.09025,0.09087,5342071.999999999
2026-02-03 10:00:00+00:00,0.09088,0.09111,0.09034,0.09052,3559398.8
2026-02-03 11:00:00+00:00,0.09057,0.09106,0.09038,0.0909,3569978.6
2026-02-03 12:00:00+00:00,0.0909,0.0915,0.09066,0.09126,7566591.699999999
2026-02-03 13:00:00+00:00,0.09126,0.09175,0.09116,0.09158,3937638.9
2026-02-03 14:00:00+00:00,0.09159,0.09179,0.09,0.09006,6759670.2
2026-02-03 15:00:00+00:00,0.09006,0.09206,0.08987,0.0918,15638992.100000003
2026-02-03 16:00:00+00:00,0.09182,0.09184,0.08966,0.08994,10395613.3
2026-02-03 17:00:00+00:00,0.08993,0.09012,0.08839,0.08843,8719280.7
2026-02-03 18:00:00+00:00,0.08848,0.08888,0.08734,0.08774,21009372.60000001
2026-02-03 19:00:00+00:00,0.08777,0.09161,0.08756,0.09139,19317583.600000005
2026-02-03 20:00:00+00:00,0.09136,0.09433,0.09041,0.09313,29609281.500000007
2026-02-03 21:00:00+00:00,0.09316,0.09402,0.09161,0.09177,14204386.200000009
2026-02-03 22:00:00+00:00,0.0918,0.09183,0.09057,0.09086,5346066.399999999
2026-02-03 23:00:00+00:00,0.09084,0.09095,0.09006,0.09058,7041872.299999999
2026-02-04 00:00:00+00:00,0.09057,0.09098,0.09007,0.09044,4743917.200000002
2026-02-04 01:00:00+00:00,0.09046,0.09181,0.09046,0.09104,6482636.099999999
2026-02-04 02:00:00+00:00,0.09103,0.0912,0.0904,0.09074,3633099.6999999993
2026-02-04 03:00:00+00:00,0.09074,0.09166,0.09066,0.09126,4537651.600000001
2026-02-04 04:00:00+00:00,0.09127,0.09152,0.09108,0.09119,2840964.899999999
2026-02-04 05:00:00+00:00,0.09119,0.09132,0.09073,0.09098,2669159.6
2026-02-04 06:00:00+00:00,0.09098,0.09193,0.09088,0.09161,2874404.2
2026-02-04 07:00:00+00:00,0.0916,0.0919,0.09133,0.09167,3334659.7000000007
2026-02-04 08:00:00+00:00,0.09167,0.09284,0.09147,0.09278,3795874.3
2026-02-04 09:00:00+00:00,0.09276,0.093,0.09255,0.09279,5374833.000000001
2026-02-04 10:00:00+00:00,0.0928,0.09347,0.09273,0.0932,3419709.000000001
2026-02-04 11:00:00+00:00,0.09321,0.09325,0.09194,0.09267,5743271.200000003
2026-02-04 12:00:00+00:00,0.09267,0.09274,0.09222,0.09266,2929286.3999999994
2026-02-04 13:00:00+00:00,0.09264,0.09298,0.09115,0.09126,11365471.100000003
2026-02-04 14:00:00+00:00,0.09129,0.09236,0.09011,0.0902,11043034.899999997
2026-02-04 15:00:00+00:00,0.09021,0.09168,0.08902,0.08974,22608426.2
2026-02-04 16:00:00+00:00,0.08972,0.09058,0.08866,0.08975,16943042.0
2026-02-04 17:00:00+00:00,0.08975,0.09031,0.08851,0.08932,22998237.899999995
2026-02-04 18:00:00+00:00,0.0893,0.09135,0.08815,0.09037,17102742.500000004
2026-02-04 19:00:00+00:00,0.0904,0.0921,0.09019,0.09198,13583267.000000002
2026-02-04 20:00:00+00:00,0.09196,0.09222,0.0907,0.09078,8234005.600000001
2026-02-04 21:00:00+00:00,0.09077,0.0911,0.08906,0.08978,8043872.899999999
2026-02-04 22:00:00+00:00,0.08978,0.0911,0.0885,0.08877,13492562.100000003
2026-02-04 23:00:00+00:00,0.08873,0.08994,0.08858,0.08925,7593948.4
2026-02-05 00:00:00+00:00,0.08926,0.08999,0.08905,0.08921,11402776.000000002
2026-02-05 01:00:00+00:00,0.08921,0.08992,0.08796,0.08852,15391887.800000004
2026-02-05 02:00:00+00:00,0.08858,0.08939,0.08741,0.08752,16518829.8
2026-02-05 03:00:00+00:00,0.08752,0.08832,0.0873,0.08766,12325658.400000002
2026-02-05 04:00:00+00:00,0.08768,0.08816,0.087,0.08758,12965600.1
2026-02-05 05:00:00+00:00,0.08757,0.08888,0.08679,0.088,9169522.6
2026-02-05 06:00:00+00:00,0.08802,0.08809,0.08644,0.08668,6831754.199999999
2026-02-05 07:00:00+00:00,0.08667,0.08804,0.08662,0.08733,6455015.400000004
2026-02-05 08:00:00+00:00,0.08739,0.08881,0.08739,0.08808,6282367.699999999
2026-02-05 09:00:00+00:00,0.08808,0.08904,0.0875,0.08782,7917817.500000007
2026-02-05 10:00:00+00:00,0.08782,0.08806,0.08578,0.08615,6986366.500000001
2026-02-05 11:00:00+00:00,0.08611,0.08648,0.08456,0.08544,14229971.7
2026-02-05 12:00:00+00:00,0.08545,0.08578,0.08432,0.08516,15416120.1
2026-02-05 13:00:00+00:00,0.08514,0.08569,0.08343,0.08401,22787750.19999999
2026-02-05 14:00:00+00:00,0.08403,0.08596,0.084,0.08414,21025859.4
2026-02-05 15:00:00+00:00,0.08418,0.08448,0.08004,0.08255,46325247.1
2026-02-05 16:00:00+00:00,0.08255,0.08323,0.08114,0.08223,27982932.90000001
2026-02-05 17:00:00+00:00,0.08222,0.08265,0.07973,0.08048,27812043.199999977
2026-02-05 18:00:00+00:00,0.08048,0.08124,0.07937,0.08106,24792194.9
2026-02-05 19:00:00+00:00,0.08104,0.08121,0.0791,0.07924,16102493.099999998
2026-02-05 20:00:00+00:00,0.07927,0.07988,0.07573,0.07696,42743122.5
2026-02-05 21:00:00+00:00,0.07695,0.07884,0.07621,0.07718,29755620.4
2026-02-05 22:00:00+00:00,0.07718,0.0789,0.07617,0.07814,23649004.9
2026-02-05 23:00:00+00:00,0.07813,0.08095,0.07785,0.07803,30495567.39999999
2026-02-06 00:00:00+00:00,0.07799,0.07924,0.07208,0.0785,57992780.6
2026-02-06 01:00:00+00:00,0.07848,0.08204,0.07823,0.08197,29959660.8
2026-02-06 02:00:00+00:00,0.08197,0.08261,0.0792,0.07964,21568805.5
2026-02-06 03:00:00+00:00,0.07967,0.08053,0.07928,0.08016,19332265.500000004
2026-02-06 04:00:00+00:00,0.08015,0.08097,0.07952,0.0805,9248407.0
2026-02-06 05:00:00+00:00,0.08049,0.08349,0.08038,0.08339,14582886.5
2026-02-06 06:00:00+00:00,0.0834,0.08349,0.0815,0.08176,16705533.69999999
2026-02-06 07:00:00+00:00,0.08177,0.08282,0.08108,0.08224,10172633.8
2026-02-06 08:00:00+00:00,0.08229,0.08294,0.08149,0.08284,15835131.8
2026-02-06 09:00:00+00:00,0.08282,0.08494,0.08247,0.08349,16736778.9
2026-02-06 10:00:00+00:00,0.08349,0.08511,0.083,0.08476,13843829.80000001
2026-02-06 11:00:00+00:00,0.08478,0.08627,0.08394,0.08549,22240410.200000007
2026-02-06 12:00:00+00:00,0.08544,0.08544,0.08423,0.08474,8848283.8
2026-02-06 13:00:00+00:00,0.08475,0.08882,0.08474,0.08743,28018244.5
2026-02-06 14:00:00+00:00,0.08745,0.08982,0.08629,0.0893,29530685.2
2026-02-06 15:00:00+00:00,0.08934,0.09183,0.089,0.09057,44529170.2
2026-02-06 16:00:00+00:00,0.09055,0.09521,0.09036,0.09394,30841851.5
2026-02-06 17:00:00+00:00,0.09397,0.09822,0.09363,0.09421,46747000.200000025
2026-02-06 18:00:00+00:00,0.09425,0.0947,0.09245,0.09389,26322699.60000002
2026-02-06 19:00:00+00:00,0.09391,0.09423,0.09236,0.09273,17587620.6
2026-02-06 20:00:00+00:00,0.0927,0.09281,0.09037,0.09084,15298564.99999998
2026-02-06 21:00:00+00:00,0.09089,0.09114,0.09003,0.09076,10791609.299999995
2026-02-06 22:00:00+00:00,0.09077,0.09227,0.09073,0.09152,10955161.799999995
2026-02-06 23:00:00+00:00,0.09151,0.09221,0.09022,0.09122,9802632.7
2026-02-07 00:00:00+00:00,0.09124,0.09127,0.08942,0.09017,9708155.4
2026-02-07 01:00:00+00:00,0.09016,0.09076,0.08919,0.09038,6827724.799999998
2026-02-07 02:00:00+00:00,0.09036,0.09072,0.08992,0.09049,5868057.399999999
2026-02-07 03:00:00+00:00,0.09048,0.09119,0.09024,0.09085,7631832.5
2026-02-07 04:00:00+00:00,0.09082,0.09121,0.09,0.09015,5840526.199999999
2026-02-07 05:00:00+00:00,0.09013,0.09079,0.0901,0.09041,4640452.499999999
2026-02-07 06:00:00+00:00,0.0904,0.09166,0.08939,0.08939,9168536.900000026
2026-02-07 07:00:00+00:00,0.08943,0.08993,0.08852,0.08865,13651997.099999998
2026-02-07 08:00:00+00:00,0.08864,0.08917,0.08842,0.08877,6212382.2
2026-02-07 09:00:00+00:00,0.08873,0.08895,0.08723,0.08749,4178691.4
2026-02-07 10:00:00+00:00,0.08748,0.08781,0.08692,0.08724,3487430.8
2026-02-07 11:00:00+00:00,0.08722,0.08743,0.08671,0.08696,4521380.899999999
2026-02-07 12:00:00+00:00,0.08695,0.08934,0.08679,0.08831,7036133.2
2026-02-07 13:00:00+00:00,0.08833,0.0886,0.08739,0.08777,5657248.399999998
2026-02-07 14:00:00+00:00,0.08778,0.088,0.08711,0.08729,4291602.500000001
2026-02-07 15:00:00+00:00,0.08734,0.08928,0.08724,0.08904,5517705.9
2026-02-07 16:00:00+00:00,0.08904,0.09042,0.08823,0.08868,23348476.70000001
2026-02-07 17:00:00+00:00,0.08869,0.08923,0.08826,0.08893,4232104.7
2026-02-07 18:00:00+00:00,0.08896,0.09042,0.0889,0.09005,4817191.5
2026-02-07 19:00:00+00:00,0.09002,0.09002,0.08931,0.08946,3479247.1
2026-02-07 20:00:00+00:00,0.08947,0.09091,0.08946,0.09067,7626325.799999997
2026-02-07 21:00:00+00:00,0.09068,0.09077,0.09,0.09008,3541384.1999999983
2026-02-07 22:00:00+00:00,0.0901,0.09034,0.08976,0.0899,3119036.3
2026-02-07 23:00:00+00:00,0.08995,0.09013,0.08925,0.08995,3602033.0
2026-02-08 00:00:00+00:00,0.08998,0.0902,0.08946,0.08978,2725562.5
2026-02-08 01:00:00+00:00,0.08976,0.09028,0.0897,0.08982,2535115.1
2026-02-08 02:00:00+00:00,0.08982,0.09033,0.08958,0.08994,1979786.1
2026-02-08 03:00:00+00:00,0.08993,0.09024,0.08917,0.08923,3910972.3
2026-02-08 04:00:00+00:00,0.08924,0.08947,0.08877,0.08945,3067964.1
2026-02-08 05:00:00+00:00,0.08943,0.08973,0.08908,0.08921,1761404.7000000004
2026-02-08 06:00:00+00:00,0.08919,0.08945,0.08905,0.08925,1524192.8999999997
2026-02-08 07:00:00+00:00,0.08924,0.08974,0.08922,0.08962,5243862.8
2026-02-08 08:00:00+00:00,0.08961,0.09218,0.08951,0.09199,10358281.8
2026-02-08 09:00:00+00:00,0.09201,0.09238,0.09074,0.0911,7202859.700000004
2026-02-08 10:00:00+00:00,0.0911,0.09143,0.09021,0.09064,4132890.7
2026-02-08 11:00:00+00:00,0.09062,0.09453,0.09062,0.09448,10433971.500000002
2026-02-08 12:00:00+00:00,0.09446,0.09478,0.09295,0.09378,11735645.4
2026-02-08 13:00:00+00:00,0.09376,0.09428,0.09291,0.09428,9050960.599999998
2026-02-08 14:00:00+00:00,0.0943,0.09516,0.0939,0.09513,15944917.09999999
2026-02-08 15:00:00+00:00,0.09512,0.09615,0.0925,0.09268,23896712.300000034
2026-02-08 16:00:00+00:00,0.09268,0.09311,0.09055,0.09083,14818265.799999995
2026-02-08 17:00:00+00:00,0.0908,0.09164,0.09078,0.0914,6871726.3
2026-02-08 18:00:00+00:00,0.09141,0.09306,0.09121,0.09281,7519854.499999998
2026-02-08 19:00:00+00:00,0.0928,0.09287,0.09188,0.09247,6235681.300000003
2026-02-08 20:00:00+00:00,0.09247,0.09252,0.09135,0.0915,5897302.5
2026-02-08 21:00:00+00:00,0.09148,0.09167,0.09061,0.09121,5036940.9
2026-02-08 22:00:00+00:00,0.09122,0.09172,0.09082,0.09163,4051708.300000001
2026-02-08 23:00:00+00:00,0.09164,0.09381,0.09058,0.09122,9503681.9
2026-02-09 00:00:00+00:00,0.09118,0.09188,0.09086,0.09124,4556703.9
2026-02-09 01:00:00+00:00,0.09122,0.09166,0.09031,0.09068,6093955.699999999
2026-02-09 02:00:00+00:00,0.09064,0.09161,0.09055,0.09128,7570236.699999999
2026-02-09 03:00:00+00:00,0.09128,0.09253,0.09123,0.09246,5492316.2
2026-02-09 04:00:00+00:00,0.09243,0.09252,0.09186,0.09207,5927396.099999998
2026-02-09 05:00:00+00:00,0.09202,0.09227,0.09172,0.09209,3210771.8000000003
2026-02-09 06:00:00+00:00,0.0921,0.09211,0.09105,0.09176,3412906.5
2026-02-09 07:00:00+00:00,0.09175,0.09207,0.09102,0.09112,2508779.4000000013
2026-02-09 08:00:00+00:00,0.09113,0.09188,0.09007,0.0906,3631030.3
2026-02-09 09:00:00+00:00,0.0906,0.09081,0.08964,0.08979,3012629.0000000005
2026-02-09 10:00:00+00:00,0.08977,0.08991,0.08774,0.08816,7806258.600000001
2026-02-09 11:00:00+00:00,0.08816,0.0894,0.08815,0.08876,7101181.600000002
2026-02-09 12:00:00+00:00,0.08873,0.08974,0.08869,0.08937,2752325.6
2026-02-09 13:00:00+00:00,0.08939,0.0898,0.08875,0.08875,3539848.9999999995
2026-02-09 14:00:00+00:00,0.08876,0.0914,0.08876,0.09038,8595720.999999998
2026-02-09 15:00:00+00:00,0.09036,0.09176,0.09036,0.09166,6304403.2
2026-02-09 16:00:00+00:00,0.09167,0.09271,0.09095,0.09252,9672336.6
2026-02-09 17:00:00+00:00,0.09249,0.09272,0.09134,0.0925,10117480.7
2026-02-09 18:00:00+00:00,0.09252,0.09308,0.09145,0.09237,9877313.400000002
2026-02-09 19:00:00+00:00,0.09239,0.09284,0.09228,0.09275,3667382.8
2026-02-09 20:00:00+00:00,0.09273,0.0939,0.09226,0.09368,7193313.700000002
2026-02-09 21:00:00+00:00,0.09368,0.09379,0.09188,0.09277,7061035.999999999
2026-02-09 22:00:00+00:00,0.09281,0.09306,0.09247,0.09269,3400448.3999999994
2026-02-09 23:00:00+00:00,0.09268,0.09292,0.09194,0.09207,2714791.1
2026-02-10 00:00:00+00:00,0.09204,0.09232,0.0918,0.09192,3377650.100000001
2026-02-10 01:00:00+00:00,0.09193,0.09306,0.09187,0.0928,4148861.4
2026-02-10 02:00:00+00:00,0.09281,0.09302,0.0926,0.0929,2248937.2
2026-02-10 03:00:00+00:00,0.09292,0.09308,0.0918,0.09191,5406638.400000001
2026-02-10 04:00:00+00:00,0.09192,0.09324,0.09181,0.09284,3151053.4000000013
2026-02-10 05:00:00+00:00,0.09282,0.09292,0.09123,0.09154,4055729.7000000007
2026-02-10 06:00:00+00:00,0.09153,0.09205,0.09017,0.09041,5209773.699999998
2026-02-10 07:00:00+00:00,0.09042,0.09148,0.09041,0.09129,3197514.8000000017
2026-02-10 08:00:00+00:00,0.0913,0.09138,0.09067,0.09087,2140470.3
2026-02-10 09:00:00+00:00,0.09087,0.09137,0.09042,0.09074,2587073.3
2026-02-10 10:00:00+00:00,0.09076,0.09092,0.0901,0.09022,2759684.3
2026-02-10 11:00:00+00:00,0.09018,0.09046,0.09002,0.09017,2544742.8
2026-02-10 12:00:00+00:00,0.09018,0.09066,0.08978,0.08983,3684927.999999999
2026-02-10 13:00:00+00:00,0.0898,0.09041,0.08969,0.09021,3476226.2
2026-02-10 14:00:00+00:00,0.09018,0.09114,0.08955,0.09015,7004326.200000002
2026-02-10 15:00:00+00:00,0.09012,0.09169,0.08987,0.09142,6055205.899999999
2026-02-10 16:00:00+00:00,0.09139,0.09143,0.09048,0.09066,4952311.3
2026-02-10 17:00:00+00:00,0.09064,0.09167,0.09043,0.0911,3754847.100000001
2026-02-10 18:00:00+00:00,0.09108,0.09125,0.08938,0.08957,5193398.800000001
2026-02-10 19:00:00+00:00,0.08958,0.09059,0.08949,0.09016,3363217.3000000003
2026-02-10 20:00:00+00:00,0.09015,0.09046,0.08955,0.09034,9113690.800000004
2026-02-10 21:00:00+00:00,0.09032,0.09056,0.08974,0.09005,3259719.7
2026-02-10 22:00:00+00:00,0.09008,0.09055,0.08997,0.09012,2371910.099999999
2026-02-10 23:00:00+00:00,0.09012,0.09075,0.09,0.09072,2919347.8000000003
2026-02-11 00:00:00+00:00,0.0907,0.09116,0.09059,0.0908,3353602.3000000003
2026-02-11 01:00:00+00:00,0.0908,0.09111,0.09058,0.09064,2280087.2
2026-02-11 02:00:00+00:00,0.09063,0.09122,0.09057,0.09058,3026270.1
2026-02-11 03:00:00+00:00,0.09057,0.09071,0.0897,0.08995,5128360.6
2026-02-11 04:00:00+00:00,0.08992,0.09002,0.08892,0.08918,4621783.499999999
2026-02-11 05:00:00+00:00,0.08917,0.08957,0.08903,0.08924,3748322.199999999
2026-02-11 06:00:00+00:00,0.08923,0.08941,0.08819,0.08837,6598377.199999998
2026-02-11 07:00:00+00:00,0.08837,0.08869,0.08807,0.08837,4895103.799999997
2026-02-11 08:00:00+00:00,0.08837,0.08857,0.08814,0.08845,2485634.3000000003
2026-02-11 09:00:00+00:00,0.08846,0.0889,0.08834,0.08846,2736986.7000000007
2026-02-11 10:00:00+00:00,0.08844,0.08848,0.08779,0.08802,3367311.7000000007
2026-02-11 11:00:00+00:00,0.08802,0.08915,0.088,0.08904,2714851.2
2026-02-11 12:00:00+00:00,0.08903,0.08915,0.08845,0.08882,3404389.4999999986
2026-02-11 13:00:00+00:00,0.08881,0.08914,0.08796,0.08907,6506679.800000002
2026-02-11 14:00:00+00:00,0.08908,0.09153,0.08767,0.08784,20033872.199999977
2026-02-11 15:00:00+00:00,0.08785,0.08855,0.08712,0.08786,10990443.9
2026-02-11 16:00:00+00:00,0.08787,0.08895,0.08714,0.08745,8753009.899999999
2026-02-11 17:00:00+00:00,0.08744,0.08952,0.08741,0.08887,6664275.999999998
2026-02-11 18:00:00+00:00,0.08888,0.08939,0.08836,0.08904,4680294.199999998
2026-02-11 19:00:00+00:00,0.08906,0.08937,0.08858,0.08902,4436442.699999999
2026-02-11 20:00:00+00:00,0.089,0.08931,0.08838,0.08903,4114026.6
2026-02-11 21:00:00+00:00,0.08905,0.09001,0.08891,0.08928,5682438.6
2026-02-11 22:00:00+00:00,0.08928,0.08951,0.08893,0.08919,2560083.100000001
2026-02-11 23:00:00+00:00,0.08918,0.08918,0.08833,0.08903,5309181.500000002
2026-02-12 00:00:00+00:00,0.08905,0.09034,0.08905,0.09009,4131881.6
2026-02-12 01:00:00+00:00,0.0901,0.09072,0.09007,0.09026,3959388.299999999
2026-02-12 02:00:00+00:00,0.09025,0.09063,0.08995,0.09024,2517298.8000000003
2026-02-12 03:00:00+00:00,0.09025,0.09068,0.09022,0.09056,1747475.2
2026-02-12 04:00:00+00:00,0.09055,0.09069,0.09021,0.09029,2642372.1999999983
2026-02-12 05:00:00+00:00,0.09027,0.09072,0.09002,0.09063,1860165.4000000004
2026-02-12 06:00:00+00:00,0.09064,0.09294,0.09064,0.09256,9587677.500000002
2026-02-12 07:00:00+00:00,0.09255,0.09342,0.09227,0.0934,5968895.999999995
2026-02-12 08:00:00+00:00,0.09339,0.09352,0.09301,0.0935,4796274.3
2026-02-12 09:00:00+00:00,0.09347,0.09562,0.09346,0.09544,12299111.499999998
2026-02-12 10:00:00+00:00,0.09545,0.09661,0.09487,0.09648,6857217.200000001
2026-02-12 11:00:00+00:00,0.09646,0.09646,0.09505,0.0952,5892999.099999999
2026-02-12 12:00:00+00:00,0.09516,0.09532,0.094,0.09455,4797527.500000001
2026-02-12 13:00:00+00:00,0.09454,0.09566,0.09423,0.09566,5088747.4
2026-02-12 14:00:00+00:00,0.09568,0.09592,0.09455,0.09539,6957060.800000001
2026-02-12 15:00:00+00:00,0.0954,0.09558,0.09265,0.09278,7318003.500000001
2026-02-12 16:00:00+00:00,0.09276,0.0931,0.09048,0.09086,12831416.4
2026-02-12 17:00:00+00:00,0.09084,0.09148,0.08986,0.09017,6905040.899999998
2026-02-12 18:00:00+00:00,0.09018,0.09095,0.08994,0.09052,6279847.2
2026-02-12 19:00:00+00:00,0.09054,0.09168,0.09031,0.09074,5875121.799999999
2026-02-12 20:00:00+00:00,0.09073,0.09102,0.09004,0.0904,3542534.4000000013
2026-02-12 21:00:00+00:00,0.09041,0.09113,0.0904,0.09081,4146006.000000001
2026-02-12 22:00:00+00:00,0.09079,0.09279,0.09071,0.09274,4774729.7
2026-02-12 23:00:00+00:00,0.09278,0.09379,0.09247,0.0931,8479324.7
2026-02-13 00:00:00+00:00,0.09308,0.09368,0.09208,0.09252,4687374.799999999
2026-02-13 01:00:00+00:00,0.0925,0.09309,0.09228,0.09256,3513416.600000001
2026-02-13 02:00:00+00:00,0.09258,0.09323,0.0923,0.09308,2429346.7
2026-02-13 03:00:00+00:00,0.09308,0.09312,0.09223,0.09259,2489951.2
2026-02-13 04:00:00+00:00,0.09256,0.09268,0.09202,0.09205,2581495.9999999995
2026-02-13 05:00:00+00:00,0.09206,0.0924,0.09187,0.09191,2387830.0000000005
2026-02-13 06:00:00+00:00,0.09191,0.0923,0.09143,0.09222,2271169.9999999995
2026-02-13 07:00:00+00:00,0.09223,0.09258,0.09205,0.09247,2235210.4000000004
2026-02-13 08:00:00+00:00,0.09248,0.09371,0.09236,0.09341,4217912.899999999
2026-02-13 09:00:00+00:00,0.09341,0.09364,0.09302,0.0935,2557672.3999999994
2026-02-13 10:00:00+00:00,0.09351,0.09394,0.09332,0.09348,3000183.100000001
2026-02-13 11:00:00+00:00,0.0935,0.09387,0.09297,0.09319,3331636.1
2026-02-13 12:00:00+00:00,0.09316,0.09317,0.09271,0.09291,3090113.1
2026-02-13 13:00:00+00:00,0.0929,0.0939,0.09272,0.09368,4360027.000000001
2026-02-13 14:00:00+00:00,0.09367,0.09488,0.09322,0.09398,6213926.8
2026-02-13 15:00:00+00:00,0.094,0.09621,0.09372,0.09497,10294858.099999998
2026-02-13 16:00:00+00:00,0.095,0.09624,0.09451,0.09585,12601700.1
2026-02-13 17:00:00+00:00,0.09581,0.09699,0.09536,0.09626,8826702.799999999
2026-02-13 18:00:00+00:00,0.09626,0.09648,0.09512,0.09595,6872771.7
2026-02-13 19:00:00+00:00,0.09596,0.09644,0.0956,0.09609,5318864.800000002
2026-02-13 20:00:00+00:00,0.09611,0.0971,0.0959,0.09708,6181012.500000001
2026-02-13 21:00:00+00:00,0.09706,0.0979,0.09698,0.09733,6807392.699999997
2026-02-13 22:00:00+00:00,0.09734,0.09828,0.09727,0.09827,5162196.700000002
2026-02-13 23:00:00+00:00,0.09828,0.09894,0.09809,0.09878,7519685.000000002
2026-02-14 00:00:00+00:00,0.0988,0.10395,0.09876,0.10375,28591497.3
2026-02-14 01:00:00+00:00,0.10373,0.10768,0.1024,0.10294,46350265.70000003
2026-02-14 02:00:00+00:00,0.10292,0.10467,0.1028,0.10316,17201061.399999995
2026-02-14 03:00:00+00:00,0.10315,0.10315,0.10152,0.10223,7238879.300000002
2026-02-14 04:00:00+00:00,0.10223,0.10245,0.10118,0.10126,7196045.200000001
2026-02-14 05:00:00+00:00,0.10122,0.1017,0.10093,0.10105,2563946.900000001
2026-02-14 06:00:00+00:00,0.10104,0.10118,0.10046,0.10098,4055199.7
2026-02-14 07:00:00+00:00,0.101,0.1026,0.10086,0.1021,7476642.8999999985
2026-02-14 08:00:00+00:00,0.10208,0.10418,0.10182,0.10388,8806276.399999997
2026-02-14 09:00:00+00:00,0.10389,0.10443,0.10241,0.10252,8107073.499999999
2026-02-14 10:00:00+00:00,0.10249,0.10267,0.10206,0.10259,5374241.499999999
2026-02-14 11:00:00+00:00,0.10262,0.1038,0.10235,0.10372,8944134.8
2026-02-14 12:00:00+00:00,0.10372,0.10454,0.10275,0.10297,8783354.300000003
2026-02-14 13:00:00+00:00,0.103,0.10346,0.10156,0.10221,9261102.0
2026-02-14 14:00:00+00:00,0.10221,0.10366,0.10209,0.10339,5033802.400000001
2026-02-14 15:00:00+00:00,0.10338,0.10339,0.10244,0.10256,7193365.399999999
2026-02-14 16:00:00+00:00,0.10259,0.10329,0.10179,0.10312,7109851.899999998
2026-02-14 17:00:00+00:00,0.10314,0.10355,0.10245,0.10257,6865056.600000001
2026-02-14 18:00:00+00:00,0.10223,0.10431,0.10212,0.10419,6275600.199999999
2026-02-14 19:00:00+00:00,0.10418,0.1054,0.10364,0.10533,8628958.8
2026-02-14 20:00:00+00:00,0.10533,0.10568,0.1035,0.10379,8991328.099999996
2026-02-14 21:00:00+00:00,0.10379,0.10458,0.10318,0.10387,6836912.099999999
2026-02-14 22:00:00+00:00,0.10386,0.10494,0.10376,0.10428,5983710.499999999
2026-02-14 23:00:00+00:00,0.10426,0.10455,0.1034,0.10384,6520313.600000002
2026-02-15 00:00:00+00:00,0.10385,0.10447,0.10346,0.10407,5164355.199999999
2026-02-15 01:00:00+00:00,0.10405,0.10502,0.10301,0.10348,6446322.299999999
2026-02-15 02:00:00+00:00,0.10346,0.10354,0.10246,0.10324,4056505.399999999
2026-02-15 03:00:00+00:00,0.10324,0.10397,0.10216,0.10394,3659057.7000000007
2026-02-15 04:00:00+00:00,0.1039,0.10514,0.10367,0.10415,6699041.700000002
2026-02-15 05:00:00+00:00,0.10416,0.10464,0.10392,0.10443,3849742.6999999993
2026-02-15 06:00:00+00:00,0.10443,0.10575,0.10431,0.10494,6029895.699999998
2026-02-15 07:00:00+00:00,0.10493,0.10632,0.10483,0.10593,7125775.900000002
2026-02-15 08:00:00+00:00,0.1059,0.1065,0.10417,0.1044,8538561.699999997
2026-02-15 09:00:00+00:00,0.10438,0.10495,0.10326,0.10348,3965841.0
2026-02-15 10:00:00+00:00,0.1035,0.10361,0.10217,0.10228,3606037.7000000007
2026-02-15 11:00:00+00:00,0.10226,0.10271,0.10192,0.10244,4167303.3
2026-02-15 12:00:00+00:00,0.10242,0.10257,0.1,0.1,6915460.800000001
2026-02-15 13:00:00+00:00,0.10003,0.10146,0.10003,0.10029,7224549.300000001
2026-02-15 14:00:00+00:00,0.10028,0.10102,0.10015,0.10085,3554827.0999999987
2026-02-15 15:00:00+00:00,0.10085,0.10122,0.10017,0.10024,3063774.6
2026-02-15 16:00:00+00:00,0.10022,0.10027,0.09924,0.09986,6060194.399999999
2026-02-15 17:00:00+00:00,0.09988,0.10026,0.09804,0.09874,5122339.3
2026-02-15 18:00:00+00:00,0.09872,0.09902,0.09813,0.09851,5269853.4
2026-02-15 19:00:00+00:00,0.09852,0.09972,0.09794,0.09872,8870156.399999997
2026-02-15 20:00:00+00:00,0.0987,0.09874,0.09823,0.09856,4866838.999999997
2026-02-15 21:00:00+00:00,0.09857,0.0994,0.09847,0.09885,4534809.200000001
2026-02-15 22:00:00+00:00,0.09882,0.09981,0.0984,0.09974,8830431.7
2026-02-15 23:00:00+00:00,0.09973,0.10057,0.09871,0.10028,5956352.300000002
2026-02-16 00:00:00+00:00,0.10028,0.10178,0.10018,0.10171,6207081.199999999
2026-02-16 01:00:00+00:00,0.1017,0.10177,0.10019,0.10075,4424881.6
2026-02-16 02:00:00+00:00,0.10076,0.10146,0.10034,0.10044,3066356.3
2026-02-16 03:00:00+00:00,0.10047,0.10058,0.09967,0.10038,3789846.600000001
2026-02-16 04:00:00+00:00,0.10037,0.10113,0.10025,0.10075,2959802.3000000003
2026-02-16 05:00:00+00:00,0.10075,0.10094,0.09928,0.09975,3965457.8000000007
2026-02-16 06:00:00+00:00,0.09974,0.09995,0.0995,0.09985,1581452.2
2026-02-16 07:00:00+00:00,0.09984,0.10007,0.09943,0.09977,2397366.4
2026-02-16 08:00:00+00:00,0.09977,0.10043,0.09956,0.10022,2343413.8
2026-02-16 09:00:00+00:00,0.1002,0.10203,0.1002,0.10147,3542238.3999999994
2026-02-16 10:00:00+00:00,0.10144,0.10144,0.10032,0.1005,3221067.100000001
2026-02-16 11:00:00+00:00,0.10052,0.10084,0.09967,0.10048,2496274.4000000004
2026-02-16 12:00:00+00:00,0.10049,0.10228,0.10017,0.10221,4557138.199999999
2026-02-16 13:00:00+00:00,0.10221,0.1027,0.10013,0.10053,6412029.200000002
2026-02-16 14:00:00+00:00,0.10052,0.10135,0.10014,0.10086,4273135.3
2026-02-16 15:00:00+00:00,0.10088,0.10122,0.09858,0.09941,6685494.4
2026-02-16 16:00:00+00:00,0.09942,0.10062,0.09938,0.10016,4289405.000000001
2026-02-16 17:00:00+00:00,0.10016,0.10038,0.0997,0.10011,3552411.6
2026-02-16 18:00:00+00:00,0.1001,0.10048,0.1,0.10019,2612275.399999999
2026-02-16 19:00:00+00:00,0.1002,0.10068,0.10009,0.10051,2972074.4
2026-02-16 20:00:00+00:00,0.10051,0.10124,0.10005,0.10111,2673241.000000001
2026-02-16 21:00:00+00:00,0.1011,0.10218,0.10074,0.1021,3856256.7
2026-02-16 22:00:00+00:00,0.10208,0.10219,0.10116,0.10153,3811297.700000001
2026-02-16 23:00:00+00:00,0.10152,0.10197,0.10127,0.10164,2225349.3000000003
2026-02-17 00:00:00+00:00,0.10163,0.10188,0.10135,0.10157,3809265.8
2026-02-17 01:00:00+00:00,0.10158,0.102,0.10133,0.10136,3190430.4999999995
2026-02-17 02:00:00+00:00,0.10135,0.10208,0.10084,0.10183,3947361.8000000017
2026-02-17 03:00:00+00:00,0.10183,0.10183,0.10102,0.10102,2769641.8000000007
2026-02-17 04:00:00+00:00,0.10102,0.10127,0.10066,0.10099,1511697.8999999997
2026-02-17 05:00:00+00:00,0.10098,0.10105,0.09993,0.10058,2107556.8000000003
2026-02-17 06:00:00+00:00,0.10058,0.10083,0.10054,0.10066,1004227.5
2026-02-17 07:00:00+00:00,0.10065,0.10065,0.10023,0.10041,1080867.3999999997
2026-02-17 08:00:00+00:00,0.10042,0.10059,0.09973,0.09991,2037228.9
2026-02-17 09:00:00+00:00,0.09991,0.09997,0.0995,0.09981,2517205.4999999986
2026-02-17 10:00:00+00:00,0.09979,0.09993,0.09932,0.0996,3001789.899999999
2026-02-17 11:00:00+00:00,0.0996,0.09988,0.09934,0.09973,2849343.299999998
2026-02-17 12:00:00+00:00,0.09974,0.1005,0.09963,0.10013,2220407.9
2026-02-17 13:00:00+00:00,0.10014,0.10098,0.09998,0.10072,2983186.5
2026-02-17 14:00:00+00:00,0.10072,0.10117,0.09924,0.09962,6029621.8
2026-02-17 15:00:00+00:00,0.0996,0.10073,0.09946,0.10067,6551859.799999999
2026-02-17 16:00:00+00:00,0.1007,0.10347,0.10064,0.1022,10361780.1
2026-02-17 17:00:00+00:00,0.10219,0.10225,0.10025,0.10046,6842638.6000000015
2026-02-17 18:00:00+00:00,0.10047,0.10226,0.10038,0.10166,6122914.300000001
2026-02-17 19:00:00+00:00,0.1017,0.10206,0.10107,0.10126,2771076.8000000007
2026-02-17 20:00:00+00:00,0.10122,0.10171,0.10066,0.10167,3018130.2
2026-02-17 21:00:00+00:00,0.10164,0.10255,0.10163,0.10201,2662229.5000000005
2026-02-17 22:00:00+00:00,0.102,0.10209,0.10127,0.10166,2291997.3
2026-02-17 23:00:00+00:00,0.10165,0.10246,0.10153,0.10203,3991091.9
2026-02-18 00:00:00+00:00,0.10204,0.10265,0.10156,0.10157,5284220.299999999
2026-02-18 01:00:00+00:00,0.10157,0.10161,0.10105,0.10122,2888592.499999999
2026-02-18 02:00:00+00:00,0.10119,0.10207,0.10119,0.10185,2665136.7000000007
2026-02-18 03:00:00+00:00,0.10186,0.10209,0.10156,0.10158,1673727.2000000004
2026-02-18 04:00:00+00:00,0.1016,0.10182,0.10143,0.10172,2310716.8
2026-02-18 05:00:00+00:00,0.10173,0.10243,0.10157,0.10162,1791281.5000000002
2026-02-18 06:00:00+00:00,0.10162,0.10192,0.10155,0.10173,935238.4
2026-02-18 07:00:00+00:00,0.10171,0.10238,0.10125,0.10216,1916223.4999999995
2026-02-18 08:00:00+00:00,0.10217,0.1025,0.10123,0.10139,3966558.100000001
2026-02-18 09:00:00+00:00,0.10141,0.10154,0.1012,0.10122,1549770.7000000002
2026-02-18 10:00:00+00:00,0.1012,0.10142,0.10071,0.101,4136564.6
2026-02-18 11:00:00+00:00,0.10101,0.10103,0.10025,0.10068,2449252.4000000004
2026-02-18 12:00:00+00:00,0.10069,0.10102,0.1003,0.10061,1486950.2000000004
2026-02-18 13:00:00+00:00,0.10062,0.10089,0.10012,0.10055,3498712.3
2026-02-18 14:00:00+00:00,0.10055,0.10077,0.09974,0.10057,7507025.800000002
2026-02-18 15:00:00+00:00,0.10057,0.10224,0.10056,0.10123,13420869.19999999
2026-02-18 16:00:00+00:00,0.10123,0.10128,0.10036,0.10055,5012390.100000001
2026-02-18 17:00:00+00:00,0.10053,0.10134,0.10046,0.10047,3221729.3000000003
2026-02-18 18:00:00+00:00,0.10048,0.10068,0.09919,0.09936,6625315.100000001
2026-02-18 19:00:00+00:00,0.09937,0.09979,0.09881,0.09903,8371692.899999999
2026-02-18 20:00:00+00:00,0.09904,0.09961,0.0989,0.09923,3478516.0000000014
2026-02-18 21:00:00+00:00,0.09924,0.0994,0.09874,0.099,4892664.499999999
2026-02-18 22:00:00+00:00,0.099,0.09951,0.09874,0.09919,3729782.000000001
2026-02-18 23:00:00+00:00,0.09921,0.09933,0.09889,0.09907,2177111.0
2026-02-19 00:00:00+00:00,0.09908,0.09926,0.09889,0.09905,2676792.999999999
2026-02-19 01:00:00+00:00,0.09904,0.09967,0.09902,0.0995,3783981.0
2026-02-19 02:00:00+00:00,0.09951,0.09953,0.09904,0.09924,1839721.9
2026-02-19 03:00:00+00:00,0.09923,0.09947,0.09901,0.09935,1138772.3
2026-02-19 04:00:00+00:00,0.09933,0.09947,0.09909,0.0991,1426120.4
2026-02-19 05:00:00+00:00,0.0991,0.09925,0.09829,0.09838,2552699.699999999
2026-02-19 06:00:00+00:00,0.09837,0.09913,0.09836,0.09888,1708232.5999999992
2026-02-19 07:00:00+00:00,0.09886,0.09944,0.09881,0.09903,2179899.6
2026-02-19 08:00:00+00:00,0.099,0.09909,0.09784,0.09792,2812423.300000001
2026-02-19 09:00:00+00:00,0.09792,0.09855,0.09782,0.09799,2105804.6
2026-02-19 10:00:00+00:00,0.09798,0.09805,0.09725,0.0975,3265984.1
2026-02-19 11:00:00+00:00,0.09748,0.09777,0.09701,0.09721,2235903.9000000004
2026-02-19 12:00:00+00:00,0.09719,0.09729,0.0967,0.09685,3947108.2000000007
2026-02-19 13:00:00+00:00,0.09686,0.09692,0.09591,0.09642,5382147.8
2026-02-19 14:00:00+00:00,0.09643,0.09779,0.09631,0.09748,7520528.700000001
2026-02-19 15:00:00+00:00,0.09745,0.09791,0.09664,0.09741,5145844.100000001
2026-02-19 16:00:00+00:00,0.09742,0.09742,0.09581,0.09589,10244671.2
2026-02-19 17:00:00+00:00,0.0959,0.09764,0.09586,0.09663,6228507.500000003
2026-02-19 18:00:00+00:00,0.09662,0.09822,0.09658,0.0981,5626399.399999998
2026-02-19 19:00:00+00:00,0.0981,0.09822,0.09723,0.09782,2703391.5000000005
2026-02-19 20:00:00+00:00,0.09779,0.09814,0.09741,0.0981,3679995.5
2026-02-19 21:00:00+00:00,0.09807,0.0983,0.09786,0.09796,2155150.3
2026-02-19 22:00:00+00:00,0.09796,0.09802,0.09711,0.09745,2136545.2000000007
2026-02-19 23:00:00+00:00,0.09743,0.0977,0.09725,0.09759,3213135.1
2026-02-20 00:00:00+00:00,0.09758,0.09847,0.09745,0.09824,2480751.7
2026-02-20 01:00:00+00:00,0.09823,0.09841,0.09792,0.09814,2215047.699999999
2026-02-20 02:00:00+00:00,0.09815,0.09839,0.098,0.09809,1768798.8
2026-02-20 03:00:00+00:00,0.09808,0.09848,0.09782,0.09786,2148604.3999999994
2026-02-20 04:00:00+00:00,0.09783,0.09789,0.09695,0.09752,2976440.000000001
2026-02-20 05:00:00+00:00,0.09756,0.09867,0.09719,0.09824,2434862.499999999
2026-02-20 06:00:00+00:00,0.09825,0.09863,0.09795,0.09843,1600781.6999999993
2026-02-20 07:00:00+00:00,0.09846,0.09873,0.09825,0.09853,1856709.3
2026-02-20 08:00:00+00:00,0.09854,0.09894,0.09841,0.09884,1713726.7000000002
2026-02-20 09:00:00+00:00,0.09881,0.09957,0.09881,0.0992,2076387.2
2026-02-20 10:00:00+00:00,0.09918,0.09946,0.09891,0.09895,2664761.900000001
2026-02-20 11:00:00+00:00,0.09894,0.09903,0.09838,0.09855,1983272.7000000004
2026-02-20 12:00:00+00:00,0.09856,0.09917,0.09829,0.09881,2304412.0
2026-02-20 13:00:00+00:00,0.0988,0.09883,0.09693,0.0973,4836046.699999998
2026-02-20 14:00:00+00:00,0.09726,0.09889,0.09721,0.09859,5218897.000000002
2026-02-20 15:00:00+00:00,0.09862,0.10076,0.09861,0.10072,16851250.0
2026-02-20 16:00:00+00:00,0.10075,0.10146,0.09974,0.10051,10140030.299999995
2026-02-20 17:00:00+00:00,0.1005,0.1005,0.09853,0.09995,19547760.50000001
2026-02-20 18:00:00+00:00,0.09992,0.10086,0.09968,0.10024,8500356.700000001
2026-02-20 19:00:00+00:00,0.10027,0.10044,0.09971,0.10017,5565256.8
2026-02-20 20:00:00+00:00,0.10017,0.10052,0.09951,0.09989,2375264.6
2026-02-20 21:00:00+00:00,0.09987,0.10003,0.09966,0.09999,2040664.2
2026-02-20 22:00:00+00:00,0.1,0.10039,0.0996,0.10017,3892579.4
2026-02-20 23:00:00+00:00,0.10013,0.10038,0.09965,0.09965,2142702.2
2026-02-21 00:00:00+00:00,0.09967,0.09982,0.09908,0.09917,2788967.2000000007
2026-02-21 01:00:00+00:00,0.09919,0.10003,0.09918,0.09992,1675608.2000000004
2026-02-21 02:00:00+00:00,0.09994,0.10041,0.09976,0.10012,1214376.5000000002
2026-02-21 03:00:00+00:00,0.10013,0.10017,0.09941,0.09962,2770922.4
2026-02-21 04:00:00+00:00,0.09961,0.09984,0.09941,0.09974,2677089.4000000022
2026-02-21 05:00:00+00:00,0.09974,0.10003,0.09932,0.09935,1070194.5000000002
2026-02-21 06:00:00+00:00,0.09935,0.09939,0.09879,0.09886,1048306.3999999996
2026-02-21 07:00:00+00:00,0.09886,0.09912,0.09876,0.09889,964187.0
2026-02-21 08:00:00+00:00,0.09892,0.09971,0.09875,0.09961,1337232.3000000005
2026-02-21 09:00:00+00:00,0.09961,0.10039,0.09944,0.09996,2139273.3000000003
2026-02-21 10:00:00+00:00,0.09995,0.10017,0.0998,0.1,900625.7999999999
2026-02-21 11:00:00+00:00,0.1,0.10053,0.09998,0.10036,1455708.6
2026-02-21 12:00:00+00:00,0.10037,0.10048,0.10002,0.10029,1627384.9
2026-02-21 13:00:00+00:00,0.10025,0.10073,0.1,0.10071,1708960.1999999995
2026-02-21 14:00:00+00:00,0.10072,0.10121,0.10053,0.10065,4382336.200000002
2026-02-21 15:00:00+00:00,0.10066,0.1015,0.10032,0.10057,10626862.8
2026-02-21 16:00:00+00:00,0.10059,0.10082,0.09998,0.10008,4893564.799999999
2026-02-21 17:00:00+00:00,0.10009,0.10048,0.10002,0.10036,1977818.1000000003
2026-02-21 18:00:00+00:00,0.10042,0.10077,0.1002,0.10062,1583319.9
2026-02-21 19:00:00+00:00,0.10064,0.10068,0.10013,0.10013,1180514.8000000005
2026-02-21 20:00:00+00:00,0.10013,0.1003,0.0997,0.09974,2508915.8999999994
2026-02-21 21:00:00+00:00,0.09974,0.10009,0.09959,0.09992,1990225.1
2026-02-21 22:00:00+00:00,0.09992,0.10028,0.09961,0.09964,3929342.2
2026-02-21 23:00:00+00:00,0.09963,0.09983,0.09946,0.09977,1839375.3
2026-02-22 00:00:00+00:00,0.09975,0.0998,0.0988,0.09912,2635742.8
2026-02-22 01:00:00+00:00,0.09913,0.09924,0.09885,0.09899,1681780.7
2026-02-22 02:00:00+00:00,0.099,0.09936,0.09797,0.0981,3062948.900000001
2026-02-22 03:00:00+00:00,0.09812,0.09876,0.09794,0.09865,2082953.0
2026-02-22 04:00:00+00:00,0.09866,0.09868,0.09841,0.09851,1292054.6999999995
2026-02-22 05:00:00+00:00,0.09851,0.0986,0.09818,0.09839,1178245.6
2026-02-22 06:00:00+00:00,0.09837,0.09852,0.098,0.09836,1327030.799999999
2026-02-22 07:00:00+00:00,0.09834,0.09872,0.09822,0.09853,2112390.7
2026-02-22 08:00:00+00:00,0.0985,0.09855,0.09807,0.09808,840870.3000000003
2026-02-22 09:00:00+00:00,0.09806,0.09811,0.09782,0.09799,2132493.4
2026-02-22 10:00:00+00:00,0.09799,0.09858,0.09786,0.09838,1103684.4999999998
2026-02-22 11:00:00+00:00,0.09838,0.09862,0.09834,0.09836,1037876.1999999996
2026-02-22 12:00:00+00:00,0.09836,0.09841,0.09749,0.09778,3364294.8000000003
2026-02-22 13:00:00+00:00,0.09779,0.09799,0.09718,0.09733,3343923.6
2026-02-22 14:00:00+00:00,0.09734,0.09741,0.0968,0.09691,4230554.299999997
2026-02-22 15:00:00+00:00,0.09689,0.0982,0.09654,0.0977,8828124.799999997
2026-02-22 16:00:00+00:00,0.0977,0.09796,0.09753,0.09758,4446793.900000003
2026-02-22 17:00:00+00:00,0.09757,0.09757,0.09702,0.09722,1831899.5999999987
2026-02-22 18:00:00+00:00,0.09721,0.09745,0.09705,0.09745,3065685.3000000003
2026-02-22 19:00:00+00:00,0.09744,0.0976,0.0972,0.09758,1064051.9
2026-02-22 20:00:00+00:00,0.09755,0.09759,0.09691,0.09707,1386368.3
2026-02-22 21:00:00+00:00,0.09708,0.09731,0.09681,0.09716,2663403.4
2026-02-22 22:00:00+00:00,0.09716,0.09788,0.09699,0.09783,2717666.4
2026-02-22 23:00:00+00:00,0.09783,0.09829,0.09757,0.09819,2357468.0
2026-02-23 00:00:00+00:00,0.09819,0.0984,0.09625,0.0964,6485442.899999999
2026-02-23 01:00:00+00:00,0.09638,0.0964,0.09324,0.09348,22138918.89999999
2026-02-23 02:00:00+00:00,0.09347,0.09441,0.09333,0.0944,4720851.9
2026-02-23 03:00:00+00:00,0.0944,0.09528,0.09439,0.09508,7389281.499999999
2026-02-23 04:00:00+00:00,0.09507,0.09515,0.09427,0.09482,4779307.999999998
2026-02-23 05:00:00+00:00,0.0948,0.09539,0.09475,0.09484,3073668.1
2026-02-23 06:00:00+00:00,0.09485,0.09618,0.09484,0.09593,2975211.600000001
2026-02-23 07:00:00+00:00,0.09592,0.09609,0.0956,0.09574,2692708.9
2026-02-23 08:00:00+00:00,0.09572,0.09575,0.09449,0.09469,2413896.9999999995
2026-02-23 09:00:00+00:00,0.09472,0.09714,0.09472,0.0968,5706627.600000001
2026-02-23 10:00:00+00:00,0.09679,0.09695,0.0961,0.09632,3051458.900000001
2026-02-23 11:00:00+00:00,0.09634,0.09703,0.09627,0.0966,4487786.300000001
2026-02-23 12:00:00+00:00,0.09661,0.09779,0.09629,0.0974,3392121.5
2026-02-23 13:00:00+00:00,0.09742,0.09777,0.09677,0.09681,2865801.499999999
2026-02-23 14:00:00+00:00,0.09679,0.09688,0.09568,0.09628,5140698.400000001
2026-02-23 15:00:00+00:00,0.0963,0.09654,0.09506,0.09533,5809603.200000001
2026-02-23 16:00:00+00:00,0.0953,0.09582,0.09488,0.09504,4776709.400000002
2026-02-23 17:00:00+00:00,0.09504,0.09536,0.09342,0.09463,9192145.100000003
2026-02-23 18:00:00+00:00,0.0946,0.09559,0.09445,0.09478,4936226.099999997
2026-02-23 19:00:00+00:00,0.0948,0.09493,0.09419,0.09449,3930431.000000001
2026-02-23 20:00:00+00:00,0.09448,0.09523,0.09403,0.09516,4738127.3
2026-02-23 21:00:00+00:00,0.09515,0.0956,0.09479,0.09529,4532131.8
2026-02-23 22:00:00+00:00,0.09527,0.0957,0.09498,0.09498,2611544.8999999994
2026-02-23 23:00:00+00:00,0.09498,0.09538,0.09476,0.09492,1800990.6
2026-02-24 00:00:00+00:00,0.09493,0.09597,0.09493,0.09571,2139974.8000000003
2026-02-24 01:00:00+00:00,0.09569,0.09571,0.09345,0.09461,6934305.899999999
2026-02-24 02:00:00+00:00,0.09459,0.09515,0.09424,0.09464,3685564.900000001
2026-02-24 03:00:00+00:00,0.09464,0.09464,0.09363,0.09403,6188925.499999996
2026-02-24 04:00:00+00:00,0.09404,0.0942,0.09301,0.09384,4863479.8
2026-02-24 05:00:00+00:00,0.09385,0.09423,0.09308,0.09353,2396380.8000000003
2026-02-24 06:00:00+00:00,0.09355,0.09384,0.09316,0.09333,2014840.8000000005
2026-02-24 07:00:00+00:00,0.09334,0.09376,0.09307,0.09341,3033871.9999999995
2026-02-24 08:00:00+00:00,0.09339,0.094,0.09303,0.09373,1459129.0000000012
2026-02-24 09:00:00+00:00,0.09372,0.09382,0.09269,0.09311,2079466.8000000005
2026-02-24 10:00:00+00:00,0.09311,0.09341,0.09294,0.09323,1532703.1
2026-02-24 11:00:00+00:00,0.09326,0.0934,0.09304,0.0934,2359332.3000000007
2026-02-24 12:00:00+00:00,0.09338,0.0939,0.09327,0.09353,2265284.6
2026-02-24 13:00:00+00:00,0.09353,0.09373,0.09272,0.09358,4544919.0
2026-02-24 14:00:00+00:00,0.09356,0.09499,0.09275,0.09442,8734145.799999999
2026-02-24 15:00:00+00:00,0.09444,0.09539,0.09424,0.09525,4594056.099999999
2026-02-24 16:00:00+00:00,0.09524,0.09612,0.09486,0.09583,5289830.3
2026-02-24 17:00:00+00:00,0.09583,0.09588,0.09546,0.09583,4485770.9
2026-02-24 18:00:00+00:00,0.09578,0.09643,0.09565,0.09613,4091753.9
2026-02-24 19:00:00+00:00,0.09612,0.09643,0.0955,0.09616,3367966.3
2026-02-24 20:00:00+00:00,0.09616,0.09621,0.09572,0.09592,2225282.3
2026-02-24 21:00:00+00:00,0.09591,0.09591,0.09537,0.09556,3457746.7
2026-02-24 22:00:00+00:00,0.09552,0.09596,0.09504,0.09523,1834855.7
2026-02-24 23:00:00+00:00,0.09521,0.09534,0.09468,0.09503,1878726.7
2026-02-25 00:00:00+00:00,0.09503,0.09578,0.09488,0.0956,1453023.2000000004
2026-02-25 01:00:00+00:00,0.09558,0.09882,0.0953,0.09772,15333596.8
2026-02-25 02:00:00+00:00,0.09771,0.0985,0.09766,0.09798,5867911.9
2026-02-25 03:00:00+00:00,0.09798,0.09832,0.09723,0.09762,5355324.000000001
2026-02-25 04:00:00+00:00,0.09762,0.09767,0.09684,0.09715,5716402.700000001
2026-02-25 05:00:00+00:00,0.09716,0.09723,0.09596,0.09626,2827843.8
2026-02-25 06:00:00+00:00,0.09628,0.09655,0.09602,0.09621,1242139.299999999
2026-02-25 07:00:00+00:00,0.09621,0.09693,0.09621,0.09688,2397190.100000001
2026-02-25 08:00:00+00:00,0.09682,0.09743,0.09663,0.09737,1962122.1
2026-02-25 09:00:00+00:00,0.09734,0.09828,0.09731,0.09822,3322333.0000000014
2026-02-25 10:00:00+00:00,0.0982,0.09844,0.09762,0.09776,2147871.099999999
2026-02-25 11:00:00+00:00,0.09777,0.09829,0.09736,0.09826,2362087.400000001
2026-02-25 12:00:00+00:00,0.09824,0.101,0.09822,0.09949,11260535.299999995
2026-02-25 13:00:00+00:00,0.09951,0.10054,0.0995,0.0999,12092929.900000004
2026-02-25 14:00:00+00:00,0.09988,0.10164,0.09986,0.10164,6831545.900000001
2026-02-25 15:00:00+00:00,0.10161,0.10193,0.10107,0.10141,9203978.599999998
2026-02-25 16:00:00+00:00,0.1014,0.1025,0.10124,0.1023,10297952.800000004
2026-02-25 17:00:00+00:00,0.1023,0.1032,0.10199,0.103,15426930.200000009
2026-02-25 18:00:00+00:00,0.10298,0.10394,0.1022,0.10391,6335705.399999999
2026-02-25 19:00:00+00:00,0.10388,0.10444,0.10289,0.10425,9689161.200000009
2026-02-25 20:00:00+00:00,0.10426,0.10585,0.10414,0.10492,12202208.799999995
2026-02-25 21:00:00+00:00,0.10497,0.10695,0.1045,0.10518,8661718.1
2026-02-25 22:00:00+00:00,0.10516,0.10549,0.10244,0.10288,7395049.899999999
2026-02-25 23:00:00+00:00,0.10286,0.10328,0.10074,0.10183,7209905.999999998
2026-02-26 00:00:00+00:00,0.10183,0.10237,0.10084,0.10155,5137192.699999999
2026-02-26 01:00:00+00:00,0.10157,0.10218,0.1011,0.10114,3437639.600000001
2026-02-26 02:00:00+00:00,0.10115,0.10168,0.10062,0.10155,2986661.2
2026-02-26 03:00:00+00:00,0.10155,0.10168,0.10116,0.10135,3064639.5999999987
2026-02-26 04:00:00+00:00,0.10136,0.10296,0.10129,0.10249,4954565.300000003
2026-02-26 05:00:00+00:00,0.10246,0.10266,0.10131,0.10242,3222485.299999999
2026-02-26 06:00:00+00:00,0.10242,0.10282,0.10194,0.10212,1865080.5
2026-02-26 07:00:00+00:00,0.1021,0.10251,0.1014,0.10156,1779443.9
2026-02-26 08:00:00+00:00,0.10155,0.10248,0.10155,0.10207,2458199.1
2026-02-26 09:00:00+00:00,0.10205,0.10346,0.10197,0.10334,2729132.3
2026-02-26 10:00:00+00:00,0.10335,0.10358,0.10244,0.10266,2474405.6
2026-02-26 11:00:00+00:00,0.10264,0.10295,0.10195,0.1021,1798321.8999999994
2026-02-26 12:00:00+00:00,0.10205,0.10358,0.10197,0.10352,2205832.2
2026-02-26 13:00:00+00:00,0.10348,0.104,0.10289,0.10373,3554813.6
2026-02-26 14:00:00+00:00,0.10372,0.1038,0.10142,0.1022,8630356.600000001
2026-02-26 15:00:00+00:00,0.10219,0.10239,0.10076,0.10172,9146034.8
2026-02-26 16:00:00+00:00,0.10172,0.10186,0.09925,0.09942,13391435.500000004
2026-02-26 17:00:00+00:00,0.09938,0.10035,0.0993,0.09955,4400242.6
2026-02-26 18:00:00+00:00,0.09955,0.10087,0.09927,0.1005,6138511.6000000015
2026-02-26 19:00:00+00:00,0.10051,0.10181,0.10045,0.10154,5883346.400000001
2026-02-26 20:00:00+00:00,0.10154,0.10231,0.1015,0.10197,7596217.700000002
2026-02-26 21:00:00+00:00,0.10193,0.10252,0.1016,0.10209,4328378.199999999
2026-02-26 22:00:00+00:00,0.10209,0.10252,0.10186,0.10251,3326439.100000001
2026-02-26 23:00:00+00:00,0.10248,0.10311,0.10234,0.10265,4162513.1999999993
2026-02-27 00:00:00+00:00,0.10264,0.10327,0.10238,0.10251,4846904.9
2026-02-27 01:00:00+00:00,0.10254,0.10299,0.10238,0.10284,6653507.299999999
2026-02-27 02:00:00+00:00,0.10284,0.10325,0.10257,0.10285,2524165.1
2026-02-27 03:00:00+00:00,0.10288,0.10335,0.10238,0.10322,3894215.7999999993
2026-02-27 04:00:00+00:00,0.10322,0.10448,0.10306,0.10416,6810181.600000007
2026-02-27 05:00:00+00:00,0.10417,0.10447,0.104,0.10419,5153417.800000004
2026-02-27 06:00:00+00:00,0.10418,0.10475,0.10405,0.10469,3571617.9
2026-02-27 07:00:00+00:00,0.10469,0.1051,0.10404,0.10446,6547835.700000004
2026-02-27 08:00:00+00:00,0.10447,0.1052,0.10424,0.10456,2633783.099999999
2026-02-27 09:00:00+00:00,0.10457,0.10457,0.1026,0.10275,2507338.600000001
2026-02-27 10:00:00+00:00,0.10274,0.10274,0.10071,0.10087,4489583.899999999
2026-02-27 11:00:00+00:00,0.10082,0.10125,0.09993,0.1005,5895057.6
2026-02-27 12:00:00+00:00,0.10046,0.10064,0.10001,0.10049,5318596.7
2026-02-27 13:00:00+00:00,0.10048,0.10089,0.09956,0.10073,9246448.999999996
2026-02-27 14:00:00+00:00,0.1007,0.10126,0.0996,0.10001,10253024.4
2026-02-27 15:00:00+00:00,0.10001,0.10062,0.09985,0.10046,5532032.699999999
2026-02-27 16:00:00+00:00,0.10043,0.1006,0.09941,0.09955,5866287.700000003
2026-02-27 17:00:00+00:00,0.09955,0.10078,0.09914,0.10074,5347387.800000003
2026-02-27 18:00:00+00:00,0.10073,0.10075,0.09975,0.09992,3696067.3000000017
2026-02-27 19:00:00+00:00,0.09991,0.1001,0.0992,0.09945,3968652.699999999
2026-02-27 20:00:00+00:00,0.09945,0.09995,0.09938,0.09982,5972193.699999999
2026-02-27 21:00:00+00:00,0.09982,0.10011,0.09944,0.09977,2249210.2000000007
2026-02-27 22:00:00+00:00,0.0998,0.1,0.09845,0.09998,2869265.799999998
2026-02-27 23:00:00+00:00,0.09997,0.10085,0.09995,0.10041,3311648.3999999985
2026-02-28 00:00:00+00:00,0.10041,0.10101,0.09945,0.1008,11015318.800000008
2026-02-28 01:00:00+00:00,0.10077,0.10094,0.10008,0.10016,1498097.8000000005
2026-02-28 02:00:00+00:00,0.10017,0.10049,0.10013,0.10036,1501877.8999999997
2026-02-28 03:00:00+00:00,0.10034,0.10034,0.09965,0.09969,1101498.4
2026-02-28 04:00:00+00:00,0.09968,0.09989,0.09919,0.09975,1288480.6000000006
2026-02-28 05:00:00+00:00,0.09976,0.0998,0.09904,0.09934,1350665.7999999996
2026-02-28 06:00:00+00:00,0.09933,0.09933,0.09559,0.09574,15367886.4
2026-02-28 07:00:00+00:00,0.09572,0.09778,0.09526,0.09639,7678431.900000001
2026-02-28 08:00:00+00:00,0.09634,0.09634,0.09435,0.09444,7599516.999999996
2026-02-28 09:00:00+00:00,0.09444,0.09537,0.09436,0.09502,8113405.6000000015
2026-02-28 10:00:00+00:00,0.09502,0.09566,0.09455,0.09498,3569596.3
2026-02-28 11:00:00+00:00,0.09496,0.09574,0.09454,0.09462,3339403.399999999
2026-02-28 12:00:00+00:00,0.09463,0.09531,0.09457,0.09528,2715149.100000001
2026-02-28 13:00:00+00:00,0.09527,0.09756,0.09487,0.09748,7825832.099999998
2026-02-28 14:00:00+00:00,0.0975,0.09796,0.0958,0.09605,8311453.500000002
2026-02-28 15:00:00+00:00,0.09605,0.09717,0.09573,0.09669,5607098.8
2026-02-28 16:00:00+00:00,0.09671,0.09671,0.09589,0.0966,3576180.3
2026-02-28 17:00:00+00:00,0.0966,0.09697,0.09586,0.0968,4694201.899999999
2026-02-28 18:00:00+00:00,0.09668,0.09832,0.09639,0.09809,6148049.200000001
2026-02-28 19:00:00+00:00,0.0981,0.09967,0.09744,0.09858,18283645.700000007
2026-02-28 20:00:00+00:00,0.09859,0.10104,0.09837,0.10068,11157110.300000006
2026-02-28 21:00:00+00:00,0.10072,0.10074,0.09914,0.09976,7440683.400000003
2026-02-28 22:00:00+00:00,0.09977,0.102,0.09977,0.10086,21831045.1
2026-02-28 23:00:00+00:00,0.10087,0.10113,0.09987,0.1002,9803065.999999993
2026-03-01 00:00:00+00:00,0.10018,0.10052,0.09962,0.09976,2384824.9
2026-03-01 01:00:00+00:00,0.09973,0.1018,0.09905,0.1014,7874678.699999997
2026-03-01 02:00:00+00:00,0.10144,0.10491,0.10116,0.10203,21787352.399999976
2026-03-01 03:00:00+00:00,0.102,0.10226,0.10126,0.1015,4962234.300000001
2026-03-01 04:00:00+00:00,0.1015,0.10178,0.10073,0.10148,4690899.499999997
2026-03-01 05:00:00+00:00,0.1015,0.10179,0.10122,0.10122,1603267.0
2026-03-01 06:00:00+00:00,0.1012,0.10126,0.10008,0.10026,3180046.799999999
2026-03-01 07:00:00+00:00,0.1003,0.10077,0.10008,0.10056,1919494.8000000005
2026-03-01 08:00:00+00:00,0.10056,0.10092,0.09914,0.09926,4042590.0
2026-03-01 09:00:00+00:00,0.09928,0.1001,0.09894,0.09923,2486671.1
2026-03-01 10:00:00+00:00,0.0992,0.09965,0.09879,0.09928,2309310.3000000003
2026-03-01 11:00:00+00:00,0.09929,0.09939,0.09898,0.09907,1373614.2
2026-03-01 12:00:00+00:00,0.09907,0.09914,0.09828,0.09838,3751210.400000001
2026-03-01 13:00:00+00:00,0.09839,0.09985,0.09768,0.09942,5839617.000000002
2026-03-01 14:00:00+00:00,0.09943,0.1,0.09891,0.09921,5670453.200000005
2026-03-01 15:00:00+00:00,0.0992,0.10022,0.09914,0.09957,4594438.699999998
2026-03-01 16:00:00+00:00,0.09958,0.10007,0.09804,0.09861,7891616.000000001
2026-03-01 17:00:00+00:00,0.0986,0.09872,0.09749,0.09797,5157026.2
2026-03-01 18:00:00+00:00,0.09797,0.09914,0.09793,0.09802,7619869.699999999
2026-03-01 19:00:00+00:00,0.09802,0.09804,0.09701,0.09731,4964401.799999999
2026-03-01 20:00:00+00:00,0.0973,0.0973,0.09573,0.09591,9368153.499999998
2026-03-01 21:00:00+00:00,0.09592,0.09729,0.09589,0.09716,4610526.900000001
2026-03-01 22:00:00+00:00,0.09715,0.09855,0.09665,0.09693,7121121.399999997
2026-03-01 23:00:00+00:00,0.09694,0.09807,0.09685,0.09696,8778578.500000006
2026-03-02 00:00:00+00:00,0.09698,0.09873,0.09694,0.09838,3897506.400000001
2026-03-02 01:00:00+00:00,0.09838,0.09934,0.09812,0.09847,3101783.9999999995
2026-03-02 02:00:00+00:00,0.09852,0.09872,0.09762,0.09803,3948386.0
2026-03-02 03:00:00+00:00,0.09804,0.09914,0.09764,0.09897,3702690.7
2026-03-02 04:00:00+00:00,0.099,0.09925,0.09874,0.09885,3363088.899999999
2026-03-02 05:00:00+00:00,0.09886,0.09914,0.09828,0.09865,2258402.2
2026-03-02 06:00:00+00:00,0.09865,0.09865,0.0973,0.09778,2165121.0
2026-03-02 07:00:00+00:00,0.09776,0.09776,0.09687,0.09751,1940570.6
2026-03-02 08:00:00+00:00,0.09753,0.09789,0.09675,0.09771,3541809.7
2026-03-02 09:00:00+00:00,0.09772,0.09815,0.09706,0.09707,3554650.1
2026-03-02 10:00:00+00:00,0.09709,0.09761,0.09695,0.0973,3341530.3999999994
2026-03-02 11:00:00+00:00,0.09726,0.09742,0.09679,0.09714,2614087.0000000005
2026-03-02 12:00:00+00:00,0.09713,0.09735,0.09684,0.09705,4275454.600000001
2026-03-02 13:00:00+00:00,0.09703,0.0974,0.0965,0.09661,3512485.5
2026-03-02 14:00:00+00:00,0.0966,0.09956,0.09638,0.09945,12658790.500000002
2026-03-02 15:00:00+00:00,0.09945,0.10232,0.09929,0.10141,19244751.4
2026-03-02 16:00:00+00:00,0.1014,0.10293,0.10075,0.10083,12560243.300000004
2026-03-02 17:00:00+00:00,0.10084,0.10109,0.09956,0.10029,8563221.099999998
2026-03-02 18:00:00+00:00,0.10025,0.10053,0.09952,0.10005,6025731.499999999
2026-03-02 19:00:00+00:00,0.10007,0.10008,0.09929,0.09981,4509828.3
2026-03-02 20:00:00+00:00,0.09985,0.10036,0.09915,0.09956,7295249.8
2026-03-02 21:00:00+00:00,0.0996,0.09975,0.0979,0.0984,7439843.000000002
2026-03-02 22:00:00+00:00,0.09842,0.09936,0.09842,0.09897,4361675.000000002
2026-03-02 23:00:00+00:00,0.09898,0.09902,0.09792,0.09804,4362814.999999997
2026-03-03 00:00:00+00:00,0.09804,0.09829,0.0975,0.09777,5208705.399999996
2026-03-03 01:00:00+00:00,0.09775,0.09796,0.09702,0.09705,5610524.5
2026-03-03 02:00:00+00:00,0.09705,0.0975,0.09678,0.09697,10644826.599999994
2026-03-03 03:00:00+00:00,0.09694,0.09726,0.09633,0.09688,3565432.2
2026-03-03 04:00:00+00:00,0.09688,0.09737,0.09663,0.09679,3546227.8999999985
2026-03-03 05:00:00+00:00,0.09674,0.09725,0.09594,0.09627,3274727.999999999
2026-03-03 06:00:00+00:00,0.09626,0.09642,0.09588,0.09623,1725680.2000000002
2026-03-03 07:00:00+00:00,0.09621,0.09694,0.09612,0.09641,2006345.700000001
2026-03-03 08:00:00+00:00,0.09639,0.09663,0.09488,0.09503,5720925.599999999
2026-03-03 09:00:00+00:00,0.09503,0.09545,0.09463,0.09481,4529969.3
2026-03-03 10:00:00+00:00,0.0948,0.09534,0.0945,0.09515,2861237.2
2026-03-03 11:00:00+00:00,0.09516,0.0958,0.09488,0.09565,2105529.8
2026-03-03 12:00:00+00:00,0.09567,0.0966,0.09524,0.09559,6165697.899999998
2026-03-03 13:00:00+00:00,0.0956,0.09563,0.09485,0.09498,2167059.9
2026-03-03 14:00:00+00:00,0.09498,0.0961,0.09429,0.09507,8891045.799999997
2026-03-03 15:00:00+00:00,0.09504,0.09612,0.09449,0.09571,12418237.899999993
2026-03-03 16:00:00+00:00,0.09571,0.09778,0.09511,0.09587,12515843.6
2026-03-03 17:00:00+00:00,0.09588,0.0972,0.09501,0.09703,8337474.499999999
2026-03-03 18:00:00+00:00,0.09704,0.09798,0.09645,0.09722,4503077.899999999
2026-03-03 19:00:00+00:00,0.09723,0.09745,0.09638,0.09679,4619563.499999999
2026-03-03 20:00:00+00:00,0.09679,0.09723,0.09648,0.09674,3250017.1
2026-03-03 21:00:00+00:00,0.09676,0.09676,0.0961,0.09645,2668597.3
2026-03-03 22:00:00+00:00,0.09645,0.09719,0.0964,0.09697,4116390.4
2026-03-03 23:00:00+00:00,0.09695,0.09776,0.09685,0.09697,4842902.599999999
2026-03-04 00:00:00+00:00,0.09695,0.09754,0.09675,0.0971,3940560.6
2026-03-04 01:00:00+00:00,0.09712,0.0987,0.09688,0.09816,5017035.6000000015
2026-03-04 02:00:00+00:00,0.09816,0.099,0.09768,0.09886,4248808.100000001
2026-03-04 03:00:00+00:00,0.09886,0.09902,0.09734,0.09807,6056050.600000002
2026-03-04 04:00:00+00:00,0.09807,0.09822,0.09679,0.09742,5408251.800000004
2026-03-04 05:00:00+00:00,0.0974,0.09806,0.0967,0.09755,3054888.3
2026-03-04 06:00:00+00:00,0.09754,0.09829,0.09715,0.09798,2780153.900000001
2026-03-04 07:00:00+00:00,0.09797,0.09942,0.09783,0.09938,4047073.7
2026-03-04 08:00:00+00:00,0.0994,0.10123,0.09889,0.10109,11972871.9
2026-03-04 09:00:00+00:00,0.10112,0.10212,0.1008,0.10134,11314096.2
2026-03-04 10:00:00+00:00,0.10135,0.102,0.10072,0.101,7944759.699999998
2026-03-04 11:00:00+00:00,0.10102,0.10156,0.10021,0.10054,4034171.6
2026-03-04 12:00:00+00:00,0.10054,0.10066,0.09975,0.10058,3565152.700000001
2026-03-04 13:00:00+00:00,0.10056,0.10131,0.10029,0.10103,10456029.100000003
2026-03-04 14:00:00+00:00,0.10103,0.10227,0.10061,0.10116,11262783.700000005
2026-03-04 15:00:00+00:00,0.10118,0.10355,0.10116,0.10353,14885511.600000007
2026-03-04 16:00:00+00:00,0.10355,0.10415,0.10196,0.1026,7753746.2
2026-03-04 17:00:00+00:00,0.10261,0.10319,0.10166,0.10203,5849955.7
2026-03-04 18:00:00+00:00,0.10202,0.10238,0.10151,0.1022,9761284.4
2026-03-04 19:00:00+00:00,0.10223,0.10305,0.10203,0.10256,6170554.799999999
2026-03-04 20:00:00+00:00,0.10256,0.10258,0.10157,0.10162,6420865.200000001
2026-03-04 21:00:00+00:00,0.10162,0.10178,0.10103,0.10175,5599969.699999997
2026-03-04 22:00:00+00:00,0.10177,0.10222,0.10091,0.10105,3608678.5
2026-03-04 23:00:00+00:00,0.10104,0.10144,0.10065,0.10116,4517813.300000002
2026-03-05 00:00:00+00:00,0.10117,0.10129,0.1004,0.10075,2767838.8
2026-03-05 01:00:00+00:00,0.10074,0.10134,0.10005,0.10017,4180818.3
2026-03-05 02:00:00+00:00,0.10018,0.10107,0.10018,0.1008,4131916.4
2026-03-05 03:00:00+00:00,0.10079,0.10116,0.10052,0.10087,2857313.4999999995
2026-03-05 04:00:00+00:00,0.10086,0.10152,0.10072,0.10146,2570533.5
2026-03-05 05:00:00+00:00,0.10142,0.10154,0.10043,0.10073,2074234.5
2026-03-05 06:00:00+00:00,0.10073,0.10104,0.10013,0.10095,2689529.9
2026-03-05 07:00:00+00:00,0.10098,0.10123,0.09997,0.1004,7101688.900000001
2026-03-05 08:00:00+00:00,0.10041,0.10084,0.10003,0.10062,2784389.599999999
2026-03-05 09:00:00+00:00,0.1006,0.10085,0.10036,0.10056,2836279.6
2026-03-05 10:00:00+00:00,0.10057,0.1017,0.10022,0.10159,6118726.100000001
2026-03-05 11:00:00+00:00,0.1016,0.10165,0.10065,0.10095,3942328.500000001
2026-03-05 12:00:00+00:00,0.10095,0.10125,0.10053,0.10112,2108681.9
2026-03-05 13:00:00+00:00,0.10111,0.10118,0.10005,0.10031,5542943.0
2026-03-05 14:00:00+00:00,0.10032,0.10127,0.10008,0.10102,6440092.599999999
2026-03-05 15:00:00+00:00,0.10104,0.1012,0.09938,0.09956,10943834.900000002
2026-03-05 16:00:00+00:00,0.09956,0.0996,0.09816,0.0992,6574741.200000001
2026-03-05 17:00:00+00:00,0.09923,0.09966,0.09833,0.09858,5394549.0
2026-03-05 18:00:00+00:00,0.09859,0.09916,0.09844,0.09913,4720687.199999999
2026-03-05 19:00:00+00:00,0.09915,0.10009,0.09915,0.09947,2580546.6
2026-03-05 20:00:00+00:00,0.09947,0.10054,0.09938,0.10036,2784322.2000000007
2026-03-05 21:00:00+00:00,0.10038,0.10057,0.09943,0.09963,3952962.2000000016
2026-03-05 22:00:00+00:00,0.09964,0.09998,0.09931,0.0997,2516316.1
2026-03-05 23:00:00+00:00,0.09969,0.10007,0.09944,0.09959,2964939.3
2026-03-06 00:00:00+00:00,0.09963,0.0998,0.09948,0.09973,1989692.7
2026-03-06 01:00:00+00:00,0.09973,0.10067,0.09937,0.10056,3122604.5000000005
2026-03-06 02:00:00+00:00,0.10058,0.10092,0.10038,0.10055,3956380.4
2026-03-06 03:00:00+00:00,0.10054,0.10085,0.10017,0.1008,2796664.7000000007
2026-03-06 04:00:00+00:00,0.10083,0.10091,0.09971,0.1001,2104143.8000000003
2026-03-06 05:00:00+00:00,0.1001,0.10015,0.09937,0.09984,2096897.6
2026-03-06 06:00:00+00:00,0.09984,0.09996,0.09952,0.09957,1553152.3999999997
2026-03-06 07:00:00+00:00,0.09956,0.10019,0.09939,0.1,1641648.7999999998
2026-03-06 08:00:00+00:00,0.09999,0.09999,0.09942,0.0995,2055092.6999999995
2026-03-06 09:00:00+00:00,0.09952,0.09957,0.09872,0.09921,2929027.999999999
2026-03-06 10:00:00+00:00,0.0992,0.09958,0.09919,0.09928,1686304.0000000005
2026-03-06 11:00:00+00:00,0.09927,0.0995,0.09873,0.09887,2047700.1
2026-03-06 12:00:00+00:00,0.09886,0.09891,0.09812,0.09861,3672342.199999999
2026-03-06 13:00:00+00:00,0.09862,0.09934,0.09783,0.09783,5242793.099999998
2026-03-06 14:00:00+00:00,0.09783,0.09814,0.0965,0.09688,17642016.80000001
2026-03-06 15:00:00+00:00,0.09686,0.09748,0.0966,0.09685,5206325.6000000015
2026-03-06 16:00:00+00:00,0.09684,0.09737,0.09654,0.09672,4082003.6
2026-03-06 17:00:00+00:00,0.09671,0.09698,0.09623,0.09659,5971887.100000002
2026-03-06 18:00:00+00:00,0.09657,0.09725,0.09654,0.09698,3098884.9999999995
2026-03-06 19:00:00+00:00,0.09699,0.09752,0.09697,0.09715,3674341.1
2026-03-06 20:00:00+00:00,0.09715,0.09732,0.09671,0.097,2429350.9
2026-03-06 21:00:00+00:00,0.09702,0.09726,0.09678,0.0972,2227283.3999999994
2026-03-06 22:00:00+00:00,0.0972,0.0975,0.09713,0.09743,1268017.8
2026-03-06 23:00:00+00:00,0.09746,0.09767,0.09738,0.09758,1286108.5
2026-03-07 00:00:00+00:00,0.0976,0.09807,0.09749,0.09785,1529609.1
2026-03-07 01:00:00+00:00,0.09785,0.09806,0.09734,0.09734,1371083.7999999998
2026-03-07 02:00:00+00:00,0.09735,0.09741,0.09701,0.09738,1428402.5000000005
2026-03-07 03:00:00+00:00,0.09739,0.09777,0.09683,0.09691,1876720.3
2026-03-07 04:00:00+00:00,0.0969,0.09715,0.09652,0.09696,1525029.4
2026-03-07 05:00:00+00:00,0.09696,0.09715,0.09682,0.09708,684239.9999999999
2026-03-07 06:00:00+00:00,0.09707,0.09707,0.09633,0.09633,1891810.2000000004
2026-03-07 07:00:00+00:00,0.09633,0.09653,0.09619,0.09651,1020093.6
2026-03-07 08:00:00+00:00,0.09648,0.09683,0.09636,0.09639,866629.7
2026-03-07 09:00:00+00:00,0.09637,0.09681,0.09615,0.09673,1112090.9000000004
2026-03-07 10:00:00+00:00,0.09672,0.09682,0.09636,0.09636,767144.7000000001
2026-03-07 11:00:00+00:00,0.09635,0.0968,0.09619,0.09651,1213815.4
2026-03-07 12:00:00+00:00,0.09652,0.09666,0.09617,0.09624,814840.1000000001
2026-03-07 13:00:00+00:00,0.09624,0.09648,0.09621,0.0964,1459709.9
2026-03-07 14:00:00+00:00,0.0964,0.09651,0.09581,0.09632,3907793.2000000007
2026-03-07 15:00:00+00:00,0.09631,0.09644,0.09578,0.09605,2506165.600000001
2026-03-07 16:00:00+00:00,0.09606,0.0962,0.09585,0.09613,1206682.9000000006
2026-03-07 17:00:00+00:00,0.09614,0.09668,0.09614,0.09642,1023277.0
2026-03-07 18:00:00+00:00,0.09636,0.09641,0.09584,0.09596,2010492.6000000008
2026-03-07 19:00:00+00:00,0.09596,0.09602,0.09539,0.09558,2539884.1
2026-03-07 20:00:00+00:00,0.09559,0.09601,0.09558,0.09594,1895882.6000000008
2026-03-07 21:00:00+00:00,0.09592,0.09607,0.09581,0.09588,1528055.700000001
2026-03-07 22:00:00+00:00,0.09589,0.09594,0.0951,0.0954,1935281.5
2026-03-07 23:00:00+00:00,0.09542,0.09582,0.09537,0.09582,2087322.8
2026-03-08 00:00:00+00:00,0.09584,0.09589,0.09525,0.0954,932796.7000000004
2026-03-08 01:00:00+00:00,0.09538,0.0956,0.0953,0.09551,1634367.2999999998
2026-03-08 02:00:00+00:00,0.0955,0.09551,0.09455,0.09458,2433986.900000001
2026-03-08 03:00:00+00:00,0.09461,0.09492,0.09446,0.09462,1951905.3
2026-03-08 04:00:00+00:00,0.09464,0.09475,0.09389,0.09407,2645201.7
2026-03-08 05:00:00+00:00,0.09405,0.09479,0.09405,0.09467,1450829.9999999998
2026-03-08 06:00:00+00:00,0.09467,0.09481,0.09432,0.09476,1586305.2999999986
2026-03-08 07:00:00+00:00,0.09475,0.09518,0.09471,0.09504,1163040.1
2026-03-08 08:00:00+00:00,0.09505,0.09521,0.09473,0.09515,2090010.3000000005
2026-03-08 09:00:00+00:00,0.09513,0.09581,0.09502,0.09569,1355918.3
2026-03-08 10:00:00+00:00,0.09569,0.0967,0.09569,0.09623,3078012.100000002
2026-03-08 11:00:00+00:00,0.0962,0.0962,0.09513,0.09535,1101386.6
2026-03-08 12:00:00+00:00,0.09535,0.0957,0.09467,0.09525,1900393.8000000005
2026-03-08 13:00:00+00:00,0.09524,0.09533,0.09447,0.09504,2516247.200000001
2026-03-08 14:00:00+00:00,0.09504,0.09526,0.09475,0.0951,2345506.4
2026-03-08 15:00:00+00:00,0.0951,0.09518,0.09452,0.09465,2562512.4000000004
2026-03-08 16:00:00+00:00,0.09467,0.09467,0.09413,0.0943,3502490.5000000014
2026-03-08 17:00:00+00:00,0.09431,0.09492,0.0943,0.09445,1741249.6
2026-03-08 18:00:00+00:00,0.09446,0.09455,0.094,0.09431,1933739.1
2026-03-08 19:00:00+00:00,0.09432,0.09541,0.09415,0.0951,3751189.100000001
2026-03-08 20:00:00+00:00,0.09511,0.09551,0.09473,0.09489,2050318.4
2026-03-08 21:00:00+00:00,0.09489,0.09497,0.0942,0.09469,1961667.5
2026-03-08 22:00:00+00:00,0.09469,0.09469,0.09298,0.09441,10862488.499999989
2026-03-08 23:00:00+00:00,0.09442,0.0947,0.09382,0.09392,3879010.400000002
2026-03-09 00:00:00+00:00,0.09393,0.09537,0.09378,0.09463,2974084.9999999995
2026-03-09 01:00:00+00:00,0.09462,0.09501,0.09405,0.09408,3131406.4999999995
2026-03-09 02:00:00+00:00,0.09407,0.09482,0.09376,0.09458,2580722.9000000004
2026-03-09 03:00:00+00:00,0.09459,0.09632,0.09452,0.0954,9499143.799999984
2026-03-09 04:00:00+00:00,0.09538,0.09622,0.09519,0.0952,1800550.1
2026-03-09 05:00:00+00:00,0.09522,0.09663,0.09508,0.09634,4543610.299999999
2026-03-09 06:00:00+00:00,0.09636,0.09645,0.09523,0.09528,2000726.4
2026-03-09 07:00:00+00:00,0.09529,0.09533,0.09441,0.0952,3169214.2999999984
2026-03-09 08:00:00+00:00,0.09521,0.09575,0.09493,0.09537,2381948.5
2026-03-09 09:00:00+00:00,0.09542,0.0961,0.095,0.09525,2896638.599999999
2026-03-09 10:00:00+00:00,0.09527,0.09542,0.09469,0.09471,2880736.400000001
2026-03-09 11:00:00+00:00,0.09471,0.09483,0.09403,0.09447,6637251.499999997
2026-03-09 12:00:00+00:00,0.09449,0.09522,0.09449,0.09482,3307308.399999999
2026-03-09 13:00:00+00:00,0.09482,0.09611,0.09449,0.09584,6798492.399999999
2026-03-09 14:00:00+00:00,0.09582,0.09628,0.09526,0.09576,5768857.300000002
2026-03-09 15:00:00+00:00,0.09578,0.096,0.09463,0.09467,3452347.3000000017
2026-03-09 16:00:00+00:00,0.09468,0.095,0.09412,0.09468,7474631.4
2026-03-09 17:00:00+00:00,0.09469,0.09501,0.0942,0.0946,4332465.899999999
2026-03-09 18:00:00+00:00,0.09456,0.09468,0.09398,0.09415,4485549.600000001
2026-03-09 19:00:00+00:00,0.09416,0.09579,0.09384,0.09458,10418185.099999998
2026-03-09 20:00:00+00:00,0.09458,0.09487,0.09432,0.09477,6277487.399999999
2026-03-09 21:00:00+00:00,0.09477,0.09501,0.09425,0.09493,2691950.5000000005
2026-03-09 22:00:00+00:00,0.09492,0.09506,0.09421,0.09437,2305307.9999999995
2026-03-09 23:00:00+00:00,0.09436,0.0946,0.09423,0.09436,1188058.2
2026-03-10 00:00:00+00:00,0.09435,0.09557,0.09423,0.0951,2530027.0
2026-03-10 01:00:00+00:00,0.09509,0.09556,0.09474,0.09534,2470139.8000000003
2026-03-10 02:00:00+00:00,0.09532,0.09648,0.0952,0.09613,8293875.200000001
2026-03-10 03:00:00+00:00,0.09613,0.09635,0.09485,0.09509,2564477.899999999
2026-03-10 04:00:00+00:00,0.09512,0.0959,0.09512,0.09581,1606517.3999999997
2026-03-10 05:00:00+00:00,0.09581,0.09604,0.0954,0.09552,2396616.1
2026-03-10 06:00:00+00:00,0.0955,0.09551,0.09487,0.09494,3253708.4
2026-03-10 07:00:00+00:00,0.09493,0.09542,0.09483,0.09517,3940450.700000001
2026-03-10 08:00:00+00:00,0.09522,0.09585,0.09508,0.09529,4491528.300000002
2026-03-10 09:00:00+00:00,0.0953,0.09703,0.0953,0.0969,3959775.600000001
2026-03-10 10:00:00+00:00,0.0969,0.09706,0.09625,0.09697,4132706.6
2026-03-10 11:00:00+00:00,0.09699,0.09712,0.09633,0.09637,3563035.1
2026-03-10 12:00:00+00:00,0.09639,0.09654,0.09587,0.09649,4172288.5
2026-03-10 13:00:00+00:00,0.0965,0.09729,0.09568,0.09611,5419786.899999999
2026-03-10 14:00:00+00:00,0.09609,0.0988,0.09533,0.09872,12580755.400000002
2026-03-10 15:00:00+00:00,0.09873,0.09893,0.09742,0.09824,6331387.399999998
2026-03-10 16:00:00+00:00,0.09822,0.09896,0.09775,0.09845,6129141.900000002
2026-03-10 17:00:00+00:00,0.09842,0.09878,0.09722,0.09754,6966166.499999998
2026-03-10 18:00:00+00:00,0.09754,0.09754,0.09604,0.09625,7060311.299999999
2026-03-10 19:00:00+00:00,0.09626,0.09653,0.09568,0.09602,4713085.199999999
2026-03-10 20:00:00+00:00,0.09603,0.09627,0.09579,0.096,2725864.9000000004
2026-03-10 21:00:00+00:00,0.09597,0.09638,0.09511,0.09542,1834605.7
2026-03-10 22:00:00+00:00,0.09539,0.0957,0.09503,0.09524,2418239.900000001
2026-03-10 23:00:00+00:00,0.09524,0.0954,0.09472,0.09519,3173070.7
2026-03-11 00:00:00+00:00,0.09521,0.09549,0.0948,0.09511,2742204.999999999
2026-03-11 01:00:00+00:00,0.0951,0.09518,0.09474,0.09488,2837166.8000000003
2026-03-11 02:00:00+00:00,0.09487,0.09489,0.09424,0.09466,3728984.3
2026-03-11 03:00:00+00:00,0.09467,0.09486,0.0943,0.09444,1108217.2000000004
2026-03-11 04:00:00+00:00,0.0944,0.09507,0.09426,0.09504,1515565.8999999997
2026-03-11 05:00:00+00:00,0.09505,0.0951,0.0938,0.0941,1844755.1000000003
2026-03-11 06:00:00+00:00,0.09414,0.09457,0.09412,0.09442,1229744.3999999997
2026-03-11 07:00:00+00:00,0.09441,0.09455,0.09389,0.09398,1406779.1
2026-03-11 08:00:00+00:00,0.09398,0.09415,0.09367,0.09386,1915007.5999999992
2026-03-11 09:00:00+00:00,0.09382,0.09382,0.09332,0.09345,3390190.099999999
2026-03-11 10:00:00+00:00,0.09344,0.09401,0.09332,0.09386,3845825.1
2026-03-11 11:00:00+00:00,0.09387,0.09411,0.09369,0.0938,1992463.1
2026-03-11 12:00:00+00:00,0.09378,0.09477,0.09349,0.09438,3046508.1
2026-03-11 13:00:00+00:00,0.09436,0.09625,0.09426,0.095,8175605.1
2026-03-11 14:00:00+00:00,0.09501,0.09569,0.09468,0.09504,6455083.200000002
2026-03-11 15:00:00+00:00,0.09506,0.09512,0.09348,0.09407,5054035.799999998
2026-03-11 16:00:00+00:00,0.09407,0.09424,0.09353,0.09416,4623807.499999996
2026-03-11 17:00:00+00:00,0.09417,0.09487,0.09377,0.09454,5725268.499999997
2026-03-11 18:00:00+00:00,0.09456,0.09535,0.09447,0.09529,4551787.100000001
2026-03-11 19:00:00+00:00,0.09531,0.0954,0.09459,0.09493,3410923.2
2026-03-11 20:00:00+00:00,0.09494,0.09513,0.09443,0.09501,2852072.600000001
2026-03-11 21:00:00+00:00,0.09504,0.09552,0.09463,0.09546,2125205.1
2026-03-11 22:00:00+00:00,0.09549,0.09561,0.09439,0.09469,3756270.500000001
2026-03-11 23:00:00+00:00,0.09471,0.09491,0.09405,0.09425,1948279.4000000004
2026-03-12 00:00:00+00:00,0.09426,0.0949,0.09415,0.0948,1771808.8999999997
2026-03-12 01:00:00+00:00,0.0948,0.09487,0.094,0.09437,1901559.6
2026-03-12 02:00:00+00:00,0.09439,0.09465,0.0936,0.09369,2625761.099999999
2026-03-12 03:00:00+00:00,0.09369,0.09401,0.09358,0.0938,3936676.000000001
2026-03-12 04:00:00+00:00,0.09381,0.09406,0.09349,0.09354,1766805.8000000005
2026-03-12 05:00:00+00:00,0.09352,0.09364,0.09312,0.09348,1747578.4
2026-03-12 06:00:00+00:00,0.09344,0.09387,0.09326,0.09382,1719416.8999999997
2026-03-12 07:00:00+00:00,0.09383,0.09454,0.09374,0.09448,1672654.7
2026-03-12 08:00:00+00:00,0.09448,0.09504,0.0942,0.09445,1968021.0
2026-03-12 09:00:00+00:00,0.09445,0.09505,0.09416,0.09455,1497271.1999999995
2026-03-12 10:00:00+00:00,0.09452,0.09515,0.09442,0.095,1429402.8000000005
2026-03-12 11:00:00+00:00,0.09496,0.09519,0.0947,0.09489,2953474.8
2026-03-12 12:00:00+00:00,0.09492,0.09545,0.09477,0.09505,2704947.800000001
2026-03-12 13:00:00+00:00,0.09504,0.09544,0.094,0.09439,4902882.4
2026-03-12 14:00:00+00:00,0.0944,0.09494,0.09325,0.09366,4257753.1
2026-03-12 15:00:00+00:00,0.09367,0.09438,0.09342,0.0942,3673529.8
2026-03-12 16:00:00+00:00,0.0942,0.09465,0.09361,0.09437,3369711.5999999987
2026-03-12 17:00:00+00:00,0.09437,0.0946,0.09391,0.09414,2152201.4
2026-03-12 18:00:00+00:00,0.09415,0.09427,0.09362,0.09384,1758633.5999999996
2026-03-12 19:00:00+00:00,0.09383,0.09457,0.09365,0.09442,2171354.5000000005
2026-03-12 20:00:00+00:00,0.09441,0.09454,0.09387,0.09402,1294732.7
2026-03-12 21:00:00+00:00,0.094,0.09431,0.09384,0.09428,1157035.0
2026-03-12 22:00:00+00:00,0.09426,0.09457,0.09421,0.09456,2473046.7
2026-03-12 23:00:00+00:00,0.09456,0.09512,0.09453,0.09484,4605713.3
2026-03-13 00:00:00+00:00,0.09483,0.09665,0.09461,0.0959,10416061.7
2026-03-13 01:00:00+00:00,0.09592,0.09699,0.09592,0.09686,4546792.000000001
2026-03-13 02:00:00+00:00,0.09686,0.09691,0.09612,0.09646,3646902.7
2026-03-13 03:00:00+00:00,0.09647,0.09702,0.09597,0.09683,2400022.3000000003
2026-03-13 04:00:00+00:00,0.09686,0.09703,0.09647,0.09677,2118411.099999999
2026-03-13 05:00:00+00:00,0.09677,0.09729,0.09647,0.09691,4218148.6
2026-03-13 06:00:00+00:00,0.0969,0.09712,0.09614,0.09634,1584440.9000000004
2026-03-13 07:00:00+00:00,0.09633,0.09679,0.09623,0.09671,1799917.6000000003
2026-03-13 08:00:00+00:00,0.09671,0.09738,0.0963,0.0969,2907248.4999999995
2026-03-13 09:00:00+00:00,0.0969,0.09763,0.09684,0.09752,3318204.3000000003
2026-03-13 10:00:00+00:00,0.09749,0.09828,0.09748,0.09795,4345978.1
2026-03-13 11:00:00+00:00,0.09797,0.09828,0.09791,0.09828,3488797.4999999986
2026-03-13 12:00:00+00:00,0.09828,0.09972,0.09816,0.09923,7988203.399999999
2026-03-13 13:00:00+00:00,0.09923,0.0999,0.09877,0.09958,11627972.799999995
2026-03-13 14:00:00+00:00,0.09958,0.0999,0.09779,0.09785,9605290.4
2026-03-13 15:00:00+00:00,0.09788,0.09861,0.09718,0.09742,9233981.0
2026-03-13 16:00:00+00:00,0.09744,0.09769,0.09658,0.09724,6243163.0
2026-03-13 17:00:00+00:00,0.09726,0.09745,0.09544,0.09568,8144332.100000001
2026-03-13 18:00:00+00:00,0.0957,0.09599,0.09531,0.09531,5849621.899999998
2026-03-13 19:00:00+00:00,0.0953,0.09541,0.09488,0.09513,2900489.4000000004
2026-03-13 20:00:00+00:00,0.09511,0.09523,0.09484,0.09496,2412827.2
2026-03-13 21:00:00+00:00,0.09499,0.09545,0.09492,0.09527,2687774.9999999995
2026-03-13 22:00:00+00:00,0.09526,0.09529,0.09458,0.09484,4099762.3000000017
2026-03-13 23:00:00+00:00,0.09486,0.09518,0.0948,0.09514,2012607.8
2026-03-14 00:00:00+00:00,0.09513,0.09534,0.0946,0.09471,2506495.800000001
2026-03-14 01:00:00+00:00,0.09471,0.09503,0.09451,0.09487,2525709.8
2026-03-14 02:00:00+00:00,0.09486,0.09489,0.09456,0.09478,1982068.9
2026-03-14 03:00:00+00:00,0.09479,0.09521,0.09471,0.09499,1698640.7999999998
2026-03-14 04:00:00+00:00,0.09501,0.09531,0.09474,0.09478,2903699.7
2026-03-14 05:00:00+00:00,0.09479,0.09485,0.09418,0.0943,2297377.9999999995
2026-03-14 06:00:00+00:00,0.09429,0.09429,0.09344,0.09368,5853557.199999999
2026-03-14 07:00:00+00:00,0.09367,0.09367,0.09284,0.09306,2541307.2
2026-03-14 08:00:00+00:00,0.09305,0.09308,0.09278,0.09296,1144796.5
2026-03-14 09:00:00+00:00,0.09296,0.09306,0.09273,0.09281,2610772.200000001
2026-03-14 10:00:00+00:00,0.09277,0.09287,0.09254,0.09272,1789525.0999999996
2026-03-14 11:00:00+00:00,0.09274,0.09338,0.09267,0.09316,2647024.5
2026-03-14 12:00:00+00:00,0.09315,0.09315,0.09218,0.09243,1678346.3000000005
2026-03-14 13:00:00+00:00,0.09244,0.09304,0.09224,0.09249,3872549.9
2026-03-14 14:00:00+00:00,0.09248,0.09284,0.09233,0.09235,2661370.3000000007
2026-03-14 15:00:00+00:00,0.09235,0.09241,0.0919,0.09229,3306762.4999999986
2026-03-14 16:00:00+00:00,0.09227,0.09235,0.09205,0.09228,1822004.9
2026-03-14 17:00:00+00:00,0.09229,0.09233,0.09202,0.09207,1556026.3000000005
2026-03-14 18:00:00+00:00,0.09207,0.09219,0.09197,0.09206,2078913.7
2026-03-14 19:00:00+00:00,0.09204,0.09207,0.09161,0.09173,2429694.2
2026-03-14 20:00:00+00:00,0.09176,0.09203,0.09139,0.09182,6608917.900000004
2026-03-14 21:00:00+00:00,0.09184,0.09252,0.09171,0.09249,1514689.0000000007
2026-03-14 22:00:00+00:00,0.09247,0.09331,0.09246,0.09277,3361539.5
2026-03-14 23:00:00+00:00,0.09278,0.09382,0.09276,0.0936,4751032.1000000015
2026-03-15 00:00:00+00:00,0.0936,0.09373,0.09297,0.09331,2872846.599999999
2026-03-15 01:00:00+00:00,0.09326,0.09371,0.09322,0.09362,2736118.8000000003
2026-03-15 02:00:00+00:00,0.09364,0.09557,0.09364,0.09545,10068537.4
2026-03-15 03:00:00+00:00,0.09549,0.09579,0.09473,0.09505,2450750.100000001
2026-03-15 04:00:00+00:00,0.09505,0.09539,0.09466,0.09518,3899772.1000000015
2026-03-15 05:00:00+00:00,0.09526,0.09559,0.09493,0.09508,3836847.9999999967
2026-03-15 06:00:00+00:00,0.09506,0.09522,0.09459,0.09487,1537380.5000000007
2026-03-15 07:00:00+00:00,0.09488,0.09528,0.09478,0.09528,1441607.2000000002
2026-03-15 08:00:00+00:00,0.09529,0.09601,0.09522,0.09596,2468118.8
2026-03-15 09:00:00+00:00,0.09595,0.09655,0.09587,0.09623,3099338.999999999
2026-03-15 10:00:00+00:00,0.09626,0.09717,0.09626,0.09665,2140990.400000001
2026-03-15 11:00:00+00:00,0.09669,0.09687,0.09622,0.09651,1833140.4
2026-03-15 12:00:00+00:00,0.09652,0.09662,0.09556,0.09585,4505329.500000001
2026-03-15 13:00:00+00:00,0.09583,0.09619,0.09474,0.09568,7124806.1000000015
2026-03-15 14:00:00+00:00,0.09568,0.09575,0.09505,0.09544,2682588.9000000013
2026-03-15 15:00:00+00:00,0.09544,0.09553,0.09515,0.09534,1588608.4000000004
2026-03-15 16:00:00+00:00,0.09532,0.09583,0.09516,0.09524,3958428.3000000007
2026-03-15 17:00:00+00:00,0.09525,0.096,0.09514,0.09574,2465947.8
2026-03-15 18:00:00+00:00,0.09574,0.09603,0.09512,0.09526,3187119.9000000004
2026-03-15 19:00:00+00:00,0.09526,0.09552,0.09517,0.09537,3009538.8
2026-03-15 20:00:00+00:00,0.09536,0.09585,0.09501,0.09549,2744013.999999999
2026-03-15 21:00:00+00:00,0.0955,0.09618,0.09528,0.09589,2272474.0000000005
2026-03-15 22:00:00+00:00,0.09591,0.09696,0.09539,0.0966,5774203.399999998
2026-03-15 23:00:00+00:00,0.0966,0.09682,0.09563,0.09632,6257009.299999999
2026-03-16 00:00:00+00:00,0.09635,0.09658,0.09586,0.09612,3628937.4
2026-03-16 01:00:00+00:00,0.09613,0.09632,0.09577,0.09605,2130439.4000000004
2026-03-16 02:00:00+00:00,0.09604,0.09618,0.0955,0.09603,2189081.499999998
2026-03-16 03:00:00+00:00,0.09598,0.09784,0.09585,0.09704,9559374.399999997
2026-03-16 04:00:00+00:00,0.09705,0.09823,0.09705,0.0979,6540447.200000001
2026-03-16 05:00:00+00:00,0.09792,0.09878,0.09773,0.0986,5845665.499999998
2026-03-16 06:00:00+00:00,0.09862,0.09866,0.09775,0.09828,4688036.399999999
2026-03-16 07:00:00+00:00,0.09826,0.09904,0.09826,0.09867,5371642.199999999
2026-03-16 08:00:00+00:00,0.09868,0.09919,0.0972,0.09761,6741978.0
2026-03-16 09:00:00+00:00,0.0976,0.09842,0.0976,0.09816,2542227.000000001
2026-03-16 10:00:00+00:00,0.09818,0.09839,0.09765,0.09822,2701004.1
2026-03-16 11:00:00+00:00,0.09824,0.09827,0.09744,0.09794,4072581.099999998
2026-03-16 12:00:00+00:00,0.09795,0.09873,0.09793,0.09869,4525857.6000000015
2026-03-16 13:00:00+00:00,0.09869,0.09952,0.09841,0.09875,9098196.1
2026-03-16 14:00:00+00:00,0.09876,0.09935,0.09789,0.099,9539742.500000002
2026-03-16 15:00:00+00:00,0.099,0.09954,0.09808,0.0981,7437766.400000002
2026-03-16 16:00:00+00:00,0.09812,0.09911,0.09802,0.09894,5514126.499999999
2026-03-16 17:00:00+00:00,0.09894,0.09937,0.09842,0.09925,4650034.4
2026-03-16 18:00:00+00:00,0.09922,0.09983,0.09916,0.09934,7215244.6000000015
2026-03-16 19:00:00+00:00,0.09937,0.09995,0.09912,0.09952,5240734.900000002
2026-03-16 20:00:00+00:00,0.09953,0.10036,0.09944,0.10034,7419220.500000003
2026-03-16 21:00:00+00:00,0.10032,0.101,0.1,0.10029,6360374.5
2026-03-16 22:00:00+00:00,0.10031,0.10097,0.10015,0.10075,7148601.799999999
2026-03-16 23:00:00+00:00,0.10071,0.10073,0.09973,0.10029,4963327.500000001
2026-03-17 00:00:00+00:00,0.10028,0.10087,0.0999,0.10058,7452534.1
2026-03-17 01:00:00+00:00,0.1006,0.10134,0.10012,0.10081,9136239.3
2026-03-17 02:00:00+00:00,0.10081,0.10163,0.10011,0.10095,3907159.299999999
2026-03-17 03:00:00+00:00,0.10095,0.10102,0.0991,0.09939,10043956.2
2026-03-17 04:00:00+00:00,0.09938,0.09968,0.0979,0.09856,12921642.800000004
2026-03-17 05:00:00+00:00,0.09851,0.09877,0.09781,0.0983,4516101.2
2026-03-17 06:00:00+00:00,0.0983,0.09868,0.09784,0.09826,3843038.8
2026-03-17 07:00:00+00:00,0.09825,0.09931,0.09823,0.09913,1829464.8000000007
2026-03-17 08:00:00+00:00,0.09913,0.09948,0.09875,0.09891,2085292.7
2026-03-17 09:00:00+00:00,0.09891,0.09947,0.09863,0.09909,4174025.7
2026-03-17 10:00:00+00:00,0.09906,0.09919,0.09867,0.09888,4763848.500000001
2026-03-17 11:00:00+00:00,0.09893,0.0995,0.09872,0.09911,3604560.100000001
2026-03-17 12:00:00+00:00,0.09909,0.09918,0.09826,0.09847,4095352.599999997
2026-03-17 13:00:00+00:00,0.09846,0.09936,0.09823,0.09844,4050197.7
2026-03-17 14:00:00+00:00,0.09844,0.0993,0.0982,0.09914,4437683.999999999
2026-03-17 15:00:00+00:00,0.09911,0.0998,0.09865,0.09926,3760027.4
2026-03-17 16:00:00+00:00,0.09922,0.0998,0.09893,0.09907,3569408.0
2026-03-17 17:00:00+00:00,0.09907,0.09939,0.09888,0.09928,2287077.4000000004
2026-03-17 18:00:00+00:00,0.09927,0.09942,0.09892,0.09906,2774396.8000000003
2026-03-17 19:00:00+00:00,0.09905,0.09923,0.09855,0.09859,5039570.1
2026-03-17 20:00:00+00:00,0.0986,0.09895,0.09844,0.09883,1806919.7999999989
2026-03-17 21:00:00+00:00,0.09883,0.0995,0.09883,0.09929,1642115.799999999
2026-03-17 22:00:00+00:00,0.0993,0.09949,0.09853,0.0991,2785275.8000000003
2026-03-17 23:00:00+00:00,0.09907,0.09916,0.0987,0.09876,2124054.9
2026-03-18 00:00:00+00:00,0.09875,0.0991,0.09842,0.09907,2479352.9000000004
2026-03-18 01:00:00+00:00,0.0991,0.09947,0.09901,0.09926,1534689.9999999998
2026-03-18 02:00:00+00:00,0.09926,0.10044,0.09923,0.10003,4058577.7999999993
2026-03-18 03:00:00+00:00,0.10002,0.10086,0.1,0.10009,2423756.8999999994
2026-03-18 04:00:00+00:00,0.1001,0.10017,0.0996,0.09991,1382282.1
2026-03-18 05:00:00+00:00,0.09991,0.10076,0.09961,0.09969,2551966.4999999995
2026-03-18 06:00:00+00:00,0.09969,0.10029,0.09958,0.09962,1373609.9999999998
2026-03-18 07:00:00+00:00,0.09959,0.09959,0.099,0.09946,1170302.8999999997
2026-03-18 08:00:00+00:00,0.09947,0.09988,0.09922,0.09931,1876580.3000000005
2026-03-18 09:00:00+00:00,0.09932,0.0997,0.09903,0.09956,1678712.9
2026-03-18 10:00:00+00:00,0.09955,0.09958,0.09848,0.09881,2008079.4
2026-03-18 11:00:00+00:00,0.09878,0.09909,0.09725,0.09745,10250536.599999998
2026-03-18 12:00:00+00:00,0.09744,0.09754,0.09641,0.09664,7010959.100000001
2026-03-18 13:00:00+00:00,0.09662,0.09714,0.09597,0.0967,4744123.0
2026-03-18 14:00:00+00:00,0.09673,0.09678,0.09526,0.09527,5361541.699999998
2026-03-18 15:00:00+00:00,0.0953,0.0957,0.09485,0.09531,5101446.1000000015
2026-03-18 16:00:00+00:00,0.09528,0.0954,0.09482,0.09516,2554977.9000000004
2026-03-18 17:00:00+00:00,0.09516,0.09617,0.09495,0.09597,2650461.6
2026-03-18 18:00:00+00:00,0.09599,0.09661,0.0953,0.09552,6271360.999999999
2026-03-18 19:00:00+00:00,0.09554,0.09592,0.09505,0.09513,2852249.700000001
2026-03-18 20:00:00+00:00,0.09515,0.09563,0.09451,0.0955,2601065.2
2026-03-18 21:00:00+00:00,0.09549,0.09595,0.09543,0.0958,1699260.1000000003
2026-03-18 22:00:00+00:00,0.09578,0.09578,0.0954,0.0956,2115634.2
2026-03-18 23:00:00+00:00,0.09561,0.09591,0.09541,0.09579,1644681.8000000005
2026-03-19 00:00:00+00:00,0.09579,0.09592,0.09545,0.09555,2551501.63691056
2026-03-19 01:00:00+00:00,0.09554,0.0958,0.09529,0.09561,2366169.2225763104
2026-03-19 02:00:00+00:00,0.09561,0.09572,0.09522,0.09559,2834779.0429973
2026-03-19 03:00:00+00:00,0.09561,0.09652,0.0955,0.09606,3229785.7530547795
2026-03-19 04:00:00+00:00,0.09606,0.09607,0.09521,0.09521,3364228.424733631
2026-03-19 05:00:00+00:00,0.09523,0.09539,0.09486,0.09498,2275412.65714362
2026-03-19 06:00:00+00:00,0.09498,0.09524,0.09454,0.09461,3366857.73013834
2026-03-19 07:00:00+00:00,0.09462,0.09462,0.09351,0.09375,9043682.775165716
2026-03-19 08:00:00+00:00,0.09374,0.09389,0.0934,0.09348,5108033.100239681
2026-03-19 09:00:00+00:00,0.09349,0.09419,0.09339,0.09405,4583050.225509005
2026-03-19 10:00:00+00:00,0.09405,0.09412,0.09357,0.09359,5552113.967323955
2026-03-19 11:00:00+00:00,0.09358,0.09374,0.09321,0.09325,9335962.174297392
2026-03-19 12:00:00+00:00,0.09325,0.09326,0.09198,0.09198,14264841.602260614
2026-03-19 13:00:00+00:00,0.092,0.09303,0.09179,0.0929,12063457.89972037
2026-03-19 14:00:00+00:00,0.0929,0.09315,0.09214,0.09249,7847994.795398635
2026-03-19 15:00:00+00:00,0.09244,0.09263,0.09141,0.09222,7382903.908961653
2026-03-19 16:00:00+00:00,0.0922,0.09232,0.0919,0.09202,5135124.514998684
2026-03-19 17:00:00+00:00,0.09203,0.09282,0.09172,0.09269,4835362.21881768
2026-03-19 18:00:00+00:00,0.09267,0.09268,0.09213,0.09242,2582724.0860448107
2026-03-19 19:00:00+00:00,0.09242,0.09378,0.09241,0.09317,6575915.223323532
2026-03-19 20:00:00+00:00,0.09318,0.09364,0.09303,0.0934,4199932.464919711
2026-03-19 21:00:00+00:00,0.09336,0.09356,0.09306,0.09334,3952992.444740611
2026-03-19 22:00:00+00:00,0.09332,0.09337,0.09274,0.09307,3300133.285998229
2026-03-19 23:00:00+00:00,0.09309,0.09333,0.09259,0.09288,4263065.9084876105
2026-03-20 00:00:00+00:00,0.09288,0.09319,0.09271,0.09287,5412318.570699004
2026-03-20 01:00:00+00:00,0.09288,0.09336,0.09283,0.09314,3322380.12572472
2026-03-20 02:00:00+00:00,0.09317,0.09352,0.09286,0.09338,3114907.6177099813
2026-03-20 03:00:00+00:00,0.09337,0.09403,0.09324,0.09393,4011102.9681540513
2026-03-20 04:00:00+00:00,0.09392,0.0944,0.09361,0.09426,2625978.38151257
2026-03-20 05:00:00+00:00,0.09426,0.09475,0.09384,0.09417,5218181.462201821
2026-03-20 06:00:00+00:00,0.09415,0.09421,0.09388,0.09394,2335578.08399159
2026-03-20 07:00:00+00:00,0.09395,0.09424,0.09347,0.09419,4291999.724990301
2026-03-20 08:00:00+00:00,0.09419,0.09477,0.09399,0.09422,4025930.361497661
2026-03-20 09:00:00+00:00,0.09421,0.09421,0.09331,0.09342,2299710.18956859
2026-03-20 10:00:00+00:00,0.09344,0.09388,0.0931,0.09374,1339821.50771112
2026-03-20 11:00:00+00:00,0.09374,0.09395,0.09313,0.09359,2200690.69373937
2026-03-20 12:00:00+00:00,0.09359,0.09393,0.09318,0.09334,2792259.3499466106
2026-03-20 13:00:00+00:00,0.09336,0.09379,0.09292,0.09302,4320977.659953322
2026-03-20 14:00:00+00:00,0.093,0.0934,0.09252,0.09258,6201962.816481192
2026-03-20 15:00:00+00:00,0.09259,0.09308,0.09226,0.09291,7525942.282420975
2026-03-20 16:00:00+00:00,0.09293,0.09311,0.09245,0.09287,5206968.299485145
2026-03-20 17:00:00+00:00,0.09286,0.0932,0.09248,0.09313,3599647.60473306
2026-03-20 18:00:00+00:00,0.09313,0.09318,0.09247,0.09267,4866078.077140534
2026-03-20 19:00:00+00:00,0.09272,0.09295,0.09222,0.09289,3679980.5223500016
2026-03-20 20:00:00+00:00,0.0929,0.09296,0.09226,0.09265,2578677.4002519306
2026-03-20 21:00:00+00:00,0.09264,0.09349,0.09234,0.09337,3977668.0467550326
2026-03-20 22:00:00+00:00,0.09337,0.09381,0.09336,0.09352,2618635.10183015
2026-03-20 23:00:00+00:00,0.09351,0.09354,0.09301,0.09317,1981827.3257402887
2026-03-21 00:00:00+00:00,0.09316,0.09365,0.09316,0.09345,2707827.715491731
2026-03-21 01:00:00+00:00,0.09343,0.09367,0.09317,0.09322,1849934.875156389
2026-03-21 02:00:00+00:00,0.09322,0.09357,0.09308,0.09344,1129239.6716112704
2026-03-21 03:00:00+00:00,0.09346,0.09353,0.09318,0.09319,1149651.5846509896
2026-03-21 04:00:00+00:00,0.0932,0.09345,0.09307,0.09309,1604496.5549162405
2026-03-21 05:00:00+00:00,0.09309,0.0935,0.09308,0.09323,1107750.1778523903
2026-03-21 06:00:00+00:00,0.09321,0.0935,0.09317,0.09329,1169501.8239514502
2026-03-21 07:00:00+00:00,0.09329,0.09339,0.09287,0.09291,1129352.2072838298
2026-03-21 08:00:00+00:00,0.09289,0.09302,0.09285,0.09294,828284.0700752402
2026-03-21 09:00:00+00:00,0.09291,0.09306,0.09263,0.09269,1315221.7789128
2026-03-21 10:00:00+00:00,0.09271,0.09273,0.09235,0.09261,1516077.558283271
2026-03-21 11:00:00+00:00,0.0926,0.09287,0.09252,0.09283,1129050.1303961305
2026-03-21 12:00:00+00:00,0.09285,0.09297,0.09271,0.09293,1228691.1893081395
2026-03-21 13:00:00+00:00,0.09293,0.09299,0.09276,0.09293,1085783.86619194
2026-03-21 14:00:00+00:00,0.09295,0.09344,0.0928,0.09291,2089936.6537742096
2026-03-21 15:00:00+00:00,0.09289,0.09343,0.09285,0.09343,2365823.765817801
2026-03-21 16:00:00+00:00,0.09341,0.09345,0.0929,0.09302,2619755.667891152
2026-03-21 17:00:00+00:00,0.09298,0.09319,0.09291,0.09315,1195453.19819816
2026-03-21 18:00:00+00:00,0.09313,0.09324,0.093,0.09302,1119359.79326582
2026-03-21 19:00:00+00:00,0.09301,0.09317,0.09289,0.09309,1811711.0359482896
2026-03-21 20:00:00+00:00,0.0931,0.09331,0.09298,0.09325,1151266.9730411698
2026-03-21 21:00:00+00:00,0.09325,0.09334,0.09298,0.09323,1997426.0913091807
2026-03-21 22:00:00+00:00,0.09322,0.09375,0.09309,0.09349,2815835.95035
2026-03-21 23:00:00+00:00,0.09348,0.09356,0.09119,0.0915,12194447.21562958
2026-03-22 00:00:00+00:00,0.09152,0.09182,0.09045,0.09125,12093890.27023856
2026-03-22 01:00:00+00:00,0.09127,0.09158,0.09085,0.0913,3530146.9226528006
2026-03-22 02:00:00+00:00,0.0913,0.092,0.09112,0.09158,5819528.402233663
2026-03-22 03:00:00+00:00,0.09156,0.09228,0.09138,0.09174,2451593.156321541
2026-03-22 04:00:00+00:00,0.09174,0.09216,0.09157,0.09183,2147390.390349009
2026-03-22 05:00:00+00:00,0.09186,0.09186,0.0913,0.09132,2304031.933908491
2026-03-22 06:00:00+00:00,0.09131,0.09131,0.09103,0.09122,1537350.2665101096
2026-03-22 07:00:00+00:00,0.0912,0.0913,0.09042,0.09044,3153079.5974037824
2026-03-22 08:00:00+00:00,0.09044,0.0905,0.0901,0.09038,5788451.738552965
2026-03-22 09:00:00+00:00,0.0904,0.09056,0.09013,0.09015,3065605.733745801
2026-03-22 10:00:00+00:00,0.09018,0.09018,0.08973,0.08983,5936389.693749777
2026-03-22 11:00:00+00:00,0.08982,0.08992,0.08948,0.08962,4086494.464152786
2026-03-22 12:00:00+00:00,0.08963,0.09038,0.08954,0.09012,6520255.36934719
2026-03-22 13:00:00+00:00,0.09013,0.09039,0.08984,0.09007,2665802.9217772502
2026-03-22 14:00:00+00:00,0.09008,0.09026,0.08962,0.08976,2878373.198348911
2026-03-22 15:00:00+00:00,0.08976,0.09004,0.0893,0.08965,8081065.855441528
2026-03-22 16:00:00+00:00,0.08964,0.08991,0.08952,0.08975,3848417.581278552
2026-03-22 17:00:00+00:00,0.08974,0.08975,0.08941,0.0895,3856234.04540043
2026-03-22 18:00:00+00:00,0.08949,0.08963,0.08895,0.08963,6283420.469878929
2026-03-22 19:00:00+00:00,0.08965,0.08965,0.089,0.0892,5854499.802074404
2026-03-22 20:00:00+00:00,0.08921,0.08951,0.08901,0.0891,4999167.256170364
2026-03-22 21:00:00+00:00,0.08909,0.08918,0.08804,0.08885,11663582.52624194
2026-03-22 22:00:00+00:00,0.08885,0.08957,0.0883,0.08953,10468809.805490104
2026-03-22 23:00:00+00:00,0.08957,0.08984,0.08909,0.08919,2646473.91235012
2026-03-23 00:00:00+00:00,0.08921,0.08963,0.08886,0.08933,4607863.908519451
2026-03-23 01:00:00+00:00,0.08929,0.08979,0.08909,0.08944,2333021.06541247
2026-03-23 02:00:00+00:00,0.08946,0.09023,0.08946,0.08998,2837779.057649863
2026-03-23 03:00:00+00:00,0.09,0.09044,0.08974,0.0898,2049951.2941102404
2026-03-23 04:00:00+00:00,0.0898,0.09051,0.08976,0.09046,3014368.18910489
2026-03-23 05:00:00+00:00,0.09043,0.09067,0.09028,0.09058,1913828.8781068
2026-03-23 06:00:00+00:00,0.09056,0.09057,0.08915,0.08937,3136258.888986342
2026-03-23 07:00:00+00:00,0.08935,0.08954,0.08875,0.08925,2684204.025314449
2026-03-23 08:00:00+00:00,0.08926,0.08984,0.0891,0.08919,2442350.603481261
2026-03-23 09:00:00+00:00,0.08921,0.08977,0.08881,0.08974,2291234.357902321
2026-03-23 10:00:00+00:00,0.08977,0.09034,0.08948,0.08981,3379902.346002941
2026-03-23 11:00:00+00:00,0.08984,0.09402,0.08977,0.09217,30101117.69205384
2026-03-23 12:00:00+00:00,0.0922,0.09312,0.0916,0.09281,9107125.913138025
2026-03-23 13:00:00+00:00,0.09283,0.09406,0.09259,0.09398,9214113.382375157
2026-03-23 14:00:00+00:00,0.09396,0.09541,0.09393,0.09483,16126331.243565798
2026-03-23 15:00:00+00:00,0.09482,0.09507,0.09292,0.09302,10639709.203256013
2026-03-23 16:00:00+00:00,0.09301,0.09346,0.09213,0.09244,8680129.499441834
2026-03-23 17:00:00+00:00,0.09246,0.09311,0.09199,0.09248,5491886.874116321
2026-03-23 18:00:00+00:00,0.09247,0.09276,0.09194,0.09274,6514688.824722171
2026-03-23 19:00:00+00:00,0.09273,0.09324,0.09259,0.09277,5131715.2521902425
2026-03-23 20:00:00+00:00,0.09277,0.09383,0.09257,0.09338,3588552.211129861
2026-03-23 21:00:00+00:00,0.0934,0.09378,0.09328,0.0937,3522238.8185047903
2026-03-23 22:00:00+00:00,0.0937,0.09379,0.0928,0.09334,7764208.536661346
2026-03-23 23:00:00+00:00,0.09333,0.09336,0.09281,0.09323,3311182.3508113003
2026-03-24 00:00:00+00:00,0.09319,0.09343,0.09204,0.0924,4823854.49144962
2026-03-24 01:00:00+00:00,0.09238,0.09249,0.09171,0.09212,4034640.55191635
2026-03-24 02:00:00+00:00,0.09212,0.09293,0.09212,0.09253,5529081.154325252
2026-03-24 03:00:00+00:00,0.09254,0.09316,0.09242,0.09305,2722356.0898659104
2026-03-24 04:00:00+00:00,0.09303,0.09324,0.09245,0.09272,1612074.1393458494
2026-03-24 05:00:00+00:00,0.09272,0.09296,0.0923,0.09266,1921848.9188054008
2026-03-24 06:00:00+00:00,0.09264,0.09295,0.0924,0.09267,5081269.890256165
2026-03-24 07:00:00+00:00,0.0927,0.09423,0.0926,0.09411,9034723.395377742
2026-03-24 08:00:00+00:00,0.09414,0.09445,0.09398,0.09439,5133460.1219238015
2026-03-24 09:00:00+00:00,0.09438,0.0945,0.09399,0.0943,4506080.98930761
2026-03-24 10:00:00+00:00,0.09431,0.09432,0.0937,0.09393,1998155.27321686
2026-03-24 11:00:00+00:00,0.09391,0.09393,0.09337,0.0939,3279434.68298241
2026-03-24 12:00:00+00:00,0.0939,0.09415,0.09351,0.09372,1657502.1755970505
2026-03-24 13:00:00+00:00,0.09371,0.09384,0.09288,0.09306,4461861.970606261
2026-03-24 14:00:00+00:00,0.09309,0.09329,0.09209,0.09282,5105502.599086092
2026-03-24 15:00:00+00:00,0.09284,0.09324,0.09262,0.09267,3680206.2105513215
2026-03-24 16:00:00+00:00,0.09265,0.09291,0.09225,0.09234,2618082.708248739
2026-03-24 17:00:00+00:00,0.09235,0.09241,0.09164,0.09196,4247033.457876912
2026-03-24 18:00:00+00:00,0.09196,0.09269,0.09185,0.0922,6108117.444391344
2026-03-24 19:00:00+00:00,0.0922,0.09278,0.09219,0.09239,2032627.1611157304
2026-03-24 20:00:00+00:00,0.0924,0.09403,0.09235,0.09373,5889909.315298953
2026-03-24 21:00:00+00:00,0.09374,0.094,0.09328,0.09399,2560296.380745342
2026-03-24 22:00:00+00:00,0.09398,0.09424,0.0936,0.09384,3178924.13784599
2026-03-24 23:00:00+00:00,0.09386,0.09434,0.09378,0.09414,3356581.2905829893
2026-03-25 00:00:00+00:00,0.09417,0.09475,0.09407,0.09437,3023178.9472363605
2026-03-25 01:00:00+00:00,0.09442,0.09498,0.09431,0.09452,2253662.0731271794
2026-03-25 02:00:00+00:00,0.09453,0.09472,0.09411,0.09417,2035139.78636358
2026-03-25 03:00:00+00:00,0.09418,0.09444,0.09384,0.09421,1785802.93829458
2026-03-25 04:00:00+00:00,0.0942,0.09469,0.09419,0.09461,1609190.047880001
2026-03-25 05:00:00+00:00,0.09461,0.09499,0.09454,0.09457,2218522.8909866214
2026-03-25 06:00:00+00:00,0.09461,0.09538,0.09449,0.09508,2547417.670616011
2026-03-25 07:00:00+00:00,0.09511,0.09558,0.09491,0.09501,2793130.99282397
2026-03-25 08:00:00+00:00,0.09502,0.09569,0.095,0.0954,3070154.69154817
2026-03-25 09:00:00+00:00,0.09539,0.09553,0.09487,0.09501,2177385.27685743
2026-03-25 10:00:00+00:00,0.09501,0.0954,0.09496,0.09512,3458685.09058071
2026-03-25 11:00:00+00:00,0.09511,0.09587,0.09503,0.09538,3755064.151858681
2026-03-25 12:00:00+00:00,0.09539,0.09572,0.09462,0.09529,5744254.62778028
2026-03-25 13:00:00+00:00,0.09531,0.09582,0.09511,0.0952,3986550.89070018
2026-03-25 14:00:00+00:00,0.09522,0.09542,0.0949,0.09512,3182858.5202652
2026-03-25 15:00:00+00:00,0.09514,0.09517,0.09397,0.09441,3120199.96110062
2026-03-25 16:00:00+00:00,0.09442,0.09508,0.09411,0.09467,4984266.947253404
2026-03-25 17:00:00+00:00,0.09468,0.09489,0.09438,0.09454,3581678.6248513204
2026-03-25 18:00:00+00:00,0.09456,0.095,0.09449,0.09464,2533913.3943631696
2026-03-25 19:00:00+00:00,0.09463,0.09486,0.09436,0.0945,1531824.7947169603
2026-03-25 20:00:00+00:00,0.09454,0.09455,0.09392,0.09432,2045989.8466978904
2026-03-25 21:00:00+00:00,0.09434,0.09464,0.09423,0.0945,1857174.25277
2026-03-25 22:00:00+00:00,0.0945,0.09506,0.09443,0.09488,2673351.3387388703
2026-03-25 23:00:00+00:00,0.09484,0.09495,0.09455,0.09466,2180853.4960612706
2026-03-26 00:00:00+00:00,0.09467,0.09473,0.09416,0.09448,2062910.5237605693
2026-03-26 01:00:00+00:00,0.09447,0.09459,0.09421,0.09433,1372560.4376499702
2026-03-26 02:00:00+00:00,0.09433,0.09433,0.09358,0.09388,2805053.4877916705
2026-03-26 03:00:00+00:00,0.09387,0.09387,0.09333,0.09358,1625698.5064336206
2026-03-26 04:00:00+00:00,0.09359,0.09359,0.09321,0.09331,1038571.6579564302
2026-03-26 05:00:00+00:00,0.09332,0.09334,0.0922,0.09226,2320669.91794923
2026-03-26 06:00:00+00:00,0.09225,0.09231,0.0918,0.09194,3572955.8686931897
2026-03-26 07:00:00+00:00,0.09193,0.09217,0.09168,0.09203,1999321.4025923803
2026-03-26 08:00:00+00:00,0.09205,0.09205,0.09138,0.09159,2052861.81036376
2026-03-26 09:00:00+00:00,0.09161,0.09181,0.09068,0.09107,2461321.4594534626
2026-03-26 10:00:00+00:00,0.09106,0.09106,0.09068,0.09098,2108204.6458629603
2026-03-26 11:00:00+00:00,0.09101,0.09108,0.09072,0.09078,1734334.06078608
2026-03-26 12:00:00+00:00,0.09081,0.09124,0.09068,0.09117,1750890.387341509
2026-03-26 13:00:00+00:00,0.09117,0.09233,0.09114,0.09194,3667622.495435141
2026-03-26 14:00:00+00:00,0.09195,0.09218,0.09116,0.09145,3982808.851431993
2026-03-26 15:00:00+00:00,0.09142,0.09142,0.09057,0.09134,3536446.386449302
2026-03-26 16:00:00+00:00,0.09133,0.09165,0.09096,0.09098,2356852.4570307904
2026-03-26 17:00:00+00:00,0.09099,0.09157,0.09076,0.09091,2771552.1751235803
2026-03-26 18:00:00+00:00,0.0909,0.091,0.09053,0.09086,3581863.317297921
2026-03-26 19:00:00+00:00,0.09087,0.09089,0.09042,0.09063,1890750.50857931
2026-03-26 20:00:00+00:00,0.09066,0.09196,0.09045,0.09123,6542225.652770759
2026-03-26 21:00:00+00:00,0.09122,0.0917,0.09109,0.09152,2457515.10096103
2026-03-26 22:00:00+00:00,0.09153,0.09161,0.09105,0.09126,3500138.6187095414
2026-03-26 23:00:00+00:00,0.09126,0.09136,0.09092,0.09108,1751947.9568014892
2026-03-27 00:00:00+00:00,0.09107,0.09133,0.09075,0.09095,2052199.16365562
2026-03-27 01:00:00+00:00,0.09094,0.09149,0.09091,0.09143,1846443.0199466208
2026-03-27 02:00:00+00:00,0.09144,0.09169,0.09133,0.09146,1325968.1531779305
2026-03-27 03:00:00+00:00,0.09146,0.09157,0.09133,0.09141,1845817.0190204803
2026-03-27 04:00:00+00:00,0.09143,0.09143,0.09088,0.09128,1914843.798572541
2026-03-27 05:00:00+00:00,0.09126,0.09165,0.09105,0.09112,949380.7044600004
2026-03-27 06:00:00+00:00,0.09111,0.0912,0.09085,0.09092,904285.3986798004
2026-03-27 07:00:00+00:00,0.09094,0.09122,0.09074,0.09115,1209537.39820476
2026-03-27 08:00:00+00:00,0.09116,0.09134,0.0903,0.09082,2139206.65116505
2026-03-27 09:00:00+00:00,0.09082,0.09084,0.09012,0.09039,1926817.5979198704
2026-03-27 10:00:00+00:00,0.09042,0.09047,0.08909,0.08923,6822221.014448881
2026-03-27 11:00:00+00:00,0.08924,0.08976,0.08901,0.0895,3544324.4761744603
2026-03-27 12:00:00+00:00,0.08949,0.08953,0.08881,0.08926,5103154.132288733
2026-03-27 13:00:00+00:00,0.08926,0.08971,0.08883,0.08911,4147482.213499711
2026-03-27 14:00:00+00:00,0.08907,0.08949,0.08864,0.08896,7132715.078726665
2026-03-27 15:00:00+00:00,0.08897,0.08999,0.08891,0.08932,6940437.5403938135
2026-03-27 16:00:00+00:00,0.08932,0.08961,0.08887,0.08917,4503870.274730434
2026-03-27 17:00:00+00:00,0.08915,0.08961,0.08869,0.08877,4027016.8002168126
2026-03-27 18:00:00+00:00,0.08876,0.08893,0.08851,0.08866,3457637.342307821
2026-03-27 19:00:00+00:00,0.08866,0.08915,0.0885,0.08909,2870395.38053771
2026-03-27 20:00:00+00:00,0.08906,0.08918,0.08872,0.08906,2608925.085513981
2026-03-27 21:00:00+00:00,0.08905,0.08927,0.0888,0.08885,2652130.117559851
2026-03-27 22:00:00+00:00,0.08888,0.08891,0.08858,0.08876,1834985.4231334005
2026-03-27 23:00:00+00:00,0.08879,0.08908,0.0887,0.08902,2445406.778873351
2026-03-28 00:00:00+00:00,0.08908,0.08919,0.08893,0.08899,1340107.6213123992
2026-03-28 01:00:00+00:00,0.08898,0.08898,0.08833,0.08877,3764428.413070082
2026-03-28 02:00:00+00:00,0.08878,0.08913,0.0885,0.08864,2522838.858946582
2026-03-28 03:00:00+00:00,0.08865,0.08893,0.08865,0.08875,2273621.6323275208
2026-03-28 04:00:00+00:00,0.08874,0.08895,0.08848,0.08895,1034577.32415
2026-03-28 05:00:00+00:00,0.08898,0.08948,0.0888,0.0894,1238307.78212736
2026-03-28 06:00:00+00:00,0.08939,0.08993,0.08933,0.08986,1843543.2873922605
2026-03-28 07:00:00+00:00,0.08985,0.09026,0.0898,0.09023,1247479.25807275
2026-03-28 08:00:00+00:00,0.09023,0.09041,0.08953,0.0896,1174387.83369486
2026-03-28 09:00:00+00:00,0.08959,0.08963,0.0894,0.08952,1069578.9817772002
2026-03-28 10:00:00+00:00,0.08951,0.08988,0.0894,0.08978,960868.6664449702
2026-03-28 11:00:00+00:00,0.0898,0.09022,0.08975,0.09016,824458.9929746799
2026-03-28 12:00:00+00:00,0.09017,0.09053,0.08991,0.09022,1999066.2837979496
2026-03-28 13:00:00+00:00,0.09021,0.09127,0.09003,0.09078,3623888.7721475433
2026-03-28 14:00:00+00:00,0.09076,0.09107,0.0904,0.09082,2707147.0267431806
2026-03-28 15:00:00+00:00,0.09084,0.09185,0.09084,0.09123,4087674.513402651
2026-03-28 16:00:00+00:00,0.09126,0.09137,0.09087,0.09105,2384671.148324741
2026-03-28 17:00:00+00:00,0.0911,0.0912,0.09066,0.09082,1462897.3409432096
2026-03-28 18:00:00+00:00,0.09083,0.09093,0.09065,0.09075,882804.2568365698
2026-03-28 19:00:00+00:00,0.09073,0.09078,0.09043,0.09059,1630100.5825119202
2026-03-28 20:00:00+00:00,0.09061,0.09091,0.09059,0.09073,1235212.17423839
2026-03-28 21:00:00+00:00,0.09072,0.09079,0.09021,0.0903,858294.74906873
2026-03-28 22:00:00+00:00,0.09032,0.09048,0.09018,0.09036,1032651.68228108
2026-03-28 23:00:00+00:00,0.09035,0.09038,0.08958,0.08976,1819167.5346290104
2026-03-29 00:00:00+00:00,0.08978,0.08993,0.08942,0.08976,1948852.99645866
2026-03-29 01:00:00+00:00,0.08975,0.09002,0.08953,0.08979,1369069.7210909305
2026-03-29 02:00:00+00:00,0.08979,0.09006,0.08969,0.08999,1094489.76518774
2026-03-29 03:00:00+00:00,0.08999,0.09035,0.08989,0.09008,1610524.9128550803
2026-03-29 04:00:00+00:00,0.09006,0.09009,0.08972,0.08982,1039697.0440946498
2026-03-29 05:00:00+00:00,0.08982,0.08983,0.08941,0.08959,1312191.031397
2026-03-29 06:00:00+00:00,0.0896,0.08975,0.08937,0.08954,633700.1196380998
2026-03-29 07:00:00+00:00,0.08955,0.08955,0.08915,0.08924,848709.9560988902
2026-03-29 08:00:00+00:00,0.08922,0.08929,0.08907,0.08919,650577.59388808
2026-03-29 09:00:00+00:00,0.08922,0.08929,0.08901,0.08911,663192.1652582099
2026-03-29 10:00:00+00:00,0.08917,0.08917,0.08877,0.08907,1215310.7696633
2026-03-29 11:00:00+00:00,0.0891,0.08969,0.08909,0.0894,927611.80314758
2026-03-29 12:00:00+00:00,0.0894,0.08944,0.08909,0.08933,1025232.48260212
2026-03-29 13:00:00+00:00,0.08931,0.08933,0.08878,0.08881,1717151.4685896898
2026-03-29 14:00:00+00:00,0.08882,0.08924,0.08864,0.08883,2418717.7738107606
2026-03-29 15:00:00+00:00,0.08884,0.08904,0.08835,0.08877,3725169.8949354505
2026-03-29 16:00:00+00:00,0.08882,0.08898,0.08843,0.08844,1353934.8222862205
2026-03-29 17:00:00+00:00,0.08846,0.08864,0.08808,0.08837,2387890.2410273
2026-03-29 18:00:00+00:00,0.08838,0.08862,0.08817,0.08847,1717660.97045676
2026-03-29 19:00:00+00:00,0.0885,0.0885,0.08807,0.08814,1869844.4836737805
2026-03-29 20:00:00+00:00,0.08814,0.0888,0.08809,0.08826,1857228.51650502
2026-03-29 21:00:00+00:00,0.08827,0.08862,0.0881,0.08852,2659112.8179021105
2026-03-29 22:00:00+00:00,0.08851,0.08851,0.08601,0.08762,11177440.56124845
2026-03-29 23:00:00+00:00,0.08765,0.08817,0.08756,0.08799,4365439.295714249
2026-03-30 00:00:00+00:00,0.08801,0.08935,0.08782,0.0886,4309575.900372382
2026-03-30 01:00:00+00:00,0.08864,0.08922,0.08862,0.08913,2226685.6074675703
2026-03-30 02:00:00+00:00,0.08914,0.08996,0.08897,0.08948,2406393.177695451
2026-03-30 03:00:00+00:00,0.08945,0.08967,0.08932,0.08956,1506079.0902410303
2026-03-30 04:00:00+00:00,0.08959,0.09014,0.08956,0.08977,2536134.4131824896
2026-03-30 05:00:00+00:00,0.08978,0.09002,0.08944,0.08964,1241163.5429218395
2026-03-30 06:00:00+00:00,0.08967,0.08987,0.08927,0.0894,1102711.0983969108
2026-03-30 07:00:00+00:00,0.08939,0.09025,0.08931,0.09015,1430599.3330721597
2026-03-30 08:00:00+00:00,0.09013,0.0909,0.09011,0.09046,2746016.368455111
2026-03-30 09:00:00+00:00,0.09049,0.09054,0.08953,0.08953,1040969.24627399
2026-03-30 10:00:00+00:00,0.08955,0.08984,0.08941,0.08975,535242.5388932399
2026-03-30 11:00:00+00:00,0.08975,0.09049,0.08975,0.08981,2217167.961032782
2026-03-30 12:00:00+00:00,0.08984,0.09016,0.08971,0.08996,2174466.1716143023
2026-03-30 13:00:00+00:00,0.08996,0.09006,0.08932,0.08943,2324910.46883339
2026-03-30 14:00:00+00:00,0.08942,0.08977,0.08878,0.0894,5012137.300589022
2026-03-30 15:00:00+00:00,0.08941,0.08982,0.08899,0.0891,6957561.403524967
2026-03-30 16:00:00+00:00,0.0891,0.08942,0.08881,0.08912,3054444.7699257
2026-03-30 17:00:00+00:00,0.08913,0.08921,0.08831,0.08837,2716447.89218221
2026-03-30 18:00:00+00:00,0.08837,0.08838,0.08738,0.0876,2324571.8496965505
2026-03-30 19:00:00+00:00,0.0876,0.0876,0.08681,0.0872,4246361.682097441
2026-03-30 20:00:00+00:00,0.08723,0.08762,0.08704,0.08741,3900531.6155487313
2026-03-30 21:00:00+00:00,0.08739,0.0884,0.08734,0.08803,3735918.714152472
2026-03-30 22:00:00+00:00,0.08804,0.08823,0.08759,0.08769,1879135.2524223
2026-03-30 23:00:00+00:00,0.08769,0.08769,0.08693,0.08713,3162164.255219212
2026-03-31 00:00:00+00:00,0.08722,0.08734,0.08675,0.08702,4069401.8208700703
2026-03-31 01:00:00+00:00,0.08703,0.08833,0.08683,0.08771,3196605.51579807
2026-03-31 02:00:00+00:00,0.08771,0.08805,0.08747,0.08755,1761892.0691928505
2026-03-31 03:00:00+00:00,0.08754,0.08767,0.08708,0.08712,1510793.0188942798
2026-03-31 04:00:00+00:00,0.08713,0.08721,0.0866,0.08663,2510526.6502605304
2026-03-31 05:00:00+00:00,0.08663,0.08671,0.08617,0.0865,4027057.769923806
2026-03-31 06:00:00+00:00,0.08652,0.08653,0.0858,0.08621,3178359.163926913
2026-03-31 07:00:00+00:00,0.08622,0.08626,0.08537,0.08549,2650166.553691682
2026-03-31 08:00:00+00:00,0.08549,0.08563,0.08502,0.08521,4122068.8100886536
2026-03-31 09:00:00+00:00,0.08521,0.08527,0.08465,0.08494,9140070.802385963
2026-03-31 10:00:00+00:00,0.08495,0.08529,0.08478,0.08485,3019150.9557979824
2026-03-31 11:00:00+00:00,0.08484,0.08536,0.08464,0.08509,2488117.5088043213
2026-03-31 12:00:00+00:00,0.08507,0.08531,0.08499,0.08509,3384230.8250236907
2026-03-31 13:00:00+00:00,0.08509,0.08586,0.08496,0.08566,7196493.274861895
2026-03-31 14:00:00+00:00,0.08567,0.08621,0.08443,0.08479,4343986.312869762
2026-03-31 15:00:00+00:00,0.08479,0.08544,0.08355,0.08388,9242003.569879591
2026-03-31 16:00:00+00:00,0.08387,0.08593,0.08385,0.08553,9345906.35436036
2026-03-31 17:00:00+00:00,0.08554,0.08704,0.08535,0.08672,13819379.944054715
2026-03-31 18:00:00+00:00,0.08672,0.08744,0.08668,0.08728,5177961.440131773
2026-03-31 19:00:00+00:00,0.08728,0.0878,0.08685,0.08736,4747596.513802683
2026-03-31 20:00:00+00:00,0.08736,0.08819,0.08731,0.08789,7258044.196670037
2026-03-31 21:00:00+00:00,0.08788,0.08801,0.08743,0.08768,3244435.096385992
2026-03-31 22:00:00+00:00,0.08768,0.08783,0.08685,0.08706,2889179.605848572
2026-03-31 23:00:00+00:00,0.08704,0.0877,0.08704,0.0876,3216135.2103601294
2026-04-01 00:00:00+00:00,0.08755,0.08845,0.08739,0.08827,4411080.617287682
2026-04-01 01:00:00+00:00,0.08828,0.08891,0.0882,0.08822,5838413.051771812
2026-04-01 02:00:00+00:00,0.08822,0.08853,0.0878,0.0878,2374623.7743550106
2026-04-01 03:00:00+00:00,0.08782,0.08889,0.08779,0.0888,2758030.2767707203
2026-04-01 04:00:00+00:00,0.08882,0.08997,0.0888,0.08987,4695755.760822342
2026-04-01 05:00:00+00:00,0.08988,0.09044,0.08934,0.09031,3590882.9740121104
2026-04-01 06:00:00+00:00,0.0903,0.09116,0.09018,0.09047,4292179.702327372
2026-04-01 07:00:00+00:00,0.09048,0.09074,0.08989,0.08997,2760862.368800501
2026-04-01 08:00:00+00:00,0.08995,0.09017,0.08953,0.08972,3054461.9885943625
2026-04-01 09:00:00+00:00,0.08968,0.08987,0.08942,0.08956,1699591.8308395797
2026-04-01 10:00:00+00:00,0.08957,0.09036,0.08955,0.09006,5293158.095265532
2026-04-01 11:00:00+00:00,0.09007,0.09027,0.08969,0.09021,2921842.9858772205
2026-04-01 12:00:00+00:00,0.09019,0.09097,0.08993,0.09038,5767415.664642089
2026-04-01 13:00:00+00:00,0.09039,0.09087,0.08955,0.08967,4846009.453710109
2026-04-01 14:00:00+00:00,0.08964,0.09021,0.08953,0.08982,3806654.944336501
2026-04-01 15:00:00+00:00,0.0898,0.08988,0.08924,0.08961,3649130.549983599
2026-04-01 16:00:00+00:00,0.0896,0.08975,0.08935,0.08944,3820561.6161357714
2026-04-01 17:00:00+00:00,0.08943,0.09009,0.08933,0.08944,3579143.549418491
2026-04-01 18:00:00+00:00,0.08945,0.08969,0.08916,0.08928,3175995.684283229
2026-04-01 19:00:00+00:00,0.08929,0.08967,0.08906,0.08942,2333166.6304635806
2026-04-01 20:00:00+00:00,0.08942,0.08951,0.08916,0.08931,2160373.4262145096
2026-04-01 21:00:00+00:00,0.08932,0.09005,0.08932,0.08993,2716297.5243319706
2026-04-01 22:00:00+00:00,0.08993,0.08996,0.0884,0.08841,2547333.54651497
2026-04-01 23:00:00+00:00,0.08841,0.08861,0.08826,0.08843,1734791.37799935
2026-04-02 00:00:00+00:00,0.08845,0.08956,0.08845,0.08946,2992029.2840769114
2026-04-02 01:00:00+00:00,0.08947,0.08953,0.08723,0.08745,10148523.501213018
2026-04-02 02:00:00+00:00,0.08746,0.08747,0.08626,0.08655,4158675.142146621
2026-04-02 03:00:00+00:00,0.08655,0.08674,0.0858,0.08611,3025891.486727772
2026-04-02 04:00:00+00:00,0.0861,0.08637,0.08581,0.0859,3267568.5406887988
2026-04-02 05:00:00+00:00,0.08591,0.08636,0.08574,0.08623,2029853.558793221
2026-04-02 06:00:00+00:00,0.08622,0.08673,0.08601,0.08673,2179271.999424041
2026-04-02 07:00:00+00:00,0.08672,0.08731,0.08658,0.08707,2913837.602745741
2026-04-02 08:00:00+00:00,0.08706,0.08717,0.08656,0.08662,1576469.0965914202
2026-04-02 09:00:00+00:00,0.08659,0.08669,0.08639,0.08654,1277105.5822056404
2026-04-02 10:00:00+00:00,0.08657,0.08669,0.0862,0.08623,1068668.09450499
2026-04-02 11:00:00+00:00,0.08625,0.08625,0.08574,0.08592,1981616.0516672705
2026-04-02 12:00:00+00:00,0.0859,0.08616,0.08573,0.0858,2794353.64225814
2026-04-02 13:00:00+00:00,0.0858,0.08583,0.08486,0.08565,6062607.498938953
2026-04-02 14:00:00+00:00,0.08565,0.0872,0.08556,0.08684,5901783.329710533
2026-04-02 15:00:00+00:00,0.08684,0.08714,0.08625,0.08694,2934853.7155704303
2026-04-02 16:00:00+00:00,0.08693,0.08776,0.08639,0.08738,4789088.875385571
2026-04-02 17:00:00+00:00,0.08739,0.08786,0.08663,0.08668,2815429.462440541
2026-04-02 18:00:00+00:00,0.08668,0.08755,0.08664,0.08748,3633523.06470774
2026-04-02 19:00:00+00:00,0.08748,0.08767,0.08691,0.08748,3047412.510758052
2026-04-02 20:00:00+00:00,0.0875,0.08763,0.08719,0.08732,3139657.28156073
2026-04-02 21:00:00+00:00,0.08735,0.08758,0.0872,0.08747,1608593.37909434
2026-04-02 22:00:00+00:00,0.08749,0.08802,0.0874,0.08789,2408611.081373001
2026-04-02 23:00:00+00:00,0.08789,0.08813,0.08769,0.088,1715610.0353775704
2026-04-03 00:00:00+00:00,0.08801,0.08847,0.08801,0.08827,2354234.7090761107
2026-04-03 01:00:00+00:00,0.08826,0.08872,0.08784,0.08791,4846507.281269091
2026-04-03 02:00:00+00:00,0.08791,0.08872,0.08777,0.08817,3481376.103603022
2026-04-03 03:00:00+00:00,0.08819,0.08924,0.08815,0.08878,3465738.591315932
2026-04-03 04:00:00+00:00,0.08878,0.08926,0.08864,0.08922,2683203.5761666805
2026-04-03 05:00:00+00:00,0.08924,0.08977,0.0888,0.08923,2556776.480307521
2026-04-03 06:00:00+00:00,0.08924,0.09032,0.08915,0.09018,2593894.616601771
2026-04-03 07:00:00+00:00,0.09024,0.09035,0.08967,0.08997,2103781.27253555
2026-04-03 08:00:00+00:00,0.08997,0.09002,0.0892,0.08932,1774580.9589856602
2026-04-03 09:00:00+00:00,0.08934,0.08941,0.08878,0.08885,2346522.60456475
2026-04-03 10:00:00+00:00,0.08884,0.08904,0.08845,0.08893,1633208.4629984398
2026-04-03 11:00:00+00:00,0.08893,0.08906,0.08875,0.08893,2060786.42186916
2026-04-03 12:00:00+00:00,0.08893,0.08952,0.08832,0.08848,4654724.174816761
2026-04-03 13:00:00+00:00,0.08851,0.08861,0.08792,0.08817,1737624.2097768998
2026-04-03 14:00:00+00:00,0.08816,0.08833,0.08743,0.08768,2655225.6399791003
2026-04-03 15:00:00+00:00,0.08768,0.08793,0.08749,0.08761,2969270.7386632394
2026-04-03 16:00:00+00:00,0.08762,0.08828,0.08762,0.08819,2970746.74270612
2026-04-03 17:00:00+00:00,0.08818,0.08833,0.08785,0.08812,5231238.233643024
2026-04-03 18:00:00+00:00,0.08811,0.08825,0.08762,0.08774,5546496.589961135
2026-04-03 19:00:00+00:00,0.08778,0.08792,0.08739,0.08768,6835942.868963949
2026-04-03 20:00:00+00:00,0.08769,0.0878,0.08739,0.08742,1689094.1004805304
2026-04-03 21:00:00+00:00,0.08743,0.08764,0.08724,0.08752,2648391.731816921
2026-04-03 22:00:00+00:00,0.08753,0.08785,0.08744,0.08761,1736893.2379428404
2026-04-03 23:00:00+00:00,0.08758,0.08772,0.08743,0.08769,1137221.74455085
2026-04-04 00:00:00+00:00,0.0877,0.08779,0.08741,0.08742,1246547.4446068995
2026-04-04 01:00:00+00:00,0.0874,0.08758,0.08725,0.0874,1863882.0835266493
2026-04-04 02:00:00+00:00,0.08741,0.08744,0.08715,0.08726,1001776.36034435
2026-04-04 03:00:00+00:00,0.08727,0.08757,0.08717,0.08748,947243.94227498
2026-04-04 04:00:00+00:00,0.08747,0.08766,0.08726,0.08751,810586.2516371101
2026-04-04 05:00:00+00:00,0.08753,0.08784,0.08741,0.08756,1962101.866089372
2026-04-04 06:00:00+00:00,0.08757,0.08787,0.08747,0.08776,1318536.31929612
2026-04-04 07:00:00+00:00,0.08774,0.0878,0.08731,0.08738,899096.0697299999
2026-04-04 08:00:00+00:00,0.08738,0.08741,0.08689,0.08697,1066513.1638499997
2026-04-04 09:00:00+00:00,0.08696,0.08718,0.08684,0.08702,811114.8104499998
2026-04-04 10:00:00+00:00,0.08705,0.08732,0.08703,0.08731,583551.67837248
2026-04-04 11:00:00+00:00,0.0873,0.08744,0.08708,0.08715,1432565.9797685605
2026-04-04 12:00:00+00:00,0.08715,0.08728,0.08694,0.08706,1274693.07487042
2026-04-04 13:00:00+00:00,0.08705,0.0872,0.08685,0.08687,1674019.8042883102
2026-04-04 14:00:00+00:00,0.08687,0.08728,0.0867,0.08712,2736419.163002971
2026-04-04 15:00:00+00:00,0.08711,0.08742,0.08691,0.08704,4243915.945214032
2026-04-04 16:00:00+00:00,0.08705,0.08727,0.08678,0.0868,2020122.0613326803
2026-04-04 17:00:00+00:00,0.0869,0.08756,0.08676,0.08739,3724527.89690869
2026-04-04 18:00:00+00:00,0.08742,0.08752,0.08717,0.0873,1341235.9274018896
2026-04-04 19:00:00+00:00,0.08729,0.08787,0.08727,0.08734,2057428.9455290304
2026-04-04 20:00:00+00:00,0.08736,0.08751,0.08721,0.08741,1359908.8749599997
2026-04-04 21:00:00+00:00,0.08743,0.08747,0.08709,0.08722,2343273.74977301
2026-04-04 22:00:00+00:00,0.08725,0.08749,0.08717,0.08743,1113882.4899269596
2026-04-04 23:00:00+00:00,0.08742,0.08755,0.0872,0.08751,1821854.4675903893
2026-04-05 00:00:00+00:00,0.0875,0.08791,0.08739,0.08791,1720714.07290189
2026-04-05 01:00:00+00:00,0.08792,0.08802,0.08731,0.08732,1355365.9336811793
2026-04-05 02:00:00+00:00,0.08732,0.08785,0.08719,0.08769,1464537.2404576298
2026-04-05 03:00:00+00:00,0.0877,0.0879,0.08754,0.08784,1610585.0894536204
2026-04-05 04:00:00+00:00,0.08782,0.0879,0.0874,0.08752,819146.8022196003
2026-04-05 05:00:00+00:00,0.08753,0.08774,0.08696,0.08704,1887177.582234612
2026-04-05 06:00:00+00:00,0.08704,0.08705,0.08647,0.08676,1763026.3431555305
2026-04-05 07:00:00+00:00,0.08677,0.0869,0.08629,0.08646,1051927.4781492196
2026-04-05 08:00:00+00:00,0.08646,0.08665,0.08629,0.08664,742058.7465155404
2026-04-05 09:00:00+00:00,0.08665,0.08695,0.08653,0.08695,1061557.23488
2026-04-05 10:00:00+00:00,0.08697,0.08719,0.0867,0.08676,519700.00161892007
2026-04-05 11:00:00+00:00,0.08673,0.08685,0.08654,0.0867,784301.0819214
2026-04-05 12:00:00+00:00,0.08669,0.08672,0.08605,0.08654,3950321.511435456
2026-04-05 13:00:00+00:00,0.08652,0.08682,0.08628,0.08679,2075091.38546054
2026-04-05 14:00:00+00:00,0.08679,0.08684,0.08646,0.0865,1586402.5165820003
2026-04-05 15:00:00+00:00,0.0865,0.08731,0.08625,0.08681,2577899.48558714
2026-04-05 16:00:00+00:00,0.08681,0.08701,0.08668,0.08672,1888113.17941443
2026-04-05 17:00:00+00:00,0.0867,0.08701,0.08666,0.08699,1194363.7960074504
2026-04-05 18:00:00+00:00,0.08697,0.08698,0.08673,0.08683,1236229.380149139
2026-04-05 19:00:00+00:00,0.08682,0.08716,0.0867,0.08685,1499978.38729962
2026-04-05 20:00:00+00:00,0.08685,0.08712,0.0867,0.08678,2838206.6892689685
2026-04-05 21:00:00+00:00,0.08676,0.08687,0.08637,0.08668,2791567.67063032
2026-04-05 22:00:00+00:00,0.08668,0.08729,0.08634,0.08726,4436433.686496791
2026-04-05 23:00:00+00:00,0.08727,0.08813,0.0871,0.08801,4665838.990951522
2026-04-06 00:00:00+00:00,0.08803,0.08865,0.08801,0.08804,5729477.248228862
2026-04-06 01:00:00+00:00,0.08803,0.08812,0.08761,0.088,3156627.0593035407
2026-04-06 02:00:00+00:00,0.08802,0.0892,0.08802,0.08892,5070661.6958806645
2026-04-06 03:00:00+00:00,0.08895,0.0892,0.08874,0.08897,2071787.5115352608
2026-04-06 04:00:00+00:00,0.08898,0.08937,0.0887,0.08915,2287784.991061849
2026-04-06 05:00:00+00:00,0.08915,0.08926,0.0886,0.08865,2198969.968141232
2026-04-06 06:00:00+00:00,0.08867,0.08895,0.0883,0.08843,3347442.825562562
2026-04-06 07:00:00+00:00,0.08843,0.08872,0.08817,0.08863,2146523.682762081
2026-04-06 08:00:00+00:00,0.08864,0.08881,0.0885,0.08852,971479.3014628302
2026-04-06 09:00:00+00:00,0.08852,0.08982,0.08852,0.08957,6643035.470057643
2026-04-06 10:00:00+00:00,0.08958,0.09013,0.08958,0.08982,4099886.886391773
2026-04-06 11:00:00+00:00,0.08979,0.08986,0.08938,0.0896,3967523.231997564
2026-04-06 12:00:00+00:00,0.08961,0.08972,0.0889,0.08899,3011425.157296001
2026-04-06 13:00:00+00:00,0.089,0.08921,0.08868,0.08899,2493154.591953781
2026-04-06 14:00:00+00:00,0.08898,0.08931,0.08849,0.0889,3839041.141185611
2026-04-06 15:00:00+00:00,0.0889,0.08922,0.08869,0.08903,6564010.146765413
2026-04-06 16:00:00+00:00,0.08902,0.08922,0.08857,0.08868,4215595.35040699
2026-04-06 17:00:00+00:00,0.08867,0.08867,0.08809,0.08844,3391296.589499571
2026-04-06 18:00:00+00:00,0.08844,0.08883,0.08838,0.08858,2264232.3572571995
2026-04-06 19:00:00+00:00,0.08857,0.08861,0.08827,0.08843,2737685.3563091
2026-04-06 20:00:00+00:00,0.08845,0.08856,0.08817,0.08819,2491638.6034494303
2026-04-06 21:00:00+00:00,0.0882,0.08839,0.08808,0.08811,1744885.1071315203
2026-04-06 22:00:00+00:00,0.0881,0.08837,0.08741,0.08742,3703435.1392181097
2026-04-06 23:00:00+00:00,0.08742,0.0875,0.08698,0.08746,2840380.202075201
2026-04-07 00:00:00+00:00,0.08741,0.08776,0.08736,0.08758,3008293.0564631512
2026-04-07 01:00:00+00:00,0.08757,0.08771,0.08701,0.08705,2674321.4986005933
2026-04-07 02:00:00+00:00,0.08705,0.08718,0.08676,0.08692,1647459.6001854206
2026-04-07 03:00:00+00:00,0.0869,0.08704,0.08679,0.08679,1293123.2619395296
2026-04-07 04:00:00+00:00,0.08679,0.08699,0.08661,0.08688,641239.5617293001
2026-04-07 05:00:00+00:00,0.0869,0.0869,0.08659,0.08668,682540.3749414999
2026-04-07 06:00:00+00:00,0.08666,0.08667,0.08623,0.08634,2357851.575055641
2026-04-07 07:00:00+00:00,0.08637,0.0868,0.08626,0.08665,959916.5789382705
2026-04-07 08:00:00+00:00,0.08669,0.08706,0.08664,0.08695,1243004.7851277802
2026-04-07 09:00:00+00:00,0.08694,0.08745,0.08692,0.08722,718245.34243743
2026-04-07 10:00:00+00:00,0.08724,0.0873,0.08618,0.08626,2265343.585169201
2026-04-07 11:00:00+00:00,0.08624,0.08636,0.08606,0.08626,1654367.92515405
2026-04-07 12:00:00+00:00,0.08625,0.08671,0.08586,0.08648,3929056.0908116535
2026-04-07 13:00:00+00:00,0.08646,0.08669,0.08626,0.08626,5365769.039645272
2026-04-07 14:00:00+00:00,0.0863,0.08657,0.08595,0.08606,4584625.333242839
2026-04-07 15:00:00+00:00,0.08605,0.0865,0.08595,0.08609,2868418.9689879203
2026-04-07 16:00:00+00:00,0.08611,0.08635,0.08588,0.08607,2165858.4255717294
2026-04-07 17:00:00+00:00,0.08608,0.08711,0.08607,0.08672,2816961.8446768303
2026-04-07 18:00:00+00:00,0.08674,0.0868,0.08626,0.08631,1697508.59843209
2026-04-07 19:00:00+00:00,0.08631,0.08713,0.08624,0.08713,3516226.672980363
2026-04-07 20:00:00+00:00,0.08714,0.08749,0.08693,0.08699,4001621.500120391
2026-04-07 21:00:00+00:00,0.087,0.08879,0.087,0.08864,6370843.438385775
2026-04-07 22:00:00+00:00,0.08864,0.09083,0.0885,0.09079,10930883.858010195
2026-04-07 23:00:00+00:00,0.09082,0.09307,0.09075,0.09191,28106354.28481505
2026-04-08 00:00:00+00:00,0.09185,0.09291,0.09184,0.09243,10304121.979577038
2026-04-08 01:00:00+00:00,0.09245,0.09396,0.09203,0.09376,9070819.145298
2026-04-08 02:00:00+00:00,0.09379,0.09438,0.09279,0.09297,11682372.695682712
2026-04-08 03:00:00+00:00,0.09297,0.09383,0.09297,0.09357,4346956.08116062
2026-04-08 04:00:00+00:00,0.09347,0.09377,0.09278,0.09348,7036624.901616696
2026-04-08 05:00:00+00:00,0.09344,0.09478,0.09317,0.0947,6456879.384298204
2026-04-08 06:00:00+00:00,0.09472,0.09485,0.0935,0.09354,4373439.719215471
2026-04-08 07:00:00+00:00,0.09348,0.0935,0.09118,0.09151,13636927.82984099
2026-04-08 08:00:00+00:00,0.09152,0.09182,0.09111,0.09116,3171926.396056
2026-04-08 09:00:00+00:00,0.09117,0.09137,0.09058,0.0909,7612873.652553746
2026-04-08 10:00:00+00:00,0.09092,0.0925,0.09089,0.09179,14665564.273503767
2026-04-08 11:00:00+00:00,0.09177,0.092,0.09122,0.09163,2149430.034587
2026-04-08 12:00:00+00:00,0.09164,0.0919,0.09138,0.09176,3242206.452190211
2026-04-08 13:00:00+00:00,0.09176,0.09229,0.0914,0.09151,6379379.618187385
2026-04-08 14:00:00+00:00,0.09148,0.09167,0.08972,0.09008,6430368.538355685
2026-04-08 15:00:00+00:00,0.09006,0.09077,0.08967,0.0907,4054152.501872081
2026-04-08 16:00:00+00:00,0.09068,0.0908,0.09016,0.09054,3250291.035209062
2026-04-08 17:00:00+00:00,0.09055,0.0908,0.09016,0.09046,4173092.0512925526
2026-04-08 18:00:00+00:00,0.09049,0.09054,0.08939,0.08941,4366233.351465641
2026-04-08 19:00:00+00:00,0.08943,0.08958,0.08919,0.08937,3825187.486467392
2026-04-08 20:00:00+00:00,0.08939,0.08955,0.08876,0.08896,4307987.668280682
2026-04-08 21:00:00+00:00,0.08897,0.08959,0.08885,0.0894,2552167.153153192
2026-04-08 22:00:00+00:00,0.08942,0.08944,0.08874,0.08881,2880705.931872491
2026-04-08 23:00:00+00:00,0.08881,0.0892,0.0885,0.08901,4389353.000000003
2026-04-09 00:00:00+00:00,0.08901,0.08901,0.08815,0.0884,2850800.511859809
2026-04-09 01:00:00+00:00,0.08832,0.08841,0.08766,0.08806,3905293.752713192
2026-04-09 02:00:00+00:00,0.08809,0.08873,0.08805,0.08869,2434717.1319731204
2026-04-09 03:00:00+00:00,0.08871,0.08994,0.08865,0.0897,5005970.383491996
2026-04-09 04:00:00+00:00,0.08971,0.08981,0.08931,0.08945,2526892.268361981
2026-04-09 05:00:00+00:00,0.0894,0.08962,0.08904,0.08917,1290031.7301891702
2026-04-09 06:00:00+00:00,0.0892,0.08961,0.08915,0.08941,660752.3285171402
2026-04-09 07:00:00+00:00,0.08942,0.0895,0.08891,0.08891,1034170.3519990402
2026-04-09 08:00:00+00:00,0.0889,0.08903,0.08869,0.08883,1759607.86231817
2026-04-09 09:00:00+00:00,0.08883,0.08893,0.08856,0.08882,1034327.57128174
2026-04-09 10:00:00+00:00,0.08884,0.08887,0.08841,0.08843,1132455.85607229
2026-04-09 11:00:00+00:00,0.08843,0.08858,0.08812,0.08818,1225022.1068850297
2026-04-09 12:00:00+00:00,0.08812,0.08871,0.088,0.08837,4847969.037104963
2026-04-09 13:00:00+00:00,0.08837,0.08845,0.08807,0.08837,3825624.331910783
2026-04-09 14:00:00+00:00,0.08836,0.08874,0.08809,0.08844,2211382.505697739
2026-04-09 15:00:00+00:00,0.08844,0.09096,0.08823,0.09022,8636380.532502066
2026-04-09 16:00:00+00:00,0.09023,0.09063,0.08943,0.08961,6182549.979613633
2026-04-09 17:00:00+00:00,0.08958,0.09059,0.08954,0.09017,5068067.749028461
2026-04-09 18:00:00+00:00,0.09016,0.09063,0.08948,0.09007,9172367.64130066
2026-04-09 19:00:00+00:00,0.09006,0.09041,0.08973,0.09025,2339239.7084770505
2026-04-09 20:00:00+00:00,0.09026,0.0907,0.09009,0.09053,2839202.212548101
2026-04-09 21:00:00+00:00,0.09052,0.09094,0.09032,0.09065,3352210.4069177625
2026-04-09 22:00:00+00:00,0.09063,0.0917,0.09017,0.09021,4132319.914776831
2026-04-09 23:00:00+00:00,0.0902,0.09024,0.08932,0.08935,3576211.499999998
2026-04-10 00:00:00+00:00,0.08935,0.08953,0.08894,0.08938,3736216.3880204624
2026-04-10 01:00:00+00:00,0.08938,0.08999,0.08898,0.08934,4180770.92221611
2026-04-10 02:00:00+00:00,0.08933,0.08984,0.08933,0.08955,1990907.58953936
2026-04-10 03:00:00+00:00,0.08956,0.08983,0.08833,0.08841,3558453.5963791003
2026-04-10 04:00:00+00:00,0.08842,0.08876,0.08798,0.08831,2898689.734349471
2026-04-10 05:00:00+00:00,0.08833,0.08879,0.0882,0.08861,2340808.11040425
2026-04-10 06:00:00+00:00,0.08859,0.08876,0.08825,0.08833,1507097.03609403
2026-04-10 07:00:00+00:00,0.08835,0.08841,0.08794,0.08804,1815053.1416709507
2026-04-10 08:00:00+00:00,0.08806,0.08838,0.08777,0.08822,1786519.8653944195
2026-04-10 09:00:00+00:00,0.08822,0.08883,0.0882,0.08881,2686926.64533794
2026-04-10 10:00:00+00:00,0.08882,0.08882,0.08831,0.0884,2001404.63998329
2026-04-10 11:00:00+00:00,0.08837,0.08874,0.08832,0.08841,1829069.33733933
2026-04-10 12:00:00+00:00,0.0884,0.08876,0.08808,0.08835,4269695.502990333
2026-04-10 13:00:00+00:00,0.08833,0.08874,0.0883,0.0887,2320748.6661180696
2026-04-10 14:00:00+00:00,0.08867,0.08968,0.08854,0.08963,4329286.55947924
2026-04-10 15:00:00+00:00,0.08964,0.09007,0.08903,0.08916,5004189.572595684
2026-04-10 16:00:00+00:00,0.08918,0.09027,0.08918,0.08976,6731393.47543434
2026-04-10 17:00:00+00:00,0.08975,0.0898,0.08896,0.08941,3369606.097883892
2026-04-10 18:00:00+00:00,0.08942,0.09008,0.08935,0.09002,4458442.57850942
2026-04-10 19:00:00+00:00,0.09,0.09037,0.08996,0.09034,3289766.72951414
2026-04-10 20:00:00+00:00,0.09037,0.09055,0.08988,0.0903,4060924.52684361
2026-04-10 21:00:00+00:00,0.09028,0.0903,0.08981,0.09001,2217830.60769588
2026-04-10 22:00:00+00:00,0.09006,0.09009,0.08946,0.08965,2732142.039309569
2026-04-10 23:00:00+00:00,0.08964,0.08968,0.08939,0.08954,1430023.05771286
2026-04-11 00:00:00+00:00,0.08956,0.08979,0.08909,0.0891,2113572.561110501
2026-04-11 01:00:00+00:00,0.08916,0.08916,0.08855,0.08866,2390685.5659525213
2026-04-11 02:00:00+00:00,0.08867,0.089,0.08853,0.08868,2135445.0086739804
2026-04-11 03:00:00+00:00,0.08868,0.08896,0.08832,0.08835,1507367.2516320895
2026-04-11 04:00:00+00:00,0.08834,0.08839,0.08802,0.0882,1450781.07446098
2026-04-11 05:00:00+00:00,0.08821,0.0884,0.08794,0.08812,2897881.301436871
2026-04-11 06:00:00+00:00,0.08809,0.08826,0.08795,0.08815,862451.2389907102
2026-04-11 07:00:00+00:00,0.08815,0.0882,0.088,0.08817,945312.7249804096
2026-04-11 08:00:00+00:00,0.08816,0.08848,0.08794,0.0882,1377501.3140401703
2026-04-11 09:00:00+00:00,0.0882,0.08842,0.08806,0.08814,760490.5708170098
2026-04-11 10:00:00+00:00,0.08817,0.08828,0.08792,0.08806,901192.00139202
2026-04-11 11:00:00+00:00,0.08807,0.08834,0.08804,0.08823,900884.69577456
2026-04-11 12:00:00+00:00,0.08823,0.08845,0.08813,0.08827,1057985.5342684
2026-04-11 13:00:00+00:00,0.08827,0.08835,0.08805,0.08832,1324445.4823225397
2026-04-11 14:00:00+00:00,0.08832,0.08867,0.08807,0.0881,3307168.974839072
2026-04-11 15:00:00+00:00,0.0881,0.08847,0.08801,0.08817,2643636.833560492
2026-04-11 16:00:00+00:00,0.08818,0.08878,0.08804,0.08845,3320057.56519113
2026-04-11 17:00:00+00:00,0.08843,0.08847,0.08808,0.08815,2163092.58801844
2026-04-11 18:00:00+00:00,0.08816,0.0891,0.08799,0.08884,2840740.7458706712
2026-04-11 19:00:00+00:00,0.08884,0.08975,0.08884,0.08975,4648493.08638199
2026-04-11 20:00:00+00:00,0.0897,0.0899,0.08904,0.08915,3682289.021804152
2026-04-11 21:00:00+00:00,0.08918,0.08936,0.08883,0.089,3609261.813591093
2026-04-11 22:00:00+00:00,0.08896,0.08932,0.08847,0.08867,3922541.807187664
2026-04-11 23:00:00+00:00,0.08865,0.08866,0.08797,0.08833,2827683.6176168006
2026-04-12 00:00:00+00:00,0.08837,0.08862,0.08821,0.08854,1692668.7905634702
2026-04-12 01:00:00+00:00,0.08855,0.08865,0.08672,0.08698,5934906.947379661
2026-04-12 02:00:00+00:00,0.08696,0.0872,0.0867,0.08686,2227569.3020312907
2026-04-12 03:00:00+00:00,0.08689,0.08708,0.08673,0.08686,2104768.7574170297
2026-04-12 04:00:00+00:00,0.08687,0.08699,0.08618,0.08657,3418841.955077222
2026-04-12 05:00:00+00:00,0.08657,0.08673,0.08641,0.08655,1135435.4864009104
2026-04-12 06:00:00+00:00,0.08657,0.08667,0.08615,0.08622,1624106.1701305602
2026-04-12 07:00:00+00:00,0.08621,0.0864,0.08601,0.08631,1438441.2391421895
2026-04-12 08:00:00+00:00,0.08632,0.08638,0.08603,0.0862,2111303.569360002
2026-04-12 09:00:00+00:00,0.08621,0.08628,0.08606,0.08614,887493.17998773
2026-04-12 10:00:00+00:00,0.08618,0.0863,0.08596,0.08602,3616163.307688545
2026-04-12 11:00:00+00:00,0.08601,0.08618,0.0859,0.08608,2141618.3008620017
2026-04-12 12:00:00+00:00,0.08605,0.08613,0.08566,0.08576,2405247.99867892
2026-04-12 13:00:00+00:00,0.08575,0.0861,0.0854,0.08545,2643812.075317449
2026-04-12 14:00:00+00:00,0.08543,0.08555,0.08523,0.08539,3187870.7069035308
2026-04-12 15:00:00+00:00,0.08538,0.08566,0.08509,0.08559,2368084.54520178
2026-04-12 16:00:00+00:00,0.08558,0.0858,0.08551,0.08575,2187153.5278178616
2026-04-12 17:00:00+00:00,0.08576,0.08674,0.08573,0.08647,3603685.683730111
2026-04-12 18:00:00+00:00,0.08651,0.08659,0.08585,0.08613,3185899.5437685507
2026-04-12 19:00:00+00:00,0.08613,0.08629,0.086,0.08616,2418290.555395762
2026-04-12 20:00:00+00:00,0.08616,0.08657,0.086,0.08626,1364821.10138761
2026-04-12 21:00:00+00:00,0.08626,0.08645,0.08597,0.08606,3099670.156032411
2026-04-12 22:00:00+00:00,0.0861,0.0861,0.08531,0.08554,5982159.344227452
2026-04-12 23:00:00+00:00,0.08553,0.08553,0.08515,0.08519,2184654.9
2026-04-13 00:00:00+00:00,0.08518,0.0858,0.0851,0.08564,1888845.55487074
2026-04-13 01:00:00+00:00,0.08563,0.0859,0.08554,0.08577,2299359.50890967
2026-04-13 02:00:00+00:00,0.08577,0.08582,0.08509,0.0852,2303722.0044053807
2026-04-13 03:00:00+00:00,0.08521,0.08535,0.08504,0.08513,2921002.6224442422
2026-04-13 04:00:00+00:00,0.08511,0.08521,0.08474,0.08497,3301995.1447431603
2026-04-13 05:00:00+00:00,0.08496,0.08558,0.08487,0.08554,1671589.83086575
2026-04-13 06:00:00+00:00,0.08556,0.08597,0.08547,0.08566,2465854.4924726
2026-04-13 07:00:00+00:00,0.08568,0.08573,0.08496,0.08506,1698696.1516594798
2026-04-13 08:00:00+00:00,0.08508,0.08519,0.08485,0.08506,685293.3941533399
2026-04-13 09:00:00+00:00,0.08506,0.08535,0.08504,0.08517,1126733.95537022
2026-04-13 10:00:00+00:00,0.08521,0.08521,0.08457,0.08475,1664121.4585950903
2026-04-13 11:00:00+00:00,0.08476,0.0849,0.08443,0.08481,3540964.63118631
2026-04-13 12:00:00+00:00,0.08481,0.0857,0.08474,0.08551,3498912.532731872
2026-04-13 13:00:00+00:00,0.0855,0.08637,0.08528,0.08625,3905961.3596397815
2026-04-13 14:00:00+00:00,0.08627,0.08634,0.08571,0.08625,4318967.374228532
2026-04-13 15:00:00+00:00,0.08627,0.08628,0.0848,0.08506,7242038.419774115
2026-04-13 16:00:00+00:00,0.08506,0.08532,0.0847,0.08511,5838300.51189166
2026-04-13 17:00:00+00:00,0.08512,0.08553,0.08486,0.08489,5415361.475017803
2026-04-13 18:00:00+00:00,0.08488,0.08525,0.08459,0.08522,5409318.13919792
2026-04-13 19:00:00+00:00,0.08519,0.08626,0.08517,0.08613,12858649.81180122
2026-04-13 20:00:00+00:00,0.08615,0.08619,0.0853,0.08537,5559830.235783103
2026-04-13 21:00:00+00:00,0.08537,0.08603,0.08531,0.08572,5025281.932966803
2026-04-13 22:00:00+00:00,0.08569,0.08784,0.08569,0.08764,7662445.993511136
2026-04-13 23:00:00+00:00,0.08761,0.08821,0.08727,0.08783,6750765.799999996
2026-04-14 00:00:00+00:00,0.08783,0.08789,0.08681,0.08684,4359926.913992491
2026-04-14 01:00:00+00:00,0.08685,0.08703,0.08646,0.08678,2715784.602530329
2026-04-14 02:00:00+00:00,0.08677,0.08697,0.08645,0.0866,3169335.949057002
2026-04-14 03:00:00+00:00,0.08661,0.08694,0.08651,0.08663,2300309.76415304
2026-04-14 04:00:00+00:00,0.08664,0.08682,0.0864,0.08657,1893942.9983409904
2026-04-14 05:00:00+00:00,0.08657,0.08665,0.08584,0.08599,1845226.6654762405
2026-04-14 06:00:00+00:00,0.086,0.08633,0.08599,0.08625,1350116.9622838092
2026-04-14 07:00:00+00:00,0.08626,0.0868,0.08621,0.08645,2217304.508056281
2026-04-14 08:00:00+00:00,0.08645,0.08708,0.08643,0.08688,2287863.66293899
2026-04-14 09:00:00+00:00,0.0869,0.08699,0.08668,0.08689,2351283.3263953007
2026-04-14 10:00:00+00:00,0.0869,0.08714,0.08669,0.08701,2362605.91282
2026-04-14 11:00:00+00:00,0.087,0.08709,0.08654,0.08658,1414582.78443223
2026-04-14 12:00:00+00:00,0.08656,0.08663,0.08599,0.08638,3150846.825679142
2026-04-14 13:00:00+00:00,0.08639,0.08779,0.08631,0.08761,6738096.508026893
2026-04-14 14:00:00+00:00,0.08762,0.08784,0.08682,0.08682,6410502.286816345
2026-04-14 15:00:00+00:00,0.08682,0.08711,0.08613,0.0862,10427644.711242782
2026-04-14 16:00:00+00:00,0.0862,0.08638,0.08577,0.08594,3913925.92855088
2026-04-14 17:00:00+00:00,0.08589,0.08612,0.08551,0.08602,3610471.4995859833
2026-04-14 18:00:00+00:00,0.08604,0.08615,0.08462,0.08481,7070849.98539055
2026-04-14 19:00:00+00:00,0.08478,0.08535,0.08475,0.08509,4511024.481496881
2026-04-14 20:00:00+00:00,0.0851,0.08522,0.08484,0.08498,3771776.74520122
2026-04-14 21:00:00+00:00,0.08499,0.08519,0.08453,0.08502,2946027.9499554206
2026-04-14 22:00:00+00:00,0.08498,0.08516,0.08474,0.08488,2027700.17385816
2026-04-14 23:00:00+00:00,0.08489,0.08516,0.08488,0.0851,1847548.6072907504
2026-04-15 00:00:00+00:00,0.08513,0.08553,0.08505,0.0853,4408704.575184941
2026-04-15 01:00:00+00:00,0.08529,0.08594,0.08517,0.08569,2898477.2081462806
2026-04-15 02:00:00+00:00,0.08569,0.08583,0.08525,0.08541,1498209.26838939
2026-04-15 03:00:00+00:00,0.08541,0.08545,0.08516,0.08524,1092706.24804884
2026-04-15 04:00:00+00:00,0.08525,0.08551,0.08523,0.08538,1425338.0809361895
2026-04-15 05:00:00+00:00,0.08538,0.08583,0.08526,0.08539,2235769.915143072
2026-04-15 06:00:00+00:00,0.08536,0.08536,0.08486,0.08491,1440050.0678018895
2026-04-15 07:00:00+00:00,0.08491,0.08529,0.08491,0.08507,1272252.56091777
2026-04-15 08:00:00+00:00,0.08507,0.08582,0.08505,0.08551,1263990.77957259
2026-04-15 09:00:00+00:00,0.0855,0.08577,0.08542,0.08562,1035851.2855871696
2026-04-15 10:00:00+00:00,0.08561,0.08584,0.0853,0.08552,1613685.1155632893
2026-04-15 11:00:00+00:00,0.08553,0.08616,0.08544,0.08589,1467467.97176001
2026-04-15 12:00:00+00:00,0.08586,0.08699,0.08575,0.0864,8194547.122047293
2026-04-15 13:00:00+00:00,0.08639,0.08701,0.08586,0.08607,7471214.966024525
2026-04-15 14:00:00+00:00,0.08605,0.08654,0.08555,0.08653,3184066.757647
2026-04-15 15:00:00+00:00,0.08654,0.08671,0.08567,0.08589,3241111.413007549
2026-04-15 16:00:00+00:00,0.08588,0.08678,0.0857,0.08629,9454413.042259907
2026-04-15 17:00:00+00:00,0.08633,0.0867,0.08607,0.08638,4830252.364322731
2026-04-15 18:00:00+00:00,0.08638,0.08666,0.08624,0.08656,2587648.69284068
2026-04-15 19:00:00+00:00,0.08657,0.08758,0.08643,0.08713,4579171.673396111
2026-04-15 20:00:00+00:00,0.08715,0.08717,0.08617,0.08652,4437396.309286801
2026-04-15 21:00:00+00:00,0.08648,0.08691,0.08639,0.0867,3740596.7585963504
2026-04-15 22:00:00+00:00,0.08669,0.08743,0.08668,0.08703,5235911.27732669
2026-04-15 23:00:00+00:00,0.087,0.08721,0.08663,0.08707,3051975.7678735107
2026-04-16 00:00:00+00:00,0.08714,0.08727,0.08638,0.08692,5783162.340327359
2026-04-16 01:00:00+00:00,0.08694,0.08694,0.08646,0.08681,1929638.3662256896
2026-04-16 02:00:00+00:00,0.08681,0.08758,0.08681,0.08742,3993218.428959791
2026-04-16 03:00:00+00:00,0.08743,0.0877,0.0873,0.08759,5039307.533102434
2026-04-16 04:00:00+00:00,0.08757,0.08797,0.08745,0.08768,4244525.04325797
2026-04-16 05:00:00+00:00,0.08771,0.08781,0.08741,0.0876,6389748.740315394
2026-04-16 06:00:00+00:00,0.0876,0.08785,0.08753,0.08785,3087633.35429528
2026-04-16 07:00:00+00:00,0.08786,0.08841,0.08786,0.08814,9247784.354412254
2026-04-16 08:00:00+00:00,0.08815,0.08856,0.08789,0.08839,8559388.133132076
2026-04-16 09:00:00+00:00,0.08839,0.08877,0.08818,0.08822,3901229.3136024815
2026-04-16 10:00:00+00:00,0.08821,0.08834,0.08753,0.08753,2721131.2382514905
2026-04-16 11:00:00+00:00,0.08754,0.08773,0.08722,0.08763,4213368.951479703
2026-04-16 12:00:00+00:00,0.08764,0.08832,0.08764,0.08829,4016114.48575938
2026-04-16 13:00:00+00:00,0.08829,0.08924,0.08742,0.08802,10305619.593382305
2026-04-16 14:00:00+00:00,0.08801,0.08814,0.08685,0.08757,5487160.13766196
2026-04-16 15:00:00+00:00,0.08755,0.08876,0.08746,0.08872,8959715.378563235
2026-04-16 16:00:00+00:00,0.08871,0.08914,0.08788,0.08817,9030658.207900727
2026-04-16 17:00:00+00:00,0.08816,0.0888,0.08796,0.08865,4062361.580067561
2026-04-16 18:00:00+00:00,0.08866,0.09028,0.08839,0.08989,5684782.4731429005
2026-04-16 19:00:00+00:00,0.08992,0.09094,0.08992,0.09092,10534017.725655016
2026-04-16 20:00:00+00:00,0.09091,0.0914,0.09038,0.09059,20905918.924842723
2026-04-16 21:00:00+00:00,0.0906,0.09285,0.09022,0.09033,21803382.48327611
2026-04-16 22:00:00+00:00,0.09033,0.09094,0.0898,0.0902,5485950.589039323
2026-04-16 23:00:00+00:00,0.0902,0.09078,0.09008,0.09076,2832963.5
2026-04-17 00:00:00+00:00,0.09074,0.09096,0.09003,0.09012,3011139.7881412203
2026-04-17 01:00:00+00:00,0.09011,0.09045,0.08966,0.08988,4363385.244737832
2026-04-17 02:00:00+00:00,0.08986,0.08998,0.08912,0.08934,2838419.1561734728
2026-04-17 03:00:00+00:00,0.08935,0.08949,0.08917,0.08922,2499530.8614267507
2026-04-17 04:00:00+00:00,0.08921,0.08943,0.08905,0.0892,2752968.078413232
2026-04-17 05:00:00+00:00,0.08923,0.08923,0.08858,0.08866,1932132.80224082
2026-04-17 06:00:00+00:00,0.08863,0.08967,0.08861,0.08962,2445337.3711543293
2026-04-17 07:00:00+00:00,0.08966,0.09139,0.08964,0.09111,2796611.467922009
2026-04-17 08:00:00+00:00,0.09114,0.09167,0.09056,0.09124,5930790.821745902
2026-04-17 09:00:00+00:00,0.09125,0.09189,0.09065,0.09131,3826487.52885586
2026-04-17 10:00:00+00:00,0.09131,0.09158,0.09017,0.09048,3199524.3724705
2026-04-17 11:00:00+00:00,0.09049,0.09132,0.0904,0.09108,3088298.02430078
2026-04-17 12:00:00+00:00,0.09109,0.09231,0.09093,0.09227,4610706.687470241
2026-04-17 13:00:00+00:00,0.09221,0.09357,0.09204,0.09325,16982449.661499694
2026-04-17 14:00:00+00:00,0.09327,0.09358,0.09272,0.09311,18033692.18839252
2026-04-17 15:00:00+00:00,0.09309,0.09311,0.09174,0.09233,15606220.150273902
2026-04-17 16:00:00+00:00,0.09236,0.093,0.09215,0.09298,16374668.242671806
2026-04-17 17:00:00+00:00,0.09298,0.0931,0.0912,0.09136,8781174.923425142
2026-04-17 18:00:00+00:00,0.09137,0.09145,0.09024,0.09055,4108574.1072815103
2026-04-17 19:00:00+00:00,0.09061,0.09131,0.09035,0.09094,4991391.904053054
2026-04-17 20:00:00+00:00,0.09098,0.09121,0.09025,0.09086,2838060.969195721
2026-04-17 21:00:00+00:00,0.09084,0.09118,0.09056,0.09092,2452545.675146741
2026-04-17 22:00:00+00:00,0.09095,0.09154,0.09084,0.09102,3003606.8368104897
2026-04-17 23:00:00+00:00,0.09103,0.09103,0.09037,0.09078,1425665.5000000002
2026-04-18 00:00:00+00:00,0.09075,0.091,0.09045,0.09069,2349068.25975936
2026-04-18 01:00:00+00:00,0.09071,0.09116,0.09041,0.09057,2564010.49715287
2026-04-18 02:00:00+00:00,0.09057,0.0908,0.09033,0.0906,1651366.71634623
2026-04-18 03:00:00+00:00,0.09057,0.09077,0.09001,0.09013,2219782.62692359
2026-04-18 04:00:00+00:00,0.09009,0.09022,0.08945,0.08988,3068054.7475898624
2026-04-18 05:00:00+00:00,0.08989,0.09017,0.08986,0.09005,1642728.3681704502
2026-04-18 06:00:00+00:00,0.09004,0.0902,0.08974,0.09004,1313596.45676607
2026-04-18 07:00:00+00:00,0.09003,0.09036,0.08998,0.09022,1303362.6608558798
2026-04-18 08:00:00+00:00,0.09021,0.09029,0.08899,0.08928,8647630.434507364
2026-04-18 09:00:00+00:00,0.08926,0.08929,0.08848,0.08897,2940496.6781895827
2026-04-18 10:00:00+00:00,0.08898,0.08902,0.08802,0.08848,7523614.728208164
2026-04-18 11:00:00+00:00,0.08847,0.08874,0.08795,0.08864,2876557.114493902
2026-04-18 12:00:00+00:00,0.08862,0.08905,0.08852,0.08903,1963382.6649375404
2026-04-18 13:00:00+00:00,0.089,0.08952,0.08852,0.08936,2481374.2712823204
2026-04-18 14:00:00+00:00,0.08937,0.08956,0.08895,0.08935,1727334.1105128597
2026-04-18 15:00:00+00:00,0.08934,0.08953,0.08909,0.08931,2419923.46708677
2026-04-18 16:00:00+00:00,0.08926,0.08956,0.08886,0.08924,2692975.916225412
2026-04-18 17:00:00+00:00,0.08924,0.08927,0.08862,0.08895,1568382.2059279897
2026-04-18 18:00:00+00:00,0.08893,0.08914,0.08835,0.08856,2895240.5300849094
2026-04-18 19:00:00+00:00,0.08856,0.08891,0.08853,0.08885,1804332.36405652
2026-04-18 20:00:00+00:00,0.08886,0.08918,0.08862,0.08909,1470967.2882922797
2026-04-18 21:00:00+00:00,0.08911,0.08927,0.08876,0.08922,1644994.5990712002
2026-04-18 22:00:00+00:00,0.08918,0.08931,0.08899,0.08925,1089198.3221566002
2026-04-18 23:00:00+00:00,0.08923,0.08948,0.08878,0.08882,1162118.8
2026-04-19 00:00:00+00:00,0.08882,0.08903,0.08853,0.08857,1635309.0672175507
2026-04-19 01:00:00+00:00,0.08858,0.08885,0.0885,0.0885,708475.6606519903
2026-04-19 02:00:00+00:00,0.08851,0.08852,0.08797,0.08817,2780756.827956181
2026-04-19 03:00:00+00:00,0.08814,0.08845,0.08791,0.08802,1152999.16728044
2026-04-19 04:00:00+00:00,0.08798,0.08829,0.08768,0.08811,1842852.9964264813
2026-04-19 05:00:00+00:00,0.08812,0.08848,0.08787,0.08789,1265598.99821644
2026-04-19 06:00:00+00:00,0.08788,0.08872,0.08753,0.08871,2735386.1903676693
2026-04-19 07:00:00+00:00,0.0887,0.08887,0.08799,0.0883,2919963.3453760897
2026-04-19 08:00:00+00:00,0.0883,0.08843,0.08805,0.0882,734083.0459
2026-04-19 09:00:00+00:00,0.08822,0.08828,0.08778,0.08789,1338169.018884011
2026-04-19 10:00:00+00:00,0.08792,0.08792,0.08739,0.08754,1274079.9749004496
2026-04-19 11:00:00+00:00,0.08753,0.08826,0.08752,0.08821,1368733.3622928197
2026-04-19 12:00:00+00:00,0.08823,0.08891,0.08821,0.08886,1899966.32495117
2026-04-19 13:00:00+00:00,0.08884,0.08966,0.0888,0.08903,2379980.7823221204
2026-04-19 14:00:00+00:00,0.08904,0.08945,0.08867,0.08916,2662920.2997526
2026-04-19 15:00:00+00:00,0.08915,0.08924,0.08824,0.08903,3169319.2560848906
2026-04-19 16:00:00+00:00,0.08904,0.08916,0.08832,0.08845,1771894.6619296402
2026-04-19 17:00:00+00:00,0.08845,0.08847,0.0878,0.08786,2697022.49526706
2026-04-19 18:00:00+00:00,0.08787,0.08835,0.08776,0.08821,2283471.8855220694
2026-04-19 19:00:00+00:00,0.08822,0.0888,0.08822,0.08842,1964275.9605467287
2026-04-19 20:00:00+00:00,0.08846,0.08846,0.08795,0.08825,3498304.4833034603
2026-04-19 21:00:00+00:00,0.08821,0.08857,0.08813,0.08826,1587757.26090906
2026-04-19 22:00:00+00:00,0.08831,0.08831,0.08695,0.08735,4946581.811538474
2026-04-19 23:00:00+00:00,0.08734,0.0875,0.08701,0.08727,2091115.6000000008
2026-04-20 00:00:00+00:00,0.08729,0.08832,0.0872,0.08817,1737029.0000000002
2026-04-20 01:00:00+00:00,0.08816,0.08874,0.08816,0.08831,2703642.8
2026-04-20 02:00:00+00:00,0.08832,0.08855,0.08807,0.0883,1631256.5
2026-04-20 03:00:00+00:00,0.08833,0.0887,0.08811,0.08865,951731.8999999998
2026-04-20 04:00:00+00:00,0.08866,0.08895,0.08837,0.08894,528332.7999999999
2026-04-20 05:00:00+00:00,0.08892,0.08893,0.08815,0.08831,511679.29999999993
2026-04-20 06:00:00+00:00,0.0883,0.08921,0.08805,0.08897,703016.2999999998
2026-04-20 07:00:00+00:00,0.08898,0.08972,0.08854,0.08903,2083624.3
2026-04-20 08:00:00+00:00,0.08906,0.08915,0.08869,0.08875,1515218.7
2026-04-20 09:00:00+00:00,0.08875,0.08925,0.08862,0.08892,1135209.6999999995
2026-04-20 10:00:00+00:00,0.08892,0.08928,0.08889,0.0889,1126660.5000000002
2026-04-20 11:00:00+00:00,0.08888,0.089,0.08861,0.08864,1469380.6
2026-04-20 12:00:00+00:00,0.08864,0.08868,0.0881,0.0885,3190577.7
2026-04-20 13:00:00+00:00,0.08851,0.08906,0.08851,0.08884,3432973.400000001
2026-04-20 14:00:00+00:00,0.08884,0.08952,0.08859,0.08869,12214932.400000004
2026-04-20 15:00:00+00:00,0.0887,0.08997,0.0883,0.08996,5045517.3
2026-04-20 16:00:00+00:00,0.08995,0.09059,0.08956,0.08961,7535819.199999998
2026-04-20 17:00:00+00:00,0.08962,0.08998,0.08928,0.08976,6284526.0
2026-04-20 18:00:00+00:00,0.08977,0.09023,0.08972,0.09005,6287086.499999997
2026-04-20 19:00:00+00:00,0.09008,0.09018,0.08961,0.0897,1921183.1
2026-04-20 20:00:00+00:00,0.08969,0.08982,0.08932,0.08967,1882751.8000000007
2026-04-20 21:00:00+00:00,0.08966,0.08986,0.08917,0.08971,2055190.6
2026-04-20 22:00:00+00:00,0.08971,0.08979,0.08932,0.08948,998463.5
2026-04-20 23:00:00+00:00,0.08946,0.08979,0.08925,0.08976,1565773.2000000002
2026-04-21 00:00:00+00:00,0.08978,0.09005,0.08965,0.08991,1141920.1999999995
2026-04-21 01:00:00+00:00,0.08989,0.09012,0.08957,0.08968,1747628.1999999993
2026-04-21 02:00:00+00:00,0.08968,0.08973,0.08921,0.08924,2794314.000000001
2026-04-21 03:00:00+00:00,0.08924,0.08954,0.0891,0.08935,998247.1000000002
2026-04-21 04:00:00+00:00,0.08933,0.08978,0.08929,0.08974,808204.2000000001
2026-04-21 05:00:00+00:00,0.08973,0.08999,0.08962,0.08968,1276175.0000000002
2026-04-21 06:00:00+00:00,0.08969,0.09034,0.0896,0.08999,1767106.299999999
2026-04-21 07:00:00+00:00,0.08998,0.09074,0.0899,0.09059,1255439.3
2026-04-21 08:00:00+00:00,0.09057,0.09114,0.09043,0.09079,2911925.7000000007
2026-04-21 09:00:00+00:00,0.09078,0.09096,0.0905,0.09065,837264.7999999998
2026-04-21 10:00:00+00:00,0.09065,0.0914,0.09048,0.0914,3759068.0
2026-04-21 11:00:00+00:00,0.09134,0.09134,0.0906,0.09099,3279068.8
2026-04-21 12:00:00+00:00,0.091,0.09125,0.09002,0.09045,2860895.1
2026-04-21 13:00:00+00:00,0.09045,0.09051,0.08995,0.0903,2223911.4
2026-04-21 14:00:00+00:00,0.09031,0.09063,0.08968,0.08985,4203422.300000001
2026-04-21 15:00:00+00:00,0.08985,0.09049,0.08968,0.09039,2311859.100000001
2026-04-21 16:00:00+00:00,0.09042,0.0906,0.08966,0.0897,2221028.400000001
2026-04-21 17:00:00+00:00,0.08971,0.09021,0.08882,0.08968,5440591.600000001
2026-04-21 18:00:00+00:00,0.08968,0.08974,0.08927,0.08961,2437898.8000000003
2026-04-21 19:00:00+00:00,0.08962,0.0899,0.08879,0.08901,3630716.500000001
2026-04-21 20:00:00+00:00,0.08902,0.08995,0.08891,0.08968,2402467.2000000007
2026-04-21 21:00:00+00:00,0.08968,0.08992,0.08942,0.08978,1543658.2999999998
2026-04-21 22:00:00+00:00,0.08979,0.08996,0.08962,0.08996,1051252.5
2026-04-21 23:00:00+00:00,0.08996,0.09052,0.08996,0.09038,1363022.8000000005
2026-04-22 00:00:00+00:00,0.0904,0.09067,0.09031,0.09041,1970686.6
2026-04-22 01:00:00+00:00,0.09044,0.09055,0.08986,0.09005,1075352.8000000005
2026-04-22 02:00:00+00:00,0.09008,0.09106,0.08994,0.09099,2112870.8999999994
2026-04-22 03:00:00+00:00,0.091,0.09107,0.09045,0.09087,2679597.0000000005
2026-04-22 04:00:00+00:00,0.09086,0.0911,0.09035,0.09047,1680641.4999999998
2026-04-22 05:00:00+00:00,0.09048,0.0914,0.09037,0.09098,3874233.800000001
2026-04-22 06:00:00+00:00,0.09097,0.09105,0.09066,0.09096,794679.3
2026-04-22 07:00:00+00:00,0.09096,0.09104,0.0908,0.09081,1091721.3000000005
2026-04-22 08:00:00+00:00,0.09079,0.09106,0.09073,0.09085,1358215.5
2026-04-22 09:00:00+00:00,0.09085,0.09118,0.09076,0.09087,1714602.5000000002
2026-04-22 10:00:00+00:00,0.09085,0.09121,0.09082,0.0911,1941880.5
2026-04-22 11:00:00+00:00,0.0911,0.09133,0.091,0.09126,1531864.3
2026-04-22 12:00:00+00:00,0.09127,0.09157,0.09127,0.09148,6307131.700000003
2026-04-22 13:00:00+00:00,0.09146,0.09167,0.09128,0.09139,6747004.200000001
2026-04-22 14:00:00+00:00,0.09139,0.09157,0.09088,0.09118,6546227.500000003
2026-04-22 15:00:00+00:00,0.09119,0.09347,0.09091,0.09272,11764915.9
2026-04-22 16:00:00+00:00,0.0927,0.09342,0.09203,0.09214,8269530.300000004
2026-04-22 17:00:00+00:00,0.09216,0.09306,0.09216,0.09229,3800545.6
2026-04-22 18:00:00+00:00,0.09233,0.09276,0.09222,0.09222,1848763.0
2026-04-22 19:00:00+00:00,0.0922,0.0922,0.0912,0.09162,3230314.3000000007
2026-04-22 20:00:00+00:00,0.09163,0.09166,0.09126,0.09145,2528096.9000000004
2026-04-22 21:00:00+00:00,0.09147,0.09176,0.09127,0.09153,1765111.0
2026-04-22 22:00:00+00:00,0.09154,0.09172,0.09109,0.09133,1730211.9
2026-04-22 23:00:00+00:00,0.09134,0.09134,0.09069,0.09086,4078805.599999999
2026-04-23 00:00:00+00:00,0.09086,0.09122,0.09024,0.09115,2523437.3
2026-04-23 01:00:00+00:00,0.09115,0.09121,0.09073,0.09109,1915947.4999999995
2026-04-23 02:00:00+00:00,0.09109,0.09113,0.09032,0.09076,4071828.4
2026-04-23 03:00:00+00:00,0.09074,0.09082,0.09015,0.0906,1139056.0
2026-04-23 04:00:00+00:00,0.09059,0.09078,0.09037,0.09078,1037626.7
2026-04-23 05:00:00+00:00,0.09078,0.09099,0.09046,0.09068,1501575.7000000002
2026-04-23 06:00:00+00:00,0.09071,0.09141,0.09071,0.09103,1545002.4
2026-04-23 07:00:00+00:00,0.09105,0.09108,0.09077,0.09083,669894.8999999998
2026-04-23 08:00:00+00:00,0.09084,0.091,0.09035,0.09068,1604051.9999999998
2026-04-23 09:00:00+00:00,0.09066,0.09066,0.08997,0.0903,1809764.2
2026-04-23 10:00:00+00:00,0.09029,0.09029,0.08975,0.09007,2603230.099999999
2026-04-23 11:00:00+00:00,0.09009,0.0909,0.09,0.09068,1464557.7000000004
2026-04-23 12:00:00+00:00,0.09068,0.09105,0.09046,0.09071,1358683.2000000002
2026-04-23 13:00:00+00:00,0.09075,0.09106,0.09069,0.09069,1583516.1999999995
2026-04-23 14:00:00+00:00,0.09069,0.09107,0.09025,0.09101,6020913.600000002
2026-04-23 15:00:00+00:00,0.09102,0.09145,0.09079,0.09097,3961764.5
2026-04-23 16:00:00+00:00,0.09098,0.09111,0.09057,0.09068,3497231.1
2026-04-23 17:00:00+00:00,0.09066,0.09073,0.08988,0.09052,3668577.000000001
2026-04-23 18:00:00+00:00,0.0905,0.0907,0.08999,0.09002,1250798.8
2026-04-23 19:00:00+00:00,0.09003,0.0904,0.08995,0.09014,2057589.3
2026-04-23 20:00:00+00:00,0.09016,0.09078,0.09011,0.09045,774633.2000000001
2026-04-23 21:00:00+00:00,0.09047,0.09095,0.09037,0.0907,875902.5000000002
2026-04-23 22:00:00+00:00,0.0907,0.09108,0.09067,0.09077,1518688.9999999998
2026-04-23 23:00:00+00:00,0.09075,0.0909,0.09061,0.09082,576172.6
2026-04-24 00:00:00+00:00,0.09085,0.09122,0.09085,0.09122,2093251.8
2026-04-24 01:00:00+00:00,0.0912,0.09121,0.09072,0.09115,803158.2000000002
2026-04-24 02:00:00+00:00,0.09114,0.0912,0.09077,0.09102,1301947.3000000007
2026-04-24 03:00:00+00:00,0.09099,0.091,0.0903,0.09051,1051755.2
2026-04-24 04:00:00+00:00,0.09051,0.09054,0.09024,0.09035,956435.7
2026-04-24 05:00:00+00:00,0.09034,0.09089,0.09022,0.0907,2365024.100000001
2026-04-24 06:00:00+00:00,0.09072,0.09081,0.0905,0.09059,668328.6
2026-04-24 07:00:00+00:00,0.09057,0.09084,0.09053,0.09064,545209.4000000001
2026-04-24 08:00:00+00:00,0.09065,0.09086,0.09041,0.09046,3644355.500000001
2026-04-24 09:00:00+00:00,0.09046,0.09051,0.09008,0.09035,1490073.3000000005
2026-04-24 10:00:00+00:00,0.09032,0.09111,0.09023,0.09099,1224437.6999999995
2026-04-24 11:00:00+00:00,0.09097,0.09174,0.09097,0.09132,1920711.8000000005
2026-04-24 12:00:00+00:00,0.09135,0.09161,0.09088,0.09109,3597511.900000001
2026-04-24 13:00:00+00:00,0.09108,0.09142,0.09093,0.09099,3971326.599999999
2026-04-24 14:00:00+00:00,0.09097,0.09102,0.09052,0.09057,8995287.799999999
2026-04-24 15:00:00+00:00,0.09056,0.09158,0.09026,0.09157,4918781.399999999
2026-04-24 16:00:00+00:00,0.09157,0.09158,0.09104,0.09126,1945028.8
2026-04-24 17:00:00+00:00,0.09124,0.09133,0.09093,0.09124,1784145.1000000003
2026-04-24 18:00:00+00:00,0.09124,0.0913,0.09088,0.09117,2173603.600000001
2026-04-24 19:00:00+00:00,0.09118,0.09138,0.09106,0.09122,1200304.5
2026-04-24 20:00:00+00:00,0.09123,0.09218,0.09114,0.09185,9207736.6
2026-04-24 21:00:00+00:00,0.09185,0.09226,0.09154,0.09154,3650781.3
2026-04-24 22:00:00+00:00,0.09157,0.09181,0.09096,0.09114,3936511.8000000007
2026-04-24 23:00:00+00:00,0.09114,0.09119,0.09093,0.091,2487063.400000001
2026-04-25 00:00:00+00:00,0.091,0.09119,0.0907,0.09109,2885356.999999999
2026-04-25 01:00:00+00:00,0.09109,0.09117,0.09076,0.0909,1273096.7000000002
2026-04-25 02:00:00+00:00,0.09091,0.0911,0.0904,0.09096,5951725.500000003
2026-04-25 03:00:00+00:00,0.09097,0.09129,0.09092,0.09129,1850910.1
2026-04-25 04:00:00+00:00,0.09129,0.09134,0.09108,0.09114,1000350.8999999998
2026-04-25 05:00:00+00:00,0.09116,0.0912,0.09092,0.09106,1097060.7000000002
2026-04-25 06:00:00+00:00,0.09107,0.09138,0.09107,0.09112,1433821.4
2026-04-25 07:00:00+00:00,0.09111,0.09153,0.09099,0.09134,1017571.1
2026-04-25 08:00:00+00:00,0.09133,0.09193,0.0913,0.09185,2344503.3
2026-04-25 09:00:00+00:00,0.09185,0.09219,0.09151,0.09199,2145005.4000000004
2026-04-25 10:00:00+00:00,0.09198,0.09208,0.09161,0.0918,1759715.8999999997
2026-04-25 11:00:00+00:00,0.09179,0.09187,0.09118,0.0914,1211741.799999999
2026-04-25 12:00:00+00:00,0.09141,0.09153,0.09105,0.09142,1520531.7000000004
2026-04-25 13:00:00+00:00,0.09144,0.09167,0.09134,0.09154,1231622.6
2026-04-25 14:00:00+00:00,0.09154,0.0918,0.0912,0.09137,1479946.6999999995
2026-04-25 15:00:00+00:00,0.09138,0.09164,0.09124,0.09137,2688701.100000001
2026-04-25 16:00:00+00:00,0.09135,0.09165,0.0905,0.09076,4194784.6
2026-04-25 17:00:00+00:00,0.09073,0.09085,0.09019,0.09044,4588657.699999997
2026-04-25 18:00:00+00:00,0.09044,0.09065,0.09041,0.09061,1682124.7999999998
2026-04-25 19:00:00+00:00,0.09061,0.09067,0.0904,0.09064,1701039.7000000002
2026-04-25 20:00:00+00:00,0.09066,0.09095,0.0906,0.09093,2365107.7
2026-04-25 21:00:00+00:00,0.09094,0.09119,0.09082,0.09101,2881540.099999998
2026-04-25 22:00:00+00:00,0.09101,0.0913,0.09097,0.09125,1590496.8000000005
2026-04-25 23:00:00+00:00,0.09127,0.0914,0.09106,0.09126,3275655.8
2026-04-26 00:00:00+00:00,0.09125,0.09135,0.09075,0.09089,2024576.8612434296
2026-04-26 01:00:00+00:00,0.09088,0.09091,0.09056,0.0906,1165788.32579553
2026-04-26 02:00:00+00:00,0.0906,0.09116,0.0906,0.09105,1541476.41826341
2026-04-26 03:00:00+00:00,0.09105,0.09151,0.09084,0.09135,1843248.64501692
2026-04-26 04:00:00+00:00,0.09134,0.09244,0.09132,0.09171,3076969.7817741623
2026-04-26 05:00:00+00:00,0.09173,0.09222,0.09169,0.09202,1765954.3321508998
2026-04-26 06:00:00+00:00,0.09203,0.09254,0.09199,0.09207,2806743.9109790004
2026-04-26 07:00:00+00:00,0.09208,0.0923,0.09196,0.09227,912631.38449139
2026-04-26 08:00:00+00:00,0.09228,0.09287,0.09202,0.09258,3487935.2320931926
2026-04-26 09:00:00+00:00,0.09258,0.09273,0.09246,0.09256,868614.3351822901
2026-04-26 10:00:00+00:00,0.09259,0.09274,0.09227,0.09258,2411396.0789960017
2026-04-26 11:00:00+00:00,0.0926,0.0929,0.09249,0.09283,1086253.5085503105
2026-04-26 12:00:00+00:00,0.09286,0.09301,0.09171,0.09214,3052089.8202707507
2026-04-26 13:00:00+00:00,0.09213,0.09233,0.09196,0.09232,2763404.80879025
2026-04-26 14:00:00+00:00,0.09233,0.09301,0.09223,0.09267,2348762.1793651
2026-04-26 15:00:00+00:00,0.09268,0.09302,0.0925,0.09296,2495087.24944524
2026-04-26 16:00:00+00:00,0.09296,0.09326,0.09278,0.09287,5895466.4937591525
2026-04-26 17:00:00+00:00,0.09287,0.09315,0.0927,0.09283,2876907.21240537
2026-04-26 18:00:00+00:00,0.09282,0.0931,0.09269,0.0929,3380313.0735259494
2026-04-26 19:00:00+00:00,0.09292,0.0932,0.0926,0.09262,2410363.0305718496
2026-04-26 20:00:00+00:00,0.09266,0.09274,0.0922,0.09232,2599313.231216411
2026-04-26 21:00:00+00:00,0.09232,0.09263,0.09189,0.09255,2707176.7347056707
2026-04-26 22:00:00+00:00,0.09253,0.09281,0.09211,0.09226,2288590.991248952
2026-04-26 23:00:00+00:00,0.09228,0.09264,0.0921,0.09235,2232044.1549133915
2026-04-27 00:00:00+00:00,0.0923,0.09274,0.09203,0.0926,2962817.3811507216
2026-04-27 01:00:00+00:00,0.09265,0.09309,0.09211,0.09302,2690795.931162761
2026-04-27 02:00:00+00:00,0.09304,0.09315,0.0927,0.09295,2342036.4600685206
2026-04-27 03:00:00+00:00,0.09294,0.09318,0.09265,0.09273,3048391.879315592
2026-04-27 04:00:00+00:00,0.09277,0.09283,0.09241,0.09255,1144427.1390945702
2026-04-27 05:00:00+00:00,0.09256,0.09261,0.0908,0.09098,5847487.755685123
2026-04-27 06:00:00+00:00,0.091,0.09112,0.09053,0.09087,1937329.1968300007
2026-04-27 07:00:00+00:00,0.09086,0.091,0.0907,0.0907,1073739.30709763
2026-04-27 08:00:00+00:00,0.09067,0.09094,0.09057,0.09094,947162.83257401
2026-04-27 09:00:00+00:00,0.09094,0.09127,0.0909,0.09093,948075.76346829
2026-04-27 10:00:00+00:00,0.09096,0.09105,0.09076,0.09076,687788.8330847
2026-04-27 11:00:00+00:00,0.09081,0.09094,0.09055,0.09093,2538051.518956613
2026-04-27 12:00:00+00:00,0.09096,0.09137,0.09083,0.09107,2530102.692859801
2026-04-27 13:00:00+00:00,0.09111,0.09128,0.09068,0.09092,3557355.31594328
2026-04-27 14:00:00+00:00,0.09091,0.09134,0.0908,0.09098,2098352.651586269
2026-04-27 15:00:00+00:00,0.09097,0.09101,0.08901,0.08917,17686435.19039694
2026-04-27 16:00:00+00:00,0.08916,0.08951,0.08905,0.08918,6839409.689417352
2026-04-27 17:00:00+00:00,0.08918,0.08959,0.08912,0.08947,10769168.288703738
2026-04-27 18:00:00+00:00,0.08946,0.08995,0.0894,0.08982,2414627.9158806102
2026-04-27 19:00:00+00:00,0.08982,0.0899,0.0892,0.08935,5774287.396489441
2026-04-27 20:00:00+00:00,0.08936,0.08951,0.0891,0.08914,4295257.745892161
2026-04-27 21:00:00+00:00,0.08911,0.08928,0.08906,0.08913,2781531.5748178307
2026-04-27 22:00:00+00:00,0.08915,0.08967,0.08902,0.08958,3033586.038014911
2026-04-27 23:00:00+00:00,0.08956,0.08987,0.08943,0.08973,4088485.393310993
2026-04-28 00:00:00+00:00,0.08971,0.08974,0.0893,0.08947,1259098.4455184503
2026-04-28 01:00:00+00:00,0.08945,0.08963,0.08933,0.08945,1540083.7591067215
2026-04-28 02:00:00+00:00,0.08943,0.08971,0.08886,0.08916,2272518.979159413
2026-04-28 03:00:00+00:00,0.08917,0.0892,0.08887,0.089,1582309.6763034705
2026-04-28 04:00:00+00:00,0.08898,0.08924,0.08892,0.08912,955626.37179614
2026-04-28 05:00:00+00:00,0.0891,0.08944,0.08901,0.08914,1396830.34351938
2026-04-28 06:00:00+00:00,0.08906,0.08935,0.08884,0.08902,2021885.5215569304
2026-04-28 07:00:00+00:00,0.08904,0.08929,0.08862,0.08918,2423343.396415152
2026-04-28 08:00:00+00:00,0.0892,0.08932,0.08894,0.08909,1311578.4411176902
2026-04-28 09:00:00+00:00,0.08911,0.08919,0.08871,0.08882,1049705.88461651
2026-04-28 10:00:00+00:00,0.08882,0.08912,0.08871,0.08904,2531399.785118491
2026-04-28 11:00:00+00:00,0.08905,0.08918,0.08864,0.08883,2398194.2775583304
2026-04-28 12:00:00+00:00,0.08884,0.08911,0.08847,0.08907,3950187.550881855
2026-04-28 13:00:00+00:00,0.08907,0.0892,0.08862,0.08898,2546513.7267935206
2026-04-28 14:00:00+00:00,0.08901,0.08901,0.08817,0.08865,2635158.4906034614
2026-04-28 15:00:00+00:00,0.08866,0.08929,0.08866,0.08925,1871859.9351523404
2026-04-28 16:00:00+00:00,0.08924,0.0894,0.0887,0.08891,3636077.972119732
2026-04-28 17:00:00+00:00,0.08888,0.08923,0.0887,0.08904,3354751.9875306827
2026-04-28 18:00:00+00:00,0.08903,0.08933,0.08903,0.08931,1525267.6909569104
2026-04-28 19:00:00+00:00,0.08929,0.0893,0.08896,0.08917,2890965.9729612926
2026-04-28 20:00:00+00:00,0.08921,0.08926,0.08899,0.08902,1356181.8550873403
2026-04-28 21:00:00+00:00,0.08906,0.08926,0.08885,0.08897,3262713.1234534704
2026-04-28 22:00:00+00:00,0.08895,0.08918,0.08881,0.08892,760968.1583341202
2026-04-28 23:00:00+00:00,0.0889,0.08897,0.08879,0.08897,922296.7662825304
2026-04-29 00:00:00+00:00,0.08891,0.08916,0.08885,0.08914,2338322.845095421
2026-04-29 01:00:00+00:00,0.0891,0.08926,0.08884,0.08921,1701561.4574533214
2026-04-29 02:00:00+00:00,0.08921,0.08942,0.08909,0.08928,2398413.030122861
2026-04-29 03:00:00+00:00,0.08929,0.08999,0.08929,0.08999,1888907.9449713305
2026-04-29 04:00:00+00:00,0.09,0.09042,0.08972,0.09027,1006656.3449658
2026-04-29 05:00:00+00:00,0.0903,0.09038,0.0901,0.09028,907341.85639337
2026-04-29 06:00:00+00:00,0.09029,0.09041,0.08984,0.08995,1073677.3019
2026-04-29 07:00:00+00:00,0.09,0.09016,0.08983,0.08991,2973924.774995301
2026-04-29 08:00:00+00:00,0.08993,0.09001,0.08974,0.08987,3132826.039677831
2026-04-29 09:00:00+00:00,0.08986,0.09075,0.08975,0.09068,1817210.0483222893
2026-04-29 10:00:00+00:00,0.09072,0.09103,0.09055,0.09069,3071964.903593921
2026-04-29 11:00:00+00:00,0.09064,0.09066,0.09014,0.0902,1697464.6603274513
2026-04-29 12:00:00+00:00,0.09022,0.09023,0.08941,0.08959,3365577.3914889614
2026-04-29 13:00:00+00:00,0.08957,0.08963,0.08892,0.08923,2387926.744165761
2026-04-29 14:00:00+00:00,0.08921,0.08926,0.0888,0.08886,1475869.7793989603
2026-04-29 15:00:00+00:00,0.08883,0.08904,0.08844,0.08857,4850225.504756354
2026-04-29 16:00:00+00:00,0.08857,0.08876,0.08796,0.08819,3087423.66838107
2026-04-29 17:00:00+00:00,0.08819,0.08883,0.08819,0.08883,1735880.1778747796
2026-04-29 18:00:00+00:00,0.08882,0.0889,0.087,0.08816,6086237.986339721
2026-04-29 19:00:00+00:00,0.08821,0.08821,0.0876,0.08786,5822921.939829744
2026-04-29 20:00:00+00:00,0.08788,0.08839,0.08782,0.08825,2150048.55638851
2026-04-29 21:00:00+00:00,0.08821,0.08892,0.08814,0.08855,3125881.362383801
2026-04-29 22:00:00+00:00,0.08855,0.08874,0.08846,0.08863,879691.4788642502
2026-04-29 23:00:00+00:00,0.08865,0.0887,0.0884,0.08866,1013110.20117564
2026-04-30 00:00:00+00:00,0.08864,0.08921,0.08848,0.08917,2058410.6283954007
2026-04-30 01:00:00+00:00,0.08916,0.0893,0.08891,0.08908,2394062.313743621
2026-04-30 02:00:00+00:00,0.08908,0.08918,0.0883,0.08843,1460748.1752871005
2026-04-30 03:00:00+00:00,0.08842,0.08854,0.0883,0.0884,2253693.8153445413
2026-04-30 04:00:00+00:00,0.08839,0.08844,0.08782,0.08788,2616985.362173891
2026-04-30 05:00:00+00:00,0.0879,0.08807,0.08763,0.08782,1023788.86570558
2026-04-30 06:00:00+00:00,0.08778,0.08819,0.08773,0.08811,974690.49120863
2026-04-30 07:00:00+00:00,0.08808,0.08845,0.08804,0.08845,767054.0213617
2026-04-30 08:00:00+00:00,0.0884,0.08859,0.08836,0.08841,904822.8032803596
2026-04-30 09:00:00+00:00,0.08838,0.08877,0.08829,0.08836,756067.9464632701
2026-04-30 10:00:00+00:00,0.0884,0.08851,0.0881,0.08818,1336824.07795316
2026-04-30 11:00:00+00:00,0.08819,0.0886,0.08796,0.08829,1676940.4363377502
2026-04-30 12:00:00+00:00,0.08831,0.08868,0.08823,0.08841,1151929.8151866402
2026-04-30 13:00:00+00:00,0.08839,0.08859,0.08817,0.08834,1290984.8652812704
2026-04-30 14:00:00+00:00,0.08833,0.08862,0.0881,0.08827,1306892.5425012095
2026-04-30 15:00:00+00:00,0.08827,0.08844,0.08776,0.08812,2313426.0830833404
2026-04-30 16:00:00+00:00,0.08812,0.08823,0.08778,0.08791,1460585.9900232798
2026-04-30 17:00:00+00:00,0.0879,0.08813,0.0878,0.08804,2387256.272432521
2026-04-30 18:00:00+00:00,0.08802,0.08824,0.08788,0.08788,1432643.0351008796
2026-04-30 19:00:00+00:00,0.08787,0.08807,0.08745,0.08757,6378358.557640878
2026-04-30 20:00:00+00:00,0.08759,0.08785,0.08736,0.08769,1636501.70350998
2026-04-30 21:00:00+00:00,0.08767,0.08778,0.08731,0.08732,1937241.70950872
2026-04-30 22:00:00+00:00,0.08736,0.08761,0.0873,0.08739,1670430.8341510296
2026-04-30 23:00:00+00:00,0.08738,0.08742,0.08725,0.08731,1136520.23430315
2026-05-01 00:00:00+00:00,0.08735,0.08786,0.08734,0.08757,1150082.6421688795
2026-05-01 01:00:00+00:00,0.08756,0.08776,0.08734,0.08764,1886658.5610790404
2026-05-01 02:00:00+00:00,0.08765,0.08771,0.08738,0.08755,1240129.55491311
2026-05-01 03:00:00+00:00,0.08754,0.08836,0.08746,0.08802,2201924.0623074207
2026-05-01 04:00:00+00:00,0.08804,0.08826,0.08791,0.08808,1117251.2947651297
2026-05-01 05:00:00+00:00,0.0881,0.08828,0.08803,0.08815,412455.9565401601
2026-05-01 06:00:00+00:00,0.08815,0.08819,0.08777,0.08788,1136193.7683732295
2026-05-01 07:00:00+00:00,0.0879,0.08792,0.08765,0.08789,1176014.8504010912
2026-05-01 08:00:00+00:00,0.08793,0.08817,0.0878,0.08809,743702.44777719
2026-05-01 09:00:00+00:00,0.08808,0.08809,0.08763,0.08777,588748.7432050301
2026-05-01 10:00:00+00:00,0.08778,0.08802,0.08752,0.08782,1384937.38387536
2026-05-01 11:00:00+00:00,0.08782,0.08796,0.08752,0.08769,1078596.5718675302
2026-05-01 12:00:00+00:00,0.0877,0.08831,0.08762,0.08801,4864712.5136825
2026-05-01 13:00:00+00:00,0.08803,0.0886,0.08802,0.08847,2521706.132972389
2026-05-01 14:00:00+00:00,0.08847,0.08865,0.08812,0.08831,2912837.0396153103
2026-05-01 15:00:00+00:00,0.0883,0.0885,0.08783,0.08827,2777573.9373721005
2026-05-01 16:00:00+00:00,0.08828,0.08842,0.08791,0.08794,3423999.109910031
2026-05-01 17:00:00+00:00,0.08791,0.08815,0.08782,0.088,2164683.4340973105
2026-05-01 18:00:00+00:00,0.08799,0.08811,0.08789,0.08798,1893400.97663956
2026-05-01 19:00:00+00:00,0.08799,0.0881,0.08789,0.08794,1242717.0154257498
2026-05-01 20:00:00+00:00,0.08794,0.088,0.08769,0.08782,2538788.2224893924
2026-05-01 21:00:00+00:00,0.08784,0.08802,0.08768,0.08798,1732990.619567
2026-05-01 22:00:00+00:00,0.08799,0.08857,0.08797,0.08825,1977828.1091661705
2026-05-01 23:00:00+00:00,0.08822,0.08836,0.08789,0.08813,2090891.6698981207
2026-05-02 00:00:00+00:00,0.08818,0.08833,0.08808,0.08827,1952788.7026770704
2026-05-02 01:00:00+00:00,0.08828,0.08841,0.08815,0.08816,3056739.158863862
2026-05-02 02:00:00+00:00,0.08816,0.08823,0.088,0.08808,1128812.5485663805
2026-05-02 03:00:00+00:00,0.08807,0.08824,0.08789,0.08804,1660744.2501863302
2026-05-02 04:00:00+00:00,0.08806,0.08812,0.08774,0.08782,1195809.6087355395
2026-05-02 05:00:00+00:00,0.08786,0.08791,0.08759,0.08772,477462.6558068
2026-05-02 06:00:00+00:00,0.0877,0.08803,0.08769,0.08801,443419.37447246
2026-05-02 07:00:00+00:00,0.08803,0.08803,0.08776,0.08778,370384.0471497699
2026-05-02 08:00:00+00:00,0.08776,0.08788,0.08765,0.08781,674571.1674300098
2026-05-02 09:00:00+00:00,0.08782,0.08811,0.08782,0.08794,552684.964882
2026-05-02 10:00:00+00:00,0.08798,0.08805,0.08788,0.08788,452799.49209729
2026-05-02 11:00:00+00:00,0.08787,0.08787,0.08769,0.08778,891567.7246495101
2026-05-02 12:00:00+00:00,0.08779,0.08798,0.0877,0.08775,760139.2402027901
2026-05-02 13:00:00+00:00,0.08774,0.0883,0.08774,0.0882,852001.98390687
2026-05-02 14:00:00+00:00,0.08822,0.08832,0.08805,0.08823,901303.8017941696
2026-05-02 15:00:00+00:00,0.08823,0.08848,0.08809,0.08848,1998559.3343209808
2026-05-02 16:00:00+00:00,0.08848,0.08859,0.0883,0.0885,1178072.38509164
2026-05-02 17:00:00+00:00,0.08847,0.08853,0.08814,0.08819,669221.2704350804
2026-05-02 18:00:00+00:00,0.08819,0.08849,0.08795,0.08842,988756.2937034206
2026-05-02 19:00:00+00:00,0.08843,0.08873,0.08833,0.08869,969280.18342353
2026-05-02 20:00:00+00:00,0.08873,0.08879,0.08856,0.0887,1142448.77939188
2026-05-02 21:00:00+00:00,0.0887,0.08913,0.08853,0.08882,1343471.23667703
2026-05-02 22:00:00+00:00,0.08882,0.08897,0.08859,0.08877,1150524.44908453
2026-05-02 23:00:00+00:00,0.08874,0.08879,0.08855,0.08856,869058.74968422
2026-05-03 00:00:00+00:00,0.08859,0.08871,0.08822,0.08846,2389165.04387657
2026-05-03 01:00:00+00:00,0.08846,0.08846,0.08781,0.08792,2107941.36166472
2026-05-03 02:00:00+00:00,0.08792,0.088,0.08768,0.08779,1096797.1353270195
2026-05-03 03:00:00+00:00,0.08778,0.08797,0.08771,0.08781,1134903.13173982
2026-05-03 04:00:00+00:00,0.0878,0.08808,0.08773,0.08793,790562.68462481
2026-05-03 05:00:00+00:00,0.08793,0.08803,0.08779,0.08785,558250.4511194
2026-05-03 06:00:00+00:00,0.08789,0.08808,0.08767,0.08794,315892.2246757001
2026-05-03 07:00:00+00:00,0.08796,0.08816,0.08786,0.08786,490116.5276318999
2026-05-03 08:00:00+00:00,0.0879,0.088,0.08774,0.08779,315032.80065
2026-05-03 09:00:00+00:00,0.08781,0.08812,0.08773,0.08794,791153.4629174998
2026-05-03 10:00:00+00:00,0.08794,0.08795,0.08769,0.08771,552795.45306262
2026-05-03 11:00:00+00:00,0.0877,0.08837,0.08745,0.08811,1228210.1660171603
2026-05-03 12:00:00+00:00,0.08815,0.08837,0.08797,0.08809,1264844.16312672
2026-05-03 13:00:00+00:00,0.08809,0.08819,0.08783,0.08786,1929357.2577915303
2026-05-03 14:00:00+00:00,0.08788,0.08833,0.08775,0.08814,1709989.3002836602
2026-05-03 15:00:00+00:00,0.08813,0.08834,0.08808,0.0882,1077710.22841662
2026-05-03 16:00:00+00:00,0.08821,0.08828,0.08788,0.0881,1678973.0348990394
2026-05-03 17:00:00+00:00,0.08809,0.0882,0.08786,0.08805,1453750.6907984202
2026-05-03 18:00:00+00:00,0.08805,0.08814,0.0879,0.08793,786692.0585132801
2026-05-03 19:00:00+00:00,0.08796,0.0882,0.08784,0.08809,872574.3699407402
2026-05-03 20:00:00+00:00,0.08813,0.08843,0.08797,0.08803,1358759.8040029
2026-05-03 21:00:00+00:00,0.08805,0.08827,0.08765,0.08783,1208636.83367517
2026-05-03 22:00:00+00:00,0.08789,0.08849,0.08786,0.0881,1792569.7056150003
2026-05-03 23:00:00+00:00,0.0881,0.08824,0.08766,0.08771,1175422.8155712904
2026-05-04 00:00:00+00:00,0.08768,0.08805,0.08721,0.08793,2459512.4532332206
2026-05-04 01:00:00+00:00,0.08797,0.08859,0.08753,0.08852,5736411.968429363
2026-05-04 02:00:00+00:00,0.0885,0.08927,0.0885,0.08907,7383417.790393026
2026-05-04 03:00:00+00:00,0.08902,0.08917,0.08858,0.08912,5197557.005099293
2026-05-04 04:00:00+00:00,0.08914,0.08955,0.08914,0.08936,2308497.60640599
2026-05-04 05:00:00+00:00,0.08939,0.08949,0.08899,0.08939,2315831.8062514206
2026-05-04 06:00:00+00:00,0.08939,0.08961,0.08889,0.08938,6255495.867671233
2026-05-04 07:00:00+00:00,0.08937,0.08951,0.08897,0.08903,936033.1571443098
2026-05-04 08:00:00+00:00,0.089,0.08909,0.08879,0.08902,1147175.8785529102
2026-05-04 09:00:00+00:00,0.08901,0.08947,0.08895,0.08929,1162628.1166923498
2026-05-04 10:00:00+00:00,0.08931,0.08935,0.0874,0.08781,6040429.482444023
2026-05-04 11:00:00+00:00,0.0878,0.088,0.08767,0.08779,1772363.3921981908
2026-05-04 12:00:00+00:00,0.08781,0.08819,0.08769,0.08782,1933759.50457893
2026-05-04 13:00:00+00:00,0.08781,0.08831,0.08751,0.08799,2457659.24493572
2026-05-04 14:00:00+00:00,0.088,0.08896,0.08769,0.08871,4129147.2484872025
2026-05-04 15:00:00+00:00,0.08872,0.08879,0.08764,0.08803,4129095.395007692
2026-05-04 16:00:00+00:00,0.08803,0.08821,0.08757,0.08785,3072201.1505842097
2026-05-04 17:00:00+00:00,0.08784,0.08848,0.08782,0.08834,3668807.819738971
2026-05-04 18:00:00+00:00,0.08833,0.08846,0.08804,0.08816,2599204.765625781
2026-05-04 19:00:00+00:00,0.08813,0.08815,0.08777,0.08794,2376002.12833222
2026-05-04 20:00:00+00:00,0.08795,0.08797,0.0874,0.08757,5065724.554596302
2026-05-04 21:00:00+00:00,0.08758,0.08821,0.08753,0.08807,4419133.802964091
2026-05-04 22:00:00+00:00,0.08806,0.08822,0.08747,0.0875,5938337.952128291
2026-05-04 23:00:00+00:00,0.08754,0.08772,0.08729,0.08771,2889589.872006401
2026-05-05 00:00:00+00:00,0.08775,0.08802,0.08769,0.08797,3934419.752746393
2026-05-05 01:00:00+00:00,0.08796,0.08825,0.08785,0.08798,2175419.087713289
2026-05-05 02:00:00+00:00,0.08797,0.08867,0.08793,0.08829,2881979.269499762
2026-05-05 03:00:00+00:00,0.0883,0.08858,0.08811,0.08846,2873111.3099908014
2026-05-05 04:00:00+00:00,0.08845,0.08857,0.08821,0.08829,1203810.9221204
2026-05-05 05:00:00+00:00,0.0883,0.08861,0.0882,0.08852,1686991.0471567106
2026-05-05 06:00:00+00:00,0.08855,0.08861,0.08821,0.08857,1475619.4772601305
2026-05-05 07:00:00+00:00,0.08863,0.08898,0.08853,0.08875,3699346.2305752127
2026-05-05 08:00:00+00:00,0.08878,0.08924,0.08874,0.08915,1320006.2792162602
2026-05-05 09:00:00+00:00,0.08916,0.0893,0.08891,0.08919,929180.78569056
2026-05-05 10:00:00+00:00,0.08918,0.0898,0.08903,0.08959,3002810.330743623
2026-05-05 11:00:00+00:00,0.08959,0.08961,0.08917,0.08953,1900193.5158025103
2026-05-05 12:00:00+00:00,0.08954,0.09042,0.08942,0.09031,5564915.080085583
2026-05-05 13:00:00+00:00,0.09036,0.09096,0.09033,0.09063,6124204.766981523
2026-05-05 14:00:00+00:00,0.09069,0.09096,0.08981,0.09036,8578889.140347615
2026-05-05 15:00:00+00:00,0.09038,0.09046,0.08946,0.0898,7609425.200610533
2026-05-05 16:00:00+00:00,0.08982,0.09028,0.08929,0.08957,3523811.6372588505
2026-05-05 17:00:00+00:00,0.08958,0.08999,0.08939,0.0899,1578055.0106642607
2026-05-05 18:00:00+00:00,0.08988,0.09052,0.08986,0.09025,4946068.922035825
2026-05-05 19:00:00+00:00,0.09026,0.0905,0.09018,0.09038,2063627.35933617
2026-05-05 20:00:00+00:00,0.09043,0.09083,0.0904,0.09073,2658105.1729263715
2026-05-05 21:00:00+00:00,0.09077,0.09095,0.09047,0.09081,3567444.364593473
2026-05-05 22:00:00+00:00,0.09084,0.09111,0.09012,0.09044,6795939.293471864
2026-05-05 23:00:00+00:00,0.09044,0.09062,0.0901,0.09035,2207065.119494851
2026-05-06 00:00:00+00:00,0.09028,0.09068,0.09019,0.09056,2270001.55475487
2026-05-06 01:00:00+00:00,0.09056,0.09114,0.09045,0.09091,1682186.2618859003
2026-05-06 02:00:00+00:00,0.09091,0.09091,0.0903,0.09085,1670039.5313077203
2026-05-06 03:00:00+00:00,0.09085,0.0915,0.09077,0.09132,4882709.875943712
2026-05-06 04:00:00+00:00,0.09133,0.09141,0.0908,0.09097,1767953.8312512292
2026-05-06 05:00:00+00:00,0.09096,0.09119,0.09054,0.09117,2145984.07285208
2026-05-06 06:00:00+00:00,0.09117,0.09136,0.09092,0.09131,1757632.25228169
2026-05-06 07:00:00+00:00,0.0913,0.09151,0.09116,0.09128,1500542.13002497
2026-05-06 08:00:00+00:00,0.09128,0.09249,0.09126,0.09242,4059591.297976512
2026-05-06 09:00:00+00:00,0.09241,0.09262,0.09206,0.09257,3026379.5206217202
2026-05-06 10:00:00+00:00,0.09259,0.09285,0.09246,0.09254,2899267.686479221
2026-05-06 11:00:00+00:00,0.0926,0.09298,0.09217,0.09296,6532219.309019944
2026-05-06 12:00:00+00:00,0.09298,0.09319,0.09243,0.09253,4059462.8831451545
2026-05-06 13:00:00+00:00,0.09251,0.09251,0.0909,0.09127,5626240.402065273
2026-05-06 14:00:00+00:00,0.09125,0.0914,0.0903,0.09106,4117197.890927282
2026-05-06 15:00:00+00:00,0.09104,0.09195,0.09097,0.09177,4980056.6729111625
2026-05-06 16:00:00+00:00,0.09176,0.09211,0.09148,0.09177,6390442.36869985
2026-05-06 17:00:00+00:00,0.09178,0.09187,0.09119,0.09138,2674897.839685441
2026-05-06 18:00:00+00:00,0.0914,0.09165,0.0912,0.09138,2111622.5932091298
2026-05-06 19:00:00+00:00,0.09135,0.0917,0.09122,0.09165,1440536.9460275902
2026-05-06 20:00:00+00:00,0.09168,0.09197,0.09086,0.09117,4042933.53924589
2026-05-06 21:00:00+00:00,0.09119,0.09183,0.09106,0.09168,3822378.5216635317
2026-05-06 22:00:00+00:00,0.09168,0.09169,0.09093,0.09109,2553418.538785582
2026-05-06 23:00:00+00:00,0.09107,0.09141,0.09069,0.09137,3779326.7545044934
