Datetime,Open,High,Low,Close,Volume
2025-12-21 21:00:00+00:00,12.331,12.379,12.282,12.295,91080.03293733996
2025-12-21 22:00:00+00:00,12.295,12.387,12.28,12.38558,38492.78012681
2025-12-21 23:00:00+00:00,12.383,12.49,12.379,12.433,58950.14268693999
2025-12-22 00:00:00+00:00,12.433,12.71,12.431,12.5,138884.78427104006
2025-12-22 01:00:00+00:00,12.496,12.65,12.49,12.50162,109717.71076226
2025-12-22 02:00:00+00:00,12.50162,12.518,12.32815,12.48434,54326.34968130003
2025-12-22 03:00:00+00:00,12.4843,12.587,12.414,12.544,44670.66435966
2025-12-22 04:00:00+00:00,12.54117,12.65,12.533,12.609,69000.44519043001
2025-12-22 05:00:00+00:00,12.61053,12.62121,12.537,12.539,45118.46331204
2025-12-22 06:00:00+00:00,12.54,12.587,12.493,12.514,61075.60793029001
2025-12-22 07:00:00+00:00,12.512,12.594,12.505,12.578,41157.75037896
2025-12-22 08:00:00+00:00,12.587,12.74,12.552,12.602,87781.67623079999
2025-12-22 09:00:00+00:00,12.608,12.675,12.581,12.669,21546.87091143
2025-12-22 10:00:00+00:00,12.672,12.706,12.627,12.644,30714.89025094
2025-12-22 11:00:00+00:00,12.633,12.729,12.604,12.69242,36519.89576628
2025-12-22 12:00:00+00:00,12.69102,12.836,12.66163,12.717,192380.00546977983
2025-12-22 13:00:00+00:00,12.717,12.742,12.666,12.705,80556.55198621
2025-12-22 14:00:00+00:00,12.705,12.828,12.632,12.813,214455.7067721401
2025-12-22 15:00:00+00:00,12.81133,12.95514,12.663,12.80286,279426.59357292
2025-12-22 16:00:00+00:00,12.80286,12.858,12.706,12.728,146265.40124935002
2025-12-22 17:00:00+00:00,12.729,12.767,12.649,12.709,82959.21281198
2025-12-22 18:00:00+00:00,12.71054,12.744,12.63767,12.661,94267.15826708998
2025-12-22 19:00:00+00:00,12.661,12.66934,12.42,12.442,143247.40611381005
2025-12-22 20:00:00+00:00,12.44688,12.5,12.351,12.46,376419.1762899
2025-12-22 21:00:00+00:00,12.46,12.562,12.432,12.476,84025.57221140998
2025-12-22 22:00:00+00:00,12.474,12.668,12.449,12.607,109917.68313171004
2025-12-22 23:00:00+00:00,12.607,12.622,12.55,12.579,77077.77710144
2025-12-23 00:00:00+00:00,12.579,12.692,12.5604,12.65127,60079.77070827999
2025-12-23 01:00:00+00:00,12.648,12.67,12.587,12.609,29442.890689160005
2025-12-23 02:00:00+00:00,12.607,12.676,12.507,12.514,88933.78110966003
2025-12-23 03:00:00+00:00,12.5173,12.538,12.42999,12.491,109605.98027815996
2025-12-23 04:00:00+00:00,12.49,12.523,12.40844,12.42,51902.609896440015
2025-12-23 05:00:00+00:00,12.419,12.431,12.316,12.371,64503.33894017
2025-12-23 06:00:00+00:00,12.37452,12.385,12.221,12.313,107687.88190106004
2025-12-23 07:00:00+00:00,12.313,12.369,12.29748,12.325,41316.59009360002
2025-12-23 08:00:00+00:00,12.326,12.374,12.269,12.29,53977.17821238997
2025-12-23 09:00:00+00:00,12.29,12.333,12.264,12.276,24706.35401536
2025-12-23 10:00:00+00:00,12.277,12.36,12.274,12.329,19742.72810675
2025-12-23 11:00:00+00:00,12.325,12.397,12.318,12.361,37567.86206812
2025-12-23 12:00:00+00:00,12.36,12.36,12.262,12.284,33520.79265951
2025-12-23 13:00:00+00:00,12.28219,12.316,12.134,12.213,113292.11789942006
2025-12-23 14:00:00+00:00,12.209,12.26,12.067,12.183,218831.27351030995
2025-12-23 15:00:00+00:00,12.176,12.298,12.139,12.276,122618.36260671
2025-12-23 16:00:00+00:00,12.27768,12.434,12.251,12.39,134056.65693418006
2025-12-23 17:00:00+00:00,12.391,12.446,12.232,12.24,144138.43117622
2025-12-23 18:00:00+00:00,12.239,12.437,12.229,12.403,116811.96764438
2025-12-23 19:00:00+00:00,12.404,12.437,12.33,12.353,46787.81300061999
2025-12-23 20:00:00+00:00,12.3572,12.51256,12.319,12.415,111855.75066814
2025-12-23 21:00:00+00:00,12.416,12.434,12.387,12.415,55417.33469822
2025-12-23 22:00:00+00:00,12.41181,12.438,12.319,12.357,68253.98642223002
2025-12-23 23:00:00+00:00,12.355,12.406,12.318,12.39064,45853.80351059
2025-12-24 00:00:00+00:00,12.391,12.416,12.354,12.388,38999.03296517
2025-12-24 01:00:00+00:00,12.39,12.429,12.327,12.361,27452.68934033001
2025-12-24 02:00:00+00:00,12.36,12.36433,12.17,12.215,81884.64139343999
2025-12-24 03:00:00+00:00,12.2169,12.276,12.163,12.26,36400.21432688999
2025-12-24 04:00:00+00:00,12.259,12.316,12.195,12.196,28021.42572302001
2025-12-24 05:00:00+00:00,12.196,12.227,12.115,12.145,55442.06083406
2025-12-24 06:00:00+00:00,12.14913,12.201,12.10956,12.175,41819.26928511999
2025-12-24 07:00:00+00:00,12.176,12.246,12.169,12.178,35078.07810996
2025-12-24 08:00:00+00:00,12.179,12.198,12.118,12.159,46362.988516029975
2025-12-24 09:00:00+00:00,12.159,12.211,12.145,12.154,29532.31754186
2025-12-24 10:00:00+00:00,12.153,12.219,12.151,12.168,22417.293116990004
2025-12-24 11:00:00+00:00,12.17,12.249,12.17,12.216,40532.895485280016
2025-12-24 12:00:00+00:00,12.215,12.269,12.206,12.257,38710.022552290015
2025-12-24 13:00:00+00:00,12.256,12.256,12.139,12.163,59876.96528316999
2025-12-24 14:00:00+00:00,12.166,12.216,12.002,12.099,143033.97672355006
2025-12-24 15:00:00+00:00,12.1,12.19,12.044,12.175,92519.65971727
2025-12-24 16:00:00+00:00,12.17358,12.269,12.124,12.196,97568.43894257996
2025-12-24 17:00:00+00:00,12.197,12.222,12.128,12.134,102164.29087679998
2025-12-24 18:00:00+00:00,12.131,12.213,12.115,12.196,55977.42339629001
2025-12-24 19:00:00+00:00,12.197,12.256,12.167,12.238,43040.08972774001
2025-12-24 20:00:00+00:00,12.24063,12.274,12.21589,12.222,60146.49615171001
2025-12-24 21:00:00+00:00,12.223,12.302,12.223,12.279,42063.352149940016
2025-12-24 22:00:00+00:00,12.28,12.371,12.273,12.353,74626.36391189999
2025-12-24 23:00:00+00:00,12.353,12.365,12.245,12.265,72975.32916626002
2025-12-25 00:00:00+00:00,12.264,12.284,12.221,12.226,20432.00036414
2025-12-25 01:00:00+00:00,12.22796,12.307,12.22,12.274,39911.82272141998
2025-12-25 02:00:00+00:00,12.275,12.367,12.247,12.344,21855.95159511
2025-12-25 03:00:00+00:00,12.34138,12.345,12.298,12.323,22586.61454924
2025-12-25 04:00:00+00:00,12.324,12.347,12.314,12.328,12032.82962283
2025-12-25 05:00:00+00:00,12.328,12.328,12.279,12.301,13406.989816989995
2025-12-25 06:00:00+00:00,12.30124,12.336,12.28995,12.315,18114.428545410006
2025-12-25 07:00:00+00:00,12.31566,12.317,12.273,12.30083,10326.198193289998
2025-12-25 08:00:00+00:00,12.3,12.355,12.226,12.257,20920.58341829
2025-12-25 09:00:00+00:00,12.25467,12.266,12.20384,12.21,33448.69534527
2025-12-25 10:00:00+00:00,12.209,12.213,12.105,12.14,52418.87885749997
2025-12-25 11:00:00+00:00,12.136,12.203,12.136,12.186,17410.395881119995
2025-12-25 12:00:00+00:00,12.185,12.238,12.171,12.229,28981.42325224
2025-12-25 13:00:00+00:00,12.23251,12.278,12.186,12.247,49476.17739034001
2025-12-25 14:00:00+00:00,12.244,12.269,12.19,12.228,34815.26423355999
2025-12-25 15:00:00+00:00,12.2288,12.428,12.20277,12.363,146461.3651739099
2025-12-25 16:00:00+00:00,12.36727,12.435,12.299,12.31269,83048.49650485997
2025-12-25 17:00:00+00:00,12.311,12.325,12.26,12.303,26855.494561170013
2025-12-25 18:00:00+00:00,12.303,12.387,12.303,12.355,42402.20215553
2025-12-25 19:00:00+00:00,12.354,12.381,12.324,12.375,41312.934500860014
2025-12-25 20:00:00+00:00,12.37663,12.387,12.317,12.33078,30331.806184230005
2025-12-25 21:00:00+00:00,12.328,12.342,12.296,12.307,12914.006279439998
2025-12-25 22:00:00+00:00,12.308,12.311,12.06219,12.132,60026.97075382002
2025-12-25 23:00:00+00:00,12.129,12.185,11.973,12.059,183483.23569998995
2025-12-26 00:00:00+00:00,12.058,12.115,12.017,12.115,70531.97819231999
2025-12-26 01:00:00+00:00,12.107,12.185,12.095,12.173,39289.41458131001
2025-12-26 02:00:00+00:00,12.171,12.528,12.162,12.378,253400.06939551
2025-12-26 03:00:00+00:00,12.37918,12.417,12.321,12.377,68678.33189885998
2025-12-26 04:00:00+00:00,12.378,12.452,12.30615,12.421,62332.49976056
2025-12-26 05:00:00+00:00,12.42422,12.442,12.36722,12.424,39091.35841970001
2025-12-26 06:00:00+00:00,12.426,12.459,12.39,12.41,49941.302720460015
2025-12-26 07:00:00+00:00,12.41229,12.475,12.313,12.337,66176.43500027001
2025-12-26 08:00:00+00:00,12.337,12.407,12.331,12.38,28862.938892800008
2025-12-26 09:00:00+00:00,12.37976,12.451,12.362,12.42535,35076.727941850004
2025-12-26 10:00:00+00:00,12.428,12.451,12.412,12.44302,13455.646988789997
2025-12-26 11:00:00+00:00,12.44299,12.44299,12.399,12.407,10244.87774822
2025-12-26 12:00:00+00:00,12.407,12.45201,12.401,12.44,20907.72263647
2025-12-26 13:00:00+00:00,12.44225,12.483,12.422,12.457,22978.469966040004
2025-12-26 14:00:00+00:00,12.459,12.498,12.106,12.14843,151109.53418047004
2025-12-26 15:00:00+00:00,12.14,12.214,12.045,12.167,199132.49191607005
2025-12-26 16:00:00+00:00,12.16875,12.222,12.111,12.121,93895.82937436
2025-12-26 17:00:00+00:00,12.122,12.262,12.122,12.187,87460.00531944002
2025-12-26 18:00:00+00:00,12.187,12.214,12.148,12.161,43772.15124588999
2025-12-26 19:00:00+00:00,12.161,12.2239,12.122,12.184,80930.78983739002
2025-12-26 20:00:00+00:00,12.18671,12.244,12.152,12.201,62272.55518375
2025-12-26 21:00:00+00:00,12.204,12.243,12.165,12.177,32904.70035244998
2025-12-26 22:00:00+00:00,12.174,12.219,12.143,12.189,35362.41428633999
2025-12-26 23:00:00+00:00,12.188,12.218,12.157,12.174,38206.91240939
2025-12-27 00:00:00+00:00,12.175,12.199,12.164,12.193,18652.719589080007
2025-12-27 01:00:00+00:00,12.193,12.217,12.156,12.217,71534.89724787
2025-12-27 02:00:00+00:00,12.216,12.255,12.19,12.216,36120.59018767
2025-12-27 03:00:00+00:00,12.2169,12.258,12.202,12.238,78411.71038193999
2025-12-27 04:00:00+00:00,12.238,12.243,12.17,12.173,34160.78684661
2025-12-27 05:00:00+00:00,12.174,12.239,12.173,12.22,61832.63035596004
2025-12-27 06:00:00+00:00,12.21316,12.234,12.194,12.212,17373.510022619997
2025-12-27 07:00:00+00:00,12.215,12.287,12.215,12.247,22075.19790814001
2025-12-27 08:00:00+00:00,12.24913,12.304,12.234,12.236,22387.43683750001
2025-12-27 09:00:00+00:00,12.235,12.259,12.222,12.248,14232.86966639
2025-12-27 10:00:00+00:00,12.248,12.267,12.161,12.204,15779.611899070002
2025-12-27 11:00:00+00:00,12.205,12.282,12.205,12.259,14468.768943770005
2025-12-27 12:00:00+00:00,12.261,12.298,12.24,12.248,20260.110033850004
2025-12-27 13:00:00+00:00,12.25182,12.291,12.225,12.25801,54751.20248526
2025-12-27 14:00:00+00:00,12.25801,12.314,12.245,12.289,42112.63979426001
2025-12-27 15:00:00+00:00,12.29,12.356,12.278,12.308,68042.78286967005
2025-12-27 16:00:00+00:00,12.30998,12.355,12.274,12.28,47938.23203760999
2025-12-27 17:00:00+00:00,12.279,12.31,12.25,12.29,67419.74481117999
2025-12-27 18:00:00+00:00,12.29482,12.325,12.264,12.297,23701.82847344999
2025-12-27 19:00:00+00:00,12.296,12.346,12.293,12.326,28437.528752980008
2025-12-27 20:00:00+00:00,12.32812,12.38,12.304,12.307,48768.52113327002
2025-12-27 21:00:00+00:00,12.307,12.408,12.298,12.388,48537.94735246
2025-12-27 22:00:00+00:00,12.39,12.5,12.34,12.369,47487.414358859976
2025-12-27 23:00:00+00:00,12.369,12.534,12.369,12.502,71244.47658234005
2025-12-28 00:00:00+00:00,12.501,12.556,12.463,12.482,68344.94599490998
2025-12-28 01:00:00+00:00,12.482,12.52,12.438,12.44926,44309.219632240005
2025-12-28 02:00:00+00:00,12.446,12.524,12.441,12.465,94400.78651163985
2025-12-28 03:00:00+00:00,12.47079,12.519,12.412,12.485,169959.13971139994
2025-12-28 04:00:00+00:00,12.483,12.512,12.467,12.473,31074.81288471999
2025-12-28 05:00:00+00:00,12.473,12.49,12.422,12.437,43545.94082940002
2025-12-28 06:00:00+00:00,12.43694,12.485,12.424,12.445,22960.42297581
2025-12-28 07:00:00+00:00,12.442,12.482,12.4066,12.417,19852.581028199995
2025-12-28 08:00:00+00:00,12.417,12.474,12.411,12.426,32701.77429236
2025-12-28 09:00:00+00:00,12.428,12.447,12.363,12.395,22333.9832085
2025-12-28 10:00:00+00:00,12.394,12.49,12.3919,12.479,37014.50452961
2025-12-28 11:00:00+00:00,12.47958,12.509,12.403,12.433,26558.31570671
2025-12-28 12:00:00+00:00,12.434,12.496,12.425,12.452,55187.14308526001
2025-12-28 13:00:00+00:00,12.452,12.501,12.428,12.444,34375.12827540999
2025-12-28 14:00:00+00:00,12.444,12.516,12.442,12.495,35013.92268488001
2025-12-28 15:00:00+00:00,12.496,12.563,12.473,12.512,33092.35953497999
2025-12-28 16:00:00+00:00,12.51562,12.6,12.48,12.498,44379.470497290014
2025-12-28 17:00:00+00:00,12.496,12.557,12.466,12.471,96856.63408451996
2025-12-28 18:00:00+00:00,12.47494,12.4805,12.339,12.35734,107354.67620200005
2025-12-28 19:00:00+00:00,12.352,12.406,12.322,12.344,52093.00367104001
2025-12-28 20:00:00+00:00,12.34407,12.378,12.31433,12.338,52083.04874666
2025-12-28 21:00:00+00:00,12.336,12.38,12.308,12.35153,42545.40812254998
2025-12-28 22:00:00+00:00,12.377,12.481,12.338,12.446,39562.69079199001
2025-12-28 23:00:00+00:00,12.446,12.489,12.383,12.483,38352.49162826001
2025-12-29 00:00:00+00:00,12.484,12.647,12.452,12.558,86841.89916692002
2025-12-29 01:00:00+00:00,12.555,12.665,12.456,12.614,87759.22420528004
2025-12-29 02:00:00+00:00,12.615,12.8,12.615,12.745,150756.42258150002
2025-12-29 03:00:00+00:00,12.745,12.984,12.732,12.92,157701.74416118
2025-12-29 04:00:00+00:00,12.922,13.016,12.889,12.924,140402.20218155
2025-12-29 05:00:00+00:00,12.92406,12.943,12.877,12.89,79873.2238572
2025-12-29 06:00:00+00:00,12.89034,12.907,12.778,12.809,57449.05843564
2025-12-29 07:00:00+00:00,12.8103,12.831,12.715,12.77791,53784.67581244001
2025-12-29 08:00:00+00:00,12.779,12.836,12.713,12.727,40769.715575900016
2025-12-29 09:00:00+00:00,12.73135,12.741,12.458,12.522,93770.48818634
2025-12-29 10:00:00+00:00,12.521,12.613,12.505,12.549,58962.30149776
2025-12-29 11:00:00+00:00,12.548,12.553,12.49,12.491,43013.85311232
2025-12-29 12:00:00+00:00,12.51,12.51,12.232,12.364,250516.79669540995
2025-12-29 13:00:00+00:00,12.363,12.398,12.264,12.29351,67021.93651396001
2025-12-29 14:00:00+00:00,12.295,12.485,12.259,12.36014,101519.27278099
2025-12-29 15:00:00+00:00,12.36076,12.493,12.344,12.388,78256.22847810005
2025-12-29 16:00:00+00:00,12.38792,12.446,12.334,12.387,68308.51079504003
2025-12-29 17:00:00+00:00,12.387,12.449,12.342,12.412,50874.14801234
2025-12-29 18:00:00+00:00,12.4131,12.432,12.26399,12.28,62863.21870434999
2025-12-29 19:00:00+00:00,12.282,12.358,12.263,12.292,87179.17021561998
2025-12-29 20:00:00+00:00,12.29001,12.337,12.244,12.267,74103.0267389
2025-12-29 21:00:00+00:00,12.266,12.31924,12.255,12.305,58605.55189586999
2025-12-29 22:00:00+00:00,12.304,12.346,12.277,12.31,26126.14712315
2025-12-29 23:00:00+00:00,12.312,12.347,12.27001,12.288,45774.67009651
2025-12-30 00:00:00+00:00,12.287,12.317,12.248,12.302,35698.93088335999
2025-12-30 01:00:00+00:00,12.303,12.36407,12.27761,12.342,26140.48742835
2025-12-30 02:00:00+00:00,12.342,12.36,12.256,12.281,35526.051724870005
2025-12-30 03:00:00+00:00,12.28092,12.4,12.246,12.372,39303.04154488
2025-12-30 04:00:00+00:00,12.372,12.412,12.32606,12.32606,53287.07957138
2025-12-30 05:00:00+00:00,12.327,12.353,12.28946,12.299,24302.075208920003
2025-12-30 06:00:00+00:00,12.29961,12.367,12.293,12.337,19688.86073095
2025-12-30 07:00:00+00:00,12.338,12.38,12.32684,12.353,35299.29283435999
2025-12-30 08:00:00+00:00,12.352,12.549,12.351,12.458,111884.07888826996
2025-12-30 09:00:00+00:00,12.458,12.544,12.434,12.517,40307.58520402
2025-12-30 10:00:00+00:00,12.52,12.547,12.463,12.479,29974.071572550005
2025-12-30 11:00:00+00:00,12.479,12.489,12.45245,12.474,31102.62251121999
2025-12-30 12:00:00+00:00,12.474,12.545,12.45,12.462,74211.94442005
2025-12-30 13:00:00+00:00,12.462,12.5,12.448,12.48,53154.04913895002
2025-12-30 14:00:00+00:00,12.479,12.599,12.366,12.524,219674.01918360003
2025-12-30 15:00:00+00:00,12.524,12.55516,12.432,12.517,97969.61136816996
2025-12-30 16:00:00+00:00,12.517,12.573,12.426,12.455,120634.03004518995
2025-12-30 17:00:00+00:00,12.455,12.477,12.384,12.42268,67075.74387409
2025-12-30 18:00:00+00:00,12.421,12.466,12.377,12.40993,62725.88222795
2025-12-30 19:00:00+00:00,12.41,12.426,12.32686,12.41,95027.15460336005
2025-12-30 20:00:00+00:00,12.41,12.426,12.339,12.343,83523.54742511
2025-12-30 21:00:00+00:00,12.343,12.389,12.332,12.372,36222.502694300005
2025-12-30 22:00:00+00:00,12.37,12.422,12.348,12.393,46090.04241653
2025-12-30 23:00:00+00:00,12.389,12.433,12.371,12.40289,34794.529748810004
2025-12-31 00:00:00+00:00,12.405,12.405,12.344,12.35275,88893.40178598001
2025-12-31 01:00:00+00:00,12.35,12.471,12.345,12.41,98159.29409835
2025-12-31 02:00:00+00:00,12.41,12.448,12.38,12.408,51924.15765296999
2025-12-31 03:00:00+00:00,12.4081,12.438,12.354,12.38,99797.80154692
2025-12-31 04:00:00+00:00,12.38,12.428,12.343,12.37876,217711.68797889
2025-12-31 05:00:00+00:00,12.375,12.417,12.368,12.368,37446.03948027
2025-12-31 06:00:00+00:00,12.37075,12.403,12.357,12.357,41608.12355766
2025-12-31 07:00:00+00:00,12.3625,12.429,12.317,12.404,95024.79078726003
2025-12-31 08:00:00+00:00,12.40418,12.455,12.36,12.366,36409.7886145
2025-12-31 09:00:00+00:00,12.365,12.418,12.362,12.406,14667.169791990002
2025-12-31 10:00:00+00:00,12.405,12.421,12.374,12.396,26649.464748990013
2025-12-31 11:00:00+00:00,12.396,12.487,12.391,12.458,48494.11078354
2025-12-31 12:00:00+00:00,12.456,12.478,12.398,12.42547,35613.79992935
2025-12-31 13:00:00+00:00,12.42668,12.472,12.413,12.446,38141.56934642999
2025-12-31 14:00:00+00:00,12.446,12.533,12.394,12.43,100948.40391663
2025-12-31 15:00:00+00:00,12.428,12.463,12.314,12.374,104055.62930873
2025-12-31 16:00:00+00:00,12.37968,12.423,12.1684,12.276,175405.01586732984
2025-12-31 17:00:00+00:00,12.274,12.302,12.21,12.26,163126.68922128
2025-12-31 18:00:00+00:00,12.263,12.339,12.24196,12.248,123258.09070339004
2025-12-31 19:00:00+00:00,12.248,12.3,12.22,12.224,102106.45561450004
2025-12-31 20:00:00+00:00,12.222,12.287,12.185,12.242,160503.69260868
2025-12-31 21:00:00+00:00,12.24761,12.33,12.24,12.271,118405.44592916996
2025-12-31 22:00:00+00:00,12.271,12.298,12.2,12.218,152260.02227197
2025-12-31 23:00:00+00:00,12.218,12.244,12.153,12.178,205019.54447002
2026-01-01 00:00:00+00:00,12.177,12.247,12.173,12.216,104716.70800600995
2026-01-01 01:00:00+00:00,12.216,12.272,12.198,12.23243,49959.89043777001
2026-01-01 02:00:00+00:00,12.235,12.275,12.211,12.2179,48925.17170195
2026-01-01 03:00:00+00:00,12.21797,12.245,12.186,12.198,46930.39247184
2026-01-01 04:00:00+00:00,12.197,12.233,12.0,12.137,329023.3134109902
2026-01-01 05:00:00+00:00,12.138,12.286,12.133,12.239,197219.37530829004
2026-01-01 06:00:00+00:00,12.23969,12.255,12.196,12.198,53369.02853132001
2026-01-01 07:00:00+00:00,12.197,12.231,12.147,12.158,48381.70092525001
2026-01-01 08:00:00+00:00,12.16085,12.284,12.157,12.257,30198.20199387
2026-01-01 09:00:00+00:00,12.258,12.308,12.234,12.24501,30832.11097981
2026-01-01 10:00:00+00:00,12.243,12.27,12.236,12.24669,5926.054581200001
2026-01-01 11:00:00+00:00,12.24205,12.295,12.24205,12.25968,3455.91855239
2026-01-01 12:00:00+00:00,12.27884,12.2818,12.23246,12.24,4510.971695040001
2026-01-01 13:00:00+00:00,12.235,12.288,12.22794,12.28006,7886.500521199999
2026-01-01 14:00:00+00:00,12.27703,12.321,12.22691,12.29046,4519.618778849999
2026-01-01 15:00:00+00:00,12.29,12.42518,12.27139,12.37442,4739.227197719999
2026-01-01 16:00:00+00:00,12.37988,12.41,12.31498,12.35115,3189.982449659999
2026-01-01 17:00:00+00:00,12.3517,12.477,12.35106,12.4278,4544.004937119999
2026-01-01 18:00:00+00:00,12.47,12.47,12.3972,12.4247,4114.7271102
2026-01-01 19:00:00+00:00,12.43507,12.524,12.42196,12.49993,4977.43859722
2026-01-01 20:00:00+00:00,12.50168,12.544,12.45937,12.487,15424.30293687
2026-01-01 21:00:00+00:00,12.47797,12.553,12.45828,12.548,5550.571456370002
2026-01-01 22:00:00+00:00,12.52648,12.625,12.5,12.58987,16130.9224934
2026-01-01 23:00:00+00:00,12.60677,12.618,12.55482,12.59119,5392.16805676
2026-01-02 00:00:00+00:00,12.589,12.667,12.567,12.652,131360.02036958
2026-01-02 01:00:00+00:00,12.653,12.663,12.601,12.628,55583.42680503998
2026-01-02 02:00:00+00:00,12.629,12.673,12.565,12.655,87397.19934223004
2026-01-02 03:00:00+00:00,12.655,12.937,12.64,12.904,195823.9661144401
2026-01-02 04:00:00+00:00,12.904,12.989,12.836,12.875,91723.54015075
2026-01-02 05:00:00+00:00,12.87965,12.944,12.8547,12.921,56503.16109169999
2026-01-02 06:00:00+00:00,12.92133,12.969,12.891,12.913,79026.57778238
2026-01-02 07:00:00+00:00,12.915,12.941,12.817,12.822,34073.51711536999
2026-01-02 08:00:00+00:00,12.823,12.939,12.823,12.89,57626.29822100999
2026-01-02 09:00:00+00:00,12.888,13.133,12.882,13.045,109073.36253
2026-01-02 10:00:00+00:00,13.048,13.1,12.99562,13.017,54016.48461935
2026-01-02 11:00:00+00:00,13.02172,13.02184,12.896,12.92899,68711.44710021
2026-01-02 12:00:00+00:00,12.931,13.046,12.909,13.011,32127.37417662
2026-01-02 13:00:00+00:00,13.009,13.067,12.978,12.991,95179.772527
2026-01-02 14:00:00+00:00,12.98813,13.125,12.815,13.056,176969.86040250008
2026-01-02 15:00:00+00:00,13.064,13.181,12.934,13.082,158071.63366265997
2026-01-02 16:00:00+00:00,13.06657,13.33,13.04253,13.301,234009.0215591401
2026-01-02 17:00:00+00:00,13.297,13.337,13.208,13.268,154422.15054914
2026-01-02 18:00:00+00:00,13.269,13.29914,13.14149,13.194,91232.51523439
2026-01-02 19:00:00+00:00,13.194,13.295,13.185,13.272,57321.14370023
2026-01-02 20:00:00+00:00,13.27288,13.315,13.207,13.23,57686.09623615001
2026-01-02 21:00:00+00:00,13.23,13.34,13.22,13.332,52062.837335090015
2026-01-02 22:00:00+00:00,13.333,13.426,13.321,13.367,101130.05462123996
2026-01-02 23:00:00+00:00,13.359,13.363,13.247,13.266,57731.63961414003
2026-01-03 00:00:00+00:00,13.265,13.362,13.259,13.31116,49365.46352873001
2026-01-03 01:00:00+00:00,13.30827,13.321,13.227,13.27056,50346.85796525999
2026-01-03 02:00:00+00:00,13.27,13.287,13.216,13.274,39338.46919733999
2026-01-03 03:00:00+00:00,13.273,13.33,13.229,13.313,25264.61524687
2026-01-03 04:00:00+00:00,13.312,13.32,13.206,13.22219,42343.67353523001
2026-01-03 05:00:00+00:00,13.222,13.234,13.13,13.169,88567.77648016001
2026-01-03 06:00:00+00:00,13.17077,13.244,13.087,13.095,32429.92465324
2026-01-03 07:00:00+00:00,13.094,13.113,12.96701,13.014,118605.60146050004
2026-01-03 08:00:00+00:00,13.01186,13.097,12.99,13.058,49182.88079224
2026-01-03 09:00:00+00:00,13.061,13.1542,13.019,13.112,85886.07231468
2026-01-03 10:00:00+00:00,13.11447,13.1246,13.072,13.113,51744.75953610004
2026-01-03 11:00:00+00:00,13.112,13.117,13.042,13.066,37944.53063124001
2026-01-03 12:00:00+00:00,13.066,13.15,13.04618,13.147,39814.87045398997
2026-01-03 13:00:00+00:00,13.145,13.17,13.099,13.11526,32650.31531448
2026-01-03 14:00:00+00:00,13.11526,13.174,13.064,13.077,46585.81237886999
2026-01-03 15:00:00+00:00,13.079,13.093,13.043,13.05659,51931.77904311998
2026-01-03 16:00:00+00:00,13.06455,13.21,13.058,13.18,90366.89456977998
2026-01-03 17:00:00+00:00,13.181,13.191,13.12787,13.176,37259.58101745001
2026-01-03 18:00:00+00:00,13.18,13.219,13.135,13.1901,26670.42705837
2026-01-03 19:00:00+00:00,13.198,13.198,13.149,13.168,24338.20389069
2026-01-03 20:00:00+00:00,13.16775,13.203,13.109,13.17946,26170.378607330003
2026-01-03 21:00:00+00:00,13.182,13.222,13.146,13.191,46991.4732995
2026-01-03 22:00:00+00:00,13.192,13.24376,13.173,13.24013,41391.70930369998
2026-01-03 23:00:00+00:00,13.237,13.257,13.214,13.22673,68355.6335997
2026-01-04 00:00:00+00:00,13.22203,13.37398,13.20741,13.37032,13971.92641483
2026-01-04 01:00:00+00:00,13.343,13.35237,13.25296,13.3509,4566.43371255
2026-01-04 02:00:00+00:00,13.33771,13.3504,13.28693,13.29338,5576.231214439998
2026-01-04 03:00:00+00:00,13.30841,13.377,13.30841,13.35784,2086.01673768
2026-01-04 04:00:00+00:00,13.35131,13.41016,13.34343,13.35933,6710.207284140003
2026-01-04 05:00:00+00:00,13.35564,13.41547,13.345,13.41547,1199.4539735100004
2026-01-04 06:00:00+00:00,13.41803,13.452,13.281,13.28423,4993.942961429999
2026-01-04 07:00:00+00:00,13.28784,13.354,13.27,13.34175,12369.936718809991
2026-01-04 08:00:00+00:00,13.3412,13.34778,13.26284,13.34778,4451.443098380001
2026-01-04 09:00:00+00:00,13.34786,13.398,13.32316,13.36747,11529.81626167
2026-01-04 10:00:00+00:00,13.37302,13.40398,13.35242,13.35532,6353.46285362
2026-01-04 11:00:00+00:00,13.36552,13.43653,13.3427,13.433,7783.914011960001
2026-01-04 12:00:00+00:00,13.432,13.54999,13.413,13.46437,12272.16167566
2026-01-04 13:00:00+00:00,13.46436,13.47747,13.369,13.47747,6600.161358429999
2026-01-04 14:00:00+00:00,13.4785,13.51,13.36857,13.41153,15230.744528440002
2026-01-04 15:00:00+00:00,13.41371,13.48983,13.41089,13.48742,3591.45175352
2026-01-04 16:00:00+00:00,13.48798,13.54591,13.47815,13.54115,5422.167473490002
2026-01-04 17:00:00+00:00,13.54334,13.568,13.50967,13.55406,19049.22270879
2026-01-04 18:00:00+00:00,13.55364,13.55364,13.378,13.43732,15218.119342379998
2026-01-04 19:00:00+00:00,13.43334,13.43334,13.30729,13.38176,9966.674938490003
2026-01-04 20:00:00+00:00,13.3823,13.43247,13.35324,13.402,3063.22919398
2026-01-04 21:00:00+00:00,13.40269,13.48107,13.37638,13.40746,3266.0988415899983
2026-01-04 22:00:00+00:00,13.40745,13.47816,13.389,13.41247,2751.739176809999
2026-01-04 23:00:00+00:00,13.43222,13.4914,13.356,13.42066,8900.190320200001
2026-01-05 00:00:00+00:00,13.41992,13.58196,13.41992,13.56827,13142.12221023
2026-01-05 01:00:00+00:00,13.5688,13.865,13.54083,13.77722,36698.157180900016
2026-01-05 02:00:00+00:00,13.77724,13.83958,13.641,13.74282,6110.155465780001
2026-01-05 03:00:00+00:00,13.74294,13.7653,13.641,13.6666,3008.9179465400016
2026-01-05 04:00:00+00:00,13.659,13.67911,13.458,13.57,10339.84278339
2026-01-05 05:00:00+00:00,13.57688,13.6159,13.5082,13.5082,5189.142585650002
2026-01-05 06:00:00+00:00,13.50109,13.52089,13.397,13.50008,5328.396241679999
2026-01-05 07:00:00+00:00,13.49789,13.57553,13.463,13.57459,15168.47730676
2026-01-05 08:00:00+00:00,13.57063,13.61257,13.498,13.51406,2324.29977932
2026-01-05 09:00:00+00:00,13.50725,13.53311,13.419,13.471,4564.19380056
2026-01-05 10:00:00+00:00,13.475,13.59479,13.475,13.53245,9725.35787489
2026-01-05 11:00:00+00:00,13.52593,13.58507,13.483,13.58506,5438.80479371
2026-01-05 12:00:00+00:00,13.58679,13.60336,13.53,13.55,7604.561330469999
2026-01-05 13:00:00+00:00,13.55952,13.56064,13.37716,13.43926,15001.963246189996
2026-01-05 14:00:00+00:00,13.44851,13.63271,13.4232,13.61125,16938.437636079994
2026-01-05 15:00:00+00:00,13.61397,13.73195,13.52418,13.71483,19401.218003150007
2026-01-05 16:00:00+00:00,13.71608,13.73724,13.629,13.70504,10064.511773390004
2026-01-05 17:00:00+00:00,13.69358,13.8,13.534,13.76213,18592.89624584
2026-01-05 18:00:00+00:00,13.76213,13.87286,13.713,13.86905,24131.68651384
2026-01-05 19:00:00+00:00,13.86899,13.86899,13.723,13.751,12675.309993820005
2026-01-05 20:00:00+00:00,13.76791,14.07504,13.75447,14.02912,62854.83170128002
2026-01-05 21:00:00+00:00,14.0308,14.0734,13.93415,14.02655,8019.546288460002
2026-01-05 22:00:00+00:00,14.02096,14.12183,13.979,14.01921,26147.79568002
2026-01-05 23:00:00+00:00,14.00703,14.02703,13.893,13.90898,9365.17989396
2026-01-06 00:00:00+00:00,13.908,13.957,13.564,13.828,250554.77376688
2026-01-06 01:00:00+00:00,13.824,13.95551,13.771,13.799,120315.23392518995
2026-01-06 02:00:00+00:00,13.80792,13.862,13.736,13.788,93949.85375242008
2026-01-06 03:00:00+00:00,13.78877,13.866,13.76,13.794,45843.06989127
2026-01-06 04:00:00+00:00,13.793,13.872,13.773,13.846,77498.10361958998
2026-01-06 05:00:00+00:00,13.845,13.912,13.808,13.823,103769.27527561
2026-01-06 06:00:00+00:00,13.82445,13.98,13.772,13.89271,117030.92732995
2026-01-06 07:00:00+00:00,13.894,13.902,13.676,13.721,96607.90410574002
2026-01-06 08:00:00+00:00,13.71912,13.801,13.699,13.713,80927.3108168
2026-01-06 09:00:00+00:00,13.712,13.82,13.7,13.798,33326.41115154001
2026-01-06 10:00:00+00:00,13.79908,13.858,13.773,13.823,29291.13713077
2026-01-06 11:00:00+00:00,13.823,13.906,13.813,13.892,44744.41973267002
2026-01-06 12:00:00+00:00,13.893,13.954,13.884,13.898,53764.76526392999
2026-01-06 13:00:00+00:00,13.893,13.9,13.818,13.836,47570.89283017001
2026-01-06 14:00:00+00:00,13.838,14.233,13.83762,14.09,253954.7886658999
2026-01-06 15:00:00+00:00,14.088,14.2,13.921,13.992,247550.21818107003
2026-01-06 16:00:00+00:00,13.99596,14.025,13.664,13.766,253657.09149970004
2026-01-06 17:00:00+00:00,13.764,13.835,13.466,13.516,297322.7993353296
2026-01-06 18:00:00+00:00,13.513,13.688,13.466,13.65,140969.43072942997
2026-01-06 19:00:00+00:00,13.643,13.717,13.614,13.625,61794.20987054998
2026-01-06 20:00:00+00:00,13.62771,13.793,13.626,13.762,69024.64518692
2026-01-06 21:00:00+00:00,13.762,14.061,13.724,13.962,228878.29317636
2026-01-06 22:00:00+00:00,13.96,14.028,13.865,13.922,81151.03680986995
2026-01-06 23:00:00+00:00,13.926,14.054,13.92,14.028,46641.85825303001
2026-01-07 00:00:00+00:00,14.029,14.039,13.779,13.782,71979.80969674999
2026-01-07 01:00:00+00:00,13.782,13.853,13.685,13.712,79771.88440319004
2026-01-07 02:00:00+00:00,13.71434,13.866,13.676,13.848,74158.98505359
2026-01-07 03:00:00+00:00,13.853,13.936,13.78,13.807,46230.55484596999
2026-01-07 04:00:00+00:00,13.81192,13.84,13.725,13.742,35502.203693760006
2026-01-07 05:00:00+00:00,13.745,13.803,13.69715,13.712,55260.19707422999
2026-01-07 06:00:00+00:00,13.71402,13.761,13.693,13.71732,45537.73125270999
2026-01-07 07:00:00+00:00,13.72,13.871,13.71,13.859,30452.389255210008
2026-01-07 08:00:00+00:00,13.86,13.929,13.817,13.882,55344.67833370002
2026-01-07 09:00:00+00:00,13.883,13.89079,13.575,13.607,98830.68698719
2026-01-07 10:00:00+00:00,13.60721,13.708,13.589,13.664,38854.93721766998
2026-01-07 11:00:00+00:00,13.662,13.707,13.642,13.679,29546.71105419
2026-01-07 12:00:00+00:00,13.677,13.698,13.62,13.629,38342.482873500005
2026-01-07 13:00:00+00:00,13.63,13.72,13.582,13.622,55334.95133013001
2026-01-07 14:00:00+00:00,13.622,13.62993,13.41247,13.571,162847.88481803006
2026-01-07 15:00:00+00:00,13.569,13.57516,13.29001,13.356,262280.15255178005
2026-01-07 16:00:00+00:00,13.35968,13.447,13.318,13.403,85031.62843597996
2026-01-07 17:00:00+00:00,13.406,13.497,13.366,13.379,72748.74631849004
2026-01-07 18:00:00+00:00,13.382,13.45976,13.322,13.379,135491.02266129997
2026-01-07 19:00:00+00:00,13.377,13.417,13.292,13.38936,105431.80508224
2026-01-07 20:00:00+00:00,13.38937,13.41399,13.3,13.349,67886.88249964
2026-01-07 21:00:00+00:00,13.348,13.41,13.331,13.346,43712.97891217001
2026-01-07 22:00:00+00:00,13.345,13.438,13.305,13.346,49939.28142925
2026-01-07 23:00:00+00:00,13.34226,13.46,13.29157,13.434,120085.41214315998
2026-01-08 00:00:00+00:00,13.437,13.515,13.378,13.497,59934.69339951
2026-01-08 01:00:00+00:00,13.505,13.542,13.478,13.514,75701.53692654999
2026-01-08 02:00:00+00:00,13.514,13.553,13.379,13.419,63600.07678226999
2026-01-08 03:00:00+00:00,13.41736,13.486,13.305,13.324,39241.91868191
2026-01-08 04:00:00+00:00,13.326,13.452,13.308,13.409,51206.25092434998
2026-01-08 05:00:00+00:00,13.408,13.466,13.343,13.356,30809.828712549992
2026-01-08 06:00:00+00:00,13.35749,13.369,13.11068,13.117,135777.12527878012
2026-01-08 07:00:00+00:00,13.117,13.322,13.039,13.3,137445.26130312987
2026-01-08 08:00:00+00:00,13.3,13.37,13.20288,13.213,60187.01393849998
2026-01-08 09:00:00+00:00,13.214,13.271,13.137,13.147,41527.04311166
2026-01-08 10:00:00+00:00,13.15,13.306,13.077,13.265,81321.63042733003
2026-01-08 11:00:00+00:00,13.262,13.284,13.15,13.208,65105.30705791
2026-01-08 12:00:00+00:00,13.209,13.22,13.086,13.131,124946.12794517
2026-01-08 13:00:00+00:00,13.13,13.177,13.085,13.146,89420.58991826998
2026-01-08 14:00:00+00:00,13.144,13.176,13.007,13.106,187204.57017753003
2026-01-08 15:00:00+00:00,13.11405,13.292,13.021,13.284,229118.9200513201
2026-01-08 16:00:00+00:00,13.28822,13.311,13.144,13.287,104942.33154738996
2026-01-08 17:00:00+00:00,13.288,13.334,13.204,13.31278,68006.72546007
2026-01-08 18:00:00+00:00,13.306,13.319,13.20748,13.223,73990.71773319998
2026-01-08 19:00:00+00:00,13.223,13.271,13.156,13.177,48425.11467624
2026-01-08 20:00:00+00:00,13.18107,13.192,13.0859,13.173,68788.74776179
2026-01-08 21:00:00+00:00,13.173,13.281,13.17067,13.258,65377.64299582
2026-01-08 22:00:00+00:00,13.25647,13.324,13.2,13.263,67568.29664361001
2026-01-08 23:00:00+00:00,13.264,13.28,13.203,13.205,28491.42038551
2026-01-09 00:00:00+00:00,13.207,13.282,13.205,13.254,32420.589051860003
2026-01-09 01:00:00+00:00,13.255,13.357,13.153,13.203,107206.28672471004
2026-01-09 02:00:00+00:00,13.203,13.32,13.195,13.219,66022.9274134
2026-01-09 03:00:00+00:00,13.219,13.302,13.205,13.299,67276.1480437
2026-01-09 04:00:00+00:00,13.3,13.30551,13.188,13.201,73939.00026633
2026-01-09 05:00:00+00:00,13.19726,13.253,13.172,13.244,47203.23855635999
2026-01-09 06:00:00+00:00,13.24545,13.307,13.225,13.3,56772.18552635002
2026-01-09 07:00:00+00:00,13.3,13.304,13.249,13.249,109305.42659554
2026-01-09 08:00:00+00:00,13.25528,13.28,13.05,13.125,87346.53350771002
2026-01-09 09:00:00+00:00,13.12399,13.227,13.12399,13.15,74688.91590108
2026-01-09 10:00:00+00:00,13.149,13.187,13.129,13.178,33677.193670610024
2026-01-09 11:00:00+00:00,13.17786,13.215,13.153,13.164,43624.69293735001
2026-01-09 12:00:00+00:00,13.16471,13.183,13.086,13.115,54343.11529280001
2026-01-09 13:00:00+00:00,13.11509,13.287,13.113,13.218,94001.75818087006
2026-01-09 14:00:00+00:00,13.22036,13.222,13.024,13.089,161569.83614261006
2026-01-09 15:00:00+00:00,13.091,13.421,13.024,13.2699,242282.32252227
2026-01-09 16:00:00+00:00,13.27389,13.438,13.26217,13.386,169907.30012954006
2026-01-09 17:00:00+00:00,13.39,13.409,13.21388,13.30564,113810.17487528996
2026-01-09 18:00:00+00:00,13.303,13.325,13.084,13.195,90938.10650373
2026-01-09 19:00:00+00:00,13.192,13.198,13.04,13.079,189211.42082472992
2026-01-09 20:00:00+00:00,13.08265,13.145,13.057,13.086,88290.44163272997
2026-01-09 21:00:00+00:00,13.089,13.169,13.06,13.134,73698.11253943002
2026-01-09 22:00:00+00:00,13.132,13.168,13.099,13.16298,35997.56618585999
2026-01-09 23:00:00+00:00,13.15526,13.165,13.108,13.12563,21901.92861246
2026-01-10 00:00:00+00:00,13.124,13.137,13.071,13.088,25348.882283049992
2026-01-10 01:00:00+00:00,13.088,13.168,13.077,13.139,20892.29424696
2026-01-10 02:00:00+00:00,13.13253,13.156,13.073,13.099,18816.84833085
2026-01-10 03:00:00+00:00,13.097,13.139,13.049,13.11259,72645.39798774007
2026-01-10 04:00:00+00:00,13.112,13.135,13.061,13.066,26737.24053272
2026-01-10 05:00:00+00:00,13.067,13.122,13.048,13.081,18184.245214870003
2026-01-10 06:00:00+00:00,13.0809,13.117,13.056,13.095,13414.31362587
2026-01-10 07:00:00+00:00,13.09292,13.161,13.089,13.146,32761.692729100003
2026-01-10 08:00:00+00:00,13.14955,13.194,13.091,13.127,17149.47242049
2026-01-10 09:00:00+00:00,13.12141,13.2,13.12141,13.184,27776.97319725
2026-01-10 10:00:00+00:00,13.18502,13.216,13.155,13.18356,40470.0802157
2026-01-10 11:00:00+00:00,13.19375,13.201,13.13523,13.161,21368.69745734
2026-01-10 12:00:00+00:00,13.161,13.238,13.149,13.224,26200.640445520003
2026-01-10 13:00:00+00:00,13.22221,13.245,13.2,13.207,29081.313491210007
2026-01-10 14:00:00+00:00,13.2081,13.213,13.125,13.12649,46080.199487400016
2026-01-10 15:00:00+00:00,13.133,13.165,13.125,13.144,27616.147553409995
2026-01-10 16:00:00+00:00,13.14744,13.153,13.107,13.138,14920.83414639
2026-01-10 17:00:00+00:00,13.139,13.221,13.133,13.144,19625.23278331
2026-01-10 18:00:00+00:00,13.134,13.2,13.12,13.182,31777.409993199988
2026-01-10 19:00:00+00:00,13.185,13.211,13.178,13.197,24012.79585681
2026-01-10 20:00:00+00:00,13.19799,13.223,13.181,13.209,55381.24740267
2026-01-10 21:00:00+00:00,13.208,13.223,13.127,13.127,86283.35990691
2026-01-10 22:00:00+00:00,13.12669,13.143,13.072,13.07733,63843.28388597999
2026-01-10 23:00:00+00:00,13.07966,13.145,13.07733,13.12,24727.187263910004
2026-01-11 00:00:00+00:00,13.121,13.175,13.095,13.162,39333.14271570001
2026-01-11 01:00:00+00:00,13.16097,13.177,13.117,13.16367,9211.59973594
2026-01-11 02:00:00+00:00,13.164,13.208,13.158,13.18447,14743.98677744
2026-01-11 03:00:00+00:00,13.18266,13.247,13.165,13.216,18751.479205719985
2026-01-11 04:00:00+00:00,13.21776,13.25,13.165,13.231,26900.86370845001
2026-01-11 05:00:00+00:00,13.23055,13.25,13.179,13.21002,57440.85741364997
2026-01-11 06:00:00+00:00,13.21441,13.272,13.163,13.196,41549.15690955999
2026-01-11 07:00:00+00:00,13.19869,13.22336,13.187,13.22,11894.493673920004
2026-01-11 08:00:00+00:00,13.241,13.241,13.176,13.202,25710.66828778
2026-01-11 09:00:00+00:00,13.201,13.221,13.174,13.195,15466.40140112
2026-01-11 10:00:00+00:00,13.195,13.23,13.164,13.204,27961.79788591
2026-01-11 11:00:00+00:00,13.205,13.214,13.173,13.207,14223.02699379
2026-01-11 12:00:00+00:00,13.19231,13.268,13.185,13.246,37453.20415668
2026-01-11 13:00:00+00:00,13.24561,13.259,13.185,13.187,41455.21822696001
2026-01-11 14:00:00+00:00,13.19,13.287,13.187,13.252,49944.33347450999
2026-01-11 15:00:00+00:00,13.253,13.2693,13.12673,13.193,45291.51749166
2026-01-11 16:00:00+00:00,13.18869,13.364,13.181,13.26999,112223.03199328
2026-01-11 17:00:00+00:00,13.275,13.337,13.246,13.307,42571.49823324
2026-01-11 18:00:00+00:00,13.3056,13.331,13.257,13.30864,33415.75755570001
2026-01-11 19:00:00+00:00,13.307,13.348,13.227,13.239,64959.24222148
2026-01-11 20:00:00+00:00,13.2386,13.243,13.101,13.158,92202.0329251
2026-01-11 21:00:00+00:00,13.157,13.222,13.11,13.194,64499.78387160001
2026-01-11 22:00:00+00:00,13.192,13.192,13.085,13.117,50289.10194256
2026-01-11 23:00:00+00:00,13.116,13.242,13.02244,13.194,113625.81969522998
2026-01-12 00:00:00+00:00,13.187,13.245,13.097,13.236,70396.04138366
2026-01-12 01:00:00+00:00,13.239,13.33,13.212,13.287,91107.34739422
2026-01-12 02:00:00+00:00,13.288,13.466,13.277,13.419,135865.2861769301
2026-01-12 03:00:00+00:00,13.42258,13.514,13.34,13.344,152953.31577971
2026-01-12 04:00:00+00:00,13.346,13.424,13.324,13.401,75334.97002667004
2026-01-12 05:00:00+00:00,13.40228,13.447,13.356,13.373,47581.10988428001
2026-01-12 06:00:00+00:00,13.37594,13.409,13.31,13.348,50724.58160040998
2026-01-12 07:00:00+00:00,13.3507,13.403,13.235,13.254,57211.58950614999
2026-01-12 08:00:00+00:00,13.253,13.321,13.088,13.202,97491.54230535004
2026-01-12 09:00:00+00:00,13.202,13.25,13.145,13.161,91076.97382146002
2026-01-12 10:00:00+00:00,13.164,13.182,13.1,13.115,46991.57954925
2026-01-12 11:00:00+00:00,13.11379,13.184,13.108,13.15,36532.93588807
2026-01-12 12:00:00+00:00,13.15,13.186,13.121,13.13921,37554.042711930015
2026-01-12 13:00:00+00:00,13.134,13.167,13.06,13.084,93867.48271142
2026-01-12 14:00:00+00:00,13.084,13.143,12.915,13.1,249405.83488337987
2026-01-12 15:00:00+00:00,13.108,13.252,13.09,13.232,141354.59222677
2026-01-12 16:00:00+00:00,13.23398,13.316,13.18,13.241,140659.30197615002
2026-01-12 17:00:00+00:00,13.24014,13.29367,13.088,13.17745,94165.65409935
2026-01-12 18:00:00+00:00,13.17745,13.229,13.118,13.157,54698.76281176999
2026-01-12 19:00:00+00:00,13.158,13.195,13.106,13.174,48302.14066314003
2026-01-12 20:00:00+00:00,13.1742,13.23,13.086,13.1,68205.27964242002
2026-01-12 21:00:00+00:00,13.095,13.10382,12.988,13.034,75828.67924416003
2026-01-12 22:00:00+00:00,13.032,13.08304,13.027,13.051,37738.87990048999
2026-01-12 23:00:00+00:00,13.051,13.089,13.025,13.062,25344.05558622
2026-01-13 00:00:00+00:00,13.062,13.104,13.046,13.094,38267.55851482003
2026-01-13 01:00:00+00:00,13.09316,13.149,13.047,13.069,26068.345594309994
2026-01-13 02:00:00+00:00,13.071,13.141,13.063,13.063,29312.85142057999
2026-01-13 03:00:00+00:00,13.06575,13.132,13.037,13.102,39768.25369738
2026-01-13 04:00:00+00:00,13.09776,13.186,13.097,13.154,47481.20206054999
2026-01-13 05:00:00+00:00,13.15138,13.288,13.15,13.194,71801.29334405999
2026-01-13 06:00:00+00:00,13.19454,13.245,13.174,13.217,71133.42599705003
2026-01-13 07:00:00+00:00,13.22232,13.22232,13.165,13.178,27250.17957495
2026-01-13 08:00:00+00:00,13.177,13.273,13.177,13.236,17507.282292739998
2026-01-13 09:00:00+00:00,13.241,13.312,13.194,13.242,49911.40403749001
2026-01-13 10:00:00+00:00,13.242,13.289,13.225,13.2451,23219.71628903
2026-01-13 11:00:00+00:00,13.24505,13.268,13.206,13.25,20933.40677179
2026-01-13 12:00:00+00:00,13.253,13.269,13.214,13.268,33965.82981376
2026-01-13 13:00:00+00:00,13.269,13.4,13.25,13.315,166729.37393561995
2026-01-13 14:00:00+00:00,13.313,13.5,13.269,13.386,209447.4586831701
2026-01-13 15:00:00+00:00,13.383,13.569,13.329,13.562,144233.36203319
2026-01-13 16:00:00+00:00,13.56285,13.66,13.524,13.60163,174593.62831500004
2026-01-13 17:00:00+00:00,13.602,13.658,13.524,13.585,99049.27506674
2026-01-13 18:00:00+00:00,13.583,13.656,13.564,13.627,59683.68925497002
2026-01-13 19:00:00+00:00,13.625,13.699,13.574,13.684,72572.88143298999
2026-01-13 20:00:00+00:00,13.686,13.7728,13.669,13.744,114044.26015455998
2026-01-13 21:00:00+00:00,13.744,13.762,13.70497,13.718,68482.04378467
2026-01-13 22:00:00+00:00,13.71941,14.175,13.719,14.12,288603.6440840801
2026-01-13 23:00:00+00:00,14.11483,14.171,14.005,14.045,112383.42981059996
2026-01-14 00:00:00+00:00,14.05,14.109,14.011,14.081,64857.61461012
2026-01-14 01:00:00+00:00,14.076,14.16,14.063,14.129,83107.74729170997
2026-01-14 02:00:00+00:00,14.12983,14.183,14.021,14.039,122804.17073933996
2026-01-14 03:00:00+00:00,14.03886,14.127,14.007,14.12592,71461.86697291996
2026-01-14 04:00:00+00:00,14.12188,14.154,14.02,14.03483,88061.14038476998
2026-01-14 05:00:00+00:00,14.035,14.064,13.98,14.02638,47181.29484788
2026-01-14 06:00:00+00:00,14.0276,14.066,13.936,14.066,50475.47020858
2026-01-14 07:00:00+00:00,14.066,14.108,14.023,14.05,45494.36823366999
2026-01-14 08:00:00+00:00,14.048,14.111,14.039,14.05,51533.27709893
2026-01-14 09:00:00+00:00,14.04962,14.109,14.04962,14.09,44855.341530180005
2026-01-14 10:00:00+00:00,14.09307,14.1,13.987,14.008,52215.28570210001
2026-01-14 11:00:00+00:00,14.004,14.01,13.84094,13.8658,88846.14179813997
2026-01-14 12:00:00+00:00,13.864,13.944,13.857,13.929,38576.92177252
2026-01-14 13:00:00+00:00,13.93002,13.956,13.86913,13.896,42784.42278003
2026-01-14 14:00:00+00:00,13.89529,14.219,13.89377,14.137,170529.41014828996
2026-01-14 15:00:00+00:00,14.137,14.31468,14.058,14.236,215106.6029036202
2026-01-14 16:00:00+00:00,14.23662,14.399,14.218,14.285,181475.18650969007
2026-01-14 17:00:00+00:00,14.279,14.36,14.157,14.177,149467.14427289995
2026-01-14 18:00:00+00:00,14.177,14.247,14.044,14.157,140113.29624762002
2026-01-14 19:00:00+00:00,14.1597,14.383,14.114,14.219,195593.69850733
2026-01-14 20:00:00+00:00,14.22648,14.316,14.165,14.249,81603.97489250997
2026-01-14 21:00:00+00:00,14.249,14.283,14.158,14.226,59545.115082969976
2026-01-14 22:00:00+00:00,14.221,14.221,14.065,14.1,71623.15294637001
2026-01-14 23:00:00+00:00,14.1,14.189,14.065,14.107,59328.54470670001
2026-01-15 00:00:00+00:00,14.112,14.116,13.998,14.032,80352.59656508
2026-01-15 01:00:00+00:00,14.036,14.103,13.917,13.964,117513.96207919
2026-01-15 02:00:00+00:00,13.96386,14.01844,13.877,13.913,63921.92717407002
2026-01-15 03:00:00+00:00,13.914,13.939,13.72821,13.75655,102148.35119481996
2026-01-15 04:00:00+00:00,13.753,13.867,13.744,13.85,38799.77497149
2026-01-15 05:00:00+00:00,13.85125,13.895,13.827,13.852,41906.14861238
2026-01-15 06:00:00+00:00,13.87004,13.921,13.829,13.852,27883.09162185001
2026-01-15 07:00:00+00:00,13.852,13.957,13.844,13.93,34050.62137136999
2026-01-15 08:00:00+00:00,13.928,13.944,13.851,13.92,58531.735763370016
2026-01-15 09:00:00+00:00,13.917,14.086,13.87601,14.05338,37093.20797736
2026-01-15 10:00:00+00:00,14.05346,14.065,13.996,14.029,31809.80399067
2026-01-15 11:00:00+00:00,14.02666,14.03,13.94,13.95352,18275.49472855
2026-01-15 12:00:00+00:00,13.952,14.097,13.944,14.088,35716.75815095999
2026-01-15 13:00:00+00:00,14.086,14.16,14.029,14.115,90921.9950440401
2026-01-15 14:00:00+00:00,14.11582,14.206,13.94,14.0,187965.39379851
2026-01-15 15:00:00+00:00,13.995,14.06433,13.724,13.954,189770.17899293
2026-01-15 16:00:00+00:00,13.95663,13.981,13.85,13.924,105153.37290064
2026-01-15 17:00:00+00:00,13.91992,13.994,13.816,13.83647,139036.59571556997
2026-01-15 18:00:00+00:00,13.837,13.86,13.626,13.665,120449.28024879996
2026-01-15 19:00:00+00:00,13.665,13.712,13.584,13.686,100241.69085581996
2026-01-15 20:00:00+00:00,13.68272,13.722,13.557,13.605,72368.94325640998
2026-01-15 21:00:00+00:00,13.607,13.668,13.588,13.649,49427.66020955
2026-01-15 22:00:00+00:00,13.649,13.762,13.638,13.753,40722.46446201998
2026-01-15 23:00:00+00:00,13.749,13.795,13.70482,13.795,32619.10844675
2026-01-16 00:00:00+00:00,13.78999,13.865,13.776,13.82,57875.76247974001
2026-01-16 01:00:00+00:00,13.81908,13.823,13.734,13.776,60385.28796974998
2026-01-16 02:00:00+00:00,13.775,13.775,13.667,13.764,50612.87686971
2026-01-16 03:00:00+00:00,13.764,13.8,13.665,13.68231,29691.36519816001
2026-01-16 04:00:00+00:00,13.678,13.724,13.592,13.644,43215.41441183
2026-01-16 05:00:00+00:00,13.64561,13.817,13.642,13.791,46931.50834549
2026-01-16 06:00:00+00:00,13.791,13.814,13.767,13.807,38747.3936949
2026-01-16 07:00:00+00:00,13.8065,13.812,13.752,13.79,12564.183611280005
2026-01-16 08:00:00+00:00,13.793,13.855,13.788,13.813,23805.477117010003
2026-01-16 09:00:00+00:00,13.81515,13.83629,13.772,13.78155,29966.66537532
2026-01-16 10:00:00+00:00,13.78046,13.813,13.715,13.73,62662.81717050998
2026-01-16 11:00:00+00:00,13.73041,13.73536,13.677,13.733,19393.35412101
2026-01-16 12:00:00+00:00,13.731,13.756,13.714,13.744,17806.11370243
2026-01-16 13:00:00+00:00,13.74276,13.74418,13.66,13.71,29357.53989349
2026-01-16 14:00:00+00:00,13.71287,13.785,13.684,13.69923,61915.685552090006
2026-01-16 15:00:00+00:00,13.697,13.784,13.429,13.485,133438.67991049998
2026-01-16 16:00:00+00:00,13.484,13.62,13.45,13.576,79157.52055188999
2026-01-16 17:00:00+00:00,13.58039,13.653,13.498,13.645,99230.76953727998
2026-01-16 18:00:00+00:00,13.644,13.66,13.534,13.58594,220924.0696570299
2026-01-16 19:00:00+00:00,13.583,13.602,13.518,13.589,39432.62525926999
2026-01-16 20:00:00+00:00,13.589,13.7,13.515,13.697,60294.43554884999
2026-01-16 21:00:00+00:00,13.702,13.737,13.673,13.704,28988.66213513
2026-01-16 22:00:00+00:00,13.704,13.713,13.639,13.702,36141.209146290006
2026-01-16 23:00:00+00:00,13.703,13.74,13.689,13.72,25343.869631640013
2026-01-17 00:00:00+00:00,13.72,13.728,13.68454,13.709,18892.470869800003
2026-01-17 01:00:00+00:00,13.707,13.741,13.683,13.697,22858.594388710007
2026-01-17 02:00:00+00:00,13.697,13.697,13.629,13.661,17497.41800869999
2026-01-17 03:00:00+00:00,13.659,13.687,13.623,13.672,22087.59680579
2026-01-17 04:00:00+00:00,13.67,13.70818,13.65,13.701,11990.992851009994
2026-01-17 05:00:00+00:00,13.702,13.732,13.698,13.704,11841.050886850002
2026-01-17 06:00:00+00:00,13.70143,13.732,13.685,13.717,12246.18553085
2026-01-17 07:00:00+00:00,13.718,13.724,13.675,13.696,13858.730612369998
2026-01-17 08:00:00+00:00,13.69461,13.749,13.689,13.73,13825.860264679995
2026-01-17 09:00:00+00:00,13.73,13.742,13.7,13.724,10760.603182829998
2026-01-17 10:00:00+00:00,13.723,13.774,13.696,13.706,25286.470617660005
2026-01-17 11:00:00+00:00,13.705,13.723,13.666,13.696,16209.635900570003
2026-01-17 12:00:00+00:00,13.697,13.734,13.69,13.70447,15572.098548770002
2026-01-17 13:00:00+00:00,13.706,13.788,13.691,13.785,16863.55185158
2026-01-17 14:00:00+00:00,13.78463,13.84224,13.75011,13.83,52232.28478558
2026-01-17 15:00:00+00:00,13.829,13.88596,13.788,13.88175,57465.97038854997
2026-01-17 16:00:00+00:00,13.88118,13.889,13.75856,13.788,41981.91261317001
2026-01-17 17:00:00+00:00,13.78992,13.818,13.765,13.807,18320.57833828
2026-01-17 18:00:00+00:00,13.814,13.814,13.768,13.787,16531.479078220007
2026-01-17 19:00:00+00:00,13.786,13.803,13.765,13.784,11491.03310422
2026-01-17 20:00:00+00:00,13.78294,13.81,13.752,13.766,42852.212596820005
2026-01-17 21:00:00+00:00,13.765,13.766,13.725,13.738,19330.09343913
2026-01-17 22:00:00+00:00,13.735,13.74,13.658,13.701,33814.0227248
2026-01-17 23:00:00+00:00,13.694,13.739,13.691,13.731,34185.26279949001
2026-01-18 00:00:00+00:00,13.731,13.769,13.702,13.708,59753.56659719003
2026-01-18 01:00:00+00:00,13.71,13.72197,13.617,13.658,50200.66429164
2026-01-18 02:00:00+00:00,13.65274,13.701,13.626,13.659,30430.00112512999
2026-01-18 03:00:00+00:00,13.66,13.71603,13.65499,13.696,46390.34512434004
2026-01-18 04:00:00+00:00,13.69939,13.711,13.667,13.707,17161.91142221
2026-01-18 05:00:00+00:00,13.707,13.711,13.671,13.706,16606.188079000003
2026-01-18 06:00:00+00:00,13.70663,13.738,13.682,13.714,110166.22129044998
2026-01-18 07:00:00+00:00,13.714,13.756,13.698,13.729,47179.53851520002
2026-01-18 08:00:00+00:00,13.72729,13.76105,13.71,13.746,12556.77523147
2026-01-18 09:00:00+00:00,13.745,13.817,13.742,13.795,15953.194465460005
2026-01-18 10:00:00+00:00,13.797,13.81062,13.75565,13.805,20174.62543127
2026-01-18 11:00:00+00:00,13.804,13.81,13.70999,13.722,18607.413809310005
2026-01-18 12:00:00+00:00,13.722,13.774,13.713,13.733,15964.386810249998
2026-01-18 13:00:00+00:00,13.732,13.774,13.693,13.751,32287.62795600001
2026-01-18 14:00:00+00:00,13.75,13.827,13.721,13.726,43633.94408777999
2026-01-18 15:00:00+00:00,13.726,13.815,13.704,13.769,245524.88645743995
2026-01-18 16:00:00+00:00,13.77122,13.814,13.743,13.757,43769.33268937002
2026-01-18 17:00:00+00:00,13.75894,13.779,13.74,13.772,81505.41356241002
2026-01-18 18:00:00+00:00,13.774,13.87,13.755,13.843,138916.02379363004
2026-01-18 19:00:00+00:00,13.843,13.862,13.763,13.767,109155.63591441
2026-01-18 20:00:00+00:00,13.77206,13.832,13.754,13.802,92999.57271654002
2026-01-18 21:00:00+00:00,13.804,13.836,13.79286,13.824,17203.288518380003
2026-01-18 22:00:00+00:00,13.825,13.85509,13.812,13.835,16144.972459160002
2026-01-18 23:00:00+00:00,13.834,13.839,13.292,13.307,281012.49054131005
2026-01-19 00:00:00+00:00,13.304,13.304,12.43,12.852,593611.3174882997
2026-01-19 01:00:00+00:00,12.848,12.916,12.792,12.839,112638.28993317002
2026-01-19 02:00:00+00:00,12.84,12.891,12.794,12.856,64981.76565781999
2026-01-19 03:00:00+00:00,12.85742,12.88,12.79,12.862,65193.06285869
2026-01-19 04:00:00+00:00,12.861,12.861,12.795,12.8,51173.16573337999
2026-01-19 05:00:00+00:00,12.80001,12.84,12.72,12.789,122500.60424871002
2026-01-19 06:00:00+00:00,12.78686,12.789,12.717,12.746,63130.32166781003
2026-01-19 07:00:00+00:00,12.747,12.774,12.728,12.761,22639.80180271999
2026-01-19 08:00:00+00:00,12.762,12.857,12.75,12.818,54833.74113758
2026-01-19 09:00:00+00:00,12.816,12.828,12.74,12.794,88720.67299992006
2026-01-19 10:00:00+00:00,12.795,12.799,12.742,12.758,14660.182902879997
2026-01-19 11:00:00+00:00,12.759,12.82001,12.749,12.766,60043.811638570005
2026-01-19 12:00:00+00:00,12.766,12.8,12.725,12.752,49129.79401032998
2026-01-19 13:00:00+00:00,12.75439,12.782,12.725,12.762,28979.21577199
2026-01-19 14:00:00+00:00,12.767,12.867,12.75889,12.791,64098.95971416999
2026-01-19 15:00:00+00:00,12.79259,12.824,12.746,12.765,37711.7113758
2026-01-19 16:00:00+00:00,12.76478,12.905,12.753,12.893,52481.542280370006
2026-01-19 17:00:00+00:00,12.89501,12.89614,12.835,12.842,41213.86178945
2026-01-19 18:00:00+00:00,12.84048,12.882,12.824,12.87438,39363.00048520999
2026-01-19 19:00:00+00:00,12.874,12.965,12.872,12.929,49225.936355099984
2026-01-19 20:00:00+00:00,12.93219,12.993,12.927,12.94,46313.79880193
2026-01-19 21:00:00+00:00,12.94202,12.971,12.885,12.885,50157.58732392
2026-01-19 22:00:00+00:00,12.887,12.899,12.8001,12.802,51123.21043477999
2026-01-19 23:00:00+00:00,12.801,12.911,12.76793,12.876,54995.22793953002
2026-01-20 00:00:00+00:00,12.876,12.9,12.829,12.842,36006.44113897999
2026-01-20 01:00:00+00:00,12.834,12.902,12.791,12.837,36130.00857781
2026-01-20 02:00:00+00:00,12.837,12.888,12.789,12.86703,39217.49225291001
2026-01-20 03:00:00+00:00,12.865,12.87853,12.805,12.856,29633.06545145001
2026-01-20 04:00:00+00:00,12.854,12.869,12.785,12.787,49843.16350189999
2026-01-20 05:00:00+00:00,12.793,12.843,12.728,12.806,66046.95486298001
2026-01-20 06:00:00+00:00,12.80879,12.80879,12.59495,12.615,144013.45276318002
2026-01-20 07:00:00+00:00,12.618,12.68,12.597,12.59861,45450.19351472
2026-01-20 08:00:00+00:00,12.6,12.613,12.46575,12.557,132370.21028823
2026-01-20 09:00:00+00:00,12.554,12.557,12.468,12.484,31681.53524704001
2026-01-20 10:00:00+00:00,12.485,12.579,12.477,12.541,90283.38846036005
2026-01-20 11:00:00+00:00,12.54,12.577,12.5,12.50245,27293.72649286
2026-01-20 12:00:00+00:00,12.503,12.564,12.494,12.543,24926.377580750013
2026-01-20 13:00:00+00:00,12.543,12.54921,12.435,12.45,69888.19046669002
2026-01-20 14:00:00+00:00,12.449,12.607,12.445,12.483,400754.63587065006
2026-01-20 15:00:00+00:00,12.48,12.509,12.337,12.423,238880.50098805
2026-01-20 16:00:00+00:00,12.42317,12.472,12.255,12.299,102092.41799304009
2026-01-20 17:00:00+00:00,12.305,12.396,12.17299,12.24876,136396.63958416003
2026-01-20 18:00:00+00:00,12.256,12.293,12.17971,12.21,89788.21870846004
2026-01-20 19:00:00+00:00,12.214,12.3,12.188,12.263,49087.47133218003
2026-01-20 20:00:00+00:00,12.2638,12.34,12.219,12.323,67887.37259253999
2026-01-20 21:00:00+00:00,12.326,12.343,12.2,12.205,65676.03339729001
2026-01-20 22:00:00+00:00,12.20801,12.261,12.01243,12.128,120789.81263695996
2026-01-20 23:00:00+00:00,12.131,12.164,12.074,12.115,85141.69202375
2026-01-21 00:00:00+00:00,12.11,12.263,12.086,12.253,144690.11200341998
2026-01-21 01:00:00+00:00,12.253,12.319,12.236,12.293,83278.67927090001
2026-01-21 02:00:00+00:00,12.295,12.341,12.27,12.286,125188.27992758
2026-01-21 03:00:00+00:00,12.288,12.343,12.276,12.301,50557.50494902
2026-01-21 04:00:00+00:00,12.299,12.369,12.275,12.339,32588.370225440005
2026-01-21 05:00:00+00:00,12.34,12.471,12.338,12.425,89000.49964820003
2026-01-21 06:00:00+00:00,12.42613,12.42613,12.335,12.34958,39311.86668042001
2026-01-21 07:00:00+00:00,12.347,12.3735,12.293,12.305,54264.47506615
2026-01-21 08:00:00+00:00,12.304,12.326,12.218,12.29,87328.96924050001
2026-01-21 09:00:00+00:00,12.29,12.333,12.267,12.271,51142.872197380006
2026-01-21 10:00:00+00:00,12.27,12.315,12.262,12.264,22952.138642340004
2026-01-21 11:00:00+00:00,12.263,12.295,12.156,12.167,34160.29725134001
2026-01-21 12:00:00+00:00,12.166,12.194,12.052,12.174,82527.8499397
2026-01-21 13:00:00+00:00,12.171,12.237,12.103,12.131,49631.966436080016
2026-01-21 14:00:00+00:00,12.127,12.427,12.116,12.406,161294.34197644005
2026-01-21 15:00:00+00:00,12.40696,12.546,12.341,12.43157,113585.60186329
2026-01-21 16:00:00+00:00,12.43151,12.442,11.977,12.008,232943.60350154008
2026-01-21 17:00:00+00:00,11.99135,12.116,11.884,12.02445,155052.78945253996
2026-01-21 18:00:00+00:00,12.018,12.162,11.963,12.109,139502.3625253
2026-01-21 19:00:00+00:00,12.109,12.614,12.058,12.59851,292192.3366457199
2026-01-21 20:00:00+00:00,12.59851,12.627,12.422,12.559,147312.11068232998
2026-01-21 21:00:00+00:00,12.56,12.637,12.524,12.599,122403.16426194004
2026-01-21 22:00:00+00:00,12.598,12.658,12.492,12.492,136806.97157347007
2026-01-21 23:00:00+00:00,12.49,12.523,12.355,12.391,82749.98708382004
2026-01-22 00:00:00+00:00,12.391,12.485,12.391,12.428,55367.01400739001
2026-01-22 01:00:00+00:00,12.428,12.538,12.418,12.53,56416.03172116
2026-01-22 02:00:00+00:00,12.525,12.577,12.491,12.498,38804.14010528002
2026-01-22 03:00:00+00:00,12.5,12.528,12.392,12.438,34925.23745515999
2026-01-22 04:00:00+00:00,12.434,12.523,12.426,12.5,89793.57885092996
2026-01-22 05:00:00+00:00,12.501,12.517,12.449,12.47296,21232.61292944
2026-01-22 06:00:00+00:00,12.47322,12.492,12.42,12.461,25033.273678319994
2026-01-22 07:00:00+00:00,12.463,12.488,12.396,12.419,35304.757242340005
2026-01-22 08:00:00+00:00,12.416,12.456,12.38477,12.436,62171.150958110025
2026-01-22 09:00:00+00:00,12.42951,12.48008,12.412,12.461,36046.29494659
2026-01-22 10:00:00+00:00,12.463,12.477,12.432,12.44,31355.734046599988
2026-01-22 11:00:00+00:00,12.439,12.44612,12.366,12.374,27518.43075322
2026-01-22 12:00:00+00:00,12.373,12.39661,12.357,12.372,56331.47760951
2026-01-22 13:00:00+00:00,12.372,12.47,12.313,12.342,59795.931510190014
2026-01-22 14:00:00+00:00,12.34505,12.38,12.22,12.232,157115.07609011003
2026-01-22 15:00:00+00:00,12.23679,12.30158,12.113,12.21943,160908.54120696997
2026-01-22 16:00:00+00:00,12.21947,12.323,12.191,12.284,107060.00154017
2026-01-22 17:00:00+00:00,12.28291,12.324,12.208,12.304,76925.21353484003
2026-01-22 18:00:00+00:00,12.299,12.318,12.206,12.213,48018.62795487001
2026-01-22 19:00:00+00:00,12.213,12.304,12.184,12.278,65897.13337967999
2026-01-22 20:00:00+00:00,12.27505,12.311,12.189,12.226,42249.09878778999
2026-01-22 21:00:00+00:00,12.227,12.278,12.21,12.224,37597.13501902
2026-01-22 22:00:00+00:00,12.219,12.275,12.203,12.233,38547.26143119002
2026-01-22 23:00:00+00:00,12.235,12.269,12.184,12.247,36258.40138595
2026-01-23 00:00:00+00:00,12.24597,12.264,12.209,12.232,33379.915981050006
2026-01-23 01:00:00+00:00,12.234,12.35,12.234,12.3336,32923.8912042
2026-01-23 02:00:00+00:00,12.331,12.35,12.247,12.254,25346.55167074001
2026-01-23 03:00:00+00:00,12.253,12.348,12.25046,12.322,20839.68577704
2026-01-23 04:00:00+00:00,12.3207,12.396,12.307,12.372,29307.20185225001
2026-01-23 05:00:00+00:00,12.37185,12.373,12.309,12.335,33720.55798357001
2026-01-23 06:00:00+00:00,12.335,12.384,12.254,12.255,53172.31424514001
2026-01-23 07:00:00+00:00,12.257,12.302,12.238,12.263,20174.90622156
2026-01-23 08:00:00+00:00,12.261,12.279,12.15875,12.173,35964.60687088001
2026-01-23 09:00:00+00:00,12.173,12.242,12.163,12.185,24582.78619205
2026-01-23 10:00:00+00:00,12.188,12.232,12.153,12.21,52023.90801677001
2026-01-23 11:00:00+00:00,12.21,12.264,12.207,12.24,22963.77721486
2026-01-23 12:00:00+00:00,12.244,12.263,12.209,12.237,20614.45501878001
2026-01-23 13:00:00+00:00,12.237,12.282,12.219,12.227,26696.55395902001
2026-01-23 14:00:00+00:00,12.22914,12.239,12.027,12.101,151243.61853000993
2026-01-23 15:00:00+00:00,12.102,12.263,12.052,12.24098,78872.78273004998
2026-01-23 16:00:00+00:00,12.24187,12.354,12.185,12.28,96603.34376163
2026-01-23 17:00:00+00:00,12.281,12.489,12.237,12.354,115856.02713655
2026-01-23 18:00:00+00:00,12.355,12.435,12.33,12.362,91470.4976664
2026-01-23 19:00:00+00:00,12.359,12.365,12.19,12.235,101427.75170437
2026-01-23 20:00:00+00:00,12.2332,12.271,12.106,12.146,54583.05788769998
2026-01-23 21:00:00+00:00,12.146,12.215,12.137,12.1486,21217.19643036001
2026-01-23 22:00:00+00:00,12.153,12.243,12.1486,12.226,42407.46623394
2026-01-23 23:00:00+00:00,12.227,12.227,12.186,12.202,23362.00041995
2026-01-24 00:00:00+00:00,12.2,12.27,12.189,12.22,37641.12249359999
2026-01-24 01:00:00+00:00,12.222,12.275,12.169,12.209,48596.384316229975
2026-01-24 02:00:00+00:00,12.21,12.232,12.2,12.205,18155.95398892
2026-01-24 03:00:00+00:00,12.205,12.264,12.198,12.235,18675.08429477
2026-01-24 04:00:00+00:00,12.237,12.283,12.21664,12.229,9556.535859339998
2026-01-24 05:00:00+00:00,12.229,12.242,12.206,12.216,13642.117858739995
2026-01-24 06:00:00+00:00,12.218,12.229,12.201,12.21211,11497.695209019996
2026-01-24 07:00:00+00:00,12.214,12.225,12.189,12.192,8601.80392598
2026-01-24 08:00:00+00:00,12.19013,12.221,12.185,12.215,14661.776549310003
2026-01-24 09:00:00+00:00,12.21434,12.221,12.19135,12.194,10698.41646709
2026-01-24 10:00:00+00:00,12.192,12.208,12.174,12.192,10819.230935070002
2026-01-24 11:00:00+00:00,12.194,12.207,12.188,12.193,11507.350570409995
2026-01-24 12:00:00+00:00,12.19448,12.232,12.17888,12.187,14337.305239049996
2026-01-24 13:00:00+00:00,12.189,12.209,12.141,12.141,16317.954681610005
2026-01-24 14:00:00+00:00,12.142,12.193,12.135,12.168,21125.045388650004
2026-01-24 15:00:00+00:00,12.17,12.211,12.134,12.137,39671.10184202001
2026-01-24 16:00:00+00:00,12.13624,12.18,12.11,12.153,25256.46860156
2026-01-24 17:00:00+00:00,12.155,12.208,12.144,12.184,25284.31685192
2026-01-24 18:00:00+00:00,12.187,12.214,12.175,12.184,52787.44063542002
2026-01-24 19:00:00+00:00,12.187,12.192,12.163,12.163,14553.920877029996
2026-01-24 20:00:00+00:00,12.16473,12.219,12.16404,12.185,9619.008684110002
2026-01-24 21:00:00+00:00,12.18532,12.212,12.17,12.2,31553.47187093001
2026-01-24 22:00:00+00:00,12.2,12.241,12.197,12.231,23091.18547145
2026-01-24 23:00:00+00:00,12.235,12.239,12.184,12.186,25040.953052570003
2026-01-25 00:00:00+00:00,12.184,12.209,12.15,12.17,36321.06303203
2026-01-25 01:00:00+00:00,12.17,12.177,12.122,12.13,21636.31425534
2026-01-25 02:00:00+00:00,12.128,12.165,12.12047,12.12303,23450.21876481
2026-01-25 03:00:00+00:00,12.125,12.134,12.052,12.073,51281.25468298001
2026-01-25 04:00:00+00:00,12.07,12.119,12.061,12.102,17811.703662500004
2026-01-25 05:00:00+00:00,12.082,12.117,12.077,12.104,11847.893812880004
2026-01-25 06:00:00+00:00,12.10551,12.117,12.032,12.07152,31853.728308860005
2026-01-25 07:00:00+00:00,12.071,12.088,12.04259,12.07,17072.21661792
2026-01-25 08:00:00+00:00,12.071,12.086,11.988,12.04,43375.91752994
2026-01-25 09:00:00+00:00,12.017,12.089,11.99111,12.048,21641.774248610007
2026-01-25 10:00:00+00:00,12.049,12.125,12.04,12.085,39487.0626141
2026-01-25 11:00:00+00:00,12.084,12.12,12.046,12.061,19759.57303648
2026-01-25 12:00:00+00:00,12.062,12.071,12.01535,12.07,29785.965869580006
2026-01-25 13:00:00+00:00,12.07,12.105,12.021,12.079,34932.28919350001
2026-01-25 14:00:00+00:00,12.07915,12.083,11.926,11.97544,103730.28438295
2026-01-25 15:00:00+00:00,11.972,12.001,11.93,11.95093,60980.87504419001
2026-01-25 16:00:00+00:00,11.95093,11.95093,11.67057,11.791,299096.94131508004
2026-01-25 17:00:00+00:00,11.7918,11.818,11.703,11.736,70704.31843099
2026-01-25 18:00:00+00:00,11.735,11.744,11.532,11.607,326424.16965306
2026-01-25 19:00:00+00:00,11.60534,11.642,11.374,11.423,401513.2116618101
2026-01-25 20:00:00+00:00,11.42296,11.52,11.34919,11.444,243963.02144188
2026-01-25 21:00:00+00:00,11.443,11.528,11.43835,11.505,190114.79314062
2026-01-25 22:00:00+00:00,11.507,11.513,11.38908,11.444,119935.60314461996
2026-01-25 23:00:00+00:00,11.443,11.519,11.38364,11.509,179840.4544775801
2026-01-26 00:00:00+00:00,11.509,11.645,11.493,11.644,126780.64541378
2026-01-26 01:00:00+00:00,11.645,11.856,11.64022,11.814,220013.0286798101
2026-01-26 02:00:00+00:00,11.808,11.824,11.701,11.72,69749.77965049002
2026-01-26 03:00:00+00:00,11.72103,11.767,11.648,11.689,111080.40259403994
2026-01-26 04:00:00+00:00,11.689,11.825,11.68599,11.752,111842.64365924997
2026-01-26 05:00:00+00:00,11.75436,11.785,11.745,11.756,40659.12265354
2026-01-26 06:00:00+00:00,11.75843,11.834,11.726,11.82,33288.56764781001
2026-01-26 07:00:00+00:00,11.81998,11.877,11.798,11.848,37495.29508022
2026-01-26 08:00:00+00:00,11.849,11.946,11.80943,11.864,70918.95683566004
2026-01-26 09:00:00+00:00,11.86534,11.866,11.751,11.764,49981.94375198001
2026-01-26 10:00:00+00:00,11.763,11.821,11.762,11.805,25391.62473656
2026-01-26 11:00:00+00:00,11.804,11.849,11.786,11.793,43478.66744404
2026-01-26 12:00:00+00:00,11.794,11.865,11.784,11.81952,38315.38559732
2026-01-26 13:00:00+00:00,11.819,11.878,11.808,11.871,37789.79307004
2026-01-26 14:00:00+00:00,11.872,12.022,11.797,11.989,191839.78259464
2026-01-26 15:00:00+00:00,11.988,12.124,11.861,11.907,383280.97410304006
2026-01-26 16:00:00+00:00,11.90756,11.991,11.845,11.931,243691.98011672983
2026-01-26 17:00:00+00:00,11.93163,11.977,11.805,11.9033,166968.37979292998
2026-01-26 18:00:00+00:00,11.90305,12.027,11.886,11.98,124659.07371479992
2026-01-26 19:00:00+00:00,11.981,12.0061,11.895,11.922,65849.08866960001
2026-01-26 20:00:00+00:00,11.92,11.957,11.853,11.874,67210.38253065
2026-01-26 21:00:00+00:00,11.871,12.041,11.855,11.979,85511.41026746
2026-01-26 22:00:00+00:00,11.98,12.028,11.929,11.96,44970.75562319001
2026-01-26 23:00:00+00:00,11.985,12.023,11.916,11.937,32291.288597460007
2026-01-27 00:00:00+00:00,11.937,11.979,11.92,11.94029,41741.71093179999
2026-01-27 01:00:00+00:00,11.939,12.043,11.913,11.98,50327.66493171002
2026-01-27 02:00:00+00:00,11.98095,12.067,11.974,12.038,52548.82819972
2026-01-27 03:00:00+00:00,12.037,12.069,11.97,11.98,33174.517029879986
2026-01-27 04:00:00+00:00,11.979,12.058,11.956,11.975,46023.083182140006
2026-01-27 05:00:00+00:00,11.975,11.992,11.943,11.96167,15195.636482450003
2026-01-27 06:00:00+00:00,11.968,11.982,11.928,11.938,14815.909250560004
2026-01-27 07:00:00+00:00,11.93901,11.995,11.934,11.968,20758.946929930004
2026-01-27 08:00:00+00:00,11.96875,12.016,11.926,11.947,27850.83025738
2026-01-27 09:00:00+00:00,11.946,11.948,11.863,11.87321,39404.02073306
2026-01-27 10:00:00+00:00,11.873,11.919,11.862,11.87,31779.25512029
2026-01-27 11:00:00+00:00,11.872,11.91303,11.86166,11.884,31387.74879915001
2026-01-27 12:00:00+00:00,11.884,11.915,11.857,11.869,21611.66642154
2026-01-27 13:00:00+00:00,11.869,11.897,11.826,11.836,33872.84323704002
2026-01-27 14:00:00+00:00,11.83685,11.989,11.8347,11.871,99023.98605161
2026-01-27 15:00:00+00:00,11.872,12.013,11.85,11.9761,71564.23674812999
2026-01-27 16:00:00+00:00,11.9761,12.187,11.9761,12.129,158562.63649366004
2026-01-27 17:00:00+00:00,12.13034,12.132,11.838,11.88,168375.84303831
2026-01-27 18:00:00+00:00,11.878,12.05,11.86,11.989,206154.60238455
2026-01-27 19:00:00+00:00,11.989,12.029,11.93,11.957,93320.85309612
2026-01-27 20:00:00+00:00,11.9588,12.162,11.947,12.117,133559.88654790004
2026-01-27 21:00:00+00:00,12.117,12.153,11.999,12.009,157984.29128715
2026-01-27 22:00:00+00:00,12.01222,12.111,12.01,12.044,109017.26320839
2026-01-27 23:00:00+00:00,12.044,12.088,12.0073,12.024,58014.06700705002
2026-01-28 00:00:00+00:00,12.024,12.049,11.961,12.031,64472.21792105001
2026-01-28 01:00:00+00:00,12.031,12.044,11.956,11.98281,36844.30129432999
2026-01-28 02:00:00+00:00,11.971,12.006,11.936,12.001,23484.38755396
2026-01-28 03:00:00+00:00,12.001,12.00606,11.947,11.964,38940.58304858001
2026-01-28 04:00:00+00:00,11.963,11.96747,11.886,11.912,27130.97321249
2026-01-28 05:00:00+00:00,11.912,11.952,11.873,11.897,37458.75749765001
2026-01-28 06:00:00+00:00,11.899,11.988,11.899,11.962,45691.73652589001
2026-01-28 07:00:00+00:00,11.963,11.965,11.9119,11.922,19928.984192380005
2026-01-28 08:00:00+00:00,11.922,11.944,11.881,11.883,22106.13573114
2026-01-28 09:00:00+00:00,11.886,11.978,11.85,11.94952,40996.238478540006
2026-01-28 10:00:00+00:00,11.953,12.011,11.931,11.953,55566.52570150999
2026-01-28 11:00:00+00:00,11.952,12.044,11.91664,12.02949,36301.89891412999
2026-01-28 12:00:00+00:00,12.02,12.023,11.9016,11.929,34371.05307814999
2026-01-28 13:00:00+00:00,11.929,11.997,11.918,11.926,79682.84636581001
2026-01-28 14:00:00+00:00,11.924,11.924,11.753,11.813,146106.73873558003
2026-01-28 15:00:00+00:00,11.811,11.848,11.6934,11.749,130369.90824588004
2026-01-28 16:00:00+00:00,11.74997,11.8,11.68088,11.719,112394.66281580004
2026-01-28 17:00:00+00:00,11.72,11.892,11.691,11.827,82280.12382233
2026-01-28 18:00:00+00:00,11.825,11.845,11.75,11.798,64423.11356605
2026-01-28 19:00:00+00:00,11.799,11.875,11.75,11.827,81160.56741084998
2026-01-28 20:00:00+00:00,11.83006,11.938,11.794,11.808,69050.37780841
2026-01-28 21:00:00+00:00,11.81,11.868,11.735,11.846,57255.08435756001
2026-01-28 22:00:00+00:00,11.846,11.895,11.799,11.884,35811.07665337999
2026-01-28 23:00:00+00:00,11.883,11.916,11.819,11.828,37029.37125296
2026-01-29 00:00:00+00:00,11.829,11.95,11.74189,11.791,127644.39204884986
2026-01-29 01:00:00+00:00,11.79,11.809,11.718,11.744,75067.44171350001
2026-01-29 02:00:00+00:00,11.742,11.792,11.593,11.6395,136661.39282994
2026-01-29 03:00:00+00:00,11.645,11.721,11.61073,11.63,55297.82765909
2026-01-29 04:00:00+00:00,11.628,11.628,11.518,11.61,59784.332412750045
2026-01-29 05:00:00+00:00,11.608,11.653,11.58,11.588,20463.053609750008
2026-01-29 06:00:00+00:00,11.59317,11.629,11.576,11.62,22797.43516297001
2026-01-29 07:00:00+00:00,11.618,11.643,11.602,11.61159,20308.38541242
2026-01-29 08:00:00+00:00,11.61396,11.642,11.547,11.561,36368.61512151
2026-01-29 09:00:00+00:00,11.56839,11.602,11.552,11.552,26607.02429715
2026-01-29 10:00:00+00:00,11.551,11.572,11.528,11.547,19832.4988704
2026-01-29 11:00:00+00:00,11.54782,11.561,11.498,11.531,57378.85721221
2026-01-29 12:00:00+00:00,11.528,11.568,11.49041,11.545,28240.38915615
2026-01-29 13:00:00+00:00,11.54648,11.606,11.541,11.565,63769.28084360999
2026-01-29 14:00:00+00:00,11.566,11.608,11.195,11.207,240941.91711915
2026-01-29 15:00:00+00:00,11.21014,11.21014,10.85,11.01751,531784.4576346603
2026-01-29 16:00:00+00:00,11.01751,11.073,10.912,11.054,386792.5379289803
2026-01-29 17:00:00+00:00,11.054,11.188,11.004,11.025,274565.43652831
2026-01-29 18:00:00+00:00,11.024,11.069,10.813,10.825,353463.88624574
2026-01-29 19:00:00+00:00,10.822,10.985,10.811,10.929,212484.9303328499
2026-01-29 20:00:00+00:00,10.929,11.065,10.908,11.041,119198.36872941
2026-01-29 21:00:00+00:00,11.043,11.129,11.037,11.079,93524.63659666997
2026-01-29 22:00:00+00:00,11.083,11.122,11.068,11.087,59740.22170715
2026-01-29 23:00:00+00:00,11.089,11.119,11.034,11.102,54421.90355247
2026-01-30 00:00:00+00:00,11.104,11.16,11.065,11.11,87226.09993133003
2026-01-30 01:00:00+00:00,11.109,11.123,10.61684,10.88,341643.4296944902
2026-01-30 02:00:00+00:00,10.883,10.907,10.688,10.819,329777.97792452
2026-01-30 03:00:00+00:00,10.819,10.902,10.801,10.85,94585.78719701998
2026-01-30 04:00:00+00:00,10.846,10.98,10.845,10.894,74885.92724865998
2026-01-30 05:00:00+00:00,10.895,10.939,10.873,10.88995,45034.96297984998
2026-01-30 06:00:00+00:00,10.886,10.9,10.64,10.703,127312.53184946002
2026-01-30 07:00:00+00:00,10.703,10.896,10.703,10.821,87668.57019443999
2026-01-30 08:00:00+00:00,10.82,10.854,10.712,10.774,61351.54680973999
2026-01-30 09:00:00+00:00,10.775,10.837,10.711,10.764,73820.39968493003
2026-01-30 10:00:00+00:00,10.765,10.805,10.715,10.768,65005.54031203
2026-01-30 11:00:00+00:00,10.769,10.912,10.728,10.845,80023.28213431999
2026-01-30 12:00:00+00:00,10.846,10.865,10.678,10.713,233376.95461242017
2026-01-30 13:00:00+00:00,10.712,10.754,10.581,10.646,167285.52488614008
2026-01-30 14:00:00+00:00,10.64539,10.815,10.64539,10.73804,226517.9151279301
2026-01-30 15:00:00+00:00,10.746,10.843,10.635,10.75,298070.13127408014
2026-01-30 16:00:00+00:00,10.75542,10.88,10.686,10.76918,127282.50756926
2026-01-30 17:00:00+00:00,10.766,10.864,10.7,10.752,131883.91755384
2026-01-30 18:00:00+00:00,10.753,10.93,10.48709,10.89,386164.3353462601
2026-01-30 19:00:00+00:00,10.88948,10.99,10.857,10.888,178939.87679460004
2026-01-30 20:00:00+00:00,10.8908,10.8908,10.68,10.732,233090.15278571
2026-01-30 21:00:00+00:00,10.731,10.842,10.707,10.772,278327.69189925
2026-01-30 22:00:00+00:00,10.771,10.799,10.709,10.78,40452.418465450006
2026-01-30 23:00:00+00:00,10.78,10.792,10.722,10.772,51200.02557015
2026-01-31 00:00:00+00:00,10.774,10.784,10.741,10.751,28739.49229587
2026-01-31 01:00:00+00:00,10.752,10.807,10.745,10.784,37810.90056668999
2026-01-31 02:00:00+00:00,10.782,10.828,10.722,10.778,33497.41224120999
2026-01-31 03:00:00+00:00,10.779,10.798,10.709,10.728,28107.037250890004
2026-01-31 04:00:00+00:00,10.727,10.77,10.698,10.716,28739.976474809995
2026-01-31 05:00:00+00:00,10.718,10.748,10.684,10.738,29727.71357387
2026-01-31 06:00:00+00:00,10.738,10.74,10.617,10.66,41147.75683961
2026-01-31 07:00:00+00:00,10.66,10.672,10.539,10.601,50047.01902046999
2026-01-31 08:00:00+00:00,10.59794,10.636,10.35,10.449,201583.39692612
2026-01-31 09:00:00+00:00,10.45,10.572,10.446,10.5,55265.28704904
2026-01-31 10:00:00+00:00,10.5,10.544,10.451,10.512,50008.808176510014
2026-01-31 11:00:00+00:00,10.512,10.516,10.452,10.478,49832.09114989
2026-01-31 12:00:00+00:00,10.477,10.511,10.409,10.41797,68794.70085445003
2026-01-31 13:00:00+00:00,10.424,10.456,10.303,10.349,123156.02645473
2026-01-31 14:00:00+00:00,10.35001,10.387,9.91,10.075,664596.6723670099
2026-01-31 15:00:00+00:00,10.071,10.17,10.01426,10.0332,258433.66479047
2026-01-31 16:00:00+00:00,10.03318,10.168,9.89,9.938,395613.7357777001
2026-01-31 17:00:00+00:00,9.938,9.9764,9.3538,9.592,812564.55670517
2026-01-31 18:00:00+00:00,9.584,9.658,8.97435,9.556,720637.1595444198
2026-01-31 19:00:00+00:00,9.555,9.7676,9.532,9.653,432664.1664032199
2026-01-31 20:00:00+00:00,9.65547,9.7326,9.55,9.67,253774.83674790995
2026-01-31 21:00:00+00:00,9.669,9.8468,9.619,9.812,263136.0414513899
2026-01-31 22:00:00+00:00,9.813,9.8574,9.747,9.808,143856.70349351992
2026-01-31 23:00:00+00:00,9.80823,10.041,9.786,9.98,188932.17800513
2026-02-01 00:00:00+00:00,9.978,10.054,9.961,10.009,200573.63840386004
2026-02-01 01:00:00+00:00,10.009,10.031,9.90782,10.007,96392.16222890998
2026-02-01 02:00:00+00:00,10.008,10.083,9.987,10.044,81129.51478397
2026-02-01 03:00:00+00:00,10.042,10.079,10.001,10.031,73571.89261796002
2026-02-01 04:00:00+00:00,10.033,10.084,10.01,10.01,50360.49581319998
2026-02-01 05:00:00+00:00,10.011,10.05,9.957,9.974,88675.66444398998
2026-02-01 06:00:00+00:00,9.976,10.027,9.909,9.927,92718.18061936004
2026-02-01 07:00:00+00:00,9.927,10.018,9.854,9.927,83599.97505099999
2026-02-01 08:00:00+00:00,9.929,10.015,9.883,9.951,101877.83773429002
2026-02-01 09:00:00+00:00,9.948,9.9652,9.879,9.951,70725.43821670995
2026-02-01 10:00:00+00:00,9.951,9.9852,9.758,9.768,109035.52362760996
2026-02-01 11:00:00+00:00,9.76791,9.9021,9.76791,9.863,61307.71385859999
2026-02-01 12:00:00+00:00,9.862,9.86597,9.772,9.818,99870.34195636996
2026-02-01 13:00:00+00:00,9.819,9.9034,9.748,9.778,108163.33033871994
2026-02-01 14:00:00+00:00,9.779,9.806,9.57265,9.717,197564.45071141
2026-02-01 15:00:00+00:00,9.718,9.7253,9.401,9.5373,312986.3920439599
2026-02-01 16:00:00+00:00,9.5276,9.6222,9.428,9.483,235471.0209301
2026-02-01 17:00:00+00:00,9.483,9.5139,9.393,9.5107,197110.5583746
2026-02-01 18:00:00+00:00,9.495,9.7168,9.4949,9.615,189786.59904169
2026-02-01 19:00:00+00:00,9.611,9.6467,9.47,9.522,157332.39021739992
2026-02-01 20:00:00+00:00,9.519,9.6528,9.421,9.526,143548.14102928992
2026-02-01 21:00:00+00:00,9.524,9.53,9.412,9.45239,141075.89343677997
2026-02-01 22:00:00+00:00,9.458,9.6454,9.454,9.541,125680.89199706004
2026-02-01 23:00:00+00:00,9.54,9.547,9.207,9.395,360260.63123504014
2026-02-02 00:00:00+00:00,9.394,9.6195,9.3,9.519,268097.43511295
2026-02-02 01:00:00+00:00,9.521,9.63,9.354,9.54,184159.64830933991
2026-02-02 02:00:00+00:00,9.542,9.5884,9.417,9.424,130417.45476603998
2026-02-02 03:00:00+00:00,9.42881,9.443,9.014,9.359,452213.5011386601
2026-02-02 04:00:00+00:00,9.362,9.4965,9.183,9.32426,242163.4685030299
2026-02-02 05:00:00+00:00,9.32426,9.337,9.084,9.183,223876.41541165
2026-02-02 06:00:00+00:00,9.18684,9.4705,9.06,9.334,326355.85020932
2026-02-02 07:00:00+00:00,9.335,9.4788,9.30074,9.377,189986.57093356
2026-02-02 08:00:00+00:00,9.379,9.4975,9.368,9.445,101526.86415395996
2026-02-02 09:00:00+00:00,9.44,9.6534,9.389,9.564,201930.38756507004
2026-02-02 10:00:00+00:00,9.565,9.5962,9.517,9.535,124149.13250045002
2026-02-02 11:00:00+00:00,9.536,9.5951,9.503,9.527,145390.7919108
2026-02-02 12:00:00+00:00,9.527,9.6724,9.527,9.633,116736.65412636996
2026-02-02 13:00:00+00:00,9.632,9.7256,9.599,9.686,120183.71570302
2026-02-02 14:00:00+00:00,9.684,9.8932,9.602,9.772,398344.65343325
2026-02-02 15:00:00+00:00,9.771,10.037,9.729,9.927,370189.13908656
2026-02-02 16:00:00+00:00,9.92707,10.015,9.881,9.92,194858.5419324
2026-02-02 17:00:00+00:00,9.917,9.9891,9.846,9.898,192470.87556479988
2026-02-02 18:00:00+00:00,9.89976,9.9197,9.792,9.861,159455.14291368998
2026-02-02 19:00:00+00:00,9.86,9.8802,9.766,9.788,103396.95707837
2026-02-02 20:00:00+00:00,9.786,9.8259,9.698,9.733,185277.33011537
2026-02-02 21:00:00+00:00,9.733,9.8326,9.728,9.79825,89941.47440409998
2026-02-02 22:00:00+00:00,9.799,9.8677,9.787,9.834,80234.34808425001
2026-02-02 23:00:00+00:00,9.835,9.857,9.788,9.797,75439.24770453002
2026-02-03 00:00:00+00:00,9.798,9.8477,9.733,9.832,82371.99499784996
2026-02-03 01:00:00+00:00,9.83,9.842,9.767,9.811,76920.36700340999
2026-02-03 02:00:00+00:00,9.811,9.813,9.6,9.612,98959.35955584
2026-02-03 03:00:00+00:00,9.613,9.791,9.575,9.76938,102830.78796287
2026-02-03 04:00:00+00:00,9.765,9.8574,9.743,9.81,102465.89123144996
2026-02-03 05:00:00+00:00,9.81,9.81,9.689,9.7,72856.25010461
2026-02-03 06:00:00+00:00,9.69847,9.7479,9.644,9.712,83666.42328699998
2026-02-03 07:00:00+00:00,9.712,9.794,9.681,9.728,73687.36009725998
2026-02-03 08:00:00+00:00,9.728,9.7507,9.65411,9.661,66632.01620543002
2026-02-03 09:00:00+00:00,9.66,9.68476,9.51821,9.593,204578.9096433001
2026-02-03 10:00:00+00:00,9.594,9.647,9.557,9.589,60944.93225825
2026-02-03 11:00:00+00:00,9.587,9.6157,9.556,9.577,93646.69537640996
2026-02-03 12:00:00+00:00,9.573,9.6916,9.55,9.662,114666.60099657996
2026-02-03 13:00:00+00:00,9.661,9.7089,9.636,9.692,76894.89799227998
2026-02-03 14:00:00+00:00,9.688,9.7283,9.501,9.515,241906.38991426
2026-02-03 15:00:00+00:00,9.512,9.7743,9.48119,9.74021,405490.86329042976
2026-02-03 16:00:00+00:00,9.74012,9.741,9.488,9.496,307332.3778734999
2026-02-03 17:00:00+00:00,9.499,9.515,9.291,9.295,301388.6849975802
2026-02-03 18:00:00+00:00,9.298,9.3566,9.07,9.10392,462189.0832487001
2026-02-03 19:00:00+00:00,9.098,9.5565,9.081,9.459,530640.64794132
2026-02-03 20:00:00+00:00,9.458,9.8708,9.379,9.774,523197.11256526015
2026-02-03 21:00:00+00:00,9.772,9.8995,9.65466,9.667,293305.3262163101
2026-02-03 22:00:00+00:00,9.66742,9.675,9.482,9.503,163350.98943295004
2026-02-03 23:00:00+00:00,9.502,9.531,9.399,9.477,130377.43751826996
2026-02-04 00:00:00+00:00,9.477,9.5985,9.438,9.529,80993.92131866999
2026-02-04 01:00:00+00:00,9.53,9.6899,9.53,9.626,106083.17207372
2026-02-04 02:00:00+00:00,9.626,9.6641,9.548,9.582,202276.56386956
2026-02-04 03:00:00+00:00,9.583,9.7776,9.572,9.714,162435.44000291004
2026-02-04 04:00:00+00:00,9.716,9.7511,9.65395,9.662,71686.66931671
2026-02-04 05:00:00+00:00,9.663,9.6929,9.57,9.60055,82579.64863263996
2026-02-04 06:00:00+00:00,9.59931,9.6975,9.587,9.647,109406.59074172996
2026-02-04 07:00:00+00:00,9.646,9.7168,9.59,9.664,100387.67240985
2026-02-04 08:00:00+00:00,9.665,9.7379,9.629,9.7,186390.9395189402
2026-02-04 09:00:00+00:00,9.698,9.7177,9.587,9.612,81202.45642031998
2026-02-04 10:00:00+00:00,9.613,9.6364,9.573,9.589,55703.203181489975
2026-02-04 11:00:00+00:00,9.591,9.6311,9.472,9.567,124762.76439381996
2026-02-04 12:00:00+00:00,9.567,9.599,9.511,9.545,58208.08653417999
2026-02-04 13:00:00+00:00,9.54234,9.5875,9.386,9.398,154812.46922084995
2026-02-04 14:00:00+00:00,9.396,9.46985,9.225,9.229,326375.1503565198
2026-02-04 15:00:00+00:00,9.23,9.3586,9.119,9.201,467222.0594309799
2026-02-04 16:00:00+00:00,9.203,9.27,9.06099,9.147,482321.0166238101
2026-02-04 17:00:00+00:00,9.147,9.2531,9.057,9.173,333909.65840386006
2026-02-04 18:00:00+00:00,9.171,9.411,9.01,9.277,553605.0605050902
2026-02-04 19:00:00+00:00,9.278,9.4639,9.238,9.421,304696.5214266899
2026-02-04 20:00:00+00:00,9.423,9.4639,9.323,9.349,120672.55395572996
2026-02-04 21:00:00+00:00,9.351,9.4078,9.116,9.196,146574.19200395996
2026-02-04 22:00:00+00:00,9.195,9.3716,9.031,9.159,263687.5292838801
2026-02-04 23:00:00+00:00,9.156,9.3446,9.134,9.235,242737.0428040801
2026-02-05 00:00:00+00:00,9.233,9.3195,9.19,9.223,104196.81182786
2026-02-05 01:00:00+00:00,9.224,9.358,9.131,9.21,192751.2003184299
2026-02-05 02:00:00+00:00,9.212,9.2937,9.035,9.122,320227.7768484499
2026-02-05 03:00:00+00:00,9.122,9.2228,9.057,9.074,185689.26899265
2026-02-05 04:00:00+00:00,9.077,9.1694,9.011,9.07,277936.3248139701
2026-02-05 05:00:00+00:00,9.07102,9.227,8.994,9.088,234950.10944807008
2026-02-05 06:00:00+00:00,9.087,9.09997,8.95332,9.0,170424.1155806301
2026-02-05 07:00:00+00:00,8.998,9.1431,8.991,9.039,158471.88550923
2026-02-05 08:00:00+00:00,9.04,9.1937,9.03591,9.11,94491.10261816002
2026-02-05 09:00:00+00:00,9.109,9.2609,9.109,9.171,118327.17256736
2026-02-05 10:00:00+00:00,9.173,9.2113,8.915,8.949,150350.38707822002
2026-02-05 11:00:00+00:00,8.949,9.0291,8.787,8.925,319666.4286407401
2026-02-05 12:00:00+00:00,8.926,9.0047,8.817,8.903,351158.2540441102
2026-02-05 13:00:00+00:00,8.903,8.9714,8.806,8.837,352423.1887502802
2026-02-05 14:00:00+00:00,8.837,9.0669,8.817,8.84382,376011.8251775801
2026-02-05 15:00:00+00:00,8.84287,8.868,8.29,8.448,1182006.956008379
2026-02-05 16:00:00+00:00,8.4556,8.653,8.382,8.557,809792.2726905898
2026-02-05 17:00:00+00:00,8.556,8.6156,8.25,8.331,602474.8139680998
2026-02-05 18:00:00+00:00,8.335,8.4071,8.201,8.363,510307.38603596
2026-02-05 19:00:00+00:00,8.363,8.3886,8.206,8.239,310770.93433172
2026-02-05 20:00:00+00:00,8.241,8.3223,7.84,7.97,1079245.7102228098
2026-02-05 21:00:00+00:00,7.974,8.1753,7.902,7.957,939363.1387252196
2026-02-05 22:00:00+00:00,7.961,8.134,7.841,8.017,647025.8952331101
2026-02-05 23:00:00+00:00,8.016,8.2156,7.879,7.902,592462.95680627
2026-02-06 00:00:00+00:00,7.903,8.0252,7.1291,7.905,1888473.769050457
2026-02-06 01:00:00+00:00,7.903,8.2072,7.876,8.162,773625.9011491797
2026-02-06 02:00:00+00:00,8.163,8.2445,7.967,8.03595,435302.3676891798
2026-02-06 03:00:00+00:00,8.04366,8.1146,7.961,8.023,379992.76206596
2026-02-06 04:00:00+00:00,8.024,8.1544,7.988,8.109,242958.2307754501
2026-02-06 05:00:00+00:00,8.107,8.3791,8.1,8.308,341533.0587469799
2026-02-06 06:00:00+00:00,8.315,8.3485,8.129,8.141,282968.04826010007
2026-02-06 07:00:00+00:00,8.14,8.1824,8.0499,8.069,255670.5083873701
2026-02-06 08:00:00+00:00,8.071,8.1354,7.977,8.021,321495.4498532699
2026-02-06 09:00:00+00:00,8.021,8.2533,8.0,8.215,283429.2571660899
2026-02-06 10:00:00+00:00,8.214,8.3111,8.179,8.271,246344.5970386201
2026-02-06 11:00:00+00:00,8.271,8.3569,8.253,8.314,211728.44605780995
2026-02-06 12:00:00+00:00,8.312,8.3207,8.253,8.306,185121.60689942
2026-02-06 13:00:00+00:00,8.307,8.4576,8.293,8.388,315065.16229685995
2026-02-06 14:00:00+00:00,8.39116,8.62,8.316,8.542,638209.33271921
2026-02-06 15:00:00+00:00,8.544,8.6341,8.472,8.58415,487129.19912628
2026-02-06 16:00:00+00:00,8.58316,8.846,8.55,8.805,770979.5718153601
2026-02-06 17:00:00+00:00,8.807,9.004,8.774,8.882,594952.19533357
2026-02-06 18:00:00+00:00,8.88,8.89014,8.696,8.797,332295.33216408023
2026-02-06 19:00:00+00:00,8.797,8.8796,8.754,8.837,212863.1891004801
2026-02-06 20:00:00+00:00,8.836,8.9332,8.755,8.862,274046.3421678599
2026-02-06 21:00:00+00:00,8.862,8.896,8.78228,8.859,176197.07227259016
2026-02-06 22:00:00+00:00,8.86,9.0012,8.836,8.96042,194918.61218081004
2026-02-06 23:00:00+00:00,8.958,8.998,8.84,8.876,193699.97819769004
2026-02-07 00:00:00+00:00,8.879,8.888,8.789,8.832,222117.55302146004
2026-02-07 01:00:00+00:00,8.83,8.9208,8.785,8.888,195597.38981667007
2026-02-07 02:00:00+00:00,8.887,8.899,8.826,8.874,94879.40447331
2026-02-07 03:00:00+00:00,8.875,8.9566,8.86963,8.932,154436.7853187
2026-02-07 04:00:00+00:00,8.928,9.0532,8.86064,8.90087,177449.13044359
2026-02-07 05:00:00+00:00,8.904,8.9864,8.889,8.94364,119499.17552482002
2026-02-07 06:00:00+00:00,8.943,8.9871,8.784,8.786,170945.67167543006
2026-02-07 07:00:00+00:00,8.787,8.83,8.593,8.68825,321250.63921470015
2026-02-07 08:00:00+00:00,8.688,8.732,8.647,8.692,173369.52316142005
2026-02-07 09:00:00+00:00,8.695,8.7451,8.606,8.623,114477.27006928
2026-02-07 10:00:00+00:00,8.622,8.651,8.575,8.619,87484.00645942999
2026-02-07 11:00:00+00:00,8.618,8.6656,8.608,8.647,86568.11827249003
2026-02-07 12:00:00+00:00,8.646,8.93739,8.639,8.819,294472.7184480001
2026-02-07 13:00:00+00:00,8.819,8.8611,8.723,8.77,146177.07980671
2026-02-07 14:00:00+00:00,8.76902,8.82,8.664,8.679,144225.58745126
2026-02-07 15:00:00+00:00,8.681,8.8463,8.662,8.81849,186621.0977152699
2026-02-07 16:00:00+00:00,8.81857,9.0261,8.776,8.846,884345.6386044591
2026-02-07 17:00:00+00:00,8.846,8.8894,8.779,8.862,172499.58882927996
2026-02-07 18:00:00+00:00,8.855,9.043,8.838,8.974,135846.10632109002
2026-02-07 19:00:00+00:00,8.973,8.9809,8.908,8.94,78873.12120884002
2026-02-07 20:00:00+00:00,8.941,9.0263,8.939,8.99852,123035.31266343
2026-02-07 21:00:00+00:00,8.998,9.0287,8.947,8.958,86427.38832766001
2026-02-07 22:00:00+00:00,8.956,9.0019,8.919,8.925,81275.68907526998
2026-02-07 23:00:00+00:00,8.93,8.93545,8.845,8.904,140304.6850823599
2026-02-08 00:00:00+00:00,8.904,8.916,8.83893,8.882,78408.45091646
2026-02-08 01:00:00+00:00,8.883,8.94,8.879,8.92777,60141.21332764001
2026-02-08 02:00:00+00:00,8.926,8.9651,8.848,8.88,72003.38990042004
2026-02-08 03:00:00+00:00,8.877,8.88956,8.816,8.821,65201.845761670025
2026-02-08 04:00:00+00:00,8.82,8.8604,8.777,8.846,52629.98931126001
2026-02-08 05:00:00+00:00,8.84626,8.8605,8.81,8.835,34051.8594894
2026-02-08 06:00:00+00:00,8.836,8.8688,8.821,8.836,38385.72965783
2026-02-08 07:00:00+00:00,8.837,8.8586,8.786,8.822,50630.61526205001
2026-02-08 08:00:00+00:00,8.824,8.9827,8.793,8.954,115117.99404449004
2026-02-08 09:00:00+00:00,8.954,8.9833,8.86,8.878,75532.92807803003
2026-02-08 10:00:00+00:00,8.881,8.9524,8.804,8.849,88648.90275079
2026-02-08 11:00:00+00:00,8.847,9.0213,8.843,8.99382,93460.99915549003
2026-02-08 12:00:00+00:00,8.998,9.045,8.975,9.016,103283.35687120997
2026-02-08 13:00:00+00:00,9.014,9.0359,8.934,8.966,148241.48602731005
2026-02-08 14:00:00+00:00,8.967,8.9833,8.908,8.965,87763.04688318004
2026-02-08 15:00:00+00:00,8.961,8.9945,8.843,8.88523,122307.4037558
2026-02-08 16:00:00+00:00,8.88523,8.9134,8.721,8.752,126615.27587198003
2026-02-08 17:00:00+00:00,8.75,8.8489,8.746,8.797,77857.95753817998
2026-02-08 18:00:00+00:00,8.79843,8.9387,8.793,8.886,60644.90185197
2026-02-08 19:00:00+00:00,8.886,8.9767,8.875,8.952,68186.32629505
2026-02-08 20:00:00+00:00,8.952,8.95638,8.824,8.835,52287.629078890015
2026-02-08 21:00:00+00:00,8.832,8.8677,8.77003,8.796,76478.19860414999
2026-02-08 22:00:00+00:00,8.796,8.8659,8.79403,8.846,43726.62171954001
2026-02-08 23:00:00+00:00,8.844,9.016,8.746,8.817,235596.7638060801
2026-02-09 00:00:00+00:00,8.82414,8.8618,8.768,8.81,93674.83619205
2026-02-09 01:00:00+00:00,8.809,8.8893,8.72,8.771,168938.3958316
2026-02-09 02:00:00+00:00,8.773,8.8604,8.739,8.798,88611.57012154999
2026-02-09 03:00:00+00:00,8.80078,8.8956,8.791,8.875,61763.21471125002
2026-02-09 04:00:00+00:00,8.873,8.874,8.803,8.82,53093.521426480016
2026-02-09 05:00:00+00:00,8.82091,8.8662,8.796,8.848,41333.17239148002
2026-02-09 06:00:00+00:00,8.85124,8.8525,8.733,8.781,83267.26151119
2026-02-09 07:00:00+00:00,8.78047,8.8117,8.712,8.725,73581.47353395002
2026-02-09 08:00:00+00:00,8.724,8.7567,8.599,8.653,128644.62736254
2026-02-09 09:00:00+00:00,8.652,8.6761,8.575,8.593,94887.29579542002
2026-02-09 10:00:00+00:00,8.593,8.624,8.449,8.493,193894.0199652901
2026-02-09 11:00:00+00:00,8.494,8.5811,8.494,8.556,104513.20205297998
2026-02-09 12:00:00+00:00,8.556,8.6151,8.551,8.596,62239.25426961999
2026-02-09 13:00:00+00:00,8.598,8.64922,8.555,8.556,143282.04393488003
2026-02-09 14:00:00+00:00,8.557,8.6828,8.517,8.628,400175.60496402014
2026-02-09 15:00:00+00:00,8.6277,8.7567,8.603,8.752,410936.61273349007
2026-02-09 16:00:00+00:00,8.75,8.892,8.655,8.809,298801.23865063
2026-02-09 17:00:00+00:00,8.807,8.9603,8.759,8.92076,351044.7976616602
2026-02-09 18:00:00+00:00,8.92075,8.9779,8.827,8.90038,149084.2395740601
2026-02-09 19:00:00+00:00,8.904,8.9946,8.881,8.964,101501.40025812003
2026-02-09 20:00:00+00:00,8.963,9.0191,8.868,8.912,141912.53768308
2026-02-09 21:00:00+00:00,8.913,8.922,8.786,8.881,141511.31601544007
2026-02-09 22:00:00+00:00,8.881,8.917,8.85,8.867,86351.66473487
2026-02-09 23:00:00+00:00,8.868,8.9086,8.82,8.833,68347.94033237004
2026-02-10 00:00:00+00:00,8.83343,8.856,8.796,8.804,38866.23835002
2026-02-10 01:00:00+00:00,8.804,8.8879,8.799,8.868,45648.40429463
2026-02-10 02:00:00+00:00,8.864,8.868,8.793,8.802,71861.67076663999
2026-02-10 03:00:00+00:00,8.803,8.81005,8.634,8.682,206542.17508785
2026-02-10 04:00:00+00:00,8.68245,8.731,8.675,8.71091,64092.88819707001
2026-02-10 05:00:00+00:00,8.71365,8.7239,8.614,8.638,68736.98027998004
2026-02-10 06:00:00+00:00,8.635,8.651,8.473,8.496,137881.88948518006
2026-02-10 07:00:00+00:00,8.497,8.5705,8.492,8.534,107949.12386575
2026-02-10 08:00:00+00:00,8.534,8.5861,8.506,8.563,102278.27069592
2026-02-10 09:00:00+00:00,8.56157,8.628,8.52735,8.555,84716.29215748001
2026-02-10 10:00:00+00:00,8.556,8.5839,8.525,8.53,45925.58134475
2026-02-10 11:00:00+00:00,8.529,8.56,8.49,8.496,71940.40613686
2026-02-10 12:00:00+00:00,8.497,8.5454,8.472,8.486,72513.03008023
2026-02-10 13:00:00+00:00,8.485,8.5837,8.47,8.571,90211.44047180998
2026-02-10 14:00:00+00:00,8.57,8.6675,8.475,8.526,179285.15426434006
2026-02-10 15:00:00+00:00,8.525,8.6223,8.493,8.57448,198116.99484937004
2026-02-10 16:00:00+00:00,8.57447,8.6407,8.516,8.58983,119087.10109364004
2026-02-10 17:00:00+00:00,8.588,8.6634,8.551,8.627,70333.01557954002
2026-02-10 18:00:00+00:00,8.627,8.6435,8.468,8.507,135292.61830401004
2026-02-10 19:00:00+00:00,8.506,8.5878,8.47769,8.542,96799.5348591
2026-02-10 20:00:00+00:00,8.54507,8.5715,8.497,8.529,62227.79952281001
2026-02-10 21:00:00+00:00,8.529,8.55515,8.476,8.517,59484.09952918001
2026-02-10 22:00:00+00:00,8.515,8.5867,8.503,8.547,83878.79985624002
2026-02-10 23:00:00+00:00,8.544,8.5772,8.522,8.573,99691.36415069007
2026-02-11 00:00:00+00:00,8.569,8.5942,8.549,8.559,88381.80259115002
2026-02-11 01:00:00+00:00,8.56,8.5908,8.521,8.56,70630.74553747002
2026-02-11 02:00:00+00:00,8.561,8.6163,8.54,8.54,33827.65978493
2026-02-11 03:00:00+00:00,8.542,8.5946,8.453,8.532,87324.57450504001
2026-02-11 04:00:00+00:00,8.531,8.5469,8.371,8.402,172702.71633779
2026-02-11 05:00:00+00:00,8.40418,8.4377,8.357,8.366,86288.41386722997
2026-02-11 06:00:00+00:00,8.365,8.381,8.27,8.298,152409.16005444
2026-02-11 07:00:00+00:00,8.297,8.3616,8.288,8.312,59149.23153883002
2026-02-11 08:00:00+00:00,8.312,8.3183,8.265,8.277,72200.49936161001
2026-02-11 09:00:00+00:00,8.279,8.2977,8.239,8.254,52411.11651156999
2026-02-11 10:00:00+00:00,8.253,8.256,8.189,8.211,77264.6822146
2026-02-11 11:00:00+00:00,8.21,8.27902,8.204,8.272,53358.89315177
2026-02-11 12:00:00+00:00,8.269,8.3133,8.244,8.26684,83817.77670821999
2026-02-11 13:00:00+00:00,8.268,8.3659,8.239,8.34,167148.09140249
2026-02-11 14:00:00+00:00,8.341,8.5685,8.225,8.236,399874.72850032
2026-02-11 15:00:00+00:00,8.239,8.2775,8.121,8.23806,315236.75085634
2026-02-11 16:00:00+00:00,8.23889,8.366,8.157,8.169,229586.67087492003
2026-02-11 17:00:00+00:00,8.167,8.3142,8.137,8.231,133399.83813693
2026-02-11 18:00:00+00:00,8.232,8.35,8.188,8.312,127354.41163882
2026-02-11 19:00:00+00:00,8.314,8.3704,8.266,8.309,161313.32737550006
2026-02-11 20:00:00+00:00,8.307,8.3514,8.247,8.325,126514.77545432
2026-02-11 21:00:00+00:00,8.326,8.4565,8.307,8.391,150231.55684392
2026-02-11 22:00:00+00:00,8.394,8.406,8.314,8.329,102964.20365179997
2026-02-11 23:00:00+00:00,8.328,8.362,8.25,8.316,161631.33772677009
2026-02-12 00:00:00+00:00,8.31875,8.4196,8.316,8.381,91303.86263307
2026-02-12 01:00:00+00:00,8.38,8.459,8.38,8.39,91981.44413339
2026-02-12 02:00:00+00:00,8.389,8.413,8.342,8.366,82625.93572301997
2026-02-12 03:00:00+00:00,8.367,8.4419,8.36,8.423,33179.57463929001
2026-02-12 04:00:00+00:00,8.422,8.4468,8.385,8.402,55068.377439839984
2026-02-12 05:00:00+00:00,8.40342,8.4562,8.345,8.439,49428.75271219002
2026-02-12 06:00:00+00:00,8.43885,8.5176,8.43,8.469,67247.01558259003
2026-02-12 07:00:00+00:00,8.467,8.482,8.418,8.452,49304.39352687999
2026-02-12 08:00:00+00:00,8.453,8.469,8.396,8.41134,25751.52506824
2026-02-12 09:00:00+00:00,8.414,8.534,8.408,8.506,94244.78299814
2026-02-12 10:00:00+00:00,8.50627,8.5829,8.47404,8.572,58029.08963016001
2026-02-12 11:00:00+00:00,8.573,8.5956,8.527,8.554,72280.90236032002
2026-02-12 12:00:00+00:00,8.553,8.56,8.47,8.493,60018.710648150016
2026-02-12 13:00:00+00:00,8.49163,8.5833,8.466,8.567,100111.00250017997
2026-02-12 14:00:00+00:00,8.566,8.569,8.476,8.493,239267.92850099
2026-02-12 15:00:00+00:00,8.49266,8.5254,8.344,8.35418,300471.1050737099
2026-02-12 16:00:00+00:00,8.353,8.376,8.167,8.206,242577.12517786003
2026-02-12 17:00:00+00:00,8.205,8.3127,8.17,8.229,235943.19084067995
2026-02-12 18:00:00+00:00,8.23,8.2899,8.201,8.267,146436.59825415997
2026-02-12 19:00:00+00:00,8.27,8.4209,8.241,8.3219,347508.4749174
2026-02-12 20:00:00+00:00,8.297,8.3339,8.212,8.235,182454.81242297
2026-02-12 21:00:00+00:00,8.235,8.3062,8.233,8.283,65405.63753218
2026-02-12 22:00:00+00:00,8.283,8.3896,8.25,8.368,86445.59096438
2026-02-12 23:00:00+00:00,8.368,8.4387,8.352,8.406,145238.14348963997
2026-02-13 00:00:00+00:00,8.40662,8.4423,8.34,8.377,75347.30995046
2026-02-13 01:00:00+00:00,8.377,8.4486,8.371,8.399,72044.18138239998
2026-02-13 02:00:00+00:00,8.4,8.4144,8.364,8.396,44032.11033447999
2026-02-13 03:00:00+00:00,8.398,8.4478,8.366,8.419,51771.98443431
2026-02-13 04:00:00+00:00,8.419,8.42002,8.363,8.367,41692.77587116
2026-02-13 05:00:00+00:00,8.36764,8.3926,8.324,8.333,42602.86230916999
2026-02-13 06:00:00+00:00,8.33256,8.3911,8.29518,8.378,29534.388344949988
2026-02-13 07:00:00+00:00,8.375,8.4311,8.357,8.37,41158.27863739999
2026-02-13 08:00:00+00:00,8.37249,8.4801,8.358,8.451,63077.40411929
2026-02-13 09:00:00+00:00,8.45,8.4772,8.421,8.449,38403.258246740006
2026-02-13 10:00:00+00:00,8.45188,8.4788,8.425,8.448,28422.0692874
2026-02-13 11:00:00+00:00,8.446,8.4547,8.381,8.428,33410.62456941
2026-02-13 12:00:00+00:00,8.426,8.4586,8.3936,8.435,29384.23520246
2026-02-13 13:00:00+00:00,8.43521,8.5316,8.407,8.489,110272.20855040006
2026-02-13 14:00:00+00:00,8.489,8.62,8.422,8.56673,349229.0824710402
2026-02-13 15:00:00+00:00,8.566,8.8303,8.56,8.705,292416.0976944202
2026-02-13 16:00:00+00:00,8.7015,8.9165,8.686,8.84421,219653.64126766004
2026-02-13 17:00:00+00:00,8.845,8.8806,8.788,8.821,97343.16051816002
2026-02-13 18:00:00+00:00,8.821,8.83,8.769,8.793,109566.92380958004
2026-02-13 19:00:00+00:00,8.794,8.832,8.767,8.796,66110.20000238002
2026-02-13 20:00:00+00:00,8.799,8.804,8.756,8.791,65300.54015097002
2026-02-13 21:00:00+00:00,8.792,8.843,8.79,8.83,57829.81197998999
2026-02-13 22:00:00+00:00,8.831,8.8647,8.796,8.813,59213.62883192999
2026-02-13 23:00:00+00:00,8.812,8.813,8.754,8.761,45482.77079609001
2026-02-14 00:00:00+00:00,8.76239,8.8448,8.749,8.818,68073.21567201
2026-02-14 01:00:00+00:00,8.816,8.8932,8.796,8.869,190064.51969056
2026-02-14 02:00:00+00:00,8.869,8.87,8.788,8.821,146966.16130442
2026-02-14 03:00:00+00:00,8.821,8.856,8.81208,8.844,72687.09452060002
2026-02-14 04:00:00+00:00,8.844,8.86074,8.821,8.84,40250.02026485
2026-02-14 05:00:00+00:00,8.84,8.873,8.821,8.823,28412.001643740008
2026-02-14 06:00:00+00:00,8.82254,8.8326,8.796,8.81592,16581.388023530002
2026-02-14 07:00:00+00:00,8.817,8.8968,8.812,8.881,24918.55166782
2026-02-14 08:00:00+00:00,8.88118,8.9766,8.88118,8.958,74874.38454400003
2026-02-14 09:00:00+00:00,8.96,8.9998,8.94651,8.971,55140.86466319002
2026-02-14 10:00:00+00:00,8.97,8.97,8.918,8.926,26896.17080113
2026-02-14 11:00:00+00:00,8.925,9.043,8.924,9.033,71523.42428608
2026-02-14 12:00:00+00:00,9.034,9.0393,8.917,8.932,92511.8507847
2026-02-14 13:00:00+00:00,8.929,8.9613,8.904,8.948,62646.56148396
2026-02-14 14:00:00+00:00,8.94815,9.0338,8.945,9.029,78190.1534601
2026-02-14 15:00:00+00:00,9.027,9.044,8.992,9.036,59548.01674312999
2026-02-14 16:00:00+00:00,9.03838,9.07865,8.966,9.061,126883.01430005
2026-02-14 17:00:00+00:00,9.062,9.155,9.03269,9.041,223604.81387235
2026-02-14 18:00:00+00:00,9.044,9.12675,9.03161,9.117,88296.76793614002
2026-02-14 19:00:00+00:00,9.117,9.1893,9.09417,9.1751,99430.46884502
2026-02-14 20:00:00+00:00,9.166,9.1927,9.076,9.1363,69108.71123177998
2026-02-14 21:00:00+00:00,9.134,9.2018,9.087,9.136,152454.46871980996
2026-02-14 22:00:00+00:00,9.135,9.188,9.118,9.12141,62704.20968086001
2026-02-14 23:00:00+00:00,9.118,9.1372,9.072,9.086,65985.37908355
2026-02-15 00:00:00+00:00,9.08933,9.1013,9.022,9.06,90530.84502311
2026-02-15 01:00:00+00:00,9.06413,9.11907,8.992,9.06,124025.51568309008
2026-02-15 02:00:00+00:00,9.058,9.1168,8.989,9.043,79629.48676182999
2026-02-15 03:00:00+00:00,9.041,9.077,8.929,9.063,121698.61411955996
2026-02-15 04:00:00+00:00,9.064,9.172,9.062,9.088,109740.02220876
2026-02-15 05:00:00+00:00,9.09304,9.199,9.081,9.186,115554.53122901994
2026-02-15 06:00:00+00:00,9.185,9.204,9.11998,9.143,62103.02606202
2026-02-15 07:00:00+00:00,9.14,9.244,9.132,9.198,84828.68498525996
2026-02-15 08:00:00+00:00,9.198,9.2427,9.052,9.118,189021.6716802101
2026-02-15 09:00:00+00:00,9.117,9.1881,9.095,9.123,51834.91129822001
2026-02-15 10:00:00+00:00,9.121,9.133,9.03,9.077,48824.82660505
2026-02-15 11:00:00+00:00,9.078,9.0992,9.038,9.05,23482.858954320007
2026-02-15 12:00:00+00:00,9.051,9.0658,8.826,8.831,277417.0013624602
2026-02-15 13:00:00+00:00,8.831,8.94202,8.75009,8.7889,277539.69954975013
2026-02-15 14:00:00+00:00,8.788,8.8795,8.785,8.875,99826.01478043002
2026-02-15 15:00:00+00:00,8.875,8.9027,8.834,8.86512,59911.57027851001
2026-02-15 16:00:00+00:00,8.86536,8.868,8.764,8.861,143480.34135791997
2026-02-15 17:00:00+00:00,8.862,8.8843,8.66,8.747,133934.77828283003
2026-02-15 18:00:00+00:00,8.746,8.7576,8.662,8.685,135757.86881514004
2026-02-15 19:00:00+00:00,8.682,8.7092,8.58789,8.638,154594.71366412003
2026-02-15 20:00:00+00:00,8.636,8.688,8.60387,8.658,90702.30978919004
2026-02-15 21:00:00+00:00,8.658,8.7458,8.657,8.7232,65380.30258970001
2026-02-15 22:00:00+00:00,8.712,8.77717,8.69,8.775,40726.50236305
2026-02-15 23:00:00+00:00,8.775,8.7921,8.675,8.778,72487.05127415001
2026-02-16 00:00:00+00:00,8.78165,8.8556,8.75,8.781,74532.12098487001
2026-02-16 01:00:00+00:00,8.782,8.82537,8.707,8.746,60147.25861071998
2026-02-16 02:00:00+00:00,8.743,8.778,8.692,8.711,31676.40882947001
2026-02-16 03:00:00+00:00,8.71583,8.7605,8.692,8.749,42660.57923332
2026-02-16 04:00:00+00:00,8.746,8.817,8.745,8.803,84889.20547802
2026-02-16 05:00:00+00:00,8.80598,8.8219,8.66,8.69,76358.03655204
2026-02-16 06:00:00+00:00,8.68986,8.7758,8.683,8.755,30272.50555162001
2026-02-16 07:00:00+00:00,8.754,8.795,8.73495,8.758,36063.37838025
2026-02-16 08:00:00+00:00,8.76,8.8258,8.76,8.811,40286.66069274
2026-02-16 09:00:00+00:00,8.81388,8.8901,8.806,8.87626,43269.45060922001
2026-02-16 10:00:00+00:00,8.872,8.87608,8.811,8.818,38582.32247816004
2026-02-16 11:00:00+00:00,8.81992,8.8451,8.691,8.787,48675.465421880006
2026-02-16 12:00:00+00:00,8.787,8.9358,8.751,8.9358,84321.56978394002
2026-02-16 13:00:00+00:00,8.918,8.9913,8.729,8.758,179576.77057358006
2026-02-16 14:00:00+00:00,8.757,8.9125,8.725,8.832,110570.08661687004
2026-02-16 15:00:00+00:00,8.83421,8.8986,8.641,8.704,129274.22494021004
2026-02-16 16:00:00+00:00,8.70753,8.8076,8.7,8.772,90395.16405571008
2026-02-16 17:00:00+00:00,8.77,8.841,8.73,8.786,62801.7192569
2026-02-16 18:00:00+00:00,8.7877,8.824,8.746,8.753,53947.78371295
2026-02-16 19:00:00+00:00,8.754,8.811,8.738,8.781,39319.67748104
2026-02-16 20:00:00+00:00,8.779,8.8822,8.756,8.863,60030.15743164998
2026-02-16 21:00:00+00:00,8.864,8.9717,8.842,8.942,172618.06465652995
2026-02-16 22:00:00+00:00,8.942,8.974,8.881,8.893,69549.52754181004
2026-02-16 23:00:00+00:00,8.892,8.9511,8.872,8.93,68671.91145485
2026-02-17 00:00:00+00:00,8.932,8.971,8.911,8.921,41235.09194147
2026-02-17 01:00:00+00:00,8.922,8.962,8.88252,8.891,41232.44162598
2026-02-17 02:00:00+00:00,8.888,8.9967,8.855,8.962,77332.06989987
2026-02-17 03:00:00+00:00,8.962,8.9809,8.905,8.92095,60397.15904166999
2026-02-17 04:00:00+00:00,8.917,8.9647,8.881,8.90975,44661.31469913999
2026-02-17 05:00:00+00:00,8.90857,8.9117,8.791,8.851,60329.01885166999
2026-02-17 06:00:00+00:00,8.85325,8.9106,8.852,8.892,27675.44730168
2026-02-17 07:00:00+00:00,8.891,8.8922,8.82736,8.864,29293.18200312001
2026-02-17 08:00:00+00:00,8.864,8.887,8.814,8.824,31868.83083451999
2026-02-17 09:00:00+00:00,8.818,8.836,8.783,8.809,37235.65385973
2026-02-17 10:00:00+00:00,8.807,8.818,8.725,8.749,33811.929847380015
2026-02-17 11:00:00+00:00,8.748,8.7843,8.733,8.763,46027.66623812
2026-02-17 12:00:00+00:00,8.765,8.8181,8.75,8.761,40003.89749896001
2026-02-17 13:00:00+00:00,8.76064,8.8879,8.753,8.858,90962.399783
2026-02-17 14:00:00+00:00,8.856,8.9206,8.684,8.704,166689.7090918001
2026-02-17 15:00:00+00:00,8.702,8.7902,8.65557,8.77134,277971.24145955
2026-02-17 16:00:00+00:00,8.77134,8.9577,8.767,8.8314,237072.87230965
2026-02-17 17:00:00+00:00,8.815,8.834,8.6856,8.733,131403.77451460998
2026-02-17 18:00:00+00:00,8.732,8.9349,8.716,8.889,149326.03927940998
2026-02-17 19:00:00+00:00,8.891,8.9572,8.853,8.874,97945.02424870002
2026-02-17 20:00:00+00:00,8.87783,8.88727,8.817,8.852,56133.059736579984
2026-02-17 21:00:00+00:00,8.85,8.8973,8.835,8.87,40712.533608309976
2026-02-17 22:00:00+00:00,8.86911,8.9028,8.837,8.845,55105.42209471001
2026-02-17 23:00:00+00:00,8.844,8.855,8.814,8.82551,53552.91861707001
2026-02-18 00:00:00+00:00,8.825,8.8513,8.787,8.78962,93841.92816569004
2026-02-18 01:00:00+00:00,8.787,8.8129,8.741,8.792,59640.204925180005
2026-02-18 02:00:00+00:00,8.789,8.8755,8.787,8.848,28001.34299667
2026-02-18 03:00:00+00:00,8.846,8.9078,8.83827,8.88,22221.626558770004
2026-02-18 04:00:00+00:00,8.88,8.8914,8.825,8.843,43109.47731412002
2026-02-18 05:00:00+00:00,8.844,8.867,8.825,8.843,50016.87411185
2026-02-18 06:00:00+00:00,8.84448,8.89,8.84447,8.852,17766.51243624
2026-02-18 07:00:00+00:00,8.852,8.9378,8.843,8.913,49531.7197485
2026-02-18 08:00:00+00:00,8.913,9.007,8.891,8.897,49767.01478143002
2026-02-18 09:00:00+00:00,8.899,8.914,8.876,8.881,35251.34445842001
2026-02-18 10:00:00+00:00,8.882,8.931,8.831,8.842,73715.52268738998
2026-02-18 11:00:00+00:00,8.84,8.8603,8.757,8.764,49524.04144108001
2026-02-18 12:00:00+00:00,8.765,8.7998,8.72,8.778,49685.61644951001
2026-02-18 13:00:00+00:00,8.778,8.8049,8.66,8.7,103779.08835805998
2026-02-18 14:00:00+00:00,8.7,8.7557,8.662,8.73,133829.68585343004
2026-02-18 15:00:00+00:00,8.726,8.8949,8.724,8.798,139094.23463967995
2026-02-18 16:00:00+00:00,8.80074,8.8066,8.686,8.71,154333.81291604004
2026-02-18 17:00:00+00:00,8.711,8.793,8.699,8.70409,59284.55063423
2026-02-18 18:00:00+00:00,8.706,8.72,8.603,8.619,148773.15588185997
2026-02-18 19:00:00+00:00,8.618,8.6738,8.514,8.571,133806.79851094005
2026-02-18 20:00:00+00:00,8.571,8.6194,8.534,8.557,102776.38299644
2026-02-18 21:00:00+00:00,8.558,8.6194,8.545,8.559,60621.55713317001
2026-02-18 22:00:00+00:00,8.561,8.5962,8.521,8.571,44427.37415443
2026-02-18 23:00:00+00:00,8.573,8.6106,8.557,8.602,39120.04492849
2026-02-19 00:00:00+00:00,8.602,8.6359,8.566,8.60135,26494.63748313
2026-02-19 01:00:00+00:00,8.601,8.685,8.601,8.685,80347.14717686002
2026-02-19 02:00:00+00:00,8.67,8.7012,8.625,8.654,46619.23762244002
2026-02-19 03:00:00+00:00,8.653,8.689,8.624,8.667,33971.22751456999
2026-02-19 04:00:00+00:00,8.668,8.7301,8.667,8.675,40640.83939679001
2026-02-19 05:00:00+00:00,8.6748,8.69179,8.62,8.659,26549.90459528
2026-02-19 06:00:00+00:00,8.658,8.7596,8.655,8.715,35476.350578959995
2026-02-19 07:00:00+00:00,8.716,8.742,8.684,8.697,30499.622406240007
2026-02-19 08:00:00+00:00,8.695,8.697,8.6067,8.63,43824.460551560005
2026-02-19 09:00:00+00:00,8.632,8.7018,8.599,8.6,46786.51688275001
2026-02-19 10:00:00+00:00,8.6,8.6223,8.561,8.575,41293.44327038001
2026-02-19 11:00:00+00:00,8.578,8.6155,8.557,8.566,32307.22208116001
2026-02-19 12:00:00+00:00,8.566,8.6092,8.55,8.552,30212.82574837001
2026-02-19 13:00:00+00:00,8.552,8.5657,8.364,8.401,185199.7328361801
2026-02-19 14:00:00+00:00,8.4,8.5287,8.394,8.476,154533.51634115007
2026-02-19 15:00:00+00:00,8.47852,8.5342,8.3823,8.438,119619.24800835009
2026-02-19 16:00:00+00:00,8.43877,8.47,8.34,8.432,85829.37622366
2026-02-19 17:00:00+00:00,8.43349,8.5481,8.394,8.422,130412.24635022
2026-02-19 18:00:00+00:00,8.421,8.5495,8.411,8.527,85255.91239201001
2026-02-19 19:00:00+00:00,8.525,8.5441,8.451,8.509,49545.20935739002
2026-02-19 20:00:00+00:00,8.509,8.5575,8.475,8.524,78263.19796727996
2026-02-19 21:00:00+00:00,8.523,8.5542,8.511,8.519,31839.06287452
2026-02-19 22:00:00+00:00,8.52,8.536,8.48279,8.526,31185.90337389
2026-02-19 23:00:00+00:00,8.526,8.5886,8.52,8.575,34559.14813918001
2026-02-20 00:00:00+00:00,8.574,8.6555,8.562,8.616,39627.73162313001
2026-02-20 01:00:00+00:00,8.615,8.639,8.588,8.609,82784.28008447
2026-02-20 02:00:00+00:00,8.61,8.63,8.584,8.585,32454.79804127999
2026-02-20 03:00:00+00:00,8.59136,8.6403,8.582,8.602,34294.92012174998
2026-02-20 04:00:00+00:00,8.60514,8.60514,8.521,8.559,64895.77351589002
2026-02-20 05:00:00+00:00,8.55718,8.6785,8.543,8.63,46081.49853836002
2026-02-20 06:00:00+00:00,8.63351,8.638,8.589,8.637,44562.22665513
2026-02-20 07:00:00+00:00,8.638,8.6812,8.63,8.651,33303.11658077999
2026-02-20 08:00:00+00:00,8.651,8.69948,8.649,8.66857,48943.473164960014
2026-02-20 09:00:00+00:00,8.669,8.7313,8.669,8.695,74738.72596225
2026-02-20 10:00:00+00:00,8.694,8.7371,8.662,8.667,66813.42068086001
2026-02-20 11:00:00+00:00,8.665,8.67,8.601,8.619,46468.749161880005
2026-02-20 12:00:00+00:00,8.62,8.6511,8.6,8.627,33415.15793270001
2026-02-20 13:00:00+00:00,8.625,8.6297,8.453,8.499,147929.10278654
2026-02-20 14:00:00+00:00,8.498,8.654,8.493,8.6,203568.61055908003
2026-02-20 15:00:00+00:00,8.604,8.8411,8.6,8.826,430119.3754679301
2026-02-20 16:00:00+00:00,8.82801,8.9771,8.813,8.915,289098.39019012026
2026-02-20 17:00:00+00:00,8.91991,8.91991,8.694,8.846,266866.89829318004
2026-02-20 18:00:00+00:00,8.844,8.926,8.81,8.897,282364.44528417
2026-02-20 19:00:00+00:00,8.897,8.9215,8.854,8.901,155588.45632549006
2026-02-20 20:00:00+00:00,8.9,8.9594,8.881,8.907,124823.81332975005
2026-02-20 21:00:00+00:00,8.905,8.9892,8.895,8.975,77071.79519699005
2026-02-20 22:00:00+00:00,8.974,9.0186,8.945,8.967,76437.79929121
2026-02-20 23:00:00+00:00,8.966,8.98,8.924,8.939,42397.00683912
2026-02-21 00:00:00+00:00,8.94147,8.964,8.885,8.902,51294.46871125
2026-02-21 01:00:00+00:00,8.902,8.9552,8.898,8.94826,19054.320022490007
2026-02-21 02:00:00+00:00,8.948,8.9889,8.931,8.931,31135.607370830003
2026-02-21 03:00:00+00:00,8.932,8.936,8.854,8.88538,62731.14436329
2026-02-21 04:00:00+00:00,8.88535,8.8908,8.855,8.884,25642.62654994
2026-02-21 05:00:00+00:00,8.88298,8.9202,8.879,8.88697,44496.79691649
2026-02-21 06:00:00+00:00,8.88697,8.9226,8.862,8.87142,33956.58185614
2026-02-21 07:00:00+00:00,8.865,8.8888,8.856,8.864,21136.549590750004
2026-02-21 08:00:00+00:00,8.86548,8.9228,8.86,8.905,26582.95938044
2026-02-21 09:00:00+00:00,8.904,8.9707,8.881,8.92,105277.86580613002
2026-02-21 10:00:00+00:00,8.919,8.941,8.909,8.915,24826.5261651
2026-02-21 11:00:00+00:00,8.913,8.9877,8.911,8.939,24132.79276539
2026-02-21 12:00:00+00:00,8.94,8.9579,8.896,8.928,31661.26207221
2026-02-21 13:00:00+00:00,8.926,8.9854,8.904,8.975,38405.3332548
2026-02-21 14:00:00+00:00,8.97516,9.04554,8.952,8.959,114055.10837722
2026-02-21 15:00:00+00:00,8.95979,8.9795,8.923,8.93644,75196.17098172999
2026-02-21 16:00:00+00:00,8.93644,8.9451,8.846,8.89427,149979.91303991002
2026-02-21 17:00:00+00:00,8.89427,8.97,8.884,8.954,65101.67557049001
2026-02-21 18:00:00+00:00,8.953,8.995,8.949,8.96986,43249.95492377999
2026-02-21 19:00:00+00:00,8.97,8.978,8.921,8.932,23108.27732704
2026-02-21 20:00:00+00:00,8.932,8.9534,8.87,8.875,54754.95935757
2026-02-21 21:00:00+00:00,8.875,8.912,8.865,8.909,29799.34353123001
2026-02-21 22:00:00+00:00,8.908,8.923,8.873,8.881,35722.198551220004
2026-02-21 23:00:00+00:00,8.882,8.8962,8.87,8.873,17840.754860309993
2026-02-22 00:00:00+00:00,8.871,8.877,8.81382,8.847,51767.40032028
2026-02-22 01:00:00+00:00,8.8477,8.8919,8.835,8.878,52658.07145680001
2026-02-22 02:00:00+00:00,8.87946,8.899,8.824,8.834,37216.20432897
2026-02-22 03:00:00+00:00,8.83245,8.8568,8.796,8.84,43670.96895910999
2026-02-22 04:00:00+00:00,8.839,8.8629,8.832,8.842,26340.7238946
2026-02-22 05:00:00+00:00,8.84682,8.85,8.813,8.83025,25475.29500683
2026-02-22 06:00:00+00:00,8.83203,8.8607,8.805,8.855,33920.73238289
2026-02-22 07:00:00+00:00,8.856,8.8786,8.844,8.854,27060.44422869
2026-02-22 08:00:00+00:00,8.853,8.867,8.798,8.805,16759.971918930005
2026-02-22 09:00:00+00:00,8.804,8.816,8.794,8.81338,18975.0400593
2026-02-22 10:00:00+00:00,8.815,8.8468,8.806,8.825,16949.665101020004
2026-02-22 11:00:00+00:00,8.825,8.84,8.818,8.835,11001.40528399
2026-02-22 12:00:00+00:00,8.834,8.842,8.73,8.757,72831.13264753002
2026-02-22 13:00:00+00:00,8.76029,8.76416,8.7051,8.718,45998.801480210015
2026-02-22 14:00:00+00:00,8.71926,8.755,8.69,8.723,79230.24606236002
2026-02-22 15:00:00+00:00,8.72393,8.77595,8.685,8.70845,98388.42680457998
2026-02-22 16:00:00+00:00,8.70845,8.7113,8.664,8.6949,44529.575568920016
2026-02-22 17:00:00+00:00,8.693,8.6945,8.58967,8.632,110203.31030286996
2026-02-22 18:00:00+00:00,8.63,8.6541,8.61552,8.634,39814.23416478001
2026-02-22 19:00:00+00:00,8.633,8.645,8.602,8.64,29183.702769179992
2026-02-22 20:00:00+00:00,8.639,8.6469,8.601,8.613,38384.15616943001
2026-02-22 21:00:00+00:00,8.614,8.6763,8.609,8.659,84936.30316909999
2026-02-22 22:00:00+00:00,8.657,8.7124,8.65,8.694,34438.53189212001
2026-02-22 23:00:00+00:00,8.693,8.69999,8.64,8.678,44403.21681593002
2026-02-23 00:00:00+00:00,8.678,8.7001,8.55,8.555,62655.46039449999
2026-02-23 01:00:00+00:00,8.552,8.5622,8.172,8.203,572967.1006398901
2026-02-23 02:00:00+00:00,8.20542,8.26,8.18192,8.224,176482.60019328
2026-02-23 03:00:00+00:00,8.22249,8.284,8.195,8.25728,104054.58578914998
2026-02-23 04:00:00+00:00,8.255,8.258,8.175,8.209,76811.42065009002
2026-02-23 05:00:00+00:00,8.209,8.2854,8.208,8.236,64294.22701960001
2026-02-23 06:00:00+00:00,8.23758,8.3653,8.228,8.343,71780.84657989
2026-02-23 07:00:00+00:00,8.34709,8.3872,8.32,8.3545,66429.92013437
2026-02-23 08:00:00+00:00,8.354,8.3549,8.309,8.331,33432.46200590998
2026-02-23 09:00:00+00:00,8.33562,8.5388,8.332,8.524,130832.4906020302
2026-02-23 10:00:00+00:00,8.525,8.56,8.489,8.508,58232.21948869
2026-02-23 11:00:00+00:00,8.507,8.513,8.451,8.474,59626.31254819004
2026-02-23 12:00:00+00:00,8.473,8.5857,8.442,8.536,105059.66215783004
2026-02-23 13:00:00+00:00,8.537,8.55,8.49324,8.499,85343.40073732001
2026-02-23 14:00:00+00:00,8.499,8.5235,8.413,8.456,228926.66667011
2026-02-23 15:00:00+00:00,8.455,8.4962,8.396,8.416,165054.60754976998
2026-02-23 16:00:00+00:00,8.415,8.4592,8.355,8.365,112102.40784626
2026-02-23 17:00:00+00:00,8.364,8.394,8.181,8.296,217315.41835861
2026-02-23 18:00:00+00:00,8.2939,8.369,8.251,8.262,142008.50367076998
2026-02-23 19:00:00+00:00,8.264,8.276,8.193,8.231,112081.08773599003
2026-02-23 20:00:00+00:00,8.23,8.3189,8.205,8.281,158201.58460342005
2026-02-23 21:00:00+00:00,8.281,8.337,8.277,8.306,71973.44885430999
2026-02-23 22:00:00+00:00,8.307,8.3473,8.29,8.291,162538.41811250005
2026-02-23 23:00:00+00:00,8.289,8.3461,8.256,8.266,67190.65296072002
2026-02-24 00:00:00+00:00,8.265,8.3458,8.265,8.326,36929.844899
2026-02-24 01:00:00+00:00,8.32529,8.32529,8.114,8.235,218713.72055814
2026-02-24 02:00:00+00:00,8.234,8.3204,8.214,8.262,133830.81775259002
2026-02-24 03:00:00+00:00,8.261,8.2688,8.167,8.206,143104.62373125993
2026-02-24 04:00:00+00:00,8.208,8.2436,8.143,8.17,152972.57155794004
2026-02-24 05:00:00+00:00,8.1708,8.2226,8.12125,8.17423,150246.75543044996
2026-02-24 06:00:00+00:00,8.17383,8.189,8.13156,8.143,56880.39082268
2026-02-24 07:00:00+00:00,8.14296,8.1809,8.122,8.15,76546.11444682001
2026-02-24 08:00:00+00:00,8.15,8.204,8.116,8.175,64991.09771906002
2026-02-24 09:00:00+00:00,8.174,8.189,8.105,8.16489,88114.44604976999
2026-02-24 10:00:00+00:00,8.171,8.242,8.15839,8.183,190155.47489969985
2026-02-24 11:00:00+00:00,8.183,8.195,8.148,8.177,50009.7285995
2026-02-24 12:00:00+00:00,8.176,8.1969,8.142,8.148,82031.03790554001
2026-02-24 13:00:00+00:00,8.149,8.158,8.06,8.095,145027.09715614986
2026-02-24 14:00:00+00:00,8.094,8.241,8.05,8.176,193717.09492013007
2026-02-24 15:00:00+00:00,8.177,8.2369,8.149,8.215,156564.32817471
2026-02-24 16:00:00+00:00,8.21717,8.2851,8.173,8.245,172469.59173297003
2026-02-24 17:00:00+00:00,8.246,8.2783,8.223,8.236,151594.12371878003
2026-02-24 18:00:00+00:00,8.235,8.2747,8.178,8.242,62730.59352828999
2026-02-24 19:00:00+00:00,8.241,8.2753,8.202,8.233,66178.32245524005
2026-02-24 20:00:00+00:00,8.23348,8.265,8.218,8.24,52816.53150791
2026-02-24 21:00:00+00:00,8.239,8.2405,8.167,8.201,76199.47103054002
2026-02-24 22:00:00+00:00,8.20136,8.2437,8.193,8.219,51244.52343795
2026-02-24 23:00:00+00:00,8.22001,8.255,8.1756,8.198,102158.94384449
2026-02-25 00:00:00+00:00,8.199,8.2597,8.18327,8.23768,62714.29767555999
2026-02-25 01:00:00+00:00,8.235,8.604,8.229,8.561,298255.24289342
2026-02-25 02:00:00+00:00,8.561,8.6323,8.552,8.60184,166469.01967893002
2026-02-25 03:00:00+00:00,8.6,8.622,8.497,8.50269,153188.38125826002
2026-02-25 04:00:00+00:00,8.502,8.5569,8.452,8.484,115878.60620382005
2026-02-25 05:00:00+00:00,8.48766,8.5102,8.354,8.404,117714.92624784002
2026-02-25 06:00:00+00:00,8.4071,8.4533,8.395,8.407,51132.48332153
2026-02-25 07:00:00+00:00,8.40675,8.4888,8.4,8.476,55264.17691118001
2026-02-25 08:00:00+00:00,8.47711,8.5426,8.436,8.525,76258.56702556001
2026-02-25 09:00:00+00:00,8.522,8.5916,8.51333,8.577,53607.18234275001
2026-02-25 10:00:00+00:00,8.578,8.6201,8.567,8.59,51340.84415265
2026-02-25 11:00:00+00:00,8.591,8.6749,8.559,8.6566,57808.44378864
2026-02-25 12:00:00+00:00,8.655,8.8373,8.639,8.809,124282.65711554
2026-02-25 13:00:00+00:00,8.81,8.985,8.81,8.88828,281997.43946275004
2026-02-25 14:00:00+00:00,8.888,9.129,8.88671,9.123,291910.25449586014
2026-02-25 15:00:00+00:00,9.122,9.482,9.099,9.27832,574214.1207957196
2026-02-25 16:00:00+00:00,9.27909,9.4687,9.278,9.446,287889.36477633
2026-02-25 17:00:00+00:00,9.448,9.5131,9.428,9.472,256816.40242717
2026-02-25 18:00:00+00:00,9.47129,9.511,9.381,9.432,181402.85488159992
2026-02-25 19:00:00+00:00,9.434,9.4983,9.349,9.473,123773.28173828997
2026-02-25 20:00:00+00:00,9.475,9.4995,9.388,9.427,175993.15126047996
2026-02-25 21:00:00+00:00,9.428,9.5948,9.352,9.487,352505.5346698001
2026-02-25 22:00:00+00:00,9.489,9.5595,9.384,9.421,136496.4223031399
2026-02-25 23:00:00+00:00,9.42,9.4415,9.181,9.269,243364.53141565985
2026-02-26 00:00:00+00:00,9.269,9.3397,9.196,9.244,159090.62911281997
2026-02-26 01:00:00+00:00,9.243,9.279,9.172,9.208,122807.43284244998
2026-02-26 02:00:00+00:00,9.21,9.2624,9.152,9.244,107438.90827534995
2026-02-26 03:00:00+00:00,9.246,9.2614,9.202,9.224,80287.11208583003
2026-02-26 04:00:00+00:00,9.223,9.3474,9.21041,9.297,74141.12642179999
2026-02-26 05:00:00+00:00,9.29702,9.3143,9.205,9.302,72508.28397786
2026-02-26 06:00:00+00:00,9.30409,9.3445,9.255,9.276,67241.64687459002
2026-02-26 07:00:00+00:00,9.275,9.2897,9.196,9.2199,74965.14857316003
2026-02-26 08:00:00+00:00,9.21,9.2679,9.18,9.191,72801.74091119997
2026-02-26 09:00:00+00:00,9.19,9.335,9.184,9.296,92595.67497081
2026-02-26 10:00:00+00:00,9.294,9.3314,9.22,9.235,55778.34594647998
2026-02-26 11:00:00+00:00,9.234,9.2543,9.197,9.212,51369.69836624
2026-02-26 12:00:00+00:00,9.2274,9.3131,9.204,9.298,68583.08144509999
2026-02-26 13:00:00+00:00,9.297,9.299,9.212,9.233,75770.51766646997
2026-02-26 14:00:00+00:00,9.232,9.282,9.094,9.156,199751.65739426
2026-02-26 15:00:00+00:00,9.15663,9.1687,9.025,9.121,349321.25931955007
2026-02-26 16:00:00+00:00,9.11859,9.1498,8.865,8.887,290222.3416903399
2026-02-26 17:00:00+00:00,8.887,8.9741,8.852,8.883,222447.46497768004
2026-02-26 18:00:00+00:00,8.883,9.0057,8.86,8.986,146855.20029684
2026-02-26 19:00:00+00:00,8.984,9.1317,8.982,9.098,254648.57881216024
2026-02-26 20:00:00+00:00,9.097,9.1528,9.04564,9.067,96006.23640396002
2026-02-26 21:00:00+00:00,9.066,9.1101,9.042,9.08523,51295.46137006001
2026-02-26 22:00:00+00:00,9.087,9.1504,9.077,9.13,42121.43543478001
2026-02-26 23:00:00+00:00,9.129,9.129,9.083,9.09366,56364.25057126
2026-02-27 00:00:00+00:00,9.099,9.107,9.003,9.047,73045.6040667
2026-02-27 01:00:00+00:00,9.049,9.0894,9.002,9.073,108036.49091469002
2026-02-27 02:00:00+00:00,9.074,9.1396,9.061,9.115,59973.05862936999
2026-02-27 03:00:00+00:00,9.115,9.2017,9.094,9.184,80296.07562203998
2026-02-27 04:00:00+00:00,9.185,9.296,9.168,9.183,138584.75828362998
2026-02-27 05:00:00+00:00,9.18588,9.2268,9.173,9.185,66223.69530258999
2026-02-27 06:00:00+00:00,9.18813,9.209,9.127,9.188,53442.68911119001
2026-02-27 07:00:00+00:00,9.18664,9.194,9.12029,9.17487,61361.78816054999
2026-02-27 08:00:00+00:00,9.174,9.2413,9.139,9.177,101346.41694128
2026-02-27 09:00:00+00:00,9.181,9.2036,9.065,9.084,75259.64945001999
2026-02-27 10:00:00+00:00,9.084,9.098,8.92,8.928,171315.35014290005
2026-02-27 11:00:00+00:00,8.925,8.9612,8.805,8.847,157461.57012781
2026-02-27 12:00:00+00:00,8.844,8.8719,8.77,8.825,128345.32018130003
2026-02-27 13:00:00+00:00,8.81739,8.87,8.734,8.843,171210.95574101005
2026-02-27 14:00:00+00:00,8.842,8.854,8.758,8.769,159560.09521665014
2026-02-27 15:00:00+00:00,8.769,8.842,8.759,8.819,170184.2272453101
2026-02-27 16:00:00+00:00,8.819,8.819,8.717,8.727,110288.23752706006
2026-02-27 17:00:00+00:00,8.727,8.758,8.655,8.749,162429.41248425998
2026-02-27 18:00:00+00:00,8.749,8.75378,8.662,8.67738,63764.06214720999
2026-02-27 19:00:00+00:00,8.674,8.7019,8.644,8.671,76100.01905961001
2026-02-27 20:00:00+00:00,8.671,8.7122,8.67,8.696,48952.796504770005
2026-02-27 21:00:00+00:00,8.696,8.7385,8.647,8.673,60505.82395442003
2026-02-27 22:00:00+00:00,8.672,8.6929,8.548,8.674,124268.36242142002
2026-02-27 23:00:00+00:00,8.673,8.724,8.67,8.714,58069.36262774999
2026-02-28 00:00:00+00:00,8.712,8.7511,8.677,8.74504,47884.351937970016
2026-02-28 01:00:00+00:00,8.745,8.751,8.69,8.699,65836.97660795998
2026-02-28 02:00:00+00:00,8.698,8.738,8.689,8.732,21843.4212812
2026-02-28 03:00:00+00:00,8.733,8.7474,8.666,8.682,21231.210161910003
2026-02-28 04:00:00+00:00,8.681,8.699,8.63085,8.675,39525.10860364001
2026-02-28 05:00:00+00:00,8.67774,8.6888,8.62423,8.652,32731.80763985
2026-02-28 06:00:00+00:00,8.65334,8.65334,8.258,8.284,399938.0184983599
2026-02-28 07:00:00+00:00,8.283,8.4468,8.226,8.3624,166467.54203945
2026-02-28 08:00:00+00:00,8.35412,8.35412,8.257,8.272,102573.13644972004
2026-02-28 09:00:00+00:00,8.272,8.30742,8.225,8.266,105700.72735160004
2026-02-28 10:00:00+00:00,8.265,8.324,8.204,8.312,189958.54593212
2026-02-28 11:00:00+00:00,8.315,8.3472,8.27,8.27823,69873.00862094
2026-02-28 12:00:00+00:00,8.279,8.3388,8.278,8.315,108989.91341295998
2026-02-28 13:00:00+00:00,8.31599,8.506,8.297,8.497,169808.62943946003
2026-02-28 14:00:00+00:00,8.50091,8.5494,8.374,8.399,207799.63293519
2026-02-28 15:00:00+00:00,8.4,8.472,8.353,8.43945,145537.31809735994
2026-02-28 16:00:00+00:00,8.43824,8.5065,8.404,8.492,136105.83455697005
2026-02-28 17:00:00+00:00,8.494,8.511,8.407,8.494,108039.66688201
2026-02-28 18:00:00+00:00,8.484,8.67,8.468,8.621,120067.36561049998
2026-02-28 19:00:00+00:00,8.62,8.7379,8.564,8.691,145238.8153146399
2026-02-28 20:00:00+00:00,8.69,8.849,8.667,8.838,218911.3896449901
2026-02-28 21:00:00+00:00,8.84,8.849,8.744,8.798,125794.56107036
2026-02-28 22:00:00+00:00,8.799,8.9475,8.791,8.852,120623.47761759006
2026-02-28 23:00:00+00:00,8.85688,8.8729,8.811,8.847,60130.34086768002
2026-03-01 00:00:00+00:00,8.846,8.874,8.80369,8.828,44558.67236939999
2026-03-01 01:00:00+00:00,8.827,9.0538,8.745,8.99399,163436.4610716299
2026-03-01 02:00:00+00:00,9.001,9.208,8.99399,9.104,223176.5251167501
2026-03-01 03:00:00+00:00,9.103,9.1486,9.031,9.053,91280.75197059002
2026-03-01 04:00:00+00:00,9.056,9.0847,8.978,9.059,107349.546759
2026-03-01 05:00:00+00:00,9.05924,9.1008,9.043,9.044,45564.80262909001
2026-03-01 06:00:00+00:00,9.04702,9.055,8.926,8.96,113564.78760934998
2026-03-01 07:00:00+00:00,8.96,9.0086,8.943,8.976,32105.55393186
2026-03-01 08:00:00+00:00,8.977,9.0022,8.855,8.878,60209.73528997004
2026-03-01 09:00:00+00:00,8.877,8.959,8.851,8.88968,45983.449025960006
2026-03-01 10:00:00+00:00,8.888,8.926,8.842,8.879,66077.74882902
2026-03-01 11:00:00+00:00,8.88092,8.9152,8.863,8.876,29864.01157760001
2026-03-01 12:00:00+00:00,8.874,8.907,8.82389,8.833,37169.24915607001
2026-03-01 13:00:00+00:00,8.832,9.016,8.785,8.967,118089.18727608
2026-03-01 14:00:00+00:00,8.965,9.0612,8.927,8.945,142104.32760711003
2026-03-01 15:00:00+00:00,8.945,9.0034,8.914,8.92098,104333.39733342004
2026-03-01 16:00:00+00:00,8.92097,8.9803,8.754,8.822,150546.94321314004
2026-03-01 17:00:00+00:00,8.819,8.8416,8.71602,8.779,166374.94961613996
2026-03-01 18:00:00+00:00,8.78,8.922,8.777,8.81,171275.53638421005
2026-03-01 19:00:00+00:00,8.811,8.814,8.675,8.694,237867.37220794003
2026-03-01 20:00:00+00:00,8.692,8.69692,8.5377,8.557,228277.4233277501
2026-03-01 21:00:00+00:00,8.56265,8.64,8.55,8.628,97095.80418036002
2026-03-01 22:00:00+00:00,8.627,8.79209,8.591,8.59878,140793.69276146998
2026-03-01 23:00:00+00:00,8.601,8.727,8.582,8.674,92722.7969772
2026-03-02 00:00:00+00:00,8.673,8.804,8.66,8.765,106717.11998463004
2026-03-02 01:00:00+00:00,8.766,8.8891,8.751,8.779,92950.20980253002
2026-03-02 02:00:00+00:00,8.779,8.805,8.679,8.762,99179.97816076002
2026-03-02 03:00:00+00:00,8.76005,8.86,8.72701,8.825,119138.81434243002
2026-03-02 04:00:00+00:00,8.826,8.8384,8.785,8.8056,83838.10096437004
2026-03-02 05:00:00+00:00,8.81004,8.8575,8.752,8.805,54281.12306345
2026-03-02 06:00:00+00:00,8.80514,8.80524,8.658,8.694,98145.30818994004
2026-03-02 07:00:00+00:00,8.693,8.696,8.609,8.672,50013.91139878001
2026-03-02 08:00:00+00:00,8.674,8.717,8.586,8.696,112409.10165403003
2026-03-02 09:00:00+00:00,8.696,8.7683,8.673,8.675,88171.12026804002
2026-03-02 10:00:00+00:00,8.674,8.705,8.658,8.698,51672.99496600001
2026-03-02 11:00:00+00:00,8.696,8.7328,8.653,8.692,71419.52019651998
2026-03-02 12:00:00+00:00,8.693,8.7085,8.63,8.659,62862.21100674
2026-03-02 13:00:00+00:00,8.659,8.7023,8.595,8.602,97128.40500755998
2026-03-02 14:00:00+00:00,8.605,8.8763,8.582,8.852,224051.64496582013
2026-03-02 15:00:00+00:00,8.851,9.18261,8.83309,9.10872,392832.9840747002
2026-03-02 16:00:00+00:00,9.10872,9.271,9.071,9.149,260548.1882106401
2026-03-02 17:00:00+00:00,9.152,9.166,8.974,9.064,182112.45800765004
2026-03-02 18:00:00+00:00,9.06494,9.081,8.987,9.016,121865.95807222003
2026-03-02 19:00:00+00:00,9.017,9.057,8.952,9.04,146994.09115049004
2026-03-02 20:00:00+00:00,9.039,9.095,8.969,8.996,109123.79402939005
2026-03-02 21:00:00+00:00,8.999,9.047,8.968,9.0354,89986.19064111999
2026-03-02 22:00:00+00:00,9.036,9.11,9.026,9.063,78160.83132351005
2026-03-02 23:00:00+00:00,9.062,9.073,8.9234,8.953,108655.81664956
2026-03-03 00:00:00+00:00,8.95371,9.016,8.918,8.977,120884.81823756998
2026-03-03 01:00:00+00:00,8.975,9.0162,8.92,8.92161,77682.27594246004
2026-03-03 02:00:00+00:00,8.924,8.9486,8.848,8.916,113319.85830736005
2026-03-03 03:00:00+00:00,8.918,8.927,8.865,8.88637,35527.66481683999
2026-03-03 04:00:00+00:00,8.886,8.898,8.832,8.843,37090.509197210005
2026-03-03 05:00:00+00:00,8.84472,8.9376,8.771,8.808,76567.23806323002
2026-03-03 06:00:00+00:00,8.80533,8.8285,8.774,8.806,51627.75728485
2026-03-03 07:00:00+00:00,8.805,8.8418,8.781,8.793,40121.41462834
2026-03-03 08:00:00+00:00,8.792,8.807,8.63,8.649,106075.40712440002
2026-03-03 09:00:00+00:00,8.65,8.70097,8.604,8.644,120482.43542910003
2026-03-03 10:00:00+00:00,8.644,8.678,8.609,8.643,51779.02748821999
2026-03-03 11:00:00+00:00,8.644,8.68406,8.62,8.674,70498.47656088
2026-03-03 12:00:00+00:00,8.673,8.793,8.67,8.706,69889.50390876
2026-03-03 13:00:00+00:00,8.707,8.711,8.6,8.635,54010.721232700016
2026-03-03 14:00:00+00:00,8.633,8.753,8.56,8.625,178255.23264357002
2026-03-03 15:00:00+00:00,8.623,8.758,8.584,8.744,148628.60351815008
2026-03-03 16:00:00+00:00,8.74686,8.928,8.708,8.82,241980.57002765007
2026-03-03 17:00:00+00:00,8.824,8.843,8.718,8.824,104551.77186520006
2026-03-03 18:00:00+00:00,8.827,8.91,8.775,8.841,109223.30389854008
2026-03-03 19:00:00+00:00,8.843,8.85,8.774,8.807,99336.99057374004
2026-03-03 20:00:00+00:00,8.80989,8.8213,8.739,8.759,58600.72620658002
2026-03-03 21:00:00+00:00,8.757,8.76,8.67905,8.728,63395.98219696
2026-03-03 22:00:00+00:00,8.73154,8.832,8.728,8.804,63239.87748899
2026-03-03 23:00:00+00:00,8.805,8.886,8.797,8.809,52958.47068844002
2026-03-04 00:00:00+00:00,8.81,8.822,8.72816,8.8042,60324.585200570014
2026-03-04 01:00:00+00:00,8.805,8.896,8.78,8.824,125621.6701624
2026-03-04 02:00:00+00:00,8.825,8.843,8.77,8.831,63515.52963771001
2026-03-04 03:00:00+00:00,8.83,8.838,8.687,8.75705,91018.59246542008
2026-03-04 04:00:00+00:00,8.759,8.7766,8.687,8.742,65061.34854558001
2026-03-04 05:00:00+00:00,8.74491,8.802,8.696,8.759,69475.10676711999
2026-03-04 06:00:00+00:00,8.76105,8.821,8.703,8.79,90048.33678159004
2026-03-04 07:00:00+00:00,8.78975,8.9242,8.76,8.901,70636.00089852001
2026-03-04 08:00:00+00:00,8.9,9.206,8.886,9.1843,218690.3440363599
2026-03-04 09:00:00+00:00,9.185,9.296,9.15274,9.21228,193639.28517204995
2026-03-04 10:00:00+00:00,9.218,9.264,9.156,9.18313,94359.80301353
2026-03-04 11:00:00+00:00,9.18313,9.239,9.102,9.13,72305.36887564999
2026-03-04 12:00:00+00:00,9.129,9.135,9.031,9.104,78121.43758235
2026-03-04 13:00:00+00:00,9.104,9.177,9.101,9.172,73501.60655861998
2026-03-04 14:00:00+00:00,9.167,9.35,9.15572,9.21,258427.8236008201
2026-03-04 15:00:00+00:00,9.211,9.514,9.20883,9.50759,241645.0789620301
2026-03-04 16:00:00+00:00,9.50759,9.577,9.366,9.476,207903.06803784
2026-03-04 17:00:00+00:00,9.474,9.537,9.3971,9.444,118325.62627666992
2026-03-04 18:00:00+00:00,9.443,9.513,9.391,9.492,75013.94031565
2026-03-04 19:00:00+00:00,9.49011,9.637,9.481,9.537,170391.67877442995
2026-03-04 20:00:00+00:00,9.538,9.569,9.4834,9.486,91264.86854820998
2026-03-04 21:00:00+00:00,9.487,9.491,9.41381,9.446,68363.96778447996
2026-03-04 22:00:00+00:00,9.447,9.51,9.3416,9.359,76374.19137731
2026-03-04 23:00:00+00:00,9.36,9.386,9.298,9.352,79866.02453786998
2026-03-05 00:00:00+00:00,9.352,9.389,9.3342,9.346,159121.0152393
2026-03-05 01:00:00+00:00,9.344,9.397,9.23314,9.267,148658.83088139995
2026-03-05 02:00:00+00:00,9.265,9.337,9.239,9.28167,87400.03203610003
2026-03-05 03:00:00+00:00,9.283,9.311,9.23605,9.267,46550.11117271999
2026-03-05 04:00:00+00:00,9.265,9.361,9.258,9.34776,66149.79980617997
2026-03-05 05:00:00+00:00,9.34775,9.359,9.24784,9.264,68668.11818489998
2026-03-05 06:00:00+00:00,9.265,9.295,9.213,9.286,55475.32002110998
2026-03-05 07:00:00+00:00,9.288,9.303,9.17983,9.22,46349.73918719999
2026-03-05 08:00:00+00:00,9.221,9.267,9.201,9.253,68131.55209882998
2026-03-05 09:00:00+00:00,9.251,9.343,9.249,9.306,34148.343879569984
2026-03-05 10:00:00+00:00,9.306,9.46903,9.2668,9.444,93319.23630374
2026-03-05 11:00:00+00:00,9.445,9.46,9.3741,9.401,219637.26740818
2026-03-05 12:00:00+00:00,9.402,9.497,9.37594,9.486,366864.33972644014
2026-03-05 13:00:00+00:00,9.488,9.494,9.3162,9.384,579056.1791425401
2026-03-05 14:00:00+00:00,9.385,9.436,9.315,9.393,244004.39066785987
2026-03-05 15:00:00+00:00,9.394,9.41406,9.17486,9.23909,183771.46436666
2026-03-05 16:00:00+00:00,9.23909,9.23909,9.07742,9.185,191767.73933558
2026-03-05 17:00:00+00:00,9.186,9.246,9.0799,9.087,153851.14147837996
2026-03-05 18:00:00+00:00,9.085,9.18,9.074,9.175,88728.79267751003
2026-03-05 19:00:00+00:00,9.1722,9.277,9.1722,9.186,60411.86915100999
2026-03-05 20:00:00+00:00,9.187,9.292,9.17,9.281,69771.24538224998
2026-03-05 21:00:00+00:00,9.28,9.322,9.2,9.222,87570.03453195996
2026-03-05 22:00:00+00:00,9.22135,9.25626,9.181,9.221,34750.89466497
2026-03-05 23:00:00+00:00,9.222,9.246,9.183,9.205,62963.99110172001
2026-03-06 00:00:00+00:00,9.2038,9.237,9.187,9.209,50089.86538040999
2026-03-06 01:00:00+00:00,9.21,9.303,9.169,9.282,64890.47374961997
2026-03-06 02:00:00+00:00,9.281,9.295,9.247,9.25861,42345.81663487
2026-03-06 03:00:00+00:00,9.25941,9.287,9.223,9.267,32997.370693699995
2026-03-06 04:00:00+00:00,9.265,9.271,9.1523,9.2,59243.95588657998
2026-03-06 05:00:00+00:00,9.20394,9.23,9.168,9.21792,46796.29968894001
2026-03-06 06:00:00+00:00,9.21793,9.233,9.185,9.202,26190.865953339988
2026-03-06 07:00:00+00:00,9.204,9.294,9.182,9.275,40163.30086525999
2026-03-06 08:00:00+00:00,9.276,9.27739,9.191,9.211,47191.90501271997
2026-03-06 09:00:00+00:00,9.212,9.21516,9.075,9.115,47856.08536776001
2026-03-06 10:00:00+00:00,9.113,9.182,9.109,9.148,49322.35404405001
2026-03-06 11:00:00+00:00,9.147,9.167,9.059,9.077,71975.09093098003
2026-03-06 12:00:00+00:00,9.076,9.101,9.012,9.061,142344.58389636996
2026-03-06 13:00:00+00:00,9.065,9.141,8.945,8.95478,255579.21610206988
2026-03-06 14:00:00+00:00,8.951,8.9813,8.763,8.804,310000.1285821001
2026-03-06 15:00:00+00:00,8.803,8.88,8.748,8.79,180373.20772663003
2026-03-06 16:00:00+00:00,8.79014,8.81,8.72,8.742,150402.1879830701
2026-03-06 17:00:00+00:00,8.739,8.784,8.673,8.721,131725.00839062003
2026-03-06 18:00:00+00:00,8.72,8.808,8.71615,8.77,147758.06850461997
2026-03-06 19:00:00+00:00,8.77,8.832,8.77,8.79,84844.10054642003
2026-03-06 20:00:00+00:00,8.79,8.809,8.73399,8.78,129263.16771081
2026-03-06 21:00:00+00:00,8.781,8.78946,8.744,8.784,50109.31100203
2026-03-06 22:00:00+00:00,8.784,8.827,8.776,8.813,43249.19242612
2026-03-06 23:00:00+00:00,8.816,8.817,8.785,8.797,26579.59414028
2026-03-07 00:00:00+00:00,8.797,8.845,8.791,8.811,44713.78097283001
2026-03-07 01:00:00+00:00,8.812,8.818,8.775,8.78,32205.81318753
2026-03-07 02:00:00+00:00,8.782,8.803,8.75847,8.801,24851.40727857
2026-03-07 03:00:00+00:00,8.803,8.85966,8.789,8.792,41699.55576596002
2026-03-07 04:00:00+00:00,8.792,8.821,8.741,8.795,29084.758342130004
2026-03-07 05:00:00+00:00,8.79947,8.813,8.781,8.812,22742.10136385
2026-03-07 06:00:00+00:00,8.80822,8.80822,8.756,8.76,31219.76366847
2026-03-07 07:00:00+00:00,8.758,8.807,8.734,8.806,24700.356183910004
2026-03-07 08:00:00+00:00,8.80723,8.823,8.755,8.77103,40400.23199287
2026-03-07 09:00:00+00:00,8.766,8.814,8.746,8.808,12720.640626669996
2026-03-07 10:00:00+00:00,8.81106,8.8117,8.7652,8.77348,17149.757908050004
2026-03-07 11:00:00+00:00,8.77682,8.822,8.749,8.80396,59888.54869193999
2026-03-07 12:00:00+00:00,8.801,8.813,8.773,8.783,14729.720953960004
2026-03-07 13:00:00+00:00,8.78431,8.819,8.78,8.8,31787.29106678
2026-03-07 14:00:00+00:00,8.79939,8.806,8.728,8.797,44878.09322369999
2026-03-07 15:00:00+00:00,8.796,8.802,8.729,8.75525,29897.63702847
2026-03-07 16:00:00+00:00,8.75525,8.76711,8.742,8.765,19747.76496495
2026-03-07 17:00:00+00:00,8.765,8.81,8.765,8.772,27686.966127610005
2026-03-07 18:00:00+00:00,8.768,8.77362,8.6875,8.715,54720.989929410025
2026-03-07 19:00:00+00:00,8.714,8.719,8.64319,8.662,83477.50928333006
2026-03-07 20:00:00+00:00,8.662,8.713,8.661,8.704,33681.80555205999
2026-03-07 21:00:00+00:00,8.70565,8.715,8.675,8.702,18627.61509587
2026-03-07 22:00:00+00:00,8.701,8.70254,8.642,8.675,55906.47215798
2026-03-07 23:00:00+00:00,8.676,8.706,8.671,8.698,27901.43916271999
2026-03-08 00:00:00+00:00,8.699,8.719,8.657,8.67,31332.309954300003
2026-03-08 01:00:00+00:00,8.669,8.714,8.65516,8.697,30318.128890069987
2026-03-08 02:00:00+00:00,8.69777,8.69777,8.583,8.6,71673.51314631001
2026-03-08 03:00:00+00:00,8.598,8.631,8.585,8.6,50269.85124865
2026-03-08 04:00:00+00:00,8.6,8.6245,8.531,8.554,52218.93810909
2026-03-08 05:00:00+00:00,8.55462,8.632,8.55,8.609,22212.75128298001
2026-03-08 06:00:00+00:00,8.6111,8.618,8.578,8.607,14455.289562889997
2026-03-08 07:00:00+00:00,8.606,8.667,8.605,8.635,27502.374999640004
2026-03-08 08:00:00+00:00,8.636,8.644,8.5908,8.638,19719.087099640004
2026-03-08 09:00:00+00:00,8.637,8.707,8.627,8.6947,50909.66894997
2026-03-08 10:00:00+00:00,8.69165,8.777,8.69,8.7317,34793.12811406
2026-03-08 11:00:00+00:00,8.733,8.733,8.629,8.654,25518.24676557
2026-03-08 12:00:00+00:00,8.653,8.674,8.556,8.651,59622.89423339002
2026-03-08 13:00:00+00:00,8.651,8.664,8.54,8.595,69636.56900645002
2026-03-08 14:00:00+00:00,8.594,8.622,8.551,8.587,54451.86335782001
2026-03-08 15:00:00+00:00,8.587,8.598,8.54,8.57143,107405.99314326
2026-03-08 16:00:00+00:00,8.566,8.571,8.50064,8.525,70982.45687813003
2026-03-08 17:00:00+00:00,8.526,8.576,8.521,8.559,37039.20216722001
2026-03-08 18:00:00+00:00,8.56,8.564,8.516,8.54,20631.0329019
2026-03-08 19:00:00+00:00,8.541,8.66567,8.528,8.643,60214.49110996001
2026-03-08 20:00:00+00:00,8.644,8.70305,8.609,8.636,46900.876492480005
2026-03-08 21:00:00+00:00,8.637,8.643,8.564,8.595,49188.43713348001
2026-03-08 22:00:00+00:00,8.595,8.596,8.396,8.553,361930.75204954
2026-03-08 23:00:00+00:00,8.554,8.588,8.5,8.515,104139.02332093
2026-03-09 00:00:00+00:00,8.514,8.658,8.51,8.568,106535.91395171004
2026-03-09 01:00:00+00:00,8.569,8.617,8.527,8.53219,86163.56505146001
2026-03-09 02:00:00+00:00,8.53,8.638,8.483,8.61,137740.68240590006
2026-03-09 03:00:00+00:00,8.61188,8.798,8.602,8.685,125421.92897306
2026-03-09 04:00:00+00:00,8.685,8.765,8.682,8.689,36291.05641575
2026-03-09 05:00:00+00:00,8.69277,8.879,8.684,8.84,93070.50882903002
2026-03-09 06:00:00+00:00,8.83452,8.844,8.729,8.731,31123.21134216
2026-03-09 07:00:00+00:00,8.734,8.745,8.648,8.739,43142.97100121
2026-03-09 08:00:00+00:00,8.74,8.795,8.722,8.75436,37991.70976109
2026-03-09 09:00:00+00:00,8.75544,8.852,8.71,8.77993,51801.43359841002
2026-03-09 10:00:00+00:00,8.78,8.801,8.747,8.761,25217.624700470005
2026-03-09 11:00:00+00:00,8.761,8.7971,8.711,8.78004,21350.682581770005
2026-03-09 12:00:00+00:00,8.776,8.844,8.776,8.813,44652.53141014999
2026-03-09 13:00:00+00:00,8.81319,8.962,8.805,8.92,138964.41028013005
2026-03-09 14:00:00+00:00,8.919,8.974,8.83725,8.93,156370.61504421002
2026-03-09 15:00:00+00:00,8.9303,8.965,8.887,8.92575,88386.16313712008
2026-03-09 16:00:00+00:00,8.929,8.977,8.906,8.942,61134.66477334001
2026-03-09 17:00:00+00:00,8.943,8.992,8.87,8.912,77711.02671416
2026-03-09 18:00:00+00:00,8.91275,8.96005,8.867,8.906,74116.56305279
2026-03-09 19:00:00+00:00,8.906,9.1,8.864,9.01062,249479.98247114007
2026-03-09 20:00:00+00:00,9.012,9.042,8.949,8.982,107461.1117062
2026-03-09 21:00:00+00:00,8.979,9.023,8.969,8.994,47932.41695971002
2026-03-09 22:00:00+00:00,8.993,9.004,8.88906,8.913,90616.47884074
2026-03-09 23:00:00+00:00,8.911,8.92083,8.847,8.868,62881.56874293001
2026-03-10 00:00:00+00:00,8.867,8.96648,8.85172,8.921,66617.43132273002
2026-03-10 01:00:00+00:00,8.921,8.959,8.873,8.928,38646.1510225
2026-03-10 02:00:00+00:00,8.927,9.082,8.898,9.038,112601.07648084004
2026-03-10 03:00:00+00:00,9.037,9.049,8.922,8.93934,70656.54425049003
2026-03-10 04:00:00+00:00,8.939,9.034,8.939,9.015,43749.75209049002
2026-03-10 05:00:00+00:00,9.01859,9.047,8.993,9.007,49231.44835858
2026-03-10 06:00:00+00:00,9.00908,9.0248,8.971,9.005,29530.307061270003
2026-03-10 07:00:00+00:00,9.005,9.0854,8.98355,9.08492,64422.99334754999
2026-03-10 08:00:00+00:00,9.081,9.161,9.07412,9.07629,76536.33206177002
2026-03-10 09:00:00+00:00,9.07815,9.155,9.076,9.124,49868.02249763001
2026-03-10 10:00:00+00:00,9.12,9.126,9.068,9.109,38726.31913701001
2026-03-10 11:00:00+00:00,9.109,9.11,9.063,9.07,32650.70458177
2026-03-10 12:00:00+00:00,9.07,9.081,9.025,9.046,36606.07089853999
2026-03-10 13:00:00+00:00,9.047,9.098,8.945,8.966,81929.10482770002
2026-03-10 14:00:00+00:00,8.966,9.1502,8.86,9.1502,153988.00020386008
2026-03-10 15:00:00+00:00,9.15,9.184,9.065,9.13714,143590.49174694
2026-03-10 16:00:00+00:00,9.134,9.184,9.084,9.155,102958.59500625003
2026-03-10 17:00:00+00:00,9.154,9.172,9.069,9.112,102550.18467625
2026-03-10 18:00:00+00:00,9.109,9.113,8.94,8.96803,127469.7129583001
2026-03-10 19:00:00+00:00,8.964,8.995,8.923,8.976,66040.45758499003
2026-03-10 20:00:00+00:00,8.97534,9.009,8.9714,8.994,25395.958078040007
2026-03-10 21:00:00+00:00,8.992,9.01278,8.92,8.942,43203.67018459002
2026-03-10 22:00:00+00:00,8.94,8.9834,8.911,8.958,36543.48377709001
2026-03-10 23:00:00+00:00,8.95867,8.996,8.95867,8.987,20731.164580370005
2026-03-11 00:00:00+00:00,8.985,9.0042,8.928,8.9846,30398.79619662
2026-03-11 01:00:00+00:00,8.983,9.009,8.964,8.99733,24955.465533190003
2026-03-11 02:00:00+00:00,9.0,9.004,8.915,8.973,34589.45331627
2026-03-11 03:00:00+00:00,8.971,8.986,8.923,8.92933,33126.56836637
2026-03-11 04:00:00+00:00,8.928,9.0326,8.917,9.02,55366.99688466
2026-03-11 05:00:00+00:00,9.0212,9.036,8.867,8.882,48317.52746115999
2026-03-11 06:00:00+00:00,8.8836,8.968,8.878,8.945,23679.173434380005
2026-03-11 07:00:00+00:00,8.94816,8.95694,8.874,8.888,15497.380044089998
2026-03-11 08:00:00+00:00,8.89,8.9373,8.881,8.92,26994.561455530005
2026-03-11 09:00:00+00:00,8.917,8.943,8.885,8.893,34288.93290867
2026-03-11 10:00:00+00:00,8.893,8.968,8.8878,8.947,38265.53202077
2026-03-11 11:00:00+00:00,8.949,8.974,8.904,8.915,70701.65199887
2026-03-11 12:00:00+00:00,8.913,9.039,8.88602,8.9681,37864.26811766
2026-03-11 13:00:00+00:00,8.966,9.17,8.96,9.046,166495.1196710201
2026-03-11 14:00:00+00:00,9.046,9.134,9.03,9.065,79855.84584860005
2026-03-11 15:00:00+00:00,9.066,9.075,8.903,9.00144,88272.54250286001
2026-03-11 16:00:00+00:00,9.002,9.08406,8.974,9.059,74822.62338837997
2026-03-11 17:00:00+00:00,9.059,9.154,9.025,9.089,84640.35399538002
2026-03-11 18:00:00+00:00,9.089,9.126,9.059,9.098,97081.90992487002
2026-03-11 19:00:00+00:00,9.099,9.11,9.054,9.088,55929.97634992
2026-03-11 20:00:00+00:00,9.086,9.08971,9.031,9.063,28687.505369770013
2026-03-11 21:00:00+00:00,9.063,9.08635,9.038,9.071,29974.623260219985
2026-03-11 22:00:00+00:00,9.071,9.111,9.016,9.049,39252.10557458001
2026-03-11 23:00:00+00:00,9.05,9.06528,8.98,8.99445,38627.49222824001
2026-03-12 00:00:00+00:00,9.00107,9.021,8.981,9.005,22237.812247920003
2026-03-12 01:00:00+00:00,9.004,9.00524,8.937,8.955,29787.94348271001
2026-03-12 02:00:00+00:00,8.956,8.9687,8.862,8.871,66374.34776175
2026-03-12 03:00:00+00:00,8.87,8.909,8.836,8.868,49294.59342812
2026-03-12 04:00:00+00:00,8.867,8.906,8.856,8.8691,38243.94011679998
2026-03-12 05:00:00+00:00,8.87188,8.896,8.844,8.894,21714.20803667
2026-03-12 06:00:00+00:00,8.89343,8.9207,8.878,8.911,37549.75508583002
2026-03-12 07:00:00+00:00,8.911,8.962,8.894,8.951,29736.31696418
2026-03-12 08:00:00+00:00,8.95136,9.005,8.938,8.973,35831.431896750015
2026-03-12 09:00:00+00:00,8.972,9.04832,8.927,8.999,118002.46053928004
2026-03-12 10:00:00+00:00,8.999,9.108,8.977,9.074,93054.69772403002
2026-03-12 11:00:00+00:00,9.071,9.0785,9.021,9.031,35969.45582331
2026-03-12 12:00:00+00:00,9.031,9.07193,9.011,9.04251,43743.05356013001
2026-03-12 13:00:00+00:00,9.041,9.065,8.968,9.021,84999.18822887007
2026-03-12 14:00:00+00:00,9.021,9.104,8.898,8.947,139458.70919099008
2026-03-12 15:00:00+00:00,8.94664,9.09,8.919,9.03667,89845.30038310007
2026-03-12 16:00:00+00:00,9.034,9.08226,8.969,9.05,54982.97371245
2026-03-12 17:00:00+00:00,9.05,9.063,8.985,9.00913,40926.51995801999
2026-03-12 18:00:00+00:00,9.009,9.0241,8.964,8.97627,28676.25871786999
2026-03-12 19:00:00+00:00,8.974,9.0542,8.959,9.032,158478.31559284995
2026-03-12 20:00:00+00:00,9.03,9.037,8.964,8.971,50715.30501319
2026-03-12 21:00:00+00:00,8.973,9.039,8.973,9.024,27991.210098770007
2026-03-12 22:00:00+00:00,9.023,9.03103,8.977,9.009,52890.37623726
2026-03-12 23:00:00+00:00,9.008,9.089,9.006,9.059,104681.81320969996
2026-03-13 00:00:00+00:00,9.05938,9.398,9.036,9.254,235949.0188351101
2026-03-13 01:00:00+00:00,9.255,9.33695,9.247,9.319,83726.23580741997
2026-03-13 02:00:00+00:00,9.319,9.331,9.198,9.223,192902.94299606004
2026-03-13 03:00:00+00:00,9.225,9.304,9.199,9.2813,46979.33053519002
2026-03-13 04:00:00+00:00,9.283,9.29966,9.2377,9.251,28715.841288
2026-03-13 05:00:00+00:00,9.2514,9.29,9.217,9.263,46083.12522714999
2026-03-13 06:00:00+00:00,9.26369,9.28,9.171,9.18781,40721.24087756998
2026-03-13 07:00:00+00:00,9.183,9.215,9.171,9.196,46076.61268433
2026-03-13 08:00:00+00:00,9.195,9.292,9.159,9.22,49616.60555081999
2026-03-13 09:00:00+00:00,9.219,9.298,9.206,9.272,49978.717790120005
2026-03-13 10:00:00+00:00,9.275,9.327,9.27204,9.2955,58871.53511850997
2026-03-13 11:00:00+00:00,9.3,9.302,9.252,9.275,53455.32667668
2026-03-13 12:00:00+00:00,9.273,9.437,9.271,9.38745,107077.97580806994
2026-03-13 13:00:00+00:00,9.391,9.58242,9.37267,9.523,305857.03863061
2026-03-13 14:00:00+00:00,9.52639,9.61,9.334,9.361,269497.70321912
2026-03-13 15:00:00+00:00,9.363,9.425,9.23798,9.26789,208021.43269527995
2026-03-13 16:00:00+00:00,9.268,9.333,9.20362,9.289,141292.89396854
2026-03-13 17:00:00+00:00,9.29,9.311,9.1,9.146,160404.25982109
2026-03-13 18:00:00+00:00,9.147,9.184,9.114,9.13,72316.62274741005
2026-03-13 19:00:00+00:00,9.129,9.165,9.1059,9.144,67861.94764375003
2026-03-13 20:00:00+00:00,9.146,9.17794,9.13,9.176,33510.66843926
2026-03-13 21:00:00+00:00,9.177,9.204,9.1004,9.138,36543.78628967
2026-03-13 22:00:00+00:00,9.138,9.146,9.0223,9.072,86948.13578296002
2026-03-13 23:00:00+00:00,9.071,9.105,9.053,9.08903,38311.771167930005
2026-03-14 00:00:00+00:00,9.089,9.118,9.0521,9.057,41007.62081172
2026-03-14 01:00:00+00:00,9.056,9.09,9.026,9.08235,60435.19378416001
2026-03-14 02:00:00+00:00,9.079,9.098,9.062,9.082,24957.929098900007
2026-03-14 03:00:00+00:00,9.08597,9.132,9.075,9.119,33064.94140402001
2026-03-14 04:00:00+00:00,9.12,9.149,9.0849,9.09,33344.76820902001
2026-03-14 05:00:00+00:00,9.0906,9.1,9.025,9.067,30369.02583922
2026-03-14 06:00:00+00:00,9.067,9.06844,8.964,9.005,53114.61264513001
2026-03-14 07:00:00+00:00,9.006,9.01,8.969,8.98,21034.013814970003
2026-03-14 08:00:00+00:00,8.979,8.994,8.968,8.982,13100.91831342
2026-03-14 09:00:00+00:00,8.981,9.01126,8.925,8.947,44050.90254890002
2026-03-14 10:00:00+00:00,8.946,8.953,8.926,8.951,27525.900844080013
2026-03-14 11:00:00+00:00,8.949,9.001,8.949,8.995,18434.175411170007
2026-03-14 12:00:00+00:00,8.995,9.004,8.973,8.9905,23653.76577369
2026-03-14 13:00:00+00:00,8.98571,9.01727,8.982,9.011,31087.537519360005
2026-03-14 14:00:00+00:00,9.01028,9.02,8.966,8.978,30394.15486414001
2026-03-14 15:00:00+00:00,8.98,9.013,8.967,9.0073,65870.54901908996
2026-03-14 16:00:00+00:00,9.0073,9.048,8.981,9.041,30067.34091429999
2026-03-14 17:00:00+00:00,9.041,9.059,9.006,9.009,23247.20424430001
2026-03-14 18:00:00+00:00,9.008,9.034,8.993,9.021,33648.12855744
2026-03-14 19:00:00+00:00,9.02,9.044,9.011,9.03,17446.840939800004
2026-03-14 20:00:00+00:00,9.03,9.048,9.01843,9.045,20241.297491410005
2026-03-14 21:00:00+00:00,9.042,9.1,9.031,9.091,28268.19535711001
2026-03-14 22:00:00+00:00,9.092,9.106,9.075,9.078,26495.97752312
2026-03-14 23:00:00+00:00,9.078,9.177,9.078,9.168,56421.930951450006
2026-03-15 00:00:00+00:00,9.16903,9.188,9.14174,9.146,41509.40634442001
2026-03-15 01:00:00+00:00,9.146,9.151,9.112,9.143,18984.755346240003
2026-03-15 02:00:00+00:00,9.14172,9.258,9.14172,9.2306,39492.77058201
2026-03-15 03:00:00+00:00,9.23325,9.243,9.184,9.208,35209.31855065
2026-03-15 04:00:00+00:00,9.209,9.253,9.1865,9.21113,26648.818388720003
2026-03-15 05:00:00+00:00,9.21515,9.267,9.19166,9.224,45172.10448616999
2026-03-15 06:00:00+00:00,9.22523,9.242,9.197,9.213,21936.55821311
2026-03-15 07:00:00+00:00,9.216,9.238,9.191,9.217,14501.52422868
2026-03-15 08:00:00+00:00,9.218,9.271,9.218,9.264,28273.2165766
2026-03-15 09:00:00+00:00,9.26668,9.32,9.2583,9.27,38391.80396887
2026-03-15 10:00:00+00:00,9.27148,9.29597,9.252,9.285,20385.70334821
2026-03-15 11:00:00+00:00,9.28648,9.294,9.261,9.276,20315.49860411
2026-03-15 12:00:00+00:00,9.276,9.27942,9.2447,9.256,28761.210347120003
2026-03-15 13:00:00+00:00,9.257,9.274,9.141,9.195,70396.52262942001
2026-03-15 14:00:00+00:00,9.193,9.207,9.13948,9.184,37372.85939119002
2026-03-15 15:00:00+00:00,9.181,9.18258,9.141,9.15239,17672.39265162
2026-03-15 16:00:00+00:00,9.15239,9.1869,9.116,9.14,42092.23002792001
2026-03-15 17:00:00+00:00,9.14,9.237,9.135,9.21,27972.92497641
2026-03-15 18:00:00+00:00,9.21,9.22,9.134,9.15,42317.453761330005
2026-03-15 19:00:00+00:00,9.15,9.21018,9.145,9.197,37628.18881066
2026-03-15 20:00:00+00:00,9.197,9.293,9.177,9.245,58132.28387451001
2026-03-15 21:00:00+00:00,9.245,9.337,9.232,9.309,43624.27160863999
2026-03-15 22:00:00+00:00,9.308,9.53254,9.241,9.484,227958.56532116
2026-03-15 23:00:00+00:00,9.485,9.55527,9.405,9.499,205501.0719681999
2026-03-16 00:00:00+00:00,9.4971,9.544,9.423,9.46,86233.71452536999
2026-03-16 01:00:00+00:00,9.46,9.535,9.412,9.52,58463.88246609997
2026-03-16 02:00:00+00:00,9.521,9.53403,9.42,9.489,54329.01832663998
2026-03-16 03:00:00+00:00,9.48984,9.808,9.46,9.696,329809.91083461995
2026-03-16 04:00:00+00:00,9.6992,9.833,9.697,9.753,201885.86007122992
2026-03-16 05:00:00+00:00,9.75489,9.79,9.673,9.763,189271.97522447992
2026-03-16 06:00:00+00:00,9.76664,9.768,9.669,9.709,73243.99399451
2026-03-16 07:00:00+00:00,9.707,9.75468,9.674,9.681,63424.08083927
2026-03-16 08:00:00+00:00,9.684,9.732,9.561,9.588,86908.33695864
2026-03-16 09:00:00+00:00,9.589,9.661,9.58316,9.643,130043.73446025002
2026-03-16 10:00:00+00:00,9.644,9.729,9.632,9.729,72004.43752677998
2026-03-16 11:00:00+00:00,9.727,9.735,9.641,9.663,37818.545297429984
2026-03-16 12:00:00+00:00,9.662,9.765,9.661,9.70862,120360.69954108998
2026-03-16 13:00:00+00:00,9.70865,9.824,9.671,9.75346,180363.40317078
2026-03-16 14:00:00+00:00,9.758,9.803,9.597,9.703,186648.7040449999
2026-03-16 15:00:00+00:00,9.70838,9.782,9.685,9.722,119092.09550795998
2026-03-16 16:00:00+00:00,9.72139,9.819,9.7039,9.793,117707.23758589
2026-03-16 17:00:00+00:00,9.796,9.866,9.774,9.828,83929.85720196996
2026-03-16 18:00:00+00:00,9.82876,9.93083,9.8181,9.8587,185062.40356007
2026-03-16 19:00:00+00:00,9.861,9.972,9.837,9.937,122755.28167791002
2026-03-16 20:00:00+00:00,9.935,9.969,9.907,9.945,57292.81879491
2026-03-16 21:00:00+00:00,9.945,10.047,9.9179,9.985,116257.13819201
2026-03-16 22:00:00+00:00,9.984,10.08138,9.953,9.977,217907.93634721
2026-03-16 23:00:00+00:00,9.978,9.98,9.86245,9.924,156178.08235035007
2026-03-17 00:00:00+00:00,9.92297,10.014,9.884,9.957,161560.88747068992
2026-03-17 01:00:00+00:00,9.952,10.029,9.908,9.961,146736.78446958994
2026-03-17 02:00:00+00:00,9.963,9.966,9.877,9.916,76604.30151185999
2026-03-17 03:00:00+00:00,9.91584,9.919,9.781,9.83172,139428.80378598
2026-03-17 04:00:00+00:00,9.831,9.859,9.72,9.771,87816.35860900996
2026-03-17 05:00:00+00:00,9.77363,9.79566,9.681,9.728,50326.57327208999
2026-03-17 06:00:00+00:00,9.73145,9.79189,9.687,9.749,42557.05513325999
2026-03-17 07:00:00+00:00,9.75121,9.847,9.749,9.798,22522.8437014
2026-03-17 08:00:00+00:00,9.8,9.836,9.764,9.774,40742.79067549
2026-03-17 09:00:00+00:00,9.773,9.80739,9.7363,9.77,55946.991527670005
2026-03-17 10:00:00+00:00,9.771,9.788,9.7287,9.752,42892.99861725999
2026-03-17 11:00:00+00:00,9.755,9.80966,9.746,9.767,31828.95242543
2026-03-17 12:00:00+00:00,9.767,9.802,9.715,9.732,45414.87059877
2026-03-17 13:00:00+00:00,9.73,9.836,9.722,9.789,90172.09614993
2026-03-17 14:00:00+00:00,9.79,9.876,9.757,9.874,87890.76746541998
2026-03-17 15:00:00+00:00,9.873,9.941,9.748,9.805,92821.64163455991
2026-03-17 16:00:00+00:00,9.803,9.86996,9.794,9.83036,36440.24136642001
2026-03-17 17:00:00+00:00,9.836,9.895,9.818,9.888,48063.031899550006
2026-03-17 18:00:00+00:00,9.886,9.919,9.86295,9.893,36878.592627589984
2026-03-17 19:00:00+00:00,9.893,9.89827,9.80425,9.813,74114.76835091999
2026-03-17 20:00:00+00:00,9.80822,9.85006,9.777,9.845,33768.05147749001
2026-03-17 21:00:00+00:00,9.844,9.906,9.84,9.888,36805.11443462
2026-03-17 22:00:00+00:00,9.89119,9.92,9.8011,9.856,57997.45907835
2026-03-17 23:00:00+00:00,9.85734,9.866,9.78,9.794,33317.173560829986
2026-03-18 00:00:00+00:00,9.79636,9.824,9.7538,9.823,39366.89841391999
2026-03-18 01:00:00+00:00,9.824,9.862,9.803,9.811,31714.14770682
2026-03-18 02:00:00+00:00,9.81,9.885,9.807,9.853,36634.84449107001
2026-03-18 03:00:00+00:00,9.85267,9.93,9.844,9.897,49597.894862900015
2026-03-18 04:00:00+00:00,9.897,9.904,9.825,9.845,28632.74084996999
2026-03-18 05:00:00+00:00,9.83743,9.883,9.7861,9.798,37208.13888775998
2026-03-18 06:00:00+00:00,9.79926,9.863,9.79902,9.8144,14421.441000789991
2026-03-18 07:00:00+00:00,9.81732,9.819,9.781,9.814,18163.87620146
2026-03-18 08:00:00+00:00,9.817,9.856,9.81686,9.854,24944.54475091999
2026-03-18 09:00:00+00:00,9.854,9.886,9.82,9.835,44465.27613749001
2026-03-18 10:00:00+00:00,9.835,9.839,9.737,9.758,39859.55219452
2026-03-18 11:00:00+00:00,9.757,9.789,9.528,9.558,163279.89265728006
2026-03-18 12:00:00+00:00,9.557,9.557,9.359,9.385,186887.38228191005
2026-03-18 13:00:00+00:00,9.385,9.424,9.337,9.399,123556.62658533995
2026-03-18 14:00:00+00:00,9.4,9.407,9.184,9.206,182012.60791941007
2026-03-18 15:00:00+00:00,9.208,9.241,9.1308,9.211,135426.35090109994
2026-03-18 16:00:00+00:00,9.21,9.21217,9.0966,9.147,127464.27925875004
2026-03-18 17:00:00+00:00,9.146,9.269,9.132,9.234,64379.00738011999
2026-03-18 18:00:00+00:00,9.235,9.315,9.155,9.193,111166.36495045992
2026-03-18 19:00:00+00:00,9.184,9.24684,9.164,9.173,77407.67760783999
2026-03-18 20:00:00+00:00,9.172,9.23,9.08929,9.2146,102686.8252355
2026-03-18 21:00:00+00:00,9.217,9.2633,9.21,9.248,43799.68458978
2026-03-18 22:00:00+00:00,9.247,9.247,9.19,9.218,50269.12212965999
2026-03-18 23:00:00+00:00,9.218,9.25791,9.187,9.231,68828.86244257998
2026-03-19 00:00:00+00:00,9.23139,9.24543,9.201,9.214,44433.81679611
2026-03-19 01:00:00+00:00,9.215,9.226,9.185,9.201,37548.41409010999
2026-03-19 02:00:00+00:00,9.201,9.228,9.162,9.196,23572.01998991
2026-03-19 03:00:00+00:00,9.1921,9.343,9.1921,9.258,84914.56968180001
2026-03-19 04:00:00+00:00,9.25253,9.263,9.186,9.19,43919.84928707001
2026-03-19 05:00:00+00:00,9.19001,9.21,9.154,9.167,30655.01843897
2026-03-19 06:00:00+00:00,9.1703,9.206,9.14358,9.161,23810.55496584
2026-03-19 07:00:00+00:00,9.16,9.16657,9.038,9.09703,110257.34560698
2026-03-19 08:00:00+00:00,9.09511,9.115,9.066,9.088,35779.33481167999
2026-03-19 09:00:00+00:00,9.089,9.172,9.083,9.165,44904.51438385001
2026-03-19 10:00:00+00:00,9.161,9.17,9.126,9.13,26366.928725700007
2026-03-19 11:00:00+00:00,9.127,9.141,9.09,9.094,26166.74688854001
2026-03-19 12:00:00+00:00,9.093,9.09827,8.943,8.958,95733.22238761
2026-03-19 13:00:00+00:00,8.957,9.009,8.895,8.992,215339.54008876003
2026-03-19 14:00:00+00:00,8.993,9.032,8.896,8.947,88774.29495985004
2026-03-19 15:00:00+00:00,8.94954,9.0,8.9,8.96615,324381.54633959
2026-03-19 16:00:00+00:00,8.964,8.971,8.913,8.94,93195.31645614002
2026-03-19 17:00:00+00:00,8.938,9.02001,8.898,8.998,48593.44298494999
2026-03-19 18:00:00+00:00,8.995,8.999,8.95895,8.994,94665.10518112995
2026-03-19 19:00:00+00:00,8.993,9.094,8.98879,9.03672,96736.41609702005
2026-03-19 20:00:00+00:00,9.036,9.083,9.026,9.058,31768.11269199999
2026-03-19 21:00:00+00:00,9.055,9.097,9.049,9.085,24010.37809593001
2026-03-19 22:00:00+00:00,9.083,9.09,9.014,9.048,51909.24998107999
2026-03-19 23:00:00+00:00,9.049,9.073,9.012,9.042,33651.51007656
2026-03-20 00:00:00+00:00,9.04747,9.093,9.037,9.075,67001.74923954
2026-03-20 01:00:00+00:00,9.078,9.16113,9.077,9.122,31306.073755959987
2026-03-20 02:00:00+00:00,9.123,9.123,9.049,9.093,30566.738928269995
2026-03-20 03:00:00+00:00,9.09655,9.138,9.086,9.12,45731.11148082
2026-03-20 04:00:00+00:00,9.12026,9.156,9.0771,9.12545,45649.70080907001
2026-03-20 05:00:00+00:00,9.12676,9.153,9.09971,9.115,33212.36931066
2026-03-20 06:00:00+00:00,9.11867,9.11867,9.077,9.079,20226.30414988001
2026-03-20 07:00:00+00:00,9.077,9.13617,9.032,9.115,36983.26705716999
2026-03-20 08:00:00+00:00,9.114,9.20942,9.103,9.151,47207.56421907999
2026-03-20 09:00:00+00:00,9.152,9.152,9.065,9.095,35943.33951111999
2026-03-20 10:00:00+00:00,9.097,9.131,9.06,9.101,33977.507784400004
2026-03-20 11:00:00+00:00,9.1,9.151,9.054,9.088,28262.90628202
2026-03-20 12:00:00+00:00,9.088,9.1267,9.056,9.073,27275.477799310007
2026-03-20 13:00:00+00:00,9.075,9.119,9.003,9.02,101488.9510108
2026-03-20 14:00:00+00:00,9.01752,9.087,8.98,9.001,133383.03811088
2026-03-20 15:00:00+00:00,9.004,9.03871,8.97,9.025,75375.60121477002
2026-03-20 16:00:00+00:00,9.024,9.06513,8.993,9.031,86095.30311017002
2026-03-20 17:00:00+00:00,9.027,9.043,8.9641,9.039,97581.42083364002
2026-03-20 18:00:00+00:00,9.04,9.04347,8.96,8.99794,108325.7010231
2026-03-20 19:00:00+00:00,8.998,9.05,8.96,9.04,92549.71902014
2026-03-20 20:00:00+00:00,9.042,9.05344,8.981,9.028,57274.30708414999
2026-03-20 21:00:00+00:00,9.029,9.128,9.00512,9.10027,87591.63031082
2026-03-20 22:00:00+00:00,9.102,9.165,9.102,9.139,62800.74184338001
2026-03-20 23:00:00+00:00,9.136,9.139,9.093,9.116,47748.65097343001
2026-03-21 00:00:00+00:00,9.11509,9.161,9.114,9.135,56201.500521170005
2026-03-21 01:00:00+00:00,9.137,9.179,9.124,9.127,54452.34712666
2026-03-21 02:00:00+00:00,9.128,9.164,9.108,9.15813,37050.39395394999
2026-03-21 03:00:00+00:00,9.15531,9.167,9.12276,9.127,27373.86544184
2026-03-21 04:00:00+00:00,9.126,9.152,9.1,9.104,26033.715418709995
2026-03-21 05:00:00+00:00,9.10443,9.14192,9.103,9.114,19179.53198706
2026-03-21 06:00:00+00:00,9.11461,9.13573,9.107,9.1211,19756.62358117
2026-03-21 07:00:00+00:00,9.124,9.14688,9.119,9.126,27595.208825049995
2026-03-21 08:00:00+00:00,9.12502,9.132,9.104,9.129,37002.588723030014
2026-03-21 09:00:00+00:00,9.129,9.163,9.129,9.138,19166.58560898
2026-03-21 10:00:00+00:00,9.139,9.13976,9.087,9.098,48554.08027318
2026-03-21 11:00:00+00:00,9.096,9.11,9.089,9.104,11031.629353090006
2026-03-21 12:00:00+00:00,9.104,9.114,9.09576,9.101,13750.488052399998
2026-03-21 13:00:00+00:00,9.102,9.11,9.08,9.0922,25620.32414977
2026-03-21 14:00:00+00:00,9.0922,9.139,9.05767,9.064,65099.40908794
2026-03-21 15:00:00+00:00,9.0659,9.105,9.05,9.102,44592.32008779
2026-03-21 16:00:00+00:00,9.102,9.106,9.059,9.065,34029.50100789001
2026-03-21 17:00:00+00:00,9.062,9.081,9.047,9.068,17600.031514439994
2026-03-21 18:00:00+00:00,9.067,9.083,9.054,9.056,23579.265681770004
2026-03-21 19:00:00+00:00,9.056,9.074,9.04,9.06659,46889.45483542
2026-03-21 20:00:00+00:00,9.068,9.105,9.064,9.1,26068.019266600004
2026-03-21 21:00:00+00:00,9.104,9.108,9.077,9.085,21137.357570899992
2026-03-21 22:00:00+00:00,9.084,9.093,9.066,9.08041,31864.189160590005
2026-03-21 23:00:00+00:00,9.078,9.078,8.765,8.814,219609.06392356
2026-03-22 00:00:00+00:00,8.822,8.894,8.677,8.85129,234289.12283183003
2026-03-22 01:00:00+00:00,8.855,8.889,8.808,8.847,101857.50210136996
2026-03-22 02:00:00+00:00,8.84848,8.927,8.833,8.89505,71176.85273501002
2026-03-22 03:00:00+00:00,8.89505,8.967,8.865,8.905,95593.31565157002
2026-03-22 04:00:00+00:00,8.905,8.946,8.884,8.928,70434.06240508998
2026-03-22 05:00:00+00:00,8.92903,8.933,8.893,8.894,48954.08734231997
2026-03-22 06:00:00+00:00,8.89597,8.9,8.87089,8.889,49949.331267
2026-03-22 07:00:00+00:00,8.888,8.905,8.84,8.842,46900.53808903001
2026-03-22 08:00:00+00:00,8.843,8.847,8.772,8.828,78319.66021090999
2026-03-22 09:00:00+00:00,8.828,8.865,8.8,8.823,68008.92108447
2026-03-22 10:00:00+00:00,8.822,8.825,8.765,8.773,36259.24281371001
2026-03-22 11:00:00+00:00,8.77,8.782,8.745,8.754,55242.50716416
2026-03-22 12:00:00+00:00,8.755,8.827,8.75348,8.793,51728.803049210015
2026-03-22 13:00:00+00:00,8.794,8.837,8.763,8.796,51183.889624060015
2026-03-22 14:00:00+00:00,8.796,8.8222,8.763,8.77213,57139.52499468
2026-03-22 15:00:00+00:00,8.773,8.806,8.76535,8.79402,43038.07228417
2026-03-22 16:00:00+00:00,8.79402,8.807,8.77,8.785,37831.30194126
2026-03-22 17:00:00+00:00,8.785,8.79249,8.766,8.768,36652.0202041
2026-03-22 18:00:00+00:00,8.767,8.788,8.716,8.76386,54310.72786139001
2026-03-22 19:00:00+00:00,8.765,8.76807,8.688,8.709,83053.72326390998
2026-03-22 20:00:00+00:00,8.709,8.749,8.677,8.695,72642.92320846999
2026-03-22 21:00:00+00:00,8.696,8.704,8.572,8.655,173564.70263336
2026-03-22 22:00:00+00:00,8.655,8.733,8.6,8.72,142285.16313627007
2026-03-22 23:00:00+00:00,8.722,8.77436,8.679,8.683,90974.17199490004
2026-03-23 00:00:00+00:00,8.69,8.725,8.63,8.6742,81043.95798997
2026-03-23 01:00:00+00:00,8.672,8.73837,8.652,8.69567,96434.59354357002
2026-03-23 02:00:00+00:00,8.686,8.773,8.68,8.737,78189.14063677004
2026-03-23 03:00:00+00:00,8.738,8.78,8.698,8.7049,63177.05966501001
2026-03-23 04:00:00+00:00,8.7049,8.757,8.701,8.75624,53330.648978920006
2026-03-23 05:00:00+00:00,8.75712,8.777,8.72,8.758,101535.07085217
2026-03-23 06:00:00+00:00,8.757,8.76154,8.59,8.63,87235.42911101
2026-03-23 07:00:00+00:00,8.63684,8.68069,8.57,8.644,101533.37733389
2026-03-23 08:00:00+00:00,8.645,8.68631,8.618,8.637,58069.14905479997
2026-03-23 09:00:00+00:00,8.637,8.646,8.575,8.644,47654.83867260999
2026-03-23 10:00:00+00:00,8.645,8.693,8.622,8.649,91549.28808508
2026-03-23 11:00:00+00:00,8.649,9.27237,8.647,8.971,853678.3631721901
2026-03-23 12:00:00+00:00,8.972,9.069,8.904,9.035,224687.5128139701
2026-03-23 13:00:00+00:00,9.03572,9.17051,9.01,9.17051,334114.28959831
2026-03-23 14:00:00+00:00,9.167,9.248,9.144,9.228,173067.60862746998
2026-03-23 15:00:00+00:00,9.22885,9.286,9.027,9.041,327761.84241195995
2026-03-23 16:00:00+00:00,9.04364,9.107,8.988,9.052,193017.45449074995
2026-03-23 17:00:00+00:00,9.054,9.13469,9.007,9.127,113330.42708775998
2026-03-23 18:00:00+00:00,9.125,9.177,9.088,9.171,161226.02146492
2026-03-23 19:00:00+00:00,9.17,9.212,9.115,9.123,144149.20617174
2026-03-23 20:00:00+00:00,9.121,9.175,9.108,9.159,75047.89189867998
2026-03-23 21:00:00+00:00,9.161,9.17,9.126,9.139,58588.267197620014
2026-03-23 22:00:00+00:00,9.139,9.148,9.0776,9.11,54788.11742113999
2026-03-23 23:00:00+00:00,9.109,9.119,9.064,9.109,77374.87242377
2026-03-24 00:00:00+00:00,9.10757,9.14,9.029,9.066,93164.64456032997
2026-03-24 01:00:00+00:00,9.066,9.085,9.005,9.05118,110382.33430694004
2026-03-24 02:00:00+00:00,9.05,9.099,9.041,9.05,53286.28982730999
2026-03-24 03:00:00+00:00,9.0525,9.09909,9.041,9.085,43231.62271531
2026-03-24 04:00:00+00:00,9.085,9.12781,9.045,9.057,74952.45358771001
2026-03-24 05:00:00+00:00,9.06036,9.11,9.01,9.081,102441.65664534
2026-03-24 06:00:00+00:00,9.08587,9.132,9.074,9.132,43692.13034581999
2026-03-24 07:00:00+00:00,9.13,9.256,9.123,9.239,113937.08555563998
2026-03-24 08:00:00+00:00,9.238,9.254,9.19098,9.202,107020.29222802
2026-03-24 09:00:00+00:00,9.201,9.255,9.163,9.2499,85967.05601170998
2026-03-24 10:00:00+00:00,9.249,9.25393,9.21119,9.237,80684.58387947002
2026-03-24 11:00:00+00:00,9.236,9.265,9.175,9.247,87035.53532758997
2026-03-24 12:00:00+00:00,9.247,9.252,9.20615,9.226,132598.23740194
2026-03-24 13:00:00+00:00,9.224,9.245,9.08746,9.122,246063.85804811
2026-03-24 14:00:00+00:00,9.122,9.149,9.03101,9.119,259440.39330239
2026-03-24 15:00:00+00:00,9.12,9.177,9.11,9.116,84039.70587398
2026-03-24 16:00:00+00:00,9.11717,9.16244,9.072,9.093,114154.33100073
2026-03-24 17:00:00+00:00,9.093,9.10762,9.008,9.0432,128113.69807973
2026-03-24 18:00:00+00:00,9.045,9.12,9.035,9.066,117237.52232137998
2026-03-24 19:00:00+00:00,9.067,9.107,9.049,9.056,53212.82147384998
2026-03-24 20:00:00+00:00,9.053,9.237,9.052,9.195,169744.14642202
2026-03-24 21:00:00+00:00,9.196,9.22565,9.153,9.214,84338.89025181
2026-03-24 22:00:00+00:00,9.213,9.25,9.16978,9.195,96449.49099552
2026-03-24 23:00:00+00:00,9.19657,9.27,9.189,9.242,68354.86768971999
2026-03-25 00:00:00+00:00,9.246,9.3152,9.213,9.27,112175.45375868
2026-03-25 01:00:00+00:00,9.27039,9.28,9.231,9.251,118799.66158988
2026-03-25 02:00:00+00:00,9.24,9.251,9.202,9.205,53948.58268480999
2026-03-25 03:00:00+00:00,9.20429,9.247,9.17,9.239,49848.33892435997
2026-03-25 04:00:00+00:00,9.236,9.273,9.224,9.264,32147.227965239992
2026-03-25 05:00:00+00:00,9.26467,9.332,9.253,9.297,94230.58272642002
2026-03-25 06:00:00+00:00,9.3002,9.351,9.285,9.307,67641.52382054002
2026-03-25 07:00:00+00:00,9.30926,9.358,9.28,9.286,57439.69452241
2026-03-25 08:00:00+00:00,9.285,9.415,9.285,9.365,124940.16747663
2026-03-25 09:00:00+00:00,9.364,9.402,9.34103,9.388,52266.15325161999
2026-03-25 10:00:00+00:00,9.389,9.402,9.37231,9.379,50386.391277630006
2026-03-25 11:00:00+00:00,9.378,9.46961,9.36,9.42,117117.60239374
2026-03-25 12:00:00+00:00,9.42,9.48,9.34214,9.433,245671.04498947
2026-03-25 13:00:00+00:00,9.434,9.495,9.416,9.44822,173308.52289925
2026-03-25 14:00:00+00:00,9.446,9.462,9.394,9.399,162987.41454021
2026-03-25 15:00:00+00:00,9.39542,9.413,9.289,9.367,113513.86771407002
2026-03-25 16:00:00+00:00,9.365,9.48,9.337,9.42,154436.77225812996
2026-03-25 17:00:00+00:00,9.422,9.439,9.3,9.34586,170573.77527894996
2026-03-25 18:00:00+00:00,9.34812,9.376,9.297,9.32,136589.68538737993
2026-03-25 19:00:00+00:00,9.319,9.363,9.31,9.346,77065.1672745
2026-03-25 20:00:00+00:00,9.347,9.349,9.276,9.31448,56984.76554803
2026-03-25 21:00:00+00:00,9.313,9.338,9.297,9.317,54961.88003292
2026-03-25 22:00:00+00:00,9.319,9.402,9.313,9.377,79587.6299848
2026-03-25 23:00:00+00:00,9.38168,9.394,9.35226,9.37,54530.0561089
2026-03-26 00:00:00+00:00,9.37451,9.386,9.347,9.369,39168.37750035
2026-03-26 01:00:00+00:00,9.37,9.382,9.34,9.348,31621.36598446
2026-03-26 02:00:00+00:00,9.347,9.35,9.237,9.265,66102.23958395002
2026-03-26 03:00:00+00:00,9.26414,9.271,9.22,9.25203,36404.39134433
2026-03-26 04:00:00+00:00,9.25051,9.25051,9.215,9.225,28728.04011725
2026-03-26 05:00:00+00:00,9.22525,9.226,9.086,9.097,106032.79498346
2026-03-26 06:00:00+00:00,9.095,9.107,9.07,9.094,51740.608034179975
2026-03-26 07:00:00+00:00,9.091,9.114,9.063,9.102,45431.07184955
2026-03-26 08:00:00+00:00,9.103,9.107,9.05295,9.088,79116.53415613
2026-03-26 09:00:00+00:00,9.088,9.103,8.939,8.968,145768.73103971002
2026-03-26 10:00:00+00:00,8.96602,8.977,8.931,8.973,91023.06010053998
2026-03-26 11:00:00+00:00,8.974,8.992,8.918,8.941,76773.88869155003
2026-03-26 12:00:00+00:00,8.943,8.96,8.925,8.95,48468.31862858001
2026-03-26 13:00:00+00:00,8.94879,9.031,8.935,8.991,155638.39298037003
2026-03-26 14:00:00+00:00,8.991,9.02,8.921,8.954,118653.09585656998
2026-03-26 15:00:00+00:00,8.95259,8.954,8.84269,8.928,154368.76085872002
2026-03-26 16:00:00+00:00,8.9248,8.933,8.899,8.903,65626.91229413002
2026-03-26 17:00:00+00:00,8.90466,8.95051,8.845,8.856,67178.55855948
2026-03-26 18:00:00+00:00,8.857,8.878,8.805,8.848,114982.33776950998
2026-03-26 19:00:00+00:00,8.849,8.85214,8.807,8.829,57717.99825178
2026-03-26 20:00:00+00:00,8.829,8.976,8.81661,8.903,170014.25825947005
2026-03-26 21:00:00+00:00,8.90658,8.971,8.89,8.936,74734.06166093002
2026-03-26 22:00:00+00:00,8.935,8.951,8.8787,8.93,81965.86507579999
2026-03-26 23:00:00+00:00,8.93,8.9525,8.899,8.909,44103.21061431001
2026-03-27 00:00:00+00:00,8.90825,8.92585,8.879,8.921,122465.72359875
2026-03-27 01:00:00+00:00,8.92,8.966,8.911,8.959,43174.01350487002
2026-03-27 02:00:00+00:00,8.961,8.979,8.936,8.939,51102.218527690005
2026-03-27 03:00:00+00:00,8.93963,8.95458,8.897,8.907,63210.42415568999
2026-03-27 04:00:00+00:00,8.91106,8.91106,8.839,8.881,69046.40141071998
2026-03-27 05:00:00+00:00,8.88,8.94321,8.868,8.891,92232.98020216994
2026-03-27 06:00:00+00:00,8.89596,8.907,8.875,8.89083,42264.35518765002
2026-03-27 07:00:00+00:00,8.89083,8.91771,8.871,8.8982,32615.67487634
2026-03-27 08:00:00+00:00,8.90425,8.918,8.762,8.823,104054.17249584
2026-03-27 09:00:00+00:00,8.823,8.825,8.75,8.774,54730.88005603999
2026-03-27 10:00:00+00:00,8.777,8.78191,8.56465,8.58927,248415.54946568003
2026-03-27 11:00:00+00:00,8.588,8.616,8.546,8.591,101773.14872061009
2026-03-27 12:00:00+00:00,8.593,8.594,8.542,8.572,99924.78260654995
2026-03-27 13:00:00+00:00,8.573,8.617,8.522,8.55644,163223.29994929006
2026-03-27 14:00:00+00:00,8.552,8.59577,8.51746,8.579,160202.19542809002
2026-03-27 15:00:00+00:00,8.581,8.677,8.566,8.611,177584.99630643998
2026-03-27 16:00:00+00:00,8.6069,8.61353,8.557,8.577,99944.57611980998
2026-03-27 17:00:00+00:00,8.577,8.633,8.531,8.539,72520.49991116
2026-03-27 18:00:00+00:00,8.539,8.55564,8.5,8.525,132525.33047881
2026-03-27 19:00:00+00:00,8.525,8.57,8.481,8.534,141131.14568689998
2026-03-27 20:00:00+00:00,8.535,8.547,8.485,8.524,86988.33813816
2026-03-27 21:00:00+00:00,8.523,8.56,8.521,8.528,89459.92180706003
2026-03-27 22:00:00+00:00,8.527,8.54,8.502,8.51323,45936.78022292999
2026-03-27 23:00:00+00:00,8.514,8.57,8.501,8.56,34928.26271203001
2026-03-28 00:00:00+00:00,8.56,8.56453,8.54,8.55,41167.9369573
2026-03-28 01:00:00+00:00,8.55,8.55,8.497,8.527,42047.78527899
2026-03-28 02:00:00+00:00,8.528,8.55235,8.499,8.51001,39554.9306125
2026-03-28 03:00:00+00:00,8.51197,8.53031,8.504,8.513,22644.96728394
2026-03-28 04:00:00+00:00,8.514,8.53793,8.496,8.526,25718.420440900005
2026-03-28 05:00:00+00:00,8.52665,8.54,8.505,8.534,27785.397984719995
2026-03-28 06:00:00+00:00,8.534,8.57659,8.52,8.55747,37067.32701605999
2026-03-28 07:00:00+00:00,8.556,8.599,8.553,8.598,16998.589829570003
2026-03-28 08:00:00+00:00,8.59825,8.60621,8.553,8.554,16639.75913089
2026-03-28 09:00:00+00:00,8.555,8.556,8.52,8.534,11458.48555996
2026-03-28 10:00:00+00:00,8.5338,8.56949,8.48,8.519,41676.62620538999
2026-03-28 11:00:00+00:00,8.517,8.54306,8.514,8.535,26148.76327677999
2026-03-28 12:00:00+00:00,8.536,8.57,8.4988,8.509,73433.95954318
2026-03-28 13:00:00+00:00,8.508,8.671,8.506,8.622,104766.31434321
2026-03-28 14:00:00+00:00,8.62538,8.64724,8.584,8.604,82830.0757585
2026-03-28 15:00:00+00:00,8.604,8.69392,8.595,8.635,89029.03243032999
2026-03-28 16:00:00+00:00,8.63527,8.64323,8.616,8.63,36450.82497737001
2026-03-28 17:00:00+00:00,8.627,8.64726,8.588,8.597,41748.63413335999
2026-03-28 18:00:00+00:00,8.598,8.615,8.591,8.595,20423.812781279987
2026-03-28 19:00:00+00:00,8.594,8.6008,8.57552,8.59135,22446.810053100005
2026-03-28 20:00:00+00:00,8.598,8.617,8.59,8.604,34202.398391790004
2026-03-28 21:00:00+00:00,8.60269,8.608,8.537,8.552,33671.79704636
2026-03-28 22:00:00+00:00,8.551,8.57789,8.539,8.56589,30003.19690076
2026-03-28 23:00:00+00:00,8.569,8.57,8.37,8.427,229493.8833781
2026-03-29 00:00:00+00:00,8.429,8.462,8.41,8.462,50675.14918656997
2026-03-29 01:00:00+00:00,8.459,8.489,8.449,8.482,47550.04984053001
2026-03-29 02:00:00+00:00,8.482,8.507,8.469,8.5,28307.26260967
2026-03-29 03:00:00+00:00,8.50199,8.581,8.489,8.537,47305.517477110014
2026-03-29 04:00:00+00:00,8.536,8.5364,8.509,8.518,27361.538727970004
2026-03-29 05:00:00+00:00,8.52016,8.53548,8.492,8.52187,37823.59696929999
2026-03-29 06:00:00+00:00,8.514,8.54322,8.498,8.516,33689.111507350004
2026-03-29 07:00:00+00:00,8.515,8.525,8.485,8.509,28773.79719208
2026-03-29 08:00:00+00:00,8.509,8.5317,8.502,8.517,25746.7477562
2026-03-29 09:00:00+00:00,8.517,8.54393,8.493,8.498,34947.80070413001
2026-03-29 10:00:00+00:00,8.498,8.50366,8.4458,8.468,37982.188149600006
2026-03-29 11:00:00+00:00,8.46851,8.53362,8.464,8.50461,43502.47023247
2026-03-29 12:00:00+00:00,8.5,8.50828,8.468,8.488,27623.969353289995
2026-03-29 13:00:00+00:00,8.488,8.49094,8.41,8.424,59445.25262701999
2026-03-29 14:00:00+00:00,8.426,8.48,8.414,8.42816,71530.03445859998
2026-03-29 15:00:00+00:00,8.43,8.4473,8.384,8.42,65507.66998896001
2026-03-29 16:00:00+00:00,8.42221,8.46312,8.411,8.426,32186.16301318
2026-03-29 17:00:00+00:00,8.428,8.444,8.386,8.425,45646.897667590005
2026-03-29 18:00:00+00:00,8.426,8.453,8.406,8.432,35882.88680484999
2026-03-29 19:00:00+00:00,8.432,8.44361,8.397,8.412,39472.01990574
2026-03-29 20:00:00+00:00,8.408,8.48479,8.407,8.451,48949.44926046
2026-03-29 21:00:00+00:00,8.451,8.48204,8.444,8.471,28291.899335150007
2026-03-29 22:00:00+00:00,8.47073,8.47073,8.2,8.371,281693.90864963
2026-03-29 23:00:00+00:00,8.37,8.442,8.361,8.406,159664.01764912996
2026-03-30 00:00:00+00:00,8.408,8.56287,8.392,8.473,134929.73930162
2026-03-30 01:00:00+00:00,8.474,8.55332,8.47358,8.54,71864.96015042998
2026-03-30 02:00:00+00:00,8.54,8.661,8.529,8.604,93202.16983118
2026-03-30 03:00:00+00:00,8.60504,8.65142,8.579,8.625,34329.05128343001
2026-03-30 04:00:00+00:00,8.627,8.685,8.627,8.672,47071.45561924
2026-03-30 05:00:00+00:00,8.67361,8.723,8.655,8.664,54082.48469142999
2026-03-30 06:00:00+00:00,8.66663,8.681,8.64,8.653,24772.97516058
2026-03-30 07:00:00+00:00,8.652,8.75,8.651,8.735,38948.32843306001
2026-03-30 08:00:00+00:00,8.734,8.812,8.729,8.785,56104.12344311
2026-03-30 09:00:00+00:00,8.78498,8.793,8.746,8.746,29067.95323421999
2026-03-30 10:00:00+00:00,8.74803,8.776,8.72,8.759,25913.26490045
2026-03-30 11:00:00+00:00,8.76,8.9,8.76,8.856,114403.55154674004
2026-03-30 12:00:00+00:00,8.857,8.90905,8.857,8.874,76020.36236428001
2026-03-30 13:00:00+00:00,8.87703,8.914,8.819,8.836,123788.68494529
2026-03-30 14:00:00+00:00,8.835,8.88263,8.767,8.867,104750.67462438995
2026-03-30 15:00:00+00:00,8.863,8.88,8.78688,8.82,61162.729899530015
2026-03-30 16:00:00+00:00,8.82194,8.83452,8.77,8.802,88975.46088898
2026-03-30 17:00:00+00:00,8.803,8.826,8.674,8.706,100200.72721163995
2026-03-30 18:00:00+00:00,8.70499,8.71,8.616,8.643,69890.74627255002
2026-03-30 19:00:00+00:00,8.642,8.64539,8.559,8.6134,66662.64497386999
2026-03-30 20:00:00+00:00,8.616,8.643,8.607,8.624,25611.70306341
2026-03-30 21:00:00+00:00,8.622,8.717,8.612,8.675,46418.04828868
2026-03-30 22:00:00+00:00,8.67,8.685,8.618,8.633,72349.82699015
2026-03-30 23:00:00+00:00,8.632,8.634,8.575,8.61369,47437.23357723001
2026-03-31 00:00:00+00:00,8.617,8.67,8.588,8.647,65162.38809858998
2026-03-31 01:00:00+00:00,8.648,8.848,8.628,8.786,93845.10499154
2026-03-31 02:00:00+00:00,8.7888,8.815,8.759,8.774,39311.537803210005
2026-03-31 03:00:00+00:00,8.7743,8.784,8.734,8.7424,33232.14942087
2026-03-31 04:00:00+00:00,8.743,8.771,8.715,8.725,39814.94997778999
2026-03-31 05:00:00+00:00,8.72546,8.768,8.68423,8.74818,43221.25141186
2026-03-31 06:00:00+00:00,8.76017,8.76017,8.704,8.73,31425.11397966001
2026-03-31 07:00:00+00:00,8.73,8.73705,8.661,8.69819,36563.53170170999
2026-03-31 08:00:00+00:00,8.70273,8.70893,8.621,8.627,50232.94209777001
2026-03-31 09:00:00+00:00,8.626,8.64821,8.49,8.52163,76884.93690588001
2026-03-31 10:00:00+00:00,8.518,8.573,8.514,8.5603,38573.27145732001
2026-03-31 11:00:00+00:00,8.557,8.628,8.543,8.608,86292.31486978996
2026-03-31 12:00:00+00:00,8.61,8.663,8.592,8.631,51582.63173608
2026-03-31 13:00:00+00:00,8.631,8.77,8.628,8.739,104181.21765284002
2026-03-31 14:00:00+00:00,8.739,8.802,8.57,8.619,127878.38637383
2026-03-31 15:00:00+00:00,8.619,8.73143,8.613,8.617,40378.65200549999
2026-03-31 16:00:00+00:00,8.62116,8.838,8.61242,8.777,122167.51831143996
2026-03-31 17:00:00+00:00,8.778,8.88434,8.74,8.757,137603.94593469994
2026-03-31 18:00:00+00:00,8.759,8.83899,8.759,8.79297,44433.98270841999
2026-03-31 19:00:00+00:00,8.787,8.80191,8.742,8.765,79066.14744826
2026-03-31 20:00:00+00:00,8.766,8.80808,8.753,8.791,70430.20687253
2026-03-31 21:00:00+00:00,8.79481,8.79605,8.732,8.756,30496.18240121999
2026-03-31 22:00:00+00:00,8.757,8.766,8.699,8.736,29847.01764188
2026-03-31 23:00:00+00:00,8.73464,8.784,8.722,8.78,42751.08557739
2026-04-01 00:00:00+00:00,8.772,8.824,8.744,8.82,57790.84271945
2026-04-01 01:00:00+00:00,8.821,8.83,8.73978,8.756,45486.872820800025
2026-04-01 02:00:00+00:00,8.756,8.79083,8.733,8.75238,39138.62664784001
2026-04-01 03:00:00+00:00,8.75487,8.826,8.753,8.81014,45266.92200200999
2026-04-01 04:00:00+00:00,8.815,8.856,8.787,8.837,35766.09207628001
2026-04-01 05:00:00+00:00,8.8354,8.942,8.816,8.906,50087.52249066
2026-04-01 06:00:00+00:00,8.90459,9.10157,8.90383,9.085,88883.69975151998
2026-04-01 07:00:00+00:00,9.086,9.19052,9.043,9.053,54884.446060710005
2026-04-01 08:00:00+00:00,9.054,9.09959,9.038,9.055,57418.67402796001
2026-04-01 09:00:00+00:00,9.05546,9.058,8.983,9.043,59780.47706139002
2026-04-01 10:00:00+00:00,9.04491,9.05456,9.00172,9.02482,33856.93078783
2026-04-01 11:00:00+00:00,9.023,9.034,9.003,9.021,37281.35320787999
2026-04-01 12:00:00+00:00,9.02,9.086,8.979,8.988,153661.67447693995
2026-04-01 13:00:00+00:00,8.988,9.026,8.916,8.947,82924.24032557
2026-04-01 14:00:00+00:00,8.947,9.00028,8.928,8.996,73172.07761516998
2026-04-01 15:00:00+00:00,8.995,9.01155,8.944,9.006,51198.12201924002
2026-04-01 16:00:00+00:00,9.0047,9.066,8.951,9.05,65458.33460567
2026-04-01 17:00:00+00:00,9.048,9.14001,8.983,9.006,172280.84253474994
2026-04-01 18:00:00+00:00,9.007,9.023,8.955,8.96743,110192.57481677998
2026-04-01 19:00:00+00:00,8.963,9.024,8.96,9.018,65592.25503196
2026-04-01 20:00:00+00:00,9.018,9.028,8.947,8.97263,69128.11031833997
2026-04-01 21:00:00+00:00,8.972,9.04267,8.972,9.007,62495.89144579999
2026-04-01 22:00:00+00:00,9.006,9.01327,8.934,8.94736,49765.91207758
2026-04-01 23:00:00+00:00,8.945,8.961,8.926,8.939,28823.696112930003
2026-04-02 00:00:00+00:00,8.941,9.005,8.931,8.997,60312.34069177998
2026-04-02 01:00:00+00:00,8.995,8.99963,8.677,8.739,289098.5525105701
2026-04-02 02:00:00+00:00,8.74,8.751,8.592,8.623,143356.61593319004
2026-04-02 03:00:00+00:00,8.62471,8.63566,8.52,8.565,95218.54977080003
2026-04-02 04:00:00+00:00,8.564,8.571,8.511,8.519,61993.73067206
2026-04-02 05:00:00+00:00,8.51899,8.555,8.5,8.55,62766.07638602999
2026-04-02 06:00:00+00:00,8.548,8.571,8.52627,8.55651,27608.66806594999
2026-04-02 07:00:00+00:00,8.557,8.567,8.532,8.563,23205.974083199995
2026-04-02 08:00:00+00:00,8.562,8.56578,8.502,8.503,34161.88610749999
2026-04-02 09:00:00+00:00,8.50581,8.53,8.48,8.51025,126992.99062611004
2026-04-02 10:00:00+00:00,8.509,8.518,8.472,8.503,33241.48624273
2026-04-02 11:00:00+00:00,8.504,8.51499,8.454,8.483,45051.110005190014
2026-04-02 12:00:00+00:00,8.483,8.495,8.46,8.466,44415.98193280999
2026-04-02 13:00:00+00:00,8.467,8.496,8.42063,8.49,112332.3382708
2026-04-02 14:00:00+00:00,8.491,8.64253,8.468,8.608,156777.95198306002
2026-04-02 15:00:00+00:00,8.607,8.60929,8.532,8.564,52913.53611954
2026-04-02 16:00:00+00:00,8.56521,8.65,8.539,8.609,94903.92066037
2026-04-02 17:00:00+00:00,8.608,8.656,8.533,8.54,121663.68613129995
2026-04-02 18:00:00+00:00,8.54,8.606,8.52449,8.58,47590.94928794
2026-04-02 19:00:00+00:00,8.591,8.627,8.563,8.614,49680.00257641
2026-04-02 20:00:00+00:00,8.611,8.655,8.588,8.639,59470.35401017
2026-04-02 21:00:00+00:00,8.637,8.649,8.6,8.634,22325.201155820003
2026-04-02 22:00:00+00:00,8.635,8.65,8.604,8.633,40675.49943448001
2026-04-02 23:00:00+00:00,8.632,8.644,8.609,8.632,35584.60620756
2026-04-03 00:00:00+00:00,8.635,8.645,8.604,8.625,18790.28226583
2026-04-03 01:00:00+00:00,8.625,8.671,8.60106,8.624,28970.00328662
2026-04-03 02:00:00+00:00,8.622,8.664,8.589,8.637,53731.93531324999
2026-04-03 03:00:00+00:00,8.63768,8.676,8.626,8.652,43254.17244663
2026-04-03 04:00:00+00:00,8.65111,8.686,8.647,8.676,39074.25779765002
2026-04-03 05:00:00+00:00,8.67691,8.726,8.642,8.688,46431.08542521002
2026-04-03 06:00:00+00:00,8.688,8.729,8.67221,8.721,22738.43390436
2026-04-03 07:00:00+00:00,8.72,8.764,8.698,8.711,32119.26353414999
2026-04-03 08:00:00+00:00,8.71481,8.74056,8.697,8.707,27967.73895694
2026-04-03 09:00:00+00:00,8.707,8.721,8.673,8.70735,17797.511721769995
2026-04-03 10:00:00+00:00,8.704,8.709,8.658,8.694,14891.068827040004
2026-04-03 11:00:00+00:00,8.695,8.73,8.69198,8.723,33095.399611620014
2026-04-03 12:00:00+00:00,8.725,8.822,8.674,8.68993,91257.71669353003
2026-04-03 13:00:00+00:00,8.69,8.69467,8.648,8.694,46619.10807382
2026-04-03 14:00:00+00:00,8.69354,8.74058,8.673,8.727,35633.456668080005
2026-04-03 15:00:00+00:00,8.727,8.739,8.693,8.69474,41367.99920009
2026-04-03 16:00:00+00:00,8.69473,8.72851,8.686,8.717,32974.55756547001
2026-04-03 17:00:00+00:00,8.717,8.726,8.67,8.687,67042.59430224999
2026-04-03 18:00:00+00:00,8.685,8.711,8.666,8.66903,81565.06634379001
2026-04-03 19:00:00+00:00,8.672,8.68538,8.646,8.677,18696.015085769995
2026-04-03 20:00:00+00:00,8.67415,8.692,8.67,8.681,22449.31990701
2026-04-03 21:00:00+00:00,8.68047,8.713,8.67397,8.693,35536.60952325
2026-04-03 22:00:00+00:00,8.693,8.6974,8.648,8.66,20861.01944828
2026-04-03 23:00:00+00:00,8.651,8.665,8.63662,8.659,18451.19406902
2026-04-04 00:00:00+00:00,8.658,8.658,8.627,8.639,20703.55792563
2026-04-04 01:00:00+00:00,8.6395,8.65,8.623,8.638,15633.64690424
2026-04-04 02:00:00+00:00,8.638,8.652,8.617,8.62968,10560.38028262
2026-04-04 03:00:00+00:00,8.63203,8.654,8.631,8.64,17869.87677987001
2026-04-04 04:00:00+00:00,8.64084,8.655,8.63,8.651,8884.031968939997
2026-04-04 05:00:00+00:00,8.65165,8.667,8.63909,8.6484,11183.91437259
2026-04-04 06:00:00+00:00,8.646,8.678,8.63,8.671,9015.90335963
2026-04-04 07:00:00+00:00,8.67208,8.67208,8.646,8.654,9053.354870260002
2026-04-04 08:00:00+00:00,8.65896,8.67482,8.642,8.647,5163.748919089999
2026-04-04 09:00:00+00:00,8.64659,8.65314,8.63342,8.636,9179.40011776
2026-04-04 10:00:00+00:00,8.64,8.672,8.62626,8.665,9422.90085347
2026-04-04 11:00:00+00:00,8.668,8.672,8.652,8.656,8386.619912599997
2026-04-04 12:00:00+00:00,8.659,8.668,8.633,8.6441,15549.542386310004
2026-04-04 13:00:00+00:00,8.64355,8.65764,8.631,8.648,30389.64689988
2026-04-04 14:00:00+00:00,8.64936,8.66306,8.606,8.659,25515.42532028
2026-04-04 15:00:00+00:00,8.659,8.71,8.651,8.687,30340.46050661
2026-04-04 16:00:00+00:00,8.682,8.721,8.672,8.674,28706.680582299992
2026-04-04 17:00:00+00:00,8.681,8.706,8.664,8.6948,9679.464599489998
2026-04-04 18:00:00+00:00,8.696,8.70303,8.681,8.694,9185.18484814
2026-04-04 19:00:00+00:00,8.69232,8.778,8.692,8.725,42526.353166180015
2026-04-04 20:00:00+00:00,8.7259,8.7273,8.696,8.69867,10963.04833302
2026-04-04 21:00:00+00:00,8.7,8.718,8.683,8.706,30875.47950103
2026-04-04 22:00:00+00:00,8.705,8.724,8.701,8.711,15459.200864009998
2026-04-04 23:00:00+00:00,8.711,8.71118,8.678,8.68934,18676.293554
2026-04-05 00:00:00+00:00,8.695,8.7,8.675,8.685,17752.288132079993
2026-04-05 01:00:00+00:00,8.686,8.695,8.651,8.651,23172.534488959995
2026-04-05 02:00:00+00:00,8.65412,8.67,8.638,8.66097,18013.175194200005
2026-04-05 03:00:00+00:00,8.66097,8.66743,8.642,8.649,8874.48020668
2026-04-05 04:00:00+00:00,8.648,8.658,8.634,8.6366,8485.31102019
2026-04-05 05:00:00+00:00,8.6366,8.645,8.588,8.599,24202.613472270004
2026-04-05 06:00:00+00:00,8.599,8.606,8.5151,8.552,74322.27276096997
2026-04-05 07:00:00+00:00,8.552,8.57,8.51736,8.531,24860.896400239984
2026-04-05 08:00:00+00:00,8.53,8.549,8.52439,8.542,21171.117394929992
2026-04-05 09:00:00+00:00,8.544,8.562,8.541,8.5517,21977.838123810005
2026-04-05 10:00:00+00:00,8.551,8.581,8.53735,8.542,12089.10242864
2026-04-05 11:00:00+00:00,8.541,8.55,8.533,8.548,6948.542037400003
2026-04-05 12:00:00+00:00,8.545,8.545,8.4758,8.502,33328.09198084999
2026-04-05 13:00:00+00:00,8.501,8.534,8.48277,8.532,23478.43629639
2026-04-05 14:00:00+00:00,8.533,8.559,8.522,8.55,16101.226476660002
2026-04-05 15:00:00+00:00,8.548,8.676,8.52,8.599,55542.66974529998
2026-04-05 16:00:00+00:00,8.59854,8.616,8.579,8.586,21543.69966302
2026-04-05 17:00:00+00:00,8.585,8.625,8.57,8.615,18300.4237301
2026-04-05 18:00:00+00:00,8.62067,8.631,8.592,8.612,33123.14538632
2026-04-05 19:00:00+00:00,8.613,8.65,8.596,8.624,22373.237970960006
2026-04-05 20:00:00+00:00,8.624,8.66453,8.616,8.652,28280.13412273
2026-04-05 21:00:00+00:00,8.652,8.65374,8.584,8.60466,31309.49526357
2026-04-05 22:00:00+00:00,8.608,8.722,8.561,8.707,82359.64868891997
2026-04-05 23:00:00+00:00,8.708,8.865,8.693,8.81622,114485.82957387
2026-04-06 00:00:00+00:00,8.821,8.96985,8.821,8.91799,122568.33853794004
2026-04-06 01:00:00+00:00,8.92,8.942,8.87,8.879,82748.53500703996
2026-04-06 02:00:00+00:00,8.881,9.022,8.881,8.98302,74939.42108735998
2026-04-06 03:00:00+00:00,8.97752,8.99,8.915,8.925,54413.468028710005
2026-04-06 04:00:00+00:00,8.9274,8.956,8.914,8.94844,32107.95665605
2026-04-06 05:00:00+00:00,8.94934,8.961,8.925,8.951,31406.959215230003
2026-04-06 06:00:00+00:00,8.95254,8.99551,8.905,8.924,60266.20024713001
2026-04-06 07:00:00+00:00,8.924,8.984,8.9,8.959,34739.448471820004
2026-04-06 08:00:00+00:00,8.96,9.01869,8.95,8.98255,50242.15730536
2026-04-06 09:00:00+00:00,8.9797,9.146,8.976,9.07996,114417.23884983
2026-04-06 10:00:00+00:00,9.084,9.103,9.05027,9.06283,57503.61719342
2026-04-06 11:00:00+00:00,9.062,9.062,9.028,9.04403,34763.45620508
2026-04-06 12:00:00+00:00,9.043,9.057,9.014,9.021,84706.08265088
2026-04-06 13:00:00+00:00,9.02226,9.04628,9.001,9.0347,98672.82108802002
2026-04-06 14:00:00+00:00,9.035,9.084,8.998,9.055,117307.71528654
2026-04-06 15:00:00+00:00,9.05595,9.089,9.041,9.085,41755.8732271
2026-04-06 16:00:00+00:00,9.08499,9.101,9.002,9.002,69876.54236726
2026-04-06 17:00:00+00:00,9.006,9.012,8.938,8.995,98684.08970982
2026-04-06 18:00:00+00:00,8.99866,9.038,8.983,9.01,38312.99385352998
2026-04-06 19:00:00+00:00,9.009,9.009,8.965,8.985,34770.27665787
2026-04-06 20:00:00+00:00,8.988,9.021,8.975,8.997,33541.232609269995
2026-04-06 21:00:00+00:00,8.998,8.998,8.948,8.955,27971.31031513001
2026-04-06 22:00:00+00:00,8.955,8.973,8.818,8.818,59775.78627394998
2026-04-06 23:00:00+00:00,8.818,8.818,8.724,8.799,83322.73377992002
2026-04-07 00:00:00+00:00,8.799,8.848,8.789,8.81074,58445.86326065999
2026-04-07 01:00:00+00:00,8.812,8.837,8.745,8.757,37153.41689466
2026-04-07 02:00:00+00:00,8.756,8.792,8.727,8.781,43876.04734475003
2026-04-07 03:00:00+00:00,8.78192,8.799,8.77251,8.79252,20491.11263568
2026-04-07 04:00:00+00:00,8.79266,8.829,8.76,8.807,25387.72225024001
2026-04-07 05:00:00+00:00,8.80682,8.80682,8.757,8.773,19032.65735881
2026-04-07 06:00:00+00:00,8.77522,8.77522,8.729,8.758,20633.197844520004
2026-04-07 07:00:00+00:00,8.76,8.782,8.744,8.765,13972.17083467
2026-04-07 08:00:00+00:00,8.765,8.837,8.765,8.83,58482.99406413
2026-04-07 09:00:00+00:00,8.824,8.899,8.824,8.864,52939.39753253001
2026-04-07 10:00:00+00:00,8.864,8.874,8.693,8.701,98150.21782064004
2026-04-07 11:00:00+00:00,8.703,8.711,8.67203,8.682,34762.81001931
2026-04-07 12:00:00+00:00,8.681,8.707,8.617,8.6897,171301.74073559005
2026-04-07 13:00:00+00:00,8.688,8.708,8.618,8.62,126652.34627003
2026-04-07 14:00:00+00:00,8.622,8.649,8.575,8.59,152074.55436884
2026-04-07 15:00:00+00:00,8.59,8.64802,8.569,8.617,75396.16729360001
2026-04-07 16:00:00+00:00,8.617,8.657,8.597,8.614,46145.11164888
2026-04-07 17:00:00+00:00,8.613,8.725,8.595,8.65886,52376.6323436
2026-04-07 18:00:00+00:00,8.661,8.67247,8.59349,8.614,38357.05945662
2026-04-07 19:00:00+00:00,8.612,8.761,8.611,8.742,99765.29243511
2026-04-07 20:00:00+00:00,8.742,8.791,8.715,8.731,116439.54184078996
2026-04-07 21:00:00+00:00,8.731,8.913,8.72901,8.886,92558.95491218996
2026-04-07 22:00:00+00:00,8.8893,9.202,8.887,9.202,344915.43641112
2026-04-07 23:00:00+00:00,9.1979,9.413,9.195,9.291,323784.9355755201
2026-04-08 00:00:00+00:00,9.284,9.335,9.184,9.218,170707.58669810998
2026-04-08 01:00:00+00:00,9.219,9.255,9.194,9.227,60868.89570648999
2026-04-08 02:00:00+00:00,9.228,9.283,9.188,9.201,67861.98810475001
2026-04-08 03:00:00+00:00,9.19901,9.223,9.174,9.179,51686.81236975
2026-04-08 04:00:00+00:00,9.181,9.251,9.18,9.22367,78222.31599808
2026-04-08 05:00:00+00:00,9.222,9.259,9.22,9.234,20648.92021806
2026-04-08 06:00:00+00:00,9.235,9.25557,9.206,9.232,26693.29741939
2026-04-08 07:00:00+00:00,9.23311,9.273,9.213,9.255,65613.89175645002
2026-04-08 08:00:00+00:00,9.256,9.277,9.228,9.255,28481.427729529994
2026-04-08 09:00:00+00:00,9.255,9.271,9.192,9.212,33420.04176555
2026-04-08 10:00:00+00:00,9.214,9.236,9.186,9.188,21721.23476590001
2026-04-08 11:00:00+00:00,9.187,9.225,9.14,9.186,53097.324299280015
2026-04-08 12:00:00+00:00,9.187,9.217,9.163,9.207,54597.40768933
2026-04-08 13:00:00+00:00,9.206,9.27,9.14341,9.156,150607.66995411002
2026-04-08 14:00:00+00:00,9.154,9.169,8.966,8.997,166634.97416152997
2026-04-08 15:00:00+00:00,8.994,9.043,8.98,9.029,56969.74768424999
2026-04-08 16:00:00+00:00,9.03094,9.082,9.023,9.065,38089.09183979999
2026-04-08 17:00:00+00:00,9.068,9.12,9.041,9.10152,46135.87623265999
2026-04-08 18:00:00+00:00,9.102,9.103,8.958,8.964,59196.27564578
2026-04-08 19:00:00+00:00,8.959,8.989,8.935,8.989,61003.11020069
2026-04-08 20:00:00+00:00,8.98421,9.009,8.953,8.971,24750.18919967
2026-04-08 21:00:00+00:00,8.972,9.03612,8.965,9.009,57526.13042968001
2026-04-08 22:00:00+00:00,9.01,9.017,8.915,8.924,61616.90740891002
2026-04-08 23:00:00+00:00,8.924,8.924,8.8328,8.858,63847.60539469998
2026-04-09 00:00:00+00:00,8.857,8.861,8.75,8.773,90423.31375464998
2026-04-09 01:00:00+00:00,8.772,8.77605,8.6906,8.756,98881.96966889004
2026-04-09 02:00:00+00:00,8.755,8.783,8.734,8.773,37492.449381000006
2026-04-09 03:00:00+00:00,8.77257,8.784,8.73588,8.762,29039.30493885
2026-04-09 04:00:00+00:00,8.76,8.79,8.74907,8.76539,19288.59974475
2026-04-09 05:00:00+00:00,8.76539,8.796,8.75,8.763,29856.873641280003
2026-04-09 06:00:00+00:00,8.764,8.794,8.755,8.777,24307.71665875999
2026-04-09 07:00:00+00:00,8.78,8.80108,8.751,8.756,24572.455761750007
2026-04-09 08:00:00+00:00,8.75863,8.793,8.74,8.774,67923.61921530002
2026-04-09 09:00:00+00:00,8.77664,8.805,8.755,8.791,63066.55821282
2026-04-09 10:00:00+00:00,8.791,8.807,8.773,8.783,13793.94697413
2026-04-09 11:00:00+00:00,8.78,8.784,8.748,8.765,56282.00524714001
2026-04-09 12:00:00+00:00,8.763,8.811,8.76034,8.797,65708.49226693
2026-04-09 13:00:00+00:00,8.798,8.81,8.714,8.74,89396.4388924
2026-04-09 14:00:00+00:00,8.74,8.802,8.691,8.79,35206.83599069999
2026-04-09 15:00:00+00:00,8.79459,8.976,8.752,8.943,95335.29143539
2026-04-09 16:00:00+00:00,8.94591,9.0,8.867,8.942,116145.46575532
2026-04-09 17:00:00+00:00,8.94392,9.023,8.93396,9.014,78168.71274428
2026-04-09 18:00:00+00:00,9.016,9.02,8.918,8.9666,61334.48252820002
2026-04-09 19:00:00+00:00,8.964,9.039,8.951,9.01,66775.39373898
2026-04-09 20:00:00+00:00,9.01,9.04,8.993,9.018,84275.74316521999
2026-04-09 21:00:00+00:00,9.018,9.08,9.013,9.041,88843.97573869002
2026-04-09 22:00:00+00:00,9.038,9.187,9.021,9.02407,145648.32224839006
2026-04-09 23:00:00+00:00,9.02,9.024,8.93151,8.95049,62865.71048689001
2026-04-10 00:00:00+00:00,8.947,8.969,8.905,8.96,69282.05446950001
2026-04-10 01:00:00+00:00,8.958,9.01,8.89,8.949,68076.88992617998
2026-04-10 02:00:00+00:00,8.949,8.983,8.93417,8.946,28735.34667019
2026-04-10 03:00:00+00:00,8.9441,8.962,8.903,8.91785,28812.66771734999
2026-04-10 04:00:00+00:00,8.91786,8.989,8.915,8.966,18397.27447118
2026-04-10 05:00:00+00:00,8.966,8.998,8.94136,8.961,38118.03948596003
2026-04-10 06:00:00+00:00,8.964,8.988,8.90991,8.925,49790.53027707
2026-04-10 07:00:00+00:00,8.92668,8.941,8.88975,8.899,15401.630849100004
2026-04-10 08:00:00+00:00,8.9,8.9422,8.882,8.90901,27895.51559080999
2026-04-10 09:00:00+00:00,8.90802,8.973,8.908,8.971,28736.28180114001
2026-04-10 10:00:00+00:00,8.968,8.97,8.934,8.941,14838.34139594
2026-04-10 11:00:00+00:00,8.941,9.021,8.937,8.992,44165.6024263
2026-04-10 12:00:00+00:00,8.989,9.05,8.966,9.01075,56906.44007967001
2026-04-10 13:00:00+00:00,9.013,9.049,8.976,9.031,23628.15372484
2026-04-10 14:00:00+00:00,9.031,9.15,9.015,9.131,165569.89287312003
2026-04-10 15:00:00+00:00,9.131,9.169,9.04032,9.061,66826.46563778998
2026-04-10 16:00:00+00:00,9.062,9.124,9.04,9.117,81399.92428813
2026-04-10 17:00:00+00:00,9.116,9.122,9.063,9.107,69117.67872336
2026-04-10 18:00:00+00:00,9.109,9.143,9.089,9.139,56486.99544122
2026-04-10 19:00:00+00:00,9.136,9.168,9.119,9.165,91762.64875914996
2026-04-10 20:00:00+00:00,9.164,9.181,9.11496,9.16,41880.70249272
2026-04-10 21:00:00+00:00,9.161,9.166,9.109,9.144,38496.96561431
2026-04-10 22:00:00+00:00,9.143,9.15,9.076,9.09337,42994.66009053001
2026-04-10 23:00:00+00:00,9.096,9.1,9.072,9.088,36707.44471553999
2026-04-11 00:00:00+00:00,9.089,9.096,9.061,9.071,13640.843411639997
2026-04-11 01:00:00+00:00,9.07,9.088,9.03449,9.077,22915.87934175001
2026-04-11 02:00:00+00:00,9.078,9.102,9.061,9.082,34632.615214020014
2026-04-11 03:00:00+00:00,9.08376,9.11889,9.05139,9.05726,17227.98983259
2026-04-11 04:00:00+00:00,9.05378,9.084,9.047,9.054,24889.19355936
2026-04-11 05:00:00+00:00,9.0561,9.057,8.989,9.002,29363.05531658
2026-04-11 06:00:00+00:00,8.999,9.01,8.979,9.00787,14458.9336548
2026-04-11 07:00:00+00:00,9.01029,9.0224,9.00029,9.014,5894.584467270001
2026-04-11 08:00:00+00:00,9.014,9.02914,8.99835,9.003,5665.277324250001
2026-04-11 09:00:00+00:00,9.003,9.055,8.99868,9.032,11175.6132824
2026-04-11 10:00:00+00:00,9.032,9.03671,8.99947,9.012,8725.152535370002
2026-04-11 11:00:00+00:00,9.011,9.025,8.993,9.019,10759.7452575
2026-04-11 12:00:00+00:00,9.0201,9.033,8.99546,9.01762,19084.797861000003
2026-04-11 13:00:00+00:00,9.016,9.016,8.96,8.991,53420.52421691999
2026-04-11 14:00:00+00:00,8.99153,9.009,8.97,8.994,21703.370990939988
2026-04-11 15:00:00+00:00,8.994,9.05,8.98948,9.03107,27269.71184322
2026-04-11 16:00:00+00:00,9.03114,9.126,9.024,9.097,63594.7219621
2026-04-11 17:00:00+00:00,9.093,9.111,9.079,9.08343,54200.04079303999
2026-04-11 18:00:00+00:00,9.083,9.235,9.063,9.2,117328.26740305
2026-04-11 19:00:00+00:00,9.204,9.288,9.197,9.26684,76433.74381185004
2026-04-11 20:00:00+00:00,9.267,9.27507,9.165,9.19329,41715.04658934
2026-04-11 21:00:00+00:00,9.19,9.201,9.15,9.179,38878.662935520006
2026-04-11 22:00:00+00:00,9.179,9.23,9.125,9.139,35807.674428210004
2026-04-11 23:00:00+00:00,9.139,9.14,9.05,9.068,45269.32578155999
2026-04-12 00:00:00+00:00,9.073,9.075,9.04,9.068,21082.69467615
2026-04-12 01:00:00+00:00,9.068,9.084,8.762,8.795,196326.13853176
2026-04-12 02:00:00+00:00,8.79733,8.854,8.752,8.842,112560.16861366002
2026-04-12 03:00:00+00:00,8.84199,8.854,8.798,8.798,43430.83181985999
2026-04-12 04:00:00+00:00,8.797,8.81,8.771,8.778,28492.949783560005
2026-04-12 05:00:00+00:00,8.78022,8.81,8.76368,8.801,16382.717298380005
2026-04-12 06:00:00+00:00,8.8,8.82,8.789,8.795,10575.69263215
2026-04-12 07:00:00+00:00,8.791,8.816,8.774,8.803,10343.616798709996
2026-04-12 08:00:00+00:00,8.802,8.818,8.794,8.8076,6682.187826000001
2026-04-12 09:00:00+00:00,8.80612,8.809,8.783,8.789,10225.89522073
2026-04-12 10:00:00+00:00,8.787,8.809,8.7545,8.77,23324.77644505
2026-04-12 11:00:00+00:00,8.76624,8.80519,8.757,8.79,14395.777117950003
2026-04-12 12:00:00+00:00,8.787,8.83183,8.762,8.764,35949.65908418999
2026-04-12 13:00:00+00:00,8.761,8.792,8.734,8.74,48563.31823617
2026-04-12 14:00:00+00:00,8.737,8.761,8.701,8.712,67168.74890636998
2026-04-12 15:00:00+00:00,8.71522,8.734,8.69,8.72111,57616.47091677
2026-04-12 16:00:00+00:00,8.72114,8.73605,8.705,8.729,17514.401921549994
2026-04-12 17:00:00+00:00,8.73,8.796,8.726,8.786,23644.33996773
2026-04-12 18:00:00+00:00,8.787,8.806,8.75013,8.77,56305.39916225001
2026-04-12 19:00:00+00:00,8.771,8.78515,8.764,8.76738,32011.199018540006
2026-04-12 20:00:00+00:00,8.767,8.84,8.74276,8.828,29872.113838840007
2026-04-12 21:00:00+00:00,8.829,8.845,8.8,8.83,17915.15596465
2026-04-12 22:00:00+00:00,8.828,8.83,8.716,8.76391,56006.285865719976
2026-04-12 23:00:00+00:00,8.764,8.764,8.71388,8.734,47294.147345460005
2026-04-13 00:00:00+00:00,8.733,8.804,8.722,8.793,22135.17724040999
2026-04-13 01:00:00+00:00,8.794,8.825,8.7848,8.81884,32042.299452669995
2026-04-13 02:00:00+00:00,8.821,8.836,8.789,8.796,38203.49271664003
2026-04-13 03:00:00+00:00,8.796,8.798,8.75525,8.783,19001.0860311
2026-04-13 04:00:00+00:00,8.78052,8.797,8.744,8.753,20597.83912701
2026-04-13 05:00:00+00:00,8.75293,8.75752,8.725,8.74745,24406.804211390005
2026-04-13 06:00:00+00:00,8.7528,8.81,8.747,8.782,15238.13008435
2026-04-13 07:00:00+00:00,8.783,8.79001,8.714,8.73,34834.13312990999
2026-04-13 08:00:00+00:00,8.72939,8.741,8.697,8.71353,17129.2193974
2026-04-13 09:00:00+00:00,8.71672,8.753,8.715,8.73752,29027.687567809982
2026-04-13 10:00:00+00:00,8.734,8.73464,8.697,8.704,13715.648889300004
2026-04-13 11:00:00+00:00,8.705,8.737,8.70427,8.73577,24059.282597710004
2026-04-13 12:00:00+00:00,8.729,8.786,8.68,8.762,57239.19730959
2026-04-13 13:00:00+00:00,8.7619,8.85106,8.722,8.847,54581.47985545
2026-04-13 14:00:00+00:00,8.847,8.91905,8.772,8.91453,96009.8976073
2026-04-13 15:00:00+00:00,8.91761,8.92,8.785,8.825,57888.89718924
2026-04-13 16:00:00+00:00,8.82793,8.911,8.783,8.89728,97751.32090344
2026-04-13 17:00:00+00:00,8.896,8.96753,8.87387,8.88,66295.50370885001
2026-04-13 18:00:00+00:00,8.87993,8.908,8.839,8.904,42823.892067440014
2026-04-13 19:00:00+00:00,8.9,9.04,8.882,9.027,152274.25540102
2026-04-13 20:00:00+00:00,9.026,9.036,8.95,8.97,70907.03090977001
2026-04-13 21:00:00+00:00,8.971,9.02399,8.956,9.004,58463.75771874
2026-04-13 22:00:00+00:00,9.003,9.363,9.0,9.3291,362650.93626061024
2026-04-13 23:00:00+00:00,9.33,9.444,9.28893,9.358,246807.0378168
2026-04-14 00:00:00+00:00,9.362,9.385,9.219,9.226,175715.70596392
2026-04-14 01:00:00+00:00,9.21859,9.265,9.178,9.244,67638.12817587999
2026-04-14 02:00:00+00:00,9.245,9.27791,9.225,9.24291,107225.61902547
2026-04-14 03:00:00+00:00,9.24291,9.24291,9.212,9.218,23979.020235530003
2026-04-14 04:00:00+00:00,9.22005,9.244,9.21148,9.22428,72180.34065467
2026-04-14 05:00:00+00:00,9.2281,9.2281,9.139,9.156,35263.940622270005
2026-04-14 06:00:00+00:00,9.15,9.218,9.15,9.2095,20840.18655672999
2026-04-14 07:00:00+00:00,9.208,9.25,9.189,9.22098,46727.39801132999
2026-04-14 08:00:00+00:00,9.22306,9.263,9.193,9.229,62245.55069308
2026-04-14 09:00:00+00:00,9.23,9.243,9.20041,9.221,50025.11826077
2026-04-14 10:00:00+00:00,9.221,9.22257,9.17,9.181,21514.336497299988
2026-04-14 11:00:00+00:00,9.179,9.207,9.166,9.179,33038.608421699995
2026-04-14 12:00:00+00:00,9.179,9.179,9.11,9.122,43901.52863197998
2026-04-14 13:00:00+00:00,9.12,9.25,9.117,9.249,95087.74580514996
2026-04-14 14:00:00+00:00,9.249,9.303,9.14,9.1508,161208.98753317
2026-04-14 15:00:00+00:00,9.146,9.172,9.0705,9.13679,112387.94647363004
2026-04-14 16:00:00+00:00,9.136,9.187,9.048,9.075,67919.05660222999
2026-04-14 17:00:00+00:00,9.073,9.124,9.037,9.095,72356.64888942002
2026-04-14 18:00:00+00:00,9.097,9.119,8.954,8.98,78671.84419249998
2026-04-14 19:00:00+00:00,8.98,9.023,8.938,8.995,52407.17375334999
2026-04-14 20:00:00+00:00,8.996,9.029,8.976,9.01,40805.79647811001
2026-04-14 21:00:00+00:00,9.011,9.055,9.0,9.048,25417.04606385
2026-04-14 22:00:00+00:00,9.04848,9.064,8.98307,9.00321,36525.60159064
2026-04-14 23:00:00+00:00,9.00407,9.04,8.99758,9.025,19604.47879261
2026-04-15 00:00:00+00:00,9.02529,9.085,9.02324,9.061,31415.208758160006
2026-04-15 01:00:00+00:00,9.06,9.116,9.046,9.09,49385.34074388
2026-04-15 02:00:00+00:00,9.09,9.105,9.02957,9.068,37416.24074146999
2026-04-15 03:00:00+00:00,9.069,9.08,9.045,9.074,11350.472545380004
2026-04-15 04:00:00+00:00,9.07503,9.105,9.064,9.092,20759.68267006
2026-04-15 05:00:00+00:00,9.09,9.118,9.025,9.05,30773.86579847999
2026-04-15 06:00:00+00:00,9.045,9.051,9.026,9.03861,11045.914369979995
2026-04-15 07:00:00+00:00,9.03848,9.058,8.996,9.015,27580.63881219
2026-04-15 08:00:00+00:00,9.02,9.099,9.009,9.077,24805.48834998
2026-04-15 09:00:00+00:00,9.077,9.085,9.047,9.068,33056.26686902999
2026-04-15 10:00:00+00:00,9.067,9.115,9.043,9.063,34349.308987610006
2026-04-15 11:00:00+00:00,9.066,9.16,9.06367,9.145,33164.71604786
2026-04-15 12:00:00+00:00,9.142,9.19,9.12,9.164,60732.62636182
2026-04-15 13:00:00+00:00,9.17,9.17868,9.108,9.148,53086.07453345002
2026-04-15 14:00:00+00:00,9.149,9.218,9.131,9.21,55305.12579981
2026-04-15 15:00:00+00:00,9.211,9.251,9.1309,9.169,105233.38794914998
2026-04-15 16:00:00+00:00,9.16778,9.227,9.15655,9.206,43982.57365399002
2026-04-15 17:00:00+00:00,9.207,9.264,9.201,9.24586,61898.23635155999
2026-04-15 18:00:00+00:00,9.246,9.291,9.23153,9.287,42521.93495119999
2026-04-15 19:00:00+00:00,9.286,9.371,9.259,9.327,391519.09443280014
2026-04-15 20:00:00+00:00,9.33,9.335,9.258,9.282,91812.91680664994
2026-04-15 21:00:00+00:00,9.283,9.303,9.242,9.295,36739.71791775002
2026-04-15 22:00:00+00:00,9.293,9.36,9.27,9.274,80954.70719045996
2026-04-15 23:00:00+00:00,9.273,9.27592,9.221,9.258,72620.21540891999
2026-04-16 00:00:00+00:00,9.265,9.271,9.212,9.263,37206.19583485002
2026-04-16 01:00:00+00:00,9.261,9.2629,9.207,9.241,27962.16914229
2026-04-16 02:00:00+00:00,9.243,9.334,9.243,9.284,34499.14444333999
2026-04-16 03:00:00+00:00,9.28402,9.315,9.273,9.28,59915.00440339
2026-04-16 04:00:00+00:00,9.28161,9.348,9.267,9.303,42710.27792139001
2026-04-16 05:00:00+00:00,9.302,9.365,9.289,9.307,35712.952147920005
2026-04-16 06:00:00+00:00,9.309,9.315,9.266,9.28925,43794.35634547
2026-04-16 07:00:00+00:00,9.294,9.33842,9.258,9.295,97097.86417355004
2026-04-16 08:00:00+00:00,9.294,9.32134,9.272,9.285,37855.52498258
2026-04-16 09:00:00+00:00,9.283,9.332,9.26,9.263,29804.65658414
2026-04-16 10:00:00+00:00,9.262,9.273,9.21356,9.25,50383.03157796
2026-04-16 11:00:00+00:00,9.252,9.289,9.24044,9.284,38682.57350208998
2026-04-16 12:00:00+00:00,9.286,9.361,9.286,9.33,83533.30357904005
2026-04-16 13:00:00+00:00,9.332,9.434,9.155,9.251,228963.1076114
2026-04-16 14:00:00+00:00,9.24744,9.2661,9.127,9.24,147415.6405798
2026-04-16 15:00:00+00:00,9.23723,9.466,9.226,9.46427,206651.25845987
2026-04-16 16:00:00+00:00,9.458,9.494,9.308,9.343,163527.97365384
2026-04-16 17:00:00+00:00,9.345,9.436,9.32,9.413,80859.00312137001
2026-04-16 18:00:00+00:00,9.419,9.61,9.388,9.587,201607.00470585
2026-04-16 19:00:00+00:00,9.588,9.658,9.549,9.65,140316.96119000003
2026-04-16 20:00:00+00:00,9.651,9.682,9.4935,9.5379,134821.40605196997
2026-04-16 21:00:00+00:00,9.537,9.57,9.465,9.534,69924.55571500998
2026-04-16 22:00:00+00:00,9.536,9.581,9.474,9.50842,82168.63073352
2026-04-16 23:00:00+00:00,9.513,9.605,9.507,9.601,79756.32351193001
2026-04-17 00:00:00+00:00,9.597,9.613,9.504,9.524,85680.36955079998
2026-04-17 01:00:00+00:00,9.523,9.5382,9.424,9.4623,53749.30118999001
2026-04-17 02:00:00+00:00,9.459,9.476,9.397,9.4387,26320.336803760005
2026-04-17 03:00:00+00:00,9.441,9.449,9.408,9.42,29618.003514240005
2026-04-17 04:00:00+00:00,9.42,9.44736,9.405,9.413,28835.84207394
2026-04-17 05:00:00+00:00,9.41325,9.414,9.34,9.3502,65885.57729094998
2026-04-17 06:00:00+00:00,9.344,9.42988,9.342,9.4154,29354.00970365
2026-04-17 07:00:00+00:00,9.418,9.4744,9.415,9.473,29180.22002334
2026-04-17 08:00:00+00:00,9.474,9.568,9.466,9.542,50369.25120171
2026-04-17 09:00:00+00:00,9.54,9.609,9.49159,9.561,72948.99038298
2026-04-17 10:00:00+00:00,9.56,9.58282,9.458,9.5,72356.29808105003
2026-04-17 11:00:00+00:00,9.50028,9.568,9.498,9.523,80222.52520730002
2026-04-17 12:00:00+00:00,9.525,9.6498,9.465,9.62,168212.76702105
2026-04-17 13:00:00+00:00,9.622,9.81058,9.59,9.794,398478.1495050499
2026-04-17 14:00:00+00:00,9.79625,9.871,9.77,9.821,218108.67462935005
2026-04-17 15:00:00+00:00,9.8203,9.82106,9.7197,9.7598,199158.35946712
2026-04-17 16:00:00+00:00,9.76039,9.841,9.746,9.827,77766.15921469998
2026-04-17 17:00:00+00:00,9.827,9.831,9.674,9.74083,137558.44936445
2026-04-17 18:00:00+00:00,9.739,9.75476,9.629,9.6583,100252.88243024
2026-04-17 19:00:00+00:00,9.657,9.703,9.63,9.668,32775.38233253
2026-04-17 20:00:00+00:00,9.67,9.693,9.6,9.649,56729.0282442
2026-04-17 21:00:00+00:00,9.65,9.6718,9.601,9.66,38387.0857769
2026-04-17 22:00:00+00:00,9.659,9.713,9.638,9.668,49471.38662458999
2026-04-17 23:00:00+00:00,9.667,9.667,9.588,9.616,49862.65042720999
2026-04-18 00:00:00+00:00,9.615,9.644,9.584,9.623,59577.1713326
2026-04-18 01:00:00+00:00,9.624,9.658,9.569,9.59191,90244.31676272005
2026-04-18 02:00:00+00:00,9.593,9.631,9.56413,9.61998,34934.930525799995
2026-04-18 03:00:00+00:00,9.618,9.624,9.55049,9.56335,36769.65769197001
2026-04-18 04:00:00+00:00,9.564,9.595,9.55124,9.57362,18993.72727595
2026-04-18 05:00:00+00:00,9.574,9.62,9.573,9.607,18043.44195683
2026-04-18 06:00:00+00:00,9.60708,9.6362,9.588,9.62,11879.87005178
2026-04-18 07:00:00+00:00,9.618,9.628,9.59987,9.605,7026.083711249999
2026-04-18 08:00:00+00:00,9.607,9.607,9.454,9.502,83830.23656753998
2026-04-18 09:00:00+00:00,9.501,9.50921,9.43655,9.482,31237.38556401
2026-04-18 10:00:00+00:00,9.481,9.48203,9.39183,9.4075,47299.48923397001
2026-04-18 11:00:00+00:00,9.408,9.414,9.342,9.407,45337.400297749984
2026-04-18 12:00:00+00:00,9.406,9.454,9.366,9.38,60324.97405419997
2026-04-18 13:00:00+00:00,9.378,9.39012,9.317,9.379,69122.13961438001
2026-04-18 14:00:00+00:00,9.3805,9.415,9.362,9.41,17793.087944389998
2026-04-18 15:00:00+00:00,9.41,9.441,9.377,9.392,17299.434175759998
2026-04-18 16:00:00+00:00,9.39001,9.42322,9.344,9.374,55796.97953184002
2026-04-18 17:00:00+00:00,9.376,9.392,9.339,9.373,21809.90864745
2026-04-18 18:00:00+00:00,9.372,9.38,9.25,9.276,109378.58573093
2026-04-18 19:00:00+00:00,9.271,9.31856,9.265,9.286,16136.658854650002
2026-04-18 20:00:00+00:00,9.288,9.326,9.268,9.312,17869.71102249
2026-04-18 21:00:00+00:00,9.31245,9.33,9.298,9.32322,10336.61252443
2026-04-18 22:00:00+00:00,9.328,9.33,9.28734,9.3274,22588.71273308
2026-04-18 23:00:00+00:00,9.328,9.351,9.285,9.285,12330.719302469995
2026-04-19 00:00:00+00:00,9.28801,9.303,9.202,9.25,77456.55157966999
2026-04-19 01:00:00+00:00,9.249,9.264,9.202,9.23,32915.77945192
2026-04-19 02:00:00+00:00,9.23996,9.23996,9.16771,9.201,33211.412990779994
2026-04-19 03:00:00+00:00,9.2009,9.262,9.168,9.2308,15761.23440949
2026-04-19 04:00:00+00:00,9.231,9.295,9.187,9.22902,51852.46482588998
2026-04-19 05:00:00+00:00,9.23073,9.253,9.204,9.212,55877.62511919999
2026-04-19 06:00:00+00:00,9.21,9.223,9.155,9.209,43722.76030764
2026-04-19 07:00:00+00:00,9.208,9.2091,9.1094,9.181,65432.26063107
2026-04-19 08:00:00+00:00,9.18,9.192,9.1579,9.17651,23846.30085395
2026-04-19 09:00:00+00:00,9.176,9.183,9.124,9.129,11718.562250920004
2026-04-19 10:00:00+00:00,9.129,9.162,9.117,9.15276,24725.17028414
2026-04-19 11:00:00+00:00,9.151,9.2306,9.15,9.223,34117.72497783
2026-04-19 12:00:00+00:00,9.22551,9.271,9.219,9.25379,21983.141533960003
2026-04-19 13:00:00+00:00,9.251,9.38291,9.2498,9.3001,85694.20836378996
2026-04-19 14:00:00+00:00,9.306,9.35401,9.266,9.32,31169.579206259983
2026-04-19 15:00:00+00:00,9.318,9.32587,9.20163,9.29425,79364.73611073
2026-04-19 16:00:00+00:00,9.29425,9.3049,9.206,9.227,51520.71962552
2026-04-19 17:00:00+00:00,9.229,9.23483,9.134,9.135,79316.04750977998
2026-04-19 18:00:00+00:00,9.139,9.162,9.112,9.1464,84711.69946605
2026-04-19 19:00:00+00:00,9.144,9.212,9.144,9.186,69364.08321785998
2026-04-19 20:00:00+00:00,9.184,9.188,9.114,9.13371,82216.82668223997
2026-04-19 21:00:00+00:00,9.133,9.158,9.09,9.10424,78094.72596896002
2026-04-19 22:00:00+00:00,9.101,9.108,9.002,9.0841,214818.83309199
2026-04-19 23:00:00+00:00,9.083,9.086,9.0276,9.06609,28082.65856355
2026-04-20 00:00:00+00:00,9.069,9.149,9.055,9.133,60021.64579532001
2026-04-20 01:00:00+00:00,9.132,9.189,9.125,9.17,21333.81703836
2026-04-20 02:00:00+00:00,9.172,9.179,9.126,9.159,28473.12785408
2026-04-20 03:00:00+00:00,9.1592,9.209,9.149,9.19939,24555.987326689992
2026-04-20 04:00:00+00:00,9.20046,9.20046,9.169,9.19259,12993.838939629995
2026-04-20 05:00:00+00:00,9.19257,9.19257,9.103,9.131,24698.894119920013
2026-04-20 06:00:00+00:00,9.132,9.236,9.12595,9.21685,26773.04956
2026-04-20 07:00:00+00:00,9.217,9.366,9.201,9.253,64638.84656554998
2026-04-20 08:00:00+00:00,9.25397,9.25875,9.171,9.17921,29720.45546313999
2026-04-20 09:00:00+00:00,9.177,9.284,9.1581,9.275,85253.35475139998
2026-04-20 10:00:00+00:00,9.276,9.3207,9.218,9.22103,137816.61899709995
2026-04-20 11:00:00+00:00,9.222,9.23599,9.2,9.218,22091.10159756001
2026-04-20 12:00:00+00:00,9.21553,9.287,9.20366,9.259,34873.540388550005
2026-04-20 13:00:00+00:00,9.2599,9.284,9.214,9.251,54861.68352157999
2026-04-20 14:00:00+00:00,9.247,9.303,9.1705,9.208,138603.00388684
2026-04-20 15:00:00+00:00,9.208,9.279,9.144,9.273,107364.08458048
2026-04-20 16:00:00+00:00,9.27305,9.27588,9.2152,9.221,33389.17319519
2026-04-20 17:00:00+00:00,9.222,9.318,9.214,9.289,52672.64752321999
2026-04-20 18:00:00+00:00,9.291,9.36,9.291,9.34076,113158.20344558998
2026-04-20 19:00:00+00:00,9.342,9.354,9.31232,9.33,44992.87284607999
2026-04-20 20:00:00+00:00,9.331,9.377,9.3103,9.366,49495.90636808001
2026-04-20 21:00:00+00:00,9.366,9.41,9.31,9.343,63989.06999062999
2026-04-20 22:00:00+00:00,9.343,9.381,9.306,9.316,32242.35006847999
2026-04-20 23:00:00+00:00,9.315,9.315,9.262,9.289,69602.31415676005
2026-04-21 00:00:00+00:00,9.291,9.342,9.279,9.324,62337.525769360014
2026-04-21 01:00:00+00:00,9.323,9.36,9.30943,9.314,45040.46578982
2026-04-21 02:00:00+00:00,9.315,9.319,9.285,9.286,57933.19898060999
2026-04-21 03:00:00+00:00,9.285,9.307,9.242,9.292,20968.19483407
2026-04-21 04:00:00+00:00,9.291,9.32954,9.2734,9.326,17547.10120395999
2026-04-21 05:00:00+00:00,9.32865,9.37979,9.326,9.35043,27972.902778069994
2026-04-21 06:00:00+00:00,9.352,9.392,9.319,9.342,20392.30882992999
2026-04-21 07:00:00+00:00,9.341,9.398,9.317,9.36,34862.25686211999
2026-04-21 08:00:00+00:00,9.366,9.45229,9.3519,9.392,30447.88190021
2026-04-21 09:00:00+00:00,9.392,9.435,9.373,9.42245,22049.86019265999
2026-04-21 10:00:00+00:00,9.425,9.494,9.425,9.476,35146.905064269995
2026-04-21 11:00:00+00:00,9.473,9.47553,9.373,9.41999,111957.65058218
2026-04-21 12:00:00+00:00,9.41798,9.46377,9.336,9.404,158269.18481267997
2026-04-21 13:00:00+00:00,9.40542,9.434,9.375,9.392,52699.31213512997
2026-04-21 14:00:00+00:00,9.393,9.484,9.357,9.378,63858.53926481001
2026-04-21 15:00:00+00:00,9.379,9.435,9.348,9.421,39916.12485632997
2026-04-21 16:00:00+00:00,9.42364,9.445,9.364,9.369,41462.63110132
2026-04-21 17:00:00+00:00,9.368,9.397,9.268,9.35,90481.97178337997
2026-04-21 18:00:00+00:00,9.348,9.356,9.29,9.342,55287.25017190998
2026-04-21 19:00:00+00:00,9.3439,9.399,9.243,9.267,100018.77964776996
2026-04-21 20:00:00+00:00,9.269,9.411,9.263,9.366,120632.08429284008
2026-04-21 21:00:00+00:00,9.367,9.377,9.34,9.347,22813.12772287
2026-04-21 22:00:00+00:00,9.35124,9.357,9.291,9.302,32270.07079102999
2026-04-21 23:00:00+00:00,9.301,9.418,9.3,9.4,76046.52926136006
2026-04-22 00:00:00+00:00,9.402,9.429,9.396,9.417,39676.280384920006
2026-04-22 01:00:00+00:00,9.416,9.42535,9.379,9.401,46545.35844316995
2026-04-22 02:00:00+00:00,9.403,9.53066,9.388,9.512,184169.7819172401
2026-04-22 03:00:00+00:00,9.514,9.523,9.458,9.507,64514.43510558001
2026-04-22 04:00:00+00:00,9.509,9.517,9.474,9.486,35978.83892084
2026-04-22 05:00:00+00:00,9.49035,9.55879,9.478,9.523,214999.71520213
2026-04-22 06:00:00+00:00,9.52733,9.5357,9.491,9.512,34998.452459680004
2026-04-22 07:00:00+00:00,9.51,9.534,9.485,9.501,41296.47690648
2026-04-22 08:00:00+00:00,9.50445,9.523,9.472,9.509,27988.972163949995
2026-04-22 09:00:00+00:00,9.508,9.548,9.506,9.518,23390.00369227
2026-04-22 10:00:00+00:00,9.517,9.531,9.509,9.517,25654.374554600006
2026-04-22 11:00:00+00:00,9.51619,9.535,9.504,9.528,24166.600855259992
2026-04-22 12:00:00+00:00,9.528,9.54337,9.5029,9.517,36609.47821142998
2026-04-22 13:00:00+00:00,9.51845,9.558,9.498,9.53101,77729.51113601
2026-04-22 14:00:00+00:00,9.53,9.548,9.462,9.51336,114046.55915795996
2026-04-22 15:00:00+00:00,9.509,9.513,9.467,9.491,83758.07215983
2026-04-22 16:00:00+00:00,9.492,9.511,9.428,9.44,86789.69495173999
2026-04-22 17:00:00+00:00,9.44,9.47903,9.43491,9.464,74722.09435991998
2026-04-22 18:00:00+00:00,9.467,9.4903,9.445,9.447,63973.50459696999
2026-04-22 19:00:00+00:00,9.447,9.448,9.381,9.419,87451.07443303002
2026-04-22 20:00:00+00:00,9.419,9.422,9.37,9.37496,54510.12015244999
2026-04-22 21:00:00+00:00,9.373,9.429,9.37,9.415,35965.31830127002
2026-04-22 22:00:00+00:00,9.414,9.424,9.3622,9.377,27338.52980301
2026-04-22 23:00:00+00:00,9.375,9.38,9.285,9.293,83571.5949543
2026-04-23 00:00:00+00:00,9.295,9.318,9.1826,9.298,90453.26795472002
2026-04-23 01:00:00+00:00,9.296,9.296,9.2259,9.251,26572.511834599994
2026-04-23 02:00:00+00:00,9.249,9.249,9.168,9.204,40705.312081760014
2026-04-23 03:00:00+00:00,9.20577,9.22,9.1479,9.184,36769.41769208999
2026-04-23 04:00:00+00:00,9.182,9.2129,9.171,9.21,25925.08078395001
2026-04-23 05:00:00+00:00,9.20864,9.233,9.19251,9.227,26892.22019933001
2026-04-23 06:00:00+00:00,9.228,9.271,9.228,9.258,17116.854356769996
2026-04-23 07:00:00+00:00,9.26123,9.266,9.233,9.237,21465.183906189995
2026-04-23 08:00:00+00:00,9.24228,9.24784,9.2119,9.234,31726.840207759986
2026-04-23 09:00:00+00:00,9.233,9.23444,9.171,9.19849,34396.429368
2026-04-23 10:00:00+00:00,9.196,9.2213,9.168,9.184,58043.27774989998
2026-04-23 11:00:00+00:00,9.185,9.27819,9.185,9.262,39231.5420136
2026-04-23 12:00:00+00:00,9.26801,9.29698,9.252,9.27,69833.21746227
2026-04-23 13:00:00+00:00,9.27407,9.2892,9.242,9.26,52314.53335258
2026-04-23 14:00:00+00:00,9.259,9.336,9.243,9.335,97249.40003763002
2026-04-23 15:00:00+00:00,9.33906,9.39,9.307,9.348,58332.90578798999
2026-04-23 16:00:00+00:00,9.35,9.358,9.29,9.299,20113.36085114
2026-04-23 17:00:00+00:00,9.301,9.30992,9.155,9.241,158987.90370805006
2026-04-23 18:00:00+00:00,9.239,9.2726,9.214,9.225,49742.29415667
2026-04-23 19:00:00+00:00,9.224,9.2944,9.21,9.278,65030.71533649001
2026-04-23 20:00:00+00:00,9.277,9.322,9.274,9.293,71994.35383877001
2026-04-23 21:00:00+00:00,9.295,9.334,9.283,9.305,33633.72375709
2026-04-23 22:00:00+00:00,9.311,9.35,9.309,9.327,36417.18188568
2026-04-23 23:00:00+00:00,9.325,9.364,9.29,9.351,83457.22605255
2026-04-24 00:00:00+00:00,9.351,9.3896,9.351,9.378,46851.826139459976
2026-04-24 01:00:00+00:00,9.377,9.397,9.335,9.387,112292.98539094
2026-04-24 02:00:00+00:00,9.38737,9.391,9.324,9.343,53222.85735807998
2026-04-24 03:00:00+00:00,9.339,9.34025,9.253,9.292,40255.89477444
2026-04-24 04:00:00+00:00,9.293,9.2961,9.248,9.26,19548.814151899995
2026-04-24 05:00:00+00:00,9.2629,9.308,9.245,9.29,29929.65782025
2026-04-24 06:00:00+00:00,9.292,9.313,9.272,9.292,147587.1529752
2026-04-24 07:00:00+00:00,9.29589,9.31687,9.275,9.29192,19397.41369575001
2026-04-24 08:00:00+00:00,9.29,9.32464,9.276,9.295,15310.209290480005
2026-04-24 09:00:00+00:00,9.29717,9.29926,9.25,9.267,36090.175806390005
2026-04-24 10:00:00+00:00,9.265,9.318,9.253,9.305,15403.45848701
2026-04-24 11:00:00+00:00,9.304,9.386,9.304,9.361,75548.58360147
2026-04-24 12:00:00+00:00,9.361,9.394,9.334,9.362,32726.81466071
2026-04-24 13:00:00+00:00,9.36,9.401,9.325,9.3397,54256.06275876999
2026-04-24 14:00:00+00:00,9.341,9.377,9.3076,9.359,79640.04181383
2026-04-24 15:00:00+00:00,9.359,9.385,9.30483,9.377,80162.03896491003
2026-04-24 16:00:00+00:00,9.37569,9.378,9.332,9.373,35740.63696436
2026-04-24 17:00:00+00:00,9.373,9.402,9.354,9.39219,62471.231804429975
2026-04-24 18:00:00+00:00,9.393,9.409,9.35875,9.403,37395.40761887999
2026-04-24 19:00:00+00:00,9.405,9.438,9.391,9.412,36777.45702534001
2026-04-24 20:00:00+00:00,9.411,9.445,9.376,9.435,41249.75386178
2026-04-24 21:00:00+00:00,9.434,9.447,9.39,9.4,44275.68553713
2026-04-24 22:00:00+00:00,9.401,9.40555,9.356,9.368,25121.597975649995
2026-04-24 23:00:00+00:00,9.37,9.39,9.363,9.38,13877.815703159997
2026-04-25 00:00:00+00:00,9.38016,9.396,9.349,9.39,19155.96009002
2026-04-25 01:00:00+00:00,9.39,9.4337,9.389,9.418,17944.872438560004
2026-04-25 02:00:00+00:00,9.418,9.42887,9.404,9.415,18438.56018355
2026-04-25 03:00:00+00:00,9.417,9.4307,9.397,9.425,18108.56900401
2026-04-25 04:00:00+00:00,9.426,9.436,9.411,9.423,6538.839857500002
2026-04-25 05:00:00+00:00,9.4221,9.433,9.395,9.421,8669.56199886
2026-04-25 06:00:00+00:00,9.422,9.448,9.422,9.423,15604.642241719996
2026-04-25 07:00:00+00:00,9.422,9.42753,9.401,9.404,12424.734358929996
2026-04-25 08:00:00+00:00,9.403,9.422,9.396,9.411,8761.493357469997
2026-04-25 09:00:00+00:00,9.412,9.442,9.399,9.427,13476.371377819998
2026-04-25 10:00:00+00:00,9.42927,9.44,9.425,9.431,10934.097814000002
2026-04-25 11:00:00+00:00,9.431,9.43159,9.374,9.393,11474.50222913
2026-04-25 12:00:00+00:00,9.393,9.405,9.374,9.39699,20668.62443179
2026-04-25 13:00:00+00:00,9.395,9.42102,9.395,9.41101,24576.331616550004
2026-04-25 14:00:00+00:00,9.41101,9.414,9.379,9.379,21802.086931340004
2026-04-25 15:00:00+00:00,9.379,9.398,9.331,9.34573,38454.62696525001
2026-04-25 16:00:00+00:00,9.34849,9.3663,9.3048,9.33,36403.72657396
2026-04-25 17:00:00+00:00,9.331,9.342,9.301,9.30789,23470.91554454
2026-04-25 18:00:00+00:00,9.307,9.323,9.289,9.307,38551.40624296999
2026-04-25 19:00:00+00:00,9.306,9.315,9.293,9.307,16040.978738219996
2026-04-25 20:00:00+00:00,9.309,9.32865,9.2936,9.324,9464.45911357
2026-04-25 21:00:00+00:00,9.32798,9.34727,9.325,9.328,17822.5747871
2026-04-25 22:00:00+00:00,9.327,9.364,9.323,9.341,17618.341652150004
2026-04-25 23:00:00+00:00,9.34753,9.354,9.332,9.349,14341.61718146
2026-04-26 00:00:00+00:00,9.3474,9.3515,9.309,9.316,25093.429918740003
2026-04-26 01:00:00+00:00,9.316,9.3275,9.304,9.305,14956.932327119996
2026-04-26 02:00:00+00:00,9.30465,9.337,9.304,9.328,8558.67070509
2026-04-26 03:00:00+00:00,9.327,9.3478,9.301,9.3266,19328.08571847
2026-04-26 04:00:00+00:00,9.325,9.377,9.315,9.361,22936.45123987
2026-04-26 05:00:00+00:00,9.36099,9.42,9.354,9.389,61939.47613778002
2026-04-26 06:00:00+00:00,9.389,9.4166,9.38875,9.407,23601.66752518
2026-04-26 07:00:00+00:00,9.408,9.428,9.392,9.425,16208.651915480004
2026-04-26 08:00:00+00:00,9.425,9.452,9.407,9.429,19499.07463363
2026-04-26 09:00:00+00:00,9.429,9.4484,9.422,9.438,6036.316414869998
2026-04-26 10:00:00+00:00,9.437,9.45169,9.426,9.444,11334.889870540004
2026-04-26 11:00:00+00:00,9.445,9.48849,9.437,9.47,23249.36165933
2026-04-26 12:00:00+00:00,9.472,9.48,9.419,9.445,29420.39225521
2026-04-26 13:00:00+00:00,9.44698,9.454,9.416,9.429,32136.77550618
2026-04-26 14:00:00+00:00,9.42774,9.49941,9.42,9.483,77503.99024772
2026-04-26 15:00:00+00:00,9.485,9.499,9.472,9.49,26608.39191365
2026-04-26 16:00:00+00:00,9.49555,9.4972,9.447,9.449,33719.11829973
2026-04-26 17:00:00+00:00,9.447,9.47125,9.43,9.452,19070.357714720005
2026-04-26 18:00:00+00:00,9.452,9.515,9.44163,9.494,70958.39337425998
2026-04-26 19:00:00+00:00,9.4973,9.53791,9.472,9.483,51791.07881399999
2026-04-26 20:00:00+00:00,9.484,9.4926,9.456,9.458,38392.36150412
2026-04-26 21:00:00+00:00,9.459,9.493,9.415,9.479,45170.594862850005
2026-04-26 22:00:00+00:00,9.479,9.524,9.431,9.468,41367.03583117
2026-04-26 23:00:00+00:00,9.467,9.527,9.455,9.485,20074.05773536
2026-04-27 00:00:00+00:00,9.4881,9.55094,9.43884,9.541,32270.385440089995
2026-04-27 01:00:00+00:00,9.54263,9.5862,9.498,9.577,77462.97668758997
2026-04-27 02:00:00+00:00,9.578,9.583,9.534,9.555,25062.58975434999
2026-04-27 03:00:00+00:00,9.554,9.5981,9.546,9.549,34921.37217559
2026-04-27 04:00:00+00:00,9.54993,9.566,9.525,9.536,21868.153270630013
2026-04-27 05:00:00+00:00,9.537,9.538,9.34,9.359,97147.87538154997
2026-04-27 06:00:00+00:00,9.358,9.382,9.301,9.338,71453.11139153001
2026-04-27 07:00:00+00:00,9.337,9.344,9.31,9.311,20639.801598330003
2026-04-27 08:00:00+00:00,9.31226,9.3406,9.305,9.3295,16877.45546575
2026-04-27 09:00:00+00:00,9.33344,9.35715,9.321,9.342,42639.94740222999
2026-04-27 10:00:00+00:00,9.341,9.349,9.3241,9.326,29617.25701051
2026-04-27 11:00:00+00:00,9.325,9.338,9.304,9.3351,16825.379629010004
2026-04-27 12:00:00+00:00,9.333,9.335,9.303,9.306,39816.85017492
2026-04-27 13:00:00+00:00,9.30872,9.325,9.26042,9.291,71827.74705370002
2026-04-27 14:00:00+00:00,9.29,9.369,9.28496,9.322,55137.84836785
2026-04-27 15:00:00+00:00,9.32564,9.32564,9.148,9.1823,127112.00474012
2026-04-27 16:00:00+00:00,9.1823,9.21179,9.161,9.204,44006.28349885001
2026-04-27 17:00:00+00:00,9.205,9.249,9.201,9.218,60902.96343844997
2026-04-27 18:00:00+00:00,9.22048,9.251,9.211,9.2355,37383.37946904
2026-04-27 19:00:00+00:00,9.235,9.246,9.185,9.21325,42049.66070656001
2026-04-27 20:00:00+00:00,9.217,9.2362,9.208,9.219,28923.717615
2026-04-27 21:00:00+00:00,9.218,9.254,9.20885,9.22131,24391.595793570003
2026-04-27 22:00:00+00:00,9.219,9.268,9.216,9.2652,16158.627507139994
2026-04-27 23:00:00+00:00,9.2669,9.332,9.256,9.319,29047.689411800005
2026-04-28 00:00:00+00:00,9.319,9.331,9.295,9.315,35752.16300605999
2026-04-28 01:00:00+00:00,9.312,9.32714,9.298,9.302,18589.95127315
2026-04-28 02:00:00+00:00,9.305,9.314,9.244,9.266,50986.0975162
2026-04-28 03:00:00+00:00,9.265,9.285,9.251,9.283,11434.20201627
2026-04-28 04:00:00+00:00,9.284,9.305,9.261,9.272,26005.26920288999
2026-04-28 05:00:00+00:00,9.27159,9.315,9.27159,9.281,26630.392380329995
2026-04-28 06:00:00+00:00,9.28614,9.29649,9.216,9.241,23298.121423220004
2026-04-28 07:00:00+00:00,9.238,9.25494,9.2043,9.25352,16192.817129029996
2026-04-28 08:00:00+00:00,9.256,9.275,9.236,9.25002,10130.71157404
2026-04-28 09:00:00+00:00,9.254,9.256,9.212,9.224,8709.903742680002
2026-04-28 10:00:00+00:00,9.227,9.249,9.22,9.237,13854.329901979998
2026-04-28 11:00:00+00:00,9.238,9.24507,9.179,9.197,29191.1823625
2026-04-28 12:00:00+00:00,9.198,9.235,9.187,9.228,36016.94139214
2026-04-28 13:00:00+00:00,9.22549,9.24762,9.162,9.207,61018.81874952999
2026-04-28 14:00:00+00:00,9.206,9.20654,9.145,9.196,55294.53282982998
2026-04-28 15:00:00+00:00,9.197,9.223,9.18,9.223,43915.01184559
2026-04-28 16:00:00+00:00,9.22309,9.24114,9.181,9.227,39865.82501849
2026-04-28 17:00:00+00:00,9.225,9.246,9.191,9.228,50513.97758415001
2026-04-28 18:00:00+00:00,9.227,9.2568,9.2219,9.25,50365.71626479
2026-04-28 19:00:00+00:00,9.25,9.281,9.228,9.275,15895.0673318
2026-04-28 20:00:00+00:00,9.277,9.288,9.255,9.255,26178.58829457
2026-04-28 21:00:00+00:00,9.255,9.275,9.233,9.251,24688.17579696
2026-04-28 22:00:00+00:00,9.25543,9.27684,9.227,9.236,24571.32364721001
2026-04-28 23:00:00+00:00,9.236,9.243,9.219,9.243,12076.29132863
2026-04-29 00:00:00+00:00,9.2403,9.258,9.228,9.25,16234.955584659998
2026-04-29 01:00:00+00:00,9.249,9.265,9.213,9.249,29837.070272390007
2026-04-29 02:00:00+00:00,9.251,9.268,9.227,9.2424,16183.776368350003
2026-04-29 03:00:00+00:00,9.248,9.32006,9.2424,9.305,47453.25225394998
2026-04-29 04:00:00+00:00,9.306,9.3953,9.297,9.367,33889.39662329
2026-04-29 05:00:00+00:00,9.36763,9.377,9.347,9.362,19382.15628775
2026-04-29 06:00:00+00:00,9.36405,9.379,9.307,9.32,21692.59707525
2026-04-29 07:00:00+00:00,9.32348,9.34404,9.306,9.315,38216.162858479984
2026-04-29 08:00:00+00:00,9.317,9.32208,9.272,9.279,16114.958968880006
2026-04-29 09:00:00+00:00,9.277,9.391,9.26262,9.383,27829.67172132
2026-04-29 10:00:00+00:00,9.38,9.417,9.356,9.37752,31344.90114017
2026-04-29 11:00:00+00:00,9.374,9.38415,9.344,9.358,9158.526578750005
2026-04-29 12:00:00+00:00,9.358,9.358,9.239,9.275,38290.825274420014
2026-04-29 13:00:00+00:00,9.27657,9.284,9.183,9.235,60221.43661802999
2026-04-29 14:00:00+00:00,9.232,9.243,9.1861,9.199,64527.79950508
2026-04-29 15:00:00+00:00,9.198,9.2039,9.06638,9.0939,162906.47745014002
2026-04-29 16:00:00+00:00,9.09413,9.129,9.058,9.083,54412.35251212
2026-04-29 17:00:00+00:00,9.083,9.154,9.0823,9.154,47216.12058865002
2026-04-29 18:00:00+00:00,9.15,9.161,8.91,9.037,269625.14318418
2026-04-29 19:00:00+00:00,9.038,9.039,8.979,9.009,64558.45982075
2026-04-29 20:00:00+00:00,9.01,9.078,9.003,9.05872,88311.81766698998
2026-04-29 21:00:00+00:00,9.0574,9.119,9.04068,9.094,33821.04336509999
2026-04-29 22:00:00+00:00,9.093,9.124,9.082,9.113,15587.0168183
2026-04-29 23:00:00+00:00,9.113,9.1313,9.094,9.11284,22017.764875649995
2026-04-30 00:00:00+00:00,9.11,9.1741,9.08,9.164,94193.14634962002
2026-04-30 01:00:00+00:00,9.1695,9.184,9.141,9.15611,44123.69377261001
2026-04-30 02:00:00+00:00,9.158,9.1746,9.057,9.088,32690.83483207001
2026-04-30 03:00:00+00:00,9.087,9.12059,9.073,9.10121,17600.85298809
2026-04-30 04:00:00+00:00,9.103,9.10454,9.031,9.041,21393.540615870003
2026-04-30 05:00:00+00:00,9.04043,9.09364,9.018,9.063,44033.0194865
2026-04-30 06:00:00+00:00,9.064,9.1015,9.05432,9.08,8010.933728249998
2026-04-30 07:00:00+00:00,9.08204,9.125,9.075,9.125,22133.3391564
2026-04-30 08:00:00+00:00,9.126,9.134,9.107,9.108,15238.513725139996
2026-04-30 09:00:00+00:00,9.11014,9.163,9.101,9.122,15389.107946239996
2026-04-30 10:00:00+00:00,9.123,9.13178,9.093,9.113,10052.216074040003
2026-04-30 11:00:00+00:00,9.1114,9.1556,9.1,9.122,39687.21701086999
2026-04-30 12:00:00+00:00,9.125,9.174,9.12207,9.139,27785.89926715001
2026-04-30 13:00:00+00:00,9.13781,9.168,9.10193,9.134,38976.95849571
2026-04-30 14:00:00+00:00,9.133,9.1601,9.0833,9.123,40502.623866760005
2026-04-30 15:00:00+00:00,9.12361,9.163,9.102,9.133,27581.06839249
2026-04-30 16:00:00+00:00,9.13652,9.143,9.09341,9.1035,20041.515491420003
2026-04-30 17:00:00+00:00,9.104,9.12,9.08798,9.1132,14511.441593399994
2026-04-30 18:00:00+00:00,9.113,9.14,9.104,9.123,20037.38053498
2026-04-30 19:00:00+00:00,9.122,9.14999,9.117,9.128,34742.33845793999
2026-04-30 20:00:00+00:00,9.128,9.14607,9.122,9.131,27888.914693670013
2026-04-30 21:00:00+00:00,9.13001,9.13262,9.093,9.095,15512.61550769
2026-04-30 22:00:00+00:00,9.093,9.116,9.079,9.088,18650.685585799994
2026-04-30 23:00:00+00:00,9.09178,9.116,9.082,9.101,14830.69360172
2026-05-01 00:00:00+00:00,9.103,9.127,9.0969,9.103,25549.335743820004
2026-05-01 01:00:00+00:00,9.104,9.13755,9.1034,9.12959,29101.41436237
2026-05-01 02:00:00+00:00,9.128,9.135,9.101,9.1131,13351.660472479998
2026-05-01 03:00:00+00:00,9.11072,9.2072,9.108,9.162,59893.407239960005
2026-05-01 04:00:00+00:00,9.163,9.182,9.145,9.154,27596.276817420014
2026-05-01 05:00:00+00:00,9.15603,9.177,9.147,9.161,8799.681492919999
2026-05-01 06:00:00+00:00,9.161,9.174,9.131,9.146,13132.979636610002
2026-05-01 07:00:00+00:00,9.14574,9.1558,9.128,9.149,23990.41485778
2026-05-01 08:00:00+00:00,9.15063,9.188,9.145,9.18,11258.17741229
2026-05-01 09:00:00+00:00,9.18106,9.18227,9.133,9.1466,15101.367761940002
2026-05-01 10:00:00+00:00,9.149,9.152,9.117,9.139,21756.00751090001
2026-05-01 11:00:00+00:00,9.14,9.167,9.127,9.143,20193.43532311
2026-05-01 12:00:00+00:00,9.147,9.238,9.14,9.205,55781.06591005
2026-05-01 13:00:00+00:00,9.204,9.36484,9.204,9.258,77651.67190371998
2026-05-01 14:00:00+00:00,9.259,9.276,9.202,9.2443,72424.49945783001
2026-05-01 15:00:00+00:00,9.24,9.263,9.191,9.22942,48064.31798784001
2026-05-01 16:00:00+00:00,9.22916,9.2534,9.17964,9.204,62862.89186149
2026-05-01 17:00:00+00:00,9.205,9.225,9.18,9.22,27345.866100850013
2026-05-01 18:00:00+00:00,9.221,9.221,9.189,9.19305,27204.494557789985
2026-05-01 19:00:00+00:00,9.195,9.2057,9.16367,9.173,26293.96150485
2026-05-01 20:00:00+00:00,9.175,9.178,9.074,9.098,53317.80464873
2026-05-01 21:00:00+00:00,9.097,9.129,9.088,9.111,44717.14795070999
2026-05-01 22:00:00+00:00,9.111,9.1367,9.08159,9.089,24160.22790575
2026-05-01 23:00:00+00:00,9.08947,9.101,9.06661,9.093,30119.96440214
2026-05-02 00:00:00+00:00,9.098,9.113,9.08179,9.106,22549.817387640007
2026-05-02 01:00:00+00:00,9.1043,9.132,9.097,9.115,22965.534777260007
2026-05-02 02:00:00+00:00,9.116,9.135,9.098,9.118,16739.560647270002
2026-05-02 03:00:00+00:00,9.117,9.136,9.103,9.118,15197.77011229
2026-05-02 04:00:00+00:00,9.1183,9.11892,9.086,9.09361,14008.89223491
2026-05-02 05:00:00+00:00,9.09373,9.098,9.0677,9.08,17073.946718089996
2026-05-02 06:00:00+00:00,9.08049,9.109,9.07527,9.108,8155.743181250002
2026-05-02 07:00:00+00:00,9.107,9.10933,9.07597,9.084,25369.44352207
2026-05-02 08:00:00+00:00,9.083,9.09026,9.07,9.08498,12554.70863448
2026-05-02 09:00:00+00:00,9.085,9.102,9.077,9.097,11996.281842609998
2026-05-02 10:00:00+00:00,9.09605,9.099,9.081,9.093,11844.549056969998
2026-05-02 11:00:00+00:00,9.09,9.093,9.074,9.077,8736.7310691
2026-05-02 12:00:00+00:00,9.076,9.095,9.071,9.083,27552.35954226999
2026-05-02 13:00:00+00:00,9.08007,9.11577,9.08007,9.112,10249.61867866
2026-05-02 14:00:00+00:00,9.11488,9.135,9.104,9.13183,16560.64535153
2026-05-02 15:00:00+00:00,9.131,9.20194,9.11,9.16314,116231.6781705
2026-05-02 16:00:00+00:00,9.16313,9.179,9.14079,9.159,33700.68288029
2026-05-02 17:00:00+00:00,9.1612,9.1612,9.1263,9.133,18291.34566991
2026-05-02 18:00:00+00:00,9.131,9.162,9.116,9.148,6745.765488699999
2026-05-02 19:00:00+00:00,9.151,9.168,9.146,9.1643,12659.30471378
2026-05-02 20:00:00+00:00,9.16639,9.17463,9.15856,9.1642,12947.17948542
2026-05-02 21:00:00+00:00,9.167,9.256,9.16356,9.21,55134.10058744
2026-05-02 22:00:00+00:00,9.212,9.222,9.188,9.207,16557.72894239
2026-05-02 23:00:00+00:00,9.204,9.204,9.171,9.176,18320.677004350004
2026-05-03 00:00:00+00:00,9.177,9.182,9.13,9.144,22166.378092860003
2026-05-03 01:00:00+00:00,9.142,9.142,9.08864,9.097,18207.996793679995
2026-05-03 02:00:00+00:00,9.09752,9.1,9.078,9.096,14232.10009708
2026-05-03 03:00:00+00:00,9.096,9.099,9.07996,9.094,12856.512114700005
2026-05-03 04:00:00+00:00,9.093,9.104,9.08384,9.095,9044.44772195
2026-05-03 05:00:00+00:00,9.094,9.10806,9.07994,9.091,15489.503382860004
2026-05-03 06:00:00+00:00,9.09,9.107,9.069,9.087,19375.990274429994
2026-05-03 07:00:00+00:00,9.089,9.132,9.089,9.117,8881.67841489
2026-05-03 08:00:00+00:00,9.116,9.135,9.107,9.113,6400.47152697
2026-05-03 09:00:00+00:00,9.1144,9.152,9.107,9.149,14478.057270609996
2026-05-03 10:00:00+00:00,9.15,9.1565,9.12398,9.127,9448.979140130004
2026-05-03 11:00:00+00:00,9.126,9.198,9.116,9.17582,24938.505061910004
2026-05-03 12:00:00+00:00,9.178,9.209,9.173,9.1762,54243.59334938
2026-05-03 13:00:00+00:00,9.1808,9.18148,9.144,9.151,48799.61532154999
2026-05-03 14:00:00+00:00,9.151,9.164,9.121,9.16,48212.86397066
2026-05-03 15:00:00+00:00,9.15976,9.195,9.144,9.15246,47594.98626250999
2026-05-03 16:00:00+00:00,9.15474,9.175,9.134,9.156,10785.453467630005
2026-05-03 17:00:00+00:00,9.155,9.1722,9.134,9.152,8870.50420355
2026-05-03 18:00:00+00:00,9.153,9.16535,9.14304,9.152,23425.49698377
2026-05-03 19:00:00+00:00,9.15194,9.17485,9.1401,9.156,17318.097021779995
2026-05-03 20:00:00+00:00,9.159,9.199,9.151,9.15645,26783.716463660003
2026-05-03 21:00:00+00:00,9.157,9.175,9.111,9.14047,20081.93190840001
2026-05-03 22:00:00+00:00,9.138,9.224,9.131,9.19217,104929.82331816996
2026-05-03 23:00:00+00:00,9.188,9.20676,9.125,9.128,35513.635724459986
2026-05-04 00:00:00+00:00,9.128,9.148,9.09,9.134,50768.39069600999
2026-05-04 01:00:00+00:00,9.136,9.27063,9.11107,9.248,108578.83696627998
2026-05-04 02:00:00+00:00,9.249,9.354,9.231,9.317,174349.69076820003
2026-05-04 03:00:00+00:00,9.32084,9.351,9.30012,9.3446,79463.78352570998
2026-05-04 04:00:00+00:00,9.345,9.399,9.341,9.363,66443.22377948
2026-05-04 05:00:00+00:00,9.364,9.37,9.316,9.337,38339.52262289
2026-05-04 06:00:00+00:00,9.34,9.343,9.2516,9.3,42493.93312735001
2026-05-04 07:00:00+00:00,9.302,9.339,9.295,9.322,58217.14299082999
2026-05-04 08:00:00+00:00,9.321,9.447,9.309,9.40158,201343.97720941005
2026-05-04 09:00:00+00:00,9.40408,9.65753,9.37233,9.52,369335.6415242999
2026-05-04 10:00:00+00:00,9.522,9.533,9.287,9.424,302469.3179510402
2026-05-04 11:00:00+00:00,9.421,9.45,9.3626,9.426,84987.91966254998
2026-05-04 12:00:00+00:00,9.426,9.466,9.403,9.409,46066.435521030005
2026-05-04 13:00:00+00:00,9.41304,9.452,9.3476,9.41134,195326.53682419
2026-05-04 14:00:00+00:00,9.41415,9.543,9.358,9.513,174019.10567874002
2026-05-04 15:00:00+00:00,9.514,9.545,9.3663,9.418,158739.2607714399
2026-05-04 16:00:00+00:00,9.42055,9.451,9.34293,9.394,121775.67464234002
2026-05-04 17:00:00+00:00,9.396,9.51,9.393,9.47,104348.25641303
2026-05-04 18:00:00+00:00,9.47331,9.49,9.41,9.435,87172.65738256002
2026-05-04 19:00:00+00:00,9.434,9.447,9.37012,9.389,116172.72085510998
2026-05-04 20:00:00+00:00,9.391,9.39408,9.316,9.34473,98510.58886383
2026-05-04 21:00:00+00:00,9.3426,9.42,9.337,9.402,46409.29141280001
2026-05-04 22:00:00+00:00,9.401,9.41929,9.36376,9.371,36374.21786108
2026-05-04 23:00:00+00:00,9.37,9.3738,9.3412,9.35453,17935.910474190005
2026-05-05 00:00:00+00:00,9.358,9.40608,9.3559,9.394,31386.644345400007
2026-05-05 01:00:00+00:00,9.394,9.437,9.38,9.424,41769.39475762999
2026-05-05 02:00:00+00:00,9.425,9.521,9.41,9.476,85331.95740644
2026-05-05 03:00:00+00:00,9.477,9.548,9.466,9.50762,61570.45461561
2026-05-05 04:00:00+00:00,9.509,9.548,9.49753,9.537,37378.08596326
2026-05-05 05:00:00+00:00,9.53505,9.599,9.525,9.54436,77678.90528020001
2026-05-05 06:00:00+00:00,9.55038,9.5631,9.49712,9.55,62336.82036061999
2026-05-05 07:00:00+00:00,9.546,9.63631,9.526,9.60365,47303.9275798
2026-05-05 08:00:00+00:00,9.603,9.618,9.557,9.568,28109.40495085
2026-05-05 09:00:00+00:00,9.568,9.617,9.512,9.611,119050.19020627
2026-05-05 10:00:00+00:00,9.609,9.699,9.561,9.698,220498.10741056004
2026-05-05 11:00:00+00:00,9.698,9.739,9.654,9.73764,68849.87954888
2026-05-05 12:00:00+00:00,9.735,9.81506,9.735,9.778,235271.67799866
2026-05-05 13:00:00+00:00,9.77833,9.8,9.68401,9.698,121676.67763579
2026-05-05 14:00:00+00:00,9.698,9.7221,9.6387,9.6848,128115.3094012
2026-05-05 15:00:00+00:00,9.683,9.74,9.67691,9.724,54597.64698686
2026-05-05 16:00:00+00:00,9.72761,9.74068,9.67404,9.708,118566.48338833
2026-05-05 17:00:00+00:00,9.70663,9.71,9.66608,9.7,54036.8473988
2026-05-05 18:00:00+00:00,9.698,9.73,9.688,9.697,33071.35934598
2026-05-05 19:00:00+00:00,9.69894,9.7456,9.695,9.735,36588.668513640005
2026-05-05 20:00:00+00:00,9.732,9.805,9.72795,9.7967,76381.22679824002
2026-05-05 21:00:00+00:00,9.79542,9.83967,9.7705,9.811,84560.89242186
2026-05-05 22:00:00+00:00,9.80805,9.84907,9.747,9.79283,122238.69620387
2026-05-05 23:00:00+00:00,9.78964,9.813,9.735,9.77073,50153.92765110001
2026-05-06 00:00:00+00:00,9.76744,9.82052,9.757,9.809,84899.29416837
2026-05-06 01:00:00+00:00,9.811,9.847,9.802,9.832,80736.54029476998
2026-05-06 02:00:00+00:00,9.832,9.832,9.756,9.809,57760.44963600999
2026-05-06 03:00:00+00:00,9.81134,9.87066,9.8062,9.858,66713.15203808996
2026-05-06 04:00:00+00:00,9.858,9.896,9.803,9.829,83165.26741448001
2026-05-06 05:00:00+00:00,9.82894,9.861,9.783,9.855,53266.125932409996
2026-05-06 06:00:00+00:00,9.855,9.88531,9.816,9.878,35379.52840197
2026-05-06 07:00:00+00:00,9.878,9.91433,9.86187,9.871,66191.07020586998
2026-05-06 08:00:00+00:00,9.869,10.081,9.862,10.07631,186930.62759173007
2026-05-06 09:00:00+00:00,10.08,10.191,10.051,10.163,351433.3143274201
2026-05-06 10:00:00+00:00,10.164,10.199,10.123,10.157,63029.41100325998
2026-05-06 11:00:00+00:00,10.156,10.25,10.15,10.182,116454.59824614003
2026-05-06 12:00:00+00:00,10.18283,10.20911,10.122,10.171,124055.49110507997
2026-05-06 13:00:00+00:00,10.17128,10.17194,9.952,9.97406,204871.93080253003
2026-05-06 14:00:00+00:00,9.965,10.031,9.876,9.972,146338.59770001
2026-05-06 15:00:00+00:00,9.971,10.07591,9.95534,10.034,204874.84851442
2026-05-06 16:00:00+00:00,10.03775,10.08361,9.977,10.011,143761.86638610996
2026-05-06 17:00:00+00:00,10.012,10.027,9.966,9.983,52947.879725390005
2026-05-06 18:00:00+00:00,9.984,10.0002,9.945,9.961,95724.15152507997
2026-05-06 19:00:00+00:00,9.959,10.024,9.947,10.016,64377.34041540997
2026-05-06 20:00:00+00:00,10.019,10.0612,9.976,10.012,81499.47873334002
2026-05-06 21:00:00+00:00,10.012,10.0598,9.9675,10.046,57930.45673833001
2026-05-06 22:00:00+00:00,10.047,10.048,9.96,9.99,44894.69357522
2026-05-06 23:00:00+00:00,9.9915,10.01205,9.938,9.999,60031.72058011
