Datetime,Open,High,Low,Close,Volume
2025-12-21 21:00:00+00:00,76.26,76.506,75.98,76.01,7428.204824429994
2025-12-21 22:00:00+00:00,76.02,76.68,75.94,76.58,4092.382802420001
2025-12-21 23:00:00+00:00,76.58,77.039,76.46,76.76,4990.84046574
2025-12-22 00:00:00+00:00,76.76,78.27,76.76,77.209,8768.275567819996
2025-12-22 01:00:00+00:00,77.09,77.937,77.08,77.261,5620.488150270002
2025-12-22 02:00:00+00:00,77.17,77.7,76.41,77.48,7702.132240919997
2025-12-22 03:00:00+00:00,77.559,78.312,77.33,77.98,7457.532211579998
2025-12-22 04:00:00+00:00,77.98,78.141,77.57,77.89,9132.561954489998
2025-12-22 05:00:00+00:00,77.9,78.292,77.53,77.57,3570.00678279
2025-12-22 06:00:00+00:00,77.58,77.818,77.38,77.49,3852.397731080001
2025-12-22 07:00:00+00:00,77.47,77.973,77.41,77.8,2821.73963192
2025-12-22 08:00:00+00:00,77.8,78.37,77.67,77.781,2929.9160313300004
2025-12-22 09:00:00+00:00,77.778,78.098,77.63,77.921,2784.9002910100007
2025-12-22 10:00:00+00:00,77.85,78.048,77.65,77.91,2965.38780666
2025-12-22 11:00:00+00:00,77.9,78.09,77.65,77.9,2772.213298259999
2025-12-22 12:00:00+00:00,77.91,78.306,77.69,78.12,5043.66277833
2025-12-22 13:00:00+00:00,78.12,78.172,77.79,78.07,6099.13668351
2025-12-22 14:00:00+00:00,78.129,78.57,77.71,78.54,8558.296970029996
2025-12-22 15:00:00+00:00,78.54,79.47,78.28,79.27,10896.131448340006
2025-12-22 16:00:00+00:00,79.29,79.41,78.73,78.83,7851.240678470003
2025-12-22 17:00:00+00:00,78.83,78.881,78.3,78.49,4189.197842859999
2025-12-22 18:00:00+00:00,78.49,78.768,78.17,78.28,5474.200608719998
2025-12-22 19:00:00+00:00,78.28,78.301,76.88,77.133,8569.234685449994
2025-12-22 20:00:00+00:00,77.105,77.201,76.36,76.39,7603.030889390002
2025-12-22 21:00:00+00:00,76.38,76.999,76.31,76.7,4082.38302642
2025-12-22 22:00:00+00:00,76.69,77.398,76.54,77.15,5223.655435910002
2025-12-22 23:00:00+00:00,77.16,77.22,76.89,77.0,4845.164325389998
2025-12-23 00:00:00+00:00,76.97,77.43,76.91,77.11,3817.891293669999
2025-12-23 01:00:00+00:00,77.11,77.258,76.5,76.85,4820.079442870001
2025-12-23 02:00:00+00:00,76.86,77.135,76.38,76.49,3883.184235300002
2025-12-23 03:00:00+00:00,76.5,77.049,76.1,76.73,3855.14090255
2025-12-23 04:00:00+00:00,76.74,77.09,76.62,76.87,5659.211797360001
2025-12-23 05:00:00+00:00,76.78,77.033,76.27,77.008,3730.1205558
2025-12-23 06:00:00+00:00,76.94,77.011,76.35,76.6,4781.28154227
2025-12-23 07:00:00+00:00,76.704,77.04,76.52,76.75,4884.767532580001
2025-12-23 08:00:00+00:00,76.73,77.018,76.44,76.5,3627.4771849599983
2025-12-23 09:00:00+00:00,76.49,76.749,76.26,76.56,2103.896869
2025-12-23 10:00:00+00:00,76.56,76.78,76.36,76.54,3040.44693043
2025-12-23 11:00:00+00:00,76.55,77.019,76.45,76.89,3251.5411580999994
2025-12-23 12:00:00+00:00,76.88,77.131,76.59,77.0,3790.59574414
2025-12-23 13:00:00+00:00,76.999,76.999,76.17,76.36,5212.069182100001
2025-12-23 14:00:00+00:00,76.35,76.719,75.46,75.91,8626.333178899997
2025-12-23 15:00:00+00:00,75.95,76.758,75.77,76.64,6427.127026069998
2025-12-23 16:00:00+00:00,76.65,77.557,76.48,77.2,12695.096622669997
2025-12-23 17:00:00+00:00,77.2,77.736,76.44,76.47,6874.961925249998
2025-12-23 18:00:00+00:00,76.47,77.432,76.36,77.21,7799.275872829998
2025-12-23 19:00:00+00:00,77.22,77.35,76.98,77.2,4125.06757125
2025-12-23 20:00:00+00:00,77.2,77.941,77.05,77.41,6347.02037834
2025-12-23 21:00:00+00:00,77.43,77.61,77.02,77.06,3810.5147999299993
2025-12-23 22:00:00+00:00,77.07,77.144,76.63,76.81,3606.84994563
2025-12-23 23:00:00+00:00,76.81,77.05,76.57,76.95,4791.942227459998
2025-12-24 00:00:00+00:00,76.98,77.286,76.76,77.16,4638.54657063
2025-12-24 01:00:00+00:00,77.14,77.42,76.86,77.06,4749.395215379999
2025-12-24 02:00:00+00:00,77.05,77.08,76.17,76.23,5453.548841539998
2025-12-24 03:00:00+00:00,76.23,76.649,75.95,76.59,4759.6502039
2025-12-24 04:00:00+00:00,76.628,76.903,76.0,76.1,5043.182848889998
2025-12-24 05:00:00+00:00,76.1,76.318,75.64,75.77,6212.528159429998
2025-12-24 06:00:00+00:00,75.77,75.969,75.52,75.86,2814.700110429999
2025-12-24 07:00:00+00:00,75.937,76.07,75.61,75.63,3390.8002048800004
2025-12-24 08:00:00+00:00,75.63,75.82,75.25,75.408,4987.09197886
2025-12-24 09:00:00+00:00,75.31,75.861,75.3,75.74,2337.49014254
2025-12-24 10:00:00+00:00,75.71,76.339,75.69,76.08,2911.8414964500007
2025-12-24 11:00:00+00:00,76.08,76.46,76.07,76.09,3553.571378489998
2025-12-24 12:00:00+00:00,76.12,76.499,76.0,76.43,3231.59905086
2025-12-24 13:00:00+00:00,76.41,76.734,76.23,76.5,3177.9256796100008
2025-12-24 14:00:00+00:00,76.52,76.84,75.19,75.29,10355.291206099995
2025-12-24 15:00:00+00:00,75.29,76.14,75.24,75.9,8444.601148149999
2025-12-24 16:00:00+00:00,75.88,76.11,75.39,75.77,7141.389605069997
2025-12-24 17:00:00+00:00,75.77,75.948,75.42,75.52,4613.90129138
2025-12-24 18:00:00+00:00,75.51,75.714,75.33,75.51,6327.311715389998
2025-12-24 19:00:00+00:00,75.51,75.802,75.38,75.74,5219.363848429998
2025-12-24 20:00:00+00:00,75.802,75.959,75.5,75.52,4699.44059442
2025-12-24 21:00:00+00:00,75.53,75.71,75.37,75.5,26852.38246221
2025-12-24 22:00:00+00:00,75.5,76.164,75.47,76.08,11274.51794528
2025-12-24 23:00:00+00:00,76.05,76.102,75.65,75.76,5255.215819179999
2025-12-25 00:00:00+00:00,75.75,75.942,75.5,75.54,6145.6108037600015
2025-12-25 01:00:00+00:00,75.588,76.031,75.52,76.009,3015.8065550599995
2025-12-25 02:00:00+00:00,75.91,76.344,75.73,76.15,2911.474894949999
2025-12-25 03:00:00+00:00,76.14,76.531,75.99,76.23,20737.814828009992
2025-12-25 04:00:00+00:00,76.27,76.472,76.14,76.35,2856.457425030001
2025-12-25 05:00:00+00:00,76.35,76.46,76.05,76.26,2452.1050899199995
2025-12-25 06:00:00+00:00,76.26,76.757,76.18,76.44,3004.88547853
2025-12-25 07:00:00+00:00,76.44,77.068,76.28,76.89,4660.592041739999
2025-12-25 08:00:00+00:00,77.012,77.368,76.42,76.71,4551.922645889999
2025-12-25 09:00:00+00:00,76.72,76.894,76.55,76.81,1223.8513078999993
2025-12-25 10:00:00+00:00,76.81,76.878,75.9,76.13,3068.3065653900003
2025-12-25 11:00:00+00:00,76.14,76.475,76.09,76.15,1518.6187054000006
2025-12-25 12:00:00+00:00,76.12,76.472,76.1,76.2,4007.52967724
2025-12-25 13:00:00+00:00,76.21,76.43,75.99,76.22,2797.48606513
2025-12-25 14:00:00+00:00,76.292,76.459,75.99,76.24,3069.661115850002
2025-12-25 15:00:00+00:00,76.25,77.35,76.17,77.031,6427.950941339999
2025-12-25 16:00:00+00:00,76.98,77.429,76.8,76.91,4650.026829140001
2025-12-25 17:00:00+00:00,76.92,77.203,76.67,77.12,4745.37578118
2025-12-25 18:00:00+00:00,77.11,77.512,77.069,77.32,4910.017844980002
2025-12-25 19:00:00+00:00,77.31,77.555,77.19,77.37,4824.903587659999
2025-12-25 20:00:00+00:00,77.37,77.541,77.06,77.18,4388.33615886
2025-12-25 21:00:00+00:00,77.19,77.298,76.95,77.01,4265.779586019999
2025-12-25 22:00:00+00:00,77.0,77.116,75.65,76.09,7903.791341069999
2025-12-25 23:00:00+00:00,76.08,76.358,75.32,75.67,9360.278222030003
2025-12-26 00:00:00+00:00,75.65,76.148,75.63,76.07,6976.884375059999
2025-12-26 01:00:00+00:00,76.05,76.63,76.0,76.32,7123.14113703
2025-12-26 02:00:00+00:00,76.3,77.905,76.13,77.36,13050.42717262
2025-12-26 03:00:00+00:00,77.36,77.679,77.13,77.56,8939.650146689999
2025-12-26 04:00:00+00:00,77.47,77.781,77.09,77.59,3234.13158398
2025-12-26 05:00:00+00:00,77.58,77.889,77.44,77.82,3997.78924573
2025-12-26 06:00:00+00:00,77.82,78.03,77.64,77.71,3202.3001236899986
2025-12-26 07:00:00+00:00,77.74,77.98,77.1,77.17,3088.199307880001
2025-12-26 08:00:00+00:00,77.18,77.445,76.7,76.94,5158.341483589998
2025-12-26 09:00:00+00:00,76.93,77.311,76.67,77.19,3313.69477545
2025-12-26 10:00:00+00:00,77.18,77.457,77.1,77.36,1440.0624362300002
2025-12-26 11:00:00+00:00,77.38,77.448,76.89,77.04,3972.76909675
2025-12-26 12:00:00+00:00,77.05,77.46,77.05,77.23,4069.90937336
2025-12-26 13:00:00+00:00,77.23,77.488,77.19,77.421,1975.8839120100004
2025-12-26 14:00:00+00:00,77.37,77.529,75.64,75.86,10248.85791129
2025-12-26 15:00:00+00:00,75.85,76.689,75.43,76.59,9714.872498529998
2025-12-26 16:00:00+00:00,76.59,76.758,76.0,76.189,5063.222325429999
2025-12-26 17:00:00+00:00,76.05,76.712,76.04,76.45,6511.410696819999
2025-12-26 18:00:00+00:00,76.45,76.908,76.4,76.64,2576.71621149
2025-12-26 19:00:00+00:00,76.64,77.064,76.58,76.74,2850.0508855399994
2025-12-26 20:00:00+00:00,76.76,77.326,76.63,76.96,4929.746626299999
2025-12-26 21:00:00+00:00,76.96,77.142,76.65,76.69,3196.49824124
2025-12-26 22:00:00+00:00,76.69,76.92,76.47,76.92,6557.404056920001
2025-12-26 23:00:00+00:00,76.78,76.996,76.67,76.82,3162.647606330001
2025-12-27 00:00:00+00:00,76.83,77.161,76.75,77.02,3710.9804089999984
2025-12-27 01:00:00+00:00,77.161,77.166,76.72,76.99,3770.35078788
2025-12-27 02:00:00+00:00,76.99,77.377,76.88,77.16,6918.491796599998
2025-12-27 03:00:00+00:00,77.16,77.72,77.15,77.5,2930.1557701
2025-12-27 04:00:00+00:00,77.51,77.671,77.13,77.16,3935.06333373
2025-12-27 05:00:00+00:00,77.16,77.39,77.1,77.29,3100.998127020001
2025-12-27 06:00:00+00:00,77.29,77.473,77.08,77.1,3967.48921553
2025-12-27 07:00:00+00:00,77.1,77.43,77.0,77.03,2144.444289430001
2025-12-27 08:00:00+00:00,77.01,77.358,76.98,77.01,1968.28611202
2025-12-27 09:00:00+00:00,77.01,77.53,77.0,77.3,5562.728582999999
2025-12-27 10:00:00+00:00,77.29,77.51,76.98,77.5,2474.7536550600003
2025-12-27 11:00:00+00:00,77.4,77.97,77.37,77.86,3611.239729849998
2025-12-27 12:00:00+00:00,77.86,78.334,77.85,78.16,5408.25307472
2025-12-27 13:00:00+00:00,78.16,78.369,78.01,78.14,3950.914360579999
2025-12-27 14:00:00+00:00,78.15,78.801,78.05,78.6,4791.83570876
2025-12-27 15:00:00+00:00,78.6,78.85,78.24,78.65,5715.45180746
2025-12-27 16:00:00+00:00,78.65,79.039,78.52,78.72,6939.518206280001
2025-12-27 17:00:00+00:00,78.71,79.366,78.63,78.86,6197.776714859999
2025-12-27 18:00:00+00:00,79.018,79.239,78.63,78.69,6211.798685029998
2025-12-27 19:00:00+00:00,78.69,79.249,78.61,79.12,3798.443892999999
2025-12-27 20:00:00+00:00,79.12,79.458,78.89,79.24,4579.979031729999
2025-12-27 21:00:00+00:00,79.25,79.77,79.11,79.45,6141.98944176
2025-12-27 22:00:00+00:00,79.45,80.103,79.2,79.39,9940.80646864
2025-12-27 23:00:00+00:00,79.39,80.657,79.39,80.27,8626.646297300007
2025-12-28 00:00:00+00:00,80.28,80.661,80.07,80.24,7518.16398639
2025-12-28 01:00:00+00:00,80.25,80.5,79.72,79.82,4159.14217744
2025-12-28 02:00:00+00:00,79.82,79.964,79.59,79.63,4996.962785299999
2025-12-28 03:00:00+00:00,79.62,79.762,79.28,79.33,5660.307186600002
2025-12-28 04:00:00+00:00,79.33,79.625,79.09,79.22,3166.5338627200003
2025-12-28 05:00:00+00:00,79.2,79.38,79.01,79.09,2928.7929875600003
2025-12-28 06:00:00+00:00,79.09,79.605,79.06,79.45,3062.5649757199994
2025-12-28 07:00:00+00:00,79.45,80.007,79.38,79.62,2526.8553422600003
2025-12-28 08:00:00+00:00,79.64,80.161,79.58,79.78,3417.98849414
2025-12-28 09:00:00+00:00,79.8,79.905,79.22,79.27,3628.27593527
2025-12-28 10:00:00+00:00,79.398,79.579,79.2,79.28,1007.0877017199998
2025-12-28 11:00:00+00:00,79.28,79.522,79.11,79.2,1518.72369272
2025-12-28 12:00:00+00:00,79.22,79.451,78.84,78.9,2680.7881655800006
2025-12-28 13:00:00+00:00,78.95,79.225,78.87,78.94,1542.46378001
2025-12-28 14:00:00+00:00,78.95,79.558,78.94,79.444,2409.5505883599994
2025-12-28 15:00:00+00:00,79.28,79.556,79.27,79.32,2280.8559820500004
2025-12-28 16:00:00+00:00,79.32,79.666,79.02,79.23,5091.9483760500025
2025-12-28 17:00:00+00:00,79.23,79.771,79.21,79.38,2726.9598976499988
2025-12-28 18:00:00+00:00,79.38,79.503,78.21,78.22,13608.876104139988
2025-12-28 19:00:00+00:00,78.2,78.711,78.11,78.23,6174.478858469998
2025-12-28 20:00:00+00:00,78.23,78.609,78.0,78.12,17687.44967232
2025-12-28 21:00:00+00:00,78.12,78.316,77.8,78.12,8013.878011759997
2025-12-28 22:00:00+00:00,78.09,78.558,77.86,78.3,5054.01856423
2025-12-28 23:00:00+00:00,78.3,78.791,78.1,78.67,4322.41922861
2025-12-29 00:00:00+00:00,78.65,79.512,78.39,79.19,8328.57498204
2025-12-29 01:00:00+00:00,79.2,79.562,78.78,79.21,8246.021376030001
2025-12-29 02:00:00+00:00,79.23,79.87,78.83,78.98,9499.44041602
2025-12-29 03:00:00+00:00,79.0,80.2,79.0,80.06,14466.872758339989
2025-12-29 04:00:00+00:00,80.05,80.203,79.64,79.68,9469.62940714
2025-12-29 05:00:00+00:00,79.71,79.868,79.46,79.48,6252.181665290001
2025-12-29 06:00:00+00:00,79.49,79.87,78.97,79.03,7507.25726335
2025-12-29 07:00:00+00:00,79.03,79.254,78.53,79.12,7757.75317862
2025-12-29 08:00:00+00:00,79.13,79.301,78.71,78.79,3847.829234590001
2025-12-29 09:00:00+00:00,78.8,78.909,77.53,78.07,6719.888050439998
2025-12-29 10:00:00+00:00,78.05,78.494,77.85,78.06,6627.289106009996
2025-12-29 11:00:00+00:00,78.03,78.151,77.68,77.75,3332.0571735500007
2025-12-29 12:00:00+00:00,77.75,77.98,76.84,77.61,7606.74258127
2025-12-29 13:00:00+00:00,77.59,77.808,77.14,77.35,3786.06825226
2025-12-29 14:00:00+00:00,77.34,78.326,77.22,77.88,15263.859384780002
2025-12-29 15:00:00+00:00,77.88,78.529,77.72,78.2,12853.71804655
2025-12-29 16:00:00+00:00,78.2,78.42,77.58,77.85,10216.27725297
2025-12-29 17:00:00+00:00,77.939,78.279,77.7,78.19,3887.62221484
2025-12-29 18:00:00+00:00,78.17,78.305,77.29,77.41,5619.57322595
2025-12-29 19:00:00+00:00,77.41,78.037,77.36,77.85,6442.140943689999
2025-12-29 20:00:00+00:00,77.83,78.347,77.73,77.95,3937.09743507
2025-12-29 21:00:00+00:00,77.93,78.329,77.89,78.19,4672.920284909999
2025-12-29 22:00:00+00:00,78.2,78.453,78.05,78.29,4131.288883519999
2025-12-29 23:00:00+00:00,78.3,78.612,78.12,78.22,5426.51593483
2025-12-30 00:00:00+00:00,78.26,78.337,77.76,78.19,4018.14349602
2025-12-30 01:00:00+00:00,78.17,78.598,77.91,78.27,4301.84733477
2025-12-30 02:00:00+00:00,78.28,78.459,77.71,77.94,3874.52002364
2025-12-30 03:00:00+00:00,77.94,78.33,77.59,78.11,3491.5701503799983
2025-12-30 04:00:00+00:00,78.11,78.529,77.99,78.21,4420.244143619998
2025-12-30 05:00:00+00:00,78.22,78.419,77.96,78.06,3223.9986502599995
2025-12-30 06:00:00+00:00,78.06,78.419,78.04,78.06,3348.7179509799994
2025-12-30 07:00:00+00:00,78.07,78.315,77.94,78.18,1901.24783074
2025-12-30 08:00:00+00:00,78.18,78.801,77.88,77.92,5747.525581810001
2025-12-30 09:00:00+00:00,77.92,78.33,77.84,78.04,2406.43814701
2025-12-30 10:00:00+00:00,78.02,78.269,77.77,77.96,5286.400281899997
2025-12-30 11:00:00+00:00,77.94,78.155,77.83,77.95,2555.9470607100006
2025-12-30 12:00:00+00:00,77.95,78.094,77.66,77.73,2064.46846264
2025-12-30 13:00:00+00:00,77.72,78.304,77.69,78.16,3239.610675260001
2025-12-30 14:00:00+00:00,78.14,78.73,77.74,78.53,5511.97809175
2025-12-30 15:00:00+00:00,78.631,78.808,77.99,78.61,6481.695100949999
2025-12-30 16:00:00+00:00,78.726,78.8,78.12,78.23,6312.452056179999
2025-12-30 17:00:00+00:00,78.23,78.432,77.84,77.99,3563.12511061
2025-12-30 18:00:00+00:00,77.99,78.262,77.77,78.0,7003.338665640001
2025-12-30 19:00:00+00:00,77.98,78.277,77.55,78.1,5858.202101510001
2025-12-30 20:00:00+00:00,78.11,78.238,77.61,77.73,6062.885070099999
2025-12-30 21:00:00+00:00,77.73,78.109,77.66,77.91,3950.09183944
2025-12-30 22:00:00+00:00,78.04,78.237,77.85,78.03,4406.647574170001
2025-12-30 23:00:00+00:00,78.03,79.088,77.99,78.81,5662.23580576
2025-12-31 00:00:00+00:00,78.81,78.916,77.81,77.99,15630.335676039998
2025-12-31 01:00:00+00:00,78.11,78.542,77.9,78.12,6912.075871569998
2025-12-31 02:00:00+00:00,78.12,78.304,77.96,78.0,5131.748573380001
2025-12-31 03:00:00+00:00,78.0,78.3,77.69,78.03,6284.968593749999
2025-12-31 04:00:00+00:00,78.01,78.213,77.84,77.94,3476.64491444
2025-12-31 05:00:00+00:00,77.94,78.259,77.91,78.08,4462.627960139999
2025-12-31 06:00:00+00:00,78.08,78.362,78.0,78.21,3487.30152343
2025-12-31 07:00:00+00:00,78.2,78.438,78.05,78.15,3180.59710497
2025-12-31 08:00:00+00:00,78.13,78.469,77.68,77.82,7664.741226800001
2025-12-31 09:00:00+00:00,77.83,78.236,77.83,77.93,3335.5574165000003
2025-12-31 10:00:00+00:00,77.93,78.283,77.85,77.96,5979.41009791
2025-12-31 11:00:00+00:00,77.96,78.344,77.93,78.17,2734.8443100000004
2025-12-31 12:00:00+00:00,78.15,78.318,77.8,77.95,1997.6013700400008
2025-12-31 13:00:00+00:00,77.95,78.287,77.9,78.12,3368.921164010001
2025-12-31 14:00:00+00:00,78.11,78.499,78.02,78.14,5545.646172989998
2025-12-31 15:00:00+00:00,78.13,78.261,77.09,77.51,10510.33626239
2025-12-31 16:00:00+00:00,77.52,77.69,76.45,76.84,10109.032656819998
2025-12-31 17:00:00+00:00,76.8,76.988,76.24,76.35,18821.207372460005
2025-12-31 18:00:00+00:00,76.33,77.037,76.25,76.64,6640.365132349999
2025-12-31 19:00:00+00:00,76.64,76.977,76.45,76.46,6007.36012162
2025-12-31 20:00:00+00:00,76.46,76.84,75.91,76.6,10980.33496723
2025-12-31 21:00:00+00:00,76.61,76.988,76.49,76.76,6747.635450940001
2025-12-31 22:00:00+00:00,76.75,77.079,76.59,76.77,11474.99624135
2025-12-31 23:00:00+00:00,76.74,77.02,76.63,76.73,6936.430713560001
2026-01-01 00:00:00+00:00,76.71,77.21,76.64,76.92,10809.791374389995
2026-01-01 01:00:00+00:00,76.9,77.41,76.86,77.17,3754.75557429
2026-01-01 02:00:00+00:00,77.18,77.366,76.96,77.03,4733.04650318
2026-01-01 03:00:00+00:00,77.03,77.333,76.67,76.75,10856.143266640003
2026-01-01 04:00:00+00:00,76.75,76.989,76.54,76.64,8439.13528407
2026-01-01 05:00:00+00:00,76.64,77.357,76.62,77.07,5864.694729960003
2026-01-01 06:00:00+00:00,77.09,77.305,76.98,77.11,2403.60543297
2026-01-01 07:00:00+00:00,77.1,77.357,76.96,77.04,3357.95262561
2026-01-01 08:00:00+00:00,77.04,77.578,77.02,77.37,2175.7867543400007
2026-01-01 09:00:00+00:00,77.38,77.755,77.29,77.49,4453.7245011700015
2026-01-01 10:00:00+00:00,77.49,77.684,77.28,77.52,2560.3268058199983
2026-01-01 11:00:00+00:00,77.37,77.811,77.32,77.7,590.6307545
2026-01-01 12:00:00+00:00,77.837,77.837,77.4,77.51,155.96257817999995
2026-01-01 13:00:00+00:00,77.634,78.065,77.47,77.91,689.7919773099999
2026-01-01 14:00:00+00:00,77.91,78.363,77.83,78.152,1712.30533795
2026-01-01 15:00:00+00:00,78.187,79.2,78.03,78.75,1754.8531828500002
2026-01-01 16:00:00+00:00,78.908,79.129,78.6,78.878,3255.158393759998
2026-01-01 17:00:00+00:00,78.75,79.28,78.5,78.87,1262.59879791
2026-01-01 18:00:00+00:00,79.016,79.138,78.84,79.08,1045.3501640300003
2026-01-01 19:00:00+00:00,79.082,79.46,78.91,79.46,1130.3210032100003
2026-01-01 20:00:00+00:00,79.29,79.64,79.23,79.39,1190.17181537
2026-01-01 21:00:00+00:00,79.37,79.67,79.18,79.632,606.62533796
2026-01-01 22:00:00+00:00,79.662,79.923,79.44,79.77,3114.39989699
2026-01-01 23:00:00+00:00,79.8,80.06,79.57,79.86,1348.64242101
2026-01-02 00:00:00+00:00,79.88,80.047,79.46,79.6,5750.384634140002
2026-01-02 01:00:00+00:00,79.6,79.781,78.95,79.3,6732.394713110001
2026-01-02 02:00:00+00:00,79.402,79.512,79.07,79.4,3134.550452970001
2026-01-02 03:00:00+00:00,79.4,80.369,79.35,80.07,6709.969862540002
2026-01-02 04:00:00+00:00,80.17,80.267,79.55,79.58,4722.635761729999
2026-01-02 05:00:00+00:00,79.61,79.869,79.44,79.74,4935.857241069996
2026-01-02 06:00:00+00:00,79.76,79.917,79.34,79.37,3913.1976044
2026-01-02 07:00:00+00:00,79.38,79.549,79.1,79.22,3295.4901860099994
2026-01-02 08:00:00+00:00,79.22,79.598,79.17,79.41,3724.399585679999
2026-01-02 09:00:00+00:00,79.42,80.5,79.32,80.16,4374.709834450003
2026-01-02 10:00:00+00:00,80.17,80.509,79.76,79.91,9516.446198210004
2026-01-02 11:00:00+00:00,79.92,80.001,79.36,79.6,3233.3148148000005
2026-01-02 12:00:00+00:00,79.6,80.24,79.56,80.07,4057.188359180002
2026-01-02 13:00:00+00:00,80.07,80.278,79.86,79.98,4338.026159510001
2026-01-02 14:00:00+00:00,80.0,81.14,79.59,80.49,8976.107577170002
2026-01-02 15:00:00+00:00,80.46,80.76,79.77,80.535,9927.08477314
2026-01-02 16:00:00+00:00,80.48,81.51,80.38,81.45,13597.814333279995
2026-01-02 17:00:00+00:00,81.45,81.6,80.78,81.288,11635.980802969996
2026-01-02 18:00:00+00:00,81.26,81.53,80.82,81.09,5795.701910970001
2026-01-02 19:00:00+00:00,81.1,81.328,81.02,81.24,9649.69438265
2026-01-02 20:00:00+00:00,81.24,81.43,80.96,81.18,10883.284854599997
2026-01-02 21:00:00+00:00,81.17,81.855,81.17,81.79,5008.425764760001
2026-01-02 22:00:00+00:00,81.79,82.23,81.74,82.1,7844.801970380002
2026-01-02 23:00:00+00:00,82.1,82.1,81.73,81.9,5546.86084559
2026-01-03 00:00:00+00:00,81.9,82.24,81.84,82.03,3446.73420006
2026-01-03 01:00:00+00:00,82.01,82.589,82.0,82.54,6839.56331362
2026-01-03 02:00:00+00:00,82.53,82.855,82.07,82.67,4450.44580844
2026-01-03 03:00:00+00:00,82.67,82.728,82.065,82.65,4356.875876180002
2026-01-03 04:00:00+00:00,82.63,82.655,82.38,82.48,8309.761972469996
2026-01-03 05:00:00+00:00,82.48,82.67,81.92,82.55,5647.329532720001
2026-01-03 06:00:00+00:00,82.55,82.78,81.95,82.21,10233.687965510002
2026-01-03 07:00:00+00:00,82.22,82.36,81.05,81.35,9323.39423503
2026-01-03 08:00:00+00:00,81.32,81.82,81.24,81.32,4232.78089559
2026-01-03 09:00:00+00:00,81.31,81.637,81.27,81.37,5750.929966890001
2026-01-03 10:00:00+00:00,81.39,81.793,81.14,81.41,3134.6414793300005
2026-01-03 11:00:00+00:00,81.42,81.44,81.13,81.35,3684.045046869999
2026-01-03 12:00:00+00:00,81.35,81.61,81.19,81.582,4413.94302582
2026-01-03 13:00:00+00:00,81.5,81.954,81.44,81.79,4666.67441858
2026-01-03 14:00:00+00:00,81.79,81.939,80.72,81.23,5111.394944979999
2026-01-03 15:00:00+00:00,81.21,81.424,80.99,81.24,7035.796396920001
2026-01-03 16:00:00+00:00,81.24,82.05,81.14,81.94,4470.71220196
2026-01-03 17:00:00+00:00,81.96,82.338,81.89,82.19,4326.794665339998
2026-01-03 18:00:00+00:00,82.21,82.52,82.07,82.39,3859.19990416
2026-01-03 19:00:00+00:00,82.39,82.39,82.137,82.21,3639.74496215
2026-01-03 20:00:00+00:00,82.22,82.4,81.883,82.33,4099.307501
2026-01-03 21:00:00+00:00,82.32,82.44,82.061,82.14,5756.4665319
2026-01-03 22:00:00+00:00,82.12,82.51,82.028,82.37,3697.055513289999
2026-01-03 23:00:00+00:00,82.38,82.42,82.0,82.04,4389.39130522
2026-01-04 00:00:00+00:00,82.03,82.78,81.946,82.476,587.8062221200005
2026-01-04 01:00:00+00:00,82.478,82.54,81.98,82.237,1012.53941461
2026-01-04 02:00:00+00:00,82.237,82.31,82.0,82.118,912.6509405500002
2026-01-04 03:00:00+00:00,82.16,82.65,82.13,82.52,1044.96482577
2026-01-04 04:00:00+00:00,82.5,82.703,82.374,82.39,469.91940349
2026-01-04 05:00:00+00:00,82.39,82.54,82.17,82.51,688.9875239900002
2026-01-04 06:00:00+00:00,82.502,82.786,82.058,82.182,645.78634581
2026-01-04 07:00:00+00:00,82.188,82.404,82.023,82.189,736.65592603
2026-01-04 08:00:00+00:00,82.188,82.195,81.64,82.103,1210.826144550001
2026-01-04 09:00:00+00:00,82.094,82.661,81.99,82.51,489.73329935999993
2026-01-04 10:00:00+00:00,82.506,82.7,82.27,82.277,1010.8365400799996
2026-01-04 11:00:00+00:00,82.269,82.51,82.07,82.452,954.4847105000003
2026-01-04 12:00:00+00:00,82.499,83.03,82.292,82.559,3204.75318395
2026-01-04 13:00:00+00:00,82.559,82.64,82.03,82.64,645.26574955
2026-01-04 14:00:00+00:00,82.595,82.77,82.154,82.28,1759.95901731
2026-01-04 15:00:00+00:00,82.201,82.765,82.192,82.621,1790.99439669
2026-01-04 16:00:00+00:00,82.639,83.159,82.572,82.927,1184.55643936
2026-01-04 17:00:00+00:00,82.92,83.011,82.62,82.89,618.81892598
2026-01-04 18:00:00+00:00,82.858,82.96,82.111,82.41,439.53799054
2026-01-04 19:00:00+00:00,82.41,82.43,81.571,82.1,3781.91501058
2026-01-04 20:00:00+00:00,82.14,82.24,82.016,82.106,519.9023345699998
2026-01-04 21:00:00+00:00,82.088,82.35,81.681,81.9,655.3243596799999
2026-01-04 22:00:00+00:00,81.875,82.13,81.75,81.93,449.68801608
2026-01-04 23:00:00+00:00,82.01,82.39,81.926,82.223,581.0383320000001
2026-01-05 00:00:00+00:00,82.223,82.91,82.101,82.66,2916.58859414
2026-01-05 01:00:00+00:00,82.668,83.49,82.505,83.25,2328.564333730001
2026-01-05 02:00:00+00:00,83.205,83.58,82.139,82.307,4207.683978719998
2026-01-05 03:00:00+00:00,82.315,82.63,82.209,82.59,1697.32650243
2026-01-05 04:00:00+00:00,82.521,82.68,81.314,81.929,3154.16091906
2026-01-05 05:00:00+00:00,81.97,82.16,81.598,81.649,1726.8597523400003
2026-01-05 06:00:00+00:00,81.64,82.18,81.428,82.041,2209.9737676299987
2026-01-05 07:00:00+00:00,82.09,82.46,81.893,82.37,1580.3605623300002
2026-01-05 08:00:00+00:00,82.291,82.4,81.812,82.129,511.3740923400001
2026-01-05 09:00:00+00:00,82.13,82.23,81.67,81.762,1575.2060228400003
2026-01-05 10:00:00+00:00,81.86,82.21,81.511,81.591,1920.236259110001
2026-01-05 11:00:00+00:00,81.597,82.04,81.492,81.934,499.40335242
2026-01-05 12:00:00+00:00,82.0,82.08,81.542,81.936,1407.8632315199998
2026-01-05 13:00:00+00:00,82.0,82.1,81.583,81.84,750.19398224
2026-01-05 14:00:00+00:00,81.807,82.83,81.593,82.629,2656.92477366
2026-01-05 15:00:00+00:00,82.672,83.59,82.566,83.311,5735.659932320002
2026-01-05 16:00:00+00:00,83.4,83.6,82.739,82.828,2058.63300058
2026-01-05 17:00:00+00:00,82.828,83.35,82.0,83.29,1103.1709812699996
2026-01-05 18:00:00+00:00,83.193,83.84,82.929,83.684,1337.50433085
2026-01-05 19:00:00+00:00,83.684,84.09,83.333,83.66,1259.3565004099992
2026-01-05 20:00:00+00:00,83.556,84.52,83.493,83.821,3516.3087185100003
2026-01-05 21:00:00+00:00,83.805,83.99,83.416,83.558,2448.50255821
2026-01-05 22:00:00+00:00,83.559,84.22,83.476,84.07,1295.73009094
2026-01-05 23:00:00+00:00,84.06,84.06,83.33,83.45,753.5614465499999
2026-01-06 00:00:00+00:00,83.46,83.73,82.726,83.66,7343.355238470002
2026-01-06 01:00:00+00:00,83.65,84.11,83.162,83.26,6146.22200712
2026-01-06 02:00:00+00:00,83.231,83.82,83.162,83.57,4406.76115501
2026-01-06 03:00:00+00:00,83.57,84.02,83.469,83.84,2818.11123131
2026-01-06 04:00:00+00:00,83.724,83.97,83.387,83.68,5105.792177459998
2026-01-06 05:00:00+00:00,83.66,83.78,83.246,83.39,2653.01151759
2026-01-06 06:00:00+00:00,83.38,83.98,83.254,83.589,11312.303342200004
2026-01-06 07:00:00+00:00,83.68,83.74,82.681,83.05,5326.614413750001
2026-01-06 08:00:00+00:00,83.06,83.32,82.88,82.95,5081.527361019998
2026-01-06 09:00:00+00:00,82.949,83.31,82.804,83.06,1981.798940180001
2026-01-06 10:00:00+00:00,82.982,83.27,82.84,83.23,1722.5583542999998
2026-01-06 11:00:00+00:00,83.17,83.84,83.089,83.687,1985.35128104
2026-01-06 12:00:00+00:00,83.695,84.32,83.662,84.22,2812.24351307
2026-01-06 13:00:00+00:00,84.2,84.35,83.681,83.89,4364.890618369999
2026-01-06 14:00:00+00:00,83.89,84.84,83.519,83.95,12213.620449339993
2026-01-06 15:00:00+00:00,83.94,84.48,83.141,83.52,9911.296230830005
2026-01-06 16:00:00+00:00,83.391,83.57,81.84,82.59,13891.125416709996
2026-01-06 17:00:00+00:00,82.534,82.93,81.172,81.36,11793.08457109
2026-01-06 18:00:00+00:00,81.36,82.55,81.049,82.48,8277.685127829993
2026-01-06 19:00:00+00:00,82.49,82.76,82.322,82.374,5696.7976289200005
2026-01-06 20:00:00+00:00,82.41,82.96,82.376,82.7,5011.9423836000005
2026-01-06 21:00:00+00:00,82.7,84.1,82.518,83.75,10248.05947503
2026-01-06 22:00:00+00:00,83.665,83.96,83.29,83.63,6701.91377339
2026-01-06 23:00:00+00:00,83.62,84.122,83.519,83.94,5350.817369430001
2026-01-07 00:00:00+00:00,83.94,83.94,82.89,82.93,7423.881327170001
2026-01-07 01:00:00+00:00,82.877,83.19,82.551,82.83,5413.132072130003
2026-01-07 02:00:00+00:00,82.82,83.56,82.628,83.56,6467.016868220007
2026-01-07 03:00:00+00:00,83.56,83.74,83.16,83.25,2625.01110583
2026-01-07 04:00:00+00:00,83.203,83.52,83.053,83.16,2817.032693070001
2026-01-07 05:00:00+00:00,83.094,83.29,82.868,82.92,3082.1873674000003
2026-01-07 06:00:00+00:00,82.93,83.14,82.719,82.752,2073.25189215
2026-01-07 07:00:00+00:00,82.744,83.58,82.744,83.43,4666.91602296
2026-01-07 08:00:00+00:00,83.362,83.88,83.212,83.77,4284.366764710001
2026-01-07 09:00:00+00:00,83.77,83.79,82.471,82.74,15444.936148039997
2026-01-07 10:00:00+00:00,82.77,82.97,82.548,82.72,3603.717107190001
2026-01-07 11:00:00+00:00,82.74,82.849,82.56,82.7,2378.02395296
2026-01-07 12:00:00+00:00,82.773,82.781,82.02,82.58,6380.09309636
2026-01-07 13:00:00+00:00,82.643,82.904,82.3,82.48,6405.937662869999
2026-01-07 14:00:00+00:00,82.43,82.49,81.26,82.18,19970.58852101001
2026-01-07 15:00:00+00:00,82.17,82.275,81.21,81.49,11889.789234019994
2026-01-07 16:00:00+00:00,81.48,81.882,81.09,81.45,6306.264712389998
2026-01-07 17:00:00+00:00,81.46,81.905,81.29,81.37,4747.157428710001
2026-01-07 18:00:00+00:00,81.39,81.809,81.14,81.38,5408.214107680003
2026-01-07 19:00:00+00:00,81.36,81.621,80.89,81.38,6431.349884979999
2026-01-07 20:00:00+00:00,81.38,81.571,81.1,81.31,5976.228216420002
2026-01-07 21:00:00+00:00,81.374,81.58,81.27,81.51,3859.04483703
2026-01-07 22:00:00+00:00,81.42,81.918,81.21,81.41,4964.438256459998
2026-01-07 23:00:00+00:00,81.41,81.933,81.16,81.65,9134.247202839995
2026-01-08 00:00:00+00:00,81.65,81.98,81.41,81.82,5710.079378079999
2026-01-08 01:00:00+00:00,81.82,82.27,81.79,82.08,3914.249354710001
2026-01-08 02:00:00+00:00,82.156,82.288,81.6,81.81,4067.02627062
2026-01-08 03:00:00+00:00,81.863,82.008,81.13,81.21,3076.9894854000004
2026-01-08 04:00:00+00:00,81.22,81.866,81.11,81.6,6658.907019829999
2026-01-08 05:00:00+00:00,81.6,82.034,81.53,81.62,3597.577543660001
2026-01-08 06:00:00+00:00,81.707,81.798,80.42,80.612,19050.11689854998
2026-01-08 07:00:00+00:00,80.5,81.277,80.14,81.22,8761.992342
2026-01-08 08:00:00+00:00,81.277,81.59,80.74,80.907,6609.550729880002
2026-01-08 09:00:00+00:00,80.84,81.122,80.42,80.52,3833.476919610001
2026-01-08 10:00:00+00:00,80.52,81.139,80.13,81.055,4611.245270250001
2026-01-08 11:00:00+00:00,80.95,81.076,80.28,80.83,7980.431245740004
2026-01-08 12:00:00+00:00,80.82,80.903,80.29,80.41,6071.1563529800005
2026-01-08 13:00:00+00:00,80.4,80.794,80.28,80.652,5811.683723639998
2026-01-08 14:00:00+00:00,80.651,80.903,79.88,80.66,12138.003358300002
2026-01-08 15:00:00+00:00,80.733,81.385,80.29,81.366,6530.200516829999
2026-01-08 16:00:00+00:00,81.29,81.44,80.7,81.34,6087.529166260002
2026-01-08 17:00:00+00:00,81.36,81.625,81.08,81.55,4471.64668917
2026-01-08 18:00:00+00:00,81.55,81.635,81.19,81.31,5732.514805190001
2026-01-08 19:00:00+00:00,81.31,81.598,80.87,81.008,4812.792338639999
2026-01-08 20:00:00+00:00,80.96,81.068,80.39,80.97,4197.61085394
2026-01-08 21:00:00+00:00,80.95,81.39,80.89,81.28,4080.974883850001
2026-01-08 22:00:00+00:00,81.31,81.66,81.1,81.47,4410.42757231
2026-01-08 23:00:00+00:00,81.47,81.597,81.19,81.25,3190.360077269999
2026-01-09 00:00:00+00:00,81.23,81.767,81.23,81.67,3969.068162050001
2026-01-09 01:00:00+00:00,81.728,82.118,81.08,81.3,6278.9562581400005
2026-01-09 02:00:00+00:00,81.3,81.802,81.14,81.19,3602.804679600001
2026-01-09 03:00:00+00:00,81.2,81.798,81.1,81.77,5494.465973029998
2026-01-09 04:00:00+00:00,81.77,81.92,81.44,81.52,4046.752342120002
2026-01-09 05:00:00+00:00,81.51,81.665,81.25,81.5,3216.5622098500003
2026-01-09 06:00:00+00:00,81.52,81.868,81.39,81.76,4263.18964607
2026-01-09 07:00:00+00:00,81.71,81.828,81.45,81.47,5991.166375659999
2026-01-09 08:00:00+00:00,81.47,81.743,80.46,80.82,10588.745712699996
2026-01-09 09:00:00+00:00,80.81,81.235,80.77,80.93,3106.2790054699994
2026-01-09 10:00:00+00:00,80.94,81.233,80.9,81.12,1849.73925514
2026-01-09 11:00:00+00:00,81.14,81.41,80.97,81.1,1694.9801459899995
2026-01-09 12:00:00+00:00,81.1,81.225,80.83,80.92,2998.8183764899995
2026-01-09 13:00:00+00:00,80.92,81.54,80.83,80.91,49264.87752465007
2026-01-09 14:00:00+00:00,80.91,81.01,79.85,80.62,83640.99312698992
2026-01-09 15:00:00+00:00,80.64,81.843,80.3,81.25,21650.2287187
2026-01-09 16:00:00+00:00,81.25,81.99,81.25,81.78,7601.299153929998
2026-01-09 17:00:00+00:00,81.854,81.904,81.18,81.77,9151.65749228
2026-01-09 18:00:00+00:00,81.76,81.894,80.94,81.4,7262.274923559999
2026-01-09 19:00:00+00:00,81.4,81.49,80.68,80.94,6242.99499038
2026-01-09 20:00:00+00:00,80.93,81.237,80.79,80.85,4043.2732794100007
2026-01-09 21:00:00+00:00,80.85,81.451,80.75,81.32,3140.91355911
2026-01-09 22:00:00+00:00,81.33,81.61,81.16,81.44,3542.05179252
2026-01-09 23:00:00+00:00,81.49,81.661,81.31,81.39,4671.770015280001
2026-01-10 00:00:00+00:00,81.36,81.504,81.13,81.24,3235.22881957
2026-01-10 01:00:00+00:00,81.24,81.545,81.23,81.545,2335.17718574
2026-01-10 02:00:00+00:00,81.553,81.57,80.84,81.08,4885.593256260001
2026-01-10 03:00:00+00:00,81.09,81.19,80.81,81.03,4030.055200219999
2026-01-10 04:00:00+00:00,81.01,81.146,80.62,80.77,3684.74262708
2026-01-10 05:00:00+00:00,80.77,81.036,80.69,80.91,2108.8221720700003
2026-01-10 06:00:00+00:00,80.92,81.189,80.75,81.05,2565.0736158900013
2026-01-10 07:00:00+00:00,81.04,81.591,81.03,81.51,2094.47417419
2026-01-10 08:00:00+00:00,81.51,81.6,81.2,81.37,2314.09971133
2026-01-10 09:00:00+00:00,81.37,81.689,81.32,81.658,2496.72987886
2026-01-10 10:00:00+00:00,81.659,81.83,81.38,81.59,2152.504832059999
2026-01-10 11:00:00+00:00,81.6,81.812,81.46,81.73,2418.0516527400005
2026-01-10 12:00:00+00:00,81.73,81.877,81.53,81.76,1621.240653480001
2026-01-10 13:00:00+00:00,81.76,82.297,81.62,82.155,11552.996710969996
2026-01-10 14:00:00+00:00,82.01,82.412,81.4,81.57,9628.27683098
2026-01-10 15:00:00+00:00,81.57,81.856,81.34,81.45,3904.252553910001
2026-01-10 16:00:00+00:00,81.55,81.635,81.27,81.44,2541.19949266
2026-01-10 17:00:00+00:00,81.42,81.704,80.89,80.97,6445.190128200001
2026-01-10 18:00:00+00:00,80.96,81.319,80.83,81.236,3704.5220802
2026-01-10 19:00:00+00:00,81.16,81.382,81.12,81.27,4427.20478133
2026-01-10 20:00:00+00:00,81.25,81.42,81.21,81.3,2975.0642412599987
2026-01-10 21:00:00+00:00,81.29,81.382,80.96,81.01,3302.940274919999
2026-01-10 22:00:00+00:00,81.0,81.243,80.73,80.917,3776.14906811
2026-01-10 23:00:00+00:00,80.83,81.296,80.82,81.09,2403.6578364599995
2026-01-11 00:00:00+00:00,81.08,81.324,80.97,81.302,3624.656381360001
2026-01-11 01:00:00+00:00,81.19,81.437,81.05,81.32,3307.93238652
2026-01-11 02:00:00+00:00,81.33,81.665,81.28,81.39,3238.699470309999
2026-01-11 03:00:00+00:00,81.39,81.737,81.35,81.64,8477.163735349997
2026-01-11 04:00:00+00:00,81.64,81.731,81.14,81.452,3661.938087209999
2026-01-11 05:00:00+00:00,81.33,81.553,81.21,81.32,3428.6421470200003
2026-01-11 06:00:00+00:00,81.33,81.463,80.98,81.31,3814.0531367600006
2026-01-11 07:00:00+00:00,81.33,81.442,80.94,81.27,6173.15740741
2026-01-11 08:00:00+00:00,81.14,81.378,80.98,81.273,6098.294268499999
2026-01-11 09:00:00+00:00,81.17,81.36,81.06,81.15,2849.93149187
2026-01-11 10:00:00+00:00,81.17,81.45,81.02,81.11,2392.71432485
2026-01-11 11:00:00+00:00,81.13,81.215,80.85,80.94,3283.943993709999
2026-01-11 12:00:00+00:00,81.0,81.278,80.88,81.09,5655.977682030002
2026-01-11 13:00:00+00:00,81.08,81.245,80.77,80.8,4973.955086279999
2026-01-11 14:00:00+00:00,80.81,81.2,80.66,81.169,7089.99379059
2026-01-11 15:00:00+00:00,81.09,81.177,80.29,80.44,5030.668667639999
2026-01-11 16:00:00+00:00,80.45,81.124,80.36,80.79,11872.584210910009
2026-01-11 17:00:00+00:00,80.798,80.958,80.28,80.56,5416.149748089998
2026-01-11 18:00:00+00:00,80.56,80.766,80.21,80.64,6813.352987430002
2026-01-11 19:00:00+00:00,80.64,80.811,80.13,80.18,4048.8587566400006
2026-01-11 20:00:00+00:00,80.17,80.263,79.42,79.87,12842.66272195
2026-01-11 21:00:00+00:00,79.86,79.979,79.08,79.22,20509.387517870007
2026-01-11 22:00:00+00:00,79.22,79.292,78.64,78.76,10157.563934360003
2026-01-11 23:00:00+00:00,78.78,79.424,78.44,78.68,13698.360386140004
2026-01-12 00:00:00+00:00,78.68,78.815,77.63,78.37,23238.587439319992
2026-01-12 01:00:00+00:00,78.4,78.996,78.01,78.57,13906.196260410006
2026-01-12 02:00:00+00:00,78.56,79.328,78.39,79.07,17541.003988320004
2026-01-12 03:00:00+00:00,79.08,79.926,78.98,79.15,12777.108784529995
2026-01-12 04:00:00+00:00,79.15,80.036,78.85,79.95,11856.475693949997
2026-01-12 05:00:00+00:00,80.032,80.679,79.78,79.93,17065.84129122
2026-01-12 06:00:00+00:00,79.93,80.11,79.25,79.5,38189.15550726
2026-01-12 07:00:00+00:00,79.49,79.719,78.47,78.49,8164.628436320002
2026-01-12 08:00:00+00:00,78.577,78.9,77.74,78.22,7866.29086052
2026-01-12 09:00:00+00:00,78.283,78.318,77.97,78.09,9246.47056644
2026-01-12 10:00:00+00:00,78.131,78.301,77.21,77.43,8001.340879470002
2026-01-12 11:00:00+00:00,77.42,77.899,77.39,77.52,5465.396565119998
2026-01-12 12:00:00+00:00,77.51,77.571,76.03,76.3,31894.93634074009
2026-01-12 13:00:00+00:00,76.31,76.471,75.54,76.1,15372.051720560004
2026-01-12 14:00:00+00:00,76.11,77.031,75.94,76.82,25483.921510479995
2026-01-12 15:00:00+00:00,76.84,77.379,76.51,77.11,23846.003467299943
2026-01-12 16:00:00+00:00,77.09,77.662,76.59,76.81,18431.80613796
2026-01-12 17:00:00+00:00,76.79,77.061,76.41,76.94,15586.707364779995
2026-01-12 18:00:00+00:00,76.958,76.979,75.86,76.54,13376.165540189995
2026-01-12 19:00:00+00:00,76.53,76.61,75.85,76.16,48050.72863703001
2026-01-12 20:00:00+00:00,76.192,76.65,75.92,76.0,8474.411444709998
2026-01-12 21:00:00+00:00,76.0,76.63,75.871,76.25,17468.75002272
2026-01-12 22:00:00+00:00,76.269,76.68,75.92,75.92,7995.230083400002
2026-01-12 23:00:00+00:00,75.988,76.145,75.81,76.04,8474.18591713
2026-01-13 00:00:00+00:00,76.02,76.285,75.78,75.93,11763.10328959
2026-01-13 01:00:00+00:00,75.93,76.246,75.67,76.18,5970.58794745
2026-01-13 02:00:00+00:00,76.18,76.56,75.79,76.07,8000.625647430001
2026-01-13 03:00:00+00:00,76.06,76.462,75.97,76.13,6654.580201030002
2026-01-13 04:00:00+00:00,76.177,76.572,76.11,76.43,7221.183643149999
2026-01-13 05:00:00+00:00,76.43,76.78,76.2,76.41,8625.897250650001
2026-01-13 06:00:00+00:00,76.41,76.72,76.06,76.61,4977.30544585
2026-01-13 07:00:00+00:00,76.6,77.144,76.31,76.7,15294.00267313999
2026-01-13 08:00:00+00:00,76.71,76.961,75.97,76.521,9671.455707210003
2026-01-13 09:00:00+00:00,76.528,76.757,75.89,76.09,12901.09938559
2026-01-13 10:00:00+00:00,76.128,76.295,75.22,75.52,15450.850643629998
2026-01-13 11:00:00+00:00,75.53,76.448,75.46,76.25,10824.0964908
2026-01-13 12:00:00+00:00,76.25,76.684,76.06,76.66,13930.836030240003
2026-01-13 13:00:00+00:00,76.65,76.847,76.2,76.28,19074.49151587001
2026-01-13 14:00:00+00:00,76.29,77.429,76.04,76.56,20568.16568005
2026-01-13 15:00:00+00:00,76.54,77.06,75.917,77.02,16385.777149489993
2026-01-13 16:00:00+00:00,77.01,77.93,76.87,77.56,24958.03988491
2026-01-13 17:00:00+00:00,77.55,77.63,76.64,76.64,14050.615838689992
2026-01-13 18:00:00+00:00,76.611,76.76,75.873,76.2,16328.700274849996
2026-01-13 19:00:00+00:00,76.21,77.25,76.098,77.25,29794.08519469001
2026-01-13 20:00:00+00:00,77.22,77.48,76.31,76.81,26917.423699049992
2026-01-13 21:00:00+00:00,76.78,77.27,76.395,77.17,14390.606256329997
2026-01-13 22:00:00+00:00,77.17,78.93,76.883,78.38,68676.08909360002
2026-01-13 23:00:00+00:00,78.4,78.9,77.719,78.13,26609.82424215999
2026-01-14 00:00:00+00:00,78.15,78.59,77.583,78.14,26046.96169383
2026-01-14 01:00:00+00:00,78.14,78.8,77.781,78.07,21091.78987687
2026-01-14 02:00:00+00:00,78.07,78.61,77.845,78.2,12255.871190329995
2026-01-14 03:00:00+00:00,78.2,81.52,78.028,79.3,71892.24360355998
2026-01-14 04:00:00+00:00,79.3,79.41,78.161,78.62,31012.22532094
2026-01-14 05:00:00+00:00,78.6,78.91,78.241,78.64,13936.12507546
2026-01-14 06:00:00+00:00,78.64,79.07,78.006,79.02,13101.09545084
2026-01-14 07:00:00+00:00,78.959,79.35,78.82,79.04,10420.772288350005
2026-01-14 08:00:00+00:00,79.03,79.32,78.54,78.78,10556.1270708
2026-01-14 09:00:00+00:00,78.8,79.54,78.66,78.67,22993.132391090014
2026-01-14 10:00:00+00:00,78.67,79.16,78.32,78.33,12622.52222715
2026-01-14 11:00:00+00:00,78.35,78.44,77.7,77.85,11107.54766196
2026-01-14 12:00:00+00:00,77.83,78.84,77.8,78.73,8049.435374369996
2026-01-14 13:00:00+00:00,78.73,79.12,78.389,78.593,17502.418842509993
2026-01-14 14:00:00+00:00,78.58,79.67,78.54,79.24,37386.29418383
2026-01-14 15:00:00+00:00,79.24,80.98,78.898,79.71,66075.32143411001
2026-01-14 16:00:00+00:00,79.72,80.29,79.188,79.36,37029.54042657001
2026-01-14 17:00:00+00:00,79.35,79.5,77.924,78.24,45118.85335720002
2026-01-14 18:00:00+00:00,78.23,78.62,77.46,77.9,37253.27991501002
2026-01-14 19:00:00+00:00,77.91,78.58,77.373,77.53,49974.97468741999
2026-01-14 20:00:00+00:00,77.52,78.03,76.967,77.67,28353.9670588
2026-01-14 21:00:00+00:00,77.66,78.02,77.213,77.63,21021.922031329992
2026-01-14 22:00:00+00:00,77.66,77.95,76.22,76.64,20500.53119744001
2026-01-14 23:00:00+00:00,76.64,77.27,76.077,76.66,39390.70195255999
2026-01-15 00:00:00+00:00,76.68,76.83,75.85,76.24,25104.21888685
2026-01-15 01:00:00+00:00,76.135,76.74,75.568,76.0,24083.30922599
2026-01-15 02:00:00+00:00,75.99,76.25,75.331,75.77,20631.523027169995
2026-01-15 03:00:00+00:00,75.77,75.82,73.0,73.96,74333.18085766007
2026-01-15 04:00:00+00:00,73.95,74.61,73.834,74.37,14968.025965809997
2026-01-15 05:00:00+00:00,74.36,74.76,74.25,74.62,11850.557794399996
2026-01-15 06:00:00+00:00,74.62,74.76,73.973,74.4,15487.17613579
2026-01-15 07:00:00+00:00,74.4,74.81,74.186,74.52,15691.70495328
2026-01-15 08:00:00+00:00,74.53,75.36,74.331,75.18,28105.10666323
2026-01-15 09:00:00+00:00,75.15,76.96,74.58,76.0,37234.49565544002
2026-01-15 10:00:00+00:00,75.99,76.26,75.557,75.78,18253.73110704
2026-01-15 11:00:00+00:00,75.78,75.88,75.241,75.57,12356.053276629991
2026-01-15 12:00:00+00:00,75.579,75.84,75.28,75.77,7161.797373839998
2026-01-15 13:00:00+00:00,75.76,76.12,75.55,75.71,21022.40280299
2026-01-15 14:00:00+00:00,75.71,75.79,74.36,74.82,33443.60236288
2026-01-15 15:00:00+00:00,74.85,75.09,69.64,72.34,107403.29867257028
2026-01-15 16:00:00+00:00,72.238,73.13,71.67,72.95,72716.90316108997
2026-01-15 17:00:00+00:00,72.94,73.35,72.439,72.52,29222.11599344001
2026-01-15 18:00:00+00:00,72.57,72.79,71.638,71.86,30966.21951345
2026-01-15 19:00:00+00:00,71.86,72.18,71.64,72.01,23713.68487864
2026-01-15 20:00:00+00:00,71.983,72.31,71.04,71.76,33874.46532539
2026-01-15 21:00:00+00:00,71.74,72.29,71.712,72.15,19224.04723509
2026-01-15 22:00:00+00:00,72.15,72.54,71.946,72.23,15995.961506210006
2026-01-15 23:00:00+00:00,72.23,72.34,71.96,72.2,13822.877096549995
2026-01-16 00:00:00+00:00,72.2,72.49,71.783,71.92,21514.912687969994
2026-01-16 01:00:00+00:00,71.92,72.11,71.47,71.98,21149.70216038
2026-01-16 02:00:00+00:00,71.97,72.51,71.5,72.49,18388.887315550004
2026-01-16 03:00:00+00:00,72.417,72.6,72.176,72.35,7754.541866829997
2026-01-16 04:00:00+00:00,72.34,72.46,71.217,71.75,30874.134063169982
2026-01-16 05:00:00+00:00,71.75,72.23,71.562,72.09,10983.143922420002
2026-01-16 06:00:00+00:00,72.09,72.25,71.766,72.24,10916.1941424
2026-01-16 07:00:00+00:00,72.158,72.29,71.928,72.18,4126.282799909999
2026-01-16 08:00:00+00:00,72.118,72.69,72.118,72.39,4955.252196890002
2026-01-16 09:00:00+00:00,72.38,72.49,72.04,72.15,5991.076503550001
2026-01-16 10:00:00+00:00,72.072,72.19,71.836,72.07,9913.588774770002
2026-01-16 11:00:00+00:00,72.08,72.89,72.034,72.772,5319.402151409999
2026-01-16 12:00:00+00:00,72.788,72.89,72.254,72.58,5675.05151678
2026-01-16 13:00:00+00:00,72.498,72.58,72.09,72.49,9425.93414721
2026-01-16 14:00:00+00:00,72.47,72.96,72.437,72.677,19906.46441586
2026-01-16 15:00:00+00:00,72.7,72.78,70.8,71.97,56013.32297725003
2026-01-16 16:00:00+00:00,71.96,72.33,71.694,71.81,32994.939465129995
2026-01-16 17:00:00+00:00,71.81,72.57,71.55,72.51,17745.47013394
2026-01-16 18:00:00+00:00,72.53,74.26,72.48,74.2,42924.64994570003
2026-01-16 19:00:00+00:00,74.19,74.79,73.863,74.21,42228.49498556
2026-01-16 20:00:00+00:00,74.23,74.78,73.5,74.563,23864.005406380005
2026-01-16 21:00:00+00:00,74.57,75.1,74.48,75.0,11932.559893
2026-01-16 22:00:00+00:00,75.027,75.569,74.56,75.46,12898.72380242
2026-01-16 23:00:00+00:00,75.49,76.05,75.07,75.185,25840.03970551
2026-01-17 00:00:00+00:00,75.19,75.68,74.722,75.41,16566.198696389998
2026-01-17 01:00:00+00:00,75.398,76.15,74.59,74.77,38720.76650577996
2026-01-17 02:00:00+00:00,74.76,74.77,74.324,74.41,12140.975898529998
2026-01-17 03:00:00+00:00,74.43,74.5,74.11,74.33,7843.117575379997
2026-01-17 04:00:00+00:00,74.32,74.504,73.7,74.48,25090.656286760004
2026-01-17 05:00:00+00:00,74.49,74.87,74.46,74.633,7393.063714919997
2026-01-17 06:00:00+00:00,74.67,74.98,74.36,74.45,9845.83255164
2026-01-17 07:00:00+00:00,74.45,74.8,74.34,74.719,6308.334725770002
2026-01-17 08:00:00+00:00,74.74,75.1,74.68,75.05,9780.337630409998
2026-01-17 09:00:00+00:00,75.08,75.22,74.787,74.81,6290.485990519997
2026-01-17 10:00:00+00:00,74.82,75.03,74.727,74.898,3906.09294986
2026-01-17 11:00:00+00:00,74.9,74.9,74.44,74.47,5453.82001439
2026-01-17 12:00:00+00:00,74.49,74.65,74.05,74.13,6107.548429380002
2026-01-17 13:00:00+00:00,74.14,74.53,73.93,74.48,8938.561172150006
2026-01-17 14:00:00+00:00,74.47,75.064,74.31,74.98,6505.7842742500015
2026-01-17 15:00:00+00:00,74.96,75.12,74.65,74.89,13293.909704010002
2026-01-17 16:00:00+00:00,74.87,74.93,74.35,74.62,7137.029832089998
2026-01-17 17:00:00+00:00,74.605,74.76,74.4,74.65,4687.147071310002
2026-01-17 18:00:00+00:00,74.6,75.0,74.52,74.89,5416.424507630004
2026-01-17 19:00:00+00:00,74.87,75.15,74.78,75.12,7030.28797165
2026-01-17 20:00:00+00:00,75.11,75.33,74.98,75.06,6398.719341239999
2026-01-17 21:00:00+00:00,75.058,75.07,74.77,75.0,6776.929802380001
2026-01-17 22:00:00+00:00,75.0,75.15,74.52,74.73,6921.708234819999
2026-01-17 23:00:00+00:00,74.71,74.9,74.64,74.89,6596.823742280001
2026-01-18 00:00:00+00:00,74.858,75.16,74.687,75.05,15820.280323399998
2026-01-18 01:00:00+00:00,75.06,75.18,74.19,74.49,16258.143108490003
2026-01-18 02:00:00+00:00,74.49,74.74,74.35,74.59,7167.840541160001
2026-01-18 03:00:00+00:00,74.573,75.03,74.47,74.895,13436.3225863
2026-01-18 04:00:00+00:00,74.94,74.95,74.34,74.58,7059.335027529997
2026-01-18 05:00:00+00:00,74.58,75.119,74.53,75.01,8018.558873899999
2026-01-18 06:00:00+00:00,75.0,75.17,74.71,74.87,5496.219167050002
2026-01-18 07:00:00+00:00,74.88,75.02,74.56,74.91,4701.725672399999
2026-01-18 08:00:00+00:00,74.91,75.64,74.75,75.38,19516.838924979995
2026-01-18 09:00:00+00:00,75.393,75.74,75.29,75.68,6535.59824212
2026-01-18 10:00:00+00:00,75.67,75.716,75.13,75.57,9309.578975539996
2026-01-18 11:00:00+00:00,75.58,75.794,75.38,75.45,5077.49330622
2026-01-18 12:00:00+00:00,75.44,75.84,74.97,75.09,11706.685396659994
2026-01-18 13:00:00+00:00,75.1,75.152,74.63,74.81,13966.786223929996
2026-01-18 14:00:00+00:00,74.8,75.1,74.426,74.52,9413.261144539998
2026-01-18 15:00:00+00:00,74.53,74.89,74.311,74.86,6917.127239349999
2026-01-18 16:00:00+00:00,74.84,74.994,74.68,74.93,4192.743504689998
2026-01-18 17:00:00+00:00,74.91,75.24,74.58,75.17,7987.004193649999
2026-01-18 18:00:00+00:00,75.17,75.54,74.92,75.29,15011.566774919998
2026-01-18 19:00:00+00:00,75.29,75.422,75.03,75.09,4558.31248526
2026-01-18 20:00:00+00:00,75.091,75.41,74.96,75.13,9319.107517139995
2026-01-18 21:00:00+00:00,75.11,75.22,74.98,75.09,4508.39518754
2026-01-18 22:00:00+00:00,75.09,75.25,74.925,75.23,4604.7623914900005
2026-01-18 23:00:00+00:00,75.23,75.23,71.92,72.26,46796.037177370046
2026-01-19 00:00:00+00:00,72.24,72.25,66.0,69.41,117092.8173110699
2026-01-19 01:00:00+00:00,69.4,69.98,69.27,69.53,15410.929578399997
2026-01-19 02:00:00+00:00,69.53,70.07,69.43,69.79,16084.06693292
2026-01-19 03:00:00+00:00,69.78,70.316,69.74,70.2,15326.96285103
2026-01-19 04:00:00+00:00,70.2,70.28,69.81,69.91,12476.469196660002
2026-01-19 05:00:00+00:00,69.9,70.24,69.76,70.2,19790.48165314001
2026-01-19 06:00:00+00:00,70.19,70.31,69.83,70.07,13575.02954857
2026-01-19 07:00:00+00:00,70.06,70.61,69.91,70.56,6816.652585930001
2026-01-19 08:00:00+00:00,70.56,71.23,70.117,70.32,21908.57710539
2026-01-19 09:00:00+00:00,70.29,70.37,69.89,70.09,7370.000771410001
2026-01-19 10:00:00+00:00,70.09,70.13,69.84,70.01,13204.492885089992
2026-01-19 11:00:00+00:00,70.03,70.556,69.9,70.19,7773.91757907
2026-01-19 12:00:00+00:00,70.19,70.564,69.99,70.16,5997.017645819999
2026-01-19 13:00:00+00:00,70.17,70.171,69.59,69.99,20811.07443515
2026-01-19 14:00:00+00:00,70.031,70.859,69.89,70.532,17372.439330409998
2026-01-19 15:00:00+00:00,70.5,71.144,70.5,70.66,22054.318980209984
2026-01-19 16:00:00+00:00,70.66,71.05,70.261,70.907,8147.07801846
2026-01-19 17:00:00+00:00,70.907,71.48,70.76,71.08,13718.573666149996
2026-01-19 18:00:00+00:00,71.08,71.568,70.88,71.3,5916.815158250001
2026-01-19 19:00:00+00:00,71.319,71.729,71.25,71.55,5544.188068529998
2026-01-19 20:00:00+00:00,71.565,71.7,71.32,71.372,6583.614426710004
2026-01-19 21:00:00+00:00,71.37,71.466,71.12,71.176,4610.026658039998
2026-01-19 22:00:00+00:00,71.13,71.417,70.68,70.72,8634.61788367
2026-01-19 23:00:00+00:00,70.7,70.95,70.058,70.77,19332.551256689985
2026-01-20 00:00:00+00:00,70.76,70.99,70.66,70.75,8434.603815670001
2026-01-20 01:00:00+00:00,70.75,71.03,70.47,70.48,8294.401267589998
2026-01-20 02:00:00+00:00,70.5,70.589,70.24,70.28,8892.509343709999
2026-01-20 03:00:00+00:00,70.3,70.357,69.98,70.2,7772.38061246
2026-01-20 04:00:00+00:00,70.18,70.488,70.01,70.16,6076.096782680001
2026-01-20 05:00:00+00:00,70.196,70.761,69.89,70.48,12897.350265920004
2026-01-20 06:00:00+00:00,70.511,70.642,69.61,70.04,14323.62010669999
2026-01-20 07:00:00+00:00,70.03,70.437,68.57,69.42,54659.55719088994
2026-01-20 08:00:00+00:00,69.42,69.624,68.88,69.34,19216.00964602
2026-01-20 09:00:00+00:00,69.35,69.583,69.2,69.5,7027.775287309996
2026-01-20 10:00:00+00:00,69.5,69.901,69.33,69.464,5204.968231530001
2026-01-20 11:00:00+00:00,69.4,69.738,69.34,69.37,8922.521211410001
2026-01-20 12:00:00+00:00,69.38,69.765,69.21,69.575,10181.88706451
2026-01-20 13:00:00+00:00,69.52,69.581,68.81,68.92,10500.31322337
2026-01-20 14:00:00+00:00,68.991,70.016,68.92,69.37,21632.1812635
2026-01-20 15:00:00+00:00,69.38,69.494,68.27,68.62,37214.043051880006
2026-01-20 16:00:00+00:00,68.677,69.15,68.01,68.31,18324.42804049
2026-01-20 17:00:00+00:00,68.379,68.879,67.75,68.095,19033.65402175
2026-01-20 18:00:00+00:00,68.05,68.334,67.26,67.63,43762.554688799966
2026-01-20 19:00:00+00:00,67.63,67.938,67.33,67.55,10795.420178969998
2026-01-20 20:00:00+00:00,67.48,67.791,66.97,67.229,53200.05385484008
2026-01-20 21:00:00+00:00,67.12,67.417,66.82,67.09,25569.73823713
2026-01-20 22:00:00+00:00,67.09,67.463,65.75,66.98,27270.489468080006
2026-01-20 23:00:00+00:00,66.96,67.241,66.67,67.04,14837.972911129998
2026-01-21 00:00:00+00:00,67.06,68.279,67.01,68.15,22224.648131870006
2026-01-21 01:00:00+00:00,68.201,68.5,68.05,68.36,11847.92151735
2026-01-21 02:00:00+00:00,68.425,68.905,68.34,68.73,7584.75328789
2026-01-21 03:00:00+00:00,68.73,69.001,68.65,68.79,4478.09669734
2026-01-21 04:00:00+00:00,68.79,69.022,68.68,68.81,4980.267360840002
2026-01-21 05:00:00+00:00,68.8,69.405,68.78,69.11,7643.640322259998
2026-01-21 06:00:00+00:00,69.225,69.255,68.83,68.89,5126.301468080001
2026-01-21 07:00:00+00:00,68.88,69.284,68.73,68.87,5460.101081540001
2026-01-21 08:00:00+00:00,68.87,68.968,68.25,68.36,11722.928636149996
2026-01-21 09:00:00+00:00,68.484,68.63,67.92,68.618,23398.024621400007
2026-01-21 10:00:00+00:00,68.5,68.896,68.4,68.55,3228.3308963900004
2026-01-21 11:00:00+00:00,68.54,68.667,67.91,67.97,14616.600857480002
2026-01-21 12:00:00+00:00,68.089,68.155,67.17,67.85,14411.506928629997
2026-01-21 13:00:00+00:00,67.83,68.093,67.36,67.621,8402.815852999998
2026-01-21 14:00:00+00:00,67.52,68.981,67.48,68.759,16447.431078690002
2026-01-21 15:00:00+00:00,68.61,69.298,68.52,69.09,11703.964316589998
2026-01-21 16:00:00+00:00,69.1,69.17,66.51,66.58,25716.180630090003
2026-01-21 17:00:00+00:00,66.62,67.106,65.97,66.54,28831.957459090016
2026-01-21 18:00:00+00:00,66.53,67.656,66.5,67.354,13966.946283800002
2026-01-21 19:00:00+00:00,67.354,69.28,67.15,69.14,25456.82715272
2026-01-21 20:00:00+00:00,69.14,69.273,68.38,68.89,14838.023903459998
2026-01-21 21:00:00+00:00,68.88,69.444,68.68,69.2,14720.107343499996
2026-01-21 22:00:00+00:00,69.22,69.736,68.86,68.94,8791.547145220002
2026-01-21 23:00:00+00:00,68.95,69.266,68.22,68.42,15514.901643000005
2026-01-22 00:00:00+00:00,68.41,69.317,68.41,69.17,7573.34539143
2026-01-22 01:00:00+00:00,69.17,69.566,69.07,69.43,9180.58112478
2026-01-22 02:00:00+00:00,69.524,69.638,68.9,69.0,11967.046822759994
2026-01-22 03:00:00+00:00,68.98,69.277,68.57,68.682,5991.106035890002
2026-01-22 04:00:00+00:00,68.58,68.974,68.46,68.7,7213.89984663
2026-01-22 05:00:00+00:00,68.69,68.799,68.4,68.59,6433.76301499
2026-01-22 06:00:00+00:00,68.58,68.723,68.25,68.57,10252.188860120004
2026-01-22 07:00:00+00:00,68.58,68.675,67.94,68.35,10072.38049867
2026-01-22 08:00:00+00:00,68.427,68.764,68.16,68.738,8454.051134959998
2026-01-22 09:00:00+00:00,68.67,69.022,68.55,68.938,4159.42686917
2026-01-22 10:00:00+00:00,68.87,68.934,68.61,68.65,4272.60015942
2026-01-22 11:00:00+00:00,68.64,68.759,68.32,68.37,4345.69152651
2026-01-22 12:00:00+00:00,68.37,68.471,68.26,68.32,3957.0165758899993
2026-01-22 13:00:00+00:00,68.32,68.766,68.24,68.48,8746.67141195
2026-01-22 14:00:00+00:00,68.535,68.736,67.65,67.68,10731.698875569997
2026-01-22 15:00:00+00:00,67.66,68.209,67.08,67.96,17923.290091870003
2026-01-22 16:00:00+00:00,67.97,68.371,67.72,68.18,7574.859674999999
2026-01-22 17:00:00+00:00,68.246,68.349,67.7,68.26,10300.194908250003
2026-01-22 18:00:00+00:00,68.315,68.526,67.88,67.92,16872.596261780007
2026-01-22 19:00:00+00:00,67.93,68.422,67.79,68.26,6686.219663389999
2026-01-22 20:00:00+00:00,68.26,68.447,67.79,68.02,7468.279981549998
2026-01-22 21:00:00+00:00,68.03,68.392,67.78,67.91,10055.33200437
2026-01-22 22:00:00+00:00,67.94,68.124,67.71,67.95,8497.996984570002
2026-01-22 23:00:00+00:00,67.98,68.227,67.65,68.14,6340.53593641
2026-01-23 00:00:00+00:00,68.14,68.813,68.06,68.58,5911.129182419999
2026-01-23 01:00:00+00:00,68.59,69.481,68.56,69.42,7434.247912890002
2026-01-23 02:00:00+00:00,69.42,69.57,68.82,68.97,9996.483459680005
2026-01-23 03:00:00+00:00,68.96,69.54,68.94,69.339,13284.916832169994
2026-01-23 04:00:00+00:00,69.26,69.478,69.09,69.29,7536.176385159998
2026-01-23 05:00:00+00:00,69.27,69.369,68.78,68.94,11736.81891184
2026-01-23 06:00:00+00:00,68.92,69.15,68.61,68.67,6040.333020900001
2026-01-23 07:00:00+00:00,68.67,68.852,68.47,68.74,6601.9430406
2026-01-23 08:00:00+00:00,68.73,68.846,68.06,68.2,13239.65332161
2026-01-23 09:00:00+00:00,68.285,68.429,67.97,68.22,4286.944287499999
2026-01-23 10:00:00+00:00,68.19,68.571,68.09,68.17,8244.915574079998
2026-01-23 11:00:00+00:00,68.288,68.589,68.15,68.44,8080.327094
2026-01-23 12:00:00+00:00,68.43,68.594,68.19,68.29,2831.8283374900006
2026-01-23 13:00:00+00:00,68.28,68.44,67.83,67.92,7257.408333970001
2026-01-23 14:00:00+00:00,67.92,68.03,66.9,67.32,18067.793531809995
2026-01-23 15:00:00+00:00,67.34,68.342,67.0,68.17,13408.230377559998
2026-01-23 16:00:00+00:00,68.17,68.629,67.72,68.2,11065.51457367
2026-01-23 17:00:00+00:00,68.19,69.146,67.87,68.54,11404.661528550005
2026-01-23 18:00:00+00:00,68.54,68.955,68.41,68.62,9107.007575609996
2026-01-23 19:00:00+00:00,68.61,68.684,67.7,67.86,14621.99301087
2026-01-23 20:00:00+00:00,67.85,68.053,66.97,67.37,10734.51402725
2026-01-23 21:00:00+00:00,67.34,67.818,67.32,67.507,6385.5772748300005
2026-01-23 22:00:00+00:00,67.4,68.068,67.39,67.98,5027.835300249998
2026-01-23 23:00:00+00:00,67.98,68.146,67.78,67.99,4728.460170959999
2026-01-24 00:00:00+00:00,68.0,68.248,67.82,67.83,6064.043117520003
2026-01-24 01:00:00+00:00,67.82,68.14,67.8,68.02,4097.61695388
2026-01-24 02:00:00+00:00,68.02,68.27,67.99,68.15,3585.92104206
2026-01-24 03:00:00+00:00,68.15,68.686,68.06,68.53,7422.547560850001
2026-01-24 04:00:00+00:00,68.53,68.862,68.46,68.56,6167.16171534
2026-01-24 05:00:00+00:00,68.55,68.698,68.35,68.6,6266.498512149998
2026-01-24 06:00:00+00:00,68.58,68.804,68.51,68.71,2868.84629683
2026-01-24 07:00:00+00:00,68.71,68.876,68.4,68.42,3667.33585336
2026-01-24 08:00:00+00:00,68.41,68.799,68.37,68.56,2740.74671982
2026-01-24 09:00:00+00:00,68.56,68.677,68.35,68.563,2693.692145820001
2026-01-24 10:00:00+00:00,68.564,68.564,68.25,68.3,2200.3602120100004
2026-01-24 11:00:00+00:00,68.32,68.625,68.28,68.494,1827.6244232700003
2026-01-24 12:00:00+00:00,68.41,68.76,68.34,68.52,2786.3644094300003
2026-01-24 13:00:00+00:00,68.53,68.918,68.51,68.57,3609.729456960001
2026-01-24 14:00:00+00:00,68.59,68.863,68.37,68.75,5497.671028160001
2026-01-24 15:00:00+00:00,68.78,68.954,68.14,68.21,7920.407714770002
2026-01-24 16:00:00+00:00,68.19,68.309,67.63,67.72,5568.983333729999
2026-01-24 17:00:00+00:00,67.72,68.219,67.65,67.98,5732.838350189999
2026-01-24 18:00:00+00:00,67.98,68.169,67.84,67.98,4349.919114460001
2026-01-24 19:00:00+00:00,67.96,68.059,67.69,67.72,4122.087006580001
2026-01-24 20:00:00+00:00,67.74,68.105,67.72,67.96,3245.0541866500007
2026-01-24 21:00:00+00:00,67.95,68.137,67.78,67.93,3435.81165369
2026-01-24 22:00:00+00:00,67.93,68.148,67.85,68.09,3734.05415042
2026-01-24 23:00:00+00:00,68.1,68.231,67.97,68.1,4607.311555060001
2026-01-25 00:00:00+00:00,68.1,68.505,68.09,68.43,6512.987120480002
2026-01-25 01:00:00+00:00,68.44,68.595,68.0,68.1,6301.443562420002
2026-01-25 02:00:00+00:00,68.09,68.423,68.06,68.16,4209.923213249999
2026-01-25 03:00:00+00:00,68.225,68.309,67.73,68.05,6348.254945149999
2026-01-25 04:00:00+00:00,68.03,68.443,67.93,68.38,7957.343287099999
2026-01-25 05:00:00+00:00,68.38,68.757,68.28,68.6,3843.3651036800006
2026-01-25 06:00:00+00:00,68.6,68.666,68.26,68.427,4122.117757080001
2026-01-25 07:00:00+00:00,68.35,68.682,68.16,68.56,4714.037789839998
2026-01-25 08:00:00+00:00,68.56,68.939,68.2,68.53,6366.573496099999
2026-01-25 09:00:00+00:00,68.52,69.27,68.38,69.03,9044.6082992
2026-01-25 10:00:00+00:00,69.02,70.337,68.97,69.59,59048.57770763007
2026-01-25 11:00:00+00:00,69.61,70.086,69.29,69.88,13966.05968625
2026-01-25 12:00:00+00:00,69.87,70.086,69.21,69.61,16956.738747889995
2026-01-25 13:00:00+00:00,69.61,70.251,69.48,70.12,6133.15491732
2026-01-25 14:00:00+00:00,70.12,70.275,68.58,68.66,28346.00163517001
2026-01-25 15:00:00+00:00,68.782,69.527,68.58,69.41,12377.518652050005
2026-01-25 16:00:00+00:00,69.4,69.525,67.92,67.93,39881.296009460006
2026-01-25 17:00:00+00:00,67.95,68.161,67.24,67.56,14686.219167949996
2026-01-25 18:00:00+00:00,67.663,67.807,66.64,67.19,19748.66132278
2026-01-25 19:00:00+00:00,67.263,67.344,65.59,65.96,25359.57742038001
2026-01-25 20:00:00+00:00,65.94,66.473,65.16,65.979,24195.945981430017
2026-01-25 21:00:00+00:00,65.88,66.708,65.88,66.63,13367.495090849996
2026-01-25 22:00:00+00:00,66.65,66.911,66.06,66.59,9926.826385570004
2026-01-25 23:00:00+00:00,66.6,67.345,66.24,67.23,13412.420287340005
2026-01-26 00:00:00+00:00,67.24,67.653,66.92,67.54,14503.467822449998
2026-01-26 01:00:00+00:00,67.53,68.129,67.38,67.91,12695.096294080002
2026-01-26 02:00:00+00:00,67.91,68.038,67.58,67.59,6759.805132740003
2026-01-26 03:00:00+00:00,67.61,67.936,67.16,67.33,7695.631633570002
2026-01-26 04:00:00+00:00,67.31,68.103,67.31,67.74,7927.023625070001
2026-01-26 05:00:00+00:00,67.73,67.841,67.44,67.64,10185.10681732
2026-01-26 06:00:00+00:00,67.63,68.009,67.49,67.88,6602.055893959999
2026-01-26 07:00:00+00:00,67.86,68.519,67.71,68.32,8994.121228320002
2026-01-26 08:00:00+00:00,68.33,68.77,68.08,68.18,12504.05350799
2026-01-26 09:00:00+00:00,68.275,68.309,67.78,67.991,7428.756922619999
2026-01-26 10:00:00+00:00,67.91,68.429,67.87,68.28,4101.02086817
2026-01-26 11:00:00+00:00,68.376,68.376,68.15,68.18,2169.34335688
2026-01-26 12:00:00+00:00,68.18,68.582,68.17,68.27,4479.21511913
2026-01-26 13:00:00+00:00,68.28,68.51,68.17,68.426,4774.666237359998
2026-01-26 14:00:00+00:00,68.432,70.0,68.15,69.2,22505.191359220004
2026-01-26 15:00:00+00:00,69.2,69.852,68.61,69.0,25908.59936227001
2026-01-26 16:00:00+00:00,69.0,69.632,68.72,69.31,11029.58838181
2026-01-26 17:00:00+00:00,69.32,69.671,68.59,69.11,12590.22614143
2026-01-26 18:00:00+00:00,69.1,69.93,68.99,69.63,14341.11877357
2026-01-26 19:00:00+00:00,69.64,69.75,68.91,69.04,12708.41537013
2026-01-26 20:00:00+00:00,69.04,69.289,68.7,68.81,7335.93542079
2026-01-26 21:00:00+00:00,68.82,69.807,68.77,69.39,9972.259459
2026-01-26 22:00:00+00:00,69.39,69.811,69.23,69.49,7165.992904620001
2026-01-26 23:00:00+00:00,69.5,70.17,69.36,69.66,11264.98005514
2026-01-27 00:00:00+00:00,69.66,70.086,69.44,69.89,4593.601798820002
2026-01-27 01:00:00+00:00,69.88,70.229,69.59,70.019,9070.358224320002
2026-01-27 02:00:00+00:00,69.82,70.199,69.52,69.66,7467.412929039999
2026-01-27 03:00:00+00:00,69.65,69.951,69.45,69.5,6833.349665380001
2026-01-27 04:00:00+00:00,69.641,69.822,69.36,69.47,7246.963751720001
2026-01-27 05:00:00+00:00,69.47,69.795,69.2,69.55,4140.6367616
2026-01-27 06:00:00+00:00,69.55,69.7,69.08,69.247,4467.64379459
2026-01-27 07:00:00+00:00,69.253,69.329,68.93,69.04,3994.60981754
2026-01-27 08:00:00+00:00,69.04,69.499,68.99,69.465,3362.46773382
2026-01-27 09:00:00+00:00,69.32,69.514,68.99,69.16,3837.54456159
2026-01-27 10:00:00+00:00,69.17,69.349,68.9,69.23,5554.585735259999
2026-01-27 11:00:00+00:00,69.23,69.544,68.92,69.079,11152.81750742
2026-01-27 12:00:00+00:00,68.96,69.151,68.65,68.75,4477.771506260002
2026-01-27 13:00:00+00:00,68.75,68.964,68.54,68.85,3297.07273393
2026-01-27 14:00:00+00:00,68.85,69.797,68.81,69.1,10042.81060827
2026-01-27 15:00:00+00:00,69.216,70.039,69.02,69.86,9120.308089119995
2026-01-27 16:00:00+00:00,69.959,70.246,69.66,70.06,12690.175682300003
2026-01-27 17:00:00+00:00,70.06,70.202,69.0,69.34,25696.16215088
2026-01-27 18:00:00+00:00,69.24,69.873,69.05,69.54,9248.021788710004
2026-01-27 19:00:00+00:00,69.55,69.76,69.24,69.59,7294.524964900001
2026-01-27 20:00:00+00:00,69.56,70.256,69.56,69.99,13094.669854879996
2026-01-27 21:00:00+00:00,69.99,70.19,69.76,70.0,8554.103953119999
2026-01-27 22:00:00+00:00,70.0,70.292,69.85,70.11,7684.105196849997
2026-01-27 23:00:00+00:00,70.14,70.432,69.87,69.94,8660.723312330001
2026-01-28 00:00:00+00:00,69.94,70.261,69.65,69.98,5102.6935490900005
2026-01-28 01:00:00+00:00,69.99,70.127,69.55,69.79,5279.487825339999
2026-01-28 02:00:00+00:00,69.78,69.9,69.52,69.75,6288.319883929999
2026-01-28 03:00:00+00:00,69.74,69.892,69.37,69.555,10730.433155329998
2026-01-28 04:00:00+00:00,69.549,69.622,69.17,69.24,5258.400379730001
2026-01-28 05:00:00+00:00,69.25,69.659,69.1,69.56,7356.918012080002
2026-01-28 06:00:00+00:00,69.56,69.994,69.56,69.83,9462.91979954
2026-01-28 07:00:00+00:00,69.83,69.961,69.42,69.625,4904.1271963300005
2026-01-28 08:00:00+00:00,69.55,69.676,69.24,69.369,7430.700520890002
2026-01-28 09:00:00+00:00,69.375,69.831,69.19,69.811,3030.79567741
2026-01-28 10:00:00+00:00,69.71,69.919,69.47,69.48,3843.53221332
2026-01-28 11:00:00+00:00,69.5,69.976,69.3,69.88,4749.23838059
2026-01-28 12:00:00+00:00,69.86,70.04,69.49,69.64,6170.571985449999
2026-01-28 13:00:00+00:00,69.64,69.973,69.63,69.69,5735.5054337400015
2026-01-28 14:00:00+00:00,69.69,69.749,68.65,68.91,15492.2257286
2026-01-28 15:00:00+00:00,69.015,69.178,68.33,68.93,7264.090727249999
2026-01-28 16:00:00+00:00,68.92,69.409,68.56,69.06,12656.704844290003
2026-01-28 17:00:00+00:00,69.06,69.87,68.78,69.59,10635.02091291
2026-01-28 18:00:00+00:00,69.6,69.723,68.96,69.34,11722.957477789994
2026-01-28 19:00:00+00:00,69.33,69.686,69.12,69.43,18446.656638480003
2026-01-28 20:00:00+00:00,69.42,69.844,69.03,69.12,11360.404067260002
2026-01-28 21:00:00+00:00,69.12,69.54,68.79,69.35,9587.32367604
2026-01-28 22:00:00+00:00,69.36,69.664,69.08,69.58,10514.409729869998
2026-01-28 23:00:00+00:00,69.59,69.746,69.28,69.32,6590.95580967
2026-01-29 00:00:00+00:00,69.31,69.529,68.9,69.08,5660.468824919997
2026-01-29 01:00:00+00:00,69.07,69.28,68.59,68.68,6117.94705161
2026-01-29 02:00:00+00:00,68.68,68.948,68.01,68.18,11112.41016391
2026-01-29 03:00:00+00:00,68.18,68.644,67.84,67.9,7574.263574000002
2026-01-29 04:00:00+00:00,67.987,68.088,67.5,67.96,7631.646516349997
2026-01-29 05:00:00+00:00,68.035,68.194,67.86,67.985,3997.7090113500008
2026-01-29 06:00:00+00:00,67.93,68.329,67.87,68.2,3024.602682849999
2026-01-29 07:00:00+00:00,68.19,68.365,68.02,68.09,5946.612042160001
2026-01-29 08:00:00+00:00,68.06,68.253,67.76,67.87,5201.82505386
2026-01-29 09:00:00+00:00,67.938,68.116,67.81,67.86,4215.838080450002
2026-01-29 10:00:00+00:00,67.85,67.969,67.28,67.42,13217.511272409998
2026-01-29 11:00:00+00:00,67.41,67.614,67.28,67.4,5690.267994450001
2026-01-29 12:00:00+00:00,67.39,67.566,67.0,67.24,5366.318553830002
2026-01-29 13:00:00+00:00,67.21,67.509,67.17,67.42,3916.8070742200007
2026-01-29 14:00:00+00:00,67.509,67.598,66.33,66.478,17376.031754820007
2026-01-29 15:00:00+00:00,66.38,66.497,64.6,65.38,62384.13305612
2026-01-29 16:00:00+00:00,65.37,66.159,64.96,66.02,16068.88335948
2026-01-29 17:00:00+00:00,66.01,66.691,65.5,65.58,25897.91616702999
2026-01-29 18:00:00+00:00,65.57,65.821,64.34,64.42,37861.55241189
2026-01-29 19:00:00+00:00,64.42,65.289,64.34,64.94,16823.374043469998
2026-01-29 20:00:00+00:00,65.006,65.788,64.85,65.741,10385.791928549996
2026-01-29 21:00:00+00:00,65.735,66.109,65.64,65.96,7786.904634160001
2026-01-29 22:00:00+00:00,66.041,66.217,65.84,66.0,5201.645699789999
2026-01-29 23:00:00+00:00,66.02,66.222,65.64,66.15,8770.715777410003
2026-01-30 00:00:00+00:00,66.15,66.465,65.87,66.09,14886.960225389998
2026-01-30 01:00:00+00:00,66.09,66.421,62.72,64.72,47542.45775359002
2026-01-30 02:00:00+00:00,64.7,64.815,63.33,63.86,24728.64374226
2026-01-30 03:00:00+00:00,63.86,64.325,63.71,64.006,10723.68248404
2026-01-30 04:00:00+00:00,63.91,64.753,63.87,64.31,8652.874795
2026-01-30 05:00:00+00:00,64.3,64.68,64.2,64.533,9689.083565420004
2026-01-30 06:00:00+00:00,64.43,64.529,63.01,63.42,10425.92421973
2026-01-30 07:00:00+00:00,63.43,64.511,63.43,64.15,15606.56178397
2026-01-30 08:00:00+00:00,64.342,64.466,63.65,63.87,7040.9294016700005
2026-01-30 09:00:00+00:00,63.87,64.249,63.66,63.97,6656.61379918
2026-01-30 10:00:00+00:00,63.96,64.455,63.8,64.3,4389.274018950001
2026-01-30 11:00:00+00:00,64.29,65.189,64.17,64.89,8314.58080974
2026-01-30 12:00:00+00:00,64.89,65.081,64.25,64.4,5761.14818997
2026-01-30 13:00:00+00:00,64.4,64.625,63.79,64.1,11275.650265350008
2026-01-30 14:00:00+00:00,64.241,65.07,64.09,64.727,15392.617774890005
2026-01-30 15:00:00+00:00,64.62,65.27,64.05,64.73,18433.162914059994
2026-01-30 16:00:00+00:00,64.71,65.47,64.35,64.98,12898.233394390005
2026-01-30 17:00:00+00:00,65.093,65.647,64.64,65.18,13498.10152936
2026-01-30 18:00:00+00:00,65.16,65.705,63.55,65.49,25522.10184975
2026-01-30 19:00:00+00:00,65.5,65.97,65.38,65.749,12838.870407839995
2026-01-30 20:00:00+00:00,65.64,65.71,64.63,64.91,22142.669442340008
2026-01-30 21:00:00+00:00,64.997,65.51,64.83,65.415,12805.37816698
2026-01-30 22:00:00+00:00,65.32,65.487,64.94,65.4,8317.916659000002
2026-01-30 23:00:00+00:00,65.42,65.485,64.96,65.38,6850.104513360003
2026-01-31 00:00:00+00:00,65.37,65.448,65.11,65.14,5219.541978949999
2026-01-31 01:00:00+00:00,65.14,65.417,64.94,65.1,4419.6490913
2026-01-31 02:00:00+00:00,65.153,65.233,64.65,64.95,8894.497783390001
2026-01-31 03:00:00+00:00,64.97,65.15,64.81,64.86,5475.95468907
2026-01-31 04:00:00+00:00,64.86,65.137,64.52,64.56,5992.095326199998
2026-01-31 05:00:00+00:00,64.57,64.691,64.33,64.564,8160.05582902
2026-01-31 06:00:00+00:00,64.567,64.613,63.91,64.255,6491.571194049998
2026-01-31 07:00:00+00:00,64.262,64.378,63.45,63.82,13289.13773851
2026-01-31 08:00:00+00:00,63.907,63.966,62.28,62.95,24617.23429679
2026-01-31 09:00:00+00:00,62.94,63.492,62.83,63.13,8490.21857291
2026-01-31 10:00:00+00:00,63.14,63.589,62.9,63.21,5260.834932
2026-01-31 11:00:00+00:00,63.338,63.404,62.82,62.96,5005.66346304
2026-01-31 12:00:00+00:00,62.95,63.119,62.53,62.65,7667.206764930001
2026-01-31 13:00:00+00:00,62.65,62.798,62.07,62.25,18391.173097759995
2026-01-31 14:00:00+00:00,62.25,62.6,59.35,60.29,93113.53796718002
2026-01-31 15:00:00+00:00,60.27,60.998,60.02,60.13,24946.846138100005
2026-01-31 16:00:00+00:00,60.11,61.15,59.62,59.93,29654.82528218001
2026-01-31 17:00:00+00:00,59.94,60.108,56.63,58.14,70665.91364708004
2026-01-31 18:00:00+00:00,58.1,58.504,54.52,57.69,77222.12486190007
2026-01-31 19:00:00+00:00,57.71,58.624,57.45,58.156,36841.47422813999
2026-01-31 20:00:00+00:00,58.03,58.51,57.35,58.18,31529.62426936999
2026-01-31 21:00:00+00:00,58.18,59.12,57.99,58.8,20395.668481190005
2026-01-31 22:00:00+00:00,58.865,58.88,58.24,58.58,14478.550382360005
2026-01-31 23:00:00+00:00,58.6,59.889,58.54,59.48,38404.01567312999
2026-02-01 00:00:00+00:00,59.48,59.889,59.34,59.62,13141.92524919
2026-02-01 01:00:00+00:00,59.61,59.722,58.96,59.46,9881.44378105
2026-02-01 02:00:00+00:00,59.551,59.954,59.29,59.74,18009.984621280008
2026-02-01 03:00:00+00:00,59.77,59.937,59.44,59.62,7988.303968310004
2026-02-01 04:00:00+00:00,59.64,59.909,59.51,59.51,7504.253047749999
2026-02-01 05:00:00+00:00,59.53,59.707,59.04,59.17,26855.20928505
2026-02-01 06:00:00+00:00,59.244,59.544,58.9,59.288,10883.40756186
2026-02-01 07:00:00+00:00,59.288,59.731,58.87,59.33,8156.964527720001
2026-02-01 08:00:00+00:00,59.33,59.869,59.19,59.46,6835.837539830002
2026-02-01 09:00:00+00:00,59.48,59.787,59.16,59.62,4817.02830027
2026-02-01 10:00:00+00:00,59.64,59.762,58.63,58.67,7881.244179360002
2026-02-01 11:00:00+00:00,58.775,59.429,58.68,59.27,5559.226335790001
2026-02-01 12:00:00+00:00,59.337,59.386,58.78,59.13,7724.811129340002
2026-02-01 13:00:00+00:00,59.13,59.775,59.1,59.3,18829.353422810007
2026-02-01 14:00:00+00:00,59.31,59.67,58.31,59.342,20586.73237023001
2026-02-01 15:00:00+00:00,59.27,59.325,57.55,58.35,31773.766372440004
2026-02-01 16:00:00+00:00,58.38,58.845,57.8,58.33,21750.963270330005
2026-02-01 17:00:00+00:00,58.427,58.721,57.96,58.63,12689.211128520008
2026-02-01 18:00:00+00:00,58.62,59.676,58.62,59.19,16559.16180591
2026-02-01 19:00:00+00:00,59.18,59.347,58.4,58.72,12687.9226708
2026-02-01 20:00:00+00:00,58.71,59.357,58.09,58.66,18047.461812800004
2026-02-01 21:00:00+00:00,58.65,58.945,58.21,58.4,14345.364714859996
2026-02-01 22:00:00+00:00,58.4,59.4,58.36,58.981,13662.138640690004
2026-02-01 23:00:00+00:00,58.85,59.27,57.12,58.44,40625.42707815999
2026-02-02 00:00:00+00:00,58.534,59.561,58.02,59.04,18037.72651178
2026-02-02 01:00:00+00:00,59.06,59.74,58.34,59.25,13341.02144861
2026-02-02 02:00:00+00:00,59.25,59.521,58.63,58.71,10961.62714149
2026-02-02 03:00:00+00:00,58.71,58.847,56.5,58.3,37940.17995210998
2026-02-02 04:00:00+00:00,58.3,58.944,57.4,57.92,15505.079294669998
2026-02-02 05:00:00+00:00,57.93,58.147,56.57,57.12,16976.766076729997
2026-02-02 06:00:00+00:00,57.12,58.67,56.41,58.02,25827.69089364999
2026-02-02 07:00:00+00:00,58.02,58.652,57.85,58.16,16309.81039729
2026-02-02 08:00:00+00:00,58.17,58.898,58.17,58.668,11249.524745749995
2026-02-02 09:00:00+00:00,58.52,59.456,58.21,59.246,20654.78559232
2026-02-02 10:00:00+00:00,59.24,59.558,58.94,59.09,9617.986538070005
2026-02-02 11:00:00+00:00,59.225,59.489,58.98,59.06,13261.819908989995
2026-02-02 12:00:00+00:00,59.07,59.94,59.07,59.73,14720.537665249996
2026-02-02 13:00:00+00:00,59.72,59.903,59.4,59.808,27464.99107073
2026-02-02 14:00:00+00:00,59.71,60.47,59.27,59.9,45847.73215851
2026-02-02 15:00:00+00:00,60.022,61.261,59.76,61.02,37192.92259097
2026-02-02 16:00:00+00:00,61.02,61.232,60.47,60.627,12490.439213239995
2026-02-02 17:00:00+00:00,60.611,60.909,60.06,60.3,12994.354714320005
2026-02-02 18:00:00+00:00,60.392,60.641,59.9,60.3,10061.059550499996
2026-02-02 19:00:00+00:00,60.32,60.479,59.8,59.89,15159.130517570007
2026-02-02 20:00:00+00:00,59.89,60.127,59.4,59.59,16153.52178626
2026-02-02 21:00:00+00:00,59.57,60.014,59.56,59.8,9809.72164514
2026-02-02 22:00:00+00:00,59.79,60.23,59.78,60.04,7502.467686220002
2026-02-02 23:00:00+00:00,60.04,60.195,59.77,59.97,8617.865384520002
2026-02-03 00:00:00+00:00,59.97,60.193,59.56,60.08,9456.56968488
2026-02-03 01:00:00+00:00,60.07,60.193,59.68,59.91,8600.589393350005
2026-02-03 02:00:00+00:00,59.9,60.024,59.01,59.08,9350.011894249998
2026-02-03 03:00:00+00:00,59.07,60.083,58.88,59.93,13035.253638859996
2026-02-03 04:00:00+00:00,59.91,60.361,59.64,60.1,7624.801565619999
2026-02-03 05:00:00+00:00,60.11,60.222,59.64,59.767,6624.57272476
2026-02-03 06:00:00+00:00,59.67,60.299,59.44,60.233,6682.38448839
2026-02-03 07:00:00+00:00,60.13,60.47,59.89,60.301,6733.4356281
2026-02-03 08:00:00+00:00,60.21,60.54,59.94,60.176,8374.071375470001
2026-02-03 09:00:00+00:00,60.175,60.275,59.31,59.69,11619.229715119998
2026-02-03 10:00:00+00:00,59.69,59.988,59.45,59.62,3700.611277070001
2026-02-03 11:00:00+00:00,59.721,60.059,59.6,59.8,5106.93052304
2026-02-03 12:00:00+00:00,59.8,60.251,59.66,60.03,6256.112108239999
2026-02-03 13:00:00+00:00,60.133,60.292,59.79,60.12,5899.605392400001
2026-02-03 14:00:00+00:00,60.12,60.249,59.2,59.21,9474.418545750004
2026-02-03 15:00:00+00:00,59.2,60.527,59.05,60.33,16194.281744319997
2026-02-03 16:00:00+00:00,60.432,60.432,59.25,59.41,15339.688727779996
2026-02-03 17:00:00+00:00,59.45,59.568,58.09,58.09,15442.879171919998
2026-02-03 18:00:00+00:00,58.12,58.462,56.9,56.97,25399.27835235
2026-02-03 19:00:00+00:00,56.97,59.657,56.82,59.23,46269.469321150005
2026-02-03 20:00:00+00:00,59.22,61.464,58.73,61.105,42142.18674642001
2026-02-03 21:00:00+00:00,60.94,61.394,59.91,60.06,17241.47225603
2026-02-03 22:00:00+00:00,60.199,60.23,59.37,59.46,11476.494474020004
2026-02-03 23:00:00+00:00,59.44,59.703,59.03,59.41,20854.829106
2026-02-04 00:00:00+00:00,59.39,60.184,59.14,59.77,11712.275185810004
2026-02-04 01:00:00+00:00,59.902,60.554,59.78,60.22,10332.81938247
2026-02-04 02:00:00+00:00,60.21,60.409,59.78,59.96,7886.47489149
2026-02-04 03:00:00+00:00,59.95,60.837,59.86,60.67,10684.061862200004
2026-02-04 04:00:00+00:00,60.68,61.005,60.43,60.53,10810.13383404
2026-02-04 05:00:00+00:00,60.53,60.698,59.98,60.13,6958.30926524
2026-02-04 06:00:00+00:00,60.11,60.848,60.07,60.686,9156.14947265
2026-02-04 07:00:00+00:00,60.68,61.054,60.36,60.71,17262.403342290003
2026-02-04 08:00:00+00:00,60.73,60.91,60.43,60.75,9378.94669929
2026-02-04 09:00:00+00:00,60.75,60.9,60.21,60.32,5813.276630460001
2026-02-04 10:00:00+00:00,60.477,60.53,60.16,60.23,4308.917953389999
2026-02-04 11:00:00+00:00,60.364,60.364,59.57,60.01,7418.651672700001
2026-02-04 12:00:00+00:00,60.01,60.225,59.67,59.97,9127.92869597
2026-02-04 13:00:00+00:00,59.93,60.055,59.12,59.27,10125.20370454
2026-02-04 14:00:00+00:00,59.265,59.709,58.28,58.33,21916.18772174
2026-02-04 15:00:00+00:00,58.32,59.005,57.54,58.08,27532.94626222001
2026-02-04 16:00:00+00:00,58.09,58.416,57.28,57.906,27794.336623449988
2026-02-04 17:00:00+00:00,57.8,58.239,56.95,57.851,30485.82656892998
2026-02-04 18:00:00+00:00,57.66,59.157,57.02,58.501,34990.17836940999
2026-02-04 19:00:00+00:00,58.506,59.678,58.32,59.36,24854.642338440008
2026-02-04 20:00:00+00:00,59.36,59.59,58.79,58.89,11912.68924203
2026-02-04 21:00:00+00:00,58.91,59.209,58.12,58.56,10010.75235905
2026-02-04 22:00:00+00:00,58.56,59.519,57.68,58.24,15370.529589499996
2026-02-04 23:00:00+00:00,58.22,59.248,58.13,58.76,19357.79321559001
2026-02-05 00:00:00+00:00,58.77,59.339,58.52,58.99,10802.650752760002
2026-02-05 01:00:00+00:00,58.98,59.54,58.32,58.78,22682.451598630003
2026-02-05 02:00:00+00:00,58.77,59.324,58.09,58.18,20624.048972010005
2026-02-05 03:00:00+00:00,58.18,58.779,57.93,58.13,15985.958000330002
2026-02-05 04:00:00+00:00,58.12,58.552,57.75,58.14,20956.562161250004
2026-02-05 05:00:00+00:00,57.97,58.67,57.41,58.08,13715.48104419
2026-02-05 06:00:00+00:00,58.246,58.293,57.27,57.6,10565.210152370002
2026-02-05 07:00:00+00:00,57.58,58.328,57.44,57.694,10888.320660760004
2026-02-05 08:00:00+00:00,57.698,58.426,57.51,57.89,8769.828805430001
2026-02-05 09:00:00+00:00,57.9,58.67,57.88,58.02,6828.477309170001
2026-02-05 10:00:00+00:00,58.191,58.244,56.6,56.74,10463.775862559998
2026-02-05 11:00:00+00:00,56.73,57.215,55.61,56.4,18663.082435590004
2026-02-05 12:00:00+00:00,56.39,56.843,55.45,55.81,25635.639734209995
2026-02-05 13:00:00+00:00,55.84,56.346,55.41,55.63,15855.695396450004
2026-02-05 14:00:00+00:00,55.63,57.219,55.63,56.01,19931.40846163
2026-02-05 15:00:00+00:00,56.01,56.345,52.57,53.85,102526.41371598002
2026-02-05 16:00:00+00:00,53.85,55.009,53.32,54.33,43930.66407585999
2026-02-05 17:00:00+00:00,54.34,54.625,52.56,52.97,52473.55331560002
2026-02-05 18:00:00+00:00,52.98,53.66,52.15,53.33,36895.00408035999
2026-02-05 19:00:00+00:00,53.32,53.564,52.18,52.32,24483.73075336
2026-02-05 20:00:00+00:00,52.33,52.897,50.09,50.71,80500.99424272001
2026-02-05 21:00:00+00:00,50.73,52.003,50.23,50.9,76349.06473371004
2026-02-05 22:00:00+00:00,50.92,52.177,50.28,51.48,39357.74234616
2026-02-05 23:00:00+00:00,51.47,52.68,50.52,50.71,46729.78348895001
2026-02-06 00:00:00+00:00,50.69,51.079,45.06,49.64,149458.53577862988
2026-02-06 01:00:00+00:00,49.63,51.11,49.47,50.86,45956.01683650999
2026-02-06 02:00:00+00:00,50.972,51.37,49.7,49.92,32685.30872305
2026-02-06 03:00:00+00:00,50.017,50.44,49.49,50.04,21920.594509210005
2026-02-06 04:00:00+00:00,50.01,51.033,49.79,50.916,19076.86352477
2026-02-06 05:00:00+00:00,50.82,52.532,50.75,52.24,16130.60598377
2026-02-06 06:00:00+00:00,52.24,52.6,50.93,51.02,18783.54888824
2026-02-06 07:00:00+00:00,51.05,51.464,50.56,50.91,16404.390900660004
2026-02-06 08:00:00+00:00,51.023,51.296,50.48,50.77,16209.25087123
2026-02-06 09:00:00+00:00,50.866,51.987,50.66,51.69,16840.968718
2026-02-06 10:00:00+00:00,51.792,52.33,51.44,52.15,16276.74178752
2026-02-06 11:00:00+00:00,52.14,52.654,52.04,52.57,16005.899886780004
2026-02-06 12:00:00+00:00,52.47,52.614,52.05,52.52,11634.372323479998
2026-02-06 13:00:00+00:00,52.52,53.636,52.48,53.36,24441.87933684
2026-02-06 14:00:00+00:00,53.432,54.67,53.0,54.28,31719.030846419984
2026-02-06 15:00:00+00:00,54.29,54.612,53.79,54.37,25599.815278999995
2026-02-06 16:00:00+00:00,54.36,55.739,54.16,55.28,29026.14645767999
2026-02-06 17:00:00+00:00,55.26,56.47,55.09,55.58,36427.37202804
2026-02-06 18:00:00+00:00,55.56,55.714,54.48,54.79,35491.595456109986
2026-02-06 19:00:00+00:00,54.81,55.353,54.41,55.274,21871.66999406
2026-02-06 20:00:00+00:00,55.14,55.68,54.62,54.91,22716.049498230008
2026-02-06 21:00:00+00:00,54.93,55.226,54.62,55.01,12301.054034529996
2026-02-06 22:00:00+00:00,55.03,55.832,54.89,55.44,12076.731091120004
2026-02-06 23:00:00+00:00,55.614,55.729,54.95,54.99,11793.366030359995
2026-02-07 00:00:00+00:00,54.97,55.086,54.19,54.53,18648.69564401
2026-02-07 01:00:00+00:00,54.51,54.948,54.15,54.8,12210.42657455
2026-02-07 02:00:00+00:00,54.886,54.923,54.41,54.68,9007.814430709996
2026-02-07 03:00:00+00:00,54.66,55.139,54.58,54.932,13018.602039820003
2026-02-07 04:00:00+00:00,54.85,55.419,54.53,54.67,15263.235610550004
2026-02-07 05:00:00+00:00,54.715,55.004,54.43,54.57,9468.005704089996
2026-02-07 06:00:00+00:00,54.56,54.849,53.76,53.77,14765.99289603
2026-02-07 07:00:00+00:00,53.77,54.036,52.83,53.6,21350.18179537
2026-02-07 08:00:00+00:00,53.59,54.11,53.49,53.84,9876.500805540005
2026-02-07 09:00:00+00:00,53.84,54.095,52.87,53.23,23596.57516582001
2026-02-07 10:00:00+00:00,53.22,53.491,53.01,53.376,7192.288835999999
2026-02-07 11:00:00+00:00,53.28,53.426,53.02,53.18,15913.408712379998
2026-02-07 12:00:00+00:00,53.271,54.613,53.12,54.07,14293.414327119996
2026-02-07 13:00:00+00:00,54.07,54.335,53.75,54.121,8112.098514120002
2026-02-07 14:00:00+00:00,54.04,54.286,53.56,53.71,10498.184990049998
2026-02-07 15:00:00+00:00,53.73,54.665,53.65,54.33,9427.383452300002
2026-02-07 16:00:00+00:00,54.34,55.67,54.1,54.83,59488.67043872002
2026-02-07 17:00:00+00:00,54.83,55.22,54.59,55.06,9098.85000858
2026-02-07 18:00:00+00:00,55.06,56.082,55.05,55.73,7678.652155100002
2026-02-07 19:00:00+00:00,55.72,55.81,55.35,55.503,7360.303195170004
2026-02-07 20:00:00+00:00,55.43,55.965,55.3,55.8,6931.8113730800005
2026-02-07 21:00:00+00:00,55.82,55.959,55.39,55.47,6526.669526050001
2026-02-07 22:00:00+00:00,55.54,55.712,55.3,55.44,5206.90443186
2026-02-07 23:00:00+00:00,55.45,55.528,54.97,55.17,6484.847755090002
2026-02-08 00:00:00+00:00,55.19,55.292,54.9,55.07,4164.923856509998
2026-02-08 01:00:00+00:00,55.12,55.46,55.03,55.31,8326.45581637
2026-02-08 02:00:00+00:00,55.396,55.611,54.96,55.14,6430.679174180001
2026-02-08 03:00:00+00:00,55.14,55.335,54.93,55.01,5452.3493461100015
2026-02-08 04:00:00+00:00,55.0,55.45,54.87,55.34,6910.463189920001
2026-02-08 05:00:00+00:00,55.35,55.436,55.12,55.19,4299.951010350001
2026-02-08 06:00:00+00:00,55.269,55.411,54.99,55.07,3726.18091208
2026-02-08 07:00:00+00:00,55.07,55.157,54.76,55.0,5790.230469589999
2026-02-08 08:00:00+00:00,55.036,55.834,54.84,55.64,10948.842634079998
2026-02-08 09:00:00+00:00,55.65,55.728,55.17,55.25,3474.6183855500003
2026-02-08 10:00:00+00:00,55.344,55.604,54.84,55.023,5960.001711699998
2026-02-08 11:00:00+00:00,54.95,55.598,54.89,55.44,5433.31402574
2026-02-08 12:00:00+00:00,55.45,55.52,54.91,55.24,6250.95862753
2026-02-08 13:00:00+00:00,55.22,55.626,55.04,55.27,12251.398572769998
2026-02-08 14:00:00+00:00,55.28,55.509,55.14,55.33,5775.40835792
2026-02-08 15:00:00+00:00,55.31,55.478,54.68,54.925,10002.996126930002
2026-02-08 16:00:00+00:00,54.85,54.993,53.61,53.86,9743.44753661
2026-02-08 17:00:00+00:00,53.85,54.476,53.83,54.38,7037.080717330001
2026-02-08 18:00:00+00:00,54.441,54.992,54.38,54.796,6709.589313610001
2026-02-08 19:00:00+00:00,54.8,55.051,54.69,54.93,8236.009707850002
2026-02-08 20:00:00+00:00,54.984,55.019,54.31,54.36,8781.951445950004
2026-02-08 21:00:00+00:00,54.36,54.535,53.94,54.07,8193.75007535
2026-02-08 22:00:00+00:00,54.158,54.57,54.1,54.5,6619.437686139997
2026-02-08 23:00:00+00:00,54.51,55.5,54.02,54.49,15034.902571479995
2026-02-09 00:00:00+00:00,54.5,54.716,54.14,54.43,5771.193642629999
2026-02-09 01:00:00+00:00,54.42,54.924,54.07,54.38,7816.617158509998
2026-02-09 02:00:00+00:00,54.37,54.968,54.14,54.62,4457.591767289999
2026-02-09 03:00:00+00:00,54.62,55.048,54.38,54.91,6168.35003447
2026-02-09 04:00:00+00:00,54.91,55.0,54.65,54.75,5773.323172830001
2026-02-09 05:00:00+00:00,54.821,55.02,54.65,54.86,4857.674408979999
2026-02-09 06:00:00+00:00,54.84,54.905,54.06,54.38,4533.444546729999
2026-02-09 07:00:00+00:00,54.37,54.521,54.0,54.03,4615.15963115
2026-02-09 08:00:00+00:00,54.02,54.125,53.23,53.42,8444.02171806
2026-02-09 09:00:00+00:00,53.4,53.573,53.07,53.289,7779.48421345
2026-02-09 10:00:00+00:00,53.2,53.459,52.32,52.42,7951.74870551
2026-02-09 11:00:00+00:00,52.518,53.085,52.44,53.018,4678.627927340001
2026-02-09 12:00:00+00:00,52.96,53.468,52.91,53.28,7053.800035050001
2026-02-09 13:00:00+00:00,53.3,53.641,53.17,53.2,10617.3932389
2026-02-09 14:00:00+00:00,53.22,54.068,53.18,53.829,13891.86637549
2026-02-09 15:00:00+00:00,53.76,54.395,53.46,54.38,9548.263991120004
2026-02-09 16:00:00+00:00,54.36,54.863,53.9,54.42,12740.73877006
2026-02-09 17:00:00+00:00,54.39,55.07,54.09,54.84,14220.477189909994
2026-02-09 18:00:00+00:00,54.84,55.008,54.26,54.68,12168.013596630002
2026-02-09 19:00:00+00:00,54.67,55.104,54.58,54.95,9255.70298901
2026-02-09 20:00:00+00:00,54.94,55.131,54.71,54.95,9174.62087121
2026-02-09 21:00:00+00:00,54.93,55.011,54.18,54.76,13107.925969980004
2026-02-09 22:00:00+00:00,54.77,54.892,54.45,54.58,4931.3585721300005
2026-02-09 23:00:00+00:00,54.56,54.781,54.32,54.42,4824.129124849999
2026-02-10 00:00:00+00:00,54.499,54.609,54.15,54.27,5769.529285209999
2026-02-10 01:00:00+00:00,54.28,54.679,54.23,54.5,5789.755470289999
2026-02-10 02:00:00+00:00,54.49,54.539,54.24,54.384,4904.466352350004
2026-02-10 03:00:00+00:00,54.33,54.418,53.51,53.93,9925.28242406
2026-02-10 04:00:00+00:00,53.979,54.217,53.88,54.1,5229.4304094300005
2026-02-10 05:00:00+00:00,54.195,54.195,53.54,53.73,6238.135335239999
2026-02-10 06:00:00+00:00,53.71,53.844,52.93,53.169,10843.27080197
2026-02-10 07:00:00+00:00,53.171,53.519,53.02,53.12,5103.986485539999
2026-02-10 08:00:00+00:00,53.13,53.567,53.12,53.561,7879.30767139
2026-02-10 09:00:00+00:00,53.556,53.719,53.26,53.39,4661.911210280001
2026-02-10 10:00:00+00:00,53.4,53.603,53.16,53.17,1789.98777824
2026-02-10 11:00:00+00:00,53.245,53.459,53.02,53.06,3965.352371079999
2026-02-10 12:00:00+00:00,53.121,53.297,52.8,52.88,6071.8071034800005
2026-02-10 13:00:00+00:00,52.88,53.408,52.79,53.33,6062.41478745
2026-02-10 14:00:00+00:00,53.388,53.8,52.89,53.2,9825.38128388
2026-02-10 15:00:00+00:00,53.19,53.644,53.05,53.34,10087.976231439996
2026-02-10 16:00:00+00:00,53.35,53.748,53.16,53.38,8445.079940419999
2026-02-10 17:00:00+00:00,53.448,53.972,53.15,53.74,10345.97359677
2026-02-10 18:00:00+00:00,53.74,53.861,52.84,53.05,11286.24766717
2026-02-10 19:00:00+00:00,53.05,53.453,52.86,53.26,7250.163733289999
2026-02-10 20:00:00+00:00,53.27,53.482,53.11,53.27,7902.954563399999
2026-02-10 21:00:00+00:00,53.26,53.44,52.97,53.177,6678.103253259998
2026-02-10 22:00:00+00:00,53.11,53.433,53.11,53.18,5754.331117289999
2026-02-10 23:00:00+00:00,53.2,53.453,53.13,53.34,4382.310631290001
2026-02-11 00:00:00+00:00,53.33,53.572,53.2,53.45,6099.57110313
2026-02-11 01:00:00+00:00,53.46,53.613,53.27,53.54,7223.40453453
2026-02-11 02:00:00+00:00,53.48,53.748,53.28,53.3,5289.0103400100015
2026-02-11 03:00:00+00:00,53.3,53.469,52.8,53.1,8009.985888829995
2026-02-11 04:00:00+00:00,53.08,53.247,52.43,52.682,11134.533365119994
2026-02-11 05:00:00+00:00,52.62,52.877,52.44,52.5,4342.534772110001
2026-02-11 06:00:00+00:00,52.49,52.623,51.85,52.17,11419.2348524
2026-02-11 07:00:00+00:00,52.147,52.311,51.92,52.02,5805.9446822400005
2026-02-11 08:00:00+00:00,52.04,52.134,51.81,52.029,8117.123457269998
2026-02-11 09:00:00+00:00,51.94,52.343,51.92,52.107,4618.50892439
2026-02-11 10:00:00+00:00,52.06,52.13,51.59,51.802,9755.548558199998
2026-02-11 11:00:00+00:00,51.73,52.166,51.64,52.11,5021.173173360001
2026-02-11 12:00:00+00:00,52.11,52.542,52.05,52.23,6615.21927257
2026-02-11 13:00:00+00:00,52.295,52.58,51.94,52.52,12097.996377440002
2026-02-11 14:00:00+00:00,52.52,53.516,51.51,51.72,17571.762658789994
2026-02-11 15:00:00+00:00,51.72,51.997,50.99,51.23,17419.092075560002
2026-02-11 16:00:00+00:00,51.23,52.108,51.14,51.22,8600.96063177
2026-02-11 17:00:00+00:00,51.22,51.98,51.09,51.64,15474.470462029994
2026-02-11 18:00:00+00:00,51.65,52.595,51.41,52.409,11524.559946740002
2026-02-11 19:00:00+00:00,52.33,52.569,52.09,52.19,12076.999162489996
2026-02-11 20:00:00+00:00,52.289,52.423,51.89,52.22,10744.57836026
2026-02-11 21:00:00+00:00,52.24,52.96,52.13,52.61,9297.449867809994
2026-02-11 22:00:00+00:00,52.63,52.779,52.23,52.32,4826.351417839998
2026-02-11 23:00:00+00:00,52.405,52.554,51.93,52.28,8665.14836594
2026-02-12 00:00:00+00:00,52.29,52.959,52.29,52.66,4982.1209578900025
2026-02-12 01:00:00+00:00,52.71,53.17,52.68,52.81,5462.093184909999
2026-02-12 02:00:00+00:00,52.902,52.968,52.58,52.788,5154.18350559
2026-02-12 03:00:00+00:00,52.793,52.903,52.55,52.84,4919.311357299998
2026-02-12 04:00:00+00:00,52.899,53.052,52.68,52.79,5941.240769699997
2026-02-12 05:00:00+00:00,52.78,53.015,52.57,52.978,5758.870546760001
2026-02-12 06:00:00+00:00,52.92,53.4,52.89,53.27,4761.7094455
2026-02-12 07:00:00+00:00,53.17,53.331,52.97,53.29,5251.381188029999
2026-02-12 08:00:00+00:00,53.27,53.535,53.06,53.19,3368.97224067
2026-02-12 09:00:00+00:00,53.292,53.847,53.09,53.46,5897.776635619999
2026-02-12 10:00:00+00:00,53.534,53.829,53.25,53.72,3662.313124319999
2026-02-12 11:00:00+00:00,53.72,53.803,53.33,53.428,3954.420485599999
2026-02-12 12:00:00+00:00,53.423,53.478,52.86,52.98,5286.92467727
2026-02-12 13:00:00+00:00,52.98,53.4,52.72,53.28,6230.664459279999
2026-02-12 14:00:00+00:00,53.344,53.556,52.95,53.19,7499.519521479998
2026-02-12 15:00:00+00:00,53.21,53.44,52.7,52.83,7691.958620999998
2026-02-12 16:00:00+00:00,52.84,52.916,51.5,51.769,11974.080328949996
2026-02-12 17:00:00+00:00,51.69,52.255,51.51,51.6,10433.9059031
2026-02-12 18:00:00+00:00,51.6,52.246,51.52,52.02,11311.66414384
2026-02-12 19:00:00+00:00,52.02,52.811,51.75,52.34,6894.731145400002
2026-02-12 20:00:00+00:00,52.37,52.602,51.77,51.92,4739.393795629999
2026-02-12 21:00:00+00:00,51.93,52.498,51.91,52.28,6130.276232830002
2026-02-12 22:00:00+00:00,52.26,52.953,52.19,52.85,6732.8156270300005
2026-02-12 23:00:00+00:00,52.86,53.335,52.78,53.11,11367.62884646
2026-02-13 00:00:00+00:00,53.1,53.374,52.73,52.999,4379.47484079
2026-02-13 01:00:00+00:00,53.009,53.377,52.89,53.08,4035.316575279999
2026-02-13 02:00:00+00:00,53.08,53.286,52.81,53.12,9221.19885585
2026-02-13 03:00:00+00:00,53.13,53.289,52.9,53.119,5401.730404819999
2026-02-13 04:00:00+00:00,53.03,53.136,52.79,52.92,5991.121550199999
2026-02-13 05:00:00+00:00,52.91,53.048,52.56,52.686,2596.1896005100007
2026-02-13 06:00:00+00:00,52.57,52.869,52.32,52.79,4517.93957541
2026-02-13 07:00:00+00:00,52.78,53.124,52.66,52.81,6982.157932850002
2026-02-13 08:00:00+00:00,52.79,53.472,52.77,53.33,4257.881806429999
2026-02-13 09:00:00+00:00,53.32,53.422,53.1,53.23,4064.00077051
2026-02-13 10:00:00+00:00,53.23,53.571,53.14,53.34,3027.640809310001
2026-02-13 11:00:00+00:00,53.35,53.6,53.09,53.52,7053.94775591
2026-02-13 12:00:00+00:00,53.586,53.616,53.22,53.44,3569.55618908
2026-02-13 13:00:00+00:00,53.44,53.787,53.21,53.725,7709.6523144799985
2026-02-13 14:00:00+00:00,53.722,54.09,52.93,53.74,14862.410164830006
2026-02-13 15:00:00+00:00,53.75,54.88,53.65,54.34,21653.82884951999
2026-02-13 16:00:00+00:00,54.35,55.6,54.22,55.09,12597.367028780003
2026-02-13 17:00:00+00:00,55.1,55.188,54.76,54.78,9768.71018648
2026-02-13 18:00:00+00:00,54.77,55.129,54.57,54.96,6167.970697879998
2026-02-13 19:00:00+00:00,54.93,55.3,54.87,55.09,10687.869739859996
2026-02-13 20:00:00+00:00,55.09,55.426,54.92,55.34,11570.84619745
2026-02-13 21:00:00+00:00,55.34,55.738,55.29,55.607,17084.218299729997
2026-02-13 22:00:00+00:00,55.55,55.738,55.14,55.26,8062.115415610003
2026-02-13 23:00:00+00:00,55.315,55.321,55.0,55.03,6264.574038199999
2026-02-14 00:00:00+00:00,55.0,55.483,54.85,55.38,10448.10429272
2026-02-14 01:00:00+00:00,55.36,55.439,55.19,55.33,4555.77358643
2026-02-14 02:00:00+00:00,55.371,55.426,55.11,55.15,3631.615230270001
2026-02-14 03:00:00+00:00,55.15,55.421,55.07,55.31,4048.105096580001
2026-02-14 04:00:00+00:00,55.32,55.347,55.11,55.26,3932.80430467
2026-02-14 05:00:00+00:00,55.281,55.446,55.09,55.17,6442.255820280003
2026-02-14 06:00:00+00:00,55.17,55.224,54.95,55.09,3097.7683789000007
2026-02-14 07:00:00+00:00,55.09,55.396,55.05,55.28,4001.5080156000017
2026-02-14 08:00:00+00:00,55.27,55.8,55.24,55.64,7972.058176289997
2026-02-14 09:00:00+00:00,55.62,55.734,55.52,55.61,2113.46784601
2026-02-14 10:00:00+00:00,55.657,55.657,55.3,55.33,3042.019777049999
2026-02-14 11:00:00+00:00,55.33,55.95,55.26,55.76,5887.509217760001
2026-02-14 12:00:00+00:00,55.76,55.791,55.23,55.32,6722.974895449999
2026-02-14 13:00:00+00:00,55.26,55.431,55.01,55.377,4063.765417350001
2026-02-14 14:00:00+00:00,55.36,56.364,55.29,56.19,12173.863080300003
2026-02-14 15:00:00+00:00,56.2,56.32,55.82,56.09,11346.703870570012
2026-02-14 16:00:00+00:00,56.11,56.55,55.85,56.43,6338.574694120002
2026-02-14 17:00:00+00:00,56.43,56.643,55.91,55.94,20131.397673530013
2026-02-14 18:00:00+00:00,55.91,56.247,55.77,56.11,6008.57892623
2026-02-14 19:00:00+00:00,56.07,56.5,55.84,56.35,9793.30166466
2026-02-14 20:00:00+00:00,56.34,56.51,55.92,56.28,6686.898894499998
2026-02-14 21:00:00+00:00,56.26,56.621,55.88,56.17,9262.374961910002
2026-02-14 22:00:00+00:00,56.16,56.481,56.09,56.29,8961.94380271
2026-02-14 23:00:00+00:00,56.31,56.43,55.91,55.96,10336.43167248999
2026-02-15 00:00:00+00:00,55.97,56.04,55.43,55.74,12603.295380590002
2026-02-15 01:00:00+00:00,55.72,56.03,55.39,55.87,6025.574823289998
2026-02-15 02:00:00+00:00,55.85,56.031,55.41,55.78,6693.109889810001
2026-02-15 03:00:00+00:00,55.77,55.999,55.17,55.86,8279.275460800003
2026-02-15 04:00:00+00:00,55.84,56.47,55.84,56.012,6746.70815657
2026-02-15 05:00:00+00:00,56.012,56.341,55.93,56.261,7392.733853869993
2026-02-15 06:00:00+00:00,56.24,56.392,55.91,56.01,6916.991439729998
2026-02-15 07:00:00+00:00,56.051,56.67,55.97,56.47,7098.09959187
2026-02-15 08:00:00+00:00,56.48,56.578,55.31,55.74,10131.360590579994
2026-02-15 09:00:00+00:00,55.76,56.369,55.66,56.18,4179.923314569999
2026-02-15 10:00:00+00:00,56.235,56.235,55.64,55.98,4243.24777828
2026-02-15 11:00:00+00:00,55.98,56.256,55.79,55.88,7949.960688859999
2026-02-15 12:00:00+00:00,55.937,55.993,54.74,54.829,7618.319898700001
2026-02-15 13:00:00+00:00,54.79,55.321,54.3,54.42,10183.62904357
2026-02-15 14:00:00+00:00,54.42,55.106,54.42,55.05,8740.521790920002
2026-02-15 15:00:00+00:00,55.04,55.286,54.99,55.03,3638.314084369999
2026-02-15 16:00:00+00:00,55.04,55.303,54.68,55.16,9393.559808319997
2026-02-15 17:00:00+00:00,55.17,55.347,54.3,54.74,7882.318111029998
2026-02-15 18:00:00+00:00,54.72,54.858,54.3,54.48,14202.33704543
2026-02-15 19:00:00+00:00,54.46,54.894,54.17,54.5,24565.538355830005
2026-02-15 20:00:00+00:00,54.542,54.663,54.26,54.56,5674.29953722
2026-02-15 21:00:00+00:00,54.56,54.954,54.54,54.79,5196.927393949999
2026-02-15 22:00:00+00:00,54.78,55.155,54.71,55.06,7734.42061361
2026-02-15 23:00:00+00:00,55.05,55.137,54.54,55.05,8979.017156970003
2026-02-16 00:00:00+00:00,55.05,55.365,54.87,55.13,4013.986784700001
2026-02-16 01:00:00+00:00,55.19,55.389,54.87,55.11,3721.31124718
2026-02-16 02:00:00+00:00,55.1,55.258,54.34,54.44,5504.147429139999
2026-02-16 03:00:00+00:00,54.45,54.629,54.29,54.47,6474.359207329997
2026-02-16 04:00:00+00:00,54.45,54.772,54.36,54.69,5327.826634169999
2026-02-16 05:00:00+00:00,54.67,54.755,53.74,53.94,6623.376154569999
2026-02-16 06:00:00+00:00,53.86,54.234,53.75,54.168,4366.45007684
2026-02-16 07:00:00+00:00,54.165,54.351,53.94,54.18,3821.504976530001
2026-02-16 08:00:00+00:00,54.219,54.55,54.08,54.43,4563.414150709999
2026-02-16 09:00:00+00:00,54.43,54.731,54.39,54.53,9334.708243269995
2026-02-16 10:00:00+00:00,54.5,54.607,54.17,54.277,1629.903937
2026-02-16 11:00:00+00:00,54.2,54.353,53.37,53.89,4645.298652949998
2026-02-16 12:00:00+00:00,53.9,54.734,53.76,54.64,7618.032820930005
2026-02-16 13:00:00+00:00,54.65,54.947,53.71,53.964,11308.403317839997
2026-02-16 14:00:00+00:00,53.959,54.667,53.81,54.357,4942.002100289998
2026-02-16 15:00:00+00:00,54.26,54.56,53.35,53.59,7187.930317509999
2026-02-16 16:00:00+00:00,53.59,54.058,53.31,53.54,7191.377915279999
2026-02-16 17:00:00+00:00,53.53,53.97,53.47,53.825,3951.4652316399993
2026-02-16 18:00:00+00:00,53.73,54.135,53.72,53.93,8071.369906190003
2026-02-16 19:00:00+00:00,53.93,54.396,53.8,54.279,3642.81998923
2026-02-16 20:00:00+00:00,54.21,55.065,54.13,54.86,6580.566755399999
2026-02-16 21:00:00+00:00,54.88,55.716,54.67,55.48,12733.749978120004
2026-02-16 22:00:00+00:00,55.5,55.574,54.92,54.98,8589.234005760001
2026-02-16 23:00:00+00:00,54.97,55.249,54.92,55.11,3965.68748483
2026-02-17 00:00:00+00:00,55.209,55.277,54.93,55.04,6062.977695170003
2026-02-17 01:00:00+00:00,55.07,55.317,54.79,54.87,6204.3898108
2026-02-17 02:00:00+00:00,54.958,55.478,54.65,55.33,4582.36863206
2026-02-17 03:00:00+00:00,55.33,55.435,55.07,55.1,4040.23035171
2026-02-17 04:00:00+00:00,55.09,55.522,55.0,55.26,2582.59447488
2026-02-17 05:00:00+00:00,55.339,55.417,54.66,55.04,6580.07347213
2026-02-17 06:00:00+00:00,55.129,55.552,55.04,55.481,4442.328115799999
2026-02-17 07:00:00+00:00,55.477,55.77,55.12,55.61,15900.683938750004
2026-02-17 08:00:00+00:00,55.52,55.883,55.22,55.41,8009.188302989999
2026-02-17 09:00:00+00:00,55.4,55.427,54.83,55.06,3715.92873862
2026-02-17 10:00:00+00:00,55.05,55.129,54.57,54.95,3436.606541800001
2026-02-17 11:00:00+00:00,54.96,55.173,54.8,54.96,3243.103398530001
2026-02-17 12:00:00+00:00,54.97,55.23,54.66,54.73,4467.753137369999
2026-02-17 13:00:00+00:00,54.73,55.122,54.65,55.01,5273.715883059999
2026-02-17 14:00:00+00:00,54.98,55.219,53.76,53.95,21438.85445028
2026-02-17 15:00:00+00:00,54.03,54.228,53.14,53.838,17754.161884539986
2026-02-17 16:00:00+00:00,53.78,54.749,53.74,54.261,9795.915502569997
2026-02-17 17:00:00+00:00,54.262,54.49,53.72,53.96,6222.903422480001
2026-02-17 18:00:00+00:00,53.96,54.919,53.85,54.57,6468.351229310001
2026-02-17 19:00:00+00:00,54.59,54.719,54.1,54.23,4590.842532220001
2026-02-17 20:00:00+00:00,54.25,54.366,53.85,54.16,7683.141552219995
2026-02-17 21:00:00+00:00,54.17,54.539,54.08,54.539,4851.583196899997
2026-02-17 22:00:00+00:00,54.45,54.557,53.95,54.068,17507.999161299984
2026-02-17 23:00:00+00:00,53.94,54.11,53.78,53.91,4172.361832729999
2026-02-18 00:00:00+00:00,53.92,54.118,53.79,53.939,3948.67943067
2026-02-18 01:00:00+00:00,53.87,54.039,53.55,53.945,13730.500584190006
2026-02-18 02:00:00+00:00,53.87,54.313,53.84,54.06,7892.261344510001
2026-02-18 03:00:00+00:00,54.06,54.433,54.03,54.27,4036.706900779999
2026-02-18 04:00:00+00:00,54.341,54.443,54.03,54.16,3279.9209943300016
2026-02-18 05:00:00+00:00,54.16,54.417,54.11,54.303,2181.16088296
2026-02-18 06:00:00+00:00,54.22,54.415,54.13,54.23,1669.8073445699995
2026-02-18 07:00:00+00:00,54.24,54.563,54.06,54.42,3753.262156030001
2026-02-18 08:00:00+00:00,54.43,54.764,54.28,54.34,3351.537036459999
2026-02-18 09:00:00+00:00,54.426,54.449,54.19,54.24,2602.2065007
2026-02-18 10:00:00+00:00,54.25,54.33,53.93,54.166,2732.82985765
2026-02-18 11:00:00+00:00,54.11,54.211,53.66,53.9,4361.72991335
2026-02-18 12:00:00+00:00,53.969,54.119,53.77,53.91,3430.52791896
2026-02-18 13:00:00+00:00,53.91,54.242,53.58,53.8,3814.903799570001
2026-02-18 14:00:00+00:00,53.8,53.988,53.41,53.88,6448.217244669999
2026-02-18 15:00:00+00:00,53.87,54.99,53.85,54.49,7216.5008532
2026-02-18 16:00:00+00:00,54.569,54.742,53.84,54.22,4992.790302909999
2026-02-18 17:00:00+00:00,54.2,54.656,53.93,53.96,4450.288829160002
2026-02-18 18:00:00+00:00,53.97,54.088,53.29,53.34,8520.57319137
2026-02-18 19:00:00+00:00,53.34,53.639,52.94,53.2,14763.933622079983
2026-02-18 20:00:00+00:00,53.22,53.506,53.07,53.11,6094.723117959999
2026-02-18 21:00:00+00:00,53.11,53.448,52.94,53.13,4575.47578875
2026-02-18 22:00:00+00:00,53.12,53.33,52.95,53.19,6233.05292263
2026-02-18 23:00:00+00:00,53.304,53.417,53.03,53.31,4505.313636560001
2026-02-19 00:00:00+00:00,53.3,53.489,53.05,53.15,3035.6049362
2026-02-19 01:00:00+00:00,53.16,53.739,53.16,53.708,5148.3577332800005
2026-02-19 02:00:00+00:00,53.6,53.744,53.14,53.37,3554.372879930001
2026-02-19 03:00:00+00:00,53.37,53.668,53.27,53.56,3566.818577109999
2026-02-19 04:00:00+00:00,53.56,53.769,53.5,53.55,3365.5768191999987
2026-02-19 05:00:00+00:00,53.54,53.625,53.13,53.3,4029.76064882
2026-02-19 06:00:00+00:00,53.29,53.548,53.16,53.391,6889.932725639997
2026-02-19 07:00:00+00:00,53.29,53.585,53.2,53.36,3235.67402208
2026-02-19 08:00:00+00:00,53.35,53.422,52.73,52.8,5561.694455079999
2026-02-19 09:00:00+00:00,52.83,53.229,52.76,52.8,3774.430790520001
2026-02-19 10:00:00+00:00,52.79,52.979,52.54,52.66,4086.610045530001
2026-02-19 11:00:00+00:00,52.65,52.905,52.48,52.54,2564.851069539999
2026-02-19 12:00:00+00:00,52.54,52.655,52.29,52.34,3148.5151651999995
2026-02-19 13:00:00+00:00,52.419,52.444,51.59,51.91,10778.84660621
2026-02-19 14:00:00+00:00,51.91,52.359,51.66,52.01,8302.378886220002
2026-02-19 15:00:00+00:00,52.0,52.265,51.45,51.82,8350.846513899996
2026-02-19 16:00:00+00:00,51.82,52.199,51.41,51.83,6386.008699719999
2026-02-19 17:00:00+00:00,51.83,52.553,51.78,51.98,8415.069292400001
2026-02-19 18:00:00+00:00,51.97,52.87,51.91,52.63,8329.775924230002
2026-02-19 19:00:00+00:00,52.73,52.786,52.35,52.63,5206.91459299
2026-02-19 20:00:00+00:00,52.64,52.809,52.41,52.735,5555.34682096
2026-02-19 21:00:00+00:00,52.64,52.758,52.46,52.49,4508.51783949
2026-02-19 22:00:00+00:00,52.5,52.839,52.36,52.58,4558.988927939999
2026-02-19 23:00:00+00:00,52.59,52.808,52.56,52.69,3646.58468057
2026-02-20 00:00:00+00:00,52.69,53.134,52.64,52.9,7164.57318874
2026-02-20 01:00:00+00:00,52.89,53.217,52.87,53.08,4080.854772990001
2026-02-20 02:00:00+00:00,53.124,53.284,53.0,53.099,4453.815300350001
2026-02-20 03:00:00+00:00,53.04,53.39,52.97,53.293,3839.16234667
2026-02-20 04:00:00+00:00,53.297,53.319,52.84,53.222,4191.0212299800005
2026-02-20 05:00:00+00:00,53.15,53.694,52.98,53.43,4942.77039476
2026-02-20 06:00:00+00:00,53.43,53.594,53.26,53.45,3436.65696421
2026-02-20 07:00:00+00:00,53.47,53.734,53.43,53.5,3638.138423609998
2026-02-20 08:00:00+00:00,53.5,53.806,53.4,53.61,4887.05181195
2026-02-20 09:00:00+00:00,53.63,54.147,53.62,54.05,5938.804259659999
2026-02-20 10:00:00+00:00,54.122,54.375,53.7,53.863,9924.919486160004
2026-02-20 11:00:00+00:00,53.78,53.88,53.48,53.56,6768.861163559999
2026-02-20 12:00:00+00:00,53.58,53.799,53.37,53.585,10198.302902809995
2026-02-20 13:00:00+00:00,53.52,53.659,52.71,52.99,8916.789910009998
2026-02-20 14:00:00+00:00,52.98,54.072,52.96,53.73,10324.89878395
2026-02-20 15:00:00+00:00,53.73,54.971,53.71,54.88,19905.000684990013
2026-02-20 16:00:00+00:00,54.88,55.499,54.57,55.18,23679.07348636001
2026-02-20 17:00:00+00:00,55.25,55.361,54.19,55.23,25363.37946266
2026-02-20 18:00:00+00:00,55.24,55.421,54.81,55.309,16379.011118409991
2026-02-20 19:00:00+00:00,55.26,55.421,54.79,54.94,8010.203009970002
2026-02-20 20:00:00+00:00,54.93,55.362,54.91,55.11,10026.3481775
2026-02-20 21:00:00+00:00,55.1,55.329,55.04,55.23,5626.573669370001
2026-02-20 22:00:00+00:00,55.24,55.43,55.02,55.28,5967.54047512
2026-02-20 23:00:00+00:00,55.28,55.429,55.05,55.19,5178.160157660001
2026-02-21 00:00:00+00:00,55.19,55.366,54.78,54.88,4674.793544699999
2026-02-21 01:00:00+00:00,54.88,55.223,54.87,55.06,4546.481387100001
2026-02-21 02:00:00+00:00,55.08,55.324,55.0,55.23,4367.69871991
2026-02-21 03:00:00+00:00,55.22,55.292,54.89,55.05,4162.184575850001
2026-02-21 04:00:00+00:00,55.05,55.12,54.85,55.0,3526.4386450100005
2026-02-21 05:00:00+00:00,55.062,55.27,54.98,55.15,3083.621247359999
2026-02-21 06:00:00+00:00,55.15,55.24,55.01,55.13,5610.7965948
2026-02-21 07:00:00+00:00,55.15,55.227,54.96,55.121,2686.133830010001
2026-02-21 08:00:00+00:00,55.04,55.634,55.02,55.53,3804.26677332
2026-02-21 09:00:00+00:00,55.53,55.634,55.07,55.09,3288.44785424
2026-02-21 10:00:00+00:00,55.08,55.268,54.94,55.04,2642.456286450001
2026-02-21 11:00:00+00:00,55.04,55.241,54.89,55.098,2793.16383475
2026-02-21 12:00:00+00:00,55.109,55.248,54.9,55.16,1778.2632769099996
2026-02-21 13:00:00+00:00,55.198,55.455,55.06,55.4,2777.908773530001
2026-02-21 14:00:00+00:00,55.38,55.78,55.28,55.49,11729.913157190003
2026-02-21 15:00:00+00:00,55.48,55.83,55.41,55.68,5917.40661202
2026-02-21 16:00:00+00:00,55.68,55.99,55.21,55.484,18161.82920684001
2026-02-21 17:00:00+00:00,55.42,55.61,55.25,55.353,4947.31896495
2026-02-21 18:00:00+00:00,55.29,55.552,55.29,55.48,4976.273168599999
2026-02-21 19:00:00+00:00,55.498,55.505,55.1,55.27,4650.089012319999
2026-02-21 20:00:00+00:00,55.26,55.459,55.07,55.11,8654.374929759999
2026-02-21 21:00:00+00:00,55.1,55.198,54.96,55.07,4510.861593439999
2026-02-21 22:00:00+00:00,55.08,55.191,54.85,54.93,7732.956932250002
2026-02-21 23:00:00+00:00,54.91,55.058,54.84,54.88,4217.36453653
2026-02-22 00:00:00+00:00,54.89,54.978,54.48,54.64,6248.070325620002
2026-02-22 01:00:00+00:00,54.63,54.8,54.53,54.73,7050.2650145100015
2026-02-22 02:00:00+00:00,54.7,54.79,54.39,54.43,4492.091823989999
2026-02-22 03:00:00+00:00,54.44,54.585,54.3,54.51,4364.9925112500005
2026-02-22 04:00:00+00:00,54.49,54.689,54.43,54.53,3859.95138664
2026-02-22 05:00:00+00:00,54.585,54.643,54.28,54.39,4878.978910049999
2026-02-22 06:00:00+00:00,54.35,54.709,54.32,54.49,5860.123842410001
2026-02-22 07:00:00+00:00,54.49,54.864,54.44,54.72,6449.387036079999
2026-02-22 08:00:00+00:00,54.72,54.841,54.53,54.619,2367.77480608
2026-02-22 09:00:00+00:00,54.61,54.754,54.56,54.684,2084.89408848
2026-02-22 10:00:00+00:00,54.67,54.87,54.62,54.65,2451.15354478
2026-02-22 11:00:00+00:00,54.63,54.78,54.62,54.649,1340.93133847
2026-02-22 12:00:00+00:00,54.64,54.685,53.99,54.07,11900.042876420011
2026-02-22 13:00:00+00:00,54.07,54.093,53.51,53.56,10631.495851689991
2026-02-22 14:00:00+00:00,53.576,53.583,53.11,53.21,8434.68256657
2026-02-22 15:00:00+00:00,53.21,53.5,52.948,53.32,17291.969156670002
2026-02-22 16:00:00+00:00,53.32,53.656,53.22,53.64,5207.463675460002
2026-02-22 17:00:00+00:00,53.59,53.631,53.08,53.24,4755.16438364
2026-02-22 18:00:00+00:00,53.27,53.469,53.15,53.27,4998.851943370002
2026-02-22 19:00:00+00:00,53.25,53.367,53.07,53.2,3896.391132529999
2026-02-22 20:00:00+00:00,53.263,53.354,52.93,53.09,4734.853804619999
2026-02-22 21:00:00+00:00,53.163,53.449,53.03,53.37,3793.89432818
2026-02-22 22:00:00+00:00,53.37,53.6,53.32,53.45,3872.2286096100006
2026-02-22 23:00:00+00:00,53.44,53.642,53.25,53.47,3654.779823040001
2026-02-23 00:00:00+00:00,53.44,53.581,52.98,53.01,6960.169828319999
2026-02-23 01:00:00+00:00,53.02,53.061,50.88,51.02,49952.163088829984
2026-02-23 02:00:00+00:00,51.01,51.459,50.91,51.2,11514.122941170004
2026-02-23 03:00:00+00:00,51.278,51.563,51.16,51.35,6253.68854771
2026-02-23 04:00:00+00:00,51.36,51.474,51.0,51.09,5276.270062419999
2026-02-23 05:00:00+00:00,51.184,51.629,51.07,51.4,5577.20356143
2026-02-23 06:00:00+00:00,51.39,52.234,51.35,52.1,8022.353738410001
2026-02-23 07:00:00+00:00,52.09,52.314,51.98,52.07,5203.672287000001
2026-02-23 08:00:00+00:00,52.05,52.169,51.85,51.98,2957.35315664
2026-02-23 09:00:00+00:00,51.99,53.05,51.99,52.96,23075.3011763
2026-02-23 10:00:00+00:00,52.89,53.071,52.67,52.76,2999.755587629998
2026-02-23 11:00:00+00:00,52.839,52.985,52.58,52.66,3910.835908260001
2026-02-23 12:00:00+00:00,52.65,53.115,52.55,52.985,14761.263257849996
2026-02-23 13:00:00+00:00,52.979,53.019,52.67,52.74,4930.687952049999
2026-02-23 14:00:00+00:00,52.72,52.957,52.38,52.72,16960.22942728
2026-02-23 15:00:00+00:00,52.818,52.883,52.09,52.214,11081.213404769998
2026-02-23 16:00:00+00:00,52.13,52.405,51.71,51.8,10112.27957222
2026-02-23 17:00:00+00:00,51.845,51.956,50.72,51.4,14873.217391070002
2026-02-23 18:00:00+00:00,51.36,52.015,51.31,51.39,7001.301727730001
2026-02-23 19:00:00+00:00,51.4,51.628,51.05,51.286,8584.213695499999
2026-02-23 20:00:00+00:00,51.285,51.608,51.05,51.575,8408.425011790003
2026-02-23 21:00:00+00:00,51.581,51.933,51.49,51.763,8169.79410664
2026-02-23 22:00:00+00:00,51.69,52.031,51.62,51.66,3898.58304428
2026-02-23 23:00:00+00:00,51.66,51.873,51.13,51.35,8930.90315427
2026-02-24 00:00:00+00:00,51.33,51.92,51.3,51.83,4852.573657840001
2026-02-24 01:00:00+00:00,51.82,51.92,50.66,51.46,14985.061553220008
2026-02-24 02:00:00+00:00,51.561,51.74,51.16,51.318,8114.105257159998
2026-02-24 03:00:00+00:00,51.24,51.334,50.77,51.052,12522.784781499997
2026-02-24 04:00:00+00:00,51.046,51.1,50.41,50.76,9745.52616803
2026-02-24 05:00:00+00:00,50.76,51.049,50.25,50.29,9034.76527645
2026-02-24 06:00:00+00:00,50.3,50.799,50.2,50.5,9613.042686069995
2026-02-24 07:00:00+00:00,50.51,50.943,50.46,50.76,8166.230737489998
2026-02-24 08:00:00+00:00,50.75,51.18,50.63,51.05,2999.191456249999
2026-02-24 09:00:00+00:00,51.129,51.175,50.59,50.92,1964.75094911
2026-02-24 10:00:00+00:00,50.94,51.037,50.67,50.72,4679.555348920003
2026-02-24 11:00:00+00:00,50.72,50.869,50.41,50.79,6396.121964789998
2026-02-24 12:00:00+00:00,50.78,50.978,50.53,50.64,3872.33058928
2026-02-24 13:00:00+00:00,50.66,50.849,50.16,50.62,13921.79377050001
2026-02-24 14:00:00+00:00,50.63,51.389,50.32,51.09,9174.68662895
2026-02-24 15:00:00+00:00,51.08,51.55,50.88,51.26,11767.806413519998
2026-02-24 16:00:00+00:00,51.29,51.733,51.07,51.46,6167.361054689999
2026-02-24 17:00:00+00:00,51.48,51.629,51.35,51.599,5389.35568442
2026-02-24 18:00:00+00:00,51.51,51.968,51.34,51.693,9613.741915220002
2026-02-24 19:00:00+00:00,51.673,51.874,51.49,51.69,3900.2613493
2026-02-24 20:00:00+00:00,51.69,51.809,51.38,51.489,6542.462083329999
2026-02-24 21:00:00+00:00,51.481,51.481,51.12,51.26,4628.739412010002
2026-02-24 22:00:00+00:00,51.303,51.589,51.16,51.342,6798.603121770001
2026-02-24 23:00:00+00:00,51.27,51.356,51.05,51.18,4571.244363039999
2026-02-25 00:00:00+00:00,51.19,51.491,51.05,51.444,4639.511095669999
2026-02-25 01:00:00+00:00,51.39,53.0,51.34,52.65,17200.878122650003
2026-02-25 02:00:00+00:00,52.644,53.048,52.58,52.75,9908.27828693
2026-02-25 03:00:00+00:00,52.792,52.815,52.35,52.41,7181.389405699998
2026-02-25 04:00:00+00:00,52.448,52.888,52.16,52.7,8614.692598920004
2026-02-25 05:00:00+00:00,52.7,52.779,52.0,52.3,8317.832944230002
2026-02-25 06:00:00+00:00,52.31,52.604,52.28,52.33,3831.97432843
2026-02-25 07:00:00+00:00,52.31,52.813,52.31,52.73,6406.722156170002
2026-02-25 08:00:00+00:00,52.74,52.92,52.58,52.81,4012.609468930001
2026-02-25 09:00:00+00:00,52.875,53.09,52.75,53.0,3679.313483460001
2026-02-25 10:00:00+00:00,53.082,53.41,53.0,53.23,4538.986331509998
2026-02-25 11:00:00+00:00,53.21,53.536,53.13,53.29,9948.900982089994
2026-02-25 12:00:00+00:00,53.31,54.77,53.18,54.42,19450.43890471998
2026-02-25 13:00:00+00:00,54.43,55.35,54.4,55.15,22260.87262267001
2026-02-25 14:00:00+00:00,55.16,57.21,55.15,57.07,36480.87535285999
2026-02-25 15:00:00+00:00,57.129,58.245,56.8,57.869,36883.98868335997
2026-02-25 16:00:00+00:00,57.81,58.415,57.75,58.19,27650.16633204999
2026-02-25 17:00:00+00:00,58.17,58.6,57.89,58.39,21809.88142804
2026-02-25 18:00:00+00:00,58.38,58.649,58.12,58.35,25641.63419488
2026-02-25 19:00:00+00:00,58.35,58.39,57.71,58.27,19793.35199873001
2026-02-25 20:00:00+00:00,58.29,58.445,57.75,58.14,8379.938369160003
2026-02-25 21:00:00+00:00,58.14,59.044,57.83,58.28,18138.68345750001
2026-02-25 22:00:00+00:00,58.29,58.54,56.96,57.38,9241.21998254
2026-02-25 23:00:00+00:00,57.407,57.498,56.14,56.78,13315.616556849996
2026-02-26 00:00:00+00:00,56.74,57.136,56.34,56.683,10374.59950854
2026-02-26 01:00:00+00:00,56.6,57.089,56.5,56.55,8523.809073350003
2026-02-26 02:00:00+00:00,56.56,56.819,56.01,56.7,14954.13337072
2026-02-26 03:00:00+00:00,56.7,56.752,56.26,56.48,9685.639783940003
2026-02-26 04:00:00+00:00,56.48,57.065,56.43,56.87,8899.19022918
2026-02-26 05:00:00+00:00,56.88,56.925,56.22,56.48,4968.467753210002
2026-02-26 06:00:00+00:00,56.5,56.769,56.29,56.51,4111.70464629
2026-02-26 07:00:00+00:00,56.572,56.639,56.11,56.24,5566.980223899998
2026-02-26 08:00:00+00:00,56.25,56.519,55.85,55.94,9243.477719410006
2026-02-26 09:00:00+00:00,55.94,56.558,55.92,56.426,5582.9721082
2026-02-26 10:00:00+00:00,56.425,56.493,55.82,55.9,4527.11491723
2026-02-26 11:00:00+00:00,55.89,56.051,55.71,55.85,5050.32972493
2026-02-26 12:00:00+00:00,55.85,56.226,55.82,56.15,4331.86731767
2026-02-26 13:00:00+00:00,56.208,56.285,55.98,56.14,7959.956655089998
2026-02-26 14:00:00+00:00,56.16,56.416,55.66,56.08,13142.72072911
2026-02-26 15:00:00+00:00,56.05,56.113,55.3,55.81,28080.821088960027
2026-02-26 16:00:00+00:00,55.8,55.893,54.51,54.55,29826.579884179988
2026-02-26 17:00:00+00:00,54.55,55.08,54.51,54.65,11156.74405117
2026-02-26 18:00:00+00:00,54.753,55.354,54.39,55.27,9158.63317847
2026-02-26 19:00:00+00:00,55.34,55.87,55.24,55.74,19347.512303659994
2026-02-26 20:00:00+00:00,55.74,55.979,55.32,55.4,8205.58734394
2026-02-26 21:00:00+00:00,55.455,55.511,55.07,55.21,6859.521028890001
2026-02-26 22:00:00+00:00,55.307,55.531,55.19,55.47,7112.17216482
2026-02-26 23:00:00+00:00,55.46,55.848,55.38,55.64,5845.39559186
2026-02-27 00:00:00+00:00,55.62,55.748,55.32,55.56,6202.214472529999
2026-02-27 01:00:00+00:00,55.583,55.837,55.35,55.75,6653.592083889999
2026-02-27 02:00:00+00:00,55.75,56.063,55.66,55.83,6568.473224379997
2026-02-27 03:00:00+00:00,55.83,56.132,55.63,55.98,5635.219928779999
2026-02-27 04:00:00+00:00,55.99,56.459,55.89,56.015,9293.134568850006
2026-02-27 05:00:00+00:00,55.95,56.149,55.82,56.07,3483.25573856
2026-02-27 06:00:00+00:00,56.05,56.235,55.71,56.13,4189.27815637
2026-02-27 07:00:00+00:00,56.178,56.195,55.68,55.91,5813.23855903
2026-02-27 08:00:00+00:00,55.9,56.222,55.83,56.038,4755.021130599999
2026-02-27 09:00:00+00:00,55.98,56.157,55.56,55.64,5396.26741872
2026-02-27 10:00:00+00:00,55.65,55.824,54.97,55.03,12341.681144529995
2026-02-27 11:00:00+00:00,55.04,55.236,54.41,54.709,14199.09293965
2026-02-27 12:00:00+00:00,54.711,54.924,54.44,54.9,10372.97141265
2026-02-27 13:00:00+00:00,54.89,55.133,54.46,54.97,14112.510791430004
2026-02-27 14:00:00+00:00,54.96,55.09,54.441,54.6,13702.96257274
2026-02-27 15:00:00+00:00,54.58,54.913,54.54,54.75,10232.192665670003
2026-02-27 16:00:00+00:00,54.74,54.802,54.22,54.25,8668.74193858
2026-02-27 17:00:00+00:00,54.27,54.49,53.81,54.39,13645.74447554
2026-02-27 18:00:00+00:00,54.453,54.674,54.28,54.4,10852.03194643
2026-02-27 19:00:00+00:00,54.39,54.474,53.89,54.14,7886.753769270002
2026-02-27 20:00:00+00:00,54.14,54.324,53.98,54.09,11787.93682267
2026-02-27 21:00:00+00:00,54.1,54.336,53.88,54.06,7819.007201809998
2026-02-27 22:00:00+00:00,54.06,54.179,53.42,54.13,8683.665214749999
2026-02-27 23:00:00+00:00,54.13,54.637,54.1,54.58,6965.626227879999
2026-02-28 00:00:00+00:00,54.56,54.865,54.51,54.79,7232.786676629998
2026-02-28 01:00:00+00:00,54.855,54.909,54.5,54.69,7420.722308479999
2026-02-28 02:00:00+00:00,54.71,54.986,54.66,54.95,5902.172559540002
2026-02-28 03:00:00+00:00,54.93,54.99,54.59,54.65,5774.126886240002
2026-02-28 04:00:00+00:00,54.64,54.762,54.36,54.74,5494.211193460002
2026-02-28 05:00:00+00:00,54.759,54.877,54.4,54.55,4383.668217750002
2026-02-28 06:00:00+00:00,54.55,54.684,52.01,52.185,20883.93172996
2026-02-28 07:00:00+00:00,52.12,53.179,51.84,52.42,18688.14373948
2026-02-28 08:00:00+00:00,52.41,52.484,51.72,51.82,13439.503292750003
2026-02-28 09:00:00+00:00,51.8,52.268,51.57,51.76,11735.581118559994
2026-02-28 10:00:00+00:00,51.81,52.118,51.49,51.95,7616.445648
2026-02-28 11:00:00+00:00,51.96,52.456,51.66,51.68,7636.825021490001
2026-02-28 12:00:00+00:00,51.68,51.956,51.55,51.92,13038.30243517001
2026-02-28 13:00:00+00:00,51.93,53.049,51.85,52.99,15255.79907409
2026-02-28 14:00:00+00:00,53.0,53.264,52.18,52.33,20427.01006912
2026-02-28 15:00:00+00:00,52.34,52.808,52.07,52.6,11982.54515677999
2026-02-28 16:00:00+00:00,52.617,52.857,52.36,52.786,7828.600524860002
2026-02-28 17:00:00+00:00,52.76,53.21,52.54,53.14,11981.22731677
2026-02-28 18:00:00+00:00,53.01,54.169,53.01,53.86,15521.766346509998
2026-02-28 19:00:00+00:00,53.86,54.4,53.51,54.08,17503.560934849993
2026-02-28 20:00:00+00:00,54.08,54.929,53.95,54.76,18806.337024389995
2026-02-28 21:00:00+00:00,54.78,54.848,54.17,54.3,17539.35635132999
2026-02-28 22:00:00+00:00,54.339,55.0,54.24,54.54,11121.1264398
2026-02-28 23:00:00+00:00,54.54,54.673,54.23,54.43,5910.453667329998
2026-03-01 00:00:00+00:00,54.41,54.569,53.99,54.13,6490.771782310001
2026-03-01 01:00:00+00:00,54.14,55.239,53.78,54.87,12406.432255939995
2026-03-01 02:00:00+00:00,54.974,55.57,54.89,55.346,14544.392234370003
2026-03-01 03:00:00+00:00,55.29,55.519,54.76,54.86,9657.929060189996
2026-03-01 04:00:00+00:00,54.924,55.042,54.5,54.91,9277.74137741
2026-03-01 05:00:00+00:00,54.92,55.029,54.76,54.912,5134.676766069999
2026-03-01 06:00:00+00:00,54.84,54.919,54.25,54.46,7938.708621670002
2026-03-01 07:00:00+00:00,54.514,54.778,54.29,54.62,5623.5284495900005
2026-03-01 08:00:00+00:00,54.684,54.78,53.92,54.02,5145.093762369998
2026-03-01 09:00:00+00:00,54.01,54.451,53.84,53.97,6053.232927459999
2026-03-01 10:00:00+00:00,53.96,54.258,53.83,54.06,4820.466548779999
2026-03-01 11:00:00+00:00,54.07,54.249,53.92,53.982,2331.7267651300003
2026-03-01 12:00:00+00:00,53.97,54.09,53.68,53.788,4166.223936859999
2026-03-01 13:00:00+00:00,53.804,54.679,53.51,54.37,10888.679436029995
2026-03-01 14:00:00+00:00,54.38,54.7,54.1,54.29,8018.217311729998
2026-03-01 15:00:00+00:00,54.35,54.645,54.25,54.26,5656.247262950001
2026-03-01 16:00:00+00:00,54.26,54.586,53.32,53.7,11408.864070459997
2026-03-01 17:00:00+00:00,53.69,53.752,53.06,53.45,10362.393985690009
2026-03-01 18:00:00+00:00,53.47,54.133,53.39,53.65,11575.076379000002
2026-03-01 19:00:00+00:00,53.65,53.683,53.15,53.24,10196.434494650004
2026-03-01 20:00:00+00:00,53.24,53.318,52.48,52.662,15268.42599625
2026-03-01 21:00:00+00:00,52.667,53.14,52.61,53.05,10515.68230708
2026-03-01 22:00:00+00:00,53.05,53.88,52.97,53.01,14503.09284535
2026-03-01 23:00:00+00:00,53.0,53.62,52.91,53.25,10034.731153860002
2026-03-02 00:00:00+00:00,53.23,53.98,53.21,53.797,9203.797557280002
2026-03-02 01:00:00+00:00,53.815,54.39,53.73,53.971,8095.570955549998
2026-03-02 02:00:00+00:00,53.974,54.11,53.5,53.83,8278.591230339998
2026-03-02 03:00:00+00:00,53.85,54.37,53.65,54.13,16401.277297089997
2026-03-02 04:00:00+00:00,54.151,54.189,53.91,54.05,6285.025169109999
2026-03-02 05:00:00+00:00,54.05,54.107,53.74,53.91,6527.600383729999
2026-03-02 06:00:00+00:00,53.89,53.928,53.18,53.45,6615.415964229998
2026-03-02 07:00:00+00:00,53.491,53.498,52.93,53.34,4498.58967196
2026-03-02 08:00:00+00:00,53.33,53.58,52.94,53.51,8205.864944640001
2026-03-02 09:00:00+00:00,53.51,53.878,53.46,53.53,9567.53823917
2026-03-02 10:00:00+00:00,53.53,53.704,53.31,53.46,3565.344266820001
2026-03-02 11:00:00+00:00,53.44,53.527,53.13,53.34,4919.577997509999
2026-03-02 12:00:00+00:00,53.35,53.451,53.12,53.234,4485.37030482
2026-03-02 13:00:00+00:00,53.23,53.507,53.01,53.07,9256.164124219997
2026-03-02 14:00:00+00:00,53.07,54.413,52.98,54.18,16457.848287160003
2026-03-02 15:00:00+00:00,54.17,55.496,54.06,55.03,28015.0873793
2026-03-02 16:00:00+00:00,55.03,55.73,54.62,55.05,25517.425790780013
2026-03-02 17:00:00+00:00,55.08,55.17,54.22,54.66,11188.782562900002
2026-03-02 18:00:00+00:00,54.63,54.866,54.26,54.62,14230.406497540002
2026-03-02 19:00:00+00:00,54.62,54.95,54.37,54.89,12340.04169139
2026-03-02 20:00:00+00:00,54.89,55.064,54.51,54.79,12589.132331
2026-03-02 21:00:00+00:00,54.8,55.182,54.57,55.08,16949.22131281
2026-03-02 22:00:00+00:00,55.076,55.5,54.91,55.1,16515.78412744
2026-03-02 23:00:00+00:00,55.08,55.11,54.43,54.6,9436.965689599998
2026-03-03 00:00:00+00:00,54.569,54.781,54.26,54.63,12255.237929609995
2026-03-03 01:00:00+00:00,54.62,54.79,54.43,54.45,6532.706700829999
2026-03-03 02:00:00+00:00,54.486,54.537,54.05,54.4,8700.895690219999
2026-03-03 03:00:00+00:00,54.43,54.47,54.09,54.27,4997.887917499999
2026-03-03 04:00:00+00:00,54.26,54.414,53.84,53.96,10675.506260389991
2026-03-03 05:00:00+00:00,53.95,54.441,53.77,53.96,6414.759685499998
2026-03-03 06:00:00+00:00,53.94,54.18,53.88,54.101,3862.19567043
2026-03-03 07:00:00+00:00,54.03,54.29,53.98,54.08,3350.3425362000007
2026-03-03 08:00:00+00:00,54.143,54.481,53.41,53.53,8845.554033280005
2026-03-03 09:00:00+00:00,53.579,53.825,53.1,53.212,6404.3495123500015
2026-03-03 10:00:00+00:00,53.208,53.39,53.02,53.27,3916.84027922
2026-03-03 11:00:00+00:00,53.26,53.529,53.19,53.47,3277.37434057
2026-03-03 12:00:00+00:00,53.48,54.16,53.44,53.85,8558.891595780002
2026-03-03 13:00:00+00:00,53.869,53.886,53.48,53.76,7349.116282469998
2026-03-03 14:00:00+00:00,53.76,54.28,53.07,53.5,12570.773747419991
2026-03-03 15:00:00+00:00,53.49,54.41,53.32,54.06,9502.773410339998
2026-03-03 16:00:00+00:00,54.03,55.036,53.88,54.83,20835.86609484
2026-03-03 17:00:00+00:00,54.83,54.92,54.24,54.91,10769.853998580002
2026-03-03 18:00:00+00:00,54.901,55.253,54.6,54.84,11033.40876904
2026-03-03 19:00:00+00:00,54.86,54.99,54.57,54.69,9127.387661560004
2026-03-03 20:00:00+00:00,54.71,55.04,54.57,54.67,12120.748254669994
2026-03-03 21:00:00+00:00,54.67,54.681,54.28,54.52,6712.67477263
2026-03-03 22:00:00+00:00,54.54,55.01,54.51,54.846,7922.624085439998
2026-03-03 23:00:00+00:00,54.81,55.278,54.7,54.79,6989.615419120002
2026-03-04 00:00:00+00:00,54.774,54.97,54.46,54.81,6605.948402419997
2026-03-04 01:00:00+00:00,54.805,55.39,54.64,55.02,10061.078621099998
2026-03-04 02:00:00+00:00,55.03,55.068,54.67,55.02,6831.69406954
2026-03-04 03:00:00+00:00,54.99,55.24,54.29,54.68,8697.95010173
2026-03-04 04:00:00+00:00,54.67,54.809,54.39,54.68,8076.923779979999
2026-03-04 05:00:00+00:00,54.69,55.012,54.36,54.81,7972.194308720002
2026-03-04 06:00:00+00:00,54.8,54.954,54.52,54.87,7177.542632050002
2026-03-04 07:00:00+00:00,54.87,55.32,54.57,55.28,10822.926054659994
2026-03-04 08:00:00+00:00,55.302,56.32,55.11,56.16,13493.396486429998
2026-03-04 09:00:00+00:00,56.17,56.637,56.0,56.2,13355.206200630002
2026-03-04 10:00:00+00:00,56.22,56.41,55.86,56.0,6825.253571249997
2026-03-04 11:00:00+00:00,55.975,56.07,55.45,55.78,5601.300277100001
2026-03-04 12:00:00+00:00,55.775,55.85,55.31,55.67,10108.917223669998
2026-03-04 13:00:00+00:00,55.649,56.05,55.636,56.02,10137.787693549995
2026-03-04 14:00:00+00:00,56.0,56.43,55.49,55.65,19732.15100283
2026-03-04 15:00:00+00:00,55.7,57.06,55.7,56.96,23576.82532341
2026-03-04 16:00:00+00:00,56.96,57.13,56.38,56.79,17906.565151740004
2026-03-04 17:00:00+00:00,56.79,57.076,56.436,56.87,15692.31469147
2026-03-04 18:00:00+00:00,56.87,57.24,56.55,57.025,11923.458659879998
2026-03-04 19:00:00+00:00,57.03,57.71,56.986,57.61,22848.788447339964
2026-03-04 20:00:00+00:00,57.6,57.66,57.15,57.206,10399.881230339995
2026-03-04 21:00:00+00:00,57.21,57.32,56.93,57.25,11057.77244126
2026-03-04 22:00:00+00:00,57.26,57.47,56.69,56.78,8723.335133079998
2026-03-04 23:00:00+00:00,56.76,56.98,56.419,56.781,8467.69446331
2026-03-05 00:00:00+00:00,56.79,56.99,56.62,56.89,7244.567720229998
2026-03-05 01:00:00+00:00,56.87,57.3,56.426,56.56,9130.625878569996
2026-03-05 02:00:00+00:00,56.57,56.94,56.44,56.55,9421.818718010005
2026-03-05 03:00:00+00:00,56.55,56.62,56.31,56.49,6060.648914870001
2026-03-05 04:00:00+00:00,56.47,56.9,56.422,56.7,6180.38107627
2026-03-05 05:00:00+00:00,56.68,56.8,56.17,56.29,8015.231768579999
2026-03-05 06:00:00+00:00,56.27,56.38,55.92,56.35,15988.346448150009
2026-03-05 07:00:00+00:00,56.347,56.47,55.73,55.99,5506.571616099998
2026-03-05 08:00:00+00:00,55.99,56.43,55.88,56.405,2849.8339369399987
2026-03-05 09:00:00+00:00,56.396,56.9,56.38,56.66,4131.07101623
2026-03-05 10:00:00+00:00,56.646,57.25,56.48,57.06,4397.570077970001
2026-03-05 11:00:00+00:00,57.06,57.09,55.88,56.05,9087.891470380002
2026-03-05 12:00:00+00:00,56.04,56.09,55.69,55.95,7861.097364380004
2026-03-05 13:00:00+00:00,55.96,56.08,55.431,55.99,10171.82114225
2026-03-05 14:00:00+00:00,55.94,56.639,55.883,56.49,16193.8252933
2026-03-05 15:00:00+00:00,56.5,56.61,55.61,55.91,17592.171751740003
2026-03-05 16:00:00+00:00,55.9,55.9,55.047,55.48,14527.316425709998
2026-03-05 17:00:00+00:00,55.49,55.77,55.056,55.15,10653.024841660004
2026-03-05 18:00:00+00:00,55.155,55.52,55.063,55.44,9333.846163469998
2026-03-05 19:00:00+00:00,55.44,55.93,55.179,55.24,9748.55181265
2026-03-05 20:00:00+00:00,55.25,56.0,55.242,55.97,5912.070722549998
2026-03-05 21:00:00+00:00,55.96,56.07,55.56,55.74,5412.878353540002
2026-03-05 22:00:00+00:00,55.682,55.87,55.55,55.64,4791.815808120001
2026-03-05 23:00:00+00:00,55.63,55.73,55.416,55.48,7472.789636920002
2026-03-06 00:00:00+00:00,55.48,55.6,55.358,55.442,4898.024347240001
2026-03-06 01:00:00+00:00,55.45,55.89,55.25,55.79,5886.560095690002
2026-03-06 02:00:00+00:00,55.78,55.85,55.61,55.63,4691.06334344
2026-03-06 03:00:00+00:00,55.62,55.74,55.489,55.67,4987.276877609999
2026-03-06 04:00:00+00:00,55.67,55.71,55.145,55.431,6151.31288724
2026-03-06 05:00:00+00:00,55.45,55.541,55.091,55.41,4959.738461990001
2026-03-06 06:00:00+00:00,55.39,55.6,55.28,55.49,5978.422771300001
2026-03-06 07:00:00+00:00,55.48,55.7,55.27,55.61,3924.30926843
2026-03-06 08:00:00+00:00,55.612,57.0,55.38,55.44,14021.90968737998
2026-03-06 09:00:00+00:00,55.45,55.46,55.001,55.31,4025.134437120002
2026-03-06 10:00:00+00:00,55.29,55.47,55.257,55.28,3204.513793549998
2026-03-06 11:00:00+00:00,55.277,55.33,54.858,54.93,6113.606349010002
2026-03-06 12:00:00+00:00,54.908,54.93,54.23,54.591,11029.086573749995
2026-03-06 13:00:00+00:00,54.6,55.01,54.063,54.093,15094.957645059998
2026-03-06 14:00:00+00:00,54.13,54.39,53.5,53.75,19473.493943660003
2026-03-06 15:00:00+00:00,53.74,54.03,53.461,53.69,9352.78967752
2026-03-06 16:00:00+00:00,53.68,53.79,53.42,53.612,6600.498911240001
2026-03-06 17:00:00+00:00,53.61,53.73,53.07,53.35,8505.0780227
2026-03-06 18:00:00+00:00,53.33,53.7,53.33,53.434,10255.46820049
2026-03-06 19:00:00+00:00,53.44,53.82,53.42,53.551,8640.106646859998
2026-03-06 20:00:00+00:00,53.54,53.86,53.514,53.76,7013.969903410003
2026-03-06 21:00:00+00:00,53.77,54.05,53.68,54.03,5762.247216260002
2026-03-06 22:00:00+00:00,54.007,54.13,53.916,54.05,5153.975633679997
2026-03-06 23:00:00+00:00,54.05,54.08,53.75,53.8,5782.6694955099965
2026-03-07 00:00:00+00:00,53.8,54.1,53.765,54.02,6387.12369307
2026-03-07 01:00:00+00:00,54.03,54.07,53.78,53.87,4359.435990739997
2026-03-07 02:00:00+00:00,53.88,54.05,53.76,54.04,4353.0765799
2026-03-07 03:00:00+00:00,54.03,54.26,53.81,53.86,4815.412074689999
2026-03-07 04:00:00+00:00,53.854,53.94,53.58,53.828,4036.2679547400007
2026-03-07 05:00:00+00:00,53.84,53.9,53.71,53.84,3890.566514510001
2026-03-07 06:00:00+00:00,53.804,53.84,53.424,53.54,4889.473671579999
2026-03-07 07:00:00+00:00,53.54,53.74,53.438,53.73,4088.93690089
2026-03-07 08:00:00+00:00,53.72,54.29,53.69,54.093,10648.026683659997
2026-03-07 09:00:00+00:00,54.09,54.23,53.91,54.04,3663.0787299299977
2026-03-07 10:00:00+00:00,54.032,54.15,53.837,53.89,2215.64888925
2026-03-07 11:00:00+00:00,53.86,54.16,53.85,54.01,3009.26157809
2026-03-07 12:00:00+00:00,54.0,54.07,53.92,53.94,1711.2955905500005
2026-03-07 13:00:00+00:00,53.95,54.048,53.86,53.98,4897.70114961
2026-03-07 14:00:00+00:00,53.98,54.22,53.7,53.97,4783.24885463
2026-03-07 15:00:00+00:00,53.964,54.03,53.662,53.77,3926.04286229
2026-03-07 16:00:00+00:00,53.767,53.88,53.648,53.85,4062.7939893099992
2026-03-07 17:00:00+00:00,53.82,54.0,53.818,53.95,3238.81951981
2026-03-07 18:00:00+00:00,53.95,53.95,53.56,53.67,6901.101132850001
2026-03-07 19:00:00+00:00,53.67,53.69,53.198,53.38,6278.2674460200005
2026-03-07 20:00:00+00:00,53.37,53.58,53.316,53.56,4499.236428729999
2026-03-07 21:00:00+00:00,53.522,53.71,53.5,53.67,4708.825278809999
2026-03-07 22:00:00+00:00,53.67,53.71,53.227,53.4,4292.34155966
2026-03-07 23:00:00+00:00,53.43,53.63,53.37,53.6,4371.40231783
2026-03-08 00:00:00+00:00,53.558,53.77,53.385,53.401,4007.69390057
2026-03-08 01:00:00+00:00,53.4,53.67,53.31,53.62,4183.64648347
2026-03-08 02:00:00+00:00,53.61,53.62,52.959,53.15,9156.227058849998
2026-03-08 03:00:00+00:00,53.15,53.3,53.068,53.21,5585.1203109
2026-03-08 04:00:00+00:00,53.21,53.29,52.82,52.97,5775.704303959997
2026-03-08 05:00:00+00:00,52.97,53.44,52.967,53.35,4614.395274979998
2026-03-08 06:00:00+00:00,53.333,53.39,53.039,53.22,3804.3721904500007
2026-03-08 07:00:00+00:00,53.229,53.42,53.03,53.12,5687.193098279999
2026-03-08 08:00:00+00:00,53.133,53.18,52.67,52.885,8457.254301390001
2026-03-08 09:00:00+00:00,52.91,53.42,52.836,53.35,6289.734904330002
2026-03-08 10:00:00+00:00,53.37,53.89,53.35,53.67,7470.087411909997
2026-03-08 11:00:00+00:00,53.66,53.66,53.309,53.6,3836.3278010099993
2026-03-08 12:00:00+00:00,53.566,53.86,53.19,53.66,4626.441425259998
2026-03-08 13:00:00+00:00,53.66,53.68,53.04,53.26,5507.138210409999
2026-03-08 14:00:00+00:00,53.25,53.32,52.78,52.927,5037.392992840001
2026-03-08 15:00:00+00:00,52.92,52.94,52.5,52.7,8430.628175870002
2026-03-08 16:00:00+00:00,52.69,52.73,52.21,52.42,7319.262042949998
2026-03-08 17:00:00+00:00,52.45,52.719,52.37,52.62,6002.77634445
2026-03-08 18:00:00+00:00,52.62,52.634,52.33,52.58,7057.834509569999
2026-03-08 19:00:00+00:00,52.581,53.2,52.45,53.089,10007.528018269995
2026-03-08 20:00:00+00:00,53.12,53.44,52.96,53.06,5805.291999370001
2026-03-08 21:00:00+00:00,53.07,53.15,52.65,52.94,5702.657729429998
2026-03-08 22:00:00+00:00,52.93,52.94,51.831,52.78,13976.554146489998
2026-03-08 23:00:00+00:00,52.79,53.0,52.517,52.59,7486.8879934
2026-03-09 00:00:00+00:00,52.6,53.41,52.56,52.985,7898.7925477200015
2026-03-09 01:00:00+00:00,52.99,53.2,52.63,52.65,8394.82005534
2026-03-09 02:00:00+00:00,52.67,53.16,52.49,52.99,9013.93962209
2026-03-09 03:00:00+00:00,52.98,53.824,52.931,53.3,8276.526369849997
2026-03-09 04:00:00+00:00,53.3,53.63,53.242,53.27,4504.333071659999
2026-03-09 05:00:00+00:00,53.28,54.069,53.26,53.82,7187.83114773
2026-03-09 06:00:00+00:00,53.849,53.86,53.27,53.28,6518.5135169199975
2026-03-09 07:00:00+00:00,53.3,53.38,52.83,53.31,3455.77386612
2026-03-09 08:00:00+00:00,53.31,53.57,53.27,53.42,4127.69250278
2026-03-09 09:00:00+00:00,53.428,53.841,53.21,53.46,4751.782484539999
2026-03-09 10:00:00+00:00,53.488,53.61,53.2,53.26,3500.42530719
2026-03-09 11:00:00+00:00,53.26,53.47,53.0,53.38,3335.4794029899995
2026-03-09 12:00:00+00:00,53.38,53.78,53.3,53.68,7211.922198790001
2026-03-09 13:00:00+00:00,53.66,54.43,53.64,54.19,15445.366057939998
2026-03-09 14:00:00+00:00,54.18,54.35,53.87,54.098,12505.82117121
2026-03-09 15:00:00+00:00,54.11,54.21,53.639,53.91,9514.991353619998
2026-03-09 16:00:00+00:00,53.91,54.268,53.858,54.031,9610.80998531
2026-03-09 17:00:00+00:00,54.06,54.25,53.84,54.08,8798.25639879
2026-03-09 18:00:00+00:00,54.07,54.15,53.8,53.94,6866.313704240002
2026-03-09 19:00:00+00:00,53.958,54.79,53.86,54.2,12169.752512319994
2026-03-09 20:00:00+00:00,54.186,54.284,53.97,54.201,5920.674118279999
2026-03-09 21:00:00+00:00,54.196,54.282,53.96,54.147,5345.18036939
2026-03-09 22:00:00+00:00,54.147,54.16,53.67,53.78,5984.680976100002
2026-03-09 23:00:00+00:00,53.77,53.861,53.64,53.78,5000.64819219
2026-03-10 00:00:00+00:00,53.77,54.28,53.72,54.11,4556.687313859999
2026-03-10 01:00:00+00:00,54.119,54.287,53.89,54.06,4712.459556809999
2026-03-10 02:00:00+00:00,54.08,54.69,53.96,54.479,7448.124362089999
2026-03-10 03:00:00+00:00,54.468,54.525,53.85,54.03,6134.197036959999
2026-03-10 04:00:00+00:00,54.064,54.29,53.92,54.16,4815.404565879999
2026-03-10 05:00:00+00:00,54.16,54.25,53.87,53.91,5033.55520216
2026-03-10 06:00:00+00:00,53.922,54.13,53.8,53.99,3229.295652570001
2026-03-10 07:00:00+00:00,53.98,54.26,53.87,54.095,7138.4140352400045
2026-03-10 08:00:00+00:00,54.1,54.428,54.06,54.178,9075.90510052
2026-03-10 09:00:00+00:00,54.16,54.59,54.14,54.45,4229.827404929999
2026-03-10 10:00:00+00:00,54.45,54.797,54.01,54.2,7732.142812970002
2026-03-10 11:00:00+00:00,54.217,54.309,54.03,54.11,3529.857780489999
2026-03-10 12:00:00+00:00,54.11,54.21,53.91,54.149,3711.490760430001
2026-03-10 13:00:00+00:00,54.144,54.455,53.76,54.05,7785.786279949999
2026-03-10 14:00:00+00:00,54.07,54.96,53.68,54.914,7873.3813993
2026-03-10 15:00:00+00:00,54.88,55.023,54.49,54.79,15436.951601400002
2026-03-10 16:00:00+00:00,54.79,54.988,54.48,54.779,10149.4235721
2026-03-10 17:00:00+00:00,54.78,54.85,54.403,54.65,11493.583582840003
2026-03-10 18:00:00+00:00,54.65,54.66,53.73,53.79,7934.182404100002
2026-03-10 19:00:00+00:00,53.78,53.96,53.56,53.79,10802.249851979996
2026-03-10 20:00:00+00:00,53.78,54.03,53.78,53.98,5058.229306720002
2026-03-10 21:00:00+00:00,53.991,54.13,53.5,53.64,5325.278705380001
2026-03-10 22:00:00+00:00,53.62,53.82,53.43,53.74,5341.665750240001
2026-03-10 23:00:00+00:00,53.72,53.91,53.7,53.88,5944.129869410001
2026-03-11 00:00:00+00:00,53.89,54.051,53.74,53.97,3979.28563726
2026-03-11 01:00:00+00:00,54.0,54.06,53.9,53.97,5008.29110946
2026-03-11 02:00:00+00:00,53.97,54.04,53.69,53.88,5529.813374040001
2026-03-11 03:00:00+00:00,53.93,54.0,53.78,53.83,4165.619777
2026-03-11 04:00:00+00:00,53.81,54.139,53.7,54.05,4947.13371666
2026-03-11 05:00:00+00:00,54.05,54.092,53.531,53.65,4753.803529330001
2026-03-11 06:00:00+00:00,53.65,53.97,53.6,53.86,4080.2596939300006
2026-03-11 07:00:00+00:00,53.88,53.98,53.7,53.86,4172.972798350001
2026-03-11 08:00:00+00:00,53.87,54.0,53.72,53.987,4642.65967723
2026-03-11 09:00:00+00:00,53.97,53.983,53.66,53.69,4491.35895384
2026-03-11 10:00:00+00:00,53.69,54.01,53.64,53.93,4579.87432483
2026-03-11 11:00:00+00:00,53.935,54.066,53.8,53.86,3406.81003088
2026-03-11 12:00:00+00:00,53.86,54.39,53.74,54.12,10569.71390117
2026-03-11 13:00:00+00:00,54.12,55.052,54.1,54.61,17978.962692940004
2026-03-11 14:00:00+00:00,54.6,55.14,54.51,54.8,7787.06299914
2026-03-11 15:00:00+00:00,54.81,54.84,54.23,54.56,13105.422283869992
2026-03-11 16:00:00+00:00,54.57,55.01,54.54,54.87,7718.349344379998
2026-03-11 17:00:00+00:00,54.86,55.2,54.621,54.95,12815.40722342
2026-03-11 18:00:00+00:00,54.94,55.18,54.909,55.13,7492.918163329998
2026-03-11 19:00:00+00:00,55.15,55.18,54.88,55.06,8398.829700749999
2026-03-11 20:00:00+00:00,55.04,55.07,54.83,54.96,6124.81291866
2026-03-11 21:00:00+00:00,54.98,55.17,54.91,55.13,6636.015740970001
2026-03-11 22:00:00+00:00,55.14,55.31,54.85,54.99,8752.525779909996
2026-03-11 23:00:00+00:00,54.99,55.08,54.665,54.8,7077.44781808
2026-03-12 00:00:00+00:00,54.81,55.01,54.76,54.99,4919.640973320001
2026-03-12 01:00:00+00:00,54.99,54.99,54.573,54.66,6228.36872504
2026-03-12 02:00:00+00:00,54.66,54.746,54.19,54.25,14543.319396929994
2026-03-12 03:00:00+00:00,54.26,54.34,54.03,54.15,4925.828896870001
2026-03-12 04:00:00+00:00,54.141,54.23,54.01,54.12,6900.760380739999
2026-03-12 05:00:00+00:00,54.11,54.18,53.97,54.13,4144.305520440001
2026-03-12 06:00:00+00:00,54.13,54.16,54.04,54.1,3423.626687739999
2026-03-12 07:00:00+00:00,54.102,54.354,54.0,54.3,3439.807845059999
2026-03-12 08:00:00+00:00,54.3,54.55,54.2,54.402,2720.4395264100003
2026-03-12 09:00:00+00:00,54.39,54.699,54.14,54.44,4772.458088309997
2026-03-12 10:00:00+00:00,54.45,54.69,54.36,54.53,4633.426642709996
2026-03-12 11:00:00+00:00,54.53,54.55,54.24,54.34,3476.71107776
2026-03-12 12:00:00+00:00,54.35,54.63,54.25,54.55,4450.802084109999
2026-03-12 13:00:00+00:00,54.57,54.62,54.17,54.41,5977.504301630001
2026-03-12 14:00:00+00:00,54.42,54.67,53.81,54.07,7989.463009049999
2026-03-12 15:00:00+00:00,54.08,54.49,54.01,54.32,9208.711648149996
2026-03-12 16:00:00+00:00,54.34,54.5,54.12,54.43,7927.703805839999
2026-03-12 17:00:00+00:00,54.43,54.51,54.17,54.24,8520.531058039996
2026-03-12 18:00:00+00:00,54.25,54.4,54.06,54.12,4550.869184549999
2026-03-12 19:00:00+00:00,54.12,54.4,54.02,54.32,5009.249325869999
2026-03-12 20:00:00+00:00,54.29,54.353,54.02,54.18,5427.9407821600025
2026-03-12 21:00:00+00:00,54.18,54.51,54.17,54.47,4998.91455779
2026-03-12 22:00:00+00:00,54.46,54.54,54.36,54.49,4594.95959348
2026-03-12 23:00:00+00:00,54.49,54.8,54.49,54.58,6687.1438941
2026-03-13 00:00:00+00:00,54.567,55.47,54.48,55.06,11922.95962706
2026-03-13 01:00:00+00:00,55.06,55.35,55.04,55.3,8035.953371440002
2026-03-13 02:00:00+00:00,55.288,55.32,54.863,55.06,6460.362336369999
2026-03-13 03:00:00+00:00,55.06,55.36,54.98,55.26,8806.243699199997
2026-03-13 04:00:00+00:00,55.26,55.43,55.06,55.19,5261.93548075
2026-03-13 05:00:00+00:00,55.18,55.39,55.0,55.262,6560.927972550002
2026-03-13 06:00:00+00:00,55.27,55.36,54.917,55.029,5290.425950050002
2026-03-13 07:00:00+00:00,55.021,55.199,54.975,55.07,4019.166158280001
2026-03-13 08:00:00+00:00,55.06,55.46,54.98,55.22,3557.771542460001
2026-03-13 09:00:00+00:00,55.22,55.64,55.209,55.45,6534.098817110001
2026-03-13 10:00:00+00:00,55.46,56.24,55.44,55.97,42397.880770100026
2026-03-13 11:00:00+00:00,55.97,56.14,55.851,55.93,13363.869848950008
2026-03-13 12:00:00+00:00,55.93,56.48,55.836,56.27,6199.245684960001
2026-03-13 13:00:00+00:00,56.27,56.71,56.091,56.52,9969.94452283
2026-03-13 14:00:00+00:00,56.53,56.73,55.54,55.66,44283.01430403998
2026-03-13 15:00:00+00:00,55.68,55.91,55.211,55.33,16018.902423280004
2026-03-13 16:00:00+00:00,55.33,55.85,55.21,55.73,13255.874848840003
2026-03-13 17:00:00+00:00,55.72,56.0,55.121,55.36,11009.674141180005
2026-03-13 18:00:00+00:00,55.322,55.57,55.22,55.38,6400.548658009999
2026-03-13 19:00:00+00:00,55.38,55.66,55.284,55.63,5826.491739049997
2026-03-13 20:00:00+00:00,55.62,55.86,55.45,55.8,8272.64372595
2026-03-13 21:00:00+00:00,55.8,56.06,55.601,55.66,9071.734399589996
2026-03-13 22:00:00+00:00,55.603,55.71,55.019,55.27,7574.13693172
2026-03-13 23:00:00+00:00,55.26,55.39,55.179,55.249,7244.014945119998
2026-03-14 00:00:00+00:00,55.26,55.46,55.061,55.15,5241.692930459998
2026-03-14 01:00:00+00:00,55.15,55.5,55.031,55.43,7507.435378560001
2026-03-14 02:00:00+00:00,55.45,55.67,55.371,55.61,7415.69655773
2026-03-14 03:00:00+00:00,55.586,55.83,55.526,55.73,8905.52543121
2026-03-14 04:00:00+00:00,55.719,55.84,55.505,55.55,4365.982215829999
2026-03-14 05:00:00+00:00,55.55,55.61,55.16,55.3,13526.480739209996
2026-03-14 06:00:00+00:00,55.305,55.305,54.621,54.81,14214.29412415
2026-03-14 07:00:00+00:00,54.82,54.86,54.64,54.73,3660.37175216
2026-03-14 08:00:00+00:00,54.7,54.82,54.53,54.633,4077.648297549999
2026-03-14 09:00:00+00:00,54.62,54.71,54.45,54.518,3626.49956437
2026-03-14 10:00:00+00:00,54.5,54.542,54.39,54.49,2484.74777414
2026-03-14 11:00:00+00:00,54.48,54.76,54.45,54.732,2617.13472203
2026-03-14 12:00:00+00:00,54.71,54.79,54.53,54.669,3304.3262965700005
2026-03-14 13:00:00+00:00,54.66,54.79,54.61,54.68,4084.827360250001
2026-03-14 14:00:00+00:00,54.68,54.7,54.411,54.45,4039.52864999
2026-03-14 15:00:00+00:00,54.44,54.54,54.38,54.48,6034.208928360002
2026-03-14 16:00:00+00:00,54.451,54.68,54.38,54.6,4246.261762209999
2026-03-14 17:00:00+00:00,54.599,54.72,54.57,54.62,4022.94323996
2026-03-14 18:00:00+00:00,54.62,54.83,54.54,54.76,3747.85145134
2026-03-14 19:00:00+00:00,54.74,54.82,54.628,54.68,3719.24460077
2026-03-14 20:00:00+00:00,54.664,54.73,54.506,54.66,4292.832376340001
2026-03-14 21:00:00+00:00,54.66,54.75,54.52,54.71,3877.297440550001
2026-03-14 22:00:00+00:00,54.71,54.76,54.62,54.639,4496.894276109999
2026-03-14 23:00:00+00:00,54.64,55.05,54.63,55.0,6232.99471275
2026-03-15 00:00:00+00:00,55.0,55.01,54.73,54.8,7611.059013610001
2026-03-15 01:00:00+00:00,54.8,54.92,54.661,54.88,5222.754961569999
2026-03-15 02:00:00+00:00,54.869,55.33,54.869,55.23,4924.02704838
2026-03-15 03:00:00+00:00,55.22,55.35,55.06,55.17,4401.548586640001
2026-03-15 04:00:00+00:00,55.18,55.39,55.122,55.3,4758.432321990002
2026-03-15 05:00:00+00:00,55.3,55.47,55.18,55.22,5015.530465099998
2026-03-15 06:00:00+00:00,55.22,55.32,54.986,55.12,2706.7773241600007
2026-03-15 07:00:00+00:00,55.13,55.29,55.065,55.26,3165.596582099999
2026-03-15 08:00:00+00:00,55.233,55.43,55.207,55.43,2207.1135370200004
2026-03-15 09:00:00+00:00,55.43,55.58,55.296,55.36,4122.564758199999
2026-03-15 10:00:00+00:00,55.37,55.48,55.26,55.46,3412.36433491
2026-03-15 11:00:00+00:00,55.46,55.52,55.37,55.42,2907.8649431700005
2026-03-15 12:00:00+00:00,55.43,55.53,55.233,55.42,2318.5403974800006
2026-03-15 13:00:00+00:00,55.4,55.52,55.075,55.33,5542.093545770002
2026-03-15 14:00:00+00:00,55.33,55.4,55.065,55.31,3387.053726
2026-03-15 15:00:00+00:00,55.282,55.29,55.011,55.12,3667.931845290002
2026-03-15 16:00:00+00:00,55.1,55.25,54.961,55.03,4917.69131628
2026-03-15 17:00:00+00:00,55.03,55.36,54.983,55.23,6048.271166869999
2026-03-15 18:00:00+00:00,55.25,55.3,54.9,55.0,4980.0709094700005
2026-03-15 19:00:00+00:00,55.01,55.33,54.903,55.25,5264.761086539999
2026-03-15 20:00:00+00:00,55.225,55.52,55.07,55.38,5059.255451839999
2026-03-15 21:00:00+00:00,55.37,55.82,55.28,55.75,6214.75781272
2026-03-15 22:00:00+00:00,55.741,56.42,55.52,56.35,11996.89424275
2026-03-15 23:00:00+00:00,56.36,56.42,55.841,56.29,8989.339273020001
2026-03-16 00:00:00+00:00,56.3,56.52,56.04,56.16,7178.381038859999
2026-03-16 01:00:00+00:00,56.17,56.33,55.96,56.22,5078.255004589999
2026-03-16 02:00:00+00:00,56.212,56.29,55.82,56.03,5209.14252489
2026-03-16 03:00:00+00:00,56.015,57.01,55.9,56.64,16468.199763079992
2026-03-16 04:00:00+00:00,56.66,57.37,56.65,57.23,18069.84536007
2026-03-16 05:00:00+00:00,57.22,57.59,57.072,57.47,11829.370389139996
2026-03-16 06:00:00+00:00,57.46,57.49,57.12,57.22,5839.494487180003
2026-03-16 07:00:00+00:00,57.204,57.67,57.193,57.41,5989.768651569998
2026-03-16 08:00:00+00:00,57.42,57.83,57.12,57.269,6631.80149641
2026-03-16 09:00:00+00:00,57.267,57.62,57.235,57.48,5183.459072909999
2026-03-16 10:00:00+00:00,57.464,57.58,57.212,57.5,3630.234258689999
2026-03-16 11:00:00+00:00,57.5,57.6,57.259,57.37,4522.3060266500015
2026-03-16 12:00:00+00:00,57.37,57.81,57.338,57.69,8335.676273689998
2026-03-16 13:00:00+00:00,57.68,58.41,57.484,57.98,14669.617895
2026-03-16 14:00:00+00:00,57.99,58.25,57.42,58.23,17133.150406040008
2026-03-16 15:00:00+00:00,58.25,58.44,57.763,57.86,12821.506567000004
2026-03-16 16:00:00+00:00,57.84,58.45,57.811,58.295,11142.75022897
2026-03-16 17:00:00+00:00,58.29,58.49,58.161,58.39,8118.571985940003
2026-03-16 18:00:00+00:00,58.38,58.76,58.29,58.44,11898.14325666
2026-03-16 19:00:00+00:00,58.46,58.87,58.33,58.44,7836.762875330001
2026-03-16 20:00:00+00:00,58.44,58.66,58.272,58.58,5699.848647619998
2026-03-16 21:00:00+00:00,58.57,59.21,58.521,58.704,10685.446001160002
2026-03-16 22:00:00+00:00,58.69,58.96,58.63,58.88,9284.420491100003
2026-03-16 23:00:00+00:00,58.888,58.9,58.32,58.71,8219.88447963
2026-03-17 00:00:00+00:00,58.7,59.051,58.338,58.87,11322.989493260004
2026-03-17 01:00:00+00:00,58.88,59.06,58.45,58.71,11081.247755540006
2026-03-17 02:00:00+00:00,58.71,59.26,58.471,58.75,15287.717729279992
2026-03-17 03:00:00+00:00,58.75,58.76,57.9,58.08,8334.70266391
2026-03-17 04:00:00+00:00,58.08,58.19,57.41,57.7,7754.51822493
2026-03-17 05:00:00+00:00,57.7,57.96,57.441,57.643,11614.77131296
2026-03-17 06:00:00+00:00,57.646,57.98,57.476,57.72,5473.505144820001
2026-03-17 07:00:00+00:00,57.7,58.12,57.673,57.89,3878.22883642
2026-03-17 08:00:00+00:00,57.874,58.09,57.777,57.85,4173.628469520001
2026-03-17 09:00:00+00:00,57.85,58.07,57.64,57.82,5633.59646409
2026-03-17 10:00:00+00:00,57.774,57.85,57.527,57.68,4412.990690969999
2026-03-17 11:00:00+00:00,57.68,57.92,57.624,57.69,3423.3606276100004
2026-03-17 12:00:00+00:00,57.68,57.75,57.271,57.45,5966.03765058
2026-03-17 13:00:00+00:00,57.43,57.91,57.371,57.76,9356.21478735
2026-03-17 14:00:00+00:00,57.77,58.16,57.5,58.09,11097.159192539995
2026-03-17 15:00:00+00:00,58.09,58.37,57.73,58.1,6120.113301470001
2026-03-17 16:00:00+00:00,58.053,58.35,57.966,58.12,6950.672041960002
2026-03-17 17:00:00+00:00,58.092,58.66,58.07,58.55,6184.60930829
2026-03-17 18:00:00+00:00,58.55,58.62,58.354,58.54,6279.883495689999
2026-03-17 19:00:00+00:00,58.55,58.56,58.109,58.2,5868.3311092600015
2026-03-17 20:00:00+00:00,58.2,58.43,58.07,58.33,5231.05437312
2026-03-17 21:00:00+00:00,58.32,58.72,58.304,58.62,6832.599478750003
2026-03-17 22:00:00+00:00,58.62,58.74,58.195,58.37,8531.874545510005
2026-03-17 23:00:00+00:00,58.339,58.43,58.001,58.12,4417.46158578
2026-03-18 00:00:00+00:00,58.12,58.22,57.928,58.21,7379.112063050001
2026-03-18 01:00:00+00:00,58.183,58.44,58.171,58.27,4723.747575060002
2026-03-18 02:00:00+00:00,58.237,58.5,58.22,58.42,3904.63536921
2026-03-18 03:00:00+00:00,58.41,58.61,58.249,58.41,7301.45780698
2026-03-18 04:00:00+00:00,58.376,58.42,57.904,58.086,6423.50068165
2026-03-18 05:00:00+00:00,58.13,58.32,57.895,57.99,5342.77203973
2026-03-18 06:00:00+00:00,57.98,58.11,57.918,57.96,2739.571586269999
2026-03-18 07:00:00+00:00,57.95,57.95,57.69,57.86,2430.828159270001
2026-03-18 08:00:00+00:00,57.85,58.0,57.472,57.54,4229.856521419999
2026-03-18 09:00:00+00:00,57.54,57.92,57.362,57.82,7295.159875790009
2026-03-18 10:00:00+00:00,57.82,57.9,57.558,57.66,2367.8480661500007
2026-03-18 11:00:00+00:00,57.65,57.72,56.335,56.58,10741.976356579997
2026-03-18 12:00:00+00:00,56.57,56.65,55.77,56.043,15288.83980247
2026-03-18 13:00:00+00:00,56.06,56.42,55.76,56.22,8309.93863511
2026-03-18 14:00:00+00:00,56.24,56.28,55.51,55.59,12065.05445259
2026-03-18 15:00:00+00:00,55.6,55.81,55.32,55.54,8344.4652388
2026-03-18 16:00:00+00:00,55.53,55.73,55.34,55.53,11977.768603810002
2026-03-18 17:00:00+00:00,55.53,56.05,55.42,55.92,6859.84071368
2026-03-18 18:00:00+00:00,55.94,56.31,55.64,55.75,7410.483044880002
2026-03-18 19:00:00+00:00,55.74,55.99,55.69,55.79,5835.524683140002
2026-03-18 20:00:00+00:00,55.79,56.08,55.44,56.005,6425.732609159999
2026-03-18 21:00:00+00:00,56.01,56.34,55.98,56.24,6764.648833569996
2026-03-18 22:00:00+00:00,56.238,56.27,55.851,55.89,5196.697263540002
2026-03-18 23:00:00+00:00,55.89,56.1,55.75,56.08,5152.19670821
2026-03-19 00:00:00+00:00,56.09,56.16,55.78,55.85,5527.09331904
2026-03-19 01:00:00+00:00,55.814,56.06,55.75,55.96,3925.03436177
2026-03-19 02:00:00+00:00,55.95,55.97104,55.71,55.78,10333.601236250002
2026-03-19 03:00:00+00:00,55.78,56.37,55.756,56.01,6080.46117671
2026-03-19 04:00:00+00:00,56.0,56.05,55.56,55.656,8677.178863310002
2026-03-19 05:00:00+00:00,55.67,55.77,55.471,55.6,3959.33655655
2026-03-19 06:00:00+00:00,55.6,55.71,55.4,55.55,4161.098962769999
2026-03-19 07:00:00+00:00,55.54,55.57,54.87,55.18,8530.324203269998
2026-03-19 08:00:00+00:00,55.18,55.35,55.036,55.17,3767.994511449999
2026-03-19 09:00:00+00:00,55.166,55.68,55.16,55.628,9385.89523076
2026-03-19 10:00:00+00:00,55.66,55.70903,55.399,55.399,3537.805019900001
2026-03-19 11:00:00+00:00,55.4,55.52,55.306,55.38,3556.339566930001
2026-03-19 12:00:00+00:00,55.37,55.38,54.85,54.9,4683.93296026
2026-03-19 13:00:00+00:00,54.93,55.3,54.61,55.18,15716.22716168
2026-03-19 14:00:00+00:00,55.185,55.37,54.836,55.15,6897.331694019999
2026-03-19 15:00:00+00:00,55.152,55.366,54.62,55.03,9823.798069050004
2026-03-19 16:00:00+00:00,55.04,55.11,54.82,54.94,8804.198754500005
2026-03-19 17:00:00+00:00,54.947,55.37,54.78,55.26,6873.373166740001
2026-03-19 18:00:00+00:00,55.276,55.339,55.16,55.29,4438.284980979998
2026-03-19 19:00:00+00:00,55.32,55.95,55.29,55.65,7754.569041390002
2026-03-19 20:00:00+00:00,55.65,55.955,55.62,55.84,9139.76003919
2026-03-19 21:00:00+00:00,55.82,55.94,55.59,55.69,6800.11972961
2026-03-19 22:00:00+00:00,55.7,55.74,55.38,55.53,7111.966016150001
2026-03-19 23:00:00+00:00,55.536,55.63,55.326,55.54,5323.45447512
2026-03-20 00:00:00+00:00,55.55,55.83,55.53,55.756,5530.582380520001
2026-03-20 01:00:00+00:00,55.78,55.943,55.75,55.84,10542.468758630004
2026-03-20 02:00:00+00:00,55.82,55.88,55.66,55.74,6008.43305827
2026-03-20 03:00:00+00:00,55.74,55.94,55.63,55.874,7743.449034630001
2026-03-20 04:00:00+00:00,55.88,56.08,55.72,55.97,8003.707247710003
2026-03-20 05:00:00+00:00,55.97,56.17,55.87,55.93,4139.5360899900015
2026-03-20 06:00:00+00:00,55.934,56.04,55.88,55.9,3437.11338251
2026-03-20 07:00:00+00:00,55.92,56.07,55.609,55.99,3367.8468032500004
2026-03-20 08:00:00+00:00,55.99,56.32,55.94,56.02,3955.1536239400007
2026-03-20 09:00:00+00:00,56.01,56.02,55.521,55.62,4500.00303082
2026-03-20 10:00:00+00:00,55.623,55.78,55.5,55.65,4485.19033447
2026-03-20 11:00:00+00:00,55.644,55.83,55.27,55.45,4613.369330029999
2026-03-20 12:00:00+00:00,55.449,55.61,55.27,55.39,5566.745881069999
2026-03-20 13:00:00+00:00,55.39,55.64,55.25,55.35,9986.7074912
2026-03-20 14:00:00+00:00,55.34,55.68,55.2,55.37,5779.05024521
2026-03-20 15:00:00+00:00,55.384,55.65,55.22,55.6,7495.757603099999
2026-03-20 16:00:00+00:00,55.6,55.74,55.37,55.5,6564.63975533
2026-03-20 17:00:00+00:00,55.5,55.7,55.26,55.7,5041.948714619999
2026-03-20 18:00:00+00:00,55.674,55.71,55.32,55.44,5122.626594080001
2026-03-20 19:00:00+00:00,55.484,55.7,55.29,55.67,4873.450908799999
2026-03-20 20:00:00+00:00,55.66,55.76,55.39,55.74,6355.396608860002
2026-03-20 21:00:00+00:00,55.742,56.23,55.72,56.12,9792.58562906
2026-03-20 22:00:00+00:00,56.124,56.472,56.1,56.18,7351.519653439997
2026-03-20 23:00:00+00:00,56.18,56.27,55.98,56.17,5392.056323350002
2026-03-21 00:00:00+00:00,56.19,56.5,56.14,56.42,8551.82836175
2026-03-21 01:00:00+00:00,56.42,56.544,56.11,56.16,7028.631378370002
2026-03-21 02:00:00+00:00,56.16,56.36,56.13,56.32,2911.77371349
2026-03-21 03:00:00+00:00,56.31,56.4,56.1,56.2,5073.765300139999
2026-03-21 04:00:00+00:00,56.2,56.359,56.12,56.21,4511.88901758
2026-03-21 05:00:00+00:00,56.21,56.55,56.2,56.25,7664.4211505
2026-03-21 06:00:00+00:00,56.256,56.33569,56.2,56.26,3667.13633813
2026-03-21 07:00:00+00:00,56.25,56.37,56.22,56.32,2863.04513623
2026-03-21 08:00:00+00:00,56.3,56.4,56.18,56.39,4460.230207170001
2026-03-21 09:00:00+00:00,56.383,56.6,56.24,56.3,3254.8274903500005
2026-03-21 10:00:00+00:00,56.3,56.309,56.0,56.07,4403.089534119999
2026-03-21 11:00:00+00:00,56.09,56.1,55.912,56.02,3401.954852450001
2026-03-21 12:00:00+00:00,56.02,56.06,55.892,55.932,3798.1661667100007
2026-03-21 13:00:00+00:00,55.94,56.02,55.723,55.8,3842.91027404
2026-03-21 14:00:00+00:00,55.78,55.987,55.52,55.64,6291.979361679999
2026-03-21 15:00:00+00:00,55.64,55.799,55.58,55.76,5496.664307480001
2026-03-21 16:00:00+00:00,55.76,55.785,55.511,55.71,6024.505226880002
2026-03-21 17:00:00+00:00,55.699,55.81,55.62,55.74,5976.798450049999
2026-03-21 18:00:00+00:00,55.73,56.013,55.73,56.0,3698.160560259998
2026-03-21 19:00:00+00:00,56.0,56.36,55.83,55.84,15496.300605959994
2026-03-21 20:00:00+00:00,55.82,56.04,55.78,56.0,4359.39519509
2026-03-21 21:00:00+00:00,56.0,56.03791,55.79,55.85,4763.170100649998
2026-03-21 22:00:00+00:00,55.85,55.87,55.58,55.72,5829.732877640002
2026-03-21 23:00:00+00:00,55.72,55.721,54.365,54.75,15195.972132739998
2026-03-22 00:00:00+00:00,54.78,54.84,54.15,54.64,15514.340411229998
2026-03-22 01:00:00+00:00,54.645,54.81,54.4,54.61,7398.281556699998
2026-03-22 02:00:00+00:00,54.61,54.88,54.49,54.78,5774.750644380001
2026-03-22 03:00:00+00:00,54.77,55.04,54.62,54.73,5426.582701529998
2026-03-22 04:00:00+00:00,54.734,54.911,54.59,54.77,6023.848169339998
2026-03-22 05:00:00+00:00,54.76,54.76,54.52,54.55,3724.33260922
2026-03-22 06:00:00+00:00,54.55,54.65,54.32,54.63,7189.651147210003
2026-03-22 07:00:00+00:00,54.622,54.7,54.37,54.39,3618.84594974
2026-03-22 08:00:00+00:00,54.37,54.403,54.07,54.23,4532.7647095
2026-03-22 09:00:00+00:00,54.225,54.36,54.11,54.22,3415.380168090001
2026-03-22 10:00:00+00:00,54.21,54.26,53.96,53.99,3419.777750670001
2026-03-22 11:00:00+00:00,53.98,54.08,53.77,53.92,5901.07027859
2026-03-22 12:00:00+00:00,53.92,54.34,53.92,54.05,4636.020583749999
2026-03-22 13:00:00+00:00,54.034,54.292,53.99,54.16,5947.949966719999
2026-03-22 14:00:00+00:00,54.16,54.29,53.55323,54.14,6632.03622014
2026-03-22 15:00:00+00:00,54.14,54.26,54.08,54.25,4419.69713381
2026-03-22 16:00:00+00:00,54.20655,54.26,54.05,54.12,4469.611037730002
2026-03-22 17:00:00+00:00,54.11,54.21,54.01,54.11,4575.286441809999
2026-03-22 18:00:00+00:00,54.1,54.18,53.76,54.01,4869.839895969999
2026-03-22 19:00:00+00:00,54.02,54.02,53.65,53.77,7774.733360269998
2026-03-22 20:00:00+00:00,53.77,53.88,53.51,53.58,6623.835621630001
2026-03-22 21:00:00+00:00,53.58058,53.63,53.03,53.36,11360.509304849998
2026-03-22 22:00:00+00:00,53.331,53.78,53.08,53.7,7454.539666789999
2026-03-22 23:00:00+00:00,53.695,53.78,53.44,53.492,4594.599949209999
2026-03-23 00:00:00+00:00,53.508,53.75,53.32,53.62,6117.44950429
2026-03-23 01:00:00+00:00,53.62,53.881,53.48,53.67,7028.90150625
2026-03-23 02:00:00+00:00,53.67,54.099,53.64,53.91,8795.927276499999
2026-03-23 03:00:00+00:00,53.92,54.171,53.89,53.93,4262.9555328900005
2026-03-23 04:00:00+00:00,53.947,54.171,53.92,54.14,4720.772158309998
2026-03-23 05:00:00+00:00,54.13,54.277,53.93,54.13,3811.85732862
2026-03-23 06:00:00+00:00,54.147,54.152,53.44,53.59,4304.61516271
2026-03-23 07:00:00+00:00,53.58,53.735,53.245,53.63,4770.21234924
2026-03-23 08:00:00+00:00,53.641,53.895,53.55,53.647,3796.4938433600014
2026-03-23 09:00:00+00:00,53.61,53.829,53.4,53.829,2368.6975428700007
2026-03-23 10:00:00+00:00,53.82,54.09,53.73,53.83,4856.627491000001
2026-03-23 11:00:00+00:00,53.83,56.16,53.81,54.91,50305.68829879001
2026-03-23 12:00:00+00:00,54.92,55.505,54.68,55.42,8167.379526610002
2026-03-23 13:00:00+00:00,55.43,55.907,55.18,55.77,12994.976990240004
2026-03-23 14:00:00+00:00,55.789,56.02,55.49,55.798,8205.526452400001
2026-03-23 15:00:00+00:00,55.77,55.96,55.03,55.07,15495.40919033
2026-03-23 16:00:00+00:00,55.06,55.355,54.96,55.32,8687.276723170002
2026-03-23 17:00:00+00:00,55.34,55.61,55.16,55.46,5932.6806280400015
2026-03-23 18:00:00+00:00,55.514,55.645,55.35,55.627,6842.648251000002
2026-03-23 19:00:00+00:00,55.63,55.81228,55.27,55.32,6113.684882719999
2026-03-23 20:00:00+00:00,55.34,55.71,55.25,55.67,6168.276601050001
2026-03-23 21:00:00+00:00,55.67,55.87,55.65,55.75,6466.094109100002
2026-03-23 22:00:00+00:00,55.78,55.82,55.55,55.66,6436.570871999998
2026-03-23 23:00:00+00:00,55.63,55.72,55.46,55.7,5881.115962839999
2026-03-24 00:00:00+00:00,55.72,55.81,55.29,55.44,8344.34125482
2026-03-24 01:00:00+00:00,55.44,55.47,55.01,55.23,6941.6698449
2026-03-24 02:00:00+00:00,55.219,55.5,55.15,55.24,6525.2769908699975
2026-03-24 03:00:00+00:00,55.23,55.62,55.21,55.56,3331.2232423099995
2026-03-24 04:00:00+00:00,55.57,55.63,55.32,55.444,3713.86420373
2026-03-24 05:00:00+00:00,55.42,55.53,55.28,55.5,3569.27794398
2026-03-24 06:00:00+00:00,55.49,55.758,55.45,55.63,3281.04081993
2026-03-24 07:00:00+00:00,55.61,55.99126,55.59,55.94,7943.84462322
2026-03-24 08:00:00+00:00,55.95,56.0,55.76,55.77,3340.5070471799995
2026-03-24 09:00:00+00:00,55.78,55.95,55.64,55.9,2721.6608264
2026-03-24 10:00:00+00:00,55.9,55.917,55.64,55.8,4369.367016590001
2026-03-24 11:00:00+00:00,55.796,55.81,55.57,55.72,3227.1706394599987
2026-03-24 12:00:00+00:00,55.71,55.75,55.6,55.63,3140.47264769
2026-03-24 13:00:00+00:00,55.648,55.78,55.32,55.399,7740.2675392
2026-03-24 14:00:00+00:00,55.39,55.627,55.14,55.52,7780.192669519999
2026-03-24 15:00:00+00:00,55.539,55.91,55.46,55.68,8047.055765529999
2026-03-24 16:00:00+00:00,55.68,55.925,55.56,55.71,5387.832926620001
2026-03-24 17:00:00+00:00,55.71,55.74,55.29,55.42,7882.2836226100035
2026-03-24 18:00:00+00:00,55.427,55.918,55.33,55.63,8282.221131830001
2026-03-24 19:00:00+00:00,55.645,55.836,55.63,55.73,5587.923458189999
2026-03-24 20:00:00+00:00,55.71,56.34,55.68,56.17,9313.384443590005
2026-03-24 21:00:00+00:00,56.16,56.222,55.91,56.07,7136.850562649998
2026-03-24 22:00:00+00:00,56.06,56.165,55.8,56.06,15094.339303500004
2026-03-24 23:00:00+00:00,56.06,56.49,56.04,56.38,10193.59804212
2026-03-25 00:00:00+00:00,56.39,56.68,56.33,56.4,10428.17272205
2026-03-25 01:00:00+00:00,56.412,56.43,56.22,56.29,7778.716867329999
2026-03-25 02:00:00+00:00,56.3,56.34259,56.1,56.14,4009.03509788
2026-03-25 03:00:00+00:00,56.13,56.276,55.94,56.271,5894.741035489999
2026-03-25 04:00:00+00:00,56.271,56.41,56.2,56.38,3298.2333357800003
2026-03-25 05:00:00+00:00,56.38,56.57,56.31,56.4,8606.47564194
2026-03-25 06:00:00+00:00,56.407,56.46,56.27,56.39,4947.293036330001
2026-03-25 07:00:00+00:00,56.4,56.63,56.38,56.39,2783.4197953000003
2026-03-25 08:00:00+00:00,56.4,56.72,56.36,56.48,5101.1624584300025
2026-03-25 09:00:00+00:00,56.47,56.51,56.28,56.41,2424.42909929
2026-03-25 10:00:00+00:00,56.41,56.52,56.35,56.47,2742.02529837
2026-03-25 11:00:00+00:00,56.46,56.67,56.35,56.43,4415.06482142
2026-03-25 12:00:00+00:00,56.43,56.69,56.18,56.51,8368.858658319998
2026-03-25 13:00:00+00:00,56.54,56.71,56.45,56.61,6131.34985165
2026-03-25 14:00:00+00:00,56.61,56.73,56.51,56.58,5768.117563010002
2026-03-25 15:00:00+00:00,56.61,56.66,55.79,56.02,11822.876376769997
2026-03-25 16:00:00+00:00,56.0,56.49,55.94,56.28,10170.89700496
2026-03-25 17:00:00+00:00,56.29,56.45,56.23,56.33,7037.103777389999
2026-03-25 18:00:00+00:00,56.33,56.48,56.2,56.31,5279.863381539999
2026-03-25 19:00:00+00:00,56.3,56.41,56.2,56.3,5245.95575534
2026-03-25 20:00:00+00:00,56.31,56.42516,56.11,56.28,5779.87075854
2026-03-25 21:00:00+00:00,56.29,56.48,56.19,56.35,6046.6624717800005
2026-03-25 22:00:00+00:00,56.35,56.79,56.26,56.63,8231.390256230003
2026-03-25 23:00:00+00:00,56.64,56.71052,56.441,56.64,5177.802051479999
2026-03-26 00:00:00+00:00,56.62,56.66,56.35,56.396,6453.089435659998
2026-03-26 01:00:00+00:00,56.42,56.5,56.28,56.32,5398.700274829999
2026-03-26 02:00:00+00:00,56.31,56.34107,55.85,56.007,5508.04938268
2026-03-26 03:00:00+00:00,56.02,56.05,55.8,55.94,4099.70389871
2026-03-26 04:00:00+00:00,55.93,55.94056,55.83,55.85,3376.931025690001
2026-03-26 05:00:00+00:00,55.87,55.88461,55.28,55.34,6336.225823469999
2026-03-26 06:00:00+00:00,55.33,55.44,55.15,55.35,5130.661250850001
2026-03-26 07:00:00+00:00,55.365,55.41,55.13,55.26,4309.28039302
2026-03-26 08:00:00+00:00,55.25,55.29,55.08,55.21,3617.85354444
2026-03-26 09:00:00+00:00,55.2,55.31,54.76,54.87,4752.840449799999
2026-03-26 10:00:00+00:00,54.899,54.94,54.7,54.72,6847.7668745500005
2026-03-26 11:00:00+00:00,54.737,54.79728,54.5,54.595,3398.030021219999
2026-03-26 12:00:00+00:00,54.59,54.74,54.49,54.67,6563.679678009999
2026-03-26 13:00:00+00:00,54.67,55.15,54.64,55.05,7233.22369723
2026-03-26 14:00:00+00:00,55.05,55.2,54.83,54.98,7028.417060040002
2026-03-26 15:00:00+00:00,54.98,54.983,54.42,54.694,9023.04555493
2026-03-26 16:00:00+00:00,54.67,54.897,54.55,54.62,5852.1116757400005
2026-03-26 17:00:00+00:00,54.642,54.76774,54.2,54.31,8402.99714919
2026-03-26 18:00:00+00:00,54.312,54.429,54.2,54.34,11937.391872780005
2026-03-26 19:00:00+00:00,54.36,54.612,54.22,54.23,37471.96758376
2026-03-26 20:00:00+00:00,54.24,54.998,54.17,54.73,13560.06870003
2026-03-26 21:00:00+00:00,54.71,55.007,54.65,54.84,6378.262685130002
2026-03-26 22:00:00+00:00,54.83,54.93031,54.51,54.74,25590.99772603
2026-03-26 23:00:00+00:00,54.74,54.81472,54.41,54.58,5540.55735442
2026-03-27 00:00:00+00:00,54.57,54.72,54.47,54.58,6042.0374043500005
2026-03-27 01:00:00+00:00,54.58,55.04,54.58,54.98,5588.938552099999
2026-03-27 02:00:00+00:00,55.001,55.012,54.82,54.87,5131.344640430001
2026-03-27 03:00:00+00:00,54.89,55.01507,54.74,54.92,4604.746740300001
2026-03-27 04:00:00+00:00,54.92,54.97,54.59,54.94,7418.475974549998
2026-03-27 05:00:00+00:00,54.94,55.16,54.8,54.85,4410.15662126
2026-03-27 06:00:00+00:00,54.85,55.03286,54.78,54.95,3011.68615081
2026-03-27 07:00:00+00:00,54.96,55.01,54.8,54.89,2925.7858268600007
2026-03-27 08:00:00+00:00,54.9,54.978,54.36,54.66,4678.5803614900005
2026-03-27 09:00:00+00:00,54.65,54.708,54.31,54.52,5746.329096529998
2026-03-27 10:00:00+00:00,54.54,54.54,53.51,53.58,13226.191511100002
2026-03-27 11:00:00+00:00,53.58,53.91,53.46,53.8,7270.583115459998
2026-03-27 12:00:00+00:00,53.81,53.83452,53.58,53.78,6370.845255089999
2026-03-27 13:00:00+00:00,53.8,54.13,53.6,53.89,12423.63207268
2026-03-27 14:00:00+00:00,53.91,54.12,53.62,54.04,8538.60342171
2026-03-27 15:00:00+00:00,54.04,54.64809,53.97,54.3,18944.789472320004
2026-03-27 16:00:00+00:00,54.29,54.31,53.9,54.22,20651.63502817
2026-03-27 17:00:00+00:00,54.201,54.48,53.77,53.85,10649.10067795
2026-03-27 18:00:00+00:00,53.85,53.88638,53.58,53.73,7192.09458605
2026-03-27 19:00:00+00:00,53.73,53.933,53.5,53.66,10397.877567609996
2026-03-27 20:00:00+00:00,53.66,53.702,53.25,53.505,9296.35130926
2026-03-27 21:00:00+00:00,53.49,53.70307,53.43,53.63,5055.038023939999
2026-03-27 22:00:00+00:00,53.63,53.724,53.49,53.52,8696.97513618
2026-03-27 23:00:00+00:00,53.52,53.739,53.33,53.66,4909.01273914
2026-03-28 00:00:00+00:00,53.69,53.76,53.57,53.68,5632.220657460001
2026-03-28 01:00:00+00:00,53.68,53.694,53.23,53.48,6071.82239917
2026-03-28 02:00:00+00:00,53.45,53.61,53.27,53.39,5150.90326719
2026-03-28 03:00:00+00:00,53.391,53.598,53.32,53.55,4742.45344623
2026-03-28 04:00:00+00:00,53.561,53.62407,53.43,53.6,5164.741163290003
2026-03-28 05:00:00+00:00,53.6,53.73609,53.52,53.71,3756.829053390001
2026-03-28 06:00:00+00:00,53.71,53.847,53.61,53.79,4718.036744509999
2026-03-28 07:00:00+00:00,53.8,53.894,53.77,53.84,2054.22559385
2026-03-28 08:00:00+00:00,53.84,53.93,53.79,53.83,3128.67548556
2026-03-28 09:00:00+00:00,53.81,53.832,53.68,53.74,4116.263548419999
2026-03-28 10:00:00+00:00,53.757,53.999,53.7,53.89,5095.612266709999
2026-03-28 11:00:00+00:00,53.92,54.05,53.89,54.01,3392.51298706
2026-03-28 12:00:00+00:00,54.01,54.174,53.87,53.98,4474.155660530001
2026-03-28 13:00:00+00:00,53.98,54.93,53.96,54.59,9911.892498819998
2026-03-28 14:00:00+00:00,54.586,54.68,54.34,54.549,6926.38405579
2026-03-28 15:00:00+00:00,54.52,54.749,54.25,54.533,11239.652356480006
2026-03-28 16:00:00+00:00,54.52,54.698,54.48,54.69,6501.084808539999
2026-03-28 17:00:00+00:00,54.688,54.768,53.97,54.07,16453.36112273
2026-03-28 18:00:00+00:00,54.093,54.176,53.861,54.1,6885.118848400001
2026-03-28 19:00:00+00:00,54.1,62.93199,54.06,54.11,14442.229635269996
2026-03-28 20:00:00+00:00,54.12,54.2985,53.95,54.13,13927.152458040004
2026-03-28 21:00:00+00:00,54.12,54.24,53.98,54.05,5909.624084880001
2026-03-28 22:00:00+00:00,54.05,54.102,53.87,53.99,5841.45910869
2026-03-28 23:00:00+00:00,54.016,54.016,53.6,53.83,21560.556228309993
2026-03-29 00:00:00+00:00,53.82,53.936,53.7,53.89,6329.643683600002
2026-03-29 01:00:00+00:00,53.9,54.109,53.85,53.99,6018.34482727
2026-03-29 02:00:00+00:00,53.99,54.169,53.96,54.09,4983.56415085
2026-03-29 03:00:00+00:00,54.09,54.37,54.07,54.26,5090.112254379999
2026-03-29 04:00:00+00:00,54.26,54.329,54.03,54.14,4301.32345216
2026-03-29 05:00:00+00:00,54.13,54.197,53.97,54.165,4743.193029689999
2026-03-29 06:00:00+00:00,54.13,54.293,54.01,54.219,4982.354159430001
2026-03-29 07:00:00+00:00,54.209,54.209,53.91,54.055,3500.95048759
2026-03-29 08:00:00+00:00,54.03,54.08,53.85,54.03,3883.284168470001
2026-03-29 09:00:00+00:00,54.03,54.09163,53.84,54.0,4118.8751056500005
2026-03-29 10:00:00+00:00,54.031,54.031,53.65,53.7,5694.99619165
2026-03-29 11:00:00+00:00,53.708,53.98334,53.65,53.86,4236.07150775
2026-03-29 12:00:00+00:00,53.84,53.941,53.72,53.86,3872.6110835500003
2026-03-29 13:00:00+00:00,53.86,53.912,53.53,53.623,6197.753269430001
2026-03-29 14:00:00+00:00,53.627,53.82,53.49,53.69,6758.34172573
2026-03-29 15:00:00+00:00,53.7,53.811,53.37,53.49,7841.06634947
2026-03-29 16:00:00+00:00,53.48,53.62281,53.29,53.3,8497.020385369999
2026-03-29 17:00:00+00:00,53.29,53.39654,53.04,53.25,7645.67107929
2026-03-29 18:00:00+00:00,53.25,61.80915,53.13,53.4,18838.185630189986
2026-03-29 19:00:00+00:00,53.38,53.43149,53.29,53.33,5645.449969980001
2026-03-29 20:00:00+00:00,53.31,53.719,53.31,53.63,4904.54184105
2026-03-29 21:00:00+00:00,53.6,53.834,53.52,53.76,7205.69378325
2026-03-29 22:00:00+00:00,53.75,53.802,52.21,53.111,22844.384079820004
2026-03-29 23:00:00+00:00,53.08,53.44,53.05,53.28,12169.433534980002
