Datetime,Open,High,Low,Close,Volume
2025-12-21 21:00:00+00:00,7.23e-06,7.26e-06,7.21e-06,7.23e-06,5490224789.01172
2025-12-21 22:00:00+00:00,7.22e-06,7.29e-06,7.21e-06,7.29e-06,4234626322.763021
2025-12-21 23:00:00+00:00,7.29e-06,7.32e-06,7.25e-06,7.28e-06,4462313031.83589
2025-12-22 00:00:00+00:00,7.28e-06,7.43e-06,7.28e-06,7.32e-06,10237745914.57314
2025-12-22 01:00:00+00:00,7.32e-06,7.37e-06,7.29e-06,7.3e-06,4974338560.18343
2025-12-22 02:00:00+00:00,7.3e-06,7.3e-06,7.2e-06,7.26e-06,4483739735.984659
2025-12-22 03:00:00+00:00,7.26e-06,7.32e-06,7.25e-06,7.3e-06,1648305826.0121338
2025-12-22 04:00:00+00:00,7.31e-06,7.32e-06,7.29e-06,7.32e-06,4059548115.4772
2025-12-22 05:00:00+00:00,7.31e-06,7.31e-06,7.26e-06,7.26e-06,10816869315.50635
2025-12-22 06:00:00+00:00,7.26e-06,7.28e-06,7.24e-06,7.25e-06,6142266739.880401
2025-12-22 07:00:00+00:00,7.24e-06,7.28e-06,7.22e-06,7.22e-06,5360077800.388431
2025-12-22 08:00:00+00:00,7.23e-06,7.31e-06,7.22e-06,7.26e-06,2530567475.384738
2025-12-22 09:00:00+00:00,7.27e-06,7.29e-06,7.25e-06,7.28e-06,2573346520.63103
2025-12-22 10:00:00+00:00,7.27e-06,7.29e-06,7.25e-06,7.26e-06,3459153950.3896
2025-12-22 11:00:00+00:00,7.26e-06,7.28e-06,7.23e-06,7.27e-06,2118090949.3129
2025-12-22 12:00:00+00:00,7.27e-06,7.34e-06,7.26e-06,7.33e-06,10546715970.586664
2025-12-22 13:00:00+00:00,7.33e-06,7.34e-06,7.28e-06,7.31e-06,3600409303.7191
2025-12-22 14:00:00+00:00,7.31e-06,7.36e-06,7.27e-06,7.34e-06,6107893768.010759
2025-12-22 15:00:00+00:00,7.32e-06,7.37e-06,7.26e-06,7.32e-06,23840671982.32077
2025-12-22 16:00:00+00:00,7.32e-06,7.36e-06,7.29e-06,7.31e-06,4748632616.82098
2025-12-22 17:00:00+00:00,7.3e-06,7.31e-06,7.27e-06,7.28e-06,5336329265.606279
2025-12-22 18:00:00+00:00,7.28e-06,7.32e-06,7.26e-06,7.26e-06,9508850130.284698
2025-12-22 19:00:00+00:00,7.27e-06,7.27e-06,7.16e-06,7.18e-06,15588574580.263067
2025-12-22 20:00:00+00:00,7.17e-06,7.21e-06,7.15e-06,7.16e-06,10505383233.71708
2025-12-22 21:00:00+00:00,7.17e-06,7.19e-06,7.15e-06,7.18e-06,7671179513.741607
2025-12-22 22:00:00+00:00,7.17e-06,7.22e-06,7.15e-06,7.21e-06,8878374258.282982
2025-12-22 23:00:00+00:00,7.21e-06,7.23e-06,7.18e-06,7.21e-06,3839952986.55897
2025-12-23 00:00:00+00:00,7.2e-06,7.28e-06,7.19e-06,7.26e-06,2834816640.45066
2025-12-23 01:00:00+00:00,7.25e-06,7.27e-06,7.22e-06,7.23e-06,3250266771.20171
2025-12-23 02:00:00+00:00,7.23e-06,7.28e-06,7.2e-06,7.2e-06,4448909414.01786
2025-12-23 03:00:00+00:00,7.2e-06,7.21e-06,7.16e-06,7.19e-06,2522395280.85482
2025-12-23 04:00:00+00:00,7.19e-06,7.2e-06,7.15e-06,7.16e-06,3264560202.105397
2025-12-23 05:00:00+00:00,7.17e-06,7.19e-06,7.13e-06,7.17e-06,7664226115.139046
2025-12-23 06:00:00+00:00,7.16e-06,7.17e-06,7.11e-06,7.15e-06,6397691668.0202
2025-12-23 07:00:00+00:00,7.15e-06,7.16e-06,7.13e-06,7.15e-06,2334569049.827414
2025-12-23 08:00:00+00:00,7.15e-06,7.16e-06,7.11e-06,7.12e-06,4036373877.143546
2025-12-23 09:00:00+00:00,7.12e-06,7.16e-06,7.12e-06,7.15e-06,4510820188.80538
2025-12-23 10:00:00+00:00,7.14e-06,7.17e-06,7.14e-06,7.16e-06,7162436068.43012
2025-12-23 11:00:00+00:00,7.16e-06,7.17e-06,7.13e-06,7.15e-06,3752557831.43323
2025-12-23 12:00:00+00:00,7.15e-06,7.16e-06,7.12e-06,7.16e-06,4764149399.605162
2025-12-23 13:00:00+00:00,7.14e-06,7.16e-06,7.08e-06,7.11e-06,9280558019.964506
2025-12-23 14:00:00+00:00,7.12e-06,7.14e-06,7.04e-06,7.08e-06,27998220596.461
2025-12-23 15:00:00+00:00,7.08e-06,7.12e-06,7.06e-06,7.1e-06,25012771133.998905
2025-12-23 16:00:00+00:00,7.09e-06,7.18e-06,7.09e-06,7.16e-06,5093958611.094213
2025-12-23 17:00:00+00:00,7.16e-06,7.18e-06,7.09e-06,7.09e-06,5433695626.63388
2025-12-23 18:00:00+00:00,7.08e-06,7.17e-06,7.08e-06,7.17e-06,3531246584.10266
2025-12-23 19:00:00+00:00,7.16e-06,7.17e-06,7.1e-06,7.12e-06,6698595478.102108
2025-12-23 20:00:00+00:00,7.11e-06,7.19e-06,7.09e-06,7.13e-06,9538930499.92228
2025-12-23 21:00:00+00:00,7.13e-06,7.14e-06,7.1e-06,7.12e-06,5158613389.560112
2025-12-23 22:00:00+00:00,7.12e-06,7.13e-06,7.08e-06,7.11e-06,9065299885.08811
2025-12-23 23:00:00+00:00,7.09e-06,7.13e-06,7.09e-06,7.12e-06,3064993491.3796496
2025-12-24 00:00:00+00:00,7.12e-06,7.15e-06,7.11e-06,7.14e-06,3842079682.15612
2025-12-24 01:00:00+00:00,7.14e-06,7.16e-06,7.11e-06,7.12e-06,6462155321.120549
2025-12-24 02:00:00+00:00,7.12e-06,7.12e-06,7.03e-06,7.04e-06,11371075905.52946
2025-12-24 03:00:00+00:00,7.04e-06,7.05e-06,7e-06,7.05e-06,12043833253.0682
2025-12-24 04:00:00+00:00,7.05e-06,7.07e-06,7e-06,7e-06,9556656215.421131
2025-12-24 05:00:00+00:00,7e-06,7.03e-06,6.99e-06,7.01e-06,16384403860.385592
2025-12-24 06:00:00+00:00,7.01e-06,7.03e-06,6.98e-06,7.02e-06,6379428686.920768
2025-12-24 07:00:00+00:00,7.02e-06,7.04e-06,7.01e-06,7.01e-06,3938769383.83123
2025-12-24 08:00:00+00:00,7.01e-06,7.03e-06,7e-06,7.01e-06,5588276814.907462
2025-12-24 09:00:00+00:00,7.02e-06,7.08e-06,7.02e-06,7.08e-06,4373465608.677151
2025-12-24 10:00:00+00:00,7.08e-06,7.1e-06,7.06e-06,7.09e-06,2563143727.722034
2025-12-24 11:00:00+00:00,7.09e-06,7.12e-06,7.08e-06,7.1e-06,2518811482.545978
2025-12-24 12:00:00+00:00,7.11e-06,7.14e-06,7.1e-06,7.14e-06,1931617005.82332
2025-12-24 13:00:00+00:00,7.12e-06,7.14e-06,7.1e-06,7.1e-06,3544655716.0226502
2025-12-24 14:00:00+00:00,7.11e-06,7.15e-06,7.06e-06,7.13e-06,11689809270.45973
2025-12-24 15:00:00+00:00,7.13e-06,7.24e-06,7.12e-06,7.24e-06,8998425470.333721
2025-12-24 16:00:00+00:00,7.24e-06,7.28e-06,7.2e-06,7.23e-06,4879251588.004335
2025-12-24 17:00:00+00:00,7.23e-06,7.25e-06,7.17e-06,7.18e-06,10249379074.538958
2025-12-24 18:00:00+00:00,7.18e-06,7.19e-06,7.16e-06,7.17e-06,3835381219.599178
2025-12-24 19:00:00+00:00,7.16e-06,7.17e-06,7.14e-06,7.14e-06,5846188506.041671
2025-12-24 20:00:00+00:00,7.15e-06,7.18e-06,7.15e-06,7.15e-06,3312923090.8609967
2025-12-24 21:00:00+00:00,7.15e-06,7.18e-06,7.14e-06,7.18e-06,2835554510.54008
2025-12-24 22:00:00+00:00,7.18e-06,7.24e-06,7.18e-06,7.23e-06,7527555925.790445
2025-12-24 23:00:00+00:00,7.22e-06,7.23e-06,7.2e-06,7.22e-06,2661791348.96165
2025-12-25 00:00:00+00:00,7.21e-06,7.23e-06,7.17e-06,7.17e-06,3548082604.9203296
2025-12-25 01:00:00+00:00,7.17e-06,7.22e-06,7.17e-06,7.21e-06,3528010764.24563
2025-12-25 02:00:00+00:00,7.21e-06,7.25e-06,7.2e-06,7.24e-06,3174747624.45168
2025-12-25 03:00:00+00:00,7.25e-06,7.27e-06,7.23e-06,7.26e-06,3621028543.633123
2025-12-25 04:00:00+00:00,7.26e-06,7.28e-06,7.24e-06,7.26e-06,3062523554.2087994
2025-12-25 05:00:00+00:00,7.26e-06,7.27e-06,7.22e-06,7.23e-06,3521705690.77548
2025-12-25 06:00:00+00:00,7.23e-06,7.25e-06,7.22e-06,7.25e-06,2346039140.901208
2025-12-25 07:00:00+00:00,7.24e-06,7.26e-06,7.22e-06,7.26e-06,821429375.827686
2025-12-25 08:00:00+00:00,7.26e-06,7.29e-06,7.23e-06,7.24e-06,2079619595.4766543
2025-12-25 09:00:00+00:00,7.24e-06,7.25e-06,7.21e-06,7.23e-06,1456282275.2269
2025-12-25 10:00:00+00:00,7.23e-06,7.24e-06,7.16e-06,7.18e-06,2081972354.64206
2025-12-25 11:00:00+00:00,7.17e-06,7.19e-06,7.16e-06,7.16e-06,1325277270.77257
2025-12-25 12:00:00+00:00,7.17e-06,7.2e-06,7.16e-06,7.2e-06,1992329576.1861503
2025-12-25 13:00:00+00:00,7.19e-06,7.21e-06,7.16e-06,7.19e-06,1731617741.50846
2025-12-25 14:00:00+00:00,7.19e-06,7.2e-06,7.15e-06,7.18e-06,3559210372.74644
2025-12-25 15:00:00+00:00,7.18e-06,7.27e-06,7.17e-06,7.25e-06,4308029333.07711
2025-12-25 16:00:00+00:00,7.26e-06,7.28e-06,7.22e-06,7.23e-06,5562645373.221279
2025-12-25 17:00:00+00:00,7.24e-06,7.24e-06,7.2e-06,7.21e-06,13538724210.23426
2025-12-25 18:00:00+00:00,7.22e-06,7.24e-06,7.21e-06,7.22e-06,27861277203.65629
2025-12-25 19:00:00+00:00,7.24e-06,7.24e-06,7.21e-06,7.23e-06,6849878018.32317
2025-12-25 20:00:00+00:00,7.24e-06,7.25e-06,7.2e-06,7.22e-06,3399080164.1888466
2025-12-25 21:00:00+00:00,7.22e-06,7.24e-06,7.22e-06,7.23e-06,1131482159.6550698
2025-12-25 22:00:00+00:00,7.23e-06,7.23e-06,7.08e-06,7.1e-06,15860793745.719032
2025-12-25 23:00:00+00:00,7.1e-06,7.14e-06,7.04e-06,7.07e-06,7140605774.2631645
2025-12-26 00:00:00+00:00,7.06e-06,7.09e-06,7.02e-06,7.05e-06,9577479139.75297
2025-12-26 01:00:00+00:00,7.05e-06,7.08e-06,7.04e-06,7.07e-06,8994850093.80283
2025-12-26 02:00:00+00:00,7.07e-06,7.29e-06,7.06e-06,7.25e-06,13709911285.73227
2025-12-26 03:00:00+00:00,7.24e-06,7.26e-06,7.2e-06,7.21e-06,10600288076.988998
2025-12-26 04:00:00+00:00,7.21e-06,7.22e-06,7.17e-06,7.21e-06,3053496804.50241
2025-12-26 05:00:00+00:00,7.21e-06,7.21e-06,7.17e-06,7.19e-06,4805966783.82114
2025-12-26 06:00:00+00:00,7.19e-06,7.22e-06,7.18e-06,7.18e-06,2212137480.505191
2025-12-26 07:00:00+00:00,7.18e-06,7.2e-06,7.14e-06,7.16e-06,4346027667.60698
2025-12-26 08:00:00+00:00,7.16e-06,7.2e-06,7.16e-06,7.17e-06,5512982032.44584
2025-12-26 09:00:00+00:00,7.18e-06,7.21e-06,7.16e-06,7.21e-06,3725993015.53697
2025-12-26 10:00:00+00:00,7.21e-06,7.22e-06,7.19e-06,7.2e-06,1487286239.109041
2025-12-26 11:00:00+00:00,7.2e-06,7.22e-06,7.18e-06,7.2e-06,7224205978.34496
2025-12-26 12:00:00+00:00,7.2e-06,7.24e-06,7.19e-06,7.23e-06,4148328711.273765
2025-12-26 13:00:00+00:00,7.23e-06,7.24e-06,7.21e-06,7.22e-06,2825334144.4089
2025-12-26 14:00:00+00:00,7.23e-06,7.23e-06,7.09e-06,7.11e-06,7206696762.8524
2025-12-26 15:00:00+00:00,7.11e-06,7.16e-06,7.06e-06,7.14e-06,10205312780.34898
2025-12-26 16:00:00+00:00,7.13e-06,7.15e-06,7.07e-06,7.07e-06,9773492801.560549
2025-12-26 17:00:00+00:00,7.07e-06,7.13e-06,7.06e-06,7.1e-06,6582134646.46172
2025-12-26 18:00:00+00:00,7.1e-06,7.13e-06,7.09e-06,7.11e-06,5378981958.871152
2025-12-26 19:00:00+00:00,7.11e-06,7.14e-06,7.09e-06,7.14e-06,11684946585.107
2025-12-26 20:00:00+00:00,7.13e-06,7.17e-06,7.11e-06,7.14e-06,1850054874.1112616
2025-12-26 21:00:00+00:00,7.15e-06,7.16e-06,7.11e-06,7.12e-06,6444643530.73344
2025-12-26 22:00:00+00:00,7.11e-06,7.13e-06,7.09e-06,7.12e-06,4828875011.533075
2025-12-26 23:00:00+00:00,7.12e-06,7.14e-06,7.1e-06,7.13e-06,3640151809.693013
2025-12-27 00:00:00+00:00,7.12e-06,7.12e-06,7.09e-06,7.12e-06,4292236345.28414
2025-12-27 01:00:00+00:00,7.11e-06,7.13e-06,7.09e-06,7.13e-06,3378840880.0002
2025-12-27 02:00:00+00:00,7.14e-06,7.15e-06,7.11e-06,7.14e-06,1909035259.31019
2025-12-27 03:00:00+00:00,7.14e-06,7.22e-06,7.12e-06,7.19e-06,40598222612.30308
2025-12-27 04:00:00+00:00,7.2e-06,7.2e-06,7.16e-06,7.16e-06,3860368108.997749
2025-12-27 05:00:00+00:00,7.17e-06,7.18e-06,7.15e-06,7.17e-06,11030001715.361818
2025-12-27 06:00:00+00:00,7.17e-06,7.17e-06,7.15e-06,7.16e-06,3916848111.3978906
2025-12-27 07:00:00+00:00,7.17e-06,7.18e-06,7.15e-06,7.16e-06,3586982353.136209
2025-12-27 08:00:00+00:00,7.16e-06,7.17e-06,7.14e-06,7.14e-06,4409605364.68867
2025-12-27 09:00:00+00:00,7.15e-06,7.16e-06,7.14e-06,7.15e-06,4284983763.4171896
2025-12-27 10:00:00+00:00,7.15e-06,7.18e-06,7.13e-06,7.18e-06,4979745239.01978
2025-12-27 11:00:00+00:00,7.18e-06,7.22e-06,7.18e-06,7.22e-06,1967605474.68844
2025-12-27 12:00:00+00:00,7.22e-06,7.24e-06,7.21e-06,7.22e-06,1203412846.2998502
2025-12-27 13:00:00+00:00,7.23e-06,7.25e-06,7.2e-06,7.21e-06,4251829830.2582703
2025-12-27 14:00:00+00:00,7.22e-06,7.23e-06,7.2e-06,7.22e-06,2971125817.62991
2025-12-27 15:00:00+00:00,7.22e-06,7.25e-06,7.2e-06,7.25e-06,13714796594.458977
2025-12-27 16:00:00+00:00,7.24e-06,7.32e-06,7.24e-06,7.27e-06,16074065108.548018
2025-12-27 17:00:00+00:00,7.27e-06,7.27e-06,7.24e-06,7.26e-06,17773407929.694702
2025-12-27 18:00:00+00:00,7.25e-06,7.26e-06,7.23e-06,7.24e-06,3872181639.216071
2025-12-27 19:00:00+00:00,7.24e-06,7.25e-06,7.23e-06,7.23e-06,15029109989.20292
2025-12-27 20:00:00+00:00,7.24e-06,7.26e-06,7.23e-06,7.25e-06,19287985135.49401
2025-12-27 21:00:00+00:00,7.24e-06,7.29e-06,7.23e-06,7.29e-06,10205135617.98107
2025-12-27 22:00:00+00:00,7.29e-06,7.35e-06,7.28e-06,7.3e-06,9422289015.83994
2025-12-27 23:00:00+00:00,7.31e-06,7.39e-06,7.3e-06,7.37e-06,8340013339.0483
2025-12-28 00:00:00+00:00,7.38e-06,7.41e-06,7.35e-06,7.37e-06,9543660376.999151
2025-12-28 01:00:00+00:00,7.36e-06,7.38e-06,7.33e-06,7.34e-06,3057869519.5497103
2025-12-28 02:00:00+00:00,7.34e-06,7.37e-06,7.33e-06,7.35e-06,5485838037.92521
2025-12-28 03:00:00+00:00,7.35e-06,7.35e-06,7.31e-06,7.33e-06,3957531865.5989504
2025-12-28 04:00:00+00:00,7.33e-06,7.36e-06,7.32e-06,7.34e-06,11061701904.72115
2025-12-28 05:00:00+00:00,7.34e-06,7.35e-06,7.32e-06,7.35e-06,3491337027.2544804
2025-12-28 06:00:00+00:00,7.33e-06,7.39e-06,7.33e-06,7.38e-06,2400112394.65368
2025-12-28 07:00:00+00:00,7.37e-06,7.4e-06,7.36e-06,7.37e-06,2132991018.424806
2025-12-28 08:00:00+00:00,7.36e-06,7.38e-06,7.35e-06,7.36e-06,471272716.76273
2025-12-28 09:00:00+00:00,7.35e-06,7.35e-06,7.31e-06,7.33e-06,2974852767.28372
2025-12-28 10:00:00+00:00,7.33e-06,7.35e-06,7.32e-06,7.33e-06,1581959517.46153
2025-12-28 11:00:00+00:00,7.34e-06,7.35e-06,7.3e-06,7.33e-06,3607515463.38968
2025-12-28 12:00:00+00:00,7.33e-06,7.33e-06,7.3e-06,7.32e-06,2405555765.33144
2025-12-28 13:00:00+00:00,7.31e-06,7.34e-06,7.31e-06,7.32e-06,5662713949.270161
2025-12-28 14:00:00+00:00,7.33e-06,7.39e-06,7.32e-06,7.37e-06,17348347744.811348
2025-12-28 15:00:00+00:00,7.36e-06,7.39e-06,7.34e-06,7.35e-06,6531672444.71277
2025-12-28 16:00:00+00:00,7.35e-06,7.37e-06,7.32e-06,7.33e-06,3700038881.2460914
2025-12-28 17:00:00+00:00,7.32e-06,7.35e-06,7.31e-06,7.31e-06,4754406934.426411
2025-12-28 18:00:00+00:00,7.32e-06,7.33e-06,7.25e-06,7.28e-06,11298473317.55799
2025-12-28 19:00:00+00:00,7.27e-06,7.3e-06,7.26e-06,7.28e-06,5527059022.089339
2025-12-28 20:00:00+00:00,7.27e-06,7.31e-06,7.26e-06,7.28e-06,12001753152.097908
2025-12-28 21:00:00+00:00,7.29e-06,7.32e-06,7.27e-06,7.32e-06,5966113083.352591
2025-12-28 22:00:00+00:00,7.31e-06,7.39e-06,7.29e-06,7.39e-06,12655170594.25943
2025-12-28 23:00:00+00:00,7.38e-06,7.41e-06,7.35e-06,7.39e-06,5321649244.067769
2025-12-29 00:00:00+00:00,7.4e-06,7.47e-06,7.38e-06,7.45e-06,9794974428.586843
2025-12-29 01:00:00+00:00,7.45e-06,7.51e-06,7.42e-06,7.48e-06,11649164712.60884
2025-12-29 02:00:00+00:00,7.48e-06,7.53e-06,7.46e-06,7.48e-06,5147167499.189489
2025-12-29 03:00:00+00:00,7.48e-06,7.56e-06,7.46e-06,7.54e-06,24943302371.03556
2025-12-29 04:00:00+00:00,7.55e-06,7.55e-06,7.49e-06,7.5e-06,5662358522.990314
2025-12-29 05:00:00+00:00,7.49e-06,7.51e-06,7.44e-06,7.45e-06,3145883485.7671204
2025-12-29 06:00:00+00:00,7.44e-06,7.47e-06,7.43e-06,7.43e-06,4421669927.03757
2025-12-29 07:00:00+00:00,7.44e-06,7.47e-06,7.41e-06,7.46e-06,2616620461.5308
2025-12-29 08:00:00+00:00,7.46e-06,7.5e-06,7.45e-06,7.46e-06,1677582848.9963462
2025-12-29 09:00:00+00:00,7.47e-06,7.48e-06,7.37e-06,7.42e-06,8295077358.110828
2025-12-29 10:00:00+00:00,7.41e-06,7.5e-06,7.41e-06,7.5e-06,5558825970.717015
2025-12-29 11:00:00+00:00,7.49e-06,7.5e-06,7.43e-06,7.44e-06,7469358011.560811
2025-12-29 12:00:00+00:00,7.44e-06,7.45e-06,7.31e-06,7.37e-06,4786987697.350816
2025-12-29 13:00:00+00:00,7.36e-06,7.36e-06,7.3e-06,7.32e-06,5118679051.265773
2025-12-29 14:00:00+00:00,7.32e-06,7.41e-06,7.28e-06,7.34e-06,9605007135.050411
2025-12-29 15:00:00+00:00,7.34e-06,7.39e-06,7.32e-06,7.33e-06,11435975443.913826
2025-12-29 16:00:00+00:00,7.33e-06,7.34e-06,7.28e-06,7.29e-06,14398815076.859283
2025-12-29 17:00:00+00:00,7.29e-06,7.32e-06,7.26e-06,7.31e-06,5880114381.15004
2025-12-29 18:00:00+00:00,7.3e-06,7.31e-06,7.23e-06,7.25e-06,9738700922.335785
2025-12-29 19:00:00+00:00,7.24e-06,7.28e-06,7.22e-06,7.25e-06,7773474055.71448
2025-12-29 20:00:00+00:00,7.25e-06,7.26e-06,7.21e-06,7.22e-06,5355561554.251489
2025-12-29 21:00:00+00:00,7.22e-06,7.25e-06,7.21e-06,7.23e-06,7718778490.567367
2025-12-29 22:00:00+00:00,7.23e-06,7.24e-06,7.19e-06,7.21e-06,20633526920.095222
2025-12-29 23:00:00+00:00,7.21e-06,7.22e-06,7.16e-06,7.18e-06,12693660105.640589
2025-12-30 00:00:00+00:00,7.18e-06,7.21e-06,7.14e-06,7.16e-06,6515523445.450529
2025-12-30 01:00:00+00:00,7.16e-06,7.18e-06,7.13e-06,7.17e-06,9969520338.22922
2025-12-30 02:00:00+00:00,7.16e-06,7.18e-06,7.14e-06,7.17e-06,10564632117.576908
2025-12-30 03:00:00+00:00,7.16e-06,7.18e-06,7.14e-06,7.15e-06,27890737795.99517
2025-12-30 04:00:00+00:00,7.14e-06,7.19e-06,7.14e-06,7.16e-06,4727193750.741269
2025-12-30 05:00:00+00:00,7.16e-06,7.17e-06,7.13e-06,7.15e-06,16525351689.92624
2025-12-30 06:00:00+00:00,7.14e-06,7.16e-06,7.13e-06,7.14e-06,4122197169.339833
2025-12-30 07:00:00+00:00,7.14e-06,7.18e-06,7.14e-06,7.16e-06,5342533075.47134
2025-12-30 08:00:00+00:00,7.16e-06,7.24e-06,7.15e-06,7.2e-06,4376139846.956696
2025-12-30 09:00:00+00:00,7.2e-06,7.22e-06,7.18e-06,7.21e-06,4945276073.74498
2025-12-30 10:00:00+00:00,7.22e-06,7.24e-06,7.19e-06,7.2e-06,2207587548.44151
2025-12-30 11:00:00+00:00,7.19e-06,7.21e-06,7.18e-06,7.18e-06,3668590882.35459
2025-12-30 12:00:00+00:00,7.19e-06,7.2e-06,7.15e-06,7.17e-06,5823365041.9279785
2025-12-30 13:00:00+00:00,7.16e-06,7.17e-06,7.14e-06,7.16e-06,2598441134.34356
2025-12-30 14:00:00+00:00,7.15e-06,7.23e-06,7.11e-06,7.21e-06,24080437772.959183
2025-12-30 15:00:00+00:00,7.2e-06,7.21e-06,7.12e-06,7.16e-06,8928672290.91453
2025-12-30 16:00:00+00:00,7.15e-06,7.21e-06,7.13e-06,7.16e-06,8637328349.84951
2025-12-30 17:00:00+00:00,7.16e-06,7.18e-06,7.1e-06,7.11e-06,32823824817.15314
2025-12-30 18:00:00+00:00,7.11e-06,7.13e-06,7.08e-06,7.11e-06,15497457836.705729
2025-12-30 19:00:00+00:00,7.1e-06,7.13e-06,7.07e-06,7.12e-06,5687370891.971395
2025-12-30 20:00:00+00:00,7.12e-06,7.12e-06,7.07e-06,7.08e-06,12234531165.162449
2025-12-30 21:00:00+00:00,7.08e-06,7.09e-06,7.06e-06,7.09e-06,14050079736.45484
2025-12-30 22:00:00+00:00,7.08e-06,7.1e-06,7.07e-06,7.1e-06,14229041939.03472
2025-12-30 23:00:00+00:00,7.1e-06,7.12e-06,7.08e-06,7.09e-06,15150491919.324558
2025-12-31 00:00:00+00:00,7.1e-06,7.1e-06,7.06e-06,7.07e-06,11734711356.37852
2025-12-31 01:00:00+00:00,7.06e-06,7.11e-06,7.05e-06,7.07e-06,15160943425.36187
2025-12-31 02:00:00+00:00,7.06e-06,7.07e-06,7.04e-06,7.06e-06,9118628888.07148
2025-12-31 03:00:00+00:00,7.07e-06,7.1e-06,7.05e-06,7.06e-06,16510169252.016396
2025-12-31 04:00:00+00:00,7.07e-06,7.08e-06,7.06e-06,7.07e-06,4078578750.75881
2025-12-31 05:00:00+00:00,7.07e-06,7.09e-06,7.06e-06,7.09e-06,4720126157.37336
2025-12-31 06:00:00+00:00,7.09e-06,7.09e-06,7.07e-06,7.09e-06,3739324773.7839
2025-12-31 07:00:00+00:00,7.09e-06,7.09e-06,7.07e-06,7.08e-06,3187123034.52854
2025-12-31 08:00:00+00:00,7.09e-06,7.13e-06,7.09e-06,7.09e-06,6110975356.680278
2025-12-31 09:00:00+00:00,7.1e-06,7.1e-06,7.04e-06,7.06e-06,8088918118.865721
2025-12-31 10:00:00+00:00,7.05e-06,7.07e-06,7.04e-06,7.06e-06,10801004128.01989
2025-12-31 11:00:00+00:00,7.05e-06,7.09e-06,7.05e-06,7.09e-06,4510692651.89205
2025-12-31 12:00:00+00:00,7.09e-06,7.09e-06,7.04e-06,7.08e-06,15600398693.647718
2025-12-31 13:00:00+00:00,7.08e-06,7.11e-06,7.06e-06,7.09e-06,11733102659.0871
2025-12-31 14:00:00+00:00,7.09e-06,7.13e-06,7.04e-06,7.04e-06,135759835018.39812
2025-12-31 15:00:00+00:00,7.05e-06,7.06e-06,6.98e-06,6.98e-06,94001783562.37093
2025-12-31 16:00:00+00:00,6.98e-06,7e-06,6.81e-06,6.91e-06,66744088239.37642
2025-12-31 17:00:00+00:00,6.91e-06,6.92e-06,6.84e-06,6.86e-06,36354459761.76405
2025-12-31 18:00:00+00:00,6.85e-06,6.87e-06,6.81e-06,6.85e-06,39599836922.26696
2025-12-31 19:00:00+00:00,6.84e-06,6.89e-06,6.84e-06,6.86e-06,17402475925.90937
2025-12-31 20:00:00+00:00,6.86e-06,6.91e-06,6.82e-06,6.88e-06,35990487821.25948
2025-12-31 21:00:00+00:00,6.89e-06,6.92e-06,6.88e-06,6.89e-06,14099099511.41146
2025-12-31 22:00:00+00:00,6.91e-06,6.91e-06,6.86e-06,6.87e-06,8107424499.235409
2025-12-31 23:00:00+00:00,6.87e-06,6.92e-06,6.86e-06,6.89e-06,12699090171.09462
2026-01-01 00:00:00+00:00,6.91e-06,6.96e-06,6.88e-06,6.91e-06,26496682579.420853
2026-01-01 01:00:00+00:00,6.91e-06,6.96e-06,6.9e-06,6.92e-06,20767264741.421
2026-01-01 02:00:00+00:00,6.92e-06,6.94e-06,6.91e-06,6.93e-06,16507672730.47323
2026-01-01 03:00:00+00:00,6.94e-06,6.95e-06,6.91e-06,6.92e-06,16933404803.972008
2026-01-01 04:00:00+00:00,6.93e-06,6.93e-06,6.9e-06,6.92e-06,24166639387.8828
2026-01-01 05:00:00+00:00,6.92e-06,6.99e-06,6.92e-06,6.97e-06,17248300501.742756
2026-01-01 06:00:00+00:00,6.98e-06,6.99e-06,6.96e-06,6.97e-06,13395944558.81125
2026-01-01 07:00:00+00:00,6.98e-06,7.05e-06,6.96e-06,6.96e-06,63278017721.02895
2026-01-01 08:00:00+00:00,6.97e-06,7.01e-06,6.96e-06,7.01e-06,12039657928.846731
2026-01-01 09:00:00+00:00,7.02e-06,7.04e-06,7.02e-06,7.03e-06,4919502394.00769
2026-01-01 10:00:00+00:00,7.03e-06,7.05e-06,7.02e-06,7.03e-06,3281412325.48825
2026-01-01 11:00:00+00:00,7.05e-06,7.05e-06,7.02e-06,7.04e-06,97792366.5356576
2026-01-01 12:00:00+00:00,7.04e-06,7.04e-06,7e-06,7.01e-06,171888231.8606
2026-01-01 13:00:00+00:00,7e-06,7.06e-06,7e-06,7.05e-06,513195850.12589
2026-01-01 14:00:00+00:00,7.05e-06,7.09e-06,7.05e-06,7.08e-06,671678063.0855042
2026-01-01 15:00:00+00:00,7.08e-06,7.22e-06,7.06e-06,7.18e-06,6047813183.051059
2026-01-01 16:00:00+00:00,7.18e-06,7.21e-06,7.17e-06,7.18e-06,1746036910.6351502
2026-01-01 17:00:00+00:00,7.2e-06,7.3e-06,7.2e-06,7.27e-06,5988052728.96847
2026-01-01 18:00:00+00:00,7.28e-06,7.29e-06,7.25e-06,7.28e-06,4034758326.805832
2026-01-01 19:00:00+00:00,7.29e-06,7.34e-06,7.27e-06,7.34e-06,3539631385.6621823
2026-01-01 20:00:00+00:00,7.33e-06,7.4e-06,7.33e-06,7.39e-06,2101549539.2015083
2026-01-01 21:00:00+00:00,7.4e-06,7.41e-06,7.32e-06,7.35e-06,1863397536.343922
2026-01-01 22:00:00+00:00,7.35e-06,7.47e-06,7.35e-06,7.46e-06,1962007941.3027
2026-01-01 23:00:00+00:00,7.48e-06,7.51e-06,7.44e-06,7.45e-06,1487557987.16172
2026-01-02 00:00:00+00:00,7.46e-06,7.49e-06,7.37e-06,7.4e-06,11313723518.91003
2026-01-02 01:00:00+00:00,7.4e-06,7.42e-06,7.37e-06,7.38e-06,7619258412.577068
2026-01-02 02:00:00+00:00,7.39e-06,7.4e-06,7.32e-06,7.4e-06,8417514445.846034
2026-01-02 03:00:00+00:00,7.4e-06,7.56e-06,7.39e-06,7.53e-06,19404285535.15476
2026-01-02 04:00:00+00:00,7.53e-06,7.55e-06,7.48e-06,7.51e-06,11359764174.680582
2026-01-02 05:00:00+00:00,7.51e-06,7.51e-06,7.47e-06,7.51e-06,4724423571.557694
2026-01-02 06:00:00+00:00,7.5e-06,7.55e-06,7.47e-06,7.48e-06,11628997825.158524
2026-01-02 07:00:00+00:00,7.48e-06,7.49e-06,7.41e-06,7.43e-06,5178386835.10715
2026-01-02 08:00:00+00:00,7.45e-06,7.47e-06,7.42e-06,7.46e-06,3131342842.610793
2026-01-02 09:00:00+00:00,7.46e-06,7.65e-06,7.45e-06,7.59e-06,22269412755.389927
2026-01-02 10:00:00+00:00,7.59e-06,7.64e-06,7.58e-06,7.63e-06,7602935118.521884
2026-01-02 11:00:00+00:00,7.63e-06,7.63e-06,7.49e-06,7.53e-06,8819473004.69994
2026-01-02 12:00:00+00:00,7.53e-06,7.77e-06,7.51e-06,7.76e-06,43709212149.16752
2026-01-02 13:00:00+00:00,7.75e-06,7.78e-06,7.7e-06,7.73e-06,27626592968.865234
2026-01-02 14:00:00+00:00,7.73e-06,7.82e-06,7.61e-06,7.76e-06,33974292005.348137
2026-01-02 15:00:00+00:00,7.77e-06,7.85e-06,7.71e-06,7.81e-06,22882035781.19356
2026-01-02 16:00:00+00:00,7.82e-06,8.29e-06,7.81e-06,8.28e-06,112487818663.0418
2026-01-02 17:00:00+00:00,8.29e-06,8.31e-06,8.2e-06,8.23e-06,54343548855.88102
2026-01-02 18:00:00+00:00,8.22e-06,8.27e-06,8.02e-06,8.02e-06,82102326519.5482
2026-01-02 19:00:00+00:00,8.03e-06,8.15e-06,8e-06,8.12e-06,49322840816.49054
2026-01-02 20:00:00+00:00,8.12e-06,8.21e-06,8.09e-06,8.14e-06,59214435108.03605
2026-01-02 21:00:00+00:00,8.13e-06,8.22e-06,8.13e-06,8.18e-06,37549330672.46755
2026-01-02 22:00:00+00:00,8.18e-06,8.24e-06,8.08e-06,8.2e-06,58976773530.59259
2026-01-02 23:00:00+00:00,8.19e-06,8.19e-06,8.1e-06,8.11e-06,16464513942.74425
2026-01-03 00:00:00+00:00,8.12e-06,8.21e-06,8.11e-06,8.14e-06,26477996946.297543
2026-01-03 01:00:00+00:00,8.14e-06,8.19e-06,8.1e-06,8.1e-06,21832155378.2344
2026-01-03 02:00:00+00:00,8.1e-06,8.16e-06,8.03e-06,8.12e-06,17088817383.602282
2026-01-03 03:00:00+00:00,8.12e-06,8.17e-06,8.11e-06,8.16e-06,9959776616.671762
2026-01-03 04:00:00+00:00,8.15e-06,8.15e-06,8.1e-06,8.11e-06,4350326135.50129
2026-01-03 05:00:00+00:00,8.11e-06,8.15e-06,8.08e-06,8.12e-06,25232889853.503544
2026-01-03 06:00:00+00:00,8.12e-06,8.16e-06,7.99e-06,8.02e-06,14812022639.844269
2026-01-03 07:00:00+00:00,8.01e-06,8.02e-06,7.84e-06,7.86e-06,12098878873.460798
2026-01-03 08:00:00+00:00,7.87e-06,7.94e-06,7.83e-06,7.92e-06,12630789085.500193
2026-01-03 09:00:00+00:00,7.92e-06,7.95e-06,7.89e-06,7.92e-06,5692437695.055739
2026-01-03 10:00:00+00:00,7.92e-06,7.94e-06,7.87e-06,7.87e-06,6417936919.6348295
2026-01-03 11:00:00+00:00,7.88e-06,7.89e-06,7.86e-06,7.87e-06,4254471820.68156
2026-01-03 12:00:00+00:00,7.88e-06,7.89e-06,7.86e-06,7.88e-06,6179103762.2415695
2026-01-03 13:00:00+00:00,7.88e-06,7.94e-06,7.87e-06,7.91e-06,15945143660.139648
2026-01-03 14:00:00+00:00,7.91e-06,7.95e-06,7.89e-06,7.93e-06,7474735050.155045
2026-01-03 15:00:00+00:00,7.92e-06,7.95e-06,7.91e-06,7.94e-06,5115469202.682521
2026-01-03 16:00:00+00:00,7.95e-06,8.1e-06,7.93e-06,8.07e-06,10314543420.765087
2026-01-03 17:00:00+00:00,8.07e-06,8.1e-06,8.02e-06,8.06e-06,8867188643.397947
2026-01-03 18:00:00+00:00,8.06e-06,8.07e-06,8.02e-06,8.04e-06,3393739705.2145705
2026-01-03 19:00:00+00:00,8.04e-06,8.05e-06,8.02e-06,8.04e-06,4606024161.571063
2026-01-03 20:00:00+00:00,8.04e-06,8.05e-06,7.98e-06,8.02e-06,11308616569.80271
2026-01-03 21:00:00+00:00,8.03e-06,8.07e-06,8.01e-06,8.03e-06,19155819110.01265
2026-01-03 22:00:00+00:00,8.03e-06,8.09e-06,8.02e-06,8.08e-06,19689206895.68495
2026-01-03 23:00:00+00:00,8.08e-06,8.11e-06,8.07e-06,8.08e-06,5574224793.225704
2026-01-04 00:00:00+00:00,8.08e-06,8.18e-06,8.07e-06,8.17e-06,21860522900.711243
2026-01-04 01:00:00+00:00,8.16e-06,8.24e-06,8.14e-06,8.22e-06,6352683294.869471
2026-01-04 02:00:00+00:00,8.22e-06,8.33e-06,8.21e-06,8.26e-06,17600631533.003937
2026-01-04 03:00:00+00:00,8.27e-06,8.44e-06,8.27e-06,8.35e-06,23330031073.80776
2026-01-04 04:00:00+00:00,8.36e-06,8.42e-06,8.3e-06,8.32e-06,10753132791.84385
2026-01-04 05:00:00+00:00,8.31e-06,8.41e-06,8.31e-06,8.4e-06,9602448407.85932
2026-01-04 06:00:00+00:00,8.41e-06,8.52e-06,8.38e-06,8.44e-06,52901414098.11149
2026-01-04 07:00:00+00:00,8.43e-06,8.56e-06,8.42e-06,8.48e-06,13987973853.027649
2026-01-04 08:00:00+00:00,8.51e-06,8.68e-06,8.43e-06,8.66e-06,65827446415.22566
2026-01-04 09:00:00+00:00,8.65e-06,8.77e-06,8.61e-06,8.7e-06,18263844851.72105
2026-01-04 10:00:00+00:00,8.69e-06,8.77e-06,8.68e-06,8.76e-06,12862874821.47754
2026-01-04 11:00:00+00:00,8.76e-06,8.81e-06,8.68e-06,8.8e-06,16096982435.12163
2026-01-04 12:00:00+00:00,8.8e-06,8.99e-06,8.79e-06,8.87e-06,46826156172.62714
2026-01-04 13:00:00+00:00,8.87e-06,8.91e-06,8.73e-06,8.87e-06,52869801727.7952
2026-01-04 14:00:00+00:00,8.87e-06,8.89e-06,8.77e-06,8.88e-06,39184772585.4249
2026-01-04 15:00:00+00:00,8.87e-06,9.06e-06,8.79e-06,8.86e-06,72960588983.66826
2026-01-04 16:00:00+00:00,8.86e-06,9.24e-06,8.85e-06,9.17e-06,92666908585.07564
2026-01-04 17:00:00+00:00,9.17e-06,9.4e-06,9.15e-06,9.31e-06,105946344719.11057
2026-01-04 18:00:00+00:00,9.32e-06,9.34e-06,9.07e-06,9.16e-06,81492015091.68394
2026-01-04 19:00:00+00:00,9.16e-06,9.17e-06,8.93e-06,9.06e-06,32935229124.934807
2026-01-04 20:00:00+00:00,9.06e-06,9.14e-06,9e-06,9.02e-06,14007573778.566397
2026-01-04 21:00:00+00:00,9.02e-06,9.09e-06,8.93e-06,9.01e-06,25189750544.68565
2026-01-04 22:00:00+00:00,9e-06,9.11e-06,8.97e-06,9.07e-06,30445764753.15529
2026-01-04 23:00:00+00:00,9.08e-06,9.18e-06,9.01e-06,9.03e-06,24173889335.59661
2026-01-05 00:00:00+00:00,9.06e-06,9.13e-06,8.85e-06,8.9e-06,14250317185.978935
2026-01-05 01:00:00+00:00,8.9e-06,9.04e-06,8.89e-06,8.95e-06,3287294281.49099
2026-01-05 02:00:00+00:00,8.95e-06,8.98e-06,8.85e-06,8.98e-06,1658365483.051058
2026-01-05 03:00:00+00:00,8.97e-06,8.98e-06,8.82e-06,8.82e-06,2852729967.2684903
2026-01-05 04:00:00+00:00,8.84e-06,8.85e-06,8.71e-06,8.77e-06,4703592624.124208
2026-01-05 05:00:00+00:00,8.75e-06,8.8e-06,8.69e-06,8.69e-06,2184130937.788552
2026-01-05 06:00:00+00:00,8.67e-06,8.72e-06,8.63e-06,8.72e-06,2840409540.1287103
2026-01-05 07:00:00+00:00,8.7e-06,8.76e-06,8.66e-06,8.73e-06,1349215321.8870902
2026-01-05 08:00:00+00:00,8.72e-06,8.75e-06,8.67e-06,8.7e-06,3300568552.1586795
2026-01-05 09:00:00+00:00,8.7e-06,8.7e-06,8.62e-06,8.65e-06,1591999923.6234093
2026-01-05 10:00:00+00:00,8.66e-06,8.69e-06,8.58e-06,8.62e-06,8465209314.558542
2026-01-05 11:00:00+00:00,8.61e-06,8.71e-06,8.61e-06,8.7e-06,456191910.79779
2026-01-05 12:00:00+00:00,8.69e-06,8.72e-06,8.67e-06,8.72e-06,3090225317.95985
2026-01-05 13:00:00+00:00,8.72e-06,8.77e-06,8.7e-06,8.76e-06,2476593679.993647
2026-01-05 14:00:00+00:00,8.73e-06,8.76e-06,8.67e-06,8.72e-06,1725977149.5738652
2026-01-05 15:00:00+00:00,8.73e-06,8.9e-06,8.64e-06,8.89e-06,6574462181.709589
2026-01-05 16:00:00+00:00,8.88e-06,1.008e-05,8.88e-06,9.66e-06,141475428762.1312
2026-01-05 17:00:00+00:00,9.65e-06,9.72e-06,9.38e-06,9.48e-06,54488567408.71989
2026-01-05 18:00:00+00:00,9.47e-06,9.5e-06,9.34e-06,9.43e-06,18290389447.44696
2026-01-05 19:00:00+00:00,9.42e-06,9.42e-06,9.12e-06,9.19e-06,19391554079.91656
2026-01-05 20:00:00+00:00,9.19e-06,9.3e-06,9.14e-06,9.18e-06,22210659550.59902
2026-01-05 21:00:00+00:00,9.17e-06,9.26e-06,9.14e-06,9.21e-06,6909299379.242168
2026-01-05 22:00:00+00:00,9.21e-06,9.39e-06,9.2e-06,9.31e-06,14540539127.759808
2026-01-05 23:00:00+00:00,9.31e-06,9.31e-06,9.17e-06,9.27e-06,4330432564.702565
2026-01-06 00:00:00+00:00,9.26e-06,9.28e-06,9.13e-06,9.25e-06,19832980591.51837
2026-01-06 01:00:00+00:00,9.25e-06,9.45e-06,9.25e-06,9.35e-06,52285476020.63084
2026-01-06 02:00:00+00:00,9.34e-06,9.4e-06,9.29e-06,9.32e-06,51127145394.761215
2026-01-06 03:00:00+00:00,9.31e-06,9.63e-06,9.29e-06,9.58e-06,41208888848.18298
2026-01-06 04:00:00+00:00,9.58e-06,9.6e-06,9.38e-06,9.39e-06,19987664485.18323
2026-01-06 05:00:00+00:00,9.39e-06,9.39e-06,9.25e-06,9.27e-06,37069186687.26495
2026-01-06 06:00:00+00:00,9.26e-06,9.33e-06,9.23e-06,9.27e-06,12612727018.11878
2026-01-06 07:00:00+00:00,9.27e-06,9.27e-06,9.13e-06,9.18e-06,17961265211.65533
2026-01-06 08:00:00+00:00,9.19e-06,9.27e-06,9.14e-06,9.17e-06,8627075862.643105
2026-01-06 09:00:00+00:00,9.16e-06,9.31e-06,9.14e-06,9.28e-06,18203967337.470257
2026-01-06 10:00:00+00:00,9.28e-06,9.34e-06,9.26e-06,9.3e-06,13165878537.344446
2026-01-06 11:00:00+00:00,9.31e-06,9.36e-06,9.27e-06,9.3e-06,20585914270.06767
2026-01-06 12:00:00+00:00,9.31e-06,9.38e-06,9.29e-06,9.38e-06,10504465260.098751
2026-01-06 13:00:00+00:00,9.36e-06,9.46e-06,9.36e-06,9.42e-06,21961829799.89798
2026-01-06 14:00:00+00:00,9.42e-06,9.51e-06,9.29e-06,9.34e-06,38441193741.55895
2026-01-06 15:00:00+00:00,9.33e-06,9.37e-06,9.18e-06,9.24e-06,79730544152.06808
2026-01-06 16:00:00+00:00,9.24e-06,9.3e-06,8.94e-06,9.03e-06,83042336371.04158
2026-01-06 17:00:00+00:00,9.02e-06,9.03e-06,8.81e-06,8.85e-06,72839655687.3673
2026-01-06 18:00:00+00:00,8.84e-06,9.05e-06,8.82e-06,8.99e-06,22142148741.166058
2026-01-06 19:00:00+00:00,8.99e-06,9.02e-06,8.93e-06,8.93e-06,8859847203.10048
2026-01-06 20:00:00+00:00,8.95e-06,9.02e-06,8.95e-06,8.98e-06,9311653065.746698
2026-01-06 21:00:00+00:00,8.99e-06,9.13e-06,8.95e-06,9.11e-06,22654094032.003124
2026-01-06 22:00:00+00:00,9.12e-06,9.13e-06,9.04e-06,9.1e-06,6247995496.999441
2026-01-06 23:00:00+00:00,9.09e-06,9.13e-06,9.07e-06,9.12e-06,4444539657.386983
2026-01-07 00:00:00+00:00,9.11e-06,9.14e-06,8.97e-06,8.97e-06,8914466682.712484
2026-01-07 01:00:00+00:00,8.98e-06,9e-06,8.9e-06,8.92e-06,12747495596.11572
2026-01-07 02:00:00+00:00,8.91e-06,9e-06,8.9e-06,9e-06,8344195560.226389
2026-01-07 03:00:00+00:00,9e-06,9.02e-06,8.94e-06,8.94e-06,8896596669.177656
2026-01-07 04:00:00+00:00,8.95e-06,8.97e-06,8.93e-06,8.95e-06,4729508517.375039
2026-01-07 05:00:00+00:00,8.96e-06,8.97e-06,8.9e-06,8.93e-06,6457326814.72461
2026-01-07 06:00:00+00:00,8.92e-06,9.05e-06,8.92e-06,8.98e-06,4625898886.311231
2026-01-07 07:00:00+00:00,8.99e-06,9.09e-06,8.97e-06,9.08e-06,3552845106.58602
2026-01-07 08:00:00+00:00,9.09e-06,9.24e-06,9.08e-06,9.18e-06,11246977626.91789
2026-01-07 09:00:00+00:00,9.18e-06,9.19e-06,9e-06,9.01e-06,15385362579.009571
2026-01-07 10:00:00+00:00,9.01e-06,9.06e-06,8.96e-06,8.98e-06,11729106668.703878
2026-01-07 11:00:00+00:00,8.98e-06,9.04e-06,8.98e-06,9.01e-06,8401012621.593687
2026-01-07 12:00:00+00:00,9e-06,9.02e-06,8.94e-06,8.96e-06,6990073373.787439
2026-01-07 13:00:00+00:00,8.97e-06,9e-06,8.92e-06,8.93e-06,4120715211.411815
2026-01-07 14:00:00+00:00,8.94e-06,9e-06,8.81e-06,8.96e-06,23559706673.40632
2026-01-07 15:00:00+00:00,8.97e-06,8.98e-06,8.81e-06,8.86e-06,18385115713.12222
2026-01-07 16:00:00+00:00,8.84e-06,8.95e-06,8.84e-06,8.93e-06,18199436544.92894
2026-01-07 17:00:00+00:00,8.94e-06,8.96e-06,8.85e-06,8.87e-06,7654173127.38135
2026-01-07 18:00:00+00:00,8.86e-06,8.89e-06,8.78e-06,8.81e-06,14654407962.896042
2026-01-07 19:00:00+00:00,8.82e-06,8.85e-06,8.75e-06,8.82e-06,13558659759.386496
2026-01-07 20:00:00+00:00,8.81e-06,8.85e-06,8.75e-06,8.82e-06,9487878224.73128
2026-01-07 21:00:00+00:00,8.82e-06,8.93e-06,8.8e-06,8.81e-06,15195563215.934689
2026-01-07 22:00:00+00:00,8.81e-06,8.83e-06,8.73e-06,8.76e-06,14948913537.71804
2026-01-07 23:00:00+00:00,8.77e-06,8.83e-06,8.71e-06,8.78e-06,13157645055.916742
2026-01-08 00:00:00+00:00,8.78e-06,8.85e-06,8.76e-06,8.84e-06,8312451169.747993
2026-01-08 01:00:00+00:00,8.83e-06,8.86e-06,8.79e-06,8.85e-06,17528474740.313778
2026-01-08 02:00:00+00:00,8.84e-06,8.85e-06,8.75e-06,8.77e-06,14697029116.252789
2026-01-08 03:00:00+00:00,8.77e-06,8.82e-06,8.69e-06,8.72e-06,12038399473.240028
2026-01-08 04:00:00+00:00,8.72e-06,8.84e-06,8.71e-06,8.8e-06,11847308366.012005
2026-01-08 05:00:00+00:00,8.81e-06,8.83e-06,8.73e-06,8.74e-06,7078962951.29267
2026-01-08 06:00:00+00:00,8.74e-06,8.77e-06,8.64e-06,8.66e-06,19637381455.68748
2026-01-08 07:00:00+00:00,8.65e-06,8.77e-06,8.61e-06,8.75e-06,12816651184.22156
2026-01-08 08:00:00+00:00,8.74e-06,8.81e-06,8.73e-06,8.74e-06,8232409625.339492
2026-01-08 09:00:00+00:00,8.75e-06,8.76e-06,8.65e-06,8.66e-06,7652065898.692729
2026-01-08 10:00:00+00:00,8.65e-06,8.71e-06,8.55e-06,8.7e-06,9435144551.254406
2026-01-08 11:00:00+00:00,8.7e-06,8.7e-06,8.56e-06,8.6e-06,7733937702.061929
2026-01-08 12:00:00+00:00,8.6e-06,8.61e-06,8.5e-06,8.55e-06,20064688186.33469
2026-01-08 13:00:00+00:00,8.55e-06,8.61e-06,8.53e-06,8.56e-06,13369495606.575895
2026-01-08 14:00:00+00:00,8.55e-06,8.62e-06,8.46e-06,8.58e-06,14071645915.70708
2026-01-08 15:00:00+00:00,8.59e-06,8.82e-06,8.55e-06,8.8e-06,19684004619.194782
2026-01-08 16:00:00+00:00,8.8e-06,8.82e-06,8.67e-06,8.74e-06,17134333221.76689
2026-01-08 17:00:00+00:00,8.75e-06,8.78e-06,8.69e-06,8.74e-06,3743237281.5855
2026-01-08 18:00:00+00:00,8.73e-06,8.74e-06,8.69e-06,8.7e-06,22140562354.50585
2026-01-08 19:00:00+00:00,8.71e-06,8.74e-06,8.67e-06,8.67e-06,8994512045.7253
2026-01-08 20:00:00+00:00,8.67e-06,8.68e-06,8.59e-06,8.68e-06,6457312610.823429
2026-01-08 21:00:00+00:00,8.68e-06,8.76e-06,8.66e-06,8.75e-06,8721492822.14152
2026-01-08 22:00:00+00:00,8.75e-06,8.85e-06,8.71e-06,8.76e-06,30180599131.31877
2026-01-08 23:00:00+00:00,8.77e-06,8.79e-06,8.74e-06,8.74e-06,2221314644.32914
2026-01-09 00:00:00+00:00,8.74e-06,8.79e-06,8.72e-06,8.74e-06,4916053778.54157
2026-01-09 01:00:00+00:00,8.73e-06,8.78e-06,8.65e-06,8.69e-06,11083628487.930204
2026-01-09 02:00:00+00:00,8.69e-06,8.77e-06,8.68e-06,8.68e-06,4372370150.120989
2026-01-09 03:00:00+00:00,8.7e-06,8.79e-06,8.68e-06,8.79e-06,4314866647.21553
2026-01-09 04:00:00+00:00,8.79e-06,8.8e-06,8.72e-06,8.75e-06,6831942933.365139
2026-01-09 05:00:00+00:00,8.76e-06,8.78e-06,8.69e-06,8.72e-06,6389919351.00299
2026-01-09 06:00:00+00:00,8.73e-06,8.79e-06,8.72e-06,8.77e-06,4007253486.3937497
2026-01-09 07:00:00+00:00,8.77e-06,8.78e-06,8.74e-06,8.76e-06,6067916480.96221
2026-01-09 08:00:00+00:00,8.75e-06,8.77e-06,8.6e-06,8.66e-06,8203456616.781111
2026-01-09 09:00:00+00:00,8.65e-06,8.75e-06,8.64e-06,8.69e-06,7164992771.77029
2026-01-09 10:00:00+00:00,8.69e-06,8.74e-06,8.66e-06,8.71e-06,2431742910.55649
2026-01-09 11:00:00+00:00,8.72e-06,8.72e-06,8.67e-06,8.68e-06,2396619478.280711
2026-01-09 12:00:00+00:00,8.67e-06,8.7e-06,8.63e-06,8.64e-06,4445186412.749237
2026-01-09 13:00:00+00:00,8.63e-06,8.77e-06,8.63e-06,8.75e-06,13348586154.18524
2026-01-09 14:00:00+00:00,8.75e-06,8.75e-06,8.62e-06,8.65e-06,20336087428.05232
2026-01-09 15:00:00+00:00,8.65e-06,8.87e-06,8.6e-06,8.76e-06,24074964856.62198
2026-01-09 16:00:00+00:00,8.76e-06,8.87e-06,8.75e-06,8.83e-06,15323663553.79066
2026-01-09 17:00:00+00:00,8.84e-06,8.84e-06,8.68e-06,8.75e-06,7058393463.21313
2026-01-09 18:00:00+00:00,8.75e-06,8.76e-06,8.56e-06,8.64e-06,12291960065.487888
2026-01-09 19:00:00+00:00,8.64e-06,8.64e-06,8.55e-06,8.56e-06,5561327808.894045
2026-01-09 20:00:00+00:00,8.55e-06,8.6e-06,8.54e-06,8.55e-06,7876517723.5307
2026-01-09 21:00:00+00:00,8.55e-06,8.68e-06,8.53e-06,8.67e-06,11705421507.659191
2026-01-09 22:00:00+00:00,8.66e-06,8.7e-06,8.62e-06,8.69e-06,5619706039.952209
2026-01-09 23:00:00+00:00,8.68e-06,8.68e-06,8.63e-06,8.65e-06,10434519998.49866
2026-01-10 00:00:00+00:00,8.66e-06,8.67e-06,8.58e-06,8.6e-06,7992064108.33971
2026-01-10 01:00:00+00:00,8.6e-06,8.66e-06,8.59e-06,8.63e-06,2305345309.19672
2026-01-10 02:00:00+00:00,8.63e-06,8.65e-06,8.58e-06,8.62e-06,2920436244.11791
2026-01-10 03:00:00+00:00,8.62e-06,8.64e-06,8.59e-06,8.62e-06,10885754962.483892
2026-01-10 04:00:00+00:00,8.64e-06,8.64e-06,8.59e-06,8.6e-06,4953693283.334841
2026-01-10 05:00:00+00:00,8.61e-06,8.61e-06,8.57e-06,8.57e-06,766481762.1364701
2026-01-10 06:00:00+00:00,8.56e-06,8.62e-06,8.55e-06,8.61e-06,7152439188.53454
2026-01-10 07:00:00+00:00,8.6e-06,8.66e-06,8.59e-06,8.64e-06,1692730535.0557098
2026-01-10 08:00:00+00:00,8.64e-06,8.65e-06,8.62e-06,8.65e-06,2192716356.72791
2026-01-10 09:00:00+00:00,8.65e-06,8.67e-06,8.64e-06,8.65e-06,4570240986.73527
2026-01-10 10:00:00+00:00,8.65e-06,8.66e-06,8.62e-06,8.66e-06,3517053166.2478194
2026-01-10 11:00:00+00:00,8.67e-06,8.67e-06,8.62e-06,8.63e-06,1404916690.1392095
2026-01-10 12:00:00+00:00,8.63e-06,8.68e-06,8.62e-06,8.68e-06,4246888596.9103208
2026-01-10 13:00:00+00:00,8.69e-06,8.7e-06,8.66e-06,8.67e-06,1641152594.4733791
2026-01-10 14:00:00+00:00,8.68e-06,8.69e-06,8.62e-06,8.65e-06,5799924756.84092
2026-01-10 15:00:00+00:00,8.65e-06,8.66e-06,8.63e-06,8.65e-06,8074460994.862342
2026-01-10 16:00:00+00:00,8.64e-06,8.67e-06,8.63e-06,8.65e-06,2655602635.899586
2026-01-10 17:00:00+00:00,8.65e-06,8.71e-06,8.63e-06,8.63e-06,5896881738.8849
2026-01-10 18:00:00+00:00,8.65e-06,8.67e-06,8.63e-06,8.66e-06,9784546462.68376
2026-01-10 19:00:00+00:00,8.66e-06,8.72e-06,8.65e-06,8.71e-06,2130691582.27715
2026-01-10 20:00:00+00:00,8.71e-06,8.74e-06,8.69e-06,8.69e-06,5915210246.236251
2026-01-10 21:00:00+00:00,8.7e-06,8.73e-06,8.68e-06,8.68e-06,9282659595.3268
2026-01-10 22:00:00+00:00,8.69e-06,8.69e-06,8.61e-06,8.61e-06,3267549295.31773
2026-01-10 23:00:00+00:00,8.61e-06,8.67e-06,8.6e-06,8.64e-06,3315997969.411241
2026-01-11 00:00:00+00:00,8.65e-06,8.65e-06,8.6e-06,8.64e-06,3887203070.52
2026-01-11 01:00:00+00:00,8.63e-06,8.66e-06,8.62e-06,8.66e-06,5725798469.073098
2026-01-11 02:00:00+00:00,8.65e-06,8.69e-06,8.63e-06,8.64e-06,2474340589.21476
2026-01-11 03:00:00+00:00,8.65e-06,8.67e-06,8.63e-06,8.67e-06,2369129279.8472
2026-01-11 04:00:00+00:00,8.66e-06,8.66e-06,8.62e-06,8.64e-06,4507698493.04517
2026-01-11 05:00:00+00:00,8.64e-06,8.65e-06,8.62e-06,8.64e-06,3220702308.805559
2026-01-11 06:00:00+00:00,8.64e-06,8.68e-06,8.61e-06,8.67e-06,8925648426.22959
2026-01-11 07:00:00+00:00,8.67e-06,8.69e-06,8.65e-06,8.67e-06,2329304459.23147
2026-01-11 08:00:00+00:00,8.66e-06,8.69e-06,8.65e-06,8.67e-06,3333719635.00875
2026-01-11 09:00:00+00:00,8.67e-06,8.69e-06,8.66e-06,8.67e-06,2703919678.1262293
2026-01-11 10:00:00+00:00,8.66e-06,8.7e-06,8.65e-06,8.66e-06,2059782814.396703
2026-01-11 11:00:00+00:00,8.67e-06,8.67e-06,8.64e-06,8.65e-06,8152072294.7288
2026-01-11 12:00:00+00:00,8.66e-06,8.72e-06,8.65e-06,8.7e-06,4693951081.34377
2026-01-11 13:00:00+00:00,8.69e-06,8.7e-06,8.64e-06,8.64e-06,12141712305.345943
2026-01-11 14:00:00+00:00,8.66e-06,8.7e-06,8.62e-06,8.68e-06,5692142588.935039
2026-01-11 15:00:00+00:00,8.7e-06,8.7e-06,8.49e-06,8.54e-06,13368877442.054571
2026-01-11 16:00:00+00:00,8.53e-06,8.64e-06,8.51e-06,8.59e-06,8771304916.434998
2026-01-11 17:00:00+00:00,8.59e-06,8.62e-06,8.54e-06,8.59e-06,4703272748.387378
2026-01-11 18:00:00+00:00,8.58e-06,8.59e-06,8.53e-06,8.56e-06,5456544171.994805
2026-01-11 19:00:00+00:00,8.57e-06,8.58e-06,8.51e-06,8.52e-06,5156494049.283832
2026-01-11 20:00:00+00:00,8.51e-06,8.52e-06,8.42e-06,8.47e-06,15538112216.929651
2026-01-11 21:00:00+00:00,8.46e-06,8.49e-06,8.42e-06,8.48e-06,7010648512.132941
2026-01-11 22:00:00+00:00,8.47e-06,8.48e-06,8.37e-06,8.39e-06,3162498502.49823
2026-01-11 23:00:00+00:00,8.4e-06,8.47e-06,8.34e-06,8.45e-06,7719809467.386749
2026-01-12 00:00:00+00:00,8.44e-06,8.47e-06,8.36e-06,8.47e-06,4814673018.760771
2026-01-12 01:00:00+00:00,8.47e-06,8.6e-06,8.46e-06,8.56e-06,3965161836.21015
2026-01-12 02:00:00+00:00,8.56e-06,8.74e-06,8.55e-06,8.72e-06,10202352151.65796
2026-01-12 03:00:00+00:00,8.73e-06,8.73e-06,8.62e-06,8.63e-06,9883014772.471128
2026-01-12 04:00:00+00:00,8.64e-06,8.68e-06,8.59e-06,8.68e-06,6007702427.583401
2026-01-12 05:00:00+00:00,8.68e-06,8.68e-06,8.62e-06,8.64e-06,6988232065.113113
2026-01-12 06:00:00+00:00,8.64e-06,8.64e-06,8.54e-06,8.55e-06,12145763084.455223
2026-01-12 07:00:00+00:00,8.54e-06,8.59e-06,8.45e-06,8.48e-06,4141459840.5431294
2026-01-12 08:00:00+00:00,8.47e-06,8.52e-06,8.38e-06,8.43e-06,3610802615.25712
2026-01-12 09:00:00+00:00,8.43e-06,8.45e-06,8.39e-06,8.41e-06,12161861739.839914
2026-01-12 10:00:00+00:00,8.41e-06,8.44e-06,8.38e-06,8.38e-06,3329412527.5902696
2026-01-12 11:00:00+00:00,8.39e-06,8.43e-06,8.38e-06,8.42e-06,2003041736.11938
2026-01-12 12:00:00+00:00,8.41e-06,8.43e-06,8.37e-06,8.39e-06,8127811294.102812
2026-01-12 13:00:00+00:00,8.38e-06,8.41e-06,8.32e-06,8.33e-06,7998658339.832721
2026-01-12 14:00:00+00:00,8.33e-06,8.42e-06,8.25e-06,8.4e-06,14661976659.282492
2026-01-12 15:00:00+00:00,8.4e-06,8.51e-06,8.37e-06,8.5e-06,8733635868.123495
2026-01-12 16:00:00+00:00,8.5e-06,8.6e-06,8.49e-06,8.55e-06,9179728658.91014
2026-01-12 17:00:00+00:00,8.56e-06,8.58e-06,8.41e-06,8.48e-06,25208550069.34608
2026-01-12 18:00:00+00:00,8.48e-06,8.54e-06,8.46e-06,8.48e-06,3127870077.137836
2026-01-12 19:00:00+00:00,8.47e-06,8.5e-06,8.44e-06,8.47e-06,3407542144.1449804
2026-01-12 20:00:00+00:00,8.46e-06,8.51e-06,8.39e-06,8.4e-06,4877831978.813675
2026-01-12 21:00:00+00:00,8.39e-06,8.41e-06,8.32e-06,8.35e-06,6023559132.9199095
2026-01-12 22:00:00+00:00,8.35e-06,8.41e-06,8.35e-06,8.38e-06,3694655365.29939
2026-01-12 23:00:00+00:00,8.38e-06,8.4e-06,8.34e-06,8.37e-06,4087774404.566791
2026-01-13 00:00:00+00:00,8.37e-06,8.42e-06,8.37e-06,8.42e-06,7966776872.72941
2026-01-13 01:00:00+00:00,8.41e-06,8.45e-06,8.38e-06,8.4e-06,5177970354.97256
2026-01-13 02:00:00+00:00,8.39e-06,8.46e-06,8.39e-06,8.39e-06,3655081528.354241
2026-01-13 03:00:00+00:00,8.4e-06,8.58e-06,8.36e-06,8.51e-06,15708133406.213518
2026-01-13 04:00:00+00:00,8.52e-06,8.58e-06,8.51e-06,8.55e-06,17907685276.95854
2026-01-13 05:00:00+00:00,8.56e-06,8.63e-06,8.55e-06,8.59e-06,8022049834.26788
2026-01-13 06:00:00+00:00,8.6e-06,8.64e-06,8.57e-06,8.61e-06,11953446896.651354
2026-01-13 07:00:00+00:00,8.61e-06,8.61e-06,8.55e-06,8.57e-06,2013394122.6933
2026-01-13 08:00:00+00:00,8.58e-06,8.61e-06,8.56e-06,8.6e-06,5812695206.773458
2026-01-13 09:00:00+00:00,8.61e-06,8.64e-06,8.59e-06,8.61e-06,4983234283.736501
2026-01-13 10:00:00+00:00,8.62e-06,8.63e-06,8.56e-06,8.58e-06,748576236.5722984
2026-01-13 11:00:00+00:00,8.58e-06,8.61e-06,8.56e-06,8.59e-06,2308236109.762104
2026-01-13 12:00:00+00:00,8.58e-06,8.61e-06,8.57e-06,8.6e-06,2787627874.352915
2026-01-13 13:00:00+00:00,8.6e-06,8.69e-06,8.59e-06,8.62e-06,10438010161.986313
2026-01-13 14:00:00+00:00,8.63e-06,8.79e-06,8.6e-06,8.68e-06,15570049292.251247
2026-01-13 15:00:00+00:00,8.69e-06,8.79e-06,8.63e-06,8.78e-06,6088240260.71359
2026-01-13 16:00:00+00:00,8.79e-06,8.88e-06,8.77e-06,8.84e-06,26099030760.870674
2026-01-13 17:00:00+00:00,8.85e-06,8.87e-06,8.75e-06,8.79e-06,15152504103.71868
2026-01-13 18:00:00+00:00,8.79e-06,8.82e-06,8.75e-06,8.77e-06,15046923445.25382
2026-01-13 19:00:00+00:00,8.78e-06,8.83e-06,8.75e-06,8.82e-06,8943454196.692913
2026-01-13 20:00:00+00:00,8.83e-06,8.87e-06,8.76e-06,8.8e-06,20990297650.953285
2026-01-13 21:00:00+00:00,8.8e-06,8.82e-06,8.76e-06,8.78e-06,8935107835.2416
2026-01-13 22:00:00+00:00,8.81e-06,9.1e-06,8.81e-06,9.06e-06,12469052656.173412
2026-01-13 23:00:00+00:00,9.09e-06,9.11e-06,8.93e-06,8.97e-06,3834872537.37568
2026-01-14 00:00:00+00:00,8.99e-06,9.05e-06,8.96e-06,8.99e-06,40113481128.72911
2026-01-14 01:00:00+00:00,8.99e-06,9.01e-06,8.84e-06,8.86e-06,16408668039.701336
2026-01-14 02:00:00+00:00,8.87e-06,8.95e-06,8.84e-06,8.92e-06,17946095315.531025
2026-01-14 03:00:00+00:00,8.92e-06,8.97e-06,8.87e-06,8.97e-06,15594618373.57613
2026-01-14 04:00:00+00:00,8.96e-06,8.97e-06,8.86e-06,8.86e-06,15818577690.492302
2026-01-14 05:00:00+00:00,8.87e-06,8.88e-06,8.82e-06,8.84e-06,9483968346.245243
2026-01-14 06:00:00+00:00,8.83e-06,8.84e-06,8.77e-06,8.83e-06,16764703817.134396
2026-01-14 07:00:00+00:00,8.83e-06,8.86e-06,8.78e-06,8.8e-06,13095051911.064531
2026-01-14 08:00:00+00:00,8.79e-06,8.83e-06,8.77e-06,8.77e-06,3662121419.68872
2026-01-14 09:00:00+00:00,8.78e-06,8.83e-06,8.77e-06,8.81e-06,5656402932.203293
2026-01-14 10:00:00+00:00,8.8e-06,8.8e-06,8.7e-06,8.71e-06,13638579641.944906
2026-01-14 11:00:00+00:00,8.71e-06,8.72e-06,8.66e-06,8.68e-06,25274573776.813187
2026-01-14 12:00:00+00:00,8.68e-06,8.74e-06,8.68e-06,8.73e-06,3681300497.3222632
2026-01-14 13:00:00+00:00,8.72e-06,8.74e-06,8.65e-06,8.67e-06,11899719845.908203
2026-01-14 14:00:00+00:00,8.66e-06,8.83e-06,8.65e-06,8.8e-06,38346556552.22795
2026-01-14 15:00:00+00:00,8.79e-06,8.9e-06,8.74e-06,8.8e-06,39671965893.243385
2026-01-14 16:00:00+00:00,8.8e-06,9.04e-06,8.79e-06,8.96e-06,30074936352.991524
2026-01-14 17:00:00+00:00,8.96e-06,9.05e-06,8.8e-06,8.81e-06,47568649485.41826
2026-01-14 18:00:00+00:00,8.81e-06,8.83e-06,8.72e-06,8.79e-06,46847108699.67461
2026-01-14 19:00:00+00:00,8.78e-06,8.88e-06,8.75e-06,8.8e-06,21686384868.87141
2026-01-14 20:00:00+00:00,8.8e-06,8.86e-06,8.71e-06,8.75e-06,9452713469.864902
2026-01-14 21:00:00+00:00,8.74e-06,8.76e-06,8.7e-06,8.74e-06,17476466424.38615
2026-01-14 22:00:00+00:00,8.75e-06,8.75e-06,8.67e-06,8.7e-06,13329178858.697016
2026-01-14 23:00:00+00:00,8.69e-06,8.77e-06,8.69e-06,8.73e-06,5228838529.348981
2026-01-15 00:00:00+00:00,8.74e-06,8.76e-06,8.68e-06,8.7e-06,11793282787.969334
2026-01-15 01:00:00+00:00,8.71e-06,8.74e-06,8.65e-06,8.7e-06,15915003179.55208
2026-01-15 02:00:00+00:00,8.7e-06,8.73e-06,8.62e-06,8.64e-06,11890529204.413029
2026-01-15 03:00:00+00:00,8.64e-06,8.66e-06,8.47e-06,8.49e-06,36196352504.65318
2026-01-15 04:00:00+00:00,8.5e-06,8.56e-06,8.48e-06,8.56e-06,13125420822.866732
2026-01-15 05:00:00+00:00,8.57e-06,8.6e-06,8.55e-06,8.57e-06,7064055619.946131
2026-01-15 06:00:00+00:00,8.57e-06,8.59e-06,8.52e-06,8.55e-06,2439634366.07273
2026-01-15 07:00:00+00:00,8.54e-06,8.62e-06,8.53e-06,8.61e-06,6434110463.22314
2026-01-15 08:00:00+00:00,8.61e-06,8.61e-06,8.57e-06,8.58e-06,1465029411.1788487
2026-01-15 09:00:00+00:00,8.6e-06,8.66e-06,8.56e-06,8.62e-06,6869424674.982285
2026-01-15 10:00:00+00:00,8.63e-06,8.63e-06,8.57e-06,8.58e-06,4551627254.069719
2026-01-15 11:00:00+00:00,8.58e-06,8.6e-06,8.54e-06,8.57e-06,1990427872.1220944
2026-01-15 12:00:00+00:00,8.56e-06,8.6e-06,8.55e-06,8.59e-06,7156475905.649373
2026-01-15 13:00:00+00:00,8.59e-06,8.61e-06,8.55e-06,8.59e-06,7392015273.095443
2026-01-15 14:00:00+00:00,8.59e-06,8.62e-06,8.45e-06,8.52e-06,17636017510.52041
2026-01-15 15:00:00+00:00,8.52e-06,8.54e-06,8.34e-06,8.49e-06,19473791642.53377
2026-01-15 16:00:00+00:00,8.47e-06,8.5e-06,8.42e-06,8.47e-06,13550496485.174553
2026-01-15 17:00:00+00:00,8.47e-06,8.49e-06,8.39e-06,8.39e-06,5388725628.892029
2026-01-15 18:00:00+00:00,8.4e-06,8.41e-06,8.29e-06,8.35e-06,12407486173.33779
2026-01-15 19:00:00+00:00,8.34e-06,8.38e-06,8.28e-06,8.36e-06,11447176515.258022
2026-01-15 20:00:00+00:00,8.35e-06,8.38e-06,8.3e-06,8.32e-06,14142707557.625042
2026-01-15 21:00:00+00:00,8.32e-06,8.39e-06,8.32e-06,8.38e-06,6753311194.587074
2026-01-15 22:00:00+00:00,8.38e-06,8.43e-06,8.38e-06,8.4e-06,4527993175.180399
2026-01-15 23:00:00+00:00,8.4e-06,8.43e-06,8.37e-06,8.41e-06,1397298367.3443997
2026-01-16 00:00:00+00:00,8.42e-06,8.45e-06,8.41e-06,8.44e-06,2493724805.45283
2026-01-16 01:00:00+00:00,8.43e-06,8.46e-06,8.42e-06,8.43e-06,6219362466.8679
2026-01-16 02:00:00+00:00,8.43e-06,8.45e-06,8.38e-06,8.44e-06,8027437645.437459
2026-01-16 03:00:00+00:00,8.44e-06,8.45e-06,8.38e-06,8.39e-06,4502542148.201474
2026-01-16 04:00:00+00:00,8.4e-06,8.42e-06,8.33e-06,8.36e-06,2424962595.6450496
2026-01-16 05:00:00+00:00,8.36e-06,8.44e-06,8.35e-06,8.44e-06,3076860210.732869
2026-01-16 06:00:00+00:00,8.43e-06,8.43e-06,8.4e-06,8.43e-06,2553700884.0915403
2026-01-16 07:00:00+00:00,8.43e-06,8.47e-06,8.42e-06,8.46e-06,1642965980.806281
2026-01-16 08:00:00+00:00,8.45e-06,8.53e-06,8.45e-06,8.5e-06,3660700895.0524206
2026-01-16 09:00:00+00:00,8.49e-06,8.5e-06,8.46e-06,8.5e-06,1917041580.606176
2026-01-16 10:00:00+00:00,8.49e-06,8.49e-06,8.46e-06,8.47e-06,660611113.72129
2026-01-16 11:00:00+00:00,8.47e-06,8.48e-06,8.42e-06,8.45e-06,2704105076.631288
2026-01-16 12:00:00+00:00,8.46e-06,8.46e-06,8.4e-06,8.41e-06,1864213965.2181327
2026-01-16 13:00:00+00:00,8.42e-06,8.42e-06,8.35e-06,8.37e-06,3764787644.479557
2026-01-16 14:00:00+00:00,8.38e-06,8.39e-06,8.34e-06,8.36e-06,6140643441.327736
2026-01-16 15:00:00+00:00,8.35e-06,8.39e-06,8.14e-06,8.19e-06,56217581189.701866
2026-01-16 16:00:00+00:00,8.19e-06,8.28e-06,8.17e-06,8.25e-06,17305823920.085724
2026-01-16 17:00:00+00:00,8.25e-06,8.31e-06,8.2e-06,8.3e-06,10823859223.598186
2026-01-16 18:00:00+00:00,8.31e-06,8.33e-06,8.29e-06,8.31e-06,3688106515.81197
2026-01-16 19:00:00+00:00,8.31e-06,8.36e-06,8.28e-06,8.34e-06,2307241756.52806
2026-01-16 20:00:00+00:00,8.35e-06,8.5e-06,8.3e-06,8.49e-06,9947837779.20998
2026-01-16 21:00:00+00:00,8.49e-06,8.61e-06,8.48e-06,8.53e-06,29906978412.268574
2026-01-16 22:00:00+00:00,8.53e-06,8.59e-06,8.5e-06,8.59e-06,8309555368.516983
2026-01-16 23:00:00+00:00,8.58e-06,8.61e-06,8.54e-06,8.55e-06,2704565235.41618
2026-01-17 00:00:00+00:00,8.55e-06,8.58e-06,8.53e-06,8.57e-06,4370172779.856538
2026-01-17 01:00:00+00:00,8.57e-06,8.59e-06,8.52e-06,8.55e-06,8489361357.929503
2026-01-17 02:00:00+00:00,8.55e-06,8.56e-06,8.48e-06,8.51e-06,5006788087.635916
2026-01-17 03:00:00+00:00,8.51e-06,8.52e-06,8.46e-06,8.49e-06,4476067053.219448
2026-01-17 04:00:00+00:00,8.49e-06,8.53e-06,8.47e-06,8.52e-06,3388581409.781764
2026-01-17 05:00:00+00:00,8.53e-06,8.54e-06,8.45e-06,8.51e-06,10377617954.910255
2026-01-17 06:00:00+00:00,8.5e-06,8.5e-06,8.48e-06,8.48e-06,1982324789.6482687
2026-01-17 07:00:00+00:00,8.49e-06,8.51e-06,8.47e-06,8.51e-06,1449864298.2448
2026-01-17 08:00:00+00:00,8.51e-06,8.55e-06,8.51e-06,8.54e-06,1229908953.3283567
2026-01-17 09:00:00+00:00,8.54e-06,8.57e-06,8.51e-06,8.51e-06,1722183125.2763898
2026-01-17 10:00:00+00:00,8.51e-06,8.55e-06,8.5e-06,8.52e-06,1661082116.668131
2026-01-17 11:00:00+00:00,8.51e-06,8.52e-06,8.47e-06,8.49e-06,2228201108.9366884
2026-01-17 12:00:00+00:00,8.49e-06,8.53e-06,8.48e-06,8.5e-06,4552386775.136526
2026-01-17 13:00:00+00:00,8.51e-06,8.53e-06,8.48e-06,8.51e-06,1764002831.5545504
2026-01-17 14:00:00+00:00,8.52e-06,8.58e-06,8.48e-06,8.58e-06,6558521626.415721
2026-01-17 15:00:00+00:00,8.57e-06,8.6e-06,8.55e-06,8.59e-06,3799452315.12242
2026-01-17 16:00:00+00:00,8.58e-06,8.59e-06,8.49e-06,8.51e-06,4303733164.46872
2026-01-17 17:00:00+00:00,8.51e-06,8.55e-06,8.48e-06,8.5e-06,1949215684.438813
2026-01-17 18:00:00+00:00,8.52e-06,8.54e-06,8.49e-06,8.51e-06,2470987608.2309527
2026-01-17 19:00:00+00:00,8.52e-06,8.54e-06,8.51e-06,8.53e-06,2770203760.2318544
2026-01-17 20:00:00+00:00,8.53e-06,8.55e-06,8.5e-06,8.52e-06,6440639427.38089
2026-01-17 21:00:00+00:00,8.51e-06,8.51e-06,8.48e-06,8.5e-06,5649319226.02374
2026-01-17 22:00:00+00:00,8.5e-06,8.5e-06,8.44e-06,8.47e-06,4363645977.7628
2026-01-17 23:00:00+00:00,8.46e-06,8.49e-06,8.44e-06,8.48e-06,1116655485.18786
2026-01-18 00:00:00+00:00,8.48e-06,8.51e-06,8.46e-06,8.46e-06,3510862292.4792624
2026-01-18 01:00:00+00:00,8.46e-06,8.47e-06,8.39e-06,8.41e-06,4016530119.6732297
2026-01-18 02:00:00+00:00,8.41e-06,8.43e-06,8.37e-06,8.39e-06,15058931343.11397
2026-01-18 03:00:00+00:00,8.39e-06,8.43e-06,8.39e-06,8.4e-06,3221961070.335493
2026-01-18 04:00:00+00:00,8.4e-06,8.42e-06,8.38e-06,8.41e-06,5231322596.81955
2026-01-18 05:00:00+00:00,8.41e-06,8.42e-06,8.38e-06,8.39e-06,2069110916.43289
2026-01-18 06:00:00+00:00,8.4e-06,8.41e-06,8.37e-06,8.39e-06,2237828371.5913696
2026-01-18 07:00:00+00:00,8.38e-06,8.39e-06,8.34e-06,8.37e-06,11647268588.161242
2026-01-18 08:00:00+00:00,8.38e-06,8.39e-06,8.35e-06,8.37e-06,1671318262.69709
2026-01-18 09:00:00+00:00,8.37e-06,8.38e-06,8.36e-06,8.36e-06,1220770960.28819
2026-01-18 10:00:00+00:00,8.37e-06,8.41e-06,8.36e-06,8.4e-06,1946164747.3244896
2026-01-18 11:00:00+00:00,8.39e-06,8.42e-06,8.38e-06,8.4e-06,1455435471.735766
2026-01-18 12:00:00+00:00,8.39e-06,8.4e-06,8.37e-06,8.37e-06,665515503.5587901
2026-01-18 13:00:00+00:00,8.38e-06,8.42e-06,8.37e-06,8.38e-06,2230309884.470711
2026-01-18 14:00:00+00:00,8.39e-06,8.41e-06,8.33e-06,8.35e-06,9600914350.789158
2026-01-18 15:00:00+00:00,8.35e-06,8.39e-06,8.33e-06,8.38e-06,3121113668.66679
2026-01-18 16:00:00+00:00,8.37e-06,8.4e-06,8.35e-06,8.35e-06,2453455375.9086294
2026-01-18 17:00:00+00:00,8.35e-06,8.37e-06,8.33e-06,8.36e-06,4098939495.76128
2026-01-18 18:00:00+00:00,8.36e-06,8.47e-06,8.34e-06,8.43e-06,6169456937.083175
2026-01-18 19:00:00+00:00,8.43e-06,8.45e-06,8.37e-06,8.38e-06,2481234027.6767
2026-01-18 20:00:00+00:00,8.38e-06,8.42e-06,8.35e-06,8.4e-06,2792802524.233426
2026-01-18 21:00:00+00:00,8.39e-06,8.4e-06,8.37e-06,8.39e-06,2710560226.32183
2026-01-18 22:00:00+00:00,8.39e-06,8.42e-06,8.38e-06,8.41e-06,6086726980.07003
2026-01-18 23:00:00+00:00,8.4e-06,8.4e-06,8.05e-06,8.1e-06,25517274160.59388
2026-01-19 00:00:00+00:00,8.1e-06,8.1e-06,7.43e-06,7.88e-06,146215150513.57
2026-01-19 01:00:00+00:00,7.87e-06,7.93e-06,7.83e-06,7.88e-06,15546138051.52901
2026-01-19 02:00:00+00:00,7.88e-06,7.92e-06,7.86e-06,7.9e-06,30329537421.669765
2026-01-19 03:00:00+00:00,7.9e-06,7.91e-06,7.85e-06,7.88e-06,6329902314.03098
2026-01-19 04:00:00+00:00,7.87e-06,7.89e-06,7.84e-06,7.85e-06,28375156547.27583
2026-01-19 05:00:00+00:00,7.85e-06,7.89e-06,7.84e-06,7.86e-06,10899807957.583267
2026-01-19 06:00:00+00:00,7.86e-06,7.87e-06,7.83e-06,7.85e-06,6893973235.863829
2026-01-19 07:00:00+00:00,7.86e-06,7.89e-06,7.84e-06,7.86e-06,2092417402.99291
2026-01-19 08:00:00+00:00,7.86e-06,7.92e-06,7.84e-06,7.89e-06,13704340871.724976
2026-01-19 09:00:00+00:00,7.88e-06,7.89e-06,7.85e-06,7.87e-06,2432959902.21397
2026-01-19 10:00:00+00:00,7.87e-06,7.87e-06,7.84e-06,7.86e-06,1978675801.1464503
2026-01-19 11:00:00+00:00,7.86e-06,7.91e-06,7.85e-06,7.88e-06,1093012588.0051532
2026-01-19 12:00:00+00:00,7.87e-06,7.88e-06,7.83e-06,7.85e-06,3699227228.5910287
2026-01-19 13:00:00+00:00,7.85e-06,7.88e-06,7.83e-06,7.84e-06,5528025050.577702
2026-01-19 14:00:00+00:00,7.84e-06,7.89e-06,7.81e-06,7.88e-06,3020958611.13556
2026-01-19 15:00:00+00:00,7.88e-06,7.91e-06,7.87e-06,7.88e-06,3258753252.43836
2026-01-19 16:00:00+00:00,7.87e-06,8e-06,7.86e-06,7.98e-06,4534971020.426446
2026-01-19 17:00:00+00:00,7.99e-06,8.02e-06,7.95e-06,8e-06,6888746594.245174
2026-01-19 18:00:00+00:00,8e-06,8.04e-06,7.98e-06,8.01e-06,18222131678.294395
2026-01-19 19:00:00+00:00,8e-06,8.09e-06,8e-06,8.06e-06,5741512166.484622
2026-01-19 20:00:00+00:00,8.06e-06,8.12e-06,8.05e-06,8.1e-06,10177070767.692308
2026-01-19 21:00:00+00:00,8.1e-06,8.12e-06,8.07e-06,8.09e-06,8026560537.23129
2026-01-19 22:00:00+00:00,8.08e-06,8.09e-06,8.01e-06,8.01e-06,15675989346.516125
2026-01-19 23:00:00+00:00,8.01e-06,8.13e-06,8.01e-06,8.13e-06,821884577.7279527
2026-01-20 00:00:00+00:00,8.14e-06,8.15e-06,8.06e-06,8.07e-06,7229561140.148681
2026-01-20 01:00:00+00:00,8.07e-06,8.1e-06,8.03e-06,8.05e-06,9932572951.38922
2026-01-20 02:00:00+00:00,8.05e-06,8.06e-06,7.98e-06,8.04e-06,8487742812.337311
2026-01-20 03:00:00+00:00,8.04e-06,8.05e-06,7.99e-06,8.02e-06,6614891545.98465
2026-01-20 04:00:00+00:00,8.01e-06,8.03e-06,7.99e-06,8e-06,10360617871.573511
2026-01-20 05:00:00+00:00,8.01e-06,8.1e-06,7.98e-06,8.06e-06,12996342395.12577
2026-01-20 06:00:00+00:00,8.06e-06,8.06e-06,7.94e-06,7.95e-06,37143140136.49591
2026-01-20 07:00:00+00:00,7.95e-06,7.99e-06,7.92e-06,7.92e-06,9010523173.000622
2026-01-20 08:00:00+00:00,7.93e-06,7.93e-06,7.83e-06,7.89e-06,20080332264.93128
2026-01-20 09:00:00+00:00,7.88e-06,7.89e-06,7.83e-06,7.86e-06,5634421293.542339
2026-01-20 10:00:00+00:00,7.85e-06,7.89e-06,7.84e-06,7.86e-06,7678779675.649027
2026-01-20 11:00:00+00:00,7.84e-06,7.87e-06,7.81e-06,7.81e-06,6323672475.8477
2026-01-20 12:00:00+00:00,7.81e-06,7.88e-06,7.8e-06,7.85e-06,5132074029.527899
2026-01-20 13:00:00+00:00,7.85e-06,7.85e-06,7.78e-06,7.78e-06,11068286470.05172
2026-01-20 14:00:00+00:00,7.79e-06,7.96e-06,7.79e-06,7.87e-06,16594569384.04651
2026-01-20 15:00:00+00:00,7.87e-06,7.93e-06,7.79e-06,7.86e-06,34788763756.7961
2026-01-20 16:00:00+00:00,7.86e-06,7.88e-06,7.72e-06,7.75e-06,13158983115.740498
2026-01-20 17:00:00+00:00,7.75e-06,7.8e-06,7.7e-06,7.76e-06,9209675222.184944
2026-01-20 18:00:00+00:00,7.76e-06,7.78e-06,7.71e-06,7.73e-06,15171721398.870028
2026-01-20 19:00:00+00:00,7.74e-06,7.78e-06,7.73e-06,7.76e-06,3658021521.53681
2026-01-20 20:00:00+00:00,7.75e-06,7.82e-06,7.72e-06,7.8e-06,7716162779.646824
2026-01-20 21:00:00+00:00,7.8e-06,7.81e-06,7.74e-06,7.75e-06,4985795143.9568405
2026-01-20 22:00:00+00:00,7.75e-06,7.78e-06,7.63e-06,7.73e-06,10744199294.705662
2026-01-20 23:00:00+00:00,7.73e-06,7.74e-06,7.69e-06,7.72e-06,8524530708.553915
2026-01-21 00:00:00+00:00,7.72e-06,7.85e-06,7.71e-06,7.85e-06,8978186140.601257
2026-01-21 01:00:00+00:00,7.84e-06,7.9e-06,7.84e-06,7.86e-06,7739555075.35168
2026-01-21 02:00:00+00:00,7.87e-06,7.97e-06,7.87e-06,7.92e-06,7681914661.963676
2026-01-21 03:00:00+00:00,7.92e-06,7.92e-06,7.88e-06,7.9e-06,5078353974.747152
2026-01-21 04:00:00+00:00,7.9e-06,7.94e-06,7.88e-06,7.91e-06,4470846048.8378
2026-01-21 05:00:00+00:00,7.92e-06,7.99e-06,7.9e-06,7.98e-06,6570587949.205431
2026-01-21 06:00:00+00:00,7.98e-06,8e-06,7.92e-06,7.93e-06,8245039792.773428
2026-01-21 07:00:00+00:00,7.94e-06,7.96e-06,7.91e-06,7.93e-06,4755444843.582619
2026-01-21 08:00:00+00:00,7.92e-06,7.93e-06,7.85e-06,7.88e-06,790717547.5371991
2026-01-21 09:00:00+00:00,7.87e-06,7.92e-06,7.86e-06,7.89e-06,2701869480.196506
2026-01-21 10:00:00+00:00,7.88e-06,7.91e-06,7.85e-06,7.87e-06,1587988606.1830895
2026-01-21 11:00:00+00:00,7.88e-06,7.92e-06,7.81e-06,7.83e-06,2644902453.670293
2026-01-21 12:00:00+00:00,7.82e-06,7.84e-06,7.73e-06,7.82e-06,5933994223.309018
2026-01-21 13:00:00+00:00,7.84e-06,7.89e-06,7.77e-06,7.8e-06,6229283499.160963
2026-01-21 14:00:00+00:00,7.79e-06,7.99e-06,7.78e-06,7.97e-06,44316935989.128746
2026-01-21 15:00:00+00:00,7.97e-06,8.01e-06,7.91e-06,8e-06,20629943545.157787
2026-01-21 16:00:00+00:00,8e-06,8.01e-06,7.66e-06,7.67e-06,35192309576.14588
2026-01-21 17:00:00+00:00,7.68e-06,7.75e-06,7.65e-06,7.74e-06,18969887980.3816
2026-01-21 18:00:00+00:00,7.74e-06,7.82e-06,7.71e-06,7.79e-06,5744735194.429215
2026-01-21 19:00:00+00:00,7.79e-06,8.06e-06,7.76e-06,8.03e-06,19402902791.615337
2026-01-21 20:00:00+00:00,8.04e-06,8.05e-06,7.94e-06,8.03e-06,5799660145.278511
2026-01-21 21:00:00+00:00,8.03e-06,8.16e-06,8.03e-06,8.11e-06,16459141688.452188
2026-01-21 22:00:00+00:00,8.1e-06,8.14e-06,8.01e-06,8.07e-06,14588018224.121458
2026-01-21 23:00:00+00:00,8.08e-06,8.11e-06,7.95e-06,7.98e-06,20649800279.5056
2026-01-22 00:00:00+00:00,7.99e-06,8.06e-06,7.99e-06,8.03e-06,6094598097.024472
2026-01-22 01:00:00+00:00,8.02e-06,8.07e-06,8.02e-06,8.05e-06,3786661972.1666737
2026-01-22 02:00:00+00:00,8.04e-06,8.07e-06,8e-06,8.02e-06,2030861260.6179144
2026-01-22 03:00:00+00:00,8.02e-06,8.04e-06,7.96e-06,7.98e-06,3293292054.6995
2026-01-22 04:00:00+00:00,7.98e-06,8e-06,7.96e-06,7.98e-06,2612141298.71681
2026-01-22 05:00:00+00:00,7.98e-06,7.98e-06,7.93e-06,7.94e-06,6900503809.126911
2026-01-22 06:00:00+00:00,7.94e-06,7.96e-06,7.88e-06,7.92e-06,10599786062.654692
2026-01-22 07:00:00+00:00,7.92e-06,7.93e-06,7.87e-06,7.91e-06,3324698027.132719
2026-01-22 08:00:00+00:00,7.9e-06,7.93e-06,7.87e-06,7.92e-06,3643357155.99299
2026-01-22 09:00:00+00:00,7.93e-06,7.98e-06,7.91e-06,7.97e-06,3090535311.56178
2026-01-22 10:00:00+00:00,7.98e-06,7.98e-06,7.94e-06,7.95e-06,2773610215.122789
2026-01-22 11:00:00+00:00,7.95e-06,7.95e-06,7.9e-06,7.93e-06,2170153765.51481
2026-01-22 12:00:00+00:00,7.92e-06,7.94e-06,7.9e-06,7.91e-06,2584820523.62309
2026-01-22 13:00:00+00:00,7.91e-06,7.95e-06,7.84e-06,7.86e-06,3207982228.07018
2026-01-22 14:00:00+00:00,7.87e-06,7.87e-06,7.76e-06,7.78e-06,22281674848.143314
2026-01-22 15:00:00+00:00,7.78e-06,7.85e-06,7.73e-06,7.81e-06,6535707736.378792
2026-01-22 16:00:00+00:00,7.82e-06,7.9e-06,7.8e-06,7.88e-06,5971311007.8933735
2026-01-22 17:00:00+00:00,7.88e-06,7.9e-06,7.83e-06,7.89e-06,3800016565.506465
2026-01-22 18:00:00+00:00,7.89e-06,7.9e-06,7.82e-06,7.83e-06,3161350322.4418297
2026-01-22 19:00:00+00:00,7.82e-06,7.89e-06,7.81e-06,7.88e-06,4820913435.290356
2026-01-22 20:00:00+00:00,7.88e-06,7.88e-06,7.8e-06,7.83e-06,4064324534.28065
2026-01-22 21:00:00+00:00,7.83e-06,7.85e-06,7.8e-06,7.81e-06,3308022496.57214
2026-01-22 22:00:00+00:00,7.8e-06,7.84e-06,7.79e-06,7.82e-06,6594947758.99961
2026-01-22 23:00:00+00:00,7.81e-06,7.83e-06,7.78e-06,7.81e-06,6733078313.974421
2026-01-23 00:00:00+00:00,7.82e-06,7.83e-06,7.79e-06,7.81e-06,6186276082.643
2026-01-23 01:00:00+00:00,7.82e-06,7.89e-06,7.82e-06,7.88e-06,5297645917.0695095
2026-01-23 02:00:00+00:00,7.88e-06,7.89e-06,7.85e-06,7.86e-06,3970972041.17377
2026-01-23 03:00:00+00:00,7.86e-06,7.93e-06,7.86e-06,7.93e-06,4052301748.56057
2026-01-23 04:00:00+00:00,7.93e-06,7.95e-06,7.91e-06,7.94e-06,6127234097.643748
2026-01-23 05:00:00+00:00,7.94e-06,7.95e-06,7.93e-06,7.94e-06,2407967489.9784904
2026-01-23 06:00:00+00:00,7.95e-06,7.96e-06,7.89e-06,7.9e-06,8851163324.851286
2026-01-23 07:00:00+00:00,7.89e-06,7.92e-06,7.88e-06,7.89e-06,2356596112.73764
2026-01-23 08:00:00+00:00,7.89e-06,7.9e-06,7.81e-06,7.83e-06,3659007044.39776
2026-01-23 09:00:00+00:00,7.83e-06,7.85e-06,7.82e-06,7.83e-06,2239691190.40134
2026-01-23 10:00:00+00:00,7.84e-06,7.86e-06,7.81e-06,7.84e-06,2724393571.1221128
2026-01-23 11:00:00+00:00,7.84e-06,7.87e-06,7.84e-06,7.85e-06,1770433169.9128995
2026-01-23 12:00:00+00:00,7.85e-06,7.88e-06,7.84e-06,7.86e-06,2202969477.8329034
2026-01-23 13:00:00+00:00,7.87e-06,7.88e-06,7.85e-06,7.86e-06,3501517407.28995
2026-01-23 14:00:00+00:00,7.87e-06,7.88e-06,7.73e-06,7.79e-06,11592223841.909231
2026-01-23 15:00:00+00:00,7.79e-06,7.93e-06,7.76e-06,7.93e-06,11023473628.767262
2026-01-23 16:00:00+00:00,7.93e-06,8.05e-06,7.88e-06,7.99e-06,12552452801.18235
2026-01-23 17:00:00+00:00,7.98e-06,8.15e-06,7.93e-06,8.02e-06,12272908618.6092
2026-01-23 18:00:00+00:00,8.03e-06,8.08e-06,8e-06,8.04e-06,34175406729.72625
2026-01-23 19:00:00+00:00,8.04e-06,8.04e-06,7.9e-06,7.92e-06,8649192948.73974
2026-01-23 20:00:00+00:00,7.92e-06,7.93e-06,7.83e-06,7.86e-06,8256368027.97465
2026-01-23 21:00:00+00:00,7.87e-06,7.91e-06,7.85e-06,7.86e-06,4456924098.785469
2026-01-23 22:00:00+00:00,7.85e-06,7.91e-06,7.85e-06,7.9e-06,9969293792.77591
2026-01-23 23:00:00+00:00,7.89e-06,7.9e-06,7.86e-06,7.87e-06,3955060536.702363
2026-01-24 00:00:00+00:00,7.88e-06,7.89e-06,7.85e-06,7.85e-06,5182215749.184476
2026-01-24 01:00:00+00:00,7.84e-06,7.85e-06,7.82e-06,7.84e-06,1951070904.84303
2026-01-24 02:00:00+00:00,7.85e-06,7.86e-06,7.83e-06,7.84e-06,3052464126.7805905
2026-01-24 03:00:00+00:00,7.84e-06,7.89e-06,7.84e-06,7.85e-06,4830420348.01007
2026-01-24 04:00:00+00:00,7.85e-06,7.89e-06,7.84e-06,7.87e-06,3542126380.2576904
2026-01-24 05:00:00+00:00,7.88e-06,7.88e-06,7.85e-06,7.87e-06,2965376023.74988
2026-01-24 06:00:00+00:00,7.87e-06,7.88e-06,7.86e-06,7.87e-06,9329893262.860891
2026-01-24 07:00:00+00:00,7.88e-06,7.88e-06,7.85e-06,7.86e-06,2453653529.3972697
2026-01-24 08:00:00+00:00,7.86e-06,7.89e-06,7.85e-06,7.88e-06,1220398722.5057898
2026-01-24 09:00:00+00:00,7.88e-06,7.91e-06,7.87e-06,7.89e-06,3024332294.20646
2026-01-24 10:00:00+00:00,7.89e-06,7.9e-06,7.87e-06,7.89e-06,2954160316.82456
2026-01-24 11:00:00+00:00,7.9e-06,7.9e-06,7.86e-06,7.87e-06,1939091011.4244096
2026-01-24 12:00:00+00:00,7.88e-06,7.89e-06,7.84e-06,7.86e-06,4103996931.7843
2026-01-24 13:00:00+00:00,7.86e-06,7.87e-06,7.81e-06,7.81e-06,2398803026.4060097
2026-01-24 14:00:00+00:00,7.82e-06,7.85e-06,7.81e-06,7.83e-06,2631785943.26451
2026-01-24 15:00:00+00:00,7.83e-06,7.85e-06,7.77e-06,7.79e-06,4531706855.758324
2026-01-24 16:00:00+00:00,7.78e-06,7.83e-06,7.76e-06,7.82e-06,3739800260.8494697
2026-01-24 17:00:00+00:00,7.81e-06,7.83e-06,7.8e-06,7.82e-06,2016628726.1536424
2026-01-24 18:00:00+00:00,7.82e-06,7.82e-06,7.8e-06,7.81e-06,2593270722.8453226
2026-01-24 19:00:00+00:00,7.82e-06,7.82e-06,7.79e-06,7.79e-06,3944433657.488908
2026-01-24 20:00:00+00:00,7.79e-06,7.83e-06,7.79e-06,7.82e-06,2567817905.1201296
2026-01-24 21:00:00+00:00,7.82e-06,7.85e-06,7.81e-06,7.82e-06,8005244219.24376
2026-01-24 22:00:00+00:00,7.83e-06,7.85e-06,7.82e-06,7.83e-06,11955256084.924316
2026-01-24 23:00:00+00:00,7.83e-06,7.84e-06,7.8e-06,7.8e-06,4838469100.433088
2026-01-25 00:00:00+00:00,7.8e-06,7.82e-06,7.78e-06,7.81e-06,6221330556.121128
2026-01-25 01:00:00+00:00,7.81e-06,7.82e-06,7.76e-06,7.78e-06,12132269555.77282
2026-01-25 02:00:00+00:00,7.77e-06,7.8e-06,7.76e-06,7.77e-06,13148610100.501274
2026-01-25 03:00:00+00:00,7.78e-06,7.78e-06,7.73e-06,7.75e-06,7249935248.4620495
2026-01-25 04:00:00+00:00,7.75e-06,7.78e-06,7.73e-06,7.76e-06,3812277612.5592
2026-01-25 05:00:00+00:00,7.76e-06,7.78e-06,7.75e-06,7.77e-06,2538938083.740302
2026-01-25 06:00:00+00:00,7.77e-06,7.78e-06,7.74e-06,7.76e-06,11053392106.452684
2026-01-25 07:00:00+00:00,7.75e-06,7.76e-06,7.72e-06,7.75e-06,3431400008.50453
2026-01-25 08:00:00+00:00,7.75e-06,7.77e-06,7.71e-06,7.73e-06,3271383393.65327
2026-01-25 09:00:00+00:00,7.73e-06,7.78e-06,7.71e-06,7.75e-06,3065501157.37252
2026-01-25 10:00:00+00:00,7.74e-06,7.8e-06,7.74e-06,7.77e-06,2220178217.51885
2026-01-25 11:00:00+00:00,7.77e-06,7.79e-06,7.75e-06,7.76e-06,1092528171.21185
2026-01-25 12:00:00+00:00,7.75e-06,7.77e-06,7.73e-06,7.75e-06,1053104921.38754
2026-01-25 13:00:00+00:00,7.76e-06,7.77e-06,7.73e-06,7.74e-06,2150283738.62385
2026-01-25 14:00:00+00:00,7.75e-06,7.75e-06,7.68e-06,7.71e-06,5249985865.468322
2026-01-25 15:00:00+00:00,7.72e-06,7.75e-06,7.69e-06,7.71e-06,4087654866.77824
2026-01-25 16:00:00+00:00,7.71e-06,7.71e-06,7.56e-06,7.6e-06,29676644218.219765
2026-01-25 17:00:00+00:00,7.61e-06,7.64e-06,7.57e-06,7.59e-06,22748626657.332943
2026-01-25 18:00:00+00:00,7.59e-06,7.6e-06,7.5e-06,7.54e-06,12869801547.57552
2026-01-25 19:00:00+00:00,7.53e-06,7.54e-06,7.36e-06,7.41e-06,32773720204.0785
2026-01-25 20:00:00+00:00,7.41e-06,7.47e-06,7.39e-06,7.45e-06,16977346186.466438
2026-01-25 21:00:00+00:00,7.46e-06,7.52e-06,7.45e-06,7.49e-06,15513345881.24183
2026-01-25 22:00:00+00:00,7.5e-06,7.5e-06,7.43e-06,7.46e-06,4142620473.301512
2026-01-25 23:00:00+00:00,7.45e-06,7.52e-06,7.44e-06,7.51e-06,2306425266.37859
2026-01-26 00:00:00+00:00,7.51e-06,7.61e-06,7.5e-06,7.6e-06,5096191631.221259
2026-01-26 01:00:00+00:00,7.58e-06,7.7e-06,7.57e-06,7.69e-06,15771226838.586948
2026-01-26 02:00:00+00:00,7.69e-06,7.69e-06,7.63e-06,7.65e-06,2597094748.94278
2026-01-26 03:00:00+00:00,7.65e-06,7.66e-06,7.59e-06,7.6e-06,5592973351.750811
2026-01-26 04:00:00+00:00,7.61e-06,7.7e-06,7.61e-06,7.66e-06,10859229211.03932
2026-01-26 05:00:00+00:00,7.67e-06,7.68e-06,7.65e-06,7.66e-06,3329661698.4860096
2026-01-26 06:00:00+00:00,7.66e-06,7.7e-06,7.64e-06,7.69e-06,1308279387.1735902
2026-01-26 07:00:00+00:00,7.71e-06,7.73e-06,7.67e-06,7.69e-06,2354696683.4350195
2026-01-26 08:00:00+00:00,7.7e-06,7.76e-06,7.68e-06,7.69e-06,6049340850.224885
2026-01-26 09:00:00+00:00,7.69e-06,7.69e-06,7.63e-06,7.63e-06,4591423108.9445
2026-01-26 10:00:00+00:00,7.64e-06,7.67e-06,7.63e-06,7.65e-06,2121217120.0126
2026-01-26 11:00:00+00:00,7.65e-06,7.67e-06,7.63e-06,7.65e-06,19246652289.89587
2026-01-26 12:00:00+00:00,7.65e-06,7.68e-06,7.64e-06,7.66e-06,6002717104.91777
2026-01-26 13:00:00+00:00,7.66e-06,7.69e-06,7.65e-06,7.66e-06,6234910060.60109
2026-01-26 14:00:00+00:00,7.67e-06,7.74e-06,7.62e-06,7.71e-06,9631544504.23186
2026-01-26 15:00:00+00:00,7.72e-06,7.79e-06,7.66e-06,7.71e-06,12990715227.461603
2026-01-26 16:00:00+00:00,7.71e-06,7.78e-06,7.7e-06,7.76e-06,13497185170.226015
2026-01-26 17:00:00+00:00,7.75e-06,7.76e-06,7.69e-06,7.72e-06,9685930960.57383
2026-01-26 18:00:00+00:00,7.72e-06,7.78e-06,7.71e-06,7.75e-06,5518052524.809939
2026-01-26 19:00:00+00:00,7.75e-06,7.79e-06,7.71e-06,7.73e-06,18538905593.86722
2026-01-26 20:00:00+00:00,7.72e-06,7.74e-06,7.64e-06,7.66e-06,8744284114.32491
2026-01-26 21:00:00+00:00,7.65e-06,7.73e-06,7.64e-06,7.71e-06,11227003670.13494
2026-01-26 22:00:00+00:00,7.71e-06,7.73e-06,7.67e-06,7.7e-06,7481052880.24111
2026-01-26 23:00:00+00:00,7.7e-06,7.72e-06,7.67e-06,7.69e-06,4291781529.43516
2026-01-27 00:00:00+00:00,7.69e-06,7.71e-06,7.68e-06,7.7e-06,4729150689.351391
2026-01-27 01:00:00+00:00,7.69e-06,7.78e-06,7.67e-06,7.74e-06,3972965542.4325705
2026-01-27 02:00:00+00:00,7.75e-06,7.79e-06,7.74e-06,7.76e-06,5837129184.96357
2026-01-27 03:00:00+00:00,7.76e-06,7.77e-06,7.71e-06,7.72e-06,4328030022.3712
2026-01-27 04:00:00+00:00,7.73e-06,7.76e-06,7.7e-06,7.71e-06,5742806937.65548
2026-01-27 05:00:00+00:00,7.71e-06,7.72e-06,7.69e-06,7.71e-06,2012907148.80772
2026-01-27 06:00:00+00:00,7.7e-06,7.71e-06,7.66e-06,7.67e-06,1223620795.1385236
2026-01-27 07:00:00+00:00,7.67e-06,7.7e-06,7.64e-06,7.66e-06,3279311798.3995547
2026-01-27 08:00:00+00:00,7.67e-06,7.67e-06,7.63e-06,7.65e-06,2757658585.8948545
2026-01-27 09:00:00+00:00,7.65e-06,7.65e-06,7.62e-06,7.63e-06,3462163781.77964
2026-01-27 10:00:00+00:00,7.63e-06,7.65e-06,7.62e-06,7.64e-06,7101505922.893652
2026-01-27 11:00:00+00:00,7.64e-06,7.66e-06,7.62e-06,7.65e-06,3178147237.19294
2026-01-27 12:00:00+00:00,7.65e-06,7.65e-06,7.62e-06,7.63e-06,2316362315.73078
2026-01-27 13:00:00+00:00,7.63e-06,7.66e-06,7.61e-06,7.62e-06,8284941795.091258
2026-01-27 14:00:00+00:00,7.62e-06,7.69e-06,7.62e-06,7.62e-06,10685273473.098722
2026-01-27 15:00:00+00:00,7.62e-06,7.7e-06,7.61e-06,7.69e-06,8797293011.90687
2026-01-27 16:00:00+00:00,7.7e-06,7.83e-06,7.68e-06,7.8e-06,30243276647.91662
2026-01-27 17:00:00+00:00,7.8e-06,7.8e-06,7.63e-06,7.65e-06,10414412836.98609
2026-01-27 18:00:00+00:00,7.64e-06,7.79e-06,7.63e-06,7.77e-06,8550397547.373019
2026-01-27 19:00:00+00:00,7.77e-06,7.8e-06,7.74e-06,7.79e-06,4043734769.04373
2026-01-27 20:00:00+00:00,7.78e-06,7.89e-06,7.78e-06,7.85e-06,9997893306.508
2026-01-27 21:00:00+00:00,7.85e-06,7.87e-06,7.79e-06,7.79e-06,7121806043.079244
2026-01-27 22:00:00+00:00,7.81e-06,7.86e-06,7.81e-06,7.85e-06,6798372763.741421
2026-01-27 23:00:00+00:00,7.83e-06,7.85e-06,7.82e-06,7.83e-06,4842744806.29092
2026-01-28 00:00:00+00:00,7.83e-06,7.85e-06,7.78e-06,7.8e-06,4078567893.2449903
2026-01-28 01:00:00+00:00,7.8e-06,7.81e-06,7.74e-06,7.77e-06,6706755367.51101
2026-01-28 02:00:00+00:00,7.77e-06,7.79e-06,7.75e-06,7.77e-06,23730648599.63546
2026-01-28 03:00:00+00:00,7.77e-06,7.79e-06,7.74e-06,7.76e-06,3629794406.124092
2026-01-28 04:00:00+00:00,7.76e-06,7.76e-06,7.71e-06,7.74e-06,4713963304.498309
2026-01-28 05:00:00+00:00,7.74e-06,7.76e-06,7.71e-06,7.75e-06,3521391572.89135
2026-01-28 06:00:00+00:00,7.76e-06,7.78e-06,7.74e-06,7.77e-06,4211251090.284466
2026-01-28 07:00:00+00:00,7.77e-06,7.78e-06,7.73e-06,7.73e-06,1902715562.064432
2026-01-28 08:00:00+00:00,7.74e-06,7.75e-06,7.72e-06,7.72e-06,5770371488.921985
2026-01-28 09:00:00+00:00,7.73e-06,7.83e-06,7.72e-06,7.81e-06,3891996428.99041
2026-01-28 10:00:00+00:00,7.82e-06,7.83e-06,7.79e-06,7.79e-06,3184588926.057604
2026-01-28 11:00:00+00:00,7.79e-06,7.87e-06,7.78e-06,7.86e-06,10206006096.656094
2026-01-28 12:00:00+00:00,7.86e-06,7.86e-06,7.79e-06,7.8e-06,7845797112.240589
2026-01-28 13:00:00+00:00,7.81e-06,7.85e-06,7.8e-06,7.83e-06,5518797739.12527
2026-01-28 14:00:00+00:00,7.82e-06,7.83e-06,7.75e-06,7.78e-06,7171522550.018959
2026-01-28 15:00:00+00:00,7.78e-06,7.8e-06,7.71e-06,7.73e-06,10328246972.22988
2026-01-28 16:00:00+00:00,7.74e-06,7.76e-06,7.69e-06,7.71e-06,6742531185.824019
2026-01-28 17:00:00+00:00,7.7e-06,7.8e-06,7.69e-06,7.77e-06,51755954410.91251
2026-01-28 18:00:00+00:00,7.78e-06,7.78e-06,7.71e-06,7.77e-06,9550896139.37653
2026-01-28 19:00:00+00:00,7.76e-06,7.79e-06,7.72e-06,7.78e-06,8738328796.071869
2026-01-28 20:00:00+00:00,7.77e-06,7.84e-06,7.76e-06,7.78e-06,9470664821.73926
2026-01-28 21:00:00+00:00,7.77e-06,7.82e-06,7.72e-06,7.8e-06,5101664869.960701
2026-01-28 22:00:00+00:00,7.8e-06,7.84e-06,7.74e-06,7.81e-06,34100219892.10806
2026-01-28 23:00:00+00:00,7.82e-06,7.84e-06,7.78e-06,7.79e-06,5846272381.1562
2026-01-29 00:00:00+00:00,7.79e-06,7.8e-06,7.73e-06,7.76e-06,7642527150.65547
2026-01-29 01:00:00+00:00,7.75e-06,7.77e-06,7.68e-06,7.7e-06,13269926603.79726
2026-01-29 02:00:00+00:00,7.7e-06,7.71e-06,7.57e-06,7.61e-06,18821235879.31318
2026-01-29 03:00:00+00:00,7.61e-06,7.65e-06,7.59e-06,7.62e-06,6058703423.035601
2026-01-29 04:00:00+00:00,7.62e-06,7.62e-06,7.56e-06,7.61e-06,8592668089.26186
2026-01-29 05:00:00+00:00,7.61e-06,7.62e-06,7.58e-06,7.6e-06,6977364598.71002
2026-01-29 06:00:00+00:00,7.6e-06,7.6e-06,7.58e-06,7.6e-06,3982395480.76087
2026-01-29 07:00:00+00:00,7.6e-06,7.61e-06,7.59e-06,7.59e-06,2547318390.9454904
2026-01-29 08:00:00+00:00,7.59e-06,7.62e-06,7.56e-06,7.58e-06,4141343805.2157393
2026-01-29 09:00:00+00:00,7.58e-06,7.59e-06,7.56e-06,7.56e-06,2596301337.938561
2026-01-29 10:00:00+00:00,7.55e-06,7.58e-06,7.54e-06,7.56e-06,2165898610.67196
2026-01-29 11:00:00+00:00,7.56e-06,7.57e-06,7.53e-06,7.53e-06,3017517310.5730505
2026-01-29 12:00:00+00:00,7.54e-06,7.54e-06,7.49e-06,7.51e-06,5834728633.14881
2026-01-29 13:00:00+00:00,7.51e-06,7.53e-06,7.5e-06,7.52e-06,4337562161.666491
2026-01-29 14:00:00+00:00,7.52e-06,7.53e-06,7.35e-06,7.35e-06,19744770261.965256
2026-01-29 15:00:00+00:00,7.35e-06,7.35e-06,7.2e-06,7.28e-06,68571648825.53168
2026-01-29 16:00:00+00:00,7.28e-06,7.35e-06,7.23e-06,7.35e-06,23995535927.214287
2026-01-29 17:00:00+00:00,7.35e-06,7.44e-06,7.3e-06,7.31e-06,17263210190.055824
2026-01-29 18:00:00+00:00,7.31e-06,7.32e-06,7.2e-06,7.21e-06,21114453658.4611
2026-01-29 19:00:00+00:00,7.21e-06,7.31e-06,7.2e-06,7.28e-06,18771639920.214226
2026-01-29 20:00:00+00:00,7.27e-06,7.35e-06,7.26e-06,7.35e-06,6211074689.490398
2026-01-29 21:00:00+00:00,7.35e-06,7.37e-06,7.33e-06,7.35e-06,9361563341.14052
2026-01-29 22:00:00+00:00,7.36e-06,7.38e-06,7.32e-06,7.34e-06,6361855328.96155
2026-01-29 23:00:00+00:00,7.34e-06,7.35e-06,7.31e-06,7.34e-06,9716661650.296242
2026-01-30 00:00:00+00:00,7.35e-06,7.37e-06,7.32e-06,7.34e-06,12393193530.86097
2026-01-30 01:00:00+00:00,7.33e-06,7.37e-06,7.11e-06,7.26e-06,44377997058.5482
2026-01-30 02:00:00+00:00,7.25e-06,7.27e-06,7.13e-06,7.2e-06,13388806800.855549
2026-01-30 03:00:00+00:00,7.19e-06,7.23e-06,7.15e-06,7.17e-06,14238767945.811913
2026-01-30 04:00:00+00:00,7.18e-06,7.26e-06,7.17e-06,7.22e-06,26447349574.52428
2026-01-30 05:00:00+00:00,7.22e-06,7.26e-06,7.2e-06,7.24e-06,15882826248.368116
2026-01-30 06:00:00+00:00,7.24e-06,7.24e-06,7.1e-06,7.14e-06,14615121318.567951
2026-01-30 07:00:00+00:00,7.16e-06,7.26e-06,7.14e-06,7.24e-06,18888750368.58398
2026-01-30 08:00:00+00:00,7.24e-06,7.26e-06,7.18e-06,7.2e-06,5647104561.188716
2026-01-30 09:00:00+00:00,7.21e-06,7.23e-06,7.16e-06,7.19e-06,5910497679.265799
2026-01-30 10:00:00+00:00,7.18e-06,7.21e-06,7.17e-06,7.21e-06,8312304198.643551
2026-01-30 11:00:00+00:00,7.21e-06,7.33e-06,7.21e-06,7.3e-06,6371564806.170382
2026-01-30 12:00:00+00:00,7.31e-06,7.32e-06,7.26e-06,7.3e-06,3882344063.46219
2026-01-30 13:00:00+00:00,7.29e-06,7.3e-06,7.22e-06,7.25e-06,32985566538.867462
2026-01-30 14:00:00+00:00,7.25e-06,7.34e-06,7.25e-06,7.28e-06,11885394050.81872
2026-01-30 15:00:00+00:00,7.3e-06,7.33e-06,7.21e-06,7.27e-06,17376567631.701496
2026-01-30 16:00:00+00:00,7.27e-06,7.32e-06,7.23e-06,7.27e-06,14040495856.86944
2026-01-30 17:00:00+00:00,7.27e-06,7.33e-06,7.23e-06,7.29e-06,13430380385.157602
2026-01-30 18:00:00+00:00,7.29e-06,7.34e-06,7.11e-06,7.32e-06,30379391271.073544
2026-01-30 19:00:00+00:00,7.32e-06,7.37e-06,7.3e-06,7.31e-06,18934154206.86337
2026-01-30 20:00:00+00:00,7.3e-06,7.3e-06,7.19e-06,7.2e-06,11244951498.429665
2026-01-30 21:00:00+00:00,7.21e-06,7.26e-06,7.19e-06,7.23e-06,9885852347.160303
2026-01-30 22:00:00+00:00,7.24e-06,7.25e-06,7.17e-06,7.22e-06,6351232786.72219
2026-01-30 23:00:00+00:00,7.21e-06,7.23e-06,7.17e-06,7.22e-06,8019611176.695826
2026-01-31 00:00:00+00:00,7.22e-06,7.22e-06,7.16e-06,7.17e-06,6009549231.03155
2026-01-31 01:00:00+00:00,7.18e-06,7.2e-06,7.15e-06,7.18e-06,5002847683.0558405
2026-01-31 02:00:00+00:00,7.18e-06,7.19e-06,7.12e-06,7.17e-06,7683520640.048211
2026-01-31 03:00:00+00:00,7.17e-06,7.17e-06,7.14e-06,7.15e-06,5652925410.157729
2026-01-31 04:00:00+00:00,7.16e-06,7.17e-06,7.12e-06,7.13e-06,4373894717.61429
2026-01-31 05:00:00+00:00,7.13e-06,7.15e-06,7.1e-06,7.14e-06,19425726701.11768
2026-01-31 06:00:00+00:00,7.13e-06,7.15e-06,7.07e-06,7.1e-06,11163908851.149254
2026-01-31 07:00:00+00:00,7.1e-06,7.1e-06,7.03e-06,7.08e-06,5457406117.595293
2026-01-31 08:00:00+00:00,7.08e-06,7.09e-06,6.97e-06,7.04e-06,33884705789.149105
2026-01-31 09:00:00+00:00,7.03e-06,7.08e-06,7.01e-06,7.05e-06,6389360918.83259
2026-01-31 10:00:00+00:00,7.04e-06,7.08e-06,7.03e-06,7.06e-06,2374091585.5355897
2026-01-31 11:00:00+00:00,7.06e-06,7.06e-06,7.02e-06,7.04e-06,4465225138.271739
2026-01-31 12:00:00+00:00,7.02e-06,7.04e-06,7e-06,7e-06,6389651490.563701
2026-01-31 13:00:00+00:00,7.01e-06,7.02e-06,6.95e-06,6.97e-06,9675804229.04352
2026-01-31 14:00:00+00:00,6.98e-06,6.99e-06,6.69e-06,6.8e-06,93249749787.6209
2026-01-31 15:00:00+00:00,6.79e-06,6.89e-06,6.79e-06,6.81e-06,31999097976.63997
2026-01-31 16:00:00+00:00,6.83e-06,6.88e-06,6.71e-06,6.72e-06,36984582180.22016
2026-01-31 17:00:00+00:00,6.73e-06,6.75e-06,6.41e-06,6.56e-06,137590748874.00067
2026-01-31 18:00:00+00:00,6.55e-06,6.58e-06,6.16e-06,6.46e-06,139586964020.02106
2026-01-31 19:00:00+00:00,6.47e-06,6.59e-06,6.45e-06,6.55e-06,62874445712.15985
2026-01-31 20:00:00+00:00,6.55e-06,6.61e-06,6.48e-06,6.57e-06,57956797985.56033
2026-01-31 21:00:00+00:00,6.57e-06,6.7e-06,6.54e-06,6.67e-06,45754199603.79906
2026-01-31 22:00:00+00:00,6.68e-06,6.7e-06,6.61e-06,6.64e-06,23555272679.206005
2026-01-31 23:00:00+00:00,6.65e-06,6.81e-06,6.65e-06,6.8e-06,25000476900.414883
2026-02-01 00:00:00+00:00,6.79e-06,6.87e-06,6.79e-06,6.83e-06,19227062459.22347
2026-02-01 01:00:00+00:00,6.84e-06,6.84e-06,6.74e-06,6.79e-06,25648999281.40302
2026-02-01 02:00:00+00:00,6.8e-06,6.84e-06,6.78e-06,6.82e-06,17574018552.95398
2026-02-01 03:00:00+00:00,6.82e-06,6.84e-06,6.79e-06,6.82e-06,15242451148.912418
2026-02-01 04:00:00+00:00,6.82e-06,6.86e-06,6.82e-06,6.84e-06,13932747230.526873
2026-02-01 05:00:00+00:00,6.83e-06,6.87e-06,6.8e-06,6.82e-06,8994139575.666279
2026-02-01 06:00:00+00:00,6.83e-06,6.88e-06,6.83e-06,6.85e-06,5086256908.482471
2026-02-01 07:00:00+00:00,6.85e-06,6.91e-06,6.81e-06,6.84e-06,12180277590.25797
2026-02-01 08:00:00+00:00,6.84e-06,6.85e-06,6.79e-06,6.8e-06,7589507431.902221
2026-02-01 09:00:00+00:00,6.79e-06,6.82e-06,6.75e-06,6.81e-06,9947754988.44313
2026-02-01 10:00:00+00:00,6.8e-06,6.84e-06,6.71e-06,6.71e-06,12614425099.643108
2026-02-01 11:00:00+00:00,6.72e-06,6.81e-06,6.72e-06,6.78e-06,6827552041.830239
2026-02-01 12:00:00+00:00,6.79e-06,6.8e-06,6.72e-06,6.76e-06,6647501758.748191
2026-02-01 13:00:00+00:00,6.77e-06,6.84e-06,6.76e-06,6.78e-06,12745754164.88032
2026-02-01 14:00:00+00:00,6.77e-06,6.79e-06,6.64e-06,6.73e-06,12644937185.282454
2026-02-01 15:00:00+00:00,6.73e-06,6.74e-06,6.56e-06,6.62e-06,17322188646.38993
2026-02-01 16:00:00+00:00,6.62e-06,6.68e-06,6.56e-06,6.6e-06,15286955646.570145
2026-02-01 17:00:00+00:00,6.6e-06,6.62e-06,6.56e-06,6.62e-06,13310135673.644403
2026-02-01 18:00:00+00:00,6.63e-06,6.75e-06,6.62e-06,6.7e-06,22377313275.587936
2026-02-01 19:00:00+00:00,6.7e-06,6.72e-06,6.61e-06,6.64e-06,8203086211.823776
2026-02-01 20:00:00+00:00,6.64e-06,6.71e-06,6.58e-06,6.65e-06,14668135092.83086
2026-02-01 21:00:00+00:00,6.65e-06,6.66e-06,6.58e-06,6.6e-06,20390340397.5773
2026-02-01 22:00:00+00:00,6.61e-06,6.7e-06,6.6e-06,6.66e-06,7839102352.81331
2026-02-01 23:00:00+00:00,6.65e-06,6.69e-06,6.47e-06,6.61e-06,31158000268.098373
2026-02-02 00:00:00+00:00,6.62e-06,6.74e-06,6.57e-06,6.7e-06,19188247441.51569
2026-02-02 01:00:00+00:00,6.7e-06,6.8e-06,6.64e-06,6.77e-06,13061286397.903414
2026-02-02 02:00:00+00:00,6.77e-06,6.78e-06,6.7e-06,6.72e-06,7054837533.233534
2026-02-02 03:00:00+00:00,6.7e-06,6.72e-06,6.45e-06,6.66e-06,34740821959.54776
2026-02-02 04:00:00+00:00,6.67e-06,6.8e-06,6.57e-06,6.69e-06,12724788554.035242
2026-02-02 05:00:00+00:00,6.68e-06,6.68e-06,6.49e-06,6.56e-06,13889632947.165651
2026-02-02 06:00:00+00:00,6.55e-06,6.72e-06,6.46e-06,6.62e-06,25487699906.12269
2026-02-02 07:00:00+00:00,6.62e-06,6.69e-06,6.61e-06,6.64e-06,13374443840.564129
2026-02-02 08:00:00+00:00,6.64e-06,6.69e-06,6.63e-06,6.67e-06,9442392790.229671
2026-02-02 09:00:00+00:00,6.67e-06,6.75e-06,6.63e-06,6.73e-06,18139016923.587315
2026-02-02 10:00:00+00:00,6.73e-06,6.75e-06,6.7e-06,6.74e-06,11640409383.082829
2026-02-02 11:00:00+00:00,6.75e-06,6.78e-06,6.72e-06,6.73e-06,9846367552.610296
2026-02-02 12:00:00+00:00,6.73e-06,6.77e-06,6.71e-06,6.75e-06,7214418375.921989
2026-02-02 13:00:00+00:00,6.75e-06,6.83e-06,6.73e-06,6.82e-06,20666000808.743446
2026-02-02 14:00:00+00:00,6.81e-06,6.92e-06,6.76e-06,6.86e-06,23881221805.279705
2026-02-02 15:00:00+00:00,6.86e-06,7.02e-06,6.85e-06,6.98e-06,20745116576.37236
2026-02-02 16:00:00+00:00,6.98e-06,6.99e-06,6.92e-06,6.92e-06,16039332160.62013
2026-02-02 17:00:00+00:00,6.92e-06,6.96e-06,6.87e-06,6.88e-06,30397033199.439545
2026-02-02 18:00:00+00:00,6.88e-06,6.95e-06,6.86e-06,6.94e-06,20305841635.08551
2026-02-02 19:00:00+00:00,6.94e-06,6.95e-06,6.88e-06,6.88e-06,7749991826.649361
2026-02-02 20:00:00+00:00,6.88e-06,6.91e-06,6.85e-06,6.87e-06,21218975557.624
2026-02-02 21:00:00+00:00,6.87e-06,6.92e-06,6.87e-06,6.89e-06,10554691553.273449
2026-02-02 22:00:00+00:00,6.9e-06,6.92e-06,6.89e-06,6.91e-06,16693721547.1389
2026-02-02 23:00:00+00:00,6.92e-06,6.93e-06,6.86e-06,6.87e-06,8211451941.987519
2026-02-03 00:00:00+00:00,6.87e-06,6.9e-06,6.83e-06,6.89e-06,5546020341.90339
2026-02-03 01:00:00+00:00,6.89e-06,6.9e-06,6.85e-06,6.88e-06,7660855736.71598
2026-02-03 02:00:00+00:00,6.88e-06,6.88e-06,6.78e-06,6.78e-06,8539260126.282961
2026-02-03 03:00:00+00:00,6.78e-06,6.86e-06,6.77e-06,6.85e-06,9037754006.63777
2026-02-03 04:00:00+00:00,6.86e-06,6.9e-06,6.82e-06,6.88e-06,3893298917.20042
2026-02-03 05:00:00+00:00,6.87e-06,6.88e-06,6.83e-06,6.87e-06,7856237308.92812
2026-02-03 06:00:00+00:00,6.87e-06,6.88e-06,6.79e-06,6.85e-06,20946291504.16167
2026-02-03 07:00:00+00:00,6.84e-06,6.9e-06,6.83e-06,6.88e-06,11239389127.195938
2026-02-03 08:00:00+00:00,6.89e-06,6.92e-06,6.85e-06,6.86e-06,7361147627.625211
2026-02-03 09:00:00+00:00,6.86e-06,6.88e-06,6.76e-06,6.79e-06,16998339787.682987
2026-02-03 10:00:00+00:00,6.79e-06,6.82e-06,6.76e-06,6.78e-06,4387500106.37426
2026-02-03 11:00:00+00:00,6.78e-06,6.82e-06,6.77e-06,6.8e-06,4891388543.446117
2026-02-03 12:00:00+00:00,6.8e-06,6.88e-06,6.78e-06,6.87e-06,4857401820.20206
2026-02-03 13:00:00+00:00,6.86e-06,6.91e-06,6.85e-06,6.9e-06,9755444490.976667
2026-02-03 14:00:00+00:00,6.9e-06,6.91e-06,6.8e-06,6.81e-06,28712620648.266247
2026-02-03 15:00:00+00:00,6.81e-06,7.02e-06,6.79e-06,7e-06,56868048303.79562
2026-02-03 16:00:00+00:00,7e-06,7e-06,6.76e-06,6.79e-06,32148798402.902817
2026-02-03 17:00:00+00:00,6.78e-06,6.8e-06,6.6e-06,6.6e-06,23249740241.82715
2026-02-03 18:00:00+00:00,6.61e-06,6.65e-06,6.48e-06,6.5e-06,43716119363.82415
2026-02-03 19:00:00+00:00,6.5e-06,6.77e-06,6.49e-06,6.72e-06,31837019005.18741
2026-02-03 20:00:00+00:00,6.72e-06,6.98e-06,6.65e-06,6.93e-06,82751895060.62662
2026-02-03 21:00:00+00:00,6.93e-06,6.96e-06,6.81e-06,6.81e-06,12927850275.879364
2026-02-03 22:00:00+00:00,6.82e-06,6.82e-06,6.7e-06,6.72e-06,16563753803.939322
2026-02-03 23:00:00+00:00,6.73e-06,6.73e-06,6.65e-06,6.69e-06,19230222757.31765
2026-02-04 00:00:00+00:00,6.69e-06,6.76e-06,6.66e-06,6.73e-06,11934277686.71666
2026-02-04 01:00:00+00:00,6.74e-06,6.83e-06,6.74e-06,6.78e-06,15826632102.67881
2026-02-04 02:00:00+00:00,6.77e-06,6.78e-06,6.7e-06,6.73e-06,12455425602.34087
2026-02-04 03:00:00+00:00,6.73e-06,6.83e-06,6.72e-06,6.78e-06,11441926313.364462
2026-02-04 04:00:00+00:00,6.77e-06,6.79e-06,6.76e-06,6.78e-06,7420081949.82311
2026-02-04 05:00:00+00:00,6.78e-06,6.79e-06,6.72e-06,6.73e-06,3922728768.7279344
2026-02-04 06:00:00+00:00,6.73e-06,6.81e-06,6.73e-06,6.8e-06,3358994603.060973
2026-02-04 07:00:00+00:00,6.79e-06,6.81e-06,6.76e-06,6.77e-06,8718812836.379972
2026-02-04 08:00:00+00:00,6.79e-06,6.82e-06,6.76e-06,6.81e-06,17408909184.955597
2026-02-04 09:00:00+00:00,6.81e-06,6.83e-06,6.76e-06,6.77e-06,3632856199.927376
2026-02-04 10:00:00+00:00,6.78e-06,6.8e-06,6.77e-06,6.79e-06,4014992523.7362127
2026-02-04 11:00:00+00:00,6.78e-06,6.79e-06,6.7e-06,6.76e-06,6584599187.056589
2026-02-04 12:00:00+00:00,6.76e-06,6.78e-06,6.73e-06,6.75e-06,3318839945.289
2026-02-04 13:00:00+00:00,6.75e-06,6.76e-06,6.66e-06,6.66e-06,8707935467.610731
2026-02-04 14:00:00+00:00,6.66e-06,6.73e-06,6.6e-06,6.61e-06,25367383457.221123
2026-02-04 15:00:00+00:00,6.6e-06,6.68e-06,6.52e-06,6.6e-06,28784007504.62457
2026-02-04 16:00:00+00:00,6.58e-06,6.63e-06,6.51e-06,6.58e-06,26648765016.6719
2026-02-04 17:00:00+00:00,6.57e-06,6.63e-06,6.5e-06,6.57e-06,14526426334.188688
2026-02-04 18:00:00+00:00,6.56e-06,6.69e-06,6.48e-06,6.62e-06,40269357592.09321
2026-02-04 19:00:00+00:00,6.62e-06,6.73e-06,6.6e-06,6.73e-06,14206561125.124212
2026-02-04 20:00:00+00:00,6.72e-06,6.73e-06,6.65e-06,6.67e-06,10926498334.529655
2026-02-04 21:00:00+00:00,6.67e-06,6.68e-06,6.55e-06,6.59e-06,15556130946.84492
2026-02-04 22:00:00+00:00,6.59e-06,6.68e-06,6.49e-06,6.54e-06,28562027877.096928
2026-02-04 23:00:00+00:00,6.55e-06,6.66e-06,6.53e-06,6.62e-06,18031642795.520782
2026-02-05 00:00:00+00:00,6.62e-06,6.64e-06,6.57e-06,6.6e-06,10518034041.415442
2026-02-05 01:00:00+00:00,6.6e-06,6.68e-06,6.56e-06,6.6e-06,25899913927.97301
2026-02-05 02:00:00+00:00,6.61e-06,6.65e-06,6.54e-06,6.54e-06,21774270408.52633
2026-02-05 03:00:00+00:00,6.55e-06,6.6e-06,6.51e-06,6.53e-06,21663437187.914062
2026-02-05 04:00:00+00:00,6.54e-06,6.57e-06,6.5e-06,6.51e-06,19526465092.84944
2026-02-05 05:00:00+00:00,6.51e-06,6.58e-06,6.44e-06,6.52e-06,22116739726.219234
2026-02-05 06:00:00+00:00,6.52e-06,6.52e-06,6.41e-06,6.42e-06,23204511532.737022
2026-02-05 07:00:00+00:00,6.42e-06,6.49e-06,6.4e-06,6.41e-06,14395322353.899652
2026-02-05 08:00:00+00:00,6.42e-06,6.49e-06,6.4e-06,6.46e-06,9780929291.000608
2026-02-05 09:00:00+00:00,6.45e-06,6.53e-06,6.44e-06,6.45e-06,10121052193.41951
2026-02-05 10:00:00+00:00,6.45e-06,6.45e-06,6.3e-06,6.32e-06,17103465679.311447
2026-02-05 11:00:00+00:00,6.32e-06,6.35e-06,6.18e-06,6.27e-06,35349859870.61846
2026-02-05 12:00:00+00:00,6.27e-06,6.3e-06,6.2e-06,6.27e-06,19006399152.50213
2026-02-05 13:00:00+00:00,6.27e-06,6.32e-06,6.22e-06,6.25e-06,21602740257.716614
2026-02-05 14:00:00+00:00,6.23e-06,6.35e-06,6.21e-06,6.22e-06,39758348177.71021
2026-02-05 15:00:00+00:00,6.22e-06,6.24e-06,5.88e-06,6.01e-06,144772312027.07117
2026-02-05 16:00:00+00:00,6.01e-06,6.1e-06,5.94e-06,5.99e-06,90284804306.16814
2026-02-05 17:00:00+00:00,5.99e-06,6.03e-06,5.81e-06,5.87e-06,61955857608.01469
2026-02-05 18:00:00+00:00,5.86e-06,5.92e-06,5.77e-06,5.9e-06,84375915250.43526
2026-02-05 19:00:00+00:00,5.9e-06,5.92e-06,5.82e-06,5.83e-06,45702631614.16201
2026-02-05 20:00:00+00:00,5.83e-06,5.87e-06,5.58e-06,5.68e-06,97439312204.1386
2026-02-05 21:00:00+00:00,5.67e-06,5.8e-06,5.6e-06,5.65e-06,72613052648.02136
2026-02-05 22:00:00+00:00,5.67e-06,5.76e-06,5.57e-06,5.71e-06,50868318363.87303
2026-02-05 23:00:00+00:00,5.7e-06,5.8e-06,5.6e-06,5.61e-06,41535292414.36547
2026-02-06 00:00:00+00:00,5.62e-06,5.69e-06,5.08e-06,5.61e-06,356482437240.1869
2026-02-06 01:00:00+00:00,5.61e-06,5.82e-06,5.58e-06,5.81e-06,74484708313.9553
2026-02-06 02:00:00+00:00,5.83e-06,5.85e-06,5.67e-06,5.71e-06,37107422248.94696
2026-02-06 03:00:00+00:00,5.71e-06,5.76e-06,5.68e-06,5.72e-06,28789575415.27589
2026-02-06 04:00:00+00:00,5.73e-06,5.82e-06,5.7e-06,5.78e-06,66353359902.63332
2026-02-06 05:00:00+00:00,5.78e-06,5.98e-06,5.77e-06,5.97e-06,43848259393.32123
2026-02-06 06:00:00+00:00,5.97e-06,6.01e-06,5.86e-06,5.86e-06,26425300040.25931
2026-02-06 07:00:00+00:00,5.86e-06,5.87e-06,5.8e-06,5.84e-06,13405447456.55738
2026-02-06 08:00:00+00:00,5.83e-06,5.87e-06,5.8e-06,5.83e-06,19139170994.543053
2026-02-06 09:00:00+00:00,5.84e-06,5.98e-06,5.83e-06,5.95e-06,20119092792.24028
2026-02-06 10:00:00+00:00,5.96e-06,6.03e-06,5.93e-06,6.01e-06,24920850123.064743
2026-02-06 11:00:00+00:00,6.01e-06,6.03e-06,5.98e-06,6e-06,22634577114.44917
2026-02-06 12:00:00+00:00,6e-06,6e-06,5.96e-06,5.99e-06,17214681855.091675
2026-02-06 13:00:00+00:00,5.99e-06,6.09e-06,5.98e-06,6.06e-06,44737817944.60435
2026-02-06 14:00:00+00:00,6.07e-06,6.19e-06,5.99e-06,6.17e-06,37067576685.9969
2026-02-06 15:00:00+00:00,6.17e-06,6.19e-06,6.11e-06,6.17e-06,55961240247.00795
2026-02-06 16:00:00+00:00,6.17e-06,6.36e-06,6.16e-06,6.31e-06,21699773287.06382
2026-02-06 17:00:00+00:00,6.3e-06,6.42e-06,6.28e-06,6.33e-06,76185533554.99892
2026-02-06 18:00:00+00:00,6.33e-06,6.34e-06,6.2e-06,6.27e-06,26908317425.803726
2026-02-06 19:00:00+00:00,6.26e-06,6.3e-06,6.21e-06,6.28e-06,19192984318.852505
2026-02-06 20:00:00+00:00,6.27e-06,6.31e-06,6.22e-06,6.25e-06,13527980389.68162
2026-02-06 21:00:00+00:00,6.24e-06,6.29e-06,6.22e-06,6.28e-06,13605158273.655178
2026-02-06 22:00:00+00:00,6.28e-06,6.39e-06,6.27e-06,6.37e-06,14939158998.16782
2026-02-06 23:00:00+00:00,6.38e-06,6.41e-06,6.3e-06,6.31e-06,10836969441.75446
2026-02-07 00:00:00+00:00,6.33e-06,6.33e-06,6.24e-06,6.27e-06,26314907619.31521
2026-02-07 01:00:00+00:00,6.27e-06,6.28e-06,6.21e-06,6.27e-06,14461825567.90941
2026-02-07 02:00:00+00:00,6.26e-06,6.29e-06,6.24e-06,6.27e-06,7526047531.08563
2026-02-07 03:00:00+00:00,6.27e-06,6.32e-06,6.27e-06,6.3e-06,11091028110.13818
2026-02-07 04:00:00+00:00,6.29e-06,6.35e-06,6.26e-06,6.28e-06,6759539650.873459
2026-02-07 05:00:00+00:00,6.27e-06,6.32e-06,6.25e-06,6.27e-06,8236527011.570199
2026-02-07 06:00:00+00:00,6.27e-06,6.31e-06,6.17e-06,6.18e-06,23503964524.565
2026-02-07 07:00:00+00:00,6.18e-06,6.2e-06,6.03e-06,6.08e-06,33692439150.635098
2026-02-07 08:00:00+00:00,6.09e-06,6.12e-06,6.06e-06,6.1e-06,10224140967.411888
2026-02-07 09:00:00+00:00,6.1e-06,6.13e-06,6.05e-06,6.07e-06,5548901639.075428
2026-02-07 10:00:00+00:00,6.06e-06,6.08e-06,6.02e-06,6.04e-06,10962821959.08092
2026-02-07 11:00:00+00:00,6.03e-06,6.05e-06,6.02e-06,6.04e-06,7313912566.977949
2026-02-07 12:00:00+00:00,6.04e-06,6.24e-06,6.03e-06,6.21e-06,25696988553.037582
2026-02-07 13:00:00+00:00,6.21e-06,6.22e-06,6.13e-06,6.15e-06,8115083222.585799
2026-02-07 14:00:00+00:00,6.15e-06,6.17e-06,6.09e-06,6.1e-06,7112445687.473799
2026-02-07 15:00:00+00:00,6.09e-06,6.23e-06,6.09e-06,6.2e-06,11693153636.208458
2026-02-07 16:00:00+00:00,6.21e-06,6.4e-06,6.19e-06,6.24e-06,123358051750.89006
2026-02-07 17:00:00+00:00,6.25e-06,6.26e-06,6.2e-06,6.22e-06,6081646005.449559
2026-02-07 18:00:00+00:00,6.23e-06,6.42e-06,6.22e-06,6.35e-06,22950021378.786057
2026-02-07 19:00:00+00:00,6.34e-06,6.35e-06,6.29e-06,6.3e-06,11339432730.45983
2026-02-07 20:00:00+00:00,6.3e-06,6.36e-06,6.29e-06,6.35e-06,9364674802.621176
2026-02-07 21:00:00+00:00,6.36e-06,6.37e-06,6.32e-06,6.33e-06,6226051302.407425
2026-02-07 22:00:00+00:00,6.33e-06,6.37e-06,6.29e-06,6.3e-06,11259979101.87599
2026-02-07 23:00:00+00:00,6.31e-06,6.33e-06,6.26e-06,6.32e-06,16185836750.819904
2026-02-08 00:00:00+00:00,6.31e-06,6.32e-06,6.26e-06,6.27e-06,8723517910.11702
2026-02-08 01:00:00+00:00,6.28e-06,6.3e-06,6.25e-06,6.28e-06,7132115195.355049
2026-02-08 02:00:00+00:00,6.27e-06,6.29e-06,6.22e-06,6.25e-06,6050838785.80779
2026-02-08 03:00:00+00:00,6.25e-06,6.26e-06,6.19e-06,6.2e-06,6027330140.980499
2026-02-08 04:00:00+00:00,6.21e-06,6.21e-06,6.17e-06,6.2e-06,6346280992.400337
2026-02-08 05:00:00+00:00,6.19e-06,6.23e-06,6.18e-06,6.2e-06,4783537403.78078
2026-02-08 06:00:00+00:00,6.19e-06,6.2e-06,6.16e-06,6.17e-06,2746693441.401284
2026-02-08 07:00:00+00:00,6.17e-06,6.19e-06,6.15e-06,6.18e-06,3934841235.307501
2026-02-08 08:00:00+00:00,6.18e-06,6.3e-06,6.18e-06,6.28e-06,8537150082.883977
2026-02-08 09:00:00+00:00,6.27e-06,6.28e-06,6.2e-06,6.22e-06,3753623909.813225
2026-02-08 10:00:00+00:00,6.22e-06,6.25e-06,6.16e-06,6.18e-06,13934273375.49832
2026-02-08 11:00:00+00:00,6.17e-06,6.28e-06,6.17e-06,6.27e-06,5344362555.84811
2026-02-08 12:00:00+00:00,6.28e-06,6.28e-06,6.21e-06,6.25e-06,6093117515.58727
2026-02-08 13:00:00+00:00,6.25e-06,6.27e-06,6.22e-06,6.26e-06,9839963761.26278
2026-02-08 14:00:00+00:00,6.26e-06,6.28e-06,6.22e-06,6.25e-06,8774700232.12439
2026-02-08 15:00:00+00:00,6.25e-06,6.27e-06,6.17e-06,6.19e-06,10182846682.55497
2026-02-08 16:00:00+00:00,6.18e-06,6.19e-06,6.06e-06,6.07e-06,11460700282.4322
2026-02-08 17:00:00+00:00,6.08e-06,6.14e-06,6.08e-06,6.13e-06,8442463781.21027
2026-02-08 18:00:00+00:00,6.12e-06,6.2e-06,6.12e-06,6.16e-06,9943724796.409664
2026-02-08 19:00:00+00:00,6.16e-06,6.19e-06,6.14e-06,6.19e-06,5932402258.5964365
2026-02-08 20:00:00+00:00,6.18e-06,6.18e-06,6.11e-06,6.13e-06,6774207269.32531
2026-02-08 21:00:00+00:00,6.12e-06,6.15e-06,6.08e-06,6.11e-06,16720605796.648182
2026-02-08 22:00:00+00:00,6.11e-06,6.13e-06,6.1e-06,6.13e-06,4357212488.438
2026-02-08 23:00:00+00:00,6.13e-06,6.24e-06,6.07e-06,6.11e-06,20126272578.8642
2026-02-09 00:00:00+00:00,6.11e-06,6.13e-06,6.07e-06,6.12e-06,10389536555.33127
2026-02-09 01:00:00+00:00,6.11e-06,6.15e-06,6.07e-06,6.11e-06,14011974506.08252
2026-02-09 02:00:00+00:00,6.1e-06,6.16e-06,6.08e-06,6.13e-06,8710270371.12486
2026-02-09 03:00:00+00:00,6.13e-06,6.2e-06,6.13e-06,6.19e-06,8458575716.82744
2026-02-09 04:00:00+00:00,6.19e-06,6.19e-06,6.15e-06,6.17e-06,5009638521.189888
2026-02-09 05:00:00+00:00,6.16e-06,6.19e-06,6.15e-06,6.18e-06,4647800419.68188
2026-02-09 06:00:00+00:00,6.17e-06,6.17e-06,6.1e-06,6.13e-06,7164453565.642561
2026-02-09 07:00:00+00:00,6.12e-06,6.14e-06,6.08e-06,6.1e-06,6947692741.173981
2026-02-09 08:00:00+00:00,6.09e-06,6.1e-06,6e-06,6.03e-06,13279433431.805582
2026-02-09 09:00:00+00:00,6.02e-06,6.03e-06,5.98e-06,5.99e-06,4321401564.107022
2026-02-09 10:00:00+00:00,5.99e-06,6.01e-06,5.89e-06,5.92e-06,12650293384.777798
2026-02-09 11:00:00+00:00,5.92e-06,5.98e-06,5.92e-06,5.97e-06,13190433300.208078
2026-02-09 12:00:00+00:00,5.97e-06,6.02e-06,5.97e-06,6e-06,3907154187.112355
2026-02-09 13:00:00+00:00,6.01e-06,6.02e-06,5.95e-06,5.96e-06,4802778991.202381
2026-02-09 14:00:00+00:00,5.96e-06,6.06e-06,5.95e-06,6.05e-06,10990488275.82004
2026-02-09 15:00:00+00:00,6.05e-06,6.1e-06,6e-06,6.09e-06,9189542586.379423
2026-02-09 16:00:00+00:00,6.09e-06,6.17e-06,6.04e-06,6.11e-06,9842457421.969349
2026-02-09 17:00:00+00:00,6.11e-06,6.19e-06,6.09e-06,6.18e-06,19460800900.567574
2026-02-09 18:00:00+00:00,6.18e-06,6.19e-06,6.12e-06,6.15e-06,8585208399.180679
2026-02-09 19:00:00+00:00,6.15e-06,6.17e-06,6.13e-06,6.16e-06,4785933580.12252
2026-02-09 20:00:00+00:00,6.15e-06,6.17e-06,6.11e-06,6.15e-06,6055858884.60242
2026-02-09 21:00:00+00:00,6.15e-06,6.15e-06,6.07e-06,6.13e-06,10681721775.79769
2026-02-09 22:00:00+00:00,6.13e-06,6.15e-06,6.11e-06,6.13e-06,3969187603.7726808
2026-02-09 23:00:00+00:00,6.13e-06,6.15e-06,6.09e-06,6.1e-06,6092122553.5562
2026-02-10 00:00:00+00:00,6.11e-06,6.12e-06,6.07e-06,6.08e-06,5383062438.4596405
2026-02-10 01:00:00+00:00,6.08e-06,6.13e-06,6.07e-06,6.11e-06,5169189627.26637
2026-02-10 02:00:00+00:00,6.12e-06,6.12e-06,6.08e-06,6.09e-06,6593031013.91664
2026-02-10 03:00:00+00:00,6.1e-06,6.1e-06,6e-06,6.03e-06,7914151739.1334
2026-02-10 04:00:00+00:00,6.03e-06,6.08e-06,6.03e-06,6.07e-06,9394021920.401842
2026-02-10 05:00:00+00:00,6.07e-06,6.08e-06,6.01e-06,6.03e-06,8276855293.43381
2026-02-10 06:00:00+00:00,6.03e-06,6.04e-06,5.95e-06,5.96e-06,14793632327.6144
2026-02-10 07:00:00+00:00,5.96e-06,6e-06,5.95e-06,5.98e-06,5567817779.414921
2026-02-10 08:00:00+00:00,5.98e-06,5.99e-06,5.95e-06,5.98e-06,12281958829.75419
2026-02-10 09:00:00+00:00,5.98e-06,6e-06,5.97e-06,5.99e-06,5815852086.001866
2026-02-10 10:00:00+00:00,5.98e-06,5.99e-06,5.95e-06,5.97e-06,3891031763.647591
2026-02-10 11:00:00+00:00,5.97e-06,5.99e-06,5.96e-06,5.97e-06,5853919774.683848
2026-02-10 12:00:00+00:00,5.97e-06,6e-06,5.96e-06,5.98e-06,4457555616.695062
2026-02-10 13:00:00+00:00,5.97e-06,6.02e-06,5.97e-06,6e-06,12481609152.283892
2026-02-10 14:00:00+00:00,6.01e-06,6.06e-06,5.98e-06,6.01e-06,16678822704.14102
2026-02-10 15:00:00+00:00,6e-06,6.09e-06,5.99e-06,6.03e-06,23038635076.180576
2026-02-10 16:00:00+00:00,6.03e-06,6.05e-06,5.99e-06,6.03e-06,13030069143.162868
2026-02-10 17:00:00+00:00,6.02e-06,6.08e-06,6e-06,6.05e-06,4695888941.88671
2026-02-10 18:00:00+00:00,6.05e-06,6.06e-06,5.95e-06,5.98e-06,7321655944.554178
2026-02-10 19:00:00+00:00,5.98e-06,6.02e-06,5.95e-06,6e-06,6357404825.660858
2026-02-10 20:00:00+00:00,6e-06,6.02e-06,5.98e-06,6e-06,6585808964.37874
2026-02-10 21:00:00+00:00,6e-06,6.02e-06,5.97e-06,5.99e-06,6230699855.58871
2026-02-10 22:00:00+00:00,6e-06,6.03e-06,5.99e-06,6.01e-06,8825284999.737497
2026-02-10 23:00:00+00:00,6.01e-06,6.03e-06,5.99e-06,6.01e-06,11456841825.90221
2026-02-11 00:00:00+00:00,6.01e-06,6.04e-06,6.01e-06,6.03e-06,9512108130.396198
2026-02-11 01:00:00+00:00,6.02e-06,6.04e-06,6.02e-06,6.03e-06,8115953330.76973
2026-02-11 02:00:00+00:00,6.04e-06,6.07e-06,6.02e-06,6.02e-06,6003483925.49222
2026-02-11 03:00:00+00:00,6.02e-06,6.04e-06,5.96e-06,6.01e-06,6737536317.12891
2026-02-11 04:00:00+00:00,6.01e-06,6.01e-06,5.92e-06,5.93e-06,14925556260.406973
2026-02-11 05:00:00+00:00,5.95e-06,5.97e-06,5.9e-06,5.91e-06,8342932106.601213
2026-02-11 06:00:00+00:00,5.91e-06,5.92e-06,5.82e-06,5.84e-06,19818484105.17275
2026-02-11 07:00:00+00:00,5.85e-06,5.87e-06,5.83e-06,5.83e-06,7245261402.89488
2026-02-11 08:00:00+00:00,5.84e-06,5.86e-06,5.81e-06,5.85e-06,6518163355.029624
2026-02-11 09:00:00+00:00,5.85e-06,5.86e-06,5.81e-06,5.82e-06,3518292436.948574
2026-02-11 10:00:00+00:00,5.82e-06,5.83e-06,5.76e-06,5.79e-06,11923194592.558722
2026-02-11 11:00:00+00:00,5.79e-06,5.83e-06,5.79e-06,5.82e-06,7695488346.729588
2026-02-11 12:00:00+00:00,5.81e-06,5.84e-06,5.79e-06,5.81e-06,17709513534.60647
2026-02-11 13:00:00+00:00,5.81e-06,5.88e-06,5.78e-06,5.87e-06,22935236804.208675
2026-02-11 14:00:00+00:00,5.87e-06,6.04e-06,5.81e-06,5.82e-06,19409959718.93684
2026-02-11 15:00:00+00:00,5.82e-06,5.86e-06,5.75e-06,5.81e-06,18854265552.944485
2026-02-11 16:00:00+00:00,5.81e-06,5.9e-06,5.79e-06,5.8e-06,16334397995.88308
2026-02-11 17:00:00+00:00,5.79e-06,5.88e-06,5.77e-06,5.83e-06,10537560728.0759
2026-02-11 18:00:00+00:00,5.83e-06,5.9e-06,5.79e-06,5.88e-06,8620540870.64407
2026-02-11 19:00:00+00:00,5.89e-06,5.92e-06,5.86e-06,5.89e-06,6607706767.912168
2026-02-11 20:00:00+00:00,5.88e-06,5.93e-06,5.85e-06,5.92e-06,9026766753.698536
2026-02-11 21:00:00+00:00,5.93e-06,5.98e-06,5.9e-06,5.95e-06,8113286116.353599
2026-02-11 22:00:00+00:00,5.95e-06,5.97e-06,5.9e-06,5.92e-06,6474460215.609136
2026-02-11 23:00:00+00:00,5.91e-06,5.93e-06,5.87e-06,5.91e-06,9596385525.19063
2026-02-12 00:00:00+00:00,5.91e-06,5.97e-06,5.91e-06,5.95e-06,5097911897.59094
2026-02-12 01:00:00+00:00,5.95e-06,6.02e-06,5.95e-06,5.96e-06,15891519641.03486
2026-02-12 02:00:00+00:00,5.97e-06,5.99e-06,5.95e-06,5.97e-06,5905213292.056911
2026-02-12 03:00:00+00:00,5.97e-06,6e-06,5.97e-06,5.98e-06,4732265095.9923
2026-02-12 04:00:00+00:00,5.99e-06,6.01e-06,5.97e-06,5.98e-06,10214199289.113546
2026-02-12 05:00:00+00:00,5.98e-06,6.03e-06,5.96e-06,6.02e-06,4000824428.26565
2026-02-12 06:00:00+00:00,6.02e-06,6.12e-06,6.02e-06,6.08e-06,13565119057.64322
2026-02-12 07:00:00+00:00,6.09e-06,6.1e-06,6.06e-06,6.09e-06,9746288760.827112
2026-02-12 08:00:00+00:00,6.1e-06,6.13e-06,6.05e-06,6.07e-06,4251179966.55884
2026-02-12 09:00:00+00:00,6.07e-06,6.13e-06,6.06e-06,6.11e-06,10855239602.608316
2026-02-12 10:00:00+00:00,6.12e-06,6.17e-06,6.1e-06,6.17e-06,5781519926.52612
2026-02-12 11:00:00+00:00,6.17e-06,6.19e-06,6.13e-06,6.13e-06,6833888096.225732
2026-02-12 12:00:00+00:00,6.14e-06,6.15e-06,6.08e-06,6.09e-06,2355170301.82666
2026-02-12 13:00:00+00:00,6.09e-06,6.19e-06,6.09e-06,6.17e-06,11529517892.165106
2026-02-12 14:00:00+00:00,6.17e-06,6.17e-06,6.11e-06,6.13e-06,15481939014.371489
2026-02-12 15:00:00+00:00,6.13e-06,6.17e-06,6.07e-06,6.07e-06,11297159438.857351
2026-02-12 16:00:00+00:00,6.08e-06,6.09e-06,5.93e-06,5.95e-06,16846069735.216572
2026-02-12 17:00:00+00:00,5.96e-06,6.01e-06,5.94e-06,5.96e-06,9498586289.18736
2026-02-12 18:00:00+00:00,5.96e-06,6e-06,5.93e-06,5.98e-06,14214686327.12114
2026-02-12 19:00:00+00:00,5.98e-06,6.07e-06,5.95e-06,6.01e-06,13225594128.32714
2026-02-12 20:00:00+00:00,6e-06,6.01e-06,5.94e-06,5.94e-06,8809815180.910568
2026-02-12 21:00:00+00:00,5.94e-06,5.98e-06,5.94e-06,5.96e-06,10553249981.06239
2026-02-12 22:00:00+00:00,5.97e-06,6.03e-06,5.95e-06,6.02e-06,8103438055.565355
2026-02-12 23:00:00+00:00,6.03e-06,6.06e-06,6.01e-06,6.05e-06,13013194012.234291
2026-02-13 00:00:00+00:00,6.05e-06,6.06e-06,5.96e-06,5.98e-06,8557377324.339959
2026-02-13 01:00:00+00:00,5.98e-06,6.02e-06,5.97e-06,5.98e-06,4380526395.2651
2026-02-13 02:00:00+00:00,5.99e-06,6.01e-06,5.96e-06,6e-06,5747635880.76865
2026-02-13 03:00:00+00:00,6e-06,6.01e-06,5.97e-06,5.99e-06,3203176496.91621
2026-02-13 04:00:00+00:00,6e-06,6e-06,5.96e-06,5.99e-06,3905394985.94448
2026-02-13 05:00:00+00:00,5.99e-06,5.99e-06,5.95e-06,5.96e-06,6163483243.51087
2026-02-13 06:00:00+00:00,5.96e-06,6e-06,5.94e-06,6e-06,4031220691.986674
2026-02-13 07:00:00+00:00,5.99e-06,6.04e-06,5.99e-06,6.02e-06,3944846289.088972
2026-02-13 08:00:00+00:00,6.02e-06,6.1e-06,6.02e-06,6.09e-06,6211687760.724469
2026-02-13 09:00:00+00:00,6.09e-06,6.1e-06,6.06e-06,6.08e-06,4235530227.34574
2026-02-13 10:00:00+00:00,6.08e-06,6.11e-06,6.07e-06,6.1e-06,4341256027.13509
2026-02-13 11:00:00+00:00,6.1e-06,6.12e-06,6.08e-06,6.11e-06,6400823969.51299
2026-02-13 12:00:00+00:00,6.11e-06,6.11e-06,6.07e-06,6.08e-06,6661942733.874683
2026-02-13 13:00:00+00:00,6.09e-06,6.15e-06,6.08e-06,6.11e-06,9979635868.51971
2026-02-13 14:00:00+00:00,6.11e-06,6.22e-06,6.08e-06,6.17e-06,16857856558.833273
2026-02-13 15:00:00+00:00,6.18e-06,6.39e-06,6.17e-06,6.27e-06,22212205932.28957
2026-02-13 16:00:00+00:00,6.26e-06,6.37e-06,6.26e-06,6.34e-06,16526079047.478662
2026-02-13 17:00:00+00:00,6.34e-06,6.35e-06,6.29e-06,6.32e-06,8120059334.581169
2026-02-13 18:00:00+00:00,6.31e-06,6.35e-06,6.29e-06,6.32e-06,19219304518.93705
2026-02-13 19:00:00+00:00,6.34e-06,6.35e-06,6.3e-06,6.31e-06,13803775278.67363
2026-02-13 20:00:00+00:00,6.31e-06,6.35e-06,6.3e-06,6.34e-06,10542290900.0652
2026-02-13 21:00:00+00:00,6.34e-06,6.4e-06,6.34e-06,6.36e-06,15507715885.33446
2026-02-13 22:00:00+00:00,6.37e-06,6.39e-06,6.34e-06,6.36e-06,7108260313.810221
2026-02-13 23:00:00+00:00,6.37e-06,6.37e-06,6.31e-06,6.32e-06,7619102672.949059
2026-02-14 00:00:00+00:00,6.32e-06,6.34e-06,6.29e-06,6.33e-06,11274139843.60396
2026-02-14 01:00:00+00:00,6.32e-06,6.36e-06,6.31e-06,6.31e-06,10142817845.23781
2026-02-14 02:00:00+00:00,6.31e-06,6.34e-06,6.3e-06,6.33e-06,6278737338.232249
2026-02-14 03:00:00+00:00,6.33e-06,6.41e-06,6.33e-06,6.39e-06,25322208026.09701
2026-02-14 04:00:00+00:00,6.39e-06,6.39e-06,6.36e-06,6.37e-06,5256847653.80729
2026-02-14 05:00:00+00:00,6.37e-06,6.39e-06,6.35e-06,6.37e-06,8649368109.523209
2026-02-14 06:00:00+00:00,6.37e-06,6.37e-06,6.32e-06,6.34e-06,4515819658.43965
2026-02-14 07:00:00+00:00,6.34e-06,6.36e-06,6.33e-06,6.34e-06,5239824110.27231
2026-02-14 08:00:00+00:00,6.35e-06,6.44e-06,6.35e-06,6.42e-06,14774163777.38993
2026-02-14 09:00:00+00:00,6.42e-06,6.46e-06,6.41e-06,6.46e-06,4210539786.51885
2026-02-14 10:00:00+00:00,6.45e-06,6.45e-06,6.41e-06,6.43e-06,14584319059.130798
2026-02-14 11:00:00+00:00,6.43e-06,6.56e-06,6.43e-06,6.54e-06,12707382031.95696
2026-02-14 12:00:00+00:00,6.53e-06,6.56e-06,6.48e-06,6.48e-06,5850332162.99178
2026-02-14 13:00:00+00:00,6.48e-06,6.49e-06,6.42e-06,6.47e-06,6370651360.54495
2026-02-14 14:00:00+00:00,6.47e-06,6.62e-06,6.46e-06,6.59e-06,10487859908.464785
2026-02-14 15:00:00+00:00,6.59e-06,6.65e-06,6.56e-06,6.65e-06,22752389221.15269
2026-02-14 16:00:00+00:00,6.65e-06,6.78e-06,6.6e-06,6.77e-06,50233895011.675125
2026-02-14 17:00:00+00:00,6.77e-06,6.84e-06,6.75e-06,6.79e-06,27578880769.893337
2026-02-14 18:00:00+00:00,6.79e-06,6.89e-06,6.78e-06,6.87e-06,17490325578.11307
2026-02-14 19:00:00+00:00,6.88e-06,6.93e-06,6.82e-06,6.91e-06,11624796381.410624
2026-02-14 20:00:00+00:00,6.92e-06,6.96e-06,6.82e-06,6.88e-06,14295503525.313562
2026-02-14 21:00:00+00:00,6.88e-06,7.12e-06,6.88e-06,7.02e-06,58704633020.756325
2026-02-14 22:00:00+00:00,7.02e-06,7.25e-06,7.01e-06,7.18e-06,21984108490.72204
2026-02-14 23:00:00+00:00,7.18e-06,7.18e-06,7e-06,7.03e-06,24085504851.72789
2026-02-15 00:00:00+00:00,7.02e-06,7.05e-06,6.88e-06,6.91e-06,23910864708.37477
2026-02-15 01:00:00+00:00,6.92e-06,6.99e-06,6.87e-06,6.91e-06,7888168879.002809
2026-02-15 02:00:00+00:00,6.91e-06,6.96e-06,6.83e-06,6.89e-06,14193517590.688433
2026-02-15 03:00:00+00:00,6.88e-06,6.97e-06,6.82e-06,6.96e-06,17164043544.600906
2026-02-15 04:00:00+00:00,6.96e-06,7.15e-06,6.96e-06,7.04e-06,28370268128.890907
2026-02-15 05:00:00+00:00,7.03e-06,7.09e-06,7.01e-06,7.04e-06,14316539490.31112
2026-02-15 06:00:00+00:00,7.04e-06,7.05e-06,6.94e-06,6.96e-06,9956519890.6023
2026-02-15 07:00:00+00:00,6.96e-06,7.02e-06,6.96e-06,6.99e-06,12414185032.64082
2026-02-15 08:00:00+00:00,7e-06,7.01e-06,6.84e-06,6.87e-06,24519414412.532097
2026-02-15 09:00:00+00:00,6.87e-06,6.9e-06,6.83e-06,6.85e-06,13521336029.976631
2026-02-15 10:00:00+00:00,6.85e-06,6.87e-06,6.77e-06,6.82e-06,9598026655.446486
2026-02-15 11:00:00+00:00,6.83e-06,6.83e-06,6.79e-06,6.8e-06,11635243313.804989
2026-02-15 12:00:00+00:00,6.81e-06,6.81e-06,6.57e-06,6.57e-06,12591116525.09662
2026-02-15 13:00:00+00:00,6.58e-06,6.64e-06,6.51e-06,6.54e-06,26426005274.85991
2026-02-15 14:00:00+00:00,6.53e-06,6.63e-06,6.53e-06,6.61e-06,8664910972.437656
2026-02-15 15:00:00+00:00,6.61e-06,6.63e-06,6.58e-06,6.61e-06,7322322830.23703
2026-02-15 16:00:00+00:00,6.6e-06,6.62e-06,6.54e-06,6.6e-06,10796096529.154213
2026-02-15 17:00:00+00:00,6.59e-06,6.61e-06,6.45e-06,6.52e-06,14386624171.499392
2026-02-15 18:00:00+00:00,6.52e-06,6.54e-06,6.45e-06,6.47e-06,7582590613.21235
2026-02-15 19:00:00+00:00,6.47e-06,6.49e-06,6.42e-06,6.46e-06,5901374542.449261
2026-02-15 20:00:00+00:00,6.45e-06,6.49e-06,6.42e-06,6.46e-06,5382018500.88511
2026-02-15 21:00:00+00:00,6.46e-06,6.52e-06,6.46e-06,6.5e-06,3184264626.7144904
2026-02-15 22:00:00+00:00,6.5e-06,6.57e-06,6.49e-06,6.54e-06,15163236779.201368
2026-02-15 23:00:00+00:00,6.54e-06,6.56e-06,6.46e-06,6.54e-06,8969369150.310246
2026-02-16 00:00:00+00:00,6.54e-06,6.6e-06,6.54e-06,6.6e-06,8229137494.83848
2026-02-16 01:00:00+00:00,6.58e-06,6.62e-06,6.55e-06,6.57e-06,5689804231.162429
2026-02-16 02:00:00+00:00,6.57e-06,6.63e-06,6.55e-06,6.57e-06,6312425225.67004
2026-02-16 03:00:00+00:00,6.56e-06,6.6e-06,6.55e-06,6.58e-06,6653061772.371396
2026-02-16 04:00:00+00:00,6.58e-06,6.67e-06,6.58e-06,6.66e-06,4723990070.020689
2026-02-16 05:00:00+00:00,6.67e-06,6.68e-06,6.58e-06,6.61e-06,2828601374.3937297
2026-02-16 06:00:00+00:00,6.6e-06,6.68e-06,6.6e-06,6.65e-06,3723197912.041531
2026-02-16 07:00:00+00:00,6.65e-06,6.68e-06,6.6e-06,6.62e-06,9994639789.4348
2026-02-16 08:00:00+00:00,6.61e-06,6.66e-06,6.6e-06,6.63e-06,3739224267.86502
2026-02-16 09:00:00+00:00,6.63e-06,6.67e-06,6.63e-06,6.64e-06,4969224580.72247
2026-02-16 10:00:00+00:00,6.64e-06,6.64e-06,6.6e-06,6.6e-06,3102150798.05071
2026-02-16 11:00:00+00:00,6.61e-06,6.61e-06,6.49e-06,6.57e-06,3641036158.63728
2026-02-16 12:00:00+00:00,6.57e-06,6.66e-06,6.53e-06,6.65e-06,2471991708.1879807
2026-02-16 13:00:00+00:00,6.65e-06,6.69e-06,6.49e-06,6.51e-06,7695384593.928783
2026-02-16 14:00:00+00:00,6.51e-06,6.59e-06,6.49e-06,6.55e-06,3930184021.657989
2026-02-16 15:00:00+00:00,6.55e-06,6.59e-06,6.42e-06,6.44e-06,28624922076.3808
2026-02-16 16:00:00+00:00,6.45e-06,6.53e-06,6.44e-06,6.51e-06,23938547427.48515
2026-02-16 17:00:00+00:00,6.51e-06,6.53e-06,6.48e-06,6.49e-06,7521609470.648121
2026-02-16 18:00:00+00:00,6.5e-06,6.52e-06,6.47e-06,6.5e-06,13309314876.41631
2026-02-16 19:00:00+00:00,6.5e-06,6.55e-06,6.49e-06,6.51e-06,7943302641.104321
2026-02-16 20:00:00+00:00,6.52e-06,6.58e-06,6.5e-06,6.57e-06,3682541800.32065
2026-02-16 21:00:00+00:00,6.57e-06,6.62e-06,6.54e-06,6.6e-06,4135512473.890441
2026-02-16 22:00:00+00:00,6.61e-06,6.62e-06,6.56e-06,6.57e-06,16452591592.106825
2026-02-16 23:00:00+00:00,6.57e-06,6.59e-06,6.56e-06,6.57e-06,4218211413.7867
2026-02-17 00:00:00+00:00,6.58e-06,6.58e-06,6.54e-06,6.54e-06,6978882518.771191
2026-02-17 01:00:00+00:00,6.54e-06,6.57e-06,6.53e-06,6.53e-06,4247083718.308901
2026-02-17 02:00:00+00:00,6.53e-06,6.59e-06,6.51e-06,6.58e-06,7311592549.75543
2026-02-17 03:00:00+00:00,6.58e-06,6.58e-06,6.53e-06,6.53e-06,7002201811.645201
2026-02-17 04:00:00+00:00,6.54e-06,6.56e-06,6.51e-06,6.53e-06,4741616702.011791
2026-02-17 05:00:00+00:00,6.53e-06,6.54e-06,6.51e-06,6.54e-06,6732625884.74843
2026-02-17 06:00:00+00:00,6.53e-06,6.57e-06,6.53e-06,6.56e-06,3667309762.6960297
2026-02-17 07:00:00+00:00,6.56e-06,6.56e-06,6.51e-06,6.55e-06,4668819006.30675
2026-02-17 08:00:00+00:00,6.55e-06,6.56e-06,6.5e-06,6.51e-06,3490755712.65384
2026-02-17 09:00:00+00:00,6.5e-06,6.51e-06,6.47e-06,6.5e-06,16372391933.38856
2026-02-17 10:00:00+00:00,6.49e-06,6.51e-06,6.45e-06,6.47e-06,3041188388.35642
2026-02-17 11:00:00+00:00,6.48e-06,6.51e-06,6.47e-06,6.5e-06,4842853557.510839
2026-02-17 12:00:00+00:00,6.49e-06,6.55e-06,6.49e-06,6.52e-06,3277461230.93026
2026-02-17 13:00:00+00:00,6.52e-06,6.57e-06,6.51e-06,6.55e-06,4000224881.015375
2026-02-17 14:00:00+00:00,6.54e-06,6.58e-06,6.42e-06,6.45e-06,8506450479.934131
2026-02-17 15:00:00+00:00,6.45e-06,6.51e-06,6.43e-06,6.5e-06,12664472240.45993
2026-02-17 16:00:00+00:00,6.49e-06,6.61e-06,6.49e-06,6.55e-06,6733634099.512891
2026-02-17 17:00:00+00:00,6.54e-06,6.55e-06,6.45e-06,6.49e-06,8364927181.96244
2026-02-17 18:00:00+00:00,6.48e-06,6.59e-06,6.48e-06,6.56e-06,4792600610.879691
2026-02-17 19:00:00+00:00,6.55e-06,6.57e-06,6.5e-06,6.5e-06,2249035618.3115883
2026-02-17 20:00:00+00:00,6.5e-06,6.52e-06,6.47e-06,6.51e-06,16571202134.846731
2026-02-17 21:00:00+00:00,6.51e-06,6.55e-06,6.5e-06,6.52e-06,1760802237.356
2026-02-17 22:00:00+00:00,6.52e-06,6.53e-06,6.49e-06,6.51e-06,3640198981.9087806
2026-02-17 23:00:00+00:00,6.5e-06,6.53e-06,6.49e-06,6.51e-06,10696101264.153849
2026-02-18 00:00:00+00:00,6.5e-06,6.52e-06,6.47e-06,6.48e-06,3067485639.883
2026-02-18 01:00:00+00:00,6.48e-06,6.49e-06,6.46e-06,6.47e-06,2936778772.74622
2026-02-18 02:00:00+00:00,6.47e-06,6.52e-06,6.46e-06,6.5e-06,4286412458.240401
2026-02-18 03:00:00+00:00,6.51e-06,6.53e-06,6.5e-06,6.52e-06,1583371126.1262102
2026-02-18 04:00:00+00:00,6.52e-06,6.52e-06,6.48e-06,6.49e-06,2134405299.44121
2026-02-18 05:00:00+00:00,6.5e-06,6.51e-06,6.48e-06,6.49e-06,2906408259.1793394
2026-02-18 06:00:00+00:00,6.5e-06,6.53e-06,6.49e-06,6.5e-06,1314775337.2848
2026-02-18 07:00:00+00:00,6.5e-06,6.55e-06,6.48e-06,6.53e-06,6007049032.71138
2026-02-18 08:00:00+00:00,6.53e-06,6.56e-06,6.51e-06,6.53e-06,3426650396.33632
2026-02-18 09:00:00+00:00,6.53e-06,6.53e-06,6.5e-06,6.5e-06,1698576611.2398
2026-02-18 10:00:00+00:00,6.51e-06,6.52e-06,6.45e-06,6.46e-06,1500764745.2058008
2026-02-18 11:00:00+00:00,6.46e-06,6.47e-06,6.4e-06,6.45e-06,4361321810.22532
2026-02-18 12:00:00+00:00,6.45e-06,6.47e-06,6.44e-06,6.46e-06,5881751827.261039
2026-02-18 13:00:00+00:00,6.46e-06,6.46e-06,6.39e-06,6.41e-06,6034698568.644246
2026-02-18 14:00:00+00:00,6.41e-06,6.45e-06,6.39e-06,6.45e-06,4977756538.644159
2026-02-18 15:00:00+00:00,6.44e-06,6.55e-06,6.43e-06,6.47e-06,3460300200.80432
2026-02-18 16:00:00+00:00,6.48e-06,6.49e-06,6.41e-06,6.42e-06,14469979076.241531
2026-02-18 17:00:00+00:00,6.41e-06,6.47e-06,6.39e-06,6.4e-06,12750373579.592144
2026-02-18 18:00:00+00:00,6.39e-06,6.4e-06,6.31e-06,6.34e-06,7468422574.941831
2026-02-18 19:00:00+00:00,6.32e-06,6.35e-06,6.27e-06,6.3e-06,8892199569.45673
2026-02-18 20:00:00+00:00,6.3e-06,6.34e-06,6.28e-06,6.3e-06,10188790401.05554
2026-02-18 21:00:00+00:00,6.3e-06,6.32e-06,6.29e-06,6.3e-06,1661699789.88151
2026-02-18 22:00:00+00:00,6.3e-06,6.31e-06,6.26e-06,6.28e-06,3225532816.4197297
2026-02-18 23:00:00+00:00,6.28e-06,6.3e-06,6.26e-06,6.3e-06,1473894526.3723798
2026-02-19 00:00:00+00:00,6.29e-06,6.31e-06,6.27e-06,6.28e-06,4414954689.11499
2026-02-19 01:00:00+00:00,6.29e-06,6.33e-06,6.28e-06,6.32e-06,2780344783.2372627
2026-02-19 02:00:00+00:00,6.32e-06,6.33e-06,6.28e-06,6.31e-06,3538575279.64249
2026-02-19 03:00:00+00:00,6.3e-06,6.32e-06,6.29e-06,6.31e-06,818129209.2167
2026-02-19 04:00:00+00:00,6.31e-06,6.32e-06,6.29e-06,6.3e-06,1045250586.80111
2026-02-19 05:00:00+00:00,6.29e-06,6.3e-06,6.24e-06,6.25e-06,1571451101.5651047
2026-02-19 06:00:00+00:00,6.25e-06,6.3e-06,6.24e-06,6.29e-06,1390188365.45137
2026-02-19 07:00:00+00:00,6.29e-06,6.31e-06,6.28e-06,6.29e-06,2346436545.8122
2026-02-19 08:00:00+00:00,6.29e-06,6.3e-06,6.21e-06,6.22e-06,1505569770.28672
2026-02-19 09:00:00+00:00,6.22e-06,6.26e-06,6.21e-06,6.23e-06,3267549996.25506
2026-02-19 10:00:00+00:00,6.22e-06,6.25e-06,6.21e-06,6.22e-06,2058878643.01569
2026-02-19 11:00:00+00:00,6.22e-06,6.23e-06,6.18e-06,6.19e-06,5462248356.53048
2026-02-19 12:00:00+00:00,6.19e-06,6.2e-06,6.17e-06,6.18e-06,5807104207.81992
2026-02-19 13:00:00+00:00,6.18e-06,6.19e-06,6.13e-06,6.15e-06,10691620593.46547
2026-02-19 14:00:00+00:00,6.16e-06,6.23e-06,6.15e-06,6.2e-06,17910254802.61454
2026-02-19 15:00:00+00:00,6.2e-06,6.22e-06,6.15e-06,6.17e-06,9390606647.941269
2026-02-19 16:00:00+00:00,6.17e-06,6.2e-06,6.12e-06,6.16e-06,25451291937.01873
2026-02-19 17:00:00+00:00,6.15e-06,6.24e-06,6.14e-06,6.19e-06,9176752984.052126
2026-02-19 18:00:00+00:00,6.18e-06,6.25e-06,6.18e-06,6.23e-06,5969808402.44395
2026-02-19 19:00:00+00:00,6.23e-06,6.25e-06,6.16e-06,6.18e-06,9915006127.99982
2026-02-19 20:00:00+00:00,6.18e-06,6.21e-06,6.16e-06,6.2e-06,1919151139.53956
2026-02-19 21:00:00+00:00,6.2e-06,6.21e-06,6.18e-06,6.18e-06,3005249014.8604097
2026-02-19 22:00:00+00:00,6.19e-06,6.2e-06,6.16e-06,6.2e-06,2478843745.9630103
2026-02-19 23:00:00+00:00,6.19e-06,6.21e-06,6.18e-06,6.21e-06,1986567376.54185
2026-02-20 00:00:00+00:00,6.2e-06,6.24e-06,6.19e-06,6.22e-06,3880295171.352181
2026-02-20 01:00:00+00:00,6.22e-06,6.25e-06,6.21e-06,6.24e-06,3120112305.7693505
2026-02-20 02:00:00+00:00,6.24e-06,6.27e-06,6.24e-06,6.24e-06,2431038468.6743298
2026-02-20 03:00:00+00:00,6.24e-06,6.27e-06,6.23e-06,6.24e-06,2399256087.6322
2026-02-20 04:00:00+00:00,6.25e-06,6.25e-06,6.18e-06,6.2e-06,1920276254.48322
2026-02-20 05:00:00+00:00,6.2e-06,6.27e-06,6.18e-06,6.25e-06,2819862262.55963
2026-02-20 06:00:00+00:00,6.25e-06,6.28e-06,6.23e-06,6.27e-06,2246149307.8255205
2026-02-20 07:00:00+00:00,6.28e-06,6.28e-06,6.25e-06,6.26e-06,1226757637.0765
2026-02-20 08:00:00+00:00,6.27e-06,6.32e-06,6.27e-06,6.3e-06,34072693826.59492
2026-02-20 09:00:00+00:00,6.3e-06,6.35e-06,6.3e-06,6.31e-06,4687857728.022551
2026-02-20 10:00:00+00:00,6.31e-06,6.34e-06,6.29e-06,6.31e-06,13320530759.21487
2026-02-20 11:00:00+00:00,6.31e-06,6.31e-06,6.26e-06,6.27e-06,4734698509.8493
2026-02-20 12:00:00+00:00,6.27e-06,6.28e-06,6.25e-06,6.27e-06,4957707317.65215
2026-02-20 13:00:00+00:00,6.26e-06,6.29e-06,6.17e-06,6.2e-06,4142266456.6543646
2026-02-20 14:00:00+00:00,6.2e-06,6.3e-06,6.2e-06,6.28e-06,9347496926.64291
2026-02-20 15:00:00+00:00,6.28e-06,6.43e-06,6.28e-06,6.43e-06,29822715701.34381
2026-02-20 16:00:00+00:00,6.43e-06,6.54e-06,6.38e-06,6.44e-06,28635908519.106754
2026-02-20 17:00:00+00:00,6.44e-06,6.45e-06,6.29e-06,6.43e-06,25023980432.743862
2026-02-20 18:00:00+00:00,6.41e-06,6.45e-06,6.36e-06,6.4e-06,6911702548.0888605
2026-02-20 19:00:00+00:00,6.4e-06,6.42e-06,6.34e-06,6.36e-06,4889397677.29735
2026-02-20 20:00:00+00:00,6.37e-06,6.4e-06,6.34e-06,6.38e-06,1602965953.6094098
2026-02-20 21:00:00+00:00,6.38e-06,6.4e-06,6.37e-06,6.4e-06,1482587182.12615
2026-02-20 22:00:00+00:00,6.4e-06,6.42e-06,6.37e-06,6.41e-06,3987244678.01858
2026-02-20 23:00:00+00:00,6.42e-06,6.43e-06,6.4e-06,6.43e-06,5359061597.16003
2026-02-21 00:00:00+00:00,6.42e-06,6.44e-06,6.39e-06,6.39e-06,12277099608.438976
2026-02-21 01:00:00+00:00,6.39e-06,6.44e-06,6.39e-06,6.42e-06,2774373567.9197025
2026-02-21 02:00:00+00:00,6.42e-06,6.45e-06,6.4e-06,6.43e-06,5314168108.470941
2026-02-21 03:00:00+00:00,6.44e-06,6.44e-06,6.4e-06,6.42e-06,3310911021.15246
2026-02-21 04:00:00+00:00,6.44e-06,6.45e-06,6.42e-06,6.45e-06,1489108365.80709
2026-02-21 05:00:00+00:00,6.46e-06,6.5e-06,6.45e-06,6.48e-06,3523548960.7246804
2026-02-21 06:00:00+00:00,6.48e-06,6.52e-06,6.47e-06,6.48e-06,6687104221.93931
2026-02-21 07:00:00+00:00,6.48e-06,6.53e-06,6.46e-06,6.52e-06,2635151136.88922
2026-02-21 08:00:00+00:00,6.53e-06,6.57e-06,6.5e-06,6.55e-06,12235164779.749931
2026-02-21 09:00:00+00:00,6.56e-06,6.62e-06,6.52e-06,6.56e-06,10719364514.286068
2026-02-21 10:00:00+00:00,6.54e-06,6.57e-06,6.51e-06,6.52e-06,2973419101.7661414
2026-02-21 11:00:00+00:00,6.51e-06,6.55e-06,6.5e-06,6.51e-06,5622703544.92149
2026-02-21 12:00:00+00:00,6.52e-06,6.53e-06,6.48e-06,6.5e-06,2115381322.368652
2026-02-21 13:00:00+00:00,6.5e-06,6.51e-06,6.47e-06,6.5e-06,3411684680.16266
2026-02-21 14:00:00+00:00,6.51e-06,6.54e-06,6.48e-06,6.48e-06,5295459457.17613
2026-02-21 15:00:00+00:00,6.49e-06,6.49e-06,6.45e-06,6.47e-06,1611115939.12346
2026-02-21 16:00:00+00:00,6.47e-06,6.47e-06,6.41e-06,6.43e-06,6970929254.549289
2026-02-21 17:00:00+00:00,6.42e-06,6.44e-06,6.41e-06,6.43e-06,1770576332.1324198
2026-02-21 18:00:00+00:00,6.44e-06,6.47e-06,6.43e-06,6.46e-06,2393525833.89624
2026-02-21 19:00:00+00:00,6.46e-06,6.47e-06,6.42e-06,6.42e-06,1775911849.4023695
2026-02-21 20:00:00+00:00,6.42e-06,6.44e-06,6.39e-06,6.39e-06,4528565608.97262
2026-02-21 21:00:00+00:00,6.4e-06,6.43e-06,6.39e-06,6.42e-06,2244716120.7073
2026-02-21 22:00:00+00:00,6.43e-06,6.43e-06,6.39e-06,6.39e-06,11439283970.21524
2026-02-21 23:00:00+00:00,6.4e-06,6.4e-06,6.37e-06,6.39e-06,1677750093.90346
2026-02-22 00:00:00+00:00,6.38e-06,6.38e-06,6.31e-06,6.34e-06,11931734049.522034
2026-02-22 01:00:00+00:00,6.34e-06,6.35e-06,6.33e-06,6.34e-06,1929850484.66029
2026-02-22 02:00:00+00:00,6.33e-06,6.35e-06,6.28e-06,6.29e-06,3493755414.60285
2026-02-22 03:00:00+00:00,6.28e-06,6.3e-06,6.26e-06,6.29e-06,4399581358.58275
2026-02-22 04:00:00+00:00,6.29e-06,6.3e-06,6.28e-06,6.3e-06,1340165310.7656696
2026-02-22 05:00:00+00:00,6.29e-06,6.31e-06,6.2e-06,6.24e-06,27175825708.556183
2026-02-22 06:00:00+00:00,6.23e-06,6.24e-06,6.19e-06,6.23e-06,6494249851.574587
2026-02-22 07:00:00+00:00,6.22e-06,6.26e-06,6.22e-06,6.24e-06,1357295201.323073
2026-02-22 08:00:00+00:00,6.24e-06,6.25e-06,6.18e-06,6.19e-06,13827699298.708818
2026-02-22 09:00:00+00:00,6.18e-06,6.23e-06,6.18e-06,6.23e-06,6192565883.235371
2026-02-22 10:00:00+00:00,6.22e-06,6.25e-06,6.21e-06,6.25e-06,1192635245.5767698
2026-02-22 11:00:00+00:00,6.25e-06,6.26e-06,6.23e-06,6.24e-06,1694966563.13016
2026-02-22 12:00:00+00:00,6.24e-06,6.24e-06,6.18e-06,6.2e-06,1774966683.43405
2026-02-22 13:00:00+00:00,6.2e-06,6.21e-06,6.16e-06,6.18e-06,2963831029.90741
2026-02-22 14:00:00+00:00,6.18e-06,6.19e-06,6.15e-06,6.17e-06,5586617775.664924
2026-02-22 15:00:00+00:00,6.16e-06,6.21e-06,6.15e-06,6.18e-06,28793182139.485584
2026-02-22 16:00:00+00:00,6.19e-06,6.2e-06,6.17e-06,6.2e-06,3808853626.03526
2026-02-22 17:00:00+00:00,6.19e-06,6.2e-06,6.15e-06,6.17e-06,11345633486.802546
2026-02-22 18:00:00+00:00,6.16e-06,6.18e-06,6.16e-06,6.16e-06,4837624116.11889
2026-02-22 19:00:00+00:00,6.17e-06,6.18e-06,6.15e-06,6.17e-06,4783349381.58129
2026-02-22 20:00:00+00:00,6.17e-06,6.17e-06,6.14e-06,6.15e-06,1688461461.17583
2026-02-22 21:00:00+00:00,6.14e-06,6.18e-06,6.13e-06,6.17e-06,3781357187.95252
2026-02-22 22:00:00+00:00,6.17e-06,6.21e-06,6.16e-06,6.19e-06,2431282466.20599
2026-02-22 23:00:00+00:00,6.19e-06,6.2e-06,6.17e-06,6.2e-06,2062420686.28471
2026-02-23 00:00:00+00:00,6.19e-06,6.21e-06,6.11e-06,6.11e-06,5069211814.494669
2026-02-23 01:00:00+00:00,6.11e-06,6.11e-06,5.9e-06,5.93e-06,63058796339.89139
2026-02-23 02:00:00+00:00,5.93e-06,6.01e-06,5.93e-06,6e-06,12115848573.898829
2026-02-23 03:00:00+00:00,6e-06,6.03e-06,5.98e-06,5.99e-06,7578998561.847757
2026-02-23 04:00:00+00:00,6e-06,6.01e-06,5.97e-06,5.97e-06,1367662615.75192
2026-02-23 05:00:00+00:00,5.98e-06,6.02e-06,5.97e-06,6e-06,2892775944.972549
2026-02-23 06:00:00+00:00,6.01e-06,6.1e-06,6e-06,6.08e-06,1837108271.71568
2026-02-23 07:00:00+00:00,6.08e-06,6.11e-06,6.07e-06,6.08e-06,1716087512.27
2026-02-23 08:00:00+00:00,6.08e-06,6.08e-06,6.05e-06,6.07e-06,687097737.47607
2026-02-23 09:00:00+00:00,6.07e-06,6.15e-06,6.06e-06,6.15e-06,1273924400.54621
2026-02-23 10:00:00+00:00,6.15e-06,6.16e-06,6.13e-06,6.15e-06,1967337146.77
2026-02-23 11:00:00+00:00,6.15e-06,6.19e-06,6.14e-06,6.14e-06,2817381073.27124
2026-02-23 12:00:00+00:00,6.14e-06,6.24e-06,6.14e-06,6.21e-06,5680628289.60637
2026-02-23 13:00:00+00:00,6.22e-06,6.23e-06,6.18e-06,6.18e-06,1058669101.94059
2026-02-23 14:00:00+00:00,6.17e-06,6.18e-06,6.1e-06,6.14e-06,10775014874.26461
2026-02-23 15:00:00+00:00,6.13e-06,6.16e-06,6.08e-06,6.09e-06,1839982441.8662696
2026-02-23 16:00:00+00:00,6.08e-06,6.12e-06,6.05e-06,6.08e-06,2366425120.960566
2026-02-23 17:00:00+00:00,6.08e-06,6.09e-06,5.98e-06,6.04e-06,9322883611.511822
2026-02-23 18:00:00+00:00,6.03e-06,6.08e-06,6.01e-06,6.01e-06,5686196334.507148
2026-02-23 19:00:00+00:00,6.02e-06,6.03e-06,5.98e-06,6e-06,3584986601.29028
2026-02-23 20:00:00+00:00,6e-06,6.03e-06,5.98e-06,6.02e-06,20656246301.023727
2026-02-23 21:00:00+00:00,6.02e-06,6.05e-06,6.01e-06,6.03e-06,2664533908.9070606
2026-02-23 22:00:00+00:00,6.04e-06,6.06e-06,6.02e-06,6.03e-06,3657377464.093325
2026-02-23 23:00:00+00:00,6.03e-06,6.04e-06,5.99e-06,6e-06,2497942838.53693
2026-02-24 00:00:00+00:00,6e-06,6.05e-06,6e-06,6.03e-06,622241002.1248327
2026-02-24 01:00:00+00:00,6.03e-06,6.04e-06,5.9e-06,5.99e-06,7512563994.06964
2026-02-24 02:00:00+00:00,5.99e-06,6.01e-06,5.96e-06,5.98e-06,9513239074.446892
2026-02-24 03:00:00+00:00,5.98e-06,5.98e-06,5.92e-06,5.94e-06,30928815779.207325
2026-02-24 04:00:00+00:00,5.95e-06,5.95e-06,5.89e-06,5.94e-06,8792095051.809244
2026-02-24 05:00:00+00:00,5.93e-06,5.96e-06,5.9e-06,5.92e-06,13824445786.726204
2026-02-24 06:00:00+00:00,5.92e-06,5.94e-06,5.91e-06,5.92e-06,2008895526.23619
2026-02-24 07:00:00+00:00,5.91e-06,5.94e-06,5.9e-06,5.92e-06,3595080764.1842203
2026-02-24 08:00:00+00:00,5.93e-06,5.96e-06,5.91e-06,5.95e-06,771511800.87889
2026-02-24 09:00:00+00:00,5.94e-06,5.95e-06,5.89e-06,5.91e-06,4934889599.746099
2026-02-24 10:00:00+00:00,5.92e-06,5.94e-06,5.91e-06,5.93e-06,2105113246.35135
2026-02-24 11:00:00+00:00,5.93e-06,5.93e-06,5.91e-06,5.93e-06,3995006867.6692
2026-02-24 12:00:00+00:00,5.92e-06,5.95e-06,5.91e-06,5.92e-06,2262316125.27296
2026-02-24 13:00:00+00:00,5.92e-06,5.93e-06,5.86e-06,5.92e-06,2938551244.869369
2026-02-24 14:00:00+00:00,5.92e-06,6e-06,5.87e-06,5.96e-06,5669372830.980559
2026-02-24 15:00:00+00:00,5.96e-06,6.02e-06,5.95e-06,5.98e-06,4026153372.30138
2026-02-24 16:00:00+00:00,5.98e-06,6.03e-06,5.94e-06,5.99e-06,13819778031.052372
2026-02-24 17:00:00+00:00,5.99e-06,5.99e-06,5.93e-06,5.94e-06,4980363005.0592
2026-02-24 18:00:00+00:00,5.95e-06,5.96e-06,5.9e-06,5.93e-06,32344789622.37421
2026-02-24 19:00:00+00:00,5.94e-06,5.95e-06,5.9e-06,5.93e-06,15134895641.172071
2026-02-24 20:00:00+00:00,5.93e-06,5.94e-06,5.92e-06,5.93e-06,3072057172.91408
2026-02-24 21:00:00+00:00,5.92e-06,5.93e-06,5.88e-06,5.92e-06,2564989682.14368
2026-02-24 22:00:00+00:00,5.92e-06,5.95e-06,5.9e-06,5.91e-06,5645879245.87208
2026-02-24 23:00:00+00:00,5.91e-06,5.92e-06,5.87e-06,5.9e-06,3944820779.69262
2026-02-25 00:00:00+00:00,5.89e-06,5.94e-06,5.89e-06,5.92e-06,3805524830.19748
2026-02-25 01:00:00+00:00,5.93e-06,6.14e-06,5.93e-06,6.05e-06,16230755761.47694
2026-02-25 02:00:00+00:00,6.06e-06,6.11e-06,6.03e-06,6.03e-06,10613557320.63101
2026-02-25 03:00:00+00:00,6.04e-06,6.05e-06,5.98e-06,5.98e-06,5168213658.61111
2026-02-25 04:00:00+00:00,5.99e-06,6.01e-06,5.94e-06,6e-06,6621145654.226951
2026-02-25 05:00:00+00:00,6e-06,6e-06,5.91e-06,5.93e-06,4392543593.88971
2026-02-25 06:00:00+00:00,5.92e-06,5.97e-06,5.92e-06,5.94e-06,1900321620.57077
2026-02-25 07:00:00+00:00,5.95e-06,5.96e-06,5.93e-06,5.95e-06,6734645136.433101
2026-02-25 08:00:00+00:00,5.94e-06,5.98e-06,5.93e-06,5.98e-06,3582631619.00766
2026-02-25 09:00:00+00:00,5.98e-06,6.04e-06,5.98e-06,6.01e-06,11109179054.628342
2026-02-25 10:00:00+00:00,6e-06,6.02e-06,5.98e-06,5.98e-06,2820259096.71675
2026-02-25 11:00:00+00:00,6e-06,6.02e-06,5.97e-06,6.02e-06,5358593378.58336
2026-02-25 12:00:00+00:00,6.01e-06,6.11e-06,6e-06,6.09e-06,3425216569.4913
2026-02-25 13:00:00+00:00,6.09e-06,6.17e-06,6.08e-06,6.15e-06,12600817258.288492
2026-02-25 14:00:00+00:00,6.16e-06,6.27e-06,6.14e-06,6.27e-06,9003130051.378828
2026-02-25 15:00:00+00:00,6.28e-06,6.32e-06,6.23e-06,6.29e-06,31361924795.4036
2026-02-25 16:00:00+00:00,6.29e-06,6.38e-06,6.28e-06,6.38e-06,11480536912.826956
2026-02-25 17:00:00+00:00,6.38e-06,6.43e-06,6.36e-06,6.39e-06,18299813762.925854
2026-02-25 18:00:00+00:00,6.4e-06,6.44e-06,6.36e-06,6.43e-06,9123844112.048569
2026-02-25 19:00:00+00:00,6.43e-06,6.43e-06,6.37e-06,6.42e-06,22891829389.1924
2026-02-25 20:00:00+00:00,6.42e-06,6.49e-06,6.38e-06,6.44e-06,12539286073.6916
2026-02-25 21:00:00+00:00,6.44e-06,6.54e-06,6.39e-06,6.46e-06,15088293323.60744
2026-02-25 22:00:00+00:00,6.48e-06,6.5e-06,6.3e-06,6.35e-06,8163536744.907651
2026-02-25 23:00:00+00:00,6.36e-06,6.38e-06,6.16e-06,6.24e-06,13031652916.277708
2026-02-26 00:00:00+00:00,6.23e-06,6.26e-06,6.18e-06,6.22e-06,6814933368.557473
2026-02-26 01:00:00+00:00,6.23e-06,6.26e-06,6.19e-06,6.19e-06,6145677351.12845
2026-02-26 02:00:00+00:00,6.19e-06,6.23e-06,6.14e-06,6.23e-06,14490413195.02967
2026-02-26 03:00:00+00:00,6.23e-06,6.23e-06,6.19e-06,6.21e-06,3517873575.7087903
2026-02-26 04:00:00+00:00,6.21e-06,6.28e-06,6.21e-06,6.24e-06,1803129697.76148
2026-02-26 05:00:00+00:00,6.24e-06,6.25e-06,6.16e-06,6.18e-06,3069281377.21134
2026-02-26 06:00:00+00:00,6.19e-06,6.21e-06,6.15e-06,6.15e-06,2399974172.50144
2026-02-26 07:00:00+00:00,6.16e-06,6.17e-06,6.12e-06,6.14e-06,1667603414.5408444
2026-02-26 08:00:00+00:00,6.14e-06,6.16e-06,6.12e-06,6.12e-06,3304429212.99882
2026-02-26 09:00:00+00:00,6.12e-06,6.2e-06,6.11e-06,6.18e-06,11048643986.303053
2026-02-26 10:00:00+00:00,6.18e-06,6.19e-06,6.07e-06,6.08e-06,15161853414.4149
2026-02-26 11:00:00+00:00,6.08e-06,6.09e-06,6.06e-06,6.09e-06,2716788055.12069
2026-02-26 12:00:00+00:00,6.07e-06,6.13e-06,6.07e-06,6.12e-06,3052451737.970685
2026-02-26 13:00:00+00:00,6.11e-06,6.12e-06,6.08e-06,6.09e-06,8455204192.266962
2026-02-26 14:00:00+00:00,6.1e-06,6.11e-06,6.04e-06,6.08e-06,21260722155.6505
2026-02-26 15:00:00+00:00,6.07e-06,6.08e-06,5.99e-06,6.02e-06,22398105596.29048
2026-02-26 16:00:00+00:00,6.04e-06,6.05e-06,5.91e-06,5.92e-06,23314171790.864822
2026-02-26 17:00:00+00:00,5.92e-06,5.97e-06,5.92e-06,5.94e-06,4034783932.13412
2026-02-26 18:00:00+00:00,5.93e-06,5.97e-06,5.9e-06,5.93e-06,26919920953.57728
2026-02-26 19:00:00+00:00,5.93e-06,6.01e-06,5.93e-06,6e-06,9379340978.353874
2026-02-26 20:00:00+00:00,5.99e-06,6.02e-06,5.95e-06,5.96e-06,4272390746.66542
2026-02-26 21:00:00+00:00,5.97e-06,5.97e-06,5.93e-06,5.96e-06,6389896735.488579
2026-02-26 22:00:00+00:00,5.94e-06,5.99e-06,5.94e-06,5.97e-06,7340476159.287531
2026-02-26 23:00:00+00:00,5.96e-06,5.98e-06,5.94e-06,5.97e-06,2807315681.076601
2026-02-27 00:00:00+00:00,5.97e-06,5.98e-06,5.94e-06,5.97e-06,5208435814.96037
2026-02-27 01:00:00+00:00,5.98e-06,5.99e-06,5.96e-06,5.98e-06,3206385791.5546303
2026-02-27 02:00:00+00:00,5.99e-06,6.01e-06,5.97e-06,5.97e-06,2268729572.89301
2026-02-27 03:00:00+00:00,5.99e-06,6e-06,5.93e-06,5.99e-06,6139120953.646825
2026-02-27 04:00:00+00:00,6e-06,6.08e-06,5.99e-06,6.02e-06,6672339136.58805
2026-02-27 05:00:00+00:00,6.02e-06,6.06e-06,6.01e-06,6.03e-06,2758089711.613341
2026-02-27 06:00:00+00:00,6.03e-06,6.05e-06,6e-06,6.04e-06,2127628528.07867
2026-02-27 07:00:00+00:00,6.04e-06,6.06e-06,6e-06,6.06e-06,4033126792.094318
2026-02-27 08:00:00+00:00,6.05e-06,6.09e-06,6.05e-06,6.07e-06,1874382899.9551
2026-02-27 09:00:00+00:00,6.06e-06,6.07e-06,5.99e-06,6e-06,5657935482.463978
2026-02-27 10:00:00+00:00,5.99e-06,5.99e-06,5.91e-06,5.91e-06,7314725086.48532
2026-02-27 11:00:00+00:00,5.92e-06,5.94e-06,5.84e-06,5.86e-06,11510323763.738617
2026-02-27 12:00:00+00:00,5.87e-06,5.88e-06,5.84e-06,5.86e-06,7810854533.180651
2026-02-27 13:00:00+00:00,5.86e-06,5.89e-06,5.81e-06,5.86e-06,20044863496.05987
2026-02-27 14:00:00+00:00,5.85e-06,5.87e-06,5.81e-06,5.83e-06,12738843072.949162
2026-02-27 15:00:00+00:00,5.83e-06,5.86e-06,5.8e-06,5.82e-06,14336922157.830698
2026-02-27 16:00:00+00:00,5.82e-06,5.84e-06,5.77e-06,5.78e-06,12113695053.76635
2026-02-27 17:00:00+00:00,5.78e-06,5.8e-06,5.74e-06,5.8e-06,12431358072.033789
2026-02-27 18:00:00+00:00,5.8e-06,5.8e-06,5.75e-06,5.76e-06,10977160138.156254
2026-02-27 19:00:00+00:00,5.75e-06,5.76e-06,5.72e-06,5.75e-06,5222212609.85292
2026-02-27 20:00:00+00:00,5.74e-06,5.78e-06,5.74e-06,5.77e-06,4435128643.361259
2026-02-27 21:00:00+00:00,5.77e-06,5.79e-06,5.75e-06,5.77e-06,4207788290.6547904
2026-02-27 22:00:00+00:00,5.77e-06,5.78e-06,5.69e-06,5.76e-06,8723969774.641973
2026-02-27 23:00:00+00:00,5.76e-06,5.8e-06,5.76e-06,5.79e-06,2064544174.08903
2026-02-28 00:00:00+00:00,5.79e-06,5.82e-06,5.78e-06,5.81e-06,2718659304.29117
2026-02-28 01:00:00+00:00,5.82e-06,5.83e-06,5.78e-06,5.79e-06,12835840055.25938
2026-02-28 02:00:00+00:00,5.78e-06,5.81e-06,5.78e-06,5.8e-06,1978653189.53986
2026-02-28 03:00:00+00:00,5.8e-06,5.8e-06,5.76e-06,5.78e-06,2050277328.6708105
2026-02-28 04:00:00+00:00,5.78e-06,5.8e-06,5.76e-06,5.78e-06,2043185902.58549
2026-02-28 05:00:00+00:00,5.78e-06,5.79e-06,5.74e-06,5.75e-06,2908775489.29142
2026-02-28 06:00:00+00:00,5.75e-06,5.75e-06,5.5e-06,5.52e-06,37438522465.9355
2026-02-28 07:00:00+00:00,5.52e-06,5.63e-06,5.49e-06,5.58e-06,14218511567.442703
2026-02-28 08:00:00+00:00,5.57e-06,5.57e-06,5.47e-06,5.47e-06,36047164146.28693
2026-02-28 09:00:00+00:00,5.48e-06,5.51e-06,5.45e-06,5.47e-06,10859007123.2126
2026-02-28 10:00:00+00:00,5.47e-06,5.52e-06,5.44e-06,5.49e-06,11029564632.756191
2026-02-28 11:00:00+00:00,5.49e-06,5.51e-06,5.45e-06,5.46e-06,7906110678.057368
2026-02-28 12:00:00+00:00,5.46e-06,5.51e-06,5.46e-06,5.5e-06,5610887574.928806
2026-02-28 13:00:00+00:00,5.5e-06,5.63e-06,5.46e-06,5.62e-06,19686886976.379528
2026-02-28 14:00:00+00:00,5.62e-06,5.64e-06,5.53e-06,5.54e-06,5674561412.84302
2026-02-28 15:00:00+00:00,5.55e-06,5.58e-06,5.5e-06,5.55e-06,8153443101.5348
2026-02-28 16:00:00+00:00,5.55e-06,5.58e-06,5.53e-06,5.56e-06,8253400089.395902
2026-02-28 17:00:00+00:00,5.57e-06,5.58e-06,5.5e-06,5.58e-06,10305838679.302284
2026-02-28 18:00:00+00:00,5.57e-06,5.68e-06,5.55e-06,5.66e-06,5604034485.720272
2026-02-28 19:00:00+00:00,5.66e-06,5.75e-06,5.62e-06,5.69e-06,26956352219.44305
2026-02-28 20:00:00+00:00,5.7e-06,5.79e-06,5.69e-06,5.77e-06,8761924914.599949
2026-02-28 21:00:00+00:00,5.78e-06,5.79e-06,5.73e-06,5.74e-06,11488362434.06776
2026-02-28 22:00:00+00:00,5.76e-06,5.84e-06,5.75e-06,5.79e-06,8301174315.022438
2026-02-28 23:00:00+00:00,5.8e-06,5.81e-06,5.76e-06,5.78e-06,12848559763.93648
2026-03-01 00:00:00+00:00,5.78e-06,5.8e-06,5.72e-06,5.74e-06,4784614599.12021
2026-03-01 01:00:00+00:00,5.73e-06,5.88e-06,5.7e-06,5.85e-06,11806665485.011572
2026-03-01 02:00:00+00:00,5.86e-06,5.97e-06,5.86e-06,5.94e-06,12862752279.3097
2026-03-01 03:00:00+00:00,5.93e-06,5.95e-06,5.84e-06,5.85e-06,5878727283.732624
2026-03-01 04:00:00+00:00,5.86e-06,5.86e-06,5.8e-06,5.84e-06,3512097794.89435
2026-03-01 05:00:00+00:00,5.84e-06,5.86e-06,5.83e-06,5.84e-06,3062350883.925368
2026-03-01 06:00:00+00:00,5.84e-06,5.84e-06,5.76e-06,5.78e-06,6245578055.12509
2026-03-01 07:00:00+00:00,5.79e-06,5.8e-06,5.76e-06,5.8e-06,2968173294.379429
2026-03-01 08:00:00+00:00,5.8e-06,5.8e-06,5.68e-06,5.7e-06,3784630236.986312
2026-03-01 09:00:00+00:00,5.69e-06,5.73e-06,5.67e-06,5.68e-06,3914096814.383106
2026-03-01 10:00:00+00:00,5.68e-06,5.69e-06,5.65e-06,5.67e-06,4740696777.435684
2026-03-01 11:00:00+00:00,5.66e-06,5.67e-06,5.65e-06,5.67e-06,539436641.7405276
2026-03-01 12:00:00+00:00,5.66e-06,5.68e-06,5.63e-06,5.64e-06,2209489834.11906
2026-03-01 13:00:00+00:00,5.63e-06,5.74e-06,5.6e-06,5.73e-06,7169511868.012311
2026-03-01 14:00:00+00:00,5.72e-06,5.74e-06,5.65e-06,5.66e-06,8897214645.82652
2026-03-01 15:00:00+00:00,5.66e-06,5.67e-06,5.63e-06,5.64e-06,2919625109.67736
2026-03-01 16:00:00+00:00,5.64e-06,5.67e-06,5.54e-06,5.58e-06,12340308681.05089
2026-03-01 17:00:00+00:00,5.58e-06,5.59e-06,5.52e-06,5.54e-06,33853834288.133453
2026-03-01 18:00:00+00:00,5.54e-06,5.62e-06,5.54e-06,5.56e-06,14002699802.742138
2026-03-01 19:00:00+00:00,5.56e-06,5.56e-06,5.5e-06,5.52e-06,13599933352.52303
2026-03-01 20:00:00+00:00,5.51e-06,5.52e-06,5.44e-06,5.45e-06,21923234619.52437
2026-03-01 21:00:00+00:00,5.46e-06,5.52e-06,5.45e-06,5.5e-06,7391761276.272359
2026-03-01 22:00:00+00:00,5.51e-06,5.59e-06,5.49e-06,5.51e-06,9627132706.698872
2026-03-01 23:00:00+00:00,5.5e-06,5.57e-06,5.49e-06,5.53e-06,5625145410.253659
2026-03-02 00:00:00+00:00,5.54e-06,5.64e-06,5.53e-06,5.62e-06,3563435150.85707
2026-03-02 01:00:00+00:00,5.62e-06,5.69e-06,5.61e-06,5.63e-06,20305558706.231937
2026-03-02 02:00:00+00:00,5.64e-06,5.65e-06,5.58e-06,5.6e-06,10238113863.077654
2026-03-02 03:00:00+00:00,5.59e-06,5.64e-06,5.57e-06,5.62e-06,3525406870.7343106
2026-03-02 04:00:00+00:00,5.63e-06,5.65e-06,5.61e-06,5.62e-06,6395546477.841995
2026-03-02 05:00:00+00:00,5.62e-06,5.64e-06,5.58e-06,5.61e-06,2322455928.361105
2026-03-02 06:00:00+00:00,5.61e-06,5.61e-06,5.53e-06,5.56e-06,1591181206.8491
2026-03-02 07:00:00+00:00,5.55e-06,5.56e-06,5.5e-06,5.54e-06,2804255091.37704
2026-03-02 08:00:00+00:00,5.53e-06,5.55e-06,5.49e-06,5.54e-06,11284224410.258204
2026-03-02 09:00:00+00:00,5.53e-06,5.55e-06,5.52e-06,5.53e-06,2889556416.6294074
2026-03-02 10:00:00+00:00,5.51e-06,5.53e-06,5.48e-06,5.49e-06,4090678078.155664
2026-03-02 11:00:00+00:00,5.49e-06,5.51e-06,5.47e-06,5.49e-06,4752631667.42375
2026-03-02 12:00:00+00:00,5.49e-06,5.51e-06,5.46e-06,5.47e-06,5191507502.408817
2026-03-02 13:00:00+00:00,5.47e-06,5.49e-06,5.45e-06,5.47e-06,5119708045.635586
2026-03-02 14:00:00+00:00,5.47e-06,5.65e-06,5.45e-06,5.62e-06,20750345286.732567
2026-03-02 15:00:00+00:00,5.63e-06,5.8e-06,5.62e-06,5.71e-06,42302001578.10386
2026-03-02 16:00:00+00:00,5.71e-06,5.77e-06,5.64e-06,5.71e-06,16639005916.910765
2026-03-02 17:00:00+00:00,5.71e-06,5.72e-06,5.58e-06,5.64e-06,40878738881.154106
2026-03-02 18:00:00+00:00,5.65e-06,5.68e-06,5.59e-06,5.64e-06,12476932446.472908
2026-03-02 19:00:00+00:00,5.65e-06,5.66e-06,5.59e-06,5.65e-06,16524982501.89361
2026-03-02 20:00:00+00:00,5.64e-06,5.69e-06,5.58e-06,5.58e-06,9054863301.32542
2026-03-02 21:00:00+00:00,5.58e-06,5.59e-06,5.55e-06,5.56e-06,13562945461.199492
2026-03-02 22:00:00+00:00,5.57e-06,5.61e-06,5.57e-06,5.58e-06,4358650292.65941
2026-03-02 23:00:00+00:00,5.58e-06,5.58e-06,5.49e-06,5.51e-06,11382925472.996883
2026-03-03 00:00:00+00:00,5.51e-06,5.52e-06,5.46e-06,5.49e-06,5832563046.12086
2026-03-03 01:00:00+00:00,5.5e-06,5.52e-06,5.46e-06,5.46e-06,3153675210.51077
2026-03-03 02:00:00+00:00,5.46e-06,5.46e-06,5.41e-06,5.44e-06,21396898039.08873
2026-03-03 03:00:00+00:00,5.44e-06,5.46e-06,5.39e-06,5.44e-06,10801161419.83443
2026-03-03 04:00:00+00:00,5.45e-06,5.45e-06,5.41e-06,5.43e-06,17861614652.356724
2026-03-03 05:00:00+00:00,5.43e-06,5.47e-06,5.39e-06,5.41e-06,10955471315.47021
2026-03-03 06:00:00+00:00,5.41e-06,5.44e-06,5.41e-06,5.43e-06,4223767888.4048905
2026-03-03 07:00:00+00:00,5.43e-06,5.46e-06,5.41e-06,5.42e-06,2958756084.8098
2026-03-03 08:00:00+00:00,5.42e-06,5.43e-06,5.32e-06,5.32e-06,13157102563.69888
2026-03-03 09:00:00+00:00,5.33e-06,5.36e-06,5.29e-06,5.3e-06,14270439541.000015
2026-03-03 10:00:00+00:00,5.3e-06,5.33e-06,5.28e-06,5.3e-06,12378000272.93069
2026-03-03 11:00:00+00:00,5.3e-06,5.33e-06,5.26e-06,5.33e-06,3501364502.95038
2026-03-03 12:00:00+00:00,5.33e-06,5.4e-06,5.33e-06,5.39e-06,29179833434.092407
2026-03-03 13:00:00+00:00,5.4e-06,5.4e-06,5.36e-06,5.39e-06,4585799247.6896
2026-03-03 14:00:00+00:00,5.38e-06,5.48e-06,5.37e-06,5.41e-06,10399819802.902191
2026-03-03 15:00:00+00:00,5.4e-06,5.49e-06,5.35e-06,5.46e-06,12629834016.099785
2026-03-03 16:00:00+00:00,5.46e-06,5.56e-06,5.42e-06,5.48e-06,26115127853.373898
2026-03-03 17:00:00+00:00,5.48e-06,5.5e-06,5.43e-06,5.48e-06,7607617904.27736
2026-03-03 18:00:00+00:00,5.48e-06,5.54e-06,5.45e-06,5.5e-06,17439983501.216965
2026-03-03 19:00:00+00:00,5.51e-06,5.51e-06,5.46e-06,5.48e-06,2958134397.04239
2026-03-03 20:00:00+00:00,5.48e-06,5.49e-06,5.44e-06,5.46e-06,3648444828.06624
2026-03-03 21:00:00+00:00,5.46e-06,5.48e-06,5.42e-06,5.48e-06,3397349246.11341
2026-03-03 22:00:00+00:00,5.48e-06,5.53e-06,5.48e-06,5.5e-06,5129771486.25988
2026-03-03 23:00:00+00:00,5.5e-06,5.54e-06,5.47e-06,5.48e-06,6727642651.76419
2026-03-04 00:00:00+00:00,5.48e-06,5.49e-06,5.42e-06,5.47e-06,2586564139.0531297
2026-03-04 01:00:00+00:00,5.46e-06,5.52e-06,5.45e-06,5.48e-06,5021893841.14667
2026-03-04 02:00:00+00:00,5.49e-06,5.51e-06,5.46e-06,5.49e-06,13833659411.58945
2026-03-04 03:00:00+00:00,5.49e-06,5.49e-06,5.42e-06,5.46e-06,4207476908.137811
2026-03-04 04:00:00+00:00,5.47e-06,5.47e-06,5.43e-06,5.45e-06,3545949741.9238005
2026-03-04 05:00:00+00:00,5.46e-06,5.46e-06,5.42e-06,5.44e-06,16232582978.700048
2026-03-04 06:00:00+00:00,5.43e-06,5.46e-06,5.41e-06,5.44e-06,3748899405.07558
2026-03-04 07:00:00+00:00,5.43e-06,5.52e-06,5.43e-06,5.49e-06,2817011303.01467
2026-03-04 08:00:00+00:00,5.49e-06,5.61e-06,5.48e-06,5.6e-06,7105773083.641368
2026-03-04 09:00:00+00:00,5.6e-06,5.68e-06,5.57e-06,5.59e-06,27597898418.840187
2026-03-04 10:00:00+00:00,5.59e-06,5.61e-06,5.54e-06,5.56e-06,6093980092.28373
2026-03-04 11:00:00+00:00,5.57e-06,5.59e-06,5.52e-06,5.55e-06,2291863977.972182
2026-03-04 12:00:00+00:00,5.54e-06,5.55e-06,5.48e-06,5.54e-06,6644593567.90747
2026-03-04 13:00:00+00:00,5.52e-06,5.6e-06,5.52e-06,5.6e-06,2254052077.556144
2026-03-04 14:00:00+00:00,5.6e-06,5.68e-06,5.59e-06,5.62e-06,55619698010.80196
2026-03-04 15:00:00+00:00,5.62e-06,5.81e-06,5.62e-06,5.8e-06,35465759032.03129
2026-03-04 16:00:00+00:00,5.81e-06,5.84e-06,5.71e-06,5.78e-06,23766894170.02672
2026-03-04 17:00:00+00:00,5.79e-06,5.86e-06,5.74e-06,5.81e-06,27702366253.53784
2026-03-04 18:00:00+00:00,5.8e-06,5.83e-06,5.75e-06,5.79e-06,44666690773.30739
2026-03-04 19:00:00+00:00,5.79e-06,5.87e-06,5.78e-06,5.83e-06,30394725116.29239
2026-03-04 20:00:00+00:00,5.83e-06,5.83e-06,5.76e-06,5.78e-06,5758300122.35547
2026-03-04 21:00:00+00:00,5.78e-06,5.78e-06,5.72e-06,5.73e-06,6842973661.478552
2026-03-04 22:00:00+00:00,5.74e-06,5.79e-06,5.68e-06,5.69e-06,11773652414.663307
2026-03-04 23:00:00+00:00,5.7e-06,5.72e-06,5.65e-06,5.71e-06,7429337538.249061
2026-03-05 00:00:00+00:00,5.7e-06,5.72e-06,5.66e-06,5.68e-06,5757654478.591243
2026-03-05 01:00:00+00:00,5.67e-06,5.71e-06,5.62e-06,5.64e-06,10098503661.2274
2026-03-05 02:00:00+00:00,5.64e-06,5.68e-06,5.61e-06,5.63e-06,3969183725.0392494
2026-03-05 03:00:00+00:00,5.62e-06,5.64e-06,5.6e-06,5.62e-06,2311916668.89662
2026-03-05 04:00:00+00:00,5.62e-06,5.67e-06,5.61e-06,5.64e-06,40069643855.040245
2026-03-05 05:00:00+00:00,5.63e-06,5.65e-06,5.6e-06,5.62e-06,8194530220.73085
2026-03-05 06:00:00+00:00,5.62e-06,5.66e-06,5.59e-06,5.66e-06,6609420957.3083
2026-03-05 07:00:00+00:00,5.65e-06,5.66e-06,5.59e-06,5.6e-06,2327623838.40611
2026-03-05 08:00:00+00:00,5.61e-06,5.62e-06,5.58e-06,5.62e-06,1986344920.3929
2026-03-05 09:00:00+00:00,5.62e-06,5.65e-06,5.6e-06,5.65e-06,5871470209.100901
2026-03-05 10:00:00+00:00,5.64e-06,5.72e-06,5.63e-06,5.71e-06,3389543738.6791606
2026-03-05 11:00:00+00:00,5.7e-06,5.71e-06,5.64e-06,5.65e-06,3057294959.74625
2026-03-05 12:00:00+00:00,5.65e-06,5.67e-06,5.62e-06,5.67e-06,2096127459.08482
2026-03-05 13:00:00+00:00,5.66e-06,5.66e-06,5.58e-06,5.62e-06,7181990971.90251
2026-03-05 14:00:00+00:00,5.62e-06,5.67e-06,5.61e-06,5.67e-06,34870065644.985954
2026-03-05 15:00:00+00:00,5.66e-06,5.67e-06,5.54e-06,5.55e-06,37538590577.0975
2026-03-05 16:00:00+00:00,5.56e-06,5.56e-06,5.45e-06,5.51e-06,44395437197.9993
2026-03-05 17:00:00+00:00,5.52e-06,5.54e-06,5.44e-06,5.46e-06,66849053790.41002
2026-03-05 18:00:00+00:00,5.48e-06,5.51e-06,5.46e-06,5.5e-06,8828168705.214275
2026-03-05 19:00:00+00:00,5.5e-06,5.57e-06,5.49e-06,5.55e-06,3907431938.75144
2026-03-05 20:00:00+00:00,5.55e-06,5.63e-06,5.54e-06,5.62e-06,6950572736.373698
2026-03-05 21:00:00+00:00,5.61e-06,5.62e-06,5.55e-06,5.56e-06,2495313275.13918
2026-03-05 22:00:00+00:00,5.57e-06,5.57e-06,5.53e-06,5.54e-06,2991274334.44446
2026-03-05 23:00:00+00:00,5.55e-06,5.55e-06,5.52e-06,5.52e-06,3264346682.119709
2026-03-06 00:00:00+00:00,5.53e-06,5.55e-06,5.52e-06,5.53e-06,2146799958.4907093
2026-03-06 01:00:00+00:00,5.54e-06,5.61e-06,5.52e-06,5.59e-06,17989016495.418888
2026-03-06 02:00:00+00:00,5.59e-06,5.6e-06,5.55e-06,5.56e-06,5471775456.52268
2026-03-06 03:00:00+00:00,5.56e-06,5.59e-06,5.55e-06,5.59e-06,1420081213.64962
2026-03-06 04:00:00+00:00,5.59e-06,5.59e-06,5.54e-06,5.57e-06,2650560908.05861
2026-03-06 05:00:00+00:00,5.58e-06,5.59e-06,5.54e-06,5.58e-06,3498599339.75741
2026-03-06 06:00:00+00:00,5.57e-06,5.59e-06,5.55e-06,5.58e-06,3290189842.4144297
2026-03-06 07:00:00+00:00,5.56e-06,5.61e-06,5.55e-06,5.61e-06,7690868732.25534
2026-03-06 08:00:00+00:00,5.6e-06,5.6e-06,5.56e-06,5.58e-06,901024413.14058
2026-03-06 09:00:00+00:00,5.58e-06,5.59e-06,5.51e-06,5.56e-06,1442496950.15787
2026-03-06 10:00:00+00:00,5.57e-06,5.59e-06,5.56e-06,5.57e-06,617104810.71965
2026-03-06 11:00:00+00:00,5.56e-06,5.56e-06,5.51e-06,5.52e-06,3093704973.5845404
2026-03-06 12:00:00+00:00,5.53e-06,5.53e-06,5.48e-06,5.52e-06,2696769775.49696
2026-03-06 13:00:00+00:00,5.5e-06,5.54e-06,5.44e-06,5.46e-06,15218715149.158932
2026-03-06 14:00:00+00:00,5.45e-06,5.46e-06,5.34e-06,5.36e-06,27247482397.03772
2026-03-06 15:00:00+00:00,5.36e-06,5.4e-06,5.31e-06,5.34e-06,17274269191.948425
2026-03-06 16:00:00+00:00,5.34e-06,5.39e-06,5.32e-06,5.36e-06,7030639706.382538
2026-03-06 17:00:00+00:00,5.36e-06,5.38e-06,5.31e-06,5.34e-06,8188752694.897079
2026-03-06 18:00:00+00:00,5.34e-06,5.4e-06,5.34e-06,5.39e-06,3689311085.0915394
2026-03-06 19:00:00+00:00,5.39e-06,5.42e-06,5.39e-06,5.4e-06,21800159112.28384
2026-03-06 20:00:00+00:00,5.4e-06,5.41e-06,5.37e-06,5.4e-06,3947448215.27675
2026-03-06 21:00:00+00:00,5.4e-06,5.42e-06,5.38e-06,5.42e-06,4102654608.68529
2026-03-06 22:00:00+00:00,5.42e-06,5.43e-06,5.4e-06,5.41e-06,2421774321.4978204
2026-03-06 23:00:00+00:00,5.42e-06,5.42e-06,5.4e-06,5.41e-06,2352699068.18734
2026-03-07 00:00:00+00:00,5.4e-06,5.43e-06,5.39e-06,5.41e-06,9069647668.602362
2026-03-07 01:00:00+00:00,5.42e-06,5.42e-06,5.39e-06,5.41e-06,2884143359.22873
2026-03-07 02:00:00+00:00,5.4e-06,5.42e-06,5.39e-06,5.41e-06,2274102821.726829
2026-03-07 03:00:00+00:00,5.41e-06,5.43e-06,5.4e-06,5.41e-06,1240128443.1989398
2026-03-07 04:00:00+00:00,5.41e-06,5.42e-06,5.39e-06,5.42e-06,2301567998.83891
2026-03-07 05:00:00+00:00,5.42e-06,5.42e-06,5.39e-06,5.41e-06,2301637692.23257
2026-03-07 06:00:00+00:00,5.41e-06,5.41e-06,5.38e-06,5.39e-06,1224796130.03379
2026-03-07 07:00:00+00:00,5.39e-06,5.4e-06,5.37e-06,5.4e-06,1622289779.05469
2026-03-07 08:00:00+00:00,5.41e-06,5.42e-06,5.39e-06,5.39e-06,862225044.6779914
2026-03-07 09:00:00+00:00,5.4e-06,5.4e-06,5.37e-06,5.39e-06,906581092.64418
2026-03-07 10:00:00+00:00,5.39e-06,5.41e-06,5.39e-06,5.39e-06,1367507453.94667
2026-03-07 11:00:00+00:00,5.39e-06,5.42e-06,5.38e-06,5.4e-06,5072544013.09592
2026-03-07 12:00:00+00:00,5.39e-06,5.41e-06,5.39e-06,5.39e-06,2066053918.55871
2026-03-07 13:00:00+00:00,5.4e-06,5.42e-06,5.38e-06,5.41e-06,2903916537.3246303
2026-03-07 14:00:00+00:00,5.41e-06,5.41e-06,5.34e-06,5.37e-06,3102758437.9453
2026-03-07 15:00:00+00:00,5.36e-06,5.37e-06,5.33e-06,5.36e-06,1506404126.35797
2026-03-07 16:00:00+00:00,5.35e-06,5.37e-06,5.35e-06,5.36e-06,744608736.1980301
2026-03-07 17:00:00+00:00,5.36e-06,5.39e-06,5.35e-06,5.37e-06,2698929968.96272
2026-03-07 18:00:00+00:00,5.37e-06,5.38e-06,5.35e-06,5.37e-06,3040931772.64153
2026-03-07 19:00:00+00:00,5.37e-06,5.38e-06,5.33e-06,5.34e-06,9058237479.382229
2026-03-07 20:00:00+00:00,5.34e-06,5.36e-06,5.34e-06,5.35e-06,2473038078.38543
2026-03-07 21:00:00+00:00,5.34e-06,5.36e-06,5.33e-06,5.35e-06,1831669076.5111604
2026-03-07 22:00:00+00:00,5.35e-06,5.35e-06,5.29e-06,5.31e-06,4964585184.02223
2026-03-07 23:00:00+00:00,5.3e-06,5.33e-06,5.3e-06,5.33e-06,848219624.5425199
2026-03-08 00:00:00+00:00,5.33e-06,5.34e-06,5.3e-06,5.32e-06,2119858963.71434
2026-03-08 01:00:00+00:00,5.32e-06,5.33e-06,5.29e-06,5.31e-06,2735019530.289
2026-03-08 02:00:00+00:00,5.32e-06,5.32e-06,5.26e-06,5.27e-06,9008618853.58542
2026-03-08 03:00:00+00:00,5.27e-06,5.3e-06,5.26e-06,5.29e-06,5230568831.51915
2026-03-08 04:00:00+00:00,5.29e-06,5.3e-06,5.25e-06,5.27e-06,6334917684.83482
2026-03-08 05:00:00+00:00,5.27e-06,5.31e-06,5.26e-06,5.29e-06,3436968085.81676
2026-03-08 06:00:00+00:00,5.29e-06,5.29e-06,5.27e-06,5.29e-06,9407132112.221828
2026-03-08 07:00:00+00:00,5.28e-06,5.32e-06,5.28e-06,5.3e-06,2065165548.1306703
2026-03-08 08:00:00+00:00,5.3e-06,5.31e-06,5.28e-06,5.3e-06,2535006536.06814
2026-03-08 09:00:00+00:00,5.3e-06,5.34e-06,5.29e-06,5.33e-06,2551332556.2681003
2026-03-08 10:00:00+00:00,5.33e-06,5.39e-06,5.33e-06,5.37e-06,3206535183.71869
2026-03-08 11:00:00+00:00,5.37e-06,5.37e-06,5.32e-06,5.34e-06,1824983449.8917887
2026-03-08 12:00:00+00:00,5.34e-06,5.36e-06,5.28e-06,5.34e-06,1660020776.51533
2026-03-08 13:00:00+00:00,5.35e-06,5.35e-06,5.27e-06,5.3e-06,1845097197.4584403
2026-03-08 14:00:00+00:00,5.29e-06,5.31e-06,5.28e-06,5.29e-06,2219548554.48729
2026-03-08 15:00:00+00:00,5.3e-06,5.3e-06,5.26e-06,5.27e-06,1357346195.50283
2026-03-08 16:00:00+00:00,5.27e-06,5.29e-06,5.25e-06,5.26e-06,7638165583.224852
2026-03-08 17:00:00+00:00,5.27e-06,5.3e-06,5.26e-06,5.29e-06,3063474603.85477
2026-03-08 18:00:00+00:00,5.29e-06,5.3e-06,5.27e-06,5.29e-06,1083696799.91148
2026-03-08 19:00:00+00:00,5.29e-06,5.37e-06,5.29e-06,5.35e-06,2958692017.460989
2026-03-08 20:00:00+00:00,5.35e-06,5.38e-06,5.33e-06,5.35e-06,3166471581.60958
2026-03-08 21:00:00+00:00,5.35e-06,5.35e-06,5.31e-06,5.33e-06,1960788281.89676
2026-03-08 22:00:00+00:00,5.33e-06,5.34e-06,5.22e-06,5.31e-06,9087965442.3145
2026-03-08 23:00:00+00:00,5.32e-06,5.33e-06,5.27e-06,5.29e-06,2642810226.04748
2026-03-09 00:00:00+00:00,5.28e-06,5.37e-06,5.28e-06,5.31e-06,2270803552.6814404
2026-03-09 01:00:00+00:00,5.32e-06,5.35e-06,5.29e-06,5.3e-06,3471880474.4110603
2026-03-09 02:00:00+00:00,5.3e-06,5.33e-06,5.28e-06,5.31e-06,1300396711.19714
2026-03-09 03:00:00+00:00,5.32e-06,5.4e-06,5.32e-06,5.34e-06,5369962553.734859
2026-03-09 04:00:00+00:00,5.34e-06,5.37e-06,5.33e-06,5.35e-06,5888822470.597469
2026-03-09 05:00:00+00:00,5.34e-06,5.43e-06,5.33e-06,5.41e-06,5951645638.841743
2026-03-09 06:00:00+00:00,5.42e-06,5.42e-06,5.34e-06,5.35e-06,1308008037.1227996
2026-03-09 07:00:00+00:00,5.35e-06,5.35e-06,5.3e-06,5.34e-06,1739580359.351332
2026-03-09 08:00:00+00:00,5.32e-06,5.35e-06,5.31e-06,5.34e-06,3010334167.1888533
2026-03-09 09:00:00+00:00,5.33e-06,5.39e-06,5.31e-06,5.35e-06,2324791250.23098
2026-03-09 10:00:00+00:00,5.35e-06,5.37e-06,5.32e-06,5.32e-06,1392575316.95194
2026-03-09 11:00:00+00:00,5.33e-06,5.36e-06,5.31e-06,5.36e-06,2551079141.33262
2026-03-09 12:00:00+00:00,5.35e-06,5.39e-06,5.35e-06,5.37e-06,6427806514.608151
2026-03-09 13:00:00+00:00,5.38e-06,5.47e-06,5.36e-06,5.45e-06,5834096237.60638
2026-03-09 14:00:00+00:00,5.44e-06,5.48e-06,5.42e-06,5.44e-06,4499556253.79396
2026-03-09 15:00:00+00:00,5.45e-06,5.47e-06,5.4e-06,5.45e-06,3592720113.2097387
2026-03-09 16:00:00+00:00,5.46e-06,5.46e-06,5.41e-06,5.43e-06,2507939034.81598
2026-03-09 17:00:00+00:00,5.43e-06,5.46e-06,5.42e-06,5.45e-06,8442431402.613492
2026-03-09 18:00:00+00:00,5.44e-06,5.46e-06,5.42e-06,5.44e-06,2706599496.383307
2026-03-09 19:00:00+00:00,5.45e-06,5.58e-06,5.42e-06,5.48e-06,10009555755.435358
2026-03-09 20:00:00+00:00,5.49e-06,5.51e-06,5.46e-06,5.49e-06,2430445890.461564
2026-03-09 21:00:00+00:00,5.49e-06,5.53e-06,5.47e-06,5.49e-06,4544785776.321202
2026-03-09 22:00:00+00:00,5.49e-06,5.5e-06,5.42e-06,5.44e-06,1992568805.4283893
2026-03-09 23:00:00+00:00,5.43e-06,5.44e-06,5.4e-06,5.42e-06,1652805185.0864902
2026-03-10 00:00:00+00:00,5.43e-06,5.48e-06,5.41e-06,5.46e-06,3209689373.75001
2026-03-10 01:00:00+00:00,5.47e-06,5.48e-06,5.44e-06,5.46e-06,1350811588.8572202
2026-03-10 02:00:00+00:00,5.46e-06,5.57e-06,5.45e-06,5.54e-06,2747527006.2915707
2026-03-10 03:00:00+00:00,5.55e-06,5.58e-06,5.51e-06,5.51e-06,4042954710.5330896
2026-03-10 04:00:00+00:00,5.52e-06,5.58e-06,5.51e-06,5.57e-06,2346086968.0877504
2026-03-10 05:00:00+00:00,5.55e-06,5.57e-06,5.53e-06,5.54e-06,634712048.3097401
2026-03-10 06:00:00+00:00,5.53e-06,5.57e-06,5.53e-06,5.56e-06,1502592194.2300398
2026-03-10 07:00:00+00:00,5.55e-06,5.6e-06,5.55e-06,5.59e-06,2295894382.04049
2026-03-10 08:00:00+00:00,5.59e-06,5.64e-06,5.59e-06,5.62e-06,6241886142.6879
2026-03-10 09:00:00+00:00,5.63e-06,5.75e-06,5.63e-06,5.71e-06,5444460849.550454
2026-03-10 10:00:00+00:00,5.71e-06,5.75e-06,5.66e-06,5.73e-06,6445354752.408504
2026-03-10 11:00:00+00:00,5.73e-06,5.75e-06,5.7e-06,5.73e-06,5136307554.839473
2026-03-10 12:00:00+00:00,5.73e-06,5.79e-06,5.71e-06,5.79e-06,6392387412.141341
2026-03-10 13:00:00+00:00,5.79e-06,5.92e-06,5.69e-06,5.8e-06,17335320283.323772
2026-03-10 14:00:00+00:00,5.81e-06,5.95e-06,5.74e-06,5.95e-06,16871494938.900385
2026-03-10 15:00:00+00:00,5.95e-06,6.08e-06,5.9e-06,5.95e-06,49774913852.22842
2026-03-10 16:00:00+00:00,5.96e-06,6.07e-06,5.93e-06,6.05e-06,27181568038.62481
2026-03-10 17:00:00+00:00,6.05e-06,6.06e-06,5.92e-06,5.93e-06,38262244815.62525
2026-03-10 18:00:00+00:00,5.92e-06,5.93e-06,5.72e-06,5.73e-06,21511363011.093506
2026-03-10 19:00:00+00:00,5.73e-06,5.75e-06,5.67e-06,5.7e-06,50054790735.15812
2026-03-10 20:00:00+00:00,5.68e-06,5.72e-06,5.68e-06,5.72e-06,7030263816.677639
2026-03-10 21:00:00+00:00,5.7e-06,5.72e-06,5.64e-06,5.66e-06,4938979536.310451
2026-03-10 22:00:00+00:00,5.65e-06,5.67e-06,5.62e-06,5.65e-06,4891519451.1195
2026-03-10 23:00:00+00:00,5.65e-06,5.66e-06,5.64e-06,5.65e-06,11214182293.60009
2026-03-11 00:00:00+00:00,5.65e-06,5.66e-06,5.6e-06,5.65e-06,4280344100.29279
2026-03-11 01:00:00+00:00,5.65e-06,5.66e-06,5.61e-06,5.63e-06,2246789001.9991302
2026-03-11 02:00:00+00:00,5.63e-06,5.64e-06,5.6e-06,5.64e-06,3513743643.596777
2026-03-11 03:00:00+00:00,5.64e-06,5.65e-06,5.6e-06,5.61e-06,2619390072.023587
2026-03-11 04:00:00+00:00,5.62e-06,5.7e-06,5.61e-06,5.7e-06,4113580910.581289
2026-03-11 05:00:00+00:00,5.7e-06,5.71e-06,5.59e-06,5.6e-06,4085076954.5830393
2026-03-11 06:00:00+00:00,5.61e-06,5.64e-06,5.6e-06,5.62e-06,1977961687.1187952
2026-03-11 07:00:00+00:00,5.61e-06,5.63e-06,5.59e-06,5.61e-06,1407054085.87592
2026-03-11 08:00:00+00:00,5.62e-06,5.64e-06,5.61e-06,5.62e-06,3045491452.51191
2026-03-11 09:00:00+00:00,5.62e-06,5.65e-06,5.62e-06,5.63e-06,2739328151.469892
2026-03-11 10:00:00+00:00,5.65e-06,5.68e-06,5.65e-06,5.67e-06,2837781979.4630704
2026-03-11 11:00:00+00:00,5.66e-06,5.69e-06,5.65e-06,5.68e-06,2003523857.72832
2026-03-11 12:00:00+00:00,5.69e-06,5.79e-06,5.67e-06,5.76e-06,14001875570.455896
2026-03-11 13:00:00+00:00,5.76e-06,5.89e-06,5.74e-06,5.79e-06,8868784809.676485
2026-03-11 14:00:00+00:00,5.8e-06,5.87e-06,5.8e-06,5.81e-06,7462538897.99752
2026-03-11 15:00:00+00:00,5.82e-06,5.9e-06,5.76e-06,5.84e-06,52463735669.60802
2026-03-11 16:00:00+00:00,5.84e-06,5.87e-06,5.79e-06,5.84e-06,15042717926.618685
2026-03-11 17:00:00+00:00,5.84e-06,5.88e-06,5.79e-06,5.84e-06,11018381620.77608
2026-03-11 18:00:00+00:00,5.84e-06,5.86e-06,5.81e-06,5.83e-06,3526655115.26343
2026-03-11 19:00:00+00:00,5.84e-06,5.85e-06,5.8e-06,5.8e-06,3220827418.187588
2026-03-11 20:00:00+00:00,5.8e-06,5.8e-06,5.76e-06,5.79e-06,2745310795.149806
2026-03-11 21:00:00+00:00,5.79e-06,5.8e-06,5.75e-06,5.77e-06,7794416886.353128
2026-03-11 22:00:00+00:00,5.76e-06,5.78e-06,5.73e-06,5.75e-06,3691458288.905
2026-03-11 23:00:00+00:00,5.75e-06,5.77e-06,5.72e-06,5.74e-06,15219245210.722622
2026-03-12 00:00:00+00:00,5.74e-06,5.75e-06,5.72e-06,5.75e-06,13516575357.064116
2026-03-12 01:00:00+00:00,5.74e-06,5.76e-06,5.72e-06,5.74e-06,6266119935.137709
2026-03-12 02:00:00+00:00,5.75e-06,5.76e-06,5.71e-06,5.73e-06,5592927833.140841
2026-03-12 03:00:00+00:00,5.73e-06,5.77e-06,5.72e-06,5.75e-06,4281272872.123601
2026-03-12 04:00:00+00:00,5.75e-06,5.77e-06,5.72e-06,5.72e-06,2258169546.64777
2026-03-12 05:00:00+00:00,5.73e-06,5.74e-06,5.69e-06,5.71e-06,2155396356.14027
2026-03-12 06:00:00+00:00,5.71e-06,5.72e-06,5.7e-06,5.72e-06,978555645.90426
2026-03-12 07:00:00+00:00,5.71e-06,5.82e-06,5.71e-06,5.82e-06,7193183733.40125
2026-03-12 08:00:00+00:00,5.81e-06,5.86e-06,5.8e-06,5.84e-06,4845856501.23039
2026-03-12 09:00:00+00:00,5.85e-06,5.87e-06,5.81e-06,5.86e-06,6745308243.354231
2026-03-12 10:00:00+00:00,5.86e-06,5.96e-06,5.84e-06,5.92e-06,3818776132.0615
2026-03-12 11:00:00+00:00,5.93e-06,6.02e-06,5.9e-06,6.01e-06,11272049601.200268
2026-03-12 12:00:00+00:00,6.02e-06,6.06e-06,5.98e-06,6.01e-06,11529819579.007423
2026-03-12 13:00:00+00:00,6.01e-06,6.01e-06,5.91e-06,5.94e-06,10365065117.82295
2026-03-12 14:00:00+00:00,5.96e-06,5.99e-06,5.88e-06,5.9e-06,29469560486.85261
2026-03-12 15:00:00+00:00,5.89e-06,5.93e-06,5.86e-06,5.88e-06,12792494335.14098
2026-03-12 16:00:00+00:00,5.86e-06,5.9e-06,5.83e-06,5.87e-06,4647030025.602147
2026-03-12 17:00:00+00:00,5.88e-06,5.93e-06,5.86e-06,5.88e-06,5060467350.8655205
2026-03-12 18:00:00+00:00,5.89e-06,5.91e-06,5.86e-06,5.87e-06,5157791532.586937
2026-03-12 19:00:00+00:00,5.88e-06,5.96e-06,5.85e-06,5.94e-06,4551000276.334881
2026-03-12 20:00:00+00:00,5.93e-06,5.94e-06,5.85e-06,5.87e-06,2682040088.64367
2026-03-12 21:00:00+00:00,5.86e-06,5.92e-06,5.86e-06,5.91e-06,1856607632.792052
2026-03-12 22:00:00+00:00,5.91e-06,5.92e-06,5.87e-06,5.88e-06,1475081406.8797998
2026-03-12 23:00:00+00:00,5.89e-06,5.95e-06,5.89e-06,5.92e-06,2156254394.6726704
2026-03-13 00:00:00+00:00,5.92e-06,6.03e-06,5.9e-06,5.97e-06,29401392908.936504
2026-03-13 01:00:00+00:00,5.99e-06,6.01e-06,5.97e-06,6e-06,14878142289.58965
2026-03-13 02:00:00+00:00,5.99e-06,5.99e-06,5.95e-06,5.97e-06,3680486751.4430704
2026-03-13 03:00:00+00:00,5.97e-06,5.99e-06,5.94e-06,5.99e-06,2711887947.1526446
2026-03-13 04:00:00+00:00,5.99e-06,5.99e-06,5.95e-06,5.96e-06,1255425353.73007
2026-03-13 05:00:00+00:00,5.96e-06,5.96e-06,5.93e-06,5.94e-06,1201625625.38861
2026-03-13 06:00:00+00:00,5.94e-06,5.96e-06,5.91e-06,5.96e-06,6281232242.026271
2026-03-13 07:00:00+00:00,5.95e-06,5.99e-06,5.95e-06,5.98e-06,5168975171.590801
2026-03-13 08:00:00+00:00,5.98e-06,6.01e-06,5.95e-06,5.99e-06,6651968196.35731
2026-03-13 09:00:00+00:00,5.99e-06,6.05e-06,5.98e-06,6.05e-06,3195160737.1358705
2026-03-13 10:00:00+00:00,6.04e-06,6.08e-06,6.02e-06,6.06e-06,2858353991.266318
2026-03-13 11:00:00+00:00,6.07e-06,6.2e-06,6.07e-06,6.2e-06,40808367071.233086
2026-03-13 12:00:00+00:00,6.2e-06,6.3e-06,6.15e-06,6.22e-06,25352098049.307137
2026-03-13 13:00:00+00:00,6.22e-06,6.24e-06,6.16e-06,6.19e-06,17930531508.173607
2026-03-13 14:00:00+00:00,6.2e-06,6.22e-06,6.01e-06,6.03e-06,27365829655.542675
2026-03-13 15:00:00+00:00,6.04e-06,6.11e-06,6.02e-06,6.05e-06,8199218373.381603
2026-03-13 16:00:00+00:00,6.06e-06,6.08e-06,6.02e-06,6.05e-06,27343119239.882687
2026-03-13 17:00:00+00:00,6.05e-06,6.05e-06,5.95e-06,5.96e-06,19799600229.60096
2026-03-13 18:00:00+00:00,5.97e-06,5.99e-06,5.94e-06,5.95e-06,4918023959.984646
2026-03-13 19:00:00+00:00,5.96e-06,5.97e-06,5.93e-06,5.96e-06,2666391702.382052
2026-03-13 20:00:00+00:00,5.96e-06,5.99e-06,5.94e-06,5.99e-06,2225355828.2182903
2026-03-13 21:00:00+00:00,5.99e-06,6.01e-06,5.93e-06,5.96e-06,5643996418.840424
2026-03-13 22:00:00+00:00,5.96e-06,5.96e-06,5.89e-06,5.92e-06,10753507515.987528
2026-03-13 23:00:00+00:00,5.92e-06,5.95e-06,5.91e-06,5.94e-06,2025597012.6266928
2026-03-14 00:00:00+00:00,5.94e-06,5.95e-06,5.9e-06,5.92e-06,4658802975.3514805
2026-03-14 01:00:00+00:00,5.91e-06,5.95e-06,5.9e-06,5.93e-06,2650747414.37293
2026-03-14 02:00:00+00:00,5.92e-06,5.95e-06,5.92e-06,5.94e-06,1072613302.1855
2026-03-14 03:00:00+00:00,5.95e-06,5.96e-06,5.93e-06,5.96e-06,4453640406.962609
2026-03-14 04:00:00+00:00,5.95e-06,6e-06,5.94e-06,5.95e-06,10000884958.004538
2026-03-14 05:00:00+00:00,5.95e-06,5.95e-06,5.91e-06,5.92e-06,1598479006.9055
2026-03-14 06:00:00+00:00,5.91e-06,5.92e-06,5.86e-06,5.89e-06,3466925768.44996
2026-03-14 07:00:00+00:00,5.89e-06,5.91e-06,5.88e-06,5.88e-06,3871788363.577072
2026-03-14 08:00:00+00:00,5.89e-06,5.89e-06,5.86e-06,5.88e-06,3791978520.96356
2026-03-14 09:00:00+00:00,5.88e-06,5.89e-06,5.87e-06,5.88e-06,1017937900.5205436
2026-03-14 10:00:00+00:00,5.87e-06,5.88e-06,5.84e-06,5.87e-06,2464319935.455074
2026-03-14 11:00:00+00:00,5.88e-06,5.9e-06,5.87e-06,5.89e-06,1655398005.90718
2026-03-14 12:00:00+00:00,5.89e-06,5.89e-06,5.87e-06,5.88e-06,979414071.1712098
2026-03-14 13:00:00+00:00,5.88e-06,5.93e-06,5.88e-06,5.91e-06,1582282260.19215
2026-03-14 14:00:00+00:00,5.92e-06,5.96e-06,5.9e-06,5.91e-06,3204215974.2611613
2026-03-14 15:00:00+00:00,5.9e-06,5.94e-06,5.89e-06,5.92e-06,6436814870.339177
2026-03-14 16:00:00+00:00,5.91e-06,5.94e-06,5.91e-06,5.93e-06,1544098863.1993198
2026-03-14 17:00:00+00:00,5.94e-06,5.94e-06,5.9e-06,5.9e-06,1994562872.01508
2026-03-14 18:00:00+00:00,5.9e-06,5.9e-06,5.88e-06,5.88e-06,1162669611.42405
2026-03-14 19:00:00+00:00,5.89e-06,5.89e-06,5.86e-06,5.87e-06,2766159231.647192
2026-03-14 20:00:00+00:00,5.87e-06,5.87e-06,5.82e-06,5.84e-06,1738841135.5543149
2026-03-14 21:00:00+00:00,5.84e-06,5.85e-06,5.83e-06,5.85e-06,1418270195.88871
2026-03-14 22:00:00+00:00,5.84e-06,5.86e-06,5.83e-06,5.85e-06,6921912455.21107
2026-03-14 23:00:00+00:00,5.84e-06,5.89e-06,5.84e-06,5.88e-06,4165210001.1156993
2026-03-15 00:00:00+00:00,5.88e-06,5.89e-06,5.84e-06,5.86e-06,1229953958.53539
2026-03-15 01:00:00+00:00,5.85e-06,5.86e-06,5.84e-06,5.86e-06,1254542547.30362
2026-03-15 02:00:00+00:00,5.86e-06,5.93e-06,5.86e-06,5.91e-06,4893368806.54804
2026-03-15 03:00:00+00:00,5.93e-06,5.94e-06,5.87e-06,5.88e-06,13698316569.812471
2026-03-15 04:00:00+00:00,5.88e-06,5.89e-06,5.84e-06,5.86e-06,1420853608.43406
2026-03-15 05:00:00+00:00,5.85e-06,5.87e-06,5.84e-06,5.86e-06,1818150035.75905
2026-03-15 06:00:00+00:00,5.86e-06,5.86e-06,5.82e-06,5.85e-06,1235572888.16071
2026-03-15 07:00:00+00:00,5.84e-06,5.84e-06,5.81e-06,5.83e-06,1218660155.1669552
2026-03-15 08:00:00+00:00,5.83e-06,5.86e-06,5.83e-06,5.85e-06,1748166272.1899836
2026-03-15 09:00:00+00:00,5.86e-06,5.86e-06,5.84e-06,5.84e-06,789395283.89304
2026-03-15 10:00:00+00:00,5.84e-06,5.87e-06,5.84e-06,5.87e-06,530358027.8459799
2026-03-15 11:00:00+00:00,5.87e-06,5.88e-06,5.85e-06,5.87e-06,2142822424.7975185
2026-03-15 12:00:00+00:00,5.86e-06,5.88e-06,5.85e-06,5.87e-06,2414316938.8494296
2026-03-15 13:00:00+00:00,5.87e-06,5.88e-06,5.82e-06,5.85e-06,2819278893.0736
2026-03-15 14:00:00+00:00,5.85e-06,5.86e-06,5.84e-06,5.86e-06,416408746.07774
2026-03-15 15:00:00+00:00,5.86e-06,5.86e-06,5.81e-06,5.82e-06,3558197366.53177
2026-03-15 16:00:00+00:00,5.82e-06,5.83e-06,5.78e-06,5.81e-06,5800201138.884071
2026-03-15 17:00:00+00:00,5.81e-06,5.86e-06,5.81e-06,5.85e-06,1151061290.32646
2026-03-15 18:00:00+00:00,5.85e-06,5.85e-06,5.8e-06,5.81e-06,1367105412.34272
2026-03-15 19:00:00+00:00,5.81e-06,5.84e-06,5.81e-06,5.84e-06,3024682857.8117905
2026-03-15 20:00:00+00:00,5.84e-06,5.86e-06,5.81e-06,5.84e-06,968940705.9716802
2026-03-15 21:00:00+00:00,5.84e-06,5.87e-06,5.82e-06,5.87e-06,1547309726.5559812
2026-03-15 22:00:00+00:00,5.87e-06,5.96e-06,5.84e-06,5.96e-06,4548977091.2007
2026-03-15 23:00:00+00:00,5.95e-06,5.97e-06,5.89e-06,5.95e-06,5341389486.843571
2026-03-16 00:00:00+00:00,5.96e-06,6.03e-06,5.96e-06,6.02e-06,5897481265.09226
2026-03-16 01:00:00+00:00,6.02e-06,6.03e-06,5.97e-06,5.99e-06,7698558949.925281
2026-03-16 02:00:00+00:00,5.99e-06,6.01e-06,5.94e-06,6e-06,2219992215.14279
2026-03-16 03:00:00+00:00,5.99e-06,6.15e-06,5.98e-06,6.09e-06,19131296460.411453
2026-03-16 04:00:00+00:00,6.1e-06,6.19e-06,6.1e-06,6.17e-06,12917217682.545437
2026-03-16 05:00:00+00:00,6.18e-06,6.25e-06,6.16e-06,6.22e-06,13733138055.45064
2026-03-16 06:00:00+00:00,6.23e-06,6.27e-06,6.18e-06,6.26e-06,3015458011.7420115
2026-03-16 07:00:00+00:00,6.26e-06,6.37e-06,6.26e-06,6.34e-06,36740700873.734215
2026-03-16 08:00:00+00:00,6.35e-06,6.44e-06,6.21e-06,6.21e-06,10500665279.5493
2026-03-16 09:00:00+00:00,6.24e-06,6.33e-06,6.24e-06,6.31e-06,5553976129.953789
2026-03-16 10:00:00+00:00,6.31e-06,6.32e-06,6.16e-06,6.19e-06,9232606678.84224
2026-03-16 11:00:00+00:00,6.19e-06,6.21e-06,6.11e-06,6.15e-06,4836810606.138644
2026-03-16 12:00:00+00:00,6.15e-06,6.16e-06,6.12e-06,6.15e-06,17277595147.1525
2026-03-16 13:00:00+00:00,6.16e-06,6.19e-06,6.09e-06,6.12e-06,10433427284.081562
2026-03-16 14:00:00+00:00,6.12e-06,6.21e-06,6.07e-06,6.2e-06,10650058098.060703
2026-03-16 15:00:00+00:00,6.2e-06,6.2e-06,6.06e-06,6.07e-06,27840529392.53165
2026-03-16 16:00:00+00:00,6.07e-06,6.12e-06,6.07e-06,6.11e-06,11430639073.650154
2026-03-16 17:00:00+00:00,6.11e-06,6.16e-06,6.1e-06,6.16e-06,24978185961.28948
2026-03-16 18:00:00+00:00,6.14e-06,6.18e-06,6.13e-06,6.15e-06,8801772286.300243
2026-03-16 19:00:00+00:00,6.15e-06,6.22e-06,6.14e-06,6.18e-06,4900815423.915171
2026-03-16 20:00:00+00:00,6.18e-06,6.19e-06,6.14e-06,6.15e-06,34082253696.94431
2026-03-16 21:00:00+00:00,6.14e-06,6.17e-06,6.11e-06,6.14e-06,16678978156.842789
2026-03-16 22:00:00+00:00,6.14e-06,6.21e-06,6.14e-06,6.2e-06,8132338378.04515
2026-03-16 23:00:00+00:00,6.2e-06,6.22e-06,6.15e-06,6.19e-06,15789134655.30792
2026-03-17 00:00:00+00:00,6.19e-06,6.23e-06,6.17e-06,6.22e-06,8144481820.18821
2026-03-17 01:00:00+00:00,6.23e-06,6.25e-06,6.19e-06,6.21e-06,8536391750.981989
2026-03-17 02:00:00+00:00,6.2e-06,6.25e-06,6.17e-06,6.22e-06,10655463617.47348
2026-03-17 03:00:00+00:00,6.21e-06,6.22e-06,6.12e-06,6.15e-06,54300693520.07779
2026-03-17 04:00:00+00:00,6.16e-06,6.16e-06,6.06e-06,6.1e-06,11150664132.758654
2026-03-17 05:00:00+00:00,6.08e-06,6.11e-06,6.04e-06,6.06e-06,33498708806.92652
2026-03-17 06:00:00+00:00,6.06e-06,6.09e-06,6.04e-06,6.06e-06,2212745512.55372
2026-03-17 07:00:00+00:00,6.06e-06,6.11e-06,6.06e-06,6.09e-06,3010451284.42011
2026-03-17 08:00:00+00:00,6.09e-06,6.14e-06,6.08e-06,6.11e-06,4368913399.043231
2026-03-17 09:00:00+00:00,6.11e-06,6.13e-06,6.09e-06,6.11e-06,4789014951.076534
2026-03-17 10:00:00+00:00,6.09e-06,6.11e-06,6.07e-06,6.1e-06,3982085311.718373
2026-03-17 11:00:00+00:00,6.1e-06,6.12e-06,6.07e-06,6.08e-06,2293677102.67375
2026-03-17 12:00:00+00:00,6.07e-06,6.07e-06,5.95e-06,5.97e-06,7184611023.16595
2026-03-17 13:00:00+00:00,5.97e-06,6.03e-06,5.97e-06,6e-06,10537146473.85688
2026-03-17 14:00:00+00:00,6e-06,6.03e-06,5.98e-06,6.02e-06,2623568184.1773105
2026-03-17 15:00:00+00:00,6.02e-06,6.06e-06,5.98e-06,6.02e-06,2981919181.488769
2026-03-17 16:00:00+00:00,6.03e-06,6.06e-06,6.02e-06,6.03e-06,7841748950.196184
2026-03-17 17:00:00+00:00,6.04e-06,6.07e-06,6.02e-06,6.07e-06,6106263627.282259
2026-03-17 18:00:00+00:00,6.07e-06,6.11e-06,6.05e-06,6.09e-06,9425795931.835629
2026-03-17 19:00:00+00:00,6.09e-06,6.1e-06,6.06e-06,6.06e-06,6598868245.926868
2026-03-17 20:00:00+00:00,6.06e-06,6.09e-06,6.05e-06,6.08e-06,2220991051.9265003
2026-03-17 21:00:00+00:00,6.09e-06,6.13e-06,6.08e-06,6.11e-06,12106017773.2586
2026-03-17 22:00:00+00:00,6.13e-06,6.17e-06,6.08e-06,6.1e-06,14641033454.094631
2026-03-17 23:00:00+00:00,6.1e-06,6.13e-06,6.05e-06,6.07e-06,3518182558.2433105
2026-03-18 00:00:00+00:00,6.07e-06,6.08e-06,6.02e-06,6.05e-06,7036896912.031119
2026-03-18 01:00:00+00:00,6.05e-06,6.11e-06,6.05e-06,6.1e-06,5402358318.184052
2026-03-18 02:00:00+00:00,6.09e-06,6.17e-06,6.09e-06,6.15e-06,28215882906.854504
2026-03-18 03:00:00+00:00,6.15e-06,6.23e-06,6.14e-06,6.18e-06,8236294312.839568
2026-03-18 04:00:00+00:00,6.18e-06,6.18e-06,6.09e-06,6.12e-06,9801659587.418207
2026-03-18 05:00:00+00:00,6.12e-06,6.16e-06,6.08e-06,6.1e-06,3080843166.5299315
2026-03-18 06:00:00+00:00,6.1e-06,6.11e-06,6.06e-06,6.06e-06,2411568164.610001
2026-03-18 07:00:00+00:00,6.06e-06,6.07e-06,6.04e-06,6.06e-06,1172276976.36183
2026-03-18 08:00:00+00:00,6.07e-06,6.09e-06,6.05e-06,6.06e-06,773699134.35015
2026-03-18 09:00:00+00:00,6.06e-06,6.09e-06,6.05e-06,6.07e-06,1354212046.693582
2026-03-18 10:00:00+00:00,6.08e-06,6.09e-06,6.03e-06,6.06e-06,2046124139.600898
2026-03-18 11:00:00+00:00,6.06e-06,6.07e-06,5.93e-06,5.95e-06,11164623973.521402
2026-03-18 12:00:00+00:00,5.93e-06,5.95e-06,5.83e-06,5.83e-06,16538868357.840412
2026-03-18 13:00:00+00:00,5.82e-06,5.87e-06,5.8e-06,5.84e-06,8537738988.04282
2026-03-18 14:00:00+00:00,5.84e-06,5.85e-06,5.74e-06,5.75e-06,26255354708.761368
2026-03-18 15:00:00+00:00,5.75e-06,5.8e-06,5.73e-06,5.76e-06,16195462625.441113
2026-03-18 16:00:00+00:00,5.75e-06,5.76e-06,5.71e-06,5.74e-06,7496846854.72834
2026-03-18 17:00:00+00:00,5.74e-06,5.8e-06,5.71e-06,5.78e-06,4455683608.405839
2026-03-18 18:00:00+00:00,5.78e-06,5.83e-06,5.75e-06,5.77e-06,15008790761.95844
2026-03-18 19:00:00+00:00,5.77e-06,5.8e-06,5.76e-06,5.76e-06,2476777397.6255035
2026-03-18 20:00:00+00:00,5.76e-06,5.82e-06,5.72e-06,5.81e-06,14762323887.609112
2026-03-18 21:00:00+00:00,5.8e-06,5.82e-06,5.8e-06,5.81e-06,1883819710.067784
2026-03-18 22:00:00+00:00,5.8e-06,5.82e-06,5.79e-06,5.82e-06,2546214287.3379374
2026-03-18 23:00:00+00:00,5.81e-06,5.83e-06,5.8e-06,5.82e-06,4789376717.363801
2026-03-19 00:00:00+00:00,5.83e-06,5.83e-06,5.79e-06,5.8e-06,3774790906.024351
2026-03-19 01:00:00+00:00,5.8e-06,5.82e-06,5.78e-06,5.8e-06,14174436378.1729
2026-03-19 02:00:00+00:00,5.79e-06,5.81e-06,5.77e-06,5.8e-06,3321767737.33816
2026-03-19 03:00:00+00:00,5.8e-06,5.86e-06,5.78e-06,5.83e-06,9937702668.785238
2026-03-19 04:00:00+00:00,5.82e-06,5.83e-06,5.79e-06,5.79e-06,2383956840.51215
2026-03-19 05:00:00+00:00,5.79e-06,5.8e-06,5.77e-06,5.79e-06,8843897928.513918
2026-03-19 06:00:00+00:00,5.79e-06,5.8e-06,5.76e-06,5.79e-06,4023679516.6941104
2026-03-19 07:00:00+00:00,5.79e-06,5.8e-06,5.69e-06,5.73e-06,7129819069.751071
2026-03-19 08:00:00+00:00,5.73e-06,5.76e-06,5.72e-06,5.74e-06,2123021984.48125
2026-03-19 09:00:00+00:00,5.74e-06,5.79e-06,5.74e-06,5.78e-06,4349786821.31354
2026-03-19 10:00:00+00:00,5.79e-06,5.79e-06,5.75e-06,5.76e-06,1399098116.1502302
2026-03-19 11:00:00+00:00,5.75e-06,5.77e-06,5.74e-06,5.74e-06,19751584194.40908
2026-03-19 12:00:00+00:00,5.75e-06,5.75e-06,5.68e-06,5.69e-06,17770630237.77388
2026-03-19 13:00:00+00:00,5.69e-06,5.75e-06,5.66e-06,5.72e-06,17128351409.42575
2026-03-19 14:00:00+00:00,5.74e-06,5.78e-06,5.71e-06,5.72e-06,54209928755.80873
2026-03-19 15:00:00+00:00,5.71e-06,5.73e-06,5.65e-06,5.7e-06,7735004794.28501
2026-03-19 16:00:00+00:00,5.7e-06,5.7e-06,5.63e-06,5.66e-06,30044736818.74276
2026-03-19 17:00:00+00:00,5.66e-06,5.68e-06,5.62e-06,5.67e-06,12740321279.378628
2026-03-19 18:00:00+00:00,5.67e-06,5.69e-06,5.65e-06,5.68e-06,3521237015.75623
2026-03-19 19:00:00+00:00,5.69e-06,5.77e-06,5.69e-06,5.75e-06,21368552353.42806
2026-03-19 20:00:00+00:00,5.75e-06,5.77e-06,5.73e-06,5.76e-06,3248410001.71882
2026-03-19 21:00:00+00:00,5.76e-06,5.79e-06,5.75e-06,5.79e-06,1641358530.99209
2026-03-19 22:00:00+00:00,5.78e-06,5.78e-06,5.74e-06,5.78e-06,1999425821.67564
2026-03-19 23:00:00+00:00,5.77e-06,5.82e-06,5.77e-06,5.81e-06,8470327126.8701
2026-03-20 00:00:00+00:00,5.81e-06,5.86e-06,5.8e-06,5.85e-06,5127990231.827729
2026-03-20 01:00:00+00:00,5.85e-06,5.93e-06,5.85e-06,5.92e-06,11539622032.622196
2026-03-20 02:00:00+00:00,5.92e-06,5.93e-06,5.87e-06,5.92e-06,6076295917.600369
2026-03-20 03:00:00+00:00,5.91e-06,5.99e-06,5.9e-06,5.97e-06,13823135643.203163
2026-03-20 04:00:00+00:00,5.97e-06,6.09e-06,5.97e-06,6.09e-06,9945312658.9628
2026-03-20 05:00:00+00:00,6.08e-06,6.22e-06,6.05e-06,6.07e-06,57879282819.645386
2026-03-20 06:00:00+00:00,6.06e-06,6.12e-06,6.02e-06,6.03e-06,23644917081.00352
2026-03-20 07:00:00+00:00,6.03e-06,6.03e-06,5.94e-06,5.98e-06,10283152883.362572
2026-03-20 08:00:00+00:00,5.98e-06,6.03e-06,5.97e-06,5.98e-06,5569441056.85306
2026-03-20 09:00:00+00:00,5.97e-06,5.98e-06,5.94e-06,5.96e-06,6746266694.074041
2026-03-20 10:00:00+00:00,5.96e-06,6.05e-06,5.92e-06,6.03e-06,8433903336.73907
2026-03-20 11:00:00+00:00,6.04e-06,6.05e-06,5.96e-06,5.99e-06,5326343126.22063
2026-03-20 12:00:00+00:00,6.01e-06,6.03e-06,5.96e-06,5.98e-06,3141384529.8312206
2026-03-20 13:00:00+00:00,5.98e-06,6e-06,5.92e-06,5.94e-06,10164969126.12755
2026-03-20 14:00:00+00:00,5.94e-06,5.99e-06,5.92e-06,5.98e-06,21131134386.51637
2026-03-20 15:00:00+00:00,5.99e-06,6.09e-06,5.95e-06,6.08e-06,28290063334.352352
2026-03-20 16:00:00+00:00,6.08e-06,6.17e-06,6.05e-06,6.09e-06,31638163809.96089
2026-03-20 17:00:00+00:00,6.08e-06,6.16e-06,6.06e-06,6.1e-06,20800286889.49624
2026-03-20 18:00:00+00:00,6.1e-06,6.12e-06,6e-06,6.02e-06,18675882923.51923
2026-03-20 19:00:00+00:00,6.02e-06,6.03e-06,5.92e-06,5.97e-06,8158679436.397231
2026-03-20 20:00:00+00:00,5.99e-06,5.99e-06,5.89e-06,5.93e-06,6774411675.613461
2026-03-20 21:00:00+00:00,5.93e-06,5.99e-06,5.9e-06,5.96e-06,5331832348.894011
2026-03-20 22:00:00+00:00,5.97e-06,6e-06,5.96e-06,5.96e-06,3575358496.14177
2026-03-20 23:00:00+00:00,5.96e-06,5.96e-06,5.93e-06,5.96e-06,2692401719.06172
2026-03-21 00:00:00+00:00,5.96e-06,5.98e-06,5.94e-06,5.98e-06,4263509219.6454606
2026-03-21 01:00:00+00:00,5.97e-06,5.98e-06,5.94e-06,5.94e-06,1385300796.43288
2026-03-21 02:00:00+00:00,5.94e-06,6e-06,5.93e-06,5.98e-06,3168535984.5563006
2026-03-21 03:00:00+00:00,5.97e-06,6.01e-06,5.96e-06,6e-06,3210235498.9287195
2026-03-21 04:00:00+00:00,6.01e-06,6.06e-06,6e-06,6.05e-06,5850537473.050549
2026-03-21 05:00:00+00:00,6.05e-06,6.07e-06,6.02e-06,6.02e-06,7760319075.412291
2026-03-21 06:00:00+00:00,6.02e-06,6.08e-06,6.01e-06,6.04e-06,9454194772.32509
2026-03-21 07:00:00+00:00,6.03e-06,6.04e-06,6e-06,6.01e-06,2423745815.32912
2026-03-21 08:00:00+00:00,6.01e-06,6.02e-06,6e-06,6.02e-06,1141687424.36884
2026-03-21 09:00:00+00:00,6.01e-06,6.04e-06,6.01e-06,6.02e-06,2684162035.73345
2026-03-21 10:00:00+00:00,6.02e-06,6.02e-06,5.98e-06,6e-06,689939671.0027599
2026-03-21 11:00:00+00:00,5.99e-06,6e-06,5.98e-06,5.99e-06,5522558450.921909
2026-03-21 12:00:00+00:00,5.98e-06,5.99e-06,5.96e-06,5.96e-06,1547220603.87118
2026-03-21 13:00:00+00:00,5.97e-06,5.97e-06,5.94e-06,5.96e-06,3764700030.39036
2026-03-21 14:00:00+00:00,5.96e-06,6e-06,5.94e-06,5.96e-06,2808469923.32791
2026-03-21 15:00:00+00:00,5.96e-06,6.04e-06,5.96e-06,6.04e-06,12178751232.48747
2026-03-21 16:00:00+00:00,6.04e-06,6.05e-06,5.99e-06,6e-06,2715421842.9758406
2026-03-21 17:00:00+00:00,6e-06,6.01e-06,5.96e-06,5.98e-06,7015568436.69237
2026-03-21 18:00:00+00:00,5.97e-06,5.99e-06,5.96e-06,5.98e-06,994465903.95885
2026-03-21 19:00:00+00:00,5.97e-06,5.98e-06,5.96e-06,5.98e-06,1528570438.01688
2026-03-21 20:00:00+00:00,5.97e-06,6.01e-06,5.96e-06,5.99e-06,3139642291.0075293
2026-03-21 21:00:00+00:00,6e-06,6.01e-06,5.97e-06,5.99e-06,3069055947.295241
2026-03-21 22:00:00+00:00,5.98e-06,6.01e-06,5.96e-06,5.99e-06,2822088322.33431
2026-03-21 23:00:00+00:00,6e-06,6e-06,5.82e-06,5.85e-06,27522185810.773083
2026-03-22 00:00:00+00:00,5.86e-06,5.89e-06,5.77e-06,5.84e-06,24114513238.69077
2026-03-22 01:00:00+00:00,5.84e-06,5.87e-06,5.81e-06,5.85e-06,5228347497.272329
2026-03-22 02:00:00+00:00,5.85e-06,5.88e-06,5.82e-06,5.87e-06,10920775734.38758
2026-03-22 03:00:00+00:00,5.85e-06,5.9e-06,5.83e-06,5.85e-06,2630553557.1328697
2026-03-22 04:00:00+00:00,5.86e-06,5.88e-06,5.84e-06,5.86e-06,4202738428.0660496
2026-03-22 05:00:00+00:00,5.87e-06,5.87e-06,5.82e-06,5.83e-06,2456366393.2564898
2026-03-22 06:00:00+00:00,5.82e-06,5.83e-06,5.78e-06,5.83e-06,20170748383.097687
2026-03-22 07:00:00+00:00,5.82e-06,5.84e-06,5.8e-06,5.8e-06,3614926035.47373
2026-03-22 08:00:00+00:00,5.79e-06,5.8e-06,5.75e-06,5.8e-06,15627074648.243248
2026-03-22 09:00:00+00:00,5.79e-06,5.81e-06,5.78e-06,5.8e-06,1710342689.61896
2026-03-22 10:00:00+00:00,5.78e-06,5.8e-06,5.76e-06,5.76e-06,736211757.7345599
2026-03-22 11:00:00+00:00,5.76e-06,5.78e-06,5.75e-06,5.76e-06,2802894165.4368
2026-03-22 12:00:00+00:00,5.76e-06,5.81e-06,5.76e-06,5.78e-06,3675938605.20977
2026-03-22 13:00:00+00:00,5.78e-06,5.8e-06,5.76e-06,5.8e-06,5428759532.9055
2026-03-22 14:00:00+00:00,5.79e-06,5.81e-06,5.77e-06,5.78e-06,4861001472.24465
2026-03-22 15:00:00+00:00,5.78e-06,5.79e-06,5.76e-06,5.79e-06,3890735592.53937
2026-03-22 16:00:00+00:00,5.79e-06,5.79e-06,5.76e-06,5.77e-06,1339555206.96147
2026-03-22 17:00:00+00:00,5.77e-06,5.77e-06,5.74e-06,5.75e-06,9427997482.22989
2026-03-22 18:00:00+00:00,5.75e-06,5.75e-06,5.71e-06,5.73e-06,12290870491.403
2026-03-22 19:00:00+00:00,5.73e-06,5.74e-06,5.7e-06,5.72e-06,12049294803.530869
2026-03-22 20:00:00+00:00,5.72e-06,5.73e-06,5.7e-06,5.7e-06,2035924445.03351
2026-03-22 21:00:00+00:00,5.7e-06,5.71e-06,5.65e-06,5.66e-06,13173723858.430908
2026-03-22 22:00:00+00:00,5.66e-06,5.72e-06,5.65e-06,5.72e-06,6114625732.117429
2026-03-22 23:00:00+00:00,5.71e-06,5.72e-06,5.69e-06,5.7e-06,3278621383.8793106
2026-03-23 00:00:00+00:00,5.71e-06,5.77e-06,5.7e-06,5.77e-06,18723173565.51231
2026-03-23 01:00:00+00:00,5.77e-06,5.84e-06,5.75e-06,5.78e-06,17883320995.27367
2026-03-23 02:00:00+00:00,5.79e-06,5.84e-06,5.76e-06,5.84e-06,6455812247.116172
2026-03-23 03:00:00+00:00,5.83e-06,5.87e-06,5.79e-06,5.81e-06,2719965656.29543
2026-03-23 04:00:00+00:00,5.81e-06,5.82e-06,5.79e-06,5.82e-06,1527748642.54566
2026-03-23 05:00:00+00:00,5.82e-06,5.85e-06,5.79e-06,5.84e-06,2166471324.0307703
2026-03-23 06:00:00+00:00,5.83e-06,5.83e-06,5.78e-06,5.78e-06,7552443318.89425
2026-03-23 07:00:00+00:00,5.78e-06,5.79e-06,5.73e-06,5.76e-06,15225390280.552378
2026-03-23 08:00:00+00:00,5.76e-06,5.8e-06,5.73e-06,5.75e-06,6175946479.053251
2026-03-23 09:00:00+00:00,5.74e-06,5.79e-06,5.71e-06,5.78e-06,3311504238.26871
2026-03-23 10:00:00+00:00,5.78e-06,5.82e-06,5.75e-06,5.79e-06,2985346072.89262
2026-03-23 11:00:00+00:00,5.8e-06,6.11e-06,5.8e-06,6.02e-06,76064341860.89757
2026-03-23 12:00:00+00:00,6.02e-06,6.09e-06,5.99e-06,6.05e-06,16289057043.507812
2026-03-23 13:00:00+00:00,6.06e-06,6.12e-06,6.02e-06,6.08e-06,22198996086.12596
2026-03-23 14:00:00+00:00,6.09e-06,6.12e-06,6.06e-06,6.11e-06,9493435761.27548
2026-03-23 15:00:00+00:00,6.09e-06,6.16e-06,6.06e-06,6.08e-06,18119474815.216587
2026-03-23 16:00:00+00:00,6.08e-06,6.11e-06,6e-06,6.06e-06,18026041087.594337
2026-03-23 17:00:00+00:00,6.06e-06,6.1e-06,6.01e-06,6.08e-06,10770548029.01309
2026-03-23 18:00:00+00:00,6.09e-06,6.15e-06,6.06e-06,6.13e-06,12994880479.59355
2026-03-23 19:00:00+00:00,6.13e-06,6.17e-06,6.07e-06,6.08e-06,14959281766.272678
2026-03-23 20:00:00+00:00,6.09e-06,6.15e-06,6.07e-06,6.12e-06,14708158568.7818
2026-03-23 21:00:00+00:00,6.12e-06,6.21e-06,6.12e-06,6.18e-06,59578990628.59255
2026-03-23 22:00:00+00:00,6.18e-06,6.19e-06,6.1e-06,6.13e-06,26436678816.12985
2026-03-23 23:00:00+00:00,6.13e-06,6.13e-06,6.08e-06,6.1e-06,9459094587.639309
2026-03-24 00:00:00+00:00,6.1e-06,6.12e-06,6e-06,6.04e-06,17988690247.957184
2026-03-24 01:00:00+00:00,6.04e-06,6.05e-06,5.99e-06,6.02e-06,10042470149.36846
2026-03-24 02:00:00+00:00,6.02e-06,6.07e-06,6.01e-06,6.04e-06,5778702001.70959
2026-03-24 03:00:00+00:00,6.04e-06,6.09e-06,6.03e-06,6.08e-06,1129073354.67518
2026-03-24 04:00:00+00:00,6.1e-06,6.1e-06,6.06e-06,6.07e-06,1306242807.04077
2026-03-24 05:00:00+00:00,6.08e-06,6.09e-06,6.05e-06,6.07e-06,1002918840.765
2026-03-24 06:00:00+00:00,6.07e-06,6.08e-06,6.04e-06,6.05e-06,691032290.9495101
2026-03-24 07:00:00+00:00,6.04e-06,6.13e-06,6.04e-06,6.12e-06,2790804932.7816896
2026-03-24 08:00:00+00:00,6.12e-06,6.15e-06,6.1e-06,6.14e-06,7656374993.040861
2026-03-24 09:00:00+00:00,6.13e-06,6.18e-06,6.13e-06,6.17e-06,5382670850.487919
2026-03-24 10:00:00+00:00,6.16e-06,6.17e-06,6.12e-06,6.17e-06,13568627436.29281
2026-03-24 11:00:00+00:00,6.16e-06,6.17e-06,6.09e-06,6.11e-06,9220142595.310268
2026-03-24 12:00:00+00:00,6.1e-06,6.13e-06,6.08e-06,6.12e-06,7957541921.794521
2026-03-24 13:00:00+00:00,6.12e-06,6.15e-06,6.09e-06,6.11e-06,11139388728.17406
2026-03-24 14:00:00+00:00,6.12e-06,6.15e-06,6.04e-06,6.09e-06,11908592295.290478
2026-03-24 15:00:00+00:00,6.1e-06,6.13e-06,6.08e-06,6.09e-06,3203935309.6587305
2026-03-24 16:00:00+00:00,6.08e-06,6.12e-06,6.07e-06,6.08e-06,8757022412.402542
2026-03-24 17:00:00+00:00,6.09e-06,6.09e-06,6.03e-06,6.06e-06,8272672585.58283
2026-03-24 18:00:00+00:00,6.06e-06,6.11e-06,6.04e-06,6.08e-06,13208273971.796568
2026-03-24 19:00:00+00:00,6.09e-06,6.15e-06,6.09e-06,6.1e-06,6138509377.72943
2026-03-24 20:00:00+00:00,6.11e-06,6.25e-06,6.1e-06,6.2e-06,16265645339.65725
2026-03-24 21:00:00+00:00,6.2e-06,6.21e-06,6.15e-06,6.2e-06,2923574404.28838
2026-03-24 22:00:00+00:00,6.21e-06,6.23e-06,6.18e-06,6.19e-06,30367568433.35251
2026-03-24 23:00:00+00:00,6.18e-06,6.22e-06,6.17e-06,6.2e-06,9029710994.195112
2026-03-25 00:00:00+00:00,6.2e-06,6.22e-06,6.17e-06,6.19e-06,4506139877.01538
2026-03-25 01:00:00+00:00,6.19e-06,6.21e-06,6.16e-06,6.2e-06,4841026653.574329
2026-03-25 02:00:00+00:00,6.18e-06,6.2e-06,6.14e-06,6.15e-06,9862393258.732689
2026-03-25 03:00:00+00:00,6.15e-06,6.15e-06,6.11e-06,6.13e-06,11209333772.79313
2026-03-25 04:00:00+00:00,6.14e-06,6.17e-06,6.12e-06,6.17e-06,6631964718.9903
2026-03-25 05:00:00+00:00,6.17e-06,6.19e-06,6.15e-06,6.17e-06,4820749919.49112
2026-03-25 06:00:00+00:00,6.18e-06,6.26e-06,6.17e-06,6.22e-06,7522200120.471459
2026-03-25 07:00:00+00:00,6.21e-06,6.26e-06,6.2e-06,6.23e-06,6764434971.4212
2026-03-25 08:00:00+00:00,6.24e-06,6.28e-06,6.23e-06,6.24e-06,11325503062.131332
2026-03-25 09:00:00+00:00,6.23e-06,6.23e-06,6.17e-06,6.17e-06,4504218592.10606
2026-03-25 10:00:00+00:00,6.17e-06,6.21e-06,6.16e-06,6.19e-06,8592216983.590012
2026-03-25 11:00:00+00:00,6.19e-06,6.24e-06,6.17e-06,6.2e-06,5396610883.06636
2026-03-25 12:00:00+00:00,6.2e-06,6.22e-06,6.14e-06,6.21e-06,8967045108.489199
2026-03-25 13:00:00+00:00,6.2e-06,6.22e-06,6.17e-06,6.19e-06,6423075764.028561
2026-03-25 14:00:00+00:00,6.17e-06,6.2e-06,6.16e-06,6.17e-06,3138143092.16598
2026-03-25 15:00:00+00:00,6.16e-06,6.17e-06,6.1e-06,6.13e-06,7985274727.998319
2026-03-25 16:00:00+00:00,6.13e-06,6.18e-06,6.11e-06,6.14e-06,19239749494.133614
2026-03-25 17:00:00+00:00,6.13e-06,6.15e-06,4.53e-06,6.11e-06,10717534368.34395
2026-03-25 18:00:00+00:00,6.11e-06,6.13e-06,6.09e-06,6.1e-06,11099600424.267908
2026-03-25 19:00:00+00:00,6.1e-06,6.13e-06,6.09e-06,6.1e-06,3583577825.0222416
2026-03-25 20:00:00+00:00,6.1e-06,6.12e-06,6.08e-06,6.12e-06,4547067373.698
2026-03-25 21:00:00+00:00,6.11e-06,6.14e-06,6.1e-06,6.12e-06,7068237780.186217
2026-03-25 22:00:00+00:00,6.12e-06,6.16e-06,6.11e-06,6.15e-06,7622385800.152979
2026-03-25 23:00:00+00:00,6.14e-06,6.15e-06,6.1e-06,6.12e-06,14551344202.24735
2026-03-26 00:00:00+00:00,6.13e-06,6.14e-06,6.09e-06,6.11e-06,7012713621.10432
2026-03-26 01:00:00+00:00,6.11e-06,6.13e-06,6.1e-06,6.11e-06,3033669552.1292896
2026-03-26 02:00:00+00:00,6.1e-06,6.11e-06,6.05e-06,6.08e-06,7238772719.43027
2026-03-26 03:00:00+00:00,6.08e-06,6.08e-06,6.02e-06,6.06e-06,2919949158.26689
2026-03-26 04:00:00+00:00,6.05e-06,6.06e-06,6.03e-06,6.04e-06,1130344687.64184
2026-03-26 05:00:00+00:00,6.04e-06,6.04e-06,5.97e-06,5.99e-06,7296197410.147309
2026-03-26 06:00:00+00:00,5.99e-06,6e-06,5.96e-06,5.97e-06,7830708507.761181
2026-03-26 07:00:00+00:00,5.97e-06,5.98e-06,5.95e-06,5.97e-06,7693786597.17027
2026-03-26 08:00:00+00:00,5.96e-06,5.97e-06,5.94e-06,5.96e-06,1527427386.03095
2026-03-26 09:00:00+00:00,5.96e-06,5.98e-06,5.91e-06,5.93e-06,4791282796.66616
2026-03-26 10:00:00+00:00,5.94e-06,5.96e-06,5.92e-06,5.94e-06,12025666826.202272
2026-03-26 11:00:00+00:00,5.94e-06,5.94e-06,5.88e-06,5.88e-06,7570894634.95526
2026-03-26 12:00:00+00:00,5.88e-06,5.92e-06,5.87e-06,5.91e-06,9633264609.409872
2026-03-26 13:00:00+00:00,5.91e-06,5.97e-06,5.91e-06,5.96e-06,11473113343.50799
2026-03-26 14:00:00+00:00,5.95e-06,5.96e-06,5.92e-06,5.94e-06,12955832647.55771
2026-03-26 15:00:00+00:00,5.93e-06,5.93e-06,5.89e-06,5.9e-06,14225410168.91959
2026-03-26 16:00:00+00:00,5.89e-06,5.91e-06,5.88e-06,5.9e-06,3032340520.93776
2026-03-26 17:00:00+00:00,5.89e-06,5.91e-06,5.85e-06,5.87e-06,3037149919.73453
2026-03-26 18:00:00+00:00,5.87e-06,5.88e-06,5.83e-06,5.87e-06,8855192828.876013
2026-03-26 19:00:00+00:00,5.86e-06,5.87e-06,5.84e-06,5.86e-06,6664623173.629169
2026-03-26 20:00:00+00:00,5.85e-06,5.94e-06,5.84e-06,5.91e-06,10642480844.212503
2026-03-26 21:00:00+00:00,5.9e-06,5.97e-06,5.9e-06,5.93e-06,8346133366.030707
2026-03-26 22:00:00+00:00,5.94e-06,5.95e-06,5.91e-06,5.93e-06,4699830186.507561
2026-03-26 23:00:00+00:00,5.94e-06,5.95e-06,5.91e-06,5.91e-06,3869696480.4512
