Datetime,Open,High,Low,Close,Volume
2025-12-20 04:00:00+00:00,126.14,126.57,125.77,126.21,12521.656496829992
2025-12-20 05:00:00+00:00,126.19,126.79,126.01,126.32,19811.378888180006
2025-12-20 06:00:00+00:00,126.33,126.81,126.15,126.22,5789.981577400001
2025-12-20 07:00:00+00:00,126.2,126.49,125.82,126.11,16808.611441900022
2025-12-20 08:00:00+00:00,126.12,127.04,126.06,126.4,20672.95957639
2025-12-20 09:00:00+00:00,126.4,126.96,126.17,126.21,11564.89482868
2025-12-20 10:00:00+00:00,126.21,126.56,125.92,126.0,5291.917708249999
2025-12-20 11:00:00+00:00,125.95,126.64,125.82,126.41,15252.616173480004
2025-12-20 12:00:00+00:00,126.42,126.6,126.01,126.23,6412.362249629999
2025-12-20 13:00:00+00:00,126.22,126.52,125.39,126.07,28773.86853702
2025-12-20 14:00:00+00:00,126.08,126.55,125.5,126.29,31327.306598280004
2025-12-20 15:00:00+00:00,126.29,126.79,125.92,126.7,20053.931640970004
2025-12-20 16:00:00+00:00,126.5,126.83,126.05,126.24,13451.70054275
2025-12-20 17:00:00+00:00,126.24,126.59,125.91,125.95,13411.488468690002
2025-12-20 18:00:00+00:00,125.95,126.27,125.68,125.95,27547.01089195
2025-12-20 19:00:00+00:00,125.95,126.34,125.72,125.99,14492.500871910004
2025-12-20 20:00:00+00:00,126.01,126.58,125.85,126.37,16745.11045587
2025-12-20 21:00:00+00:00,126.38,126.66,126.17,126.29,17342.1379531
2025-12-20 22:00:00+00:00,126.28,126.43,125.74,126.17,15968.590006609997
2025-12-20 23:00:00+00:00,126.02,126.18,125.54,125.75,24789.06738105004
2025-12-21 00:00:00+00:00,125.79,126.25,125.65,125.99,19654.996245129994
2025-12-21 01:00:00+00:00,125.97,126.17,125.02,125.07,26051.6659712
2025-12-21 02:00:00+00:00,125.07,125.49,124.56,124.84,35775.76512895998
2025-12-21 03:00:00+00:00,124.85,125.68,124.79,125.18,13213.052414579995
2025-12-21 04:00:00+00:00,125.18,125.59,125.07,125.14,8036.56850735
2025-12-21 05:00:00+00:00,125.16,125.6,125.03,125.25,5964.180217859998
2025-12-21 06:00:00+00:00,125.25,125.64,125.11,125.4,8394.487893529998
2025-12-21 07:00:00+00:00,125.4,125.68,125.16,125.26,5343.53473472
2025-12-21 08:00:00+00:00,125.25,125.97,124.75,125.53,16587.71826019
2025-12-21 09:00:00+00:00,125.53,126.7,125.42,126.22,19434.12254548
2025-12-21 10:00:00+00:00,126.25,126.88,125.56,125.79,25843.938769310007
2025-12-21 11:00:00+00:00,125.75,126.01,125.26,125.44,6508.36767334
2025-12-21 12:00:00+00:00,125.44,126.19,125.07,125.53,18471.83071052
2025-12-21 13:00:00+00:00,125.55,125.73,123.33,123.61,77615.34173094
2025-12-21 14:00:00+00:00,123.6,124.9,123.48,124.39,31594.47738366
2025-12-21 15:00:00+00:00,124.38,125.43,123.92,125.02,57914.421803689984
2025-12-21 16:00:00+00:00,125.02,125.71,124.75,125.43,35718.49580901001
2025-12-21 17:00:00+00:00,125.45,126.42,125.34,125.45,36477.57941162001
2025-12-21 18:00:00+00:00,125.45,125.53,124.33,125.1,37388.20654226002
2025-12-21 19:00:00+00:00,125.1,125.95,125.04,125.63,14566.487822370002
2025-12-21 20:00:00+00:00,125.66,125.89,125.27,125.32,25557.62104725
2025-12-21 21:00:00+00:00,125.32,125.47,124.66,124.84,18076.75398652
2025-12-21 22:00:00+00:00,124.82,126.0,124.73,125.77,20696.12623393
2025-12-21 23:00:00+00:00,125.79,126.32,125.48,126.0,24963.22822403
2025-12-22 00:00:00+00:00,126.0,128.61,125.93,126.21,130123.15029799013
2025-12-22 01:00:00+00:00,126.25,127.4,125.76,125.98,43870.93398457
2025-12-22 02:00:00+00:00,125.97,126.1,124.46,125.2,60496.832689980016
2025-12-22 03:00:00+00:00,125.2,126.6,124.88,125.98,37429.89333253002
2025-12-22 04:00:00+00:00,125.99,126.81,125.78,126.49,35769.8822214
2025-12-22 05:00:00+00:00,126.49,126.78,126.02,126.27,14305.54235061
2025-12-22 06:00:00+00:00,126.27,126.57,125.69,125.69,29605.248937890006
2025-12-22 07:00:00+00:00,125.7,126.58,125.51,126.24,16275.9885742
2025-12-22 08:00:00+00:00,126.24,127.38,125.54,125.69,40671.86748352002
2025-12-22 09:00:00+00:00,125.67,126.41,125.42,126.15,32276.44727559999
2025-12-22 10:00:00+00:00,126.17,126.89,125.82,126.64,19320.37721155
2025-12-22 11:00:00+00:00,126.66,127.42,126.32,127.02,26097.11593206
2025-12-22 12:00:00+00:00,126.95,127.7,126.63,126.93,52357.78150270002
2025-12-22 13:00:00+00:00,126.93,127.15,126.27,126.97,33247.39493277999
2025-12-22 14:00:00+00:00,126.97,128.3,126.44,127.77,127385.16113113
2025-12-22 15:00:00+00:00,127.78,128.8,126.4,128.0,101337.61902264004
2025-12-22 16:00:00+00:00,128.03,128.41,127.05,127.19,56556.89614799
2025-12-22 17:00:00+00:00,127.18,127.24,126.4,126.86,44062.82241067001
2025-12-22 18:00:00+00:00,126.86,127.45,126.25,126.42,45217.34409604
2025-12-22 19:00:00+00:00,126.44,126.49,124.54,124.58,125107.39078528012
2025-12-22 20:00:00+00:00,124.61,125.32,124.13,124.37,82548.81781835003
2025-12-22 21:00:00+00:00,124.35,125.65,124.27,125.24,59965.91893665
2025-12-22 22:00:00+00:00,125.09,126.09,124.93,125.79,51032.61526370002
2025-12-22 23:00:00+00:00,125.79,126.02,125.36,125.85,17981.95419854
2025-12-23 00:00:00+00:00,125.84,126.94,125.7,126.64,34202.51867206999
2025-12-23 01:00:00+00:00,126.65,126.87,125.87,126.12,24618.95434328
2025-12-23 02:00:00+00:00,126.12,126.7,125.39,125.56,17934.21361673
2025-12-23 03:00:00+00:00,125.57,126.18,124.82,125.56,25005.82875039
2025-12-23 04:00:00+00:00,125.58,126.1,125.33,125.35,12969.72705724
2025-12-23 05:00:00+00:00,125.36,125.51,124.5,125.03,23075.32392357001
2025-12-23 06:00:00+00:00,124.9,125.34,124.05,124.27,34925.62954616001
2025-12-23 07:00:00+00:00,124.26,124.66,123.54,124.12,48185.35206946008
2025-12-23 08:00:00+00:00,124.12,124.75,123.94,124.1,24073.18071097
2025-12-23 09:00:00+00:00,124.11,124.47,123.84,124.09,12502.569682089998
2025-12-23 10:00:00+00:00,124.09,124.93,124.02,124.77,15340.24027296
2025-12-23 11:00:00+00:00,124.75,125.33,124.63,124.8,19277.71587234001
2025-12-23 12:00:00+00:00,124.8,125.01,123.87,124.1,19414.119098809995
2025-12-23 13:00:00+00:00,124.15,124.69,122.77,123.27,56626.55799386997
2025-12-23 14:00:00+00:00,123.27,123.81,122.11,122.63,83478.72939535002
2025-12-23 15:00:00+00:00,122.62,123.51,122.31,123.29,53315.28059917001
2025-12-23 16:00:00+00:00,123.29,124.94,122.92,124.58,103595.37799396004
2025-12-23 17:00:00+00:00,124.57,124.85,122.72,122.79,67639.79075863
2025-12-23 18:00:00+00:00,122.81,124.19,122.79,123.93,86787.46253546004
2025-12-23 19:00:00+00:00,123.93,124.54,123.41,123.9,31335.041102500007
2025-12-23 20:00:00+00:00,123.93,125.59,123.4,124.62,72118.6880404
2025-12-23 21:00:00+00:00,124.62,124.78,123.87,124.22,36478.76689472001
2025-12-23 22:00:00+00:00,124.22,124.51,123.53,123.81,24188.64339214001
2025-12-23 23:00:00+00:00,123.81,124.14,123.38,123.92,29009.531283159988
2025-12-24 00:00:00+00:00,123.92,124.29,123.49,123.79,25008.84020566001
2025-12-24 01:00:00+00:00,123.8,124.21,122.85,123.01,32897.537548709995
2025-12-24 02:00:00+00:00,123.01,123.16,121.7,122.25,51146.23281144005
2025-12-24 03:00:00+00:00,122.25,122.79,121.68,122.65,29470.34298478999
2025-12-24 04:00:00+00:00,122.65,123.04,121.4,121.53,38599.933761510016
2025-12-24 05:00:00+00:00,121.56,122.03,121.03,121.37,32165.12759717
2025-12-24 06:00:00+00:00,121.37,121.6,120.47,121.49,39156.48161046003
2025-12-24 07:00:00+00:00,121.48,121.89,121.2,121.22,20292.1496766
2025-12-24 08:00:00+00:00,121.22,121.71,121.0,121.31,19045.30401934
2025-12-24 09:00:00+00:00,121.32,121.75,121.21,121.31,27860.951246379995
2025-12-24 10:00:00+00:00,121.3,122.25,121.28,121.68,28606.595875800005
2025-12-24 11:00:00+00:00,121.69,122.24,121.68,121.97,39207.300101290006
2025-12-24 12:00:00+00:00,122.0,122.54,121.85,122.39,37951.80886194
2025-12-24 13:00:00+00:00,122.4,122.44,121.66,121.88,28591.83194398
2025-12-24 14:00:00+00:00,121.88,122.33,120.58,121.42,117859.95881913006
2025-12-24 15:00:00+00:00,121.41,122.91,121.22,122.65,63727.36801121999
2025-12-24 16:00:00+00:00,122.66,123.59,122.33,122.63,57641.74098013002
2025-12-24 17:00:00+00:00,122.63,122.99,121.86,121.92,51974.14810037996
2025-12-24 18:00:00+00:00,121.92,122.72,121.68,122.39,36690.20397594
2025-12-24 19:00:00+00:00,122.38,122.91,121.96,122.91,30682.35614052
2025-12-24 20:00:00+00:00,122.75,123.13,122.43,122.57,32887.992746109994
2025-12-24 21:00:00+00:00,122.58,123.09,122.52,122.9,14800.90034658
2025-12-24 22:00:00+00:00,122.9,123.43,122.83,123.22,18192.33442339001
2025-12-24 23:00:00+00:00,123.22,123.35,122.36,122.44,12902.90617331
2025-12-25 00:00:00+00:00,122.45,122.71,121.97,122.08,15155.693310900002
2025-12-25 01:00:00+00:00,122.05,122.79,122.05,122.66,10549.35650764
2025-12-25 02:00:00+00:00,122.65,123.18,122.36,122.94,15575.545456409993
2025-12-25 03:00:00+00:00,122.96,123.16,122.45,122.59,20328.462564939982
2025-12-25 04:00:00+00:00,122.61,122.88,122.51,122.7,6666.31157512
2025-12-25 05:00:00+00:00,122.7,122.78,122.14,122.29,12166.68259542
2025-12-25 06:00:00+00:00,122.3,122.53,122.1,122.39,7559.517048189999
2025-12-25 07:00:00+00:00,122.39,122.42,122.02,122.22,10600.70313574
2025-12-25 08:00:00+00:00,122.2,122.67,121.54,122.02,19874.877769900024
2025-12-25 09:00:00+00:00,122.02,122.23,121.73,122.0,8231.675045950004
2025-12-25 10:00:00+00:00,122.02,122.07,121.21,121.48,22476.51214157001
2025-12-25 11:00:00+00:00,121.5,121.88,121.43,121.59,24697.078089310005
2025-12-25 12:00:00+00:00,121.6,122.08,121.51,121.98,5570.258718619999
2025-12-25 13:00:00+00:00,121.99,122.36,121.59,121.97,14060.164240100004
2025-12-25 14:00:00+00:00,121.97,122.35,121.7,122.04,16838.919250159997
2025-12-25 15:00:00+00:00,122.04,124.09,121.81,123.57,66417.61205933001
2025-12-25 16:00:00+00:00,123.58,124.46,123.26,123.43,42826.441509990014
2025-12-25 17:00:00+00:00,123.43,123.64,122.72,122.99,19335.73147104
2025-12-25 18:00:00+00:00,123.0,124.2,122.98,123.93,34616.72133621999
2025-12-25 19:00:00+00:00,123.92,124.05,123.26,123.39,13639.97496457
2025-12-25 20:00:00+00:00,123.38,123.46,122.86,123.2,16562.366972350002
2025-12-25 21:00:00+00:00,123.32,123.55,123.03,123.14,10560.485382539997
2025-12-25 22:00:00+00:00,123.14,123.46,121.33,121.77,53039.49984038008
2025-12-25 23:00:00+00:00,121.75,122.14,119.64,119.99,137649.34749974014
2025-12-26 00:00:00+00:00,119.98,120.4,119.16,120.4,116286.3473101901
2025-12-26 01:00:00+00:00,120.27,121.18,120.13,120.74,46675.55303103
2025-12-26 02:00:00+00:00,120.73,124.37,120.71,123.33,128793.75605302009
2025-12-26 03:00:00+00:00,123.3,123.71,122.35,122.56,40580.67031450999
2025-12-26 04:00:00+00:00,122.57,122.93,121.68,122.73,41107.02188575
2025-12-26 05:00:00+00:00,122.74,123.48,122.56,123.2,34472.40151228001
2025-12-26 06:00:00+00:00,123.19,123.75,123.19,123.37,37928.261447220015
2025-12-26 07:00:00+00:00,123.37,123.98,122.48,122.62,31122.64864175
2025-12-26 08:00:00+00:00,122.62,123.16,122.18,122.59,22020.223374210003
2025-12-26 09:00:00+00:00,122.61,124.11,122.44,123.58,69466.05233335002
2025-12-26 10:00:00+00:00,123.6,123.86,123.36,123.67,33852.404919700006
2025-12-26 11:00:00+00:00,123.65,123.93,123.26,123.76,43300.09296294
2025-12-26 12:00:00+00:00,123.75,124.18,123.66,123.86,54016.74594645003
2025-12-26 13:00:00+00:00,123.89,125.1,123.8,124.8,77225.97730144998
2025-12-26 14:00:00+00:00,124.8,124.96,121.99,122.16,84735.26519107999
2025-12-26 15:00:00+00:00,122.18,122.2,120.38,121.46,188869.89332786007
2025-12-26 16:00:00+00:00,121.47,122.32,121.03,121.15,76630.70188907001
2025-12-26 17:00:00+00:00,121.14,122.48,121.14,121.76,49351.10663407
2025-12-26 18:00:00+00:00,121.76,122.37,121.62,121.98,40913.55746770999
2025-12-26 19:00:00+00:00,121.98,122.5,121.62,122.07,45962.56211540999
2025-12-26 20:00:00+00:00,122.08,122.79,121.78,122.31,47301.83293267
2025-12-26 21:00:00+00:00,122.29,122.77,121.95,121.96,29269.19885324
2025-12-26 22:00:00+00:00,121.97,122.56,121.71,122.28,25310.665213540025
2025-12-26 23:00:00+00:00,122.29,122.67,122.05,122.19,16186.577866780002
2025-12-27 00:00:00+00:00,122.18,122.49,121.82,122.03,25579.516090980003
2025-12-27 01:00:00+00:00,122.02,122.44,121.78,122.24,13770.513198419998
2025-12-27 02:00:00+00:00,122.24,122.55,122.06,122.25,11803.189980780004
2025-12-27 03:00:00+00:00,122.26,123.86,122.2,123.59,48967.957659030006
2025-12-27 04:00:00+00:00,123.57,123.83,122.81,122.9,20677.130147450007
2025-12-27 05:00:00+00:00,122.9,123.38,122.88,123.08,17754.105295629994
2025-12-27 06:00:00+00:00,123.09,123.2,122.66,122.96,6890.943288
2025-12-27 07:00:00+00:00,122.96,123.52,122.94,123.07,8668.505053599998
2025-12-27 08:00:00+00:00,123.08,123.43,122.74,122.77,5336.59377003
2025-12-27 09:00:00+00:00,122.77,123.32,122.76,122.93,6378.457732659998
2025-12-27 10:00:00+00:00,122.92,123.24,122.44,122.8,7030.61410637
2025-12-27 11:00:00+00:00,122.8,123.27,122.76,122.91,7630.821282680004
2025-12-27 12:00:00+00:00,122.92,123.32,122.69,122.82,5985.685404570002
2025-12-27 13:00:00+00:00,122.82,123.38,122.67,122.94,14931.621104770002
2025-12-27 14:00:00+00:00,122.94,123.47,122.77,123.25,10061.661575389997
2025-12-27 15:00:00+00:00,123.25,123.78,123.08,123.25,27174.61605466
2025-12-27 16:00:00+00:00,123.24,123.57,122.84,122.91,16012.14310597
2025-12-27 17:00:00+00:00,122.92,123.52,122.68,123.32,14562.38108609
2025-12-27 18:00:00+00:00,123.32,123.6,122.93,123.12,25256.59084086
2025-12-27 19:00:00+00:00,123.12,123.58,122.97,123.19,15906.6725978
2025-12-27 20:00:00+00:00,123.18,123.93,123.18,123.48,21065.698977860004
2025-12-27 21:00:00+00:00,123.49,124.7,123.48,124.67,40002.45540044001
2025-12-27 22:00:00+00:00,124.42,125.07,123.59,123.81,47812.596113670006
2025-12-27 23:00:00+00:00,123.81,125.17,123.8,124.64,41238.52449966999
2025-12-28 00:00:00+00:00,124.64,125.02,124.17,124.29,15574.838603009995
2025-12-28 01:00:00+00:00,124.29,124.73,123.87,123.89,16129.664449390002
2025-12-28 02:00:00+00:00,123.88,124.5,123.79,124.12,12427.663784950004
2025-12-28 03:00:00+00:00,124.14,124.37,123.87,124.02,5135.2442847
2025-12-28 04:00:00+00:00,124.04,124.43,123.9,124.0,11883.705797769995
2025-12-28 05:00:00+00:00,124.01,124.16,123.52,123.68,13304.354613679998
2025-12-28 06:00:00+00:00,123.69,124.31,123.64,124.01,9832.120206440002
2025-12-28 07:00:00+00:00,124.01,124.39,123.73,124.12,8220.36929091
2025-12-28 08:00:00+00:00,124.13,124.77,124.07,124.18,9863.062751900005
2025-12-28 09:00:00+00:00,124.18,124.48,123.87,123.98,5696.808721860002
2025-12-28 10:00:00+00:00,123.96,124.71,123.91,124.42,7687.615346300003
2025-12-28 11:00:00+00:00,124.42,124.87,124.3,124.55,8366.384386799999
2025-12-28 12:00:00+00:00,124.55,124.86,124.28,124.32,7715.74462656
2025-12-28 13:00:00+00:00,124.35,124.85,124.18,124.52,10545.783023770004
2025-12-28 14:00:00+00:00,124.53,125.06,124.39,124.48,27063.800872720003
2025-12-28 15:00:00+00:00,124.49,125.07,124.31,124.35,16587.873601229996
2025-12-28 16:00:00+00:00,124.36,124.78,124.09,124.21,19581.28644754
2025-12-28 17:00:00+00:00,124.22,124.85,124.2,124.36,13021.22096665
2025-12-28 18:00:00+00:00,124.36,124.6,123.01,123.07,31278.75056550002
2025-12-28 19:00:00+00:00,123.28,123.73,122.97,123.2,15085.269835329997
2025-12-28 20:00:00+00:00,123.22,123.79,123.0,123.34,17282.185711079997
2025-12-28 21:00:00+00:00,123.34,123.96,123.2,123.78,12381.95551149
2025-12-28 22:00:00+00:00,123.77,124.43,123.44,124.13,21913.32019124
2025-12-28 23:00:00+00:00,124.15,125.71,123.84,125.17,60243.61485078002
2025-12-29 00:00:00+00:00,125.17,128.38,124.9,126.91,219833.8432832301
2025-12-29 01:00:00+00:00,126.9,130.09,126.12,128.61,156915.82531060962
2025-12-29 02:00:00+00:00,128.6,129.5,128.02,128.59,58396.647079269824
2025-12-29 03:00:00+00:00,128.62,129.4,128.33,128.45,113458.13915964996
2025-12-29 04:00:00+00:00,128.43,129.1,128.08,128.56,83284.19780238
2025-12-29 05:00:00+00:00,128.43,128.56,127.44,127.58,45619.42642241999
2025-12-29 06:00:00+00:00,127.6,128.02,127.35,127.65,21248.662309550007
2025-12-29 07:00:00+00:00,127.65,127.98,127.07,127.73,36640.77193814002
2025-12-29 08:00:00+00:00,127.73,128.52,127.54,127.75,51010.84171935998
2025-12-29 09:00:00+00:00,127.75,127.99,125.27,125.89,76935.54330117
2025-12-29 10:00:00+00:00,125.9,126.38,125.36,125.56,21270.96941099
2025-12-29 11:00:00+00:00,125.55,125.71,124.88,124.93,35244.58575904
2025-12-29 12:00:00+00:00,124.95,125.48,122.72,123.56,107666.81105771005
2025-12-29 13:00:00+00:00,123.56,124.17,122.78,123.1,58303.34620582002
2025-12-29 14:00:00+00:00,123.11,124.55,122.19,123.3,109366.54949987002
2025-12-29 15:00:00+00:00,123.28,124.13,123.0,123.32,87669.6408643401
2025-12-29 16:00:00+00:00,123.33,123.77,122.51,123.34,56214.80519813
2025-12-29 17:00:00+00:00,123.36,123.89,122.91,123.73,54237.88357178998
2025-12-29 18:00:00+00:00,123.73,123.97,122.84,122.99,42123.94965244
2025-12-29 19:00:00+00:00,122.98,123.5,122.74,122.92,45728.50630447
2025-12-29 20:00:00+00:00,123.09,123.59,122.71,123.18,45977.002163380006
2025-12-29 21:00:00+00:00,123.17,123.56,123.01,123.3,28099.13610004
2025-12-29 22:00:00+00:00,123.3,123.58,123.01,123.25,15372.181696800004
2025-12-29 23:00:00+00:00,123.27,123.6,123.02,123.09,25039.53220076999
2025-12-30 00:00:00+00:00,123.14,123.33,122.67,122.95,42915.68362479001
2025-12-30 01:00:00+00:00,122.94,123.45,122.54,123.05,30745.98886809
2025-12-30 02:00:00+00:00,123.05,123.24,122.43,122.86,28735.247043730003
2025-12-30 03:00:00+00:00,122.85,123.91,122.6,123.63,26639.07038473001
2025-12-30 04:00:00+00:00,123.64,124.21,123.44,123.79,22142.3989667
2025-12-30 05:00:00+00:00,123.79,123.95,123.01,123.26,13146.61089408
2025-12-30 06:00:00+00:00,123.26,124.02,123.21,123.76,22599.972440230005
2025-12-30 07:00:00+00:00,123.76,124.31,123.64,123.87,23923.62050035
2025-12-30 08:00:00+00:00,123.86,125.11,123.82,124.64,35716.76214488999
2025-12-30 09:00:00+00:00,124.62,125.07,124.24,124.68,24679.093890790013
2025-12-30 10:00:00+00:00,124.69,124.99,124.34,124.43,13832.334742149998
2025-12-30 11:00:00+00:00,124.4,124.64,123.87,124.13,18278.384621930003
2025-12-30 12:00:00+00:00,124.11,124.64,123.95,124.12,13628.83517891
2025-12-30 13:00:00+00:00,124.13,124.41,123.72,124.12,21250.69837029
2025-12-30 14:00:00+00:00,124.12,125.37,123.38,124.85,71154.04844930001
2025-12-30 15:00:00+00:00,124.88,125.25,123.87,125.02,62059.24933922999
2025-12-30 16:00:00+00:00,125.03,126.56,124.73,125.52,109082.58911433004
2025-12-30 17:00:00+00:00,125.52,125.99,124.31,124.58,44648.191405540005
2025-12-30 18:00:00+00:00,124.57,124.77,123.98,124.43,58220.67139599
2025-12-30 19:00:00+00:00,124.43,124.85,123.63,124.6,53297.42432381
2025-12-30 20:00:00+00:00,124.59,124.84,123.73,123.92,38761.02682248001
2025-12-30 21:00:00+00:00,123.9,124.26,123.35,123.84,36037.54471698001
2025-12-30 22:00:00+00:00,123.87,124.64,123.75,124.28,39203.50787036
2025-12-30 23:00:00+00:00,124.28,125.19,124.1,124.88,46412.57192991002
2025-12-31 00:00:00+00:00,124.86,125.11,124.25,124.78,43417.82281623998
2025-12-31 01:00:00+00:00,124.77,125.98,124.68,125.39,49802.150717170014
2025-12-31 02:00:00+00:00,125.39,126.14,125.17,125.85,55416.602385900005
2025-12-31 03:00:00+00:00,125.87,126.07,125.01,125.65,27166.67336768999
2025-12-31 04:00:00+00:00,125.66,126.0,125.22,125.31,24934.945688129992
2025-12-31 05:00:00+00:00,125.31,125.81,125.24,125.49,12976.089791870008
2025-12-31 06:00:00+00:00,125.49,126.15,125.44,125.74,58548.31312074004
2025-12-31 07:00:00+00:00,125.72,126.07,125.48,125.8,30176.612884420003
2025-12-31 08:00:00+00:00,125.79,126.33,125.26,125.39,49130.89322217999
2025-12-31 09:00:00+00:00,125.4,126.43,125.39,126.12,27165.07642730999
2025-12-31 10:00:00+00:00,126.13,126.45,125.83,126.22,26968.877625649995
2025-12-31 11:00:00+00:00,126.22,126.88,126.04,126.57,49193.451067730006
2025-12-31 12:00:00+00:00,126.58,126.79,125.91,126.04,27217.27910946
2025-12-31 13:00:00+00:00,126.06,126.54,125.77,126.13,42442.25737569
2025-12-31 14:00:00+00:00,126.12,127.42,125.17,125.64,141218.62124424998
2025-12-31 15:00:00+00:00,125.63,125.91,124.79,125.43,119015.97408551
2025-12-31 16:00:00+00:00,125.42,125.78,123.99,124.68,87057.92460365
2025-12-31 17:00:00+00:00,124.68,125.36,124.38,124.88,106156.22344534
2025-12-31 18:00:00+00:00,124.89,125.62,124.45,124.61,75232.69625367003
2025-12-31 19:00:00+00:00,124.61,125.34,124.18,124.21,67195.19250936998
2025-12-31 20:00:00+00:00,124.21,125.75,123.07,123.97,198160.32462186008
2025-12-31 21:00:00+00:00,123.98,124.56,123.73,124.26,87072.42803004004
2025-12-31 22:00:00+00:00,124.24,125.25,124.06,124.64,45325.01475715
2025-12-31 23:00:00+00:00,124.66,125.14,124.31,124.45,34710.52647030001
2026-01-01 00:00:00+00:00,124.45,125.31,124.38,124.95,44383.25840622999
2026-01-01 01:00:00+00:00,124.93,125.88,124.69,124.77,59545.49210059001
2026-01-01 02:00:00+00:00,124.77,125.29,124.52,124.96,33895.17639773
2026-01-01 03:00:00+00:00,124.98,125.45,124.77,125.23,43415.424513970014
2026-01-01 04:00:00+00:00,125.0,125.32,124.57,124.73,21825.458990920008
2026-01-01 05:00:00+00:00,124.74,125.32,124.71,125.06,26873.907932469992
2026-01-01 06:00:00+00:00,125.09,125.35,124.63,124.68,15323.2833434
2026-01-01 07:00:00+00:00,124.68,125.02,124.02,124.04,32077.9700394
2026-01-01 08:00:00+00:00,124.05,124.75,123.94,124.49,13156.82769911
2026-01-01 09:00:00+00:00,124.49,125.15,124.4,124.82,10992.726137909996
2026-01-01 10:00:00+00:00,124.85,125.31,124.76,124.82,4957.004497890001
2026-01-01 11:00:00+00:00,124.83,125.26,124.58,125.0,3027.349898549999
2026-01-01 12:00:00+00:00,125.01,125.29,124.82,125.06,1710.1407402500004
2026-01-01 13:00:00+00:00,124.83,125.18,124.52,124.57,3365.61558254
2026-01-01 14:00:00+00:00,124.77,124.97,124.26,124.56,13466.735841540003
2026-01-01 15:00:00+00:00,124.56,125.27,124.43,124.79,7307.21452257
2026-01-01 16:00:00+00:00,124.79,125.05,124.16,124.31,4755.132628909999
2026-01-01 17:00:00+00:00,124.31,125.68,124.19,125.02,14289.999514019995
2026-01-01 18:00:00+00:00,125.02,125.45,124.86,125.19,4832.071737170001
2026-01-01 19:00:00+00:00,125.16,125.86,125.04,125.8,4424.15971828
2026-01-01 20:00:00+00:00,125.58,126.0,125.16,125.2,5788.240726140001
2026-01-01 21:00:00+00:00,125.25,125.73,125.15,125.48,2107.1567707
2026-01-01 22:00:00+00:00,125.25,126.3,125.21,125.89,2880.3480746200003
2026-01-01 23:00:00+00:00,125.9,127.28,125.6,126.72,23845.99935922
2026-01-02 00:00:00+00:00,126.74,127.17,126.27,126.84,45091.20511727999
2026-01-02 01:00:00+00:00,126.63,126.98,125.89,126.03,31496.13988046
2026-01-02 02:00:00+00:00,126.03,126.71,125.68,126.41,16055.237309530004
2026-01-02 03:00:00+00:00,126.41,128.0,126.27,127.38,48785.70249658
2026-01-02 04:00:00+00:00,127.36,127.7,126.78,126.82,26137.278705059995
2026-01-02 05:00:00+00:00,126.83,127.41,126.56,127.17,16763.096950019997
2026-01-02 06:00:00+00:00,127.18,127.74,127.09,127.17,29370.30569393
2026-01-02 07:00:00+00:00,127.18,127.56,126.75,126.97,17503.758370409992
2026-01-02 08:00:00+00:00,126.97,127.99,126.96,127.78,25224.04849860999
2026-01-02 09:00:00+00:00,127.8,129.83,127.65,129.22,90544.40809721003
2026-01-02 10:00:00+00:00,129.22,129.93,128.71,128.78,45146.91105420002
2026-01-02 11:00:00+00:00,128.78,128.86,127.86,128.08,26746.83123866001
2026-01-02 12:00:00+00:00,128.08,128.65,127.76,128.29,40923.13231371
2026-01-02 13:00:00+00:00,128.32,128.8,128.14,128.26,51198.46245382001
2026-01-02 14:00:00+00:00,128.26,129.58,126.7,128.63,156415.94824501002
2026-01-02 15:00:00+00:00,128.62,129.49,127.33,128.89,199841.76913705
2026-01-02 16:00:00+00:00,128.87,131.72,128.58,130.84,331682.18987172
2026-01-02 17:00:00+00:00,130.85,133.0,130.6,131.43,204600.5062602799
2026-01-02 18:00:00+00:00,131.34,132.0,130.23,130.73,113039.15098092998
2026-01-02 19:00:00+00:00,130.72,132.01,130.55,131.56,96451.39865963998
2026-01-02 20:00:00+00:00,131.56,132.17,130.77,131.08,86325.37499827005
2026-01-02 21:00:00+00:00,131.06,132.16,131.06,131.85,37862.575934780005
2026-01-02 22:00:00+00:00,131.87,133.23,131.83,132.58,96154.40968403014
2026-01-02 23:00:00+00:00,132.59,132.75,131.83,132.25,49256.458659090014
2026-01-03 00:00:00+00:00,132.24,132.92,132.18,132.53,38618.68777103001
2026-01-03 01:00:00+00:00,132.49,132.93,132.31,132.6,36717.62807989
2026-01-03 02:00:00+00:00,132.6,133.07,132.0,132.83,41444.01357660999
2026-01-03 03:00:00+00:00,132.8,133.16,132.14,132.79,52585.93858969001
2026-01-03 04:00:00+00:00,132.78,132.89,132.13,132.32,28987.84251587
2026-01-03 05:00:00+00:00,132.31,132.52,131.55,131.85,27810.05870598
2026-01-03 06:00:00+00:00,131.84,132.33,131.0,131.14,26464.84061618001
2026-01-03 07:00:00+00:00,131.12,131.39,129.54,130.06,51362.561613820006
2026-01-03 08:00:00+00:00,130.05,131.03,129.74,130.65,45527.62062949
2026-01-03 09:00:00+00:00,130.64,131.43,130.34,131.12,21829.00794404
2026-01-03 10:00:00+00:00,131.13,131.2,130.68,130.91,28598.5887468
2026-01-03 11:00:00+00:00,130.92,130.97,130.4,130.64,13169.094027710004
2026-01-03 12:00:00+00:00,130.66,130.91,130.43,130.84,14424.71080489
2026-01-03 13:00:00+00:00,130.8,131.37,130.74,131.23,19982.40327979
2026-01-03 14:00:00+00:00,131.22,132.12,131.06,131.94,35285.59734858
2026-01-03 15:00:00+00:00,131.89,131.95,131.11,131.4,30635.539175810005
2026-01-03 16:00:00+00:00,131.4,131.94,131.39,131.7,26005.02325745
2026-01-03 17:00:00+00:00,131.68,131.98,131.55,131.82,17447.382076539998
2026-01-03 18:00:00+00:00,131.82,132.07,131.54,131.88,22747.92203700001
2026-01-03 19:00:00+00:00,131.89,131.9,131.59,131.71,12265.643492449995
2026-01-03 20:00:00+00:00,131.73,131.98,131.27,131.94,16459.6119518
2026-01-03 21:00:00+00:00,131.94,133.0,131.74,132.81,44331.26531215999
2026-01-03 22:00:00+00:00,132.81,133.92,132.5,133.34,63319.69087402002
2026-01-03 23:00:00+00:00,133.34,133.72,133.04,133.32,27479.48199060999
2026-01-04 00:00:00+00:00,133.3,134.85,133.26,134.56,23673.22557343001
2026-01-04 01:00:00+00:00,134.51,134.68,133.37,133.89,5104.749543149999
2026-01-04 02:00:00+00:00,133.9,133.97,133.43,133.66,2271.38175407
2026-01-04 03:00:00+00:00,133.67,134.62,133.61,134.55,3571.4013100700004
2026-01-04 04:00:00+00:00,134.56,134.8,134.15,134.24,6094.14971405
2026-01-04 05:00:00+00:00,134.25,134.55,134.21,134.51,3481.5324308300005
2026-01-04 06:00:00+00:00,134.51,134.91,133.66,133.71,5776.476814269998
2026-01-04 07:00:00+00:00,133.72,134.07,133.63,133.75,3077.400288279999
2026-01-04 08:00:00+00:00,133.75,134.09,133.13,134.04,5086.485052879999
2026-01-04 09:00:00+00:00,134.05,134.5,133.81,134.27,1548.0029772200005
2026-01-04 10:00:00+00:00,134.26,134.79,134.17,134.62,3872.952498240001
2026-01-04 11:00:00+00:00,134.63,134.63,134.08,134.32,2174.00760576
2026-01-04 12:00:00+00:00,134.32,134.8,134.1,134.28,2883.532492719999
2026-01-04 13:00:00+00:00,134.28,134.48,133.67,134.45,4803.352468069996
2026-01-04 14:00:00+00:00,134.47,134.91,134.13,134.89,16769.94071372
2026-01-04 15:00:00+00:00,134.9,135.25,134.21,134.82,6766.773853849998
2026-01-04 16:00:00+00:00,134.82,135.45,134.68,135.05,5726.893763100001
2026-01-04 17:00:00+00:00,135.07,135.32,134.67,134.81,4226.561166290001
2026-01-04 18:00:00+00:00,134.81,134.82,133.63,134.14,5658.8387841
2026-01-04 19:00:00+00:00,134.12,134.13,132.98,133.47,6035.876995700002
2026-01-04 20:00:00+00:00,133.51,134.16,133.31,133.95,3708.2693134800006
2026-01-04 21:00:00+00:00,133.93,134.5,133.63,133.83,3498.8143903499986
2026-01-04 22:00:00+00:00,133.85,134.37,133.69,134.04,2771.356778879999
2026-01-04 23:00:00+00:00,134.16,134.79,133.54,134.13,3774.53508248
2026-01-05 00:00:00+00:00,134.06,135.71,133.86,135.32,27451.561877910004
2026-01-05 01:00:00+00:00,135.52,137.6,135.12,136.7,58255.50866076001
2026-01-05 02:00:00+00:00,136.69,137.15,135.52,136.69,17930.999799880006
2026-01-05 03:00:00+00:00,136.83,137.22,136.42,136.61,6995.970622660001
2026-01-05 04:00:00+00:00,136.58,136.67,134.89,135.51,12983.768862170002
2026-01-05 05:00:00+00:00,135.62,136.19,134.84,134.92,5579.15043926
2026-01-05 06:00:00+00:00,135.01,135.62,134.52,135.53,6207.007706920003
2026-01-05 07:00:00+00:00,135.42,135.64,134.94,135.36,2991.03712424
2026-01-05 08:00:00+00:00,135.36,135.81,135.03,135.14,2888.346392510001
2026-01-05 09:00:00+00:00,135.15,135.57,134.57,135.28,3401.42119218
2026-01-05 10:00:00+00:00,135.36,135.97,135.16,135.64,10321.47169012
2026-01-05 11:00:00+00:00,135.75,135.75,135.09,135.68,3488.7180849200004
2026-01-05 12:00:00+00:00,135.7,135.74,134.74,134.93,5687.278149169999
2026-01-05 13:00:00+00:00,135.04,135.28,133.09,133.75,19762.04665341
2026-01-05 14:00:00+00:00,133.72,135.56,133.02,134.9,23897.577846659995
2026-01-05 15:00:00+00:00,134.94,136.39,133.93,135.95,25492.3390506
2026-01-05 16:00:00+00:00,136.08,136.22,134.84,135.35,16671.529877529996
2026-01-05 17:00:00+00:00,135.37,136.8,134.14,136.51,29616.49608522
2026-01-05 18:00:00+00:00,136.49,137.5,135.55,137.37,19608.1498245
2026-01-05 19:00:00+00:00,137.37,138.79,136.92,138.19,40084.65388908
2026-01-05 20:00:00+00:00,138.21,139.8,137.57,137.67,44554.39174527001
2026-01-05 21:00:00+00:00,137.9,138.7,137.72,138.41,8373.099754859999
2026-01-05 22:00:00+00:00,138.38,139.18,138.08,138.75,15518.2379425
2026-01-05 23:00:00+00:00,138.76,138.96,137.72,137.89,12251.35335353
2026-01-06 00:00:00+00:00,137.89,138.2,136.72,137.72,56366.23804960002
2026-01-06 01:00:00+00:00,137.71,138.53,137.14,137.36,61547.67828351999
2026-01-06 02:00:00+00:00,137.58,138.01,137.13,137.6,35736.15768266001
2026-01-06 03:00:00+00:00,137.61,138.6,137.44,138.38,33580.13427737
2026-01-06 04:00:00+00:00,138.37,139.02,138.02,138.26,52093.422197469976
2026-01-06 05:00:00+00:00,138.44,140.0,137.92,139.52,57212.72445765998
2026-01-06 06:00:00+00:00,139.53,139.74,138.65,138.97,60369.23149578999
2026-01-06 07:00:00+00:00,138.97,139.05,137.19,137.56,43067.85648975999
2026-01-06 08:00:00+00:00,137.55,138.08,137.25,137.57,20016.85720883001
2026-01-06 09:00:00+00:00,137.57,138.37,137.33,137.73,35835.34233175999
2026-01-06 10:00:00+00:00,137.73,138.08,137.26,137.68,48211.10487429
2026-01-06 11:00:00+00:00,137.68,139.64,137.47,139.46,78449.19733420001
2026-01-06 12:00:00+00:00,139.45,139.59,138.69,139.03,34471.27574542999
2026-01-06 13:00:00+00:00,139.06,139.4,138.53,139.05,74826.05275454998
2026-01-06 14:00:00+00:00,139.06,143.44,138.99,141.94,346571.73582335
2026-01-06 15:00:00+00:00,141.95,143.17,140.92,141.56,173668.19467017992
2026-01-06 16:00:00+00:00,141.55,141.94,138.07,138.87,189123.40132566995
2026-01-06 17:00:00+00:00,138.88,139.12,136.26,136.45,139878.34018595994
2026-01-06 18:00:00+00:00,136.48,137.96,135.3,137.5,92087.75318032996
2026-01-06 19:00:00+00:00,137.5,138.02,137.15,137.39,45261.275735790005
2026-01-06 20:00:00+00:00,137.46,139.11,137.38,138.87,57366.75524053
2026-01-06 21:00:00+00:00,138.87,141.88,138.49,140.05,115104.25039465996
2026-01-06 22:00:00+00:00,140.19,140.94,139.34,139.99,39810.86643087
2026-01-06 23:00:00+00:00,139.97,141.31,139.91,141.04,44298.48009626002
2026-01-07 00:00:00+00:00,141.04,141.32,139.61,139.8,54136.52530902999
2026-01-07 01:00:00+00:00,139.78,140.57,138.63,138.81,41248.07438337
2026-01-07 02:00:00+00:00,138.82,140.0,138.4,139.86,48557.62713003998
2026-01-07 03:00:00+00:00,139.87,140.44,139.26,139.49,28538.523217199992
2026-01-07 04:00:00+00:00,139.49,139.62,138.54,138.69,13457.841142580004
2026-01-07 05:00:00+00:00,138.69,139.26,137.97,138.44,50556.51386055999
2026-01-07 06:00:00+00:00,138.44,138.99,138.26,138.71,17191.936902499994
2026-01-07 07:00:00+00:00,138.71,139.35,138.6,139.21,16139.444934240002
2026-01-07 08:00:00+00:00,139.28,139.7,138.92,139.31,26982.463452889995
2026-01-07 09:00:00+00:00,139.31,139.38,136.45,136.79,67752.10801271001
2026-01-07 10:00:00+00:00,136.81,137.72,136.64,137.49,29413.50846634001
2026-01-07 11:00:00+00:00,137.49,138.2,137.4,137.83,17580.84097587999
2026-01-07 12:00:00+00:00,137.83,138.2,137.49,137.91,31464.55957438
2026-01-07 13:00:00+00:00,137.82,138.53,137.43,138.0,42159.63640606999
2026-01-07 14:00:00+00:00,138.0,138.32,136.49,137.91,63924.85157642001
2026-01-07 15:00:00+00:00,137.91,138.13,135.12,135.59,118734.60793396996
2026-01-07 16:00:00+00:00,135.63,136.64,135.19,135.59,46277.64756685
2026-01-07 17:00:00+00:00,135.59,136.44,135.28,135.47,40524.21914615
2026-01-07 18:00:00+00:00,135.5,135.89,134.65,135.11,76931.4917964599
2026-01-07 19:00:00+00:00,135.1,135.94,134.28,135.6,51481.45812939998
2026-01-07 20:00:00+00:00,135.63,135.96,134.86,135.64,33814.077447870004
2026-01-07 21:00:00+00:00,135.64,136.33,135.52,136.09,70744.17311984999
2026-01-07 22:00:00+00:00,136.09,136.78,135.66,136.37,107388.62396020006
2026-01-07 23:00:00+00:00,136.36,137.02,135.74,136.25,30664.392732349992
2026-01-08 00:00:00+00:00,136.25,136.93,135.86,136.68,23491.925387640007
2026-01-08 01:00:00+00:00,136.69,137.42,136.55,136.72,29252.460162759995
2026-01-08 02:00:00+00:00,136.73,138.59,136.44,137.76,145609.3793819
2026-01-08 03:00:00+00:00,137.77,138.27,136.44,136.58,37401.82114020001
2026-01-08 04:00:00+00:00,136.59,138.29,136.28,137.49,51748.101549380015
2026-01-08 05:00:00+00:00,137.49,138.03,136.34,136.47,32261.114987620007
2026-01-08 06:00:00+00:00,136.47,136.73,134.56,134.66,56419.14810193
2026-01-08 07:00:00+00:00,134.68,135.94,133.61,135.7,45870.86692153
2026-01-08 08:00:00+00:00,135.7,136.18,134.87,134.93,22490.31799576
2026-01-08 09:00:00+00:00,134.94,135.46,134.18,134.3,21388.19541474
2026-01-08 10:00:00+00:00,134.32,135.4,133.74,134.92,40971.149919300005
2026-01-08 11:00:00+00:00,134.95,135.25,134.1,134.59,31607.858485139983
2026-01-08 12:00:00+00:00,134.6,134.77,133.53,133.95,28932.94488477
2026-01-08 13:00:00+00:00,133.96,134.53,133.53,134.45,31810.60917247
2026-01-08 14:00:00+00:00,134.28,134.43,132.54,133.87,133412.9334651
2026-01-08 15:00:00+00:00,133.88,136.49,133.23,136.27,178231.70890951977
2026-01-08 16:00:00+00:00,136.27,138.22,136.11,138.04,70317.35919819999
2026-01-08 17:00:00+00:00,138.03,138.86,137.13,138.6,82381.50264253002
2026-01-08 18:00:00+00:00,138.6,139.02,137.76,137.96,61528.15063638001
2026-01-08 19:00:00+00:00,137.95,138.35,137.07,137.41,48654.00614255
2026-01-08 20:00:00+00:00,137.4,137.78,136.39,137.53,46595.715877300005
2026-01-08 21:00:00+00:00,137.59,139.74,137.56,139.47,76724.90011725
2026-01-08 22:00:00+00:00,139.47,140.01,138.16,138.73,77218.99554262
2026-01-08 23:00:00+00:00,138.73,139.16,138.1,138.26,50216.538585700015
2026-01-09 00:00:00+00:00,138.24,139.29,138.16,139.02,46925.69401572998
2026-01-09 01:00:00+00:00,139.01,139.58,137.57,138.12,85972.59885452
2026-01-09 02:00:00+00:00,138.15,139.48,138.07,138.83,28633.27415199
2026-01-09 03:00:00+00:00,138.82,141.1,138.75,140.63,88584.06660932995
2026-01-09 04:00:00+00:00,140.62,141.01,139.4,139.58,45906.27266192
2026-01-09 05:00:00+00:00,139.57,140.09,139.22,139.76,37839.40871125
2026-01-09 06:00:00+00:00,139.74,140.79,139.48,140.52,53977.16058820998
2026-01-09 07:00:00+00:00,140.56,140.67,139.31,139.39,102249.5556355
2026-01-09 08:00:00+00:00,139.38,139.53,136.86,137.74,70033.51517225002
2026-01-09 09:00:00+00:00,137.75,139.04,137.71,138.27,39904.72622941001
2026-01-09 10:00:00+00:00,138.28,138.96,137.99,138.55,23424.36615875001
2026-01-09 11:00:00+00:00,138.57,138.86,137.91,138.14,34105.66520815
2026-01-09 12:00:00+00:00,138.13,138.59,137.42,137.56,19609.856683270005
2026-01-09 13:00:00+00:00,137.57,139.33,137.51,138.5,71172.10081522002
2026-01-09 14:00:00+00:00,138.5,138.62,136.33,136.74,89933.26585246998
2026-01-09 15:00:00+00:00,136.74,140.82,136.06,138.66,136091.01027407998
2026-01-09 16:00:00+00:00,138.66,140.23,138.58,139.82,91507.94111867996
2026-01-09 17:00:00+00:00,139.8,140.02,137.09,138.3,213416.00529606995
2026-01-09 18:00:00+00:00,138.36,138.44,135.66,136.72,102924.8018706
2026-01-09 19:00:00+00:00,136.69,136.83,135.28,135.64,68450.42074583001
2026-01-09 20:00:00+00:00,135.65,136.03,134.79,135.47,89355.20003859003
2026-01-09 21:00:00+00:00,135.45,136.41,135.25,135.82,50884.98485572999
2026-01-09 22:00:00+00:00,135.83,136.22,135.38,135.97,20841.16583520001
2026-01-09 23:00:00+00:00,136.0,136.4,135.58,135.79,36055.96622218
2026-01-10 00:00:00+00:00,135.79,136.1,135.5,135.7,20987.788469110004
2026-01-10 01:00:00+00:00,135.69,136.48,135.6,136.28,32793.486877760006
2026-01-10 02:00:00+00:00,136.28,136.65,135.73,136.2,35554.42522167
2026-01-10 03:00:00+00:00,136.2,136.42,135.72,135.95,14425.543146839998
2026-01-10 04:00:00+00:00,135.97,136.13,135.55,135.68,9500.5053202
2026-01-10 05:00:00+00:00,135.68,136.32,135.59,135.76,8483.079816880003
2026-01-10 06:00:00+00:00,135.81,136.19,135.59,135.81,12226.923771389997
2026-01-10 07:00:00+00:00,135.8,136.25,135.76,135.91,7440.205577110003
2026-01-10 08:00:00+00:00,135.9,136.31,135.79,136.04,9930.824481859996
2026-01-10 09:00:00+00:00,135.99,136.64,135.9,136.42,14946.092308789996
2026-01-10 10:00:00+00:00,136.44,137.04,136.21,136.81,18488.35676018
2026-01-10 11:00:00+00:00,136.8,136.97,136.2,136.42,17133.16004014001
2026-01-10 12:00:00+00:00,136.42,137.03,136.34,136.45,13355.914703460008
2026-01-10 13:00:00+00:00,136.46,136.58,135.92,136.17,22550.869405159985
2026-01-10 14:00:00+00:00,136.16,136.46,135.82,135.96,15710.037929290009
2026-01-10 15:00:00+00:00,135.97,136.53,135.88,136.25,11638.40801568
2026-01-10 16:00:00+00:00,136.24,136.65,135.97,136.23,18763.351369449992
2026-01-10 17:00:00+00:00,136.24,136.71,135.93,135.99,14921.317499159994
2026-01-10 18:00:00+00:00,136.0,136.32,135.71,136.01,23243.817602430005
2026-01-10 19:00:00+00:00,135.99,136.25,135.81,136.04,10642.466966430002
2026-01-10 20:00:00+00:00,136.04,136.26,135.81,135.91,6353.549674150001
2026-01-10 21:00:00+00:00,135.9,136.08,135.47,135.57,21202.767527259995
2026-01-10 22:00:00+00:00,135.58,135.91,135.15,135.38,15929.369322790002
2026-01-10 23:00:00+00:00,135.38,136.08,135.32,135.67,12602.516429649992
2026-01-11 00:00:00+00:00,135.66,136.45,135.56,136.22,35901.88713310002
2026-01-11 01:00:00+00:00,136.22,136.49,135.91,136.1,20950.462731960008
2026-01-11 02:00:00+00:00,136.12,136.46,135.77,135.82,20761.57979164
2026-01-11 03:00:00+00:00,135.83,136.31,135.66,136.08,23554.72965725
2026-01-11 04:00:00+00:00,136.08,136.39,135.8,136.01,18670.73392366
2026-01-11 05:00:00+00:00,136.03,136.44,135.8,136.1,15248.543706849998
2026-01-11 06:00:00+00:00,136.11,136.38,135.7,136.0,10601.272373919996
2026-01-11 07:00:00+00:00,135.97,136.24,135.79,136.01,8088.938973780001
2026-01-11 08:00:00+00:00,136.01,136.88,135.9,136.74,33608.93575439001
2026-01-11 09:00:00+00:00,136.56,136.79,136.16,136.28,13762.59285845
2026-01-11 10:00:00+00:00,136.3,136.68,136.1,136.37,44727.83965942
2026-01-11 11:00:00+00:00,136.37,136.74,136.25,136.37,7066.814144849997
2026-01-11 12:00:00+00:00,136.36,137.22,136.32,136.92,18821.77919886
2026-01-11 13:00:00+00:00,136.92,137.31,136.76,137.07,67061.43300410999
2026-01-11 14:00:00+00:00,137.08,139.33,137.06,139.02,45018.21535815
2026-01-11 15:00:00+00:00,139.03,139.48,137.58,138.19,64694.60164211002
2026-01-11 16:00:00+00:00,138.2,141.54,138.2,139.81,140811.56861101033
2026-01-11 17:00:00+00:00,139.81,140.12,138.0,139.46,61912.280580460014
2026-01-11 18:00:00+00:00,139.46,140.13,138.91,139.92,58286.967912970016
2026-01-11 19:00:00+00:00,139.82,140.09,138.86,139.21,63869.99330123999
2026-01-11 20:00:00+00:00,139.23,139.38,137.77,138.27,152664.03437612
2026-01-11 21:00:00+00:00,138.26,138.84,137.74,138.48,70599.50612890002
2026-01-11 22:00:00+00:00,138.49,138.6,137.45,138.01,26395.71533707
2026-01-11 23:00:00+00:00,138.03,139.69,137.3,139.5,120729.41871481996
2026-01-12 00:00:00+00:00,139.5,141.29,138.71,141.1,219807.27950496992
2026-01-12 01:00:00+00:00,141.09,141.85,140.51,140.86,128666.89103633985
2026-01-12 02:00:00+00:00,140.85,142.69,140.75,142.23,89088.23638414993
2026-01-12 03:00:00+00:00,142.23,144.32,142.17,142.34,132569.35859316995
2026-01-12 04:00:00+00:00,142.34,143.02,142.25,142.55,44622.70745103998
2026-01-12 05:00:00+00:00,142.55,143.12,142.32,142.59,41002.647716570005
2026-01-12 06:00:00+00:00,142.59,143.29,141.65,141.8,54511.21470731
2026-01-12 07:00:00+00:00,141.8,142.35,141.16,141.22,42438.27430888998
2026-01-12 08:00:00+00:00,141.22,141.94,138.87,139.85,98072.71423840005
2026-01-12 09:00:00+00:00,139.86,140.21,138.95,139.4,99524.94486041994
2026-01-12 10:00:00+00:00,139.4,140.13,138.86,139.18,50475.00049143996
2026-01-12 11:00:00+00:00,139.07,140.09,138.98,139.86,46639.2895227
2026-01-12 12:00:00+00:00,139.88,140.22,139.47,139.57,30270.198805730004
2026-01-12 13:00:00+00:00,139.55,140.06,139.19,139.6,25262.11320628
2026-01-12 14:00:00+00:00,139.69,140.75,138.49,140.28,78252.01702197999
2026-01-12 15:00:00+00:00,140.29,142.82,139.89,142.44,126316.52851676996
2026-01-12 16:00:00+00:00,142.42,144.19,141.97,142.83,139788.29176731996
2026-01-12 17:00:00+00:00,142.82,144.7,141.02,141.85,116661.35717834998
2026-01-12 18:00:00+00:00,141.79,142.73,140.47,141.12,78925.04652085999
2026-01-12 19:00:00+00:00,141.1,141.41,140.47,140.87,55779.97352702
2026-01-12 20:00:00+00:00,140.88,141.77,139.85,140.12,54476.71655366001
2026-01-12 21:00:00+00:00,140.1,140.14,138.2,138.67,137146.79296956997
2026-01-12 22:00:00+00:00,138.69,139.76,138.63,139.01,102452.7728999001
2026-01-12 23:00:00+00:00,139.02,139.45,138.5,139.05,39781.88359323
2026-01-13 00:00:00+00:00,139.04,139.34,138.55,139.11,50888.2114176
2026-01-13 01:00:00+00:00,139.12,139.48,138.34,138.7,62363.71952628999
2026-01-13 02:00:00+00:00,138.71,139.24,137.9,138.21,36618.94517421998
2026-01-13 03:00:00+00:00,138.21,138.69,137.66,138.55,37791.36297294991
2026-01-13 04:00:00+00:00,138.59,139.13,138.19,138.95,18010.683894660022
2026-01-13 05:00:00+00:00,138.95,140.44,138.63,139.76,62859.62496907986
2026-01-13 06:00:00+00:00,139.76,140.68,139.65,140.44,36691.01661262997
2026-01-13 07:00:00+00:00,140.43,140.63,139.79,139.79,42644.80767070988
2026-01-13 08:00:00+00:00,139.79,141.77,139.77,141.42,52939.79343581976
2026-01-13 09:00:00+00:00,141.42,143.04,141.09,141.78,94608.88204113983
2026-01-13 10:00:00+00:00,141.78,142.56,141.55,141.95,51104.82052873993
2026-01-13 11:00:00+00:00,141.94,142.17,141.35,141.68,35760.794649150004
2026-01-13 12:00:00+00:00,141.68,142.24,141.22,142.09,33206.48986288
2026-01-13 13:00:00+00:00,142.09,143.35,141.63,142.34,124427.07026524002
2026-01-13 14:00:00+00:00,142.28,143.77,141.52,141.91,124688.94478197992
2026-01-13 15:00:00+00:00,141.97,143.51,141.06,143.41,131662.22415920993
2026-01-13 16:00:00+00:00,143.41,144.5,142.72,143.11,214135.78864618
2026-01-13 17:00:00+00:00,143.13,143.56,142.35,142.81,112509.99928858996
2026-01-13 18:00:00+00:00,142.82,143.89,142.55,143.41,75369.03832785001
2026-01-13 19:00:00+00:00,143.43,144.43,142.93,144.19,81526.66720458001
2026-01-13 20:00:00+00:00,144.19,144.4,142.93,143.81,95349.28253972
2026-01-13 21:00:00+00:00,143.81,144.28,143.16,143.34,49367.66531818
2026-01-13 22:00:00+00:00,143.36,148.9,143.24,146.88,285983.44656377006
2026-01-13 23:00:00+00:00,146.89,147.53,144.45,145.43,111784.32888788
2026-01-14 00:00:00+00:00,145.42,145.81,144.18,144.98,124427.22905265995
2026-01-14 01:00:00+00:00,144.97,146.11,144.75,145.61,63899.37251031002
2026-01-14 02:00:00+00:00,145.62,146.51,145.11,145.42,57423.65948765998
2026-01-14 03:00:00+00:00,145.45,146.32,144.93,146.2,62229.23698164999
2026-01-14 04:00:00+00:00,146.06,146.36,144.62,144.72,78210.34625123967
2026-01-14 05:00:00+00:00,144.87,145.14,144.15,144.42,46939.437163700015
2026-01-14 06:00:00+00:00,144.42,144.65,143.74,144.65,55690.83382649998
2026-01-14 07:00:00+00:00,144.55,144.99,144.01,144.78,41569.27617502998
2026-01-14 08:00:00+00:00,144.78,145.13,144.53,144.84,38571.51198379999
2026-01-14 09:00:00+00:00,144.86,145.57,144.79,145.42,29274.929991519984
2026-01-14 10:00:00+00:00,145.44,145.75,144.49,144.68,69512.47636321
2026-01-14 11:00:00+00:00,144.66,144.67,143.45,143.69,48872.37192200997
2026-01-14 12:00:00+00:00,143.68,144.7,143.31,144.5,41641.02356777998
2026-01-14 13:00:00+00:00,144.51,144.87,143.96,144.18,49306.22282151
2026-01-14 14:00:00+00:00,144.18,147.54,144.14,146.57,217278.41225676995
2026-01-14 15:00:00+00:00,146.61,147.55,145.83,147.07,234573.39716313008
2026-01-14 16:00:00+00:00,147.06,148.41,146.82,147.06,161528.25530539
2026-01-14 17:00:00+00:00,147.05,147.69,145.67,146.0,118572.74178875991
2026-01-14 18:00:00+00:00,145.99,147.46,145.22,146.34,84209.20801304001
2026-01-14 19:00:00+00:00,146.35,147.59,146.0,146.77,100866.86983497
2026-01-14 20:00:00+00:00,146.77,147.77,146.38,147.54,177323.00577644992
2026-01-14 21:00:00+00:00,147.56,147.56,146.08,146.93,91595.93073679996
2026-01-14 22:00:00+00:00,146.91,147.14,145.67,146.16,48831.37982929001
2026-01-14 23:00:00+00:00,146.19,147.12,145.85,146.7,61415.09430130002
2026-01-15 00:00:00+00:00,146.7,146.71,145.28,146.04,51357.10600454998
2026-01-15 01:00:00+00:00,146.03,146.54,144.55,145.14,58635.76302900999
2026-01-15 02:00:00+00:00,145.15,145.51,144.11,144.49,48139.75027841
2026-01-15 03:00:00+00:00,144.48,144.7,142.87,143.41,76549.10960893003
2026-01-15 04:00:00+00:00,143.42,144.45,143.15,144.42,48320.12433444997
2026-01-15 05:00:00+00:00,144.42,144.78,144.11,144.54,26798.11308202
2026-01-15 06:00:00+00:00,144.55,144.88,143.86,144.15,27105.30163258999
2026-01-15 07:00:00+00:00,144.15,145.24,143.91,144.97,18406.75264083
2026-01-15 08:00:00+00:00,144.98,145.2,143.88,144.85,52152.19745356998
2026-01-15 09:00:00+00:00,144.86,145.96,144.35,145.59,28665.34192781
2026-01-15 10:00:00+00:00,145.6,145.65,145.11,145.39,21966.156125369984
2026-01-15 11:00:00+00:00,145.41,145.62,144.7,144.81,15403.48136705
2026-01-15 12:00:00+00:00,144.81,145.04,144.2,144.86,70507.01390409002
2026-01-15 13:00:00+00:00,144.85,145.31,144.37,145.17,45438.39543677
2026-01-15 14:00:00+00:00,145.16,145.66,143.16,143.89,154212.03865441994
2026-01-15 15:00:00+00:00,143.89,144.28,141.72,143.45,154797.90159172993
2026-01-15 16:00:00+00:00,143.42,143.98,142.7,143.47,75597.27085558
2026-01-15 17:00:00+00:00,143.51,144.14,142.39,142.59,47997.50810814999
2026-01-15 18:00:00+00:00,142.6,142.96,141.37,141.52,74621.51946830003
2026-01-15 19:00:00+00:00,141.5,141.8,140.84,141.47,97920.13269294
2026-01-15 20:00:00+00:00,141.51,141.87,140.97,141.4,37765.40297945001
2026-01-15 21:00:00+00:00,141.41,142.25,141.22,141.99,101320.25172291003
2026-01-15 22:00:00+00:00,142.07,142.54,141.93,142.35,40664.78442255998
2026-01-15 23:00:00+00:00,142.34,142.7,141.97,142.38,41960.70373395999
2026-01-16 00:00:00+00:00,142.36,142.78,142.14,142.43,23569.78142458001
2026-01-16 01:00:00+00:00,142.41,142.68,141.86,142.31,19602.06713631999
2026-01-16 02:00:00+00:00,142.32,142.32,141.58,142.16,36437.19829589998
2026-01-16 03:00:00+00:00,142.17,142.44,141.76,141.91,17018.17354166
2026-01-16 04:00:00+00:00,141.91,142.7,141.33,141.63,28453.40573895
2026-01-16 05:00:00+00:00,141.62,143.53,141.33,143.13,65408.52493419002
2026-01-16 06:00:00+00:00,143.12,143.33,142.54,143.26,13412.010148819998
2026-01-16 07:00:00+00:00,143.25,143.29,142.45,142.88,10402.47703225
2026-01-16 08:00:00+00:00,142.88,143.41,142.78,143.11,13172.647612380002
2026-01-16 09:00:00+00:00,143.1,143.41,142.78,143.01,14580.774314790002
2026-01-16 10:00:00+00:00,143.01,143.12,142.56,143.04,7485.510408479999
2026-01-16 11:00:00+00:00,143.04,143.49,142.65,143.09,15672.71575895
2026-01-16 12:00:00+00:00,143.09,143.81,142.96,143.63,21920.08656408001
2026-01-16 13:00:00+00:00,143.62,143.63,142.56,143.02,20094.31859305
2026-01-16 14:00:00+00:00,143.03,143.72,142.71,142.99,28384.41880692
2026-01-16 15:00:00+00:00,142.98,143.63,140.13,140.69,139026.20236776
2026-01-16 16:00:00+00:00,140.74,141.96,140.54,141.86,101468.45197095993
2026-01-16 17:00:00+00:00,141.86,143.36,141.34,143.27,75449.23078559019
2026-01-16 18:00:00+00:00,143.27,144.12,142.89,143.5,80440.19346882001
2026-01-16 19:00:00+00:00,143.5,144.49,142.9,144.09,104470.99095743992
2026-01-16 20:00:00+00:00,144.12,144.96,143.4,144.89,67825.10374559001
2026-01-16 21:00:00+00:00,144.89,145.5,144.61,144.95,76414.08860904
2026-01-16 22:00:00+00:00,145.0,145.27,143.63,144.88,43300.77440674
2026-01-16 23:00:00+00:00,144.85,145.15,144.67,144.83,31773.92861402
2026-01-17 00:00:00+00:00,144.84,144.93,144.12,144.28,36239.14324116
2026-01-17 01:00:00+00:00,144.26,144.76,144.14,144.59,38970.692033000014
2026-01-17 02:00:00+00:00,144.59,144.62,144.15,144.51,14433.430039160005
2026-01-17 03:00:00+00:00,144.51,144.56,144.13,144.3,13759.87122835
2026-01-17 04:00:00+00:00,144.32,144.43,144.12,144.24,17567.505800540002
2026-01-17 05:00:00+00:00,144.26,144.29,143.83,143.91,20486.912736109985
2026-01-17 06:00:00+00:00,143.89,144.01,143.65,143.78,14020.174525999995
2026-01-17 07:00:00+00:00,143.77,143.91,143.54,143.55,11540.523136370002
2026-01-17 08:00:00+00:00,143.61,144.21,143.51,144.14,9077.26858411
2026-01-17 09:00:00+00:00,144.14,144.59,143.9,144.4,24806.145189939994
2026-01-17 10:00:00+00:00,144.44,144.57,143.85,143.9,28246.04463383999
2026-01-17 11:00:00+00:00,143.93,144.14,143.23,143.96,35183.16064232998
2026-01-17 12:00:00+00:00,143.96,144.01,143.6,143.71,18954.322291310003
2026-01-17 13:00:00+00:00,143.72,143.99,143.51,143.93,30292.84865693
2026-01-17 14:00:00+00:00,143.94,144.2,143.67,143.88,25379.98959993998
2026-01-17 15:00:00+00:00,143.87,144.29,143.63,144.26,26819.09735086
2026-01-17 16:00:00+00:00,144.23,144.28,143.61,143.8,18855.97926057001
2026-01-17 17:00:00+00:00,143.82,144.21,143.75,144.04,10711.913563829998
2026-01-17 18:00:00+00:00,144.02,144.23,143.94,144.21,10049.417065580004
2026-01-17 19:00:00+00:00,144.21,144.47,144.03,144.19,28719.87709029
2026-01-17 20:00:00+00:00,144.19,144.52,144.11,144.41,19445.53322394001
2026-01-17 21:00:00+00:00,144.41,144.53,144.13,144.18,11307.613995410002
2026-01-17 22:00:00+00:00,144.18,144.2,143.44,143.68,14083.502329429994
2026-01-17 23:00:00+00:00,143.73,144.02,143.57,143.66,19441.45625123
2026-01-18 00:00:00+00:00,143.64,143.95,143.01,143.19,34991.28756786
2026-01-18 01:00:00+00:00,143.18,143.35,141.97,142.74,62823.17515433997
2026-01-18 02:00:00+00:00,142.74,143.02,141.82,142.51,41313.7832387
2026-01-18 03:00:00+00:00,142.5,142.88,142.31,142.76,12527.136286100002
2026-01-18 04:00:00+00:00,142.77,142.88,142.5,142.78,11763.05713901
2026-01-18 05:00:00+00:00,142.78,142.93,142.49,142.79,6536.258823219998
2026-01-18 06:00:00+00:00,142.79,142.98,142.49,142.65,8874.448507719997
2026-01-18 07:00:00+00:00,142.64,142.67,142.0,142.08,10492.405816690003
2026-01-18 08:00:00+00:00,142.08,142.42,141.89,142.41,14315.16535934
2026-01-18 09:00:00+00:00,142.37,142.6,142.29,142.49,5063.26722542
2026-01-18 10:00:00+00:00,142.5,142.5,142.11,142.39,5159.563467530001
2026-01-18 11:00:00+00:00,142.42,142.45,142.13,142.34,5681.198606280001
2026-01-18 12:00:00+00:00,142.34,142.47,142.08,142.16,8053.04759339
2026-01-18 13:00:00+00:00,142.18,142.47,141.94,142.32,20623.280161219995
2026-01-18 14:00:00+00:00,142.32,142.68,141.59,141.73,30549.99602818001
2026-01-18 15:00:00+00:00,141.66,142.13,141.42,141.97,29966.91762863999
2026-01-18 16:00:00+00:00,141.97,142.32,141.7,141.97,19897.074974709994
2026-01-18 17:00:00+00:00,141.98,142.46,141.82,142.3,31610.238010660007
2026-01-18 18:00:00+00:00,142.31,142.95,142.01,142.71,47407.32582304
2026-01-18 19:00:00+00:00,142.72,143.23,142.04,142.23,39367.89312402
2026-01-18 20:00:00+00:00,142.22,142.55,141.87,142.44,12938.539793730006
2026-01-18 21:00:00+00:00,142.42,142.77,142.32,142.59,10112.467834180005
2026-01-18 22:00:00+00:00,142.62,143.0,142.39,142.78,22901.05418916999
2026-01-18 23:00:00+00:00,142.8,142.84,137.62,137.81,320113.7389319598
2026-01-19 00:00:00+00:00,137.78,137.79,130.0,133.69,595370.9849419697
2026-01-19 01:00:00+00:00,133.69,134.41,133.36,133.73,93895.80369085
2026-01-19 02:00:00+00:00,133.72,134.11,133.38,133.76,54854.20511097001
2026-01-19 03:00:00+00:00,133.75,134.12,133.53,133.88,31463.26864064
2026-01-19 04:00:00+00:00,133.87,134.03,133.45,133.62,26455.071016510003
2026-01-19 05:00:00+00:00,133.62,134.0,133.24,133.29,44490.82756164001
2026-01-19 06:00:00+00:00,133.28,133.43,132.64,133.22,43875.56488505
2026-01-19 07:00:00+00:00,133.21,133.59,133.1,133.39,28327.76779985
2026-01-19 08:00:00+00:00,133.37,134.05,133.21,133.79,46177.58725832999
2026-01-19 09:00:00+00:00,133.79,133.99,133.47,133.62,16158.87640265
2026-01-19 10:00:00+00:00,133.62,133.81,133.44,133.71,10139.40645416
2026-01-19 11:00:00+00:00,133.7,134.33,133.54,134.05,22339.15813596001
2026-01-19 12:00:00+00:00,134.03,134.16,133.59,134.04,20438.73615501
2026-01-19 13:00:00+00:00,134.04,134.08,133.49,133.64,14654.391235199992
2026-01-19 14:00:00+00:00,133.63,133.75,133.17,133.43,15464.71620572
2026-01-19 15:00:00+00:00,133.44,133.9,133.32,133.48,30216.869038190016
2026-01-19 16:00:00+00:00,133.47,134.61,133.38,134.39,94793.22562148
2026-01-19 17:00:00+00:00,134.39,134.48,134.0,134.21,29022.50842783999
2026-01-19 18:00:00+00:00,134.22,134.39,133.84,134.2,49611.44373782001
2026-01-19 19:00:00+00:00,134.2,134.67,134.15,134.37,13968.815512160005
2026-01-19 20:00:00+00:00,134.38,135.12,134.36,134.61,37601.51880806
2026-01-19 21:00:00+00:00,134.61,134.97,133.91,134.01,31752.608687420005
2026-01-19 22:00:00+00:00,134.01,134.17,132.38,132.87,108226.35437179996
2026-01-19 23:00:00+00:00,132.82,133.87,132.58,133.36,107464.33694016002
2026-01-20 00:00:00+00:00,133.36,133.9,132.96,133.62,63966.314548309965
2026-01-20 01:00:00+00:00,133.62,134.23,133.17,133.78,36437.59991525999
2026-01-20 02:00:00+00:00,133.78,134.13,133.26,133.74,41281.35254197
2026-01-20 03:00:00+00:00,133.74,134.57,133.39,134.16,61616.61858538003
2026-01-20 04:00:00+00:00,134.16,134.22,133.12,133.32,42808.79598995
2026-01-20 05:00:00+00:00,133.31,133.51,132.31,132.92,72378.34263172002
2026-01-20 06:00:00+00:00,132.91,133.0,130.66,131.1,108036.44631125
2026-01-20 07:00:00+00:00,131.09,131.75,130.36,130.43,109494.98738312008
2026-01-20 08:00:00+00:00,130.43,130.74,128.21,129.09,222908.4788822301
2026-01-20 09:00:00+00:00,128.93,129.12,128.42,128.78,47636.20518239999
2026-01-20 10:00:00+00:00,128.77,129.34,128.55,128.78,50869.89288011001
2026-01-20 11:00:00+00:00,128.78,129.44,128.57,128.68,40926.6790994
2026-01-20 12:00:00+00:00,128.69,129.48,128.62,129.25,186238.4441079401
2026-01-20 13:00:00+00:00,129.36,129.36,128.25,128.32,55634.931116000014
2026-01-20 14:00:00+00:00,128.33,129.69,127.8,128.76,119639.96315192002
2026-01-20 15:00:00+00:00,128.74,128.86,127.11,127.7,106801.11786903
2026-01-20 16:00:00+00:00,127.71,128.57,126.16,126.94,237373.71260157
2026-01-20 17:00:00+00:00,126.94,127.92,126.22,126.85,71544.74587784003
2026-01-20 18:00:00+00:00,126.84,127.65,126.69,126.83,50068.08371943002
2026-01-20 19:00:00+00:00,126.96,127.5,126.43,127.07,47562.940144010005
2026-01-20 20:00:00+00:00,127.09,128.07,126.82,127.62,179224.55635092023
2026-01-20 21:00:00+00:00,127.66,127.93,126.8,126.82,46342.679972159975
2026-01-20 22:00:00+00:00,126.82,127.46,124.5,125.94,87070.77109736005
2026-01-20 23:00:00+00:00,125.94,126.5,124.88,125.66,82060.15049490001
2026-01-21 00:00:00+00:00,125.66,127.5,125.58,127.16,47687.67305638002
2026-01-21 01:00:00+00:00,127.16,127.81,127.02,127.19,76359.7967209
2026-01-21 02:00:00+00:00,127.22,127.78,126.62,126.79,52332.10897333001
2026-01-21 03:00:00+00:00,126.79,127.88,126.72,127.43,38679.51546473998
2026-01-21 04:00:00+00:00,127.43,128.12,127.29,127.64,17415.48835358
2026-01-21 05:00:00+00:00,127.61,128.81,127.54,128.38,65467.545987849975
2026-01-21 06:00:00+00:00,128.4,128.68,127.89,128.11,31469.859845370003
2026-01-21 07:00:00+00:00,128.1,128.51,127.36,127.47,23132.88742303
2026-01-21 08:00:00+00:00,127.46,127.76,126.84,127.01,22802.59630640001
2026-01-21 09:00:00+00:00,127.02,127.84,126.9,127.34,34314.01266547
2026-01-21 10:00:00+00:00,127.33,128.25,127.27,127.59,22931.22388259001
2026-01-21 11:00:00+00:00,127.59,128.0,126.68,126.8,49096.09444551
2026-01-21 12:00:00+00:00,126.83,127.53,126.01,127.29,57049.572805520016
2026-01-21 13:00:00+00:00,127.3,127.7,126.68,126.99,45475.749636870016
2026-01-21 14:00:00+00:00,126.97,129.78,126.83,129.42,143028.38252802016
2026-01-21 15:00:00+00:00,129.42,131.12,129.24,130.33,241057.3062821501
2026-01-21 16:00:00+00:00,130.33,130.45,125.39,125.49,246331.94631529
2026-01-21 17:00:00+00:00,125.47,127.08,125.14,126.8,152897.38081797006
2026-01-21 18:00:00+00:00,126.84,127.83,126.24,127.52,81696.86469280011
2026-01-21 19:00:00+00:00,127.53,131.64,127.09,131.38,178651.38537786
2026-01-21 20:00:00+00:00,131.38,131.64,129.88,131.03,106282.89010542996
2026-01-21 21:00:00+00:00,131.03,132.27,130.64,130.95,92437.95228147
2026-01-21 22:00:00+00:00,130.95,131.76,130.48,130.53,39689.89056165002
2026-01-21 23:00:00+00:00,130.53,131.06,129.05,129.41,32908.15645165003
2026-01-22 00:00:00+00:00,129.42,130.38,129.41,129.88,20046.505075739984
2026-01-22 01:00:00+00:00,129.9,130.65,129.77,130.13,23260.736583949994
2026-01-22 02:00:00+00:00,130.12,130.65,129.58,129.69,19976.64023526
2026-01-22 03:00:00+00:00,129.68,130.34,129.41,129.71,16833.76704691
2026-01-22 04:00:00+00:00,129.72,130.53,129.66,130.24,25924.688246319995
2026-01-22 05:00:00+00:00,130.23,130.44,129.84,129.98,19638.75871879
2026-01-22 06:00:00+00:00,129.99,130.47,129.6,130.22,19386.85720782
2026-01-22 07:00:00+00:00,130.23,130.47,129.65,129.68,9568.101484560004
2026-01-22 08:00:00+00:00,129.68,130.15,129.21,129.81,18186.237135920004
2026-01-22 09:00:00+00:00,129.81,130.25,129.46,130.2,50253.30508558998
2026-01-22 10:00:00+00:00,130.09,130.41,129.91,130.18,18227.737049270003
2026-01-22 11:00:00+00:00,130.08,130.34,129.59,130.0,39721.76920852002
2026-01-22 12:00:00+00:00,130.02,130.43,129.86,129.96,18378.58331276
2026-01-22 13:00:00+00:00,129.97,130.94,128.96,129.26,67903.61405939
2026-01-22 14:00:00+00:00,129.22,129.51,127.69,127.78,89465.98954522
2026-01-22 15:00:00+00:00,127.79,128.57,126.58,127.3,100873.37846137
2026-01-22 16:00:00+00:00,127.3,128.37,126.78,127.77,68278.1782961
2026-01-22 17:00:00+00:00,127.78,128.82,127.44,128.58,42886.70668873001
2026-01-22 18:00:00+00:00,128.58,128.79,127.5,127.64,35340.19711580999
2026-01-22 19:00:00+00:00,127.63,129.4,127.34,129.29,46508.73064256999
2026-01-22 20:00:00+00:00,129.14,129.76,128.21,128.38,44649.19155880998
2026-01-22 21:00:00+00:00,128.37,129.08,128.04,128.16,50106.99885175002
2026-01-22 22:00:00+00:00,128.19,128.78,127.84,128.57,33654.03972228
2026-01-22 23:00:00+00:00,128.57,128.71,127.98,128.35,13180.524733000002
2026-01-23 00:00:00+00:00,128.35,128.53,127.92,128.23,20517.91177527
2026-01-23 01:00:00+00:00,128.21,128.91,128.13,128.78,19571.54927436
2026-01-23 02:00:00+00:00,128.78,128.95,128.03,128.04,13790.74605313
2026-01-23 03:00:00+00:00,128.04,128.79,127.96,128.59,19457.87301596
2026-01-23 04:00:00+00:00,128.61,129.28,128.47,128.98,34615.59129144999
2026-01-23 05:00:00+00:00,128.96,129.1,128.18,128.51,21197.402284720003
2026-01-23 06:00:00+00:00,128.54,129.16,127.08,127.34,62503.92235268998
2026-01-23 07:00:00+00:00,127.35,128.1,127.34,127.75,14975.688977850004
2026-01-23 08:00:00+00:00,127.75,128.0,126.82,126.97,21448.22477418
2026-01-23 09:00:00+00:00,126.96,127.44,126.75,127.11,10398.89798137
2026-01-23 10:00:00+00:00,126.93,127.5,126.87,127.14,13564.785610920004
2026-01-23 11:00:00+00:00,127.14,127.76,127.08,127.38,9551.95433322
2026-01-23 12:00:00+00:00,127.37,127.58,126.98,127.01,18924.448002810008
2026-01-23 13:00:00+00:00,127.06,127.43,126.59,126.67,28222.97079440999
2026-01-23 14:00:00+00:00,126.68,127.37,125.15,125.97,98376.53281074
2026-01-23 15:00:00+00:00,125.98,128.07,125.38,127.74,72225.16846631002
2026-01-23 16:00:00+00:00,127.76,129.17,127.29,128.29,62224.29911242002
2026-01-23 17:00:00+00:00,128.3,130.17,127.67,128.28,95677.38450093
2026-01-23 18:00:00+00:00,128.32,129.56,128.1,128.89,62327.33526347001
2026-01-23 19:00:00+00:00,128.92,129.12,127.62,127.94,76919.84026061997
2026-01-23 20:00:00+00:00,127.93,128.26,126.26,126.79,112299.81465792004
2026-01-23 21:00:00+00:00,126.79,127.58,126.72,127.02,27635.12119937998
2026-01-23 22:00:00+00:00,127.01,127.88,126.94,127.51,21199.87446078
2026-01-23 23:00:00+00:00,127.51,127.68,127.1,127.29,18038.148476900005
2026-01-24 00:00:00+00:00,127.29,127.77,127.21,127.24,22844.576000270023
2026-01-24 01:00:00+00:00,127.24,127.61,127.11,127.38,10119.089950999998
2026-01-24 02:00:00+00:00,127.37,127.83,127.31,127.51,16227.70342192
2026-01-24 03:00:00+00:00,127.54,128.15,127.39,127.71,24211.66140051999
2026-01-24 04:00:00+00:00,127.72,128.13,127.5,127.67,10682.171465
2026-01-24 05:00:00+00:00,127.68,127.92,127.48,127.65,7551.481043360001
2026-01-24 06:00:00+00:00,127.63,127.86,127.35,127.46,12776.53411616
2026-01-24 07:00:00+00:00,127.46,127.7,126.82,126.93,22174.69393894
2026-01-24 08:00:00+00:00,126.94,127.42,126.8,127.17,11114.933599270003
2026-01-24 09:00:00+00:00,127.15,127.36,126.82,127.13,5418.45231925
2026-01-24 10:00:00+00:00,126.92,127.29,126.74,126.99,5049.149845399999
2026-01-24 11:00:00+00:00,127.03,127.39,126.93,126.95,4987.34013016
2026-01-24 12:00:00+00:00,126.96,127.41,126.88,127.12,6361.721905700001
2026-01-24 13:00:00+00:00,127.12,127.3,126.77,126.81,11411.555875270004
2026-01-24 14:00:00+00:00,126.8,127.32,126.65,127.0,14148.32497726
2026-01-24 15:00:00+00:00,127.01,127.41,126.55,126.67,12091.406384169995
2026-01-24 16:00:00+00:00,126.66,127.12,126.46,126.83,22717.71487333
2026-01-24 17:00:00+00:00,126.85,127.27,126.77,127.05,10663.9608443
2026-01-24 18:00:00+00:00,127.0,127.43,126.94,127.19,11386.678939299998
2026-01-24 19:00:00+00:00,127.16,127.48,127.02,127.11,10820.287341999998
2026-01-24 20:00:00+00:00,127.12,127.49,127.06,127.1,8547.4986332
2026-01-24 21:00:00+00:00,127.1,127.33,126.9,126.97,7805.80204472
2026-01-24 22:00:00+00:00,126.94,127.65,126.93,127.45,22024.33736047
2026-01-24 23:00:00+00:00,127.44,127.69,126.97,127.02,13516.95392641
2026-01-25 00:00:00+00:00,127.02,127.39,126.64,127.14,18925.596405219985
2026-01-25 01:00:00+00:00,127.13,127.36,126.75,126.94,9486.57526571
2026-01-25 02:00:00+00:00,126.95,127.39,126.73,126.87,7477.222322460001
2026-01-25 03:00:00+00:00,126.88,127.08,126.14,126.45,12249.16269422
2026-01-25 04:00:00+00:00,126.45,126.94,126.32,126.6,16763.83493091999
2026-01-25 05:00:00+00:00,126.6,126.88,126.43,126.73,6530.778677630004
2026-01-25 06:00:00+00:00,126.74,126.86,126.23,126.51,6563.852329989998
2026-01-25 07:00:00+00:00,126.51,126.63,126.17,126.29,8310.4292314
2026-01-25 08:00:00+00:00,126.26,126.81,125.77,126.04,21791.91815654
2026-01-25 09:00:00+00:00,126.05,126.88,125.9,126.5,25296.0997503
2026-01-25 10:00:00+00:00,126.49,127.2,126.41,126.74,8613.359835800002
2026-01-25 11:00:00+00:00,126.77,126.98,126.35,126.57,7592.90864281
2026-01-25 12:00:00+00:00,126.57,127.07,126.38,126.84,14568.452255309998
2026-01-25 13:00:00+00:00,126.82,127.14,126.3,126.79,9510.662235930002
2026-01-25 14:00:00+00:00,126.78,127.0,125.47,125.9,19603.54451255
2026-01-25 15:00:00+00:00,125.9,126.31,125.26,125.39,28068.979313400003
2026-01-25 16:00:00+00:00,125.43,125.49,122.02,122.62,228213.76486754
2026-01-25 17:00:00+00:00,122.63,123.0,121.43,122.06,92643.39052867008
2026-01-25 18:00:00+00:00,122.06,122.3,120.23,121.52,102283.83930203
2026-01-25 19:00:00+00:00,121.51,121.84,117.12,117.85,284735.2052006992
2026-01-25 20:00:00+00:00,117.8,118.65,117.31,118.21,236650.84467547009
2026-01-25 21:00:00+00:00,118.21,118.89,117.5,118.71,153071.41863928008
2026-01-25 22:00:00+00:00,118.7,118.81,117.78,118.3,55545.7257621
2026-01-25 23:00:00+00:00,118.29,119.38,117.18,118.73,152202.8955094298
2026-01-26 00:00:00+00:00,118.73,119.78,118.41,119.5,75149.90867331003
2026-01-26 01:00:00+00:00,119.5,122.77,119.43,122.24,122851.16491571002
2026-01-26 02:00:00+00:00,122.26,122.65,121.13,121.89,58955.16244050998
2026-01-26 03:00:00+00:00,121.88,122.3,120.94,121.39,54571.56542838002
2026-01-26 04:00:00+00:00,121.4,123.53,121.36,122.42,55586.47303386998
2026-01-26 05:00:00+00:00,122.43,122.89,122.24,122.33,39177.40072735999
2026-01-26 06:00:00+00:00,122.32,122.78,121.97,122.34,36929.85126838001
2026-01-26 07:00:00+00:00,122.34,122.99,122.08,122.76,23055.82344914
2026-01-26 08:00:00+00:00,122.76,123.5,122.12,122.57,32284.09083036
2026-01-26 09:00:00+00:00,122.57,122.63,121.63,121.81,31015.65602736
2026-01-26 10:00:00+00:00,121.8,122.72,121.8,122.33,27895.57930234001
2026-01-26 11:00:00+00:00,122.32,122.71,122.26,122.39,18836.10623785
2026-01-26 12:00:00+00:00,122.36,122.99,122.24,122.56,19739.571924370004
2026-01-26 13:00:00+00:00,122.54,123.31,122.41,123.03,24236.96898298
2026-01-26 14:00:00+00:00,123.04,124.46,122.54,123.67,84283.57800853005
2026-01-26 15:00:00+00:00,123.66,125.22,122.93,123.42,136591.80027682983
2026-01-26 16:00:00+00:00,123.41,124.93,123.06,124.17,94180.44048670004
2026-01-26 17:00:00+00:00,124.2,124.75,122.91,124.15,86847.82104139
2026-01-26 18:00:00+00:00,124.16,125.59,123.83,124.79,102186.59283038996
2026-01-26 19:00:00+00:00,124.79,125.13,124.04,124.18,53687.29414925999
2026-01-26 20:00:00+00:00,124.18,124.54,123.27,123.55,64965.401696089975
2026-01-26 21:00:00+00:00,123.53,124.91,123.37,124.38,73686.21866783997
2026-01-26 22:00:00+00:00,124.4,125.0,124.11,124.4,29364.619288060007
2026-01-26 23:00:00+00:00,124.43,124.97,123.96,124.09,37279.93253050998
2026-01-27 00:00:00+00:00,124.08,124.57,123.75,123.95,28913.69208513
2026-01-27 01:00:00+00:00,123.95,124.76,123.54,124.22,60337.70227459002
2026-01-27 02:00:00+00:00,124.22,125.23,124.17,124.88,36766.35601761999
2026-01-27 03:00:00+00:00,124.9,125.26,124.22,124.36,49227.10486119003
2026-01-27 04:00:00+00:00,124.37,125.23,124.1,124.26,25432.548266890008
2026-01-27 05:00:00+00:00,124.26,124.62,123.97,124.3,19788.07306848001
2026-01-27 06:00:00+00:00,124.31,124.77,123.84,124.06,11370.378618670002
2026-01-27 07:00:00+00:00,124.05,124.72,123.93,124.38,17332.593186899994
2026-01-27 08:00:00+00:00,124.59,124.9,123.85,123.91,17316.58401025
2026-01-27 09:00:00+00:00,123.89,124.13,123.39,123.59,24947.61785793
2026-01-27 10:00:00+00:00,123.58,124.18,123.5,123.53,14035.41359313
2026-01-27 11:00:00+00:00,123.54,124.34,123.45,123.96,8951.23484293
2026-01-27 12:00:00+00:00,123.96,124.41,123.64,123.7,24894.3967627
2026-01-27 13:00:00+00:00,123.72,123.91,122.93,123.03,17273.086986489994
2026-01-27 14:00:00+00:00,123.02,124.6,123.02,123.48,52404.73809359
2026-01-27 15:00:00+00:00,123.49,125.06,123.26,124.84,50185.736790960014
2026-01-27 16:00:00+00:00,124.84,126.85,124.82,126.18,110788.90881089996
2026-01-27 17:00:00+00:00,126.19,126.3,123.4,123.89,90325.58327407997
2026-01-27 18:00:00+00:00,123.91,126.37,123.68,125.65,56090.31553459
2026-01-27 19:00:00+00:00,125.67,126.36,125.23,125.96,32427.025934900004
2026-01-27 20:00:00+00:00,125.94,127.6,125.56,127.21,69533.75848112997
2026-01-27 21:00:00+00:00,127.21,127.91,126.77,126.91,64630.529688080045
2026-01-27 22:00:00+00:00,126.91,127.82,126.82,127.47,27462.02939845001
2026-01-27 23:00:00+00:00,127.46,127.68,126.95,127.02,24738.64247484
2026-01-28 00:00:00+00:00,127.03,127.28,126.48,127.09,41877.207767060005
2026-01-28 01:00:00+00:00,127.08,127.46,126.5,126.92,26377.275642410004
2026-01-28 02:00:00+00:00,126.92,127.34,126.54,126.9,16165.244002490002
2026-01-28 03:00:00+00:00,126.92,127.22,126.54,126.78,18045.90378884
2026-01-28 04:00:00+00:00,126.8,127.0,126.28,126.65,19367.04245884
2026-01-28 05:00:00+00:00,126.64,126.98,126.29,126.57,13630.028465459996
2026-01-28 06:00:00+00:00,126.57,127.52,126.57,127.23,23669.66531865999
2026-01-28 07:00:00+00:00,127.23,127.51,126.78,126.91,16014.489475690005
2026-01-28 08:00:00+00:00,126.92,127.27,126.48,126.53,15341.282866219995
2026-01-28 09:00:00+00:00,126.51,127.61,125.8,127.42,40238.66505623999
2026-01-28 10:00:00+00:00,127.42,128.06,127.11,127.14,25846.56405331999
2026-01-28 11:00:00+00:00,127.16,128.33,127.0,128.0,38181.10154831001
2026-01-28 12:00:00+00:00,127.99,128.23,126.85,127.08,41426.99496063002
2026-01-28 13:00:00+00:00,127.08,127.84,126.7,127.16,49136.90405691001
2026-01-28 14:00:00+00:00,127.16,127.35,126.25,126.69,48703.42291146
2026-01-28 15:00:00+00:00,126.69,127.16,125.32,125.91,53899.37434513
2026-01-28 16:00:00+00:00,125.92,126.65,125.41,125.91,40844.25613240998
2026-01-28 17:00:00+00:00,125.92,127.02,125.05,126.37,44083.49651240001
2026-01-28 18:00:00+00:00,126.37,126.52,125.51,125.91,35634.47275000999
2026-01-28 19:00:00+00:00,125.9,126.66,125.16,125.82,83323.18080200003
2026-01-28 20:00:00+00:00,125.81,126.67,125.14,125.27,64631.31834792001
2026-01-28 21:00:00+00:00,125.25,125.84,124.59,125.31,73882.17058972998
2026-01-28 22:00:00+00:00,125.28,125.81,124.97,125.55,28849.27352069
2026-01-28 23:00:00+00:00,125.54,125.77,124.88,125.16,45678.43312076001
2026-01-29 00:00:00+00:00,125.16,125.47,124.4,124.93,27641.867032179995
2026-01-29 01:00:00+00:00,124.95,125.23,123.94,124.14,95458.39406458972
2026-01-29 02:00:00+00:00,124.18,124.74,122.94,123.35,83984.59242351001
2026-01-29 03:00:00+00:00,123.35,123.69,122.37,122.88,138357.67981278992
2026-01-29 04:00:00+00:00,122.87,123.47,122.29,123.23,37181.47623886999
2026-01-29 05:00:00+00:00,123.25,123.76,122.96,123.06,22791.61391957
2026-01-29 06:00:00+00:00,123.08,123.66,122.91,123.51,15296.52073436
2026-01-29 07:00:00+00:00,123.65,123.93,123.46,123.59,14842.895215860002
2026-01-29 08:00:00+00:00,123.59,123.9,122.99,123.1,21476.096627730007
2026-01-29 09:00:00+00:00,123.1,123.35,122.79,122.84,14971.858248709996
2026-01-29 10:00:00+00:00,122.86,123.3,122.7,123.04,14590.444954349996
2026-01-29 11:00:00+00:00,123.04,123.3,122.5,122.56,33238.04236326
2026-01-29 12:00:00+00:00,122.57,123.19,122.24,122.65,21773.704455050003
2026-01-29 13:00:00+00:00,122.66,123.16,122.47,122.72,41493.01424547001
2026-01-29 14:00:00+00:00,122.69,123.08,120.12,120.16,154051.08702225002
2026-01-29 15:00:00+00:00,120.15,120.4,115.93,117.5,355808.34179886995
2026-01-29 16:00:00+00:00,117.47,118.97,116.59,118.78,203621.29669390005
2026-01-29 17:00:00+00:00,118.79,119.87,117.53,117.76,144842.32246204003
2026-01-29 18:00:00+00:00,117.75,118.08,115.17,115.58,189283.20255764003
2026-01-29 19:00:00+00:00,115.57,117.11,115.23,116.62,149678.05982313002
2026-01-29 20:00:00+00:00,116.62,117.4,116.32,116.75,90760.94687973004
2026-01-29 21:00:00+00:00,116.76,117.64,116.7,117.26,50919.88226991001
2026-01-29 22:00:00+00:00,117.27,117.77,117.13,117.4,28988.18130409001
2026-01-29 23:00:00+00:00,117.4,117.91,117.08,117.61,35443.68713691998
2026-01-30 00:00:00+00:00,117.62,118.15,117.31,117.44,30794.20059872
2026-01-30 01:00:00+00:00,117.44,117.92,111.79,115.05,232705.10710758
2026-01-30 02:00:00+00:00,115.05,115.36,112.65,113.94,197903.72713469013
2026-01-30 03:00:00+00:00,113.91,114.67,113.0,114.25,102449.95435251
2026-01-30 04:00:00+00:00,114.25,115.88,114.1,115.4,63870.816338130026
2026-01-30 05:00:00+00:00,115.39,116.14,115.23,115.28,47587.52546132003
2026-01-30 06:00:00+00:00,115.29,115.51,112.82,113.68,71981.71779419002
2026-01-30 07:00:00+00:00,113.67,116.16,113.67,115.6,76756.52128871005
2026-01-30 08:00:00+00:00,115.59,116.24,114.92,115.18,61927.87700174999
2026-01-30 09:00:00+00:00,115.18,116.08,114.44,115.19,89192.56451014003
2026-01-30 10:00:00+00:00,115.18,116.05,114.9,115.73,33573.02673219999
2026-01-30 11:00:00+00:00,115.72,117.31,115.58,116.87,40886.32919606002
2026-01-30 12:00:00+00:00,116.88,117.36,115.76,116.07,56639.12725592
2026-01-30 13:00:00+00:00,116.09,116.43,115.05,115.61,56776.84101807995
2026-01-30 14:00:00+00:00,115.62,117.71,115.6,116.18,93095.0587865601
2026-01-30 15:00:00+00:00,116.17,117.22,114.33,116.66,262423.6353671502
2026-01-30 16:00:00+00:00,116.63,118.11,116.01,116.96,125992.47635542005
2026-01-30 17:00:00+00:00,116.96,117.79,116.36,116.47,66864.79059761002
2026-01-30 18:00:00+00:00,116.45,118.57,114.1,117.91,186251.66599653004
2026-01-30 19:00:00+00:00,117.9,119.1,117.9,118.11,211297.2074051402
2026-01-30 20:00:00+00:00,118.12,118.38,116.32,116.81,153147.49309609013
2026-01-30 21:00:00+00:00,116.8,117.93,116.65,117.32,76486.52329595006
2026-01-30 22:00:00+00:00,117.19,117.5,116.34,117.22,36687.5131115
2026-01-30 23:00:00+00:00,117.22,117.57,116.71,117.42,32105.367629169992
2026-01-31 00:00:00+00:00,117.43,117.95,117.21,117.37,75402.83992943002
2026-01-31 01:00:00+00:00,117.39,118.32,117.37,117.99,78057.41590608002
2026-01-31 02:00:00+00:00,118.0,118.54,117.42,118.14,81457.41777076003
2026-01-31 03:00:00+00:00,118.13,118.64,118.0,118.21,50485.60882637998
2026-01-31 04:00:00+00:00,118.21,118.86,118.1,118.27,58456.10070489999
2026-01-31 05:00:00+00:00,118.25,118.76,117.82,118.45,63021.46328534003
2026-01-31 06:00:00+00:00,118.43,118.81,117.71,118.38,70932.61724696003
2026-01-31 07:00:00+00:00,118.38,118.62,117.03,117.19,97557.64932742002
2026-01-31 08:00:00+00:00,117.2,117.53,113.88,115.44,207174.89715334
2026-01-31 09:00:00+00:00,115.45,116.82,115.22,116.19,88461.94279482003
2026-01-31 10:00:00+00:00,116.19,116.98,115.87,116.62,66572.49113883
2026-01-31 11:00:00+00:00,116.62,116.82,115.78,115.86,57316.77832980999
2026-01-31 12:00:00+00:00,115.87,116.27,114.84,115.0,54553.20122214002
2026-01-31 13:00:00+00:00,115.0,115.28,113.46,113.99,58360.385677220016
2026-01-31 14:00:00+00:00,113.98,114.49,108.05,108.98,382129.9151026199
2026-01-31 15:00:00+00:00,108.97,110.19,108.23,108.5,178855.76857967002
2026-01-31 16:00:00+00:00,108.5,109.91,105.46,106.11,330598.4981115403
2026-01-31 17:00:00+00:00,106.12,106.74,100.29,103.17,522574.7211385708
2026-01-31 18:00:00+00:00,103.15,103.92,96.43,101.84,488678.4859363594
2026-01-31 19:00:00+00:00,101.83,103.49,101.35,101.62,376660.8561797999
2026-01-31 20:00:00+00:00,101.63,102.63,100.28,101.84,201969.03191376003
2026-01-31 21:00:00+00:00,101.86,103.97,101.22,103.38,278067.5454378799
2026-01-31 22:00:00+00:00,103.39,104.41,103.16,103.99,135227.98713319
2026-01-31 23:00:00+00:00,103.98,106.62,103.72,105.44,208547.25695041008
2026-02-01 00:00:00+00:00,105.44,106.48,105.19,105.57,72430.51388242996
2026-02-01 01:00:00+00:00,105.56,105.86,104.1,104.9,81133.24156985
2026-02-01 02:00:00+00:00,104.87,106.01,104.66,105.45,57469.5069942
2026-02-01 03:00:00+00:00,105.45,105.72,104.41,104.86,53361.64905470002
2026-02-01 04:00:00+00:00,104.86,105.58,104.67,105.07,58007.00212319001
2026-02-01 05:00:00+00:00,105.09,105.76,104.37,104.56,47125.05658638001
2026-02-01 06:00:00+00:00,104.57,105.51,104.4,104.96,50500.44673114002
2026-02-01 07:00:00+00:00,104.96,106.08,103.81,105.07,86792.63694693003
2026-02-01 08:00:00+00:00,105.07,106.12,104.64,105.42,29745.0051189
2026-02-01 09:00:00+00:00,105.41,106.01,104.86,105.67,29367.57107417
2026-02-01 10:00:00+00:00,105.68,105.93,103.41,103.65,68756.27340685998
2026-02-01 11:00:00+00:00,103.65,105.48,103.64,104.97,59081.18366229999
2026-02-01 12:00:00+00:00,104.95,105.22,104.0,104.94,49798.63315757999
2026-02-01 13:00:00+00:00,104.96,106.72,103.99,104.34,109481.63692861008
2026-02-01 14:00:00+00:00,104.35,104.83,101.64,102.86,269365.67162447027
2026-02-01 15:00:00+00:00,102.85,103.02,100.12,101.62,171858.3928960201
2026-02-01 16:00:00+00:00,101.62,102.9,100.79,101.63,148394.47977948005
2026-02-01 17:00:00+00:00,101.63,102.56,101.04,102.36,78960.46662738001
2026-02-01 18:00:00+00:00,102.37,104.27,102.32,103.36,145560.54579277008
2026-02-01 19:00:00+00:00,103.37,103.81,101.46,101.85,83315.00672393
2026-02-01 20:00:00+00:00,101.83,102.85,100.1,101.48,166600.31946435
2026-02-01 21:00:00+00:00,101.47,101.78,100.04,100.75,135894.41832790998
2026-02-01 22:00:00+00:00,100.76,102.89,100.69,101.67,80308.15495981999
2026-02-01 23:00:00+00:00,101.67,102.02,97.842,100.66,341700.08570837
2026-02-02 00:00:00+00:00,100.67,102.96,99.58,102.17,194479.18760883991
2026-02-02 01:00:00+00:00,102.19,103.21,100.3,102.01,143824.77845426
2026-02-02 02:00:00+00:00,102.01,102.79,100.47,100.67,111546.71953474997
2026-02-02 03:00:00+00:00,100.65,100.95,95.81,99.96,498244.2331571298
2026-02-02 04:00:00+00:00,99.95,101.97,98.55,100.19,127209.05474908004
2026-02-02 05:00:00+00:00,100.19,100.61,97.56,98.16,128998.29902719003
2026-02-02 06:00:00+00:00,98.18,101.54,97.03,100.58,221589.47188506983
2026-02-02 07:00:00+00:00,100.59,102.52,100.34,101.32,244410.32061534983
2026-02-02 08:00:00+00:00,101.31,102.59,101.28,101.59,95672.47521212
2026-02-02 09:00:00+00:00,101.58,103.3,101.29,102.69,103867.85210009
2026-02-02 10:00:00+00:00,102.69,103.59,102.47,102.78,71636.70957613998
2026-02-02 11:00:00+00:00,102.79,103.55,102.55,102.67,69937.10973062001
2026-02-02 12:00:00+00:00,102.67,103.88,102.67,103.22,69348.73801997004
2026-02-02 13:00:00+00:00,103.2,103.81,102.73,103.24,87200.00418524999
2026-02-02 14:00:00+00:00,103.24,105.26,102.3,103.88,291688.02611453
2026-02-02 15:00:00+00:00,103.88,106.23,103.47,104.64,271165.64450732
2026-02-02 16:00:00+00:00,104.62,105.86,104.19,104.92,134705.84653712998
2026-02-02 17:00:00+00:00,104.93,105.72,104.41,104.74,99504.34596254
2026-02-02 18:00:00+00:00,104.75,105.12,103.8,104.65,125686.06133568994
2026-02-02 19:00:00+00:00,104.64,104.96,103.41,104.06,150966.32418066997
2026-02-02 20:00:00+00:00,104.06,104.38,103.22,103.75,161913.14553492013
2026-02-02 21:00:00+00:00,103.75,105.12,103.71,104.75,70484.20531902995
2026-02-02 22:00:00+00:00,104.75,105.31,104.49,104.93,56318.01809997005
2026-02-02 23:00:00+00:00,104.93,105.17,104.32,104.46,35241.21323328999
2026-02-03 00:00:00+00:00,104.45,104.77,103.6,104.09,54474.63809136001
2026-02-03 01:00:00+00:00,104.09,104.48,103.44,104.3,33028.22692630998
2026-02-03 02:00:00+00:00,104.27,104.35,102.22,102.33,53450.49053077999
2026-02-03 03:00:00+00:00,102.33,104.49,102.08,104.06,80821.85293297
2026-02-03 04:00:00+00:00,104.06,105.15,103.76,104.58,35289.72195991002
2026-02-03 05:00:00+00:00,104.58,104.7,103.55,103.61,40839.459914380015
2026-02-03 06:00:00+00:00,103.62,104.18,102.86,103.89,54215.74644296996
2026-02-03 07:00:00+00:00,103.88,105.0,103.67,104.61,36978.06403616001
2026-02-03 08:00:00+00:00,104.61,105.1,103.96,104.02,51936.79986359005
2026-02-03 09:00:00+00:00,104.02,104.29,102.47,103.05,100017.37785528004
2026-02-03 10:00:00+00:00,103.05,103.42,102.4,102.82,28958.050960690016
2026-02-03 11:00:00+00:00,102.82,103.5,102.74,102.91,34638.68289833001
2026-02-03 12:00:00+00:00,102.94,103.46,102.41,103.03,29361.97341073
2026-02-03 13:00:00+00:00,103.21,103.66,102.66,103.32,50354.92408004999
2026-02-03 14:00:00+00:00,103.3,103.7,100.64,100.75,195253.33944291
2026-02-03 15:00:00+00:00,100.72,102.84,100.25,102.45,195415.06451133
2026-02-03 16:00:00+00:00,102.45,102.54,99.84,100.64,284651.82498943
2026-02-03 17:00:00+00:00,100.64,101.05,98.86,99.01,144997.27481397003
2026-02-03 18:00:00+00:00,98.99,99.51,96.51,96.73,365216.92759425
2026-02-03 19:00:00+00:00,96.73,100.21,96.59,98.87,366375.66951370006
2026-02-03 20:00:00+00:00,98.89,102.21,98.17,101.04,248532.21252105024
2026-02-03 21:00:00+00:00,101.03,101.95,99.87,100.06,114423.48430024994
2026-02-03 22:00:00+00:00,100.08,100.44,98.02,98.34,82641.53742993998
2026-02-03 23:00:00+00:00,98.34,98.71,97.09,97.75,134341.09213035993
2026-02-04 00:00:00+00:00,97.74,98.94,97.03,97.85,78034.30169492993
2026-02-04 01:00:00+00:00,97.85,99.77,97.85,98.97,91515.02264200992
2026-02-04 02:00:00+00:00,99.0,99.33,97.25,97.8,66590.86586497
2026-02-04 03:00:00+00:00,97.78,99.736,97.77,99.0,82519.68757648
2026-02-04 04:00:00+00:00,98.99,99.46,97.93,97.97,48723.42616086002
2026-02-04 05:00:00+00:00,97.97,98.566,96.37,96.9,110781.82611319
2026-02-04 06:00:00+00:00,96.9,98.89,96.67,98.11,114827.1698992599
2026-02-04 07:00:00+00:00,98.12,98.35,97.27,97.78,59525.68461886001
2026-02-04 08:00:00+00:00,97.78,98.05,96.67,97.6,60577.33295979998
2026-02-04 09:00:00+00:00,97.6,97.851,96.55,97.02,85597.45893061996
2026-02-04 10:00:00+00:00,97.02,97.36,96.62,96.89,27686.59448486
2026-02-04 11:00:00+00:00,96.89,97.159,94.6,95.97,215544.62554637008
2026-02-04 12:00:00+00:00,95.99,96.81,95.72,96.34,60609.89184709997
2026-02-04 13:00:00+00:00,96.34,96.511,94.01,94.25,138032.25146310002
2026-02-04 14:00:00+00:00,94.24,95.05,92.81,92.99,469884.10742458
2026-02-04 15:00:00+00:00,92.98,94.152,91.17,92.66,382564.37999616034
2026-02-04 16:00:00+00:00,92.66,93.08,90.78,91.82,357215.52416935004
2026-02-04 17:00:00+00:00,91.83,92.647,89.73,91.24,498443.6883024201
2026-02-04 18:00:00+00:00,91.26,93.375,90.15,92.12,301447.32092398003
2026-02-04 19:00:00+00:00,92.11,94.841,92.07,94.18,392970.9189604098
2026-02-04 20:00:00+00:00,94.17,94.6,92.79,93.05,154062.27022004
2026-02-04 21:00:00+00:00,93.09,93.4,90.5,91.12,192605.32059380985
2026-02-04 22:00:00+00:00,91.13,92.979,89.05,90.62,229696.09578554
2026-02-04 23:00:00+00:00,90.61,93.009,90.05,91.92,198340.70630123
2026-02-05 00:00:00+00:00,91.91,92.83,91.18,91.54,91931.85240800996
2026-02-05 01:00:00+00:00,91.54,93.01,90.32,91.72,147163.41340383
2026-02-05 02:00:00+00:00,91.73,92.86,90.5,90.74,171248.65529573994
2026-02-05 03:00:00+00:00,90.74,91.845,90.04,90.96,149352.74561585995
2026-02-05 04:00:00+00:00,90.98,92.106,90.14,90.95,179770.85336476
2026-02-05 05:00:00+00:00,90.94,92.353,89.74,90.98,296118.1944421198
2026-02-05 06:00:00+00:00,90.98,91.38,89.51,90.03,128685.99219001996
2026-02-05 07:00:00+00:00,90.02,91.834,89.94,90.35,82681.41408583998
2026-02-05 08:00:00+00:00,90.36,92.525,90.35,91.58,60380.861799640006
2026-02-05 09:00:00+00:00,91.59,93.42,91.56,92.35,94424.81616398004
2026-02-05 10:00:00+00:00,92.35,92.789,89.66,90.14,89534.63731458
2026-02-05 11:00:00+00:00,90.13,90.96,88.5,89.82,262983.31388584006
2026-02-05 12:00:00+00:00,89.83,90.895,88.54,89.34,211440.68078509983
2026-02-05 13:00:00+00:00,89.33,90.111,88.02,88.3,165220.52173526
2026-02-05 14:00:00+00:00,88.3,91.419,88.19,88.47,314502.37245964044
2026-02-05 15:00:00+00:00,88.45,89.053,83.25,84.47,887642.9457991602
2026-02-05 16:00:00+00:00,84.47,86.296,83.4,85.38,644170.8676251394
2026-02-05 17:00:00+00:00,85.38,85.814,82.17,82.52,609815.0373208398
2026-02-05 18:00:00+00:00,82.55,83.379,81.06,82.79,401693.9768317499
2026-02-05 19:00:00+00:00,82.79,83.39,81.23,81.51,291995.43600119994
2026-02-05 20:00:00+00:00,81.51,82.35,77.48,78.67,811076.483011159
2026-02-05 21:00:00+00:00,78.66,81.21,78.22,78.85,583192.9866476798
2026-02-05 22:00:00+00:00,78.85,80.667,77.42,79.66,549461.7054937402
2026-02-05 23:00:00+00:00,79.67,81.68,77.93,78.19,471866.3577889101
2026-02-06 00:00:00+00:00,78.19,78.858,67.4,75.38,1585002.895090053
2026-02-06 01:00:00+00:00,75.38,79.868,75.36,79.47,563258.8990180403
2026-02-06 02:00:00+00:00,79.47,80.37,76.29,76.86,476137.9417769203
2026-02-06 03:00:00+00:00,76.86,77.511,75.62,76.62,202344.42655026013
2026-02-06 04:00:00+00:00,76.63,78.109,76.13,77.68,240252.76309462
2026-02-06 05:00:00+00:00,77.67,81.67,77.49,81.05,297724.6640629801
2026-02-06 06:00:00+00:00,81.08,81.657,79.3,79.4,243628.82769659016
2026-02-06 07:00:00+00:00,79.4,80.625,78.64,79.48,248562.77683258
2026-02-06 08:00:00+00:00,79.49,80.32,78.59,78.96,147442.4278078701
2026-02-06 09:00:00+00:00,78.96,81.753,78.83,81.22,167269.79468181002
2026-02-06 10:00:00+00:00,81.22,82.085,80.62,80.7,121798.19233648996
2026-02-06 11:00:00+00:00,80.69,81.793,80.34,81.27,121750.23062312996
2026-02-06 12:00:00+00:00,81.29,82.01,80.75,81.81,154974.66642005002
2026-02-06 13:00:00+00:00,81.81,83.895,81.58,83.03,327434.3202712502
2026-02-06 14:00:00+00:00,83.04,85.284,81.84,84.14,480763.24016694026
2026-02-06 15:00:00+00:00,84.15,85.077,83.32,84.45,478297.2399510701
2026-02-06 16:00:00+00:00,84.43,87.261,83.66,86.69,406474.9313509403
2026-02-06 17:00:00+00:00,86.73,88.752,86.14,86.66,407181.6394059901
2026-02-06 18:00:00+00:00,86.68,86.9,85.17,86.06,308787.50784397003
2026-02-06 19:00:00+00:00,86.09,87.448,85.47,86.99,313610.01167775993
2026-02-06 20:00:00+00:00,87.01,88.08,86.54,86.83,278976.3543419
2026-02-06 21:00:00+00:00,86.84,88.28,86.51,87.99,165260.61766560993
2026-02-06 22:00:00+00:00,87.99,89.931,87.87,89.11,216521.34938164995
2026-02-06 23:00:00+00:00,89.1,89.704,87.29,87.42,154475.25550149998
2026-02-07 00:00:00+00:00,87.38,87.49,86.04,86.5,140845.51993937997
2026-02-07 01:00:00+00:00,86.49,87.54,85.84,87.19,82453.93902354
2026-02-07 02:00:00+00:00,87.07,87.643,86.75,87.28,67206.31662998
2026-02-07 03:00:00+00:00,87.29,88.469,87.18,88.03,94524.76778649
2026-02-07 04:00:00+00:00,88.05,89.12,87.21,87.83,157551.67455723
2026-02-07 05:00:00+00:00,87.69,88.707,87.5,87.76,73686.74399597001
2026-02-07 06:00:00+00:00,87.75,88.293,86.12,86.22,91301.55959746998
2026-02-07 07:00:00+00:00,86.22,86.7,84.12,85.23,241834.6482825401
2026-02-07 08:00:00+00:00,85.27,85.78,84.7,85.31,68834.65389380998
2026-02-07 09:00:00+00:00,85.31,85.81,84.77,85.19,52290.68495174999
2026-02-07 10:00:00+00:00,85.17,85.552,84.46,84.94,66904.87801116
2026-02-07 11:00:00+00:00,84.93,85.259,84.53,84.83,48550.71021111
2026-02-07 12:00:00+00:00,84.87,87.224,84.77,86.15,136543.51490961
2026-02-07 13:00:00+00:00,86.15,86.68,85.47,86.05,65789.92629478998
2026-02-07 14:00:00+00:00,86.23,86.679,85.4,85.65,155012.52159593996
2026-02-07 15:00:00+00:00,85.68,87.01,85.54,86.65,107921.06046897
2026-02-07 16:00:00+00:00,86.48,88.219,86.1,86.98,342567.43250947946
2026-02-07 17:00:00+00:00,86.99,87.769,86.39,87.6,42560.082888640005
2026-02-07 18:00:00+00:00,87.59,89.25,87.39,88.65,89810.15688533997
2026-02-07 19:00:00+00:00,88.65,88.86,87.93,88.25,107804.79919637006
2026-02-07 20:00:00+00:00,88.22,89.25,87.95,88.85,78969.07922594
2026-02-07 21:00:00+00:00,88.85,89.24,88.07,88.17,56215.95291181001
2026-02-07 22:00:00+00:00,88.18,88.83,88.12,88.22,52719.28974089002
2026-02-07 23:00:00+00:00,88.23,88.384,86.81,87.54,119093.56197512009
2026-02-08 00:00:00+00:00,87.55,87.7,87.02,87.29,44199.01633872999
2026-02-08 01:00:00+00:00,87.29,88.061,87.25,87.82,43429.7409452
2026-02-08 02:00:00+00:00,87.84,88.287,86.88,87.22,48435.79773828999
2026-02-08 03:00:00+00:00,87.23,87.621,86.64,86.76,28380.72134302999
2026-02-08 04:00:00+00:00,86.76,87.489,86.55,87.34,32944.283409579984
2026-02-08 05:00:00+00:00,87.33,87.601,86.99,87.23,65697.35184744
2026-02-08 06:00:00+00:00,87.24,87.6,86.88,87.1,19429.648720050005
2026-02-08 07:00:00+00:00,87.1,87.461,86.62,87.35,45609.20184667
2026-02-08 08:00:00+00:00,87.34,88.893,86.87,88.56,100822.19811324998
2026-02-08 09:00:00+00:00,88.55,89.017,87.46,87.53,41798.35011496999
2026-02-08 10:00:00+00:00,87.67,88.191,86.37,86.82,69924.69590504
2026-02-08 11:00:00+00:00,86.79,88.355,86.69,88.17,56797.82409955
2026-02-08 12:00:00+00:00,88.19,88.4,87.62,88.1,39838.36059439
2026-02-08 13:00:00+00:00,88.09,88.91,87.71,88.51,96161.82148556
2026-02-08 14:00:00+00:00,88.52,88.81,87.95,88.39,40734.92466283999
2026-02-08 15:00:00+00:00,88.39,88.846,87.29,87.72,61799.14580718
2026-02-08 16:00:00+00:00,87.73,87.95,85.7,86.17,98822.89775264
2026-02-08 17:00:00+00:00,86.15,87.123,86.12,86.89,54951.39310867001
2026-02-08 18:00:00+00:00,86.89,88.64,86.87,87.78,74908.85206456002
2026-02-08 19:00:00+00:00,87.78,88.658,87.7,88.33,56207.56995631
2026-02-08 20:00:00+00:00,88.36,88.391,86.7,86.84,55145.01664975001
2026-02-08 21:00:00+00:00,86.84,87.397,86.19,86.56,61113.27056458999
2026-02-08 22:00:00+00:00,86.56,87.29,86.39,87.08,53009.54264410999
2026-02-08 23:00:00+00:00,87.07,89.096,86.01,86.92,225909.4352829301
2026-02-09 00:00:00+00:00,86.93,87.497,86.33,87.01,63254.54481557
2026-02-09 01:00:00+00:00,87.0,88.031,85.77,86.36,152006.01442176005
2026-02-09 02:00:00+00:00,86.37,87.91,86.14,86.95,68071.02611227002
2026-02-09 03:00:00+00:00,86.96,87.959,86.73,87.6,46968.45267255
2026-02-09 04:00:00+00:00,87.6,87.741,86.89,87.04,38678.07820429999
2026-02-09 05:00:00+00:00,87.05,87.515,86.78,87.19,42248.233046420006
2026-02-09 06:00:00+00:00,87.2,87.232,85.88,86.39,103986.80196259
2026-02-09 07:00:00+00:00,86.39,86.632,85.11,85.42,98592.74695292
2026-02-09 08:00:00+00:00,85.44,85.67,83.79,84.5,164909.33819418997
2026-02-09 09:00:00+00:00,84.51,84.96,83.88,84.26,44324.24403217
2026-02-09 10:00:00+00:00,84.25,84.52,82.77,83.14,102325.06600927997
2026-02-09 11:00:00+00:00,83.14,83.75,83.14,83.37,42310.8343368
2026-02-09 12:00:00+00:00,83.41,84.389,83.37,83.99,51577.77035891001
2026-02-09 13:00:00+00:00,83.99,84.59,83.67,83.69,68735.87662712006
2026-02-09 14:00:00+00:00,83.68,85.2,83.49,84.9,157772.11084383007
2026-02-09 15:00:00+00:00,84.89,85.854,84.26,85.23,153985.35947516997
2026-02-09 16:00:00+00:00,85.26,86.93,84.76,86.05,124984.54960665008
2026-02-09 17:00:00+00:00,86.06,88.12,85.6,87.74,166753.62654525004
2026-02-09 18:00:00+00:00,87.72,88.729,87.0,87.45,166875.26201337008
2026-02-09 19:00:00+00:00,87.47,88.304,87.1,87.91,84208.41789259996
2026-02-09 20:00:00+00:00,87.93,88.37,87.18,87.72,116607.33837232
2026-02-09 21:00:00+00:00,87.76,87.89,86.48,87.28,82695.27385237004
2026-02-09 22:00:00+00:00,87.3,87.66,86.91,87.06,58450.77203112999
2026-02-09 23:00:00+00:00,87.07,87.45,86.6,86.72,35662.88628017999
2026-02-10 00:00:00+00:00,86.73,86.96,86.24,86.34,43948.49926962997
2026-02-10 01:00:00+00:00,86.34,87.53,86.33,87.23,48689.55846712999
2026-02-10 02:00:00+00:00,87.22,87.37,86.36,86.6,46024.34150485
2026-02-10 03:00:00+00:00,86.62,86.894,85.21,85.78,69607.00070033995
2026-02-10 04:00:00+00:00,85.79,86.68,85.72,86.49,43864.63434785999
2026-02-10 05:00:00+00:00,86.48,86.624,85.55,85.88,25673.082394620007
2026-02-10 06:00:00+00:00,85.89,86.08,84.23,84.54,74400.53502007999
2026-02-10 07:00:00+00:00,84.54,85.158,84.35,84.54,62036.49338147999
2026-02-10 08:00:00+00:00,84.55,84.91,84.09,84.58,35608.05804384
2026-02-10 09:00:00+00:00,84.682,85.09,84.22,84.49,34353.79256101003
2026-02-10 10:00:00+00:00,84.51,84.758,84.12,84.15,26077.21237652
2026-02-10 11:00:00+00:00,84.15,84.618,83.69,83.79,54298.12801613999
2026-02-10 12:00:00+00:00,83.78,84.366,83.61,83.89,51192.64807594999
2026-02-10 13:00:00+00:00,83.88,84.81,83.61,84.6,58414.67992292002
2026-02-10 14:00:00+00:00,84.59,85.25,83.14,83.67,178408.99620209992
2026-02-10 15:00:00+00:00,83.66,84.56,83.37,84.25,110916.54969961998
2026-02-10 16:00:00+00:00,84.24,84.97,83.71,84.43,90593.50867974995
2026-02-10 17:00:00+00:00,84.4,85.202,84.1,84.87,82239.40832755002
2026-02-10 18:00:00+00:00,84.88,85.052,82.69,82.89,137472.52388741993
2026-02-10 19:00:00+00:00,82.88,83.57,82.4,83.04,110466.58166807002
2026-02-10 20:00:00+00:00,83.04,83.31,82.23,82.56,116487.28324373
2026-02-10 21:00:00+00:00,82.57,82.99,81.84,82.41,93973.89511979
2026-02-10 22:00:00+00:00,82.41,83.035,82.3,82.53,45742.561120310005
2026-02-10 23:00:00+00:00,82.53,83.08,82.3,82.95,56320.62337004001
2026-02-11 00:00:00+00:00,82.96,83.78,82.88,83.42,50729.74618704003
2026-02-11 01:00:00+00:00,83.42,83.84,83.12,83.71,33397.10176823001
2026-02-11 02:00:00+00:00,83.71,84.47,83.48,83.5,79462.59866911
2026-02-11 03:00:00+00:00,83.53,83.93,82.54,83.28,99859.09731051
2026-02-11 04:00:00+00:00,83.28,83.6,81.64,81.91,140821.62424242008
2026-02-11 05:00:00+00:00,81.92,82.45,81.67,81.84,67525.99225816001
2026-02-11 06:00:00+00:00,81.84,82.019,80.5,80.8,139342.14876358997
2026-02-11 07:00:00+00:00,80.8,81.37,80.2,80.95,84216.43879636998
2026-02-11 08:00:00+00:00,80.98,81.27,80.5,81.04,37366.89569442
2026-02-11 09:00:00+00:00,81.04,81.34,80.61,80.75,45909.80198980001
2026-02-11 10:00:00+00:00,80.77,81.06,80.34,80.66,31119.722444020008
2026-02-11 11:00:00+00:00,80.65,81.529,80.61,81.21,46522.50227796998
2026-02-11 12:00:00+00:00,81.23,81.56,80.9,81.14,66019.34098329998
2026-02-11 13:00:00+00:00,81.14,81.909,80.6,81.6,131598.67185590992
2026-02-11 14:00:00+00:00,81.6,83.177,79.71,79.91,289452.20983610005
2026-02-11 15:00:00+00:00,79.92,80.372,78.51,79.68,337073.1572408701
2026-02-11 16:00:00+00:00,79.67,80.991,78.65,78.69,178298.1917622399
2026-02-11 17:00:00+00:00,78.71,80.119,78.0,78.95,189018.81677097004
2026-02-11 18:00:00+00:00,78.97,80.085,78.47,79.77,102482.8961148
2026-02-11 19:00:00+00:00,79.76,80.441,79.26,79.68,94117.07542939998
2026-02-11 20:00:00+00:00,79.68,80.07,78.93,79.58,80419.56246093995
2026-02-11 21:00:00+00:00,79.61,81.175,79.59,80.1,168298.42172547994
2026-02-11 22:00:00+00:00,80.13,80.31,79.41,79.44,45935.08139922999
2026-02-11 23:00:00+00:00,79.46,79.81,78.79,79.23,96821.16184759002
2026-02-12 00:00:00+00:00,79.26,80.283,79.22,79.92,43189.99106828
2026-02-12 01:00:00+00:00,79.93,80.851,79.93,80.37,111080.0806520999
2026-02-12 02:00:00+00:00,80.36,80.8,79.88,80.28,73698.49140995997
2026-02-12 03:00:00+00:00,80.28,80.73,80.03,80.57,40231.50405264999
2026-02-12 04:00:00+00:00,80.57,81.019,80.23,80.26,66806.61416455
2026-02-12 05:00:00+00:00,80.26,80.67,79.37,80.52,167330.57351110992
2026-02-12 06:00:00+00:00,80.53,81.06,80.29,80.5,33101.16673052001
2026-02-12 07:00:00+00:00,80.5,80.99,80.21,80.72,21967.81778221001
2026-02-12 08:00:00+00:00,80.71,80.98,80.26,80.72,27478.170005370008
2026-02-12 09:00:00+00:00,80.7,81.94,80.52,81.74,78622.56414093002
2026-02-12 10:00:00+00:00,81.74,82.269,81.3,82.12,57968.609510839975
2026-02-12 11:00:00+00:00,82.13,82.303,81.65,81.83,51864.739333150006
2026-02-12 12:00:00+00:00,81.82,82.03,80.81,81.05,63224.19770920002
2026-02-12 13:00:00+00:00,81.06,82.173,80.67,81.91,101786.34902418002
2026-02-12 14:00:00+00:00,82.001,82.034,80.97,81.1,108920.99973463998
2026-02-12 15:00:00+00:00,81.12,81.591,80.06,80.1,141111.95799258002
2026-02-12 16:00:00+00:00,80.1,80.3,78.13,78.25,374458.3842603301
2026-02-12 17:00:00+00:00,78.24,78.76,77.42,77.86,181268.0003395601
2026-02-12 18:00:00+00:00,77.85,78.55,77.14,77.55,124980.32227093996
2026-02-12 19:00:00+00:00,77.55,78.721,76.75,77.56,175999.20782965003
2026-02-12 20:00:00+00:00,77.54,78.03,76.53,76.84,155626.73750868998
2026-02-12 21:00:00+00:00,76.87,77.661,76.85,77.27,81223.65366370001
2026-02-12 22:00:00+00:00,77.29,78.221,76.9,78.03,79333.00896124999
2026-02-12 23:00:00+00:00,78.04,78.629,77.71,78.33,142120.54264732
2026-02-13 00:00:00+00:00,78.32,78.838,77.46,77.97,102210.76509395998
2026-02-13 01:00:00+00:00,77.98,78.94,77.96,78.51,71403.96047516003
2026-02-13 02:00:00+00:00,78.51,79.41,78.37,79.07,79862.95893625
2026-02-13 03:00:00+00:00,79.08,79.57,78.75,79.0,52725.494457060006
2026-02-13 04:00:00+00:00,78.97,79.35,78.39,78.44,48765.84068975001
2026-02-13 05:00:00+00:00,78.45,78.85,78.11,78.23,38443.01445424
2026-02-13 06:00:00+00:00,78.24,78.78,77.8,78.56,52698.38447703997
2026-02-13 07:00:00+00:00,78.57,79.311,78.48,78.93,44940.50341745
2026-02-13 08:00:00+00:00,78.93,80.0,78.79,79.67,49496.63266301
2026-02-13 09:00:00+00:00,79.66,80.036,79.36,79.83,42634.31859354002
2026-02-13 10:00:00+00:00,79.83,80.703,79.72,80.31,89208.91014438005
2026-02-13 11:00:00+00:00,80.31,80.5,79.73,80.25,74029.53882621002
2026-02-13 12:00:00+00:00,80.25,80.405,79.8,79.9,36015.931142009984
2026-02-13 13:00:00+00:00,79.92,80.988,79.66,80.23,115415.90991238997
2026-02-13 14:00:00+00:00,80.23,82.007,79.79,81.27,252143.44329312016
2026-02-13 15:00:00+00:00,81.28,84.422,81.03,83.14,292930.9216107902
2026-02-13 16:00:00+00:00,83.14,85.08,82.87,84.16,211203.19240028027
2026-02-13 17:00:00+00:00,84.17,84.771,83.5,84.29,110986.9212855
2026-02-13 18:00:00+00:00,84.29,85.691,84.06,85.35,171585.66548993016
2026-02-13 19:00:00+00:00,85.34,85.728,84.48,84.6,84909.90526968997
2026-02-13 20:00:00+00:00,84.61,85.12,84.11,84.73,81677.25635990998
2026-02-13 21:00:00+00:00,84.72,85.228,84.51,84.8,86711.58173531
2026-02-13 22:00:00+00:00,84.79,85.0,84.41,84.62,57342.73473263998
2026-02-13 23:00:00+00:00,84.58,84.649,84.09,84.27,39463.013700219984
2026-02-14 00:00:00+00:00,84.29,85.11,84.16,84.93,51235.092013989975
2026-02-14 01:00:00+00:00,84.92,85.236,84.75,84.96,50097.46692463
2026-02-14 02:00:00+00:00,84.96,85.09,84.55,84.84,29725.732710170003
2026-02-14 03:00:00+00:00,84.86,85.32,84.76,85.0,30028.36457245999
2026-02-14 04:00:00+00:00,85.01,85.12,84.74,84.78,18524.87089758
2026-02-14 05:00:00+00:00,84.79,85.05,84.57,84.58,19066.13045484
2026-02-14 06:00:00+00:00,84.6,84.956,84.3,84.81,25518.96202618001
2026-02-14 07:00:00+00:00,84.81,85.29,84.72,85.16,24524.472087250004
2026-02-14 08:00:00+00:00,85.15,86.436,85.11,86.17,72373.03190338003
2026-02-14 09:00:00+00:00,86.19,86.41,85.82,85.98,49701.62130237001
2026-02-14 10:00:00+00:00,85.99,86.03,85.69,85.78,36457.02389470999
2026-02-14 11:00:00+00:00,85.861,87.343,85.77,87.26,86069.09834523001
2026-02-14 12:00:00+00:00,87.25,87.323,86.22,86.37,98494.00181781004
2026-02-14 13:00:00+00:00,86.38,86.9,85.98,86.41,64421.24414602004
2026-02-14 14:00:00+00:00,86.4,87.47,86.34,87.21,199128.3641707601
2026-02-14 15:00:00+00:00,87.22,87.714,87.07,87.39,120505.96708796005
2026-02-14 16:00:00+00:00,87.42,88.258,86.99,88.09,218528.53916847
2026-02-14 17:00:00+00:00,88.09,88.472,87.79,88.01,57835.40848087999
2026-02-14 18:00:00+00:00,88.02,88.31,87.76,87.98,55064.55764232999
2026-02-14 19:00:00+00:00,87.97,88.372,87.51,88.16,69571.85566676999
2026-02-14 20:00:00+00:00,88.18,88.449,87.64,88.1,56081.22653560998
2026-02-14 21:00:00+00:00,88.08,88.503,87.25,88.01,114319.57778163
2026-02-14 22:00:00+00:00,88.01,88.904,87.85,88.44,104398.51842338008
2026-02-14 23:00:00+00:00,88.43,88.935,87.97,88.03,49605.97267187002
2026-02-15 00:00:00+00:00,88.04,88.441,87.76,88.15,87320.90232178006
2026-02-15 01:00:00+00:00,88.14,88.735,87.55,88.23,98564.65146844994
2026-02-15 02:00:00+00:00,88.22,88.544,87.46,87.95,56784.50497034
2026-02-15 03:00:00+00:00,87.95,88.74,87.29,88.56,98333.9521606401
2026-02-15 04:00:00+00:00,88.56,89.84,88.33,88.77,145454.13783928
2026-02-15 05:00:00+00:00,88.73,90.047,88.72,89.65,87098.17259375
2026-02-15 06:00:00+00:00,89.65,90.176,89.3,89.57,62511.35925901001
2026-02-15 07:00:00+00:00,89.56,91.0,89.36,90.7,176019.50161734995
2026-02-15 08:00:00+00:00,90.803,91.286,89.18,89.63,132829.3317102601
2026-02-15 09:00:00+00:00,89.61,90.56,89.42,89.97,47149.90279708
2026-02-15 10:00:00+00:00,89.97,90.153,89.07,89.5,55692.79330450001
2026-02-15 11:00:00+00:00,89.5,89.851,88.96,89.12,53741.330030270015
2026-02-15 12:00:00+00:00,89.13,89.607,87.26,87.27,112775.48799605008
2026-02-15 13:00:00+00:00,87.28,88.4,86.81,86.92,188257.41106616973
2026-02-15 14:00:00+00:00,86.9,87.65,86.6,87.29,142167.27038540982
2026-02-15 15:00:00+00:00,87.32,87.705,86.84,87.36,60331.48608953001
2026-02-15 16:00:00+00:00,87.36,87.73,86.68,87.632,73300.87257976
2026-02-15 17:00:00+00:00,87.51,87.926,85.76,86.37,134013.5498768102
2026-02-15 18:00:00+00:00,86.37,86.888,85.95,86.18,98967.36003830002
2026-02-15 19:00:00+00:00,86.16,86.4,85.14,85.27,96275.1348818
2026-02-15 20:00:00+00:00,85.29,86.01,84.85,85.84,169820.08615391998
2026-02-15 21:00:00+00:00,85.84,86.478,85.82,86.12,116211.25616454004
2026-02-15 22:00:00+00:00,86.12,86.751,86.0,86.3,80970.19105186999
2026-02-15 23:00:00+00:00,86.3,86.415,85.04,86.1,132032.52531892998
2026-02-16 00:00:00+00:00,86.1,86.549,85.58,86.13,76762.63501949002
2026-02-16 01:00:00+00:00,86.14,86.69,85.31,85.71,86514.23891968005
2026-02-16 02:00:00+00:00,85.72,86.273,85.18,85.35,54981.78093684006
2026-02-16 03:00:00+00:00,85.35,85.61,84.78,85.11,54025.77308835001
2026-02-16 04:00:00+00:00,85.1,85.9,85.05,85.73,100426.99046069996
2026-02-16 05:00:00+00:00,85.73,85.96,84.41,84.65,93267.7278114899
2026-02-16 06:00:00+00:00,84.65,85.259,84.48,85.0,30368.52767888
2026-02-16 07:00:00+00:00,84.99,85.539,84.76,85.01,28524.15194943
2026-02-16 08:00:00+00:00,85.02,85.55,85.0,85.34,32545.004426099986
2026-02-16 09:00:00+00:00,85.34,86.337,85.34,85.96,47070.36629622004
2026-02-16 10:00:00+00:00,85.95,86.13,85.59,85.72,35307.124061879986
2026-02-16 11:00:00+00:00,85.73,86.05,84.46,85.44,50016.68865162002
2026-02-16 12:00:00+00:00,85.48,86.494,85.23,86.15,72830.47307209003
2026-02-16 13:00:00+00:00,86.16,87.02,83.83,84.12,203017.45040704
2026-02-16 14:00:00+00:00,84.11,84.78,83.45,84.0,134303.21870613008
2026-02-16 15:00:00+00:00,84.01,84.655,82.51,83.15,112077.24023390004
2026-02-16 16:00:00+00:00,83.16,84.18,83.06,83.94,123191.51574357004
2026-02-16 17:00:00+00:00,83.92,84.9,83.85,84.47,79343.05242213001
2026-02-16 18:00:00+00:00,84.49,85.23,84.44,84.49,60004.329286160006
2026-02-16 19:00:00+00:00,84.49,85.188,84.19,84.7,59567.68615136999
2026-02-16 20:00:00+00:00,84.6,85.556,84.46,85.32,77918.90048606
2026-02-16 21:00:00+00:00,85.32,86.194,85.07,85.98,60293.381643310015
2026-02-16 22:00:00+00:00,85.98,86.32,85.56,85.67,53513.61204046
2026-02-16 23:00:00+00:00,85.66,86.76,85.62,86.4,70903.99838272003
2026-02-17 00:00:00+00:00,86.41,87.23,86.24,86.58,68177.53714670999
2026-02-17 01:00:00+00:00,86.58,87.177,86.1,86.16,58549.48490201
2026-02-17 02:00:00+00:00,86.15,87.8,85.72,87.27,69129.63539162997
2026-02-17 03:00:00+00:00,87.27,87.423,86.28,86.3,57768.31865597
2026-02-17 04:00:00+00:00,86.32,86.76,85.87,86.32,51881.775600140005
2026-02-17 05:00:00+00:00,86.33,86.58,85.4,86.19,57006.687039920005
2026-02-17 06:00:00+00:00,86.18,86.861,86.18,86.45,25632.36650593
2026-02-17 07:00:00+00:00,86.44,86.64,85.88,86.43,21091.729405510003
2026-02-17 08:00:00+00:00,86.42,86.811,85.86,85.93,32552.27388712
2026-02-17 09:00:00+00:00,85.93,86.28,85.62,85.9,31176.869436839992
2026-02-17 10:00:00+00:00,85.89,86.13,84.85,84.99,29191.65358792
2026-02-17 11:00:00+00:00,85.0,85.38,84.69,85.216,30746.51610933002
2026-02-17 12:00:00+00:00,85.07,85.611,84.49,84.6,39886.23312457
2026-02-17 13:00:00+00:00,84.57,85.57,84.34,84.93,94411.73329448004
2026-02-17 14:00:00+00:00,85.064,85.535,82.95,83.21,161030.37019293013
2026-02-17 15:00:00+00:00,83.2,84.0,82.78,83.78,168470.01208251005
2026-02-17 16:00:00+00:00,83.76,85.54,83.67,84.13,105584.52192453998
2026-02-17 17:00:00+00:00,84.15,84.42,83.07,83.66,97321.85064722008
2026-02-17 18:00:00+00:00,83.67,85.511,83.51,85.07,98466.75881954
2026-02-17 19:00:00+00:00,85.08,85.848,84.6,84.81,101486.76681335998
2026-02-17 20:00:00+00:00,84.83,85.36,84.5,84.96,81713.51799581997
2026-02-17 21:00:00+00:00,84.94,85.531,84.8,85.19,53625.92579726999
2026-02-17 22:00:00+00:00,85.2,85.515,84.9,84.99,28542.91640766
2026-02-17 23:00:00+00:00,84.98,85.411,84.84,85.05,50403.65447336003
2026-02-18 00:00:00+00:00,85.05,85.59,84.77,84.82,56743.436410940005
2026-02-18 01:00:00+00:00,84.83,85.09,83.88,84.22,51303.98577125999
2026-02-18 02:00:00+00:00,84.21,85.073,84.19,84.61,25085.758369370003
2026-02-18 03:00:00+00:00,84.62,85.54,84.5,85.27,55855.88571677001
2026-02-18 04:00:00+00:00,85.31,85.616,84.91,85.1,63210.550354530016
2026-02-18 05:00:00+00:00,85.1,85.34,84.71,84.86,17867.306360819992
2026-02-18 06:00:00+00:00,84.85,85.398,84.76,84.87,22287.012204219995
2026-02-18 07:00:00+00:00,84.88,85.5,84.64,85.22,26154.036813370003
2026-02-18 08:00:00+00:00,85.23,86.17,85.18,85.42,33783.648711399976
2026-02-18 09:00:00+00:00,85.43,85.82,85.27,85.28,13702.85400797
2026-02-18 10:00:00+00:00,85.29,85.448,84.14,84.22,58287.842769840005
2026-02-18 11:00:00+00:00,84.24,84.349,82.8,82.82,95951.08440019004
2026-02-18 12:00:00+00:00,82.83,83.411,82.31,82.96,84590.96323800996
2026-02-18 13:00:00+00:00,82.98,83.37,82.26,82.59,62808.76276268998
2026-02-18 14:00:00+00:00,82.59,82.97,81.69,82.52,119535.2977947
2026-02-18 15:00:00+00:00,82.53,84.113,82.49,82.97,160607.22645866
2026-02-18 16:00:00+00:00,82.98,83.17,82.01,82.26,74906.58804982001
2026-02-18 17:00:00+00:00,82.26,83.036,82.06,82.17,52647.188113120006
2026-02-18 18:00:00+00:00,82.17,82.43,80.92,81.23,148268.10224946006
2026-02-18 19:00:00+00:00,81.23,81.69,80.44,80.89,128389.01744044993
2026-02-18 20:00:00+00:00,80.89,81.69,80.82,81.28,114359.85178675994
2026-02-18 21:00:00+00:00,81.29,81.75,80.97,81.24,103563.60712277995
2026-02-18 22:00:00+00:00,81.24,81.67,81.0,81.4,67844.56445797998
2026-02-18 23:00:00+00:00,81.4,81.753,81.19,81.56,41628.69539350999
2026-02-19 00:00:00+00:00,81.56,81.84,81.2,81.46,39966.63173403999
2026-02-19 01:00:00+00:00,81.46,82.103,81.46,81.85,52575.952599099975
2026-02-19 02:00:00+00:00,81.86,82.17,81.3,81.63,27158.21858035
2026-02-19 03:00:00+00:00,81.64,82.03,81.39,81.73,20915.73949903
2026-02-19 04:00:00+00:00,81.75,82.163,81.41,81.47,46685.58359128002
2026-02-19 05:00:00+00:00,81.46,82.058,81.33,81.85,42983.746318940015
2026-02-19 06:00:00+00:00,81.84,82.574,81.79,82.34,44325.76973174001
2026-02-19 07:00:00+00:00,82.34,82.77,82.02,82.36,43467.410427370014
2026-02-19 08:00:00+00:00,82.475,82.49,81.54,81.69,30797.5096548
2026-02-19 09:00:00+00:00,81.7,82.091,81.09,81.16,27570.23977099
2026-02-19 10:00:00+00:00,81.18,81.91,80.86,81.49,38662.800813009984
2026-02-19 11:00:00+00:00,81.605,81.981,81.06,81.2,13377.877305450003
2026-02-19 12:00:00+00:00,81.21,81.4,80.63,80.77,39440.228063860006
2026-02-19 13:00:00+00:00,80.77,80.994,79.58,79.97,101016.03437462996
2026-02-19 14:00:00+00:00,79.98,81.398,79.91,80.76,118423.23626547
2026-02-19 15:00:00+00:00,80.75,81.389,79.93,80.6,89811.05647407996
2026-02-19 16:00:00+00:00,80.59,81.025,79.9,80.77,80406.40768846
2026-02-19 17:00:00+00:00,80.77,82.022,80.2,80.46,113120.05109035004
2026-02-19 18:00:00+00:00,80.44,82.17,80.36,81.94,68612.17521227003
2026-02-19 19:00:00+00:00,81.95,82.281,81.04,81.92,81688.78857735003
2026-02-19 20:00:00+00:00,81.91,82.47,81.66,82.08,84013.97956527994
2026-02-19 21:00:00+00:00,82.05,82.278,81.79,82.03,47959.6666584
2026-02-19 22:00:00+00:00,82.03,82.614,81.86,82.3,58201.29200792001
2026-02-19 23:00:00+00:00,82.32,82.64,82.08,82.46,29466.363204480003
2026-02-20 00:00:00+00:00,82.46,83.592,82.28,82.9,115135.96403586998
2026-02-20 01:00:00+00:00,82.88,83.26,82.66,82.98,41636.526552039984
2026-02-20 02:00:00+00:00,83.0,83.42,82.75,82.89,32742.241590579983
2026-02-20 03:00:00+00:00,82.91,83.42,82.8,83.0,36901.34475919
2026-02-20 04:00:00+00:00,83.0,83.146,82.35,82.67,34229.36259774
2026-02-20 05:00:00+00:00,82.66,83.81,82.44,83.24,62518.48294224003
2026-02-20 06:00:00+00:00,83.24,83.824,83.12,83.69,38776.81646433001
2026-02-20 07:00:00+00:00,83.68,83.996,83.37,83.42,34237.296090150005
2026-02-20 08:00:00+00:00,83.42,83.879,83.27,83.61,20354.62955690001
2026-02-20 09:00:00+00:00,83.61,84.569,83.61,84.17,85653.81582025997
2026-02-20 10:00:00+00:00,84.17,84.93,84.01,84.06,72057.0736481
2026-02-20 11:00:00+00:00,84.06,84.349,83.3,83.56,146510.45395872975
2026-02-20 12:00:00+00:00,83.56,84.103,83.35,83.778,81213.40405546996
2026-02-20 13:00:00+00:00,83.68,83.77,81.74,82.16,145872.64389797003
2026-02-20 14:00:00+00:00,82.16,83.429,82.09,83.04,101445.25913759996
2026-02-20 15:00:00+00:00,83.05,84.803,82.66,84.37,266592.40492312994
2026-02-20 16:00:00+00:00,84.37,85.023,83.73,84.49,111070.16081685
2026-02-20 17:00:00+00:00,84.49,84.669,82.76,84.47,203687.54313314
2026-02-20 18:00:00+00:00,84.47,85.56,83.94,85.22,250930.78588361983
2026-02-20 19:00:00+00:00,85.23,85.451,84.3,84.74,59245.25458465001
2026-02-20 20:00:00+00:00,84.74,85.29,84.39,84.57,50307.58732875999
2026-02-20 21:00:00+00:00,84.58,84.84,84.27,84.51,55300.05617445998
2026-02-20 22:00:00+00:00,84.52,84.844,84.08,84.57,43457.43234501001
2026-02-20 23:00:00+00:00,84.56,84.79,84.27,84.64,23443.33822079
2026-02-21 00:00:00+00:00,84.65,84.82,84.32,84.4,27719.630240359995
2026-02-21 01:00:00+00:00,84.42,84.93,84.42,84.765,27794.528683370005
2026-02-21 02:00:00+00:00,84.67,85.097,84.51,84.79,34876.0814859
2026-02-21 03:00:00+00:00,84.8,84.89,84.17,84.32,36131.37260868
2026-02-21 04:00:00+00:00,84.33,84.58,84.11,84.38,18799.26696406999
2026-02-21 05:00:00+00:00,84.41,84.64,84.35,84.46,10946.86978144
2026-02-21 06:00:00+00:00,84.46,84.865,84.02,84.1,14114.441272409997
2026-02-21 07:00:00+00:00,84.197,84.41,83.95,84.22,19342.22617909
2026-02-21 08:00:00+00:00,84.22,84.819,84.17,84.7,26771.55366232
2026-02-21 09:00:00+00:00,84.7,85.267,84.65,84.88,47718.29838224001
2026-02-21 10:00:00+00:00,84.9,85.333,84.86,85.13,15308.908788330002
2026-02-21 11:00:00+00:00,85.13,85.73,85.11,85.36,32284.56320595
2026-02-21 12:00:00+00:00,85.38,85.603,84.99,85.29,32488.628303369984
2026-02-21 13:00:00+00:00,85.3,86.014,85.15,85.84,18753.978541270004
2026-02-21 14:00:00+00:00,85.83,86.701,85.6,86.27,81555.8805219
2026-02-21 15:00:00+00:00,86.29,86.805,86.15,86.56,70387.1212017601
2026-02-21 16:00:00+00:00,86.57,86.74,85.85,86.213,53868.48699395
2026-02-21 17:00:00+00:00,86.13,86.52,85.8,86.21,32582.03697641
2026-02-21 18:00:00+00:00,86.3,86.78,86.15,86.53,34465.67439557
2026-02-21 19:00:00+00:00,86.55,86.75,86.15,86.2,42419.096967500016
2026-02-21 20:00:00+00:00,86.2,86.248,85.23,85.44,67176.92976649999
2026-02-21 21:00:00+00:00,85.45,85.89,85.4,85.82,27545.074982140013
2026-02-21 22:00:00+00:00,85.82,85.96,85.36,85.44,33285.98827410001
2026-02-21 23:00:00+00:00,85.45,85.61,85.12,85.15,20904.15831899
2026-02-22 00:00:00+00:00,85.16,85.26,84.71,85.06,38246.73548393999
2026-02-22 01:00:00+00:00,85.05,85.47,85.03,85.31,34747.603211689995
2026-02-22 02:00:00+00:00,85.31,85.63,84.84,84.94,73742.69479717001
2026-02-22 03:00:00+00:00,84.95,85.22,84.69,85.06,27914.963233849987
2026-02-22 04:00:00+00:00,85.06,85.353,84.94,85.14,27871.57483238001
2026-02-22 05:00:00+00:00,85.14,85.254,84.77,84.94,21075.05554151
2026-02-22 06:00:00+00:00,84.95,85.36,84.91,85.28,24898.69963195
2026-02-22 07:00:00+00:00,85.28,85.615,85.1,85.23,24703.24716926
2026-02-22 08:00:00+00:00,85.22,85.29,84.85,84.95,17211.017597569997
2026-02-22 09:00:00+00:00,84.95,85.21,84.92,84.99,13488.79381772
2026-02-22 10:00:00+00:00,85.01,85.339,84.98,85.19,11071.62892736
2026-02-22 11:00:00+00:00,85.19,85.47,85.13,85.24,18051.44457116001
2026-02-22 12:00:00+00:00,85.24,85.33,84.31,84.44,40162.06888563998
2026-02-22 13:00:00+00:00,84.43,84.64,83.65,83.96,86109.56101548995
2026-02-22 14:00:00+00:00,83.97,84.07,83.38,83.63,50405.8412625
2026-02-22 15:00:00+00:00,83.64,83.72,82.98,83.47,59210.57243211999
2026-02-22 16:00:00+00:00,83.48,83.692,83.15,83.56,22304.66535726
2026-02-22 17:00:00+00:00,83.56,83.67,82.77,83.03,37334.07887333001
2026-02-22 18:00:00+00:00,83.02,83.37,82.94,83.19,15440.284970010003
2026-02-22 19:00:00+00:00,83.19,83.5,82.99,83.26,22953.49893216
2026-02-22 20:00:00+00:00,83.28,83.46,82.9,83.0,23328.777697700007
2026-02-22 21:00:00+00:00,83.0,83.65,83.0,83.48,26026.76966826
2026-02-22 22:00:00+00:00,83.47,83.805,83.04,83.55,39759.06253068
2026-02-22 23:00:00+00:00,83.55,83.721,82.41,82.75,92154.03867023002
2026-02-23 00:00:00+00:00,82.75,82.92,81.3,81.36,74010.34954833999
2026-02-23 01:00:00+00:00,81.35,81.449,77.5,77.96,465988.9220007898
2026-02-23 02:00:00+00:00,77.96,78.56,77.52,77.85,117604.75957044998
2026-02-23 03:00:00+00:00,77.85,78.4,77.2,77.64,136128.85274225997
2026-02-23 04:00:00+00:00,77.65,77.84,77.12,77.482,55279.68494582998
2026-02-23 05:00:00+00:00,77.37,78.17,77.33,77.83,71440.26338733999
2026-02-23 06:00:00+00:00,77.83,79.27,77.67,79.07,104101.55872773002
2026-02-23 07:00:00+00:00,79.08,79.843,78.91,79.4,59652.64219551
2026-02-23 08:00:00+00:00,79.39,79.51,78.51,78.77,58941.07130380997
2026-02-23 09:00:00+00:00,78.76,80.62,78.76,80.44,93331.77874376994
2026-02-23 10:00:00+00:00,80.46,80.75,80.05,80.26,78303.33262386001
2026-02-23 11:00:00+00:00,80.27,80.64,79.96,80.04,30754.93752109
2026-02-23 12:00:00+00:00,80.05,81.03,79.85,80.71,91179.87869219
2026-02-23 13:00:00+00:00,80.72,81.224,80.42,80.54,106066.01134161002
2026-02-23 14:00:00+00:00,80.54,80.92,79.4,80.11,129722.24778643
2026-02-23 15:00:00+00:00,80.13,80.42,79.2,79.52,156204.77535634994
2026-02-23 16:00:00+00:00,79.38,79.91,78.63,78.97,128011.62470031009
2026-02-23 17:00:00+00:00,78.96,79.25,77.25,78.3,168393.43485405014
2026-02-23 18:00:00+00:00,78.439,79.42,78.02,78.62,139166.08598849003
2026-02-23 19:00:00+00:00,78.64,79.032,77.96,78.27,71910.68378330999
2026-02-23 20:00:00+00:00,78.29,78.64,77.84,78.3,49164.29579324999
2026-02-23 21:00:00+00:00,78.28,78.8,78.17,78.37,40557.03189522998
2026-02-23 22:00:00+00:00,78.37,79.01,77.99,78.23,159879.02217807964
2026-02-23 23:00:00+00:00,78.22,78.63,77.6,77.88,153856.53272795986
2026-02-24 00:00:00+00:00,77.88,78.62,77.87,78.43,32784.002753689994
2026-02-24 01:00:00+00:00,78.43,78.549,75.72,77.64,259646.20860729
2026-02-24 02:00:00+00:00,77.66,78.522,77.47,77.62,61931.21383053
2026-02-24 03:00:00+00:00,77.62,77.739,76.44,76.983,81084.23799345002
2026-02-24 04:00:00+00:00,76.87,77.18,76.07,76.83,64923.467769450006
2026-02-24 05:00:00+00:00,76.83,77.42,76.19,76.62,58572.12793315
2026-02-24 06:00:00+00:00,76.61,77.031,76.35,76.57,61594.50123264001
2026-02-24 07:00:00+00:00,76.7,77.313,76.47,76.83,48569.29700570001
2026-02-24 08:00:00+00:00,76.82,77.299,76.47,77.02,36892.814432100015
2026-02-24 09:00:00+00:00,77.02,77.226,75.97,76.64,44409.51424925
2026-02-24 10:00:00+00:00,76.64,76.929,76.39,76.73,35144.18469235998
2026-02-24 11:00:00+00:00,76.74,76.999,76.47,76.75,29546.054672049995
2026-02-24 12:00:00+00:00,76.77,77.13,76.49,76.57,36535.90356609
2026-02-24 13:00:00+00:00,76.59,76.89,76.0,76.55,77124.90694498
2026-02-24 14:00:00+00:00,76.64,77.501,75.63,76.88,158173.29000298996
2026-02-24 15:00:00+00:00,76.89,77.56,76.59,77.3,92573.85687206
2026-02-24 16:00:00+00:00,77.31,78.367,77.23,78.13,119272.19190962995
2026-02-24 17:00:00+00:00,78.13,78.579,77.8,77.98,83897.54594889002
2026-02-24 18:00:00+00:00,77.97,78.461,77.57,78.2,74243.47850955998
2026-02-24 19:00:00+00:00,78.2,78.611,77.87,78.39,112425.6312485699
2026-02-24 20:00:00+00:00,78.39,78.97,78.34,78.67,90616.16200668002
2026-02-24 21:00:00+00:00,78.66,78.822,78.14,78.55,82041.55931733995
2026-02-24 22:00:00+00:00,78.56,79.425,78.45,79.07,52156.284109190026
2026-02-24 23:00:00+00:00,79.07,79.717,78.65,78.99,73978.60698367
2026-02-25 00:00:00+00:00,79.0,79.557,78.72,79.21,38019.68893813999
2026-02-25 01:00:00+00:00,79.31,82.649,79.11,82.0,314607.5303124802
2026-02-25 02:00:00+00:00,81.99,83.044,81.98,82.46,151256.70185148006
2026-02-25 03:00:00+00:00,82.45,82.65,81.61,81.74,76569.30059929003
2026-02-25 04:00:00+00:00,81.76,82.51,81.28,81.95,75371.17109306001
2026-02-25 05:00:00+00:00,81.95,82.26,80.97,81.28,88834.41763907002
2026-02-25 06:00:00+00:00,81.29,81.995,81.16,81.57,87323.51983723
2026-02-25 07:00:00+00:00,81.56,82.503,81.48,82.18,98784.46979482994
2026-02-25 08:00:00+00:00,82.18,82.66,81.92,82.48,58379.02485777002
2026-02-25 09:00:00+00:00,82.48,82.78,82.22,82.53,67756.76698266002
2026-02-25 10:00:00+00:00,82.53,83.02,82.45,82.54,50851.08026081002
2026-02-25 11:00:00+00:00,82.53,83.49,82.31,83.37,140022.35102645998
2026-02-25 12:00:00+00:00,83.38,84.205,82.86,83.67,108560.10161295996
2026-02-25 13:00:00+00:00,83.68,84.539,83.39,83.83,101284.47903593998
2026-02-25 14:00:00+00:00,83.83,85.868,83.79,85.65,193356.68270498
2026-02-25 15:00:00+00:00,85.64,86.559,85.02,86.07,261775.31700954
2026-02-25 16:00:00+00:00,85.99,87.76,85.98,87.56,203565.79779535
2026-02-25 17:00:00+00:00,87.56,89.041,87.42,88.57,207781.33692959
2026-02-25 18:00:00+00:00,88.57,89.253,88.01,88.97,239439.4819496201
2026-02-25 19:00:00+00:00,88.97,89.72,88.37,89.43,107928.95618495
2026-02-25 20:00:00+00:00,89.47,90.22,89.0,89.39,254209.3718017201
2026-02-25 21:00:00+00:00,89.38,92.13,89.36,89.86,283532.3305749901
2026-02-25 22:00:00+00:00,89.86,90.676,88.35,89.1,174399.88507396003
2026-02-25 23:00:00+00:00,89.09,89.45,87.09,88.06,116555.37453129997
2026-02-26 00:00:00+00:00,88.06,89.368,87.84,88.61,139263.51269976993
2026-02-26 01:00:00+00:00,88.62,89.25,88.22,88.44,90480.69987434
2026-02-26 02:00:00+00:00,88.44,88.521,87.57,88.2,65094.06613031997
2026-02-26 03:00:00+00:00,88.21,88.47,87.76,87.94,37267.03498962997
2026-02-26 04:00:00+00:00,87.95,89.16,87.85,88.74,34686.67195015
2026-02-26 05:00:00+00:00,88.74,88.82,87.22,87.76,78993.56046909996
2026-02-26 06:00:00+00:00,87.78,88.11,87.37,87.65,25799.86142989
2026-02-26 07:00:00+00:00,87.66,87.99,87.22,87.25,30136.49185176
2026-02-26 08:00:00+00:00,87.26,87.97,87.25,87.31,25933.72683128
2026-02-26 09:00:00+00:00,87.32,88.8,87.22,88.33,75748.62647243007
2026-02-26 10:00:00+00:00,88.34,88.7,87.29,87.48,63552.28293019003
2026-02-26 11:00:00+00:00,87.47,87.749,86.61,86.83,65892.44491525
2026-02-26 12:00:00+00:00,86.82,87.883,86.72,87.7,32099.4200295
2026-02-26 13:00:00+00:00,87.7,88.19,87.49,87.64,48526.65227558999
2026-02-26 14:00:00+00:00,87.63,88.34,86.3,87.01,155802.75228208007
2026-02-26 15:00:00+00:00,87.0,87.178,85.28,86.57,237937.47277422
2026-02-26 16:00:00+00:00,86.57,86.808,84.36,84.61,209561.98741557985
2026-02-26 17:00:00+00:00,84.6,85.46,84.51,84.92,289599.3736757995
2026-02-26 18:00:00+00:00,84.91,85.77,84.48,85.38,222832.47316919983
2026-02-26 19:00:00+00:00,85.36,86.799,85.34,86.55,118174.6106423501
2026-02-26 20:00:00+00:00,86.48,86.912,85.87,86.04,71482.25107319001
2026-02-26 21:00:00+00:00,86.02,86.381,85.74,85.93,42031.90928895
2026-02-26 22:00:00+00:00,85.96,86.339,85.8,86.12,31062.584550630003
2026-02-26 23:00:00+00:00,86.15,86.22,85.77,85.91,59849.57669564001
2026-02-27 00:00:00+00:00,85.91,86.12,85.19,85.84,102506.53397987
2026-02-27 01:00:00+00:00,85.84,86.236,85.31,86.15,67046.68665863
2026-02-27 02:00:00+00:00,86.16,86.904,85.93,86.58,51709.3682994
2026-02-27 03:00:00+00:00,86.59,87.874,86.36,87.63,48517.03113005999
2026-02-27 04:00:00+00:00,87.63,88.323,87.48,87.55,132893.36873852
2026-02-27 05:00:00+00:00,87.54,87.95,87.4,87.611,19632.28290596
2026-02-27 06:00:00+00:00,87.55,87.72,86.87,87.34,27228.136835499983
2026-02-27 07:00:00+00:00,87.34,87.52,86.82,87.32,31173.78056221
2026-02-27 08:00:00+00:00,87.385,88.012,87.22,87.57,37004.40452617001
2026-02-27 09:00:00+00:00,87.58,87.92,86.21,86.35,53108.5273494
2026-02-27 10:00:00+00:00,86.35,86.58,84.57,84.72,93996.74343533
2026-02-27 11:00:00+00:00,84.73,85.06,83.31,83.62,108053.24559391
2026-02-27 12:00:00+00:00,83.6,83.86,82.64,83.13,100734.9818176
2026-02-27 13:00:00+00:00,83.11,83.626,81.98,83.09,156288.62090146975
2026-02-27 14:00:00+00:00,83.08,83.451,82.07,82.4,198723.26259872
2026-02-27 15:00:00+00:00,82.4,83.19,82.3,82.71,273332.6688827001
2026-02-27 16:00:00+00:00,82.71,82.77,81.33,81.36,210748.115813
2026-02-27 17:00:00+00:00,81.37,81.96,81.11,81.84,98882.47986781003
2026-02-27 18:00:00+00:00,81.85,82.121,81.41,81.49,91775.56262888997
2026-02-27 19:00:00+00:00,81.47,81.781,81.11,81.55,55130.67821211002
2026-02-27 20:00:00+00:00,81.57,81.97,81.21,81.44,122910.24973313988
2026-02-27 21:00:00+00:00,81.44,81.909,80.87,81.2,77083.96391484
2026-02-27 22:00:00+00:00,81.21,81.691,80.31,81.42,132032.91275000988
2026-02-27 23:00:00+00:00,81.42,82.19,81.33,81.84,50777.64712505
2026-02-28 00:00:00+00:00,81.86,82.25,81.6,82.12,31319.59951567
2026-02-28 01:00:00+00:00,82.11,82.351,81.74,81.87,18967.72199445001
2026-02-28 02:00:00+00:00,81.79,82.29,81.71,82.14,17228.61670453
2026-02-28 03:00:00+00:00,82.15,82.184,81.55,81.75,20067.912724
2026-02-28 04:00:00+00:00,81.74,81.999,81.21,81.65,27491.29889287001
2026-02-28 05:00:00+00:00,81.65,81.9,81.29,81.57,25653.01763389
2026-02-28 06:00:00+00:00,81.56,81.632,77.13,77.57,343537.9810647996
2026-02-28 07:00:00+00:00,77.57,79.68,77.14,78.72,278551.3125466999
2026-02-28 08:00:00+00:00,78.78,78.78,77.86,78.01,83120.33231750998
2026-02-28 09:00:00+00:00,78.01,78.81,77.75,78.41,70175.93832239998
2026-02-28 10:00:00+00:00,78.45,79.21,77.97,79.12,170439.6958689199
2026-02-28 11:00:00+00:00,79.1,79.642,78.67,78.78,70836.85498173001
2026-02-28 12:00:00+00:00,78.8,79.292,78.61,78.94,47298.94644987001
2026-02-28 13:00:00+00:00,78.94,81.48,78.7,80.82,191595.1323325199
2026-02-28 14:00:00+00:00,80.93,81.9,80.06,80.25,169029.28908655004
2026-02-28 15:00:00+00:00,80.26,81.174,79.62,80.93,107196.40761067
2026-02-28 16:00:00+00:00,80.93,81.397,80.5,81.07,65418.54278092001
2026-02-28 17:00:00+00:00,81.1,81.576,80.62,81.39,66553.31725035
2026-02-28 18:00:00+00:00,81.37,82.96,81.08,82.37,109406.12776319
2026-02-28 19:00:00+00:00,82.35,82.842,81.43,82.22,194113.77156109
2026-02-28 20:00:00+00:00,82.22,85.1,81.96,84.91,238647.34833965983
2026-02-28 21:00:00+00:00,84.9,85.118,83.6,84.5,150148.83851493004
2026-02-28 22:00:00+00:00,84.5,85.741,84.26,84.3,100869.77998711994
2026-02-28 23:00:00+00:00,84.31,84.821,83.94,84.37,49310.51006689
2026-03-01 00:00:00+00:00,84.36,85.059,84.33,84.88,51250.51812991999
2026-03-01 01:00:00+00:00,84.88,87.52,84.28,86.75,145295.54342448
2026-03-01 02:00:00+00:00,86.76,88.961,86.74,87.97,252296.29113153025
2026-03-01 03:00:00+00:00,87.96,88.4,87.63,88.02,90743.04973384
2026-03-01 04:00:00+00:00,88.02,88.33,86.9,87.53,106782.58470834007
2026-03-01 05:00:00+00:00,87.55,88.098,87.22,87.25,32689.9500708
2026-03-01 06:00:00+00:00,87.27,87.47,86.16,86.66,81481.57288668999
2026-03-01 07:00:00+00:00,86.67,86.95,86.3,86.63,34588.32741074
2026-03-01 08:00:00+00:00,86.63,86.9,85.08,85.31,71263.31733427999
2026-03-01 09:00:00+00:00,85.23,85.93,84.82,84.99,60401.89659063
2026-03-01 10:00:00+00:00,84.99,85.698,84.71,85.22,56984.69475317997
2026-03-01 11:00:00+00:00,85.22,85.57,84.95,85.18,40284.16690081999
2026-03-01 12:00:00+00:00,85.19,85.461,84.77,84.87,50786.54411724
2026-03-01 13:00:00+00:00,84.88,86.99,84.52,86.09,86064.08002942
2026-03-01 14:00:00+00:00,86.09,86.982,85.43,85.8,101377.11132868004
2026-03-01 15:00:00+00:00,85.83,86.777,85.6,85.65,149434.17775467003
2026-03-01 16:00:00+00:00,85.68,86.15,83.71,84.02,174524.58581575006
2026-03-01 17:00:00+00:00,84.02,84.36,83.19,83.89,140243.76119643007
2026-03-01 18:00:00+00:00,83.9,85.08,83.83,83.93,127639.97431117
2026-03-01 19:00:00+00:00,83.93,84.1,83.04,83.25,98668.32987178996
2026-03-01 20:00:00+00:00,83.24,83.31,81.71,81.97,158342.85139365992
2026-03-01 21:00:00+00:00,81.98,83.05,81.94,82.94,93665.91279094998
2026-03-01 22:00:00+00:00,82.94,84.09,82.38,82.71,125219.72286578004
2026-03-01 23:00:00+00:00,82.73,84.08,82.47,83.6,119016.61160769
2026-03-02 00:00:00+00:00,83.61,85.25,83.47,85.01,86031.88467983999
2026-03-02 01:00:00+00:00,85.01,86.211,84.41,84.64,77936.14340729
2026-03-02 02:00:00+00:00,84.64,84.8,83.49,84.15,85488.27306571003
2026-03-02 03:00:00+00:00,84.16,85.14,83.82,84.77,70867.30904635998
2026-03-02 04:00:00+00:00,84.78,84.84,84.08,84.29,52491.82323945001
2026-03-02 05:00:00+00:00,84.29,84.736,83.84,84.22,38603.72726966999
2026-03-02 06:00:00+00:00,84.23,84.241,82.89,83.26,86745.62103687997
2026-03-02 07:00:00+00:00,83.25,83.357,82.37,82.94,58000.41018586002
2026-03-02 08:00:00+00:00,82.95,83.65,82.36,83.44,89875.30385017996
2026-03-02 09:00:00+00:00,83.44,84.13,83.32,83.63,54347.70148711999
2026-03-02 10:00:00+00:00,83.64,84.117,83.35,83.89,50373.55440096998
2026-03-02 11:00:00+00:00,83.89,84.344,83.46,83.89,67938.48490001998
2026-03-02 12:00:00+00:00,83.89,84.215,83.56,83.69,52820.22089830996
2026-03-02 13:00:00+00:00,83.69,83.91,82.88,83.06,75905.08640225994
2026-03-02 14:00:00+00:00,83.04,86.0,82.75,85.66,281097.19318656024
2026-03-02 15:00:00+00:00,85.63,89.0,85.46,88.79,527875.2601756303
2026-03-02 16:00:00+00:00,88.79,90.365,88.488,88.87,393397.60635521007
2026-03-02 17:00:00+00:00,88.87,89.03,86.41,87.63,221727.31084495
2026-03-02 18:00:00+00:00,87.62,87.86,86.63,87.33,186701.28836415987
2026-03-02 19:00:00+00:00,87.33,87.84,86.84,87.67,179703.31689914007
2026-03-02 20:00:00+00:00,87.67,88.12,86.86,87.58,140327.15564694
2026-03-02 21:00:00+00:00,87.6,87.758,87.16,87.57,125089.50242482996
2026-03-02 22:00:00+00:00,87.56,88.267,87.32,88.07,116708.08932462998
2026-03-02 23:00:00+00:00,88.06,88.12,86.36,86.64,127118.48869167003
2026-03-03 00:00:00+00:00,86.65,87.34,86.1,86.91,151860.84947062997
2026-03-03 01:00:00+00:00,86.9,87.23,86.14,86.15,52859.86792545001
2026-03-03 02:00:00+00:00,86.16,86.39,85.23,86.21,76577.65594039002
2026-03-03 03:00:00+00:00,86.21,86.67,85.92,86.29,68798.92949487003
2026-03-03 04:00:00+00:00,86.3,86.51,85.65,85.84,35854.90851507001
2026-03-03 05:00:00+00:00,85.83,86.84,85.4,85.77,69611.56769369
2026-03-03 06:00:00+00:00,85.77,86.02,85.38,85.83,35559.80643789999
2026-03-03 07:00:00+00:00,85.85,86.35,85.39,85.57,43178.60463988
2026-03-03 08:00:00+00:00,85.57,85.791,83.9,84.25,110311.40370572
2026-03-03 09:00:00+00:00,84.25,85.032,84.02,84.3,145951.83176889003
2026-03-03 10:00:00+00:00,84.29,84.6,83.7,83.92,59973.88455505999
2026-03-03 11:00:00+00:00,83.91,84.4,83.78,84.19,98289.77757217996
2026-03-03 12:00:00+00:00,84.2,85.341,84.13,84.41,132083.42437453987
2026-03-03 13:00:00+00:00,84.42,84.46,83.17,83.62,83098.54981242
2026-03-03 14:00:00+00:00,83.63,84.466,82.47,83.23,162953.30917178994
2026-03-03 15:00:00+00:00,83.23,85.206,83.02,85.04,380371.4399951599
2026-03-03 16:00:00+00:00,85.03,87.34,84.32,85.38,284624.54180957004
2026-03-03 17:00:00+00:00,85.42,85.49,84.16,85.19,199057.07253479995
2026-03-03 18:00:00+00:00,85.18,86.054,84.52,85.39,110377.31740598
2026-03-03 19:00:00+00:00,85.4,85.79,84.66,85.06,129773.33527499
2026-03-03 20:00:00+00:00,85.08,85.506,84.66,84.88,107934.09757644996
2026-03-03 21:00:00+00:00,84.84,85.21,84.17,85.13,102470.58038760997
2026-03-03 22:00:00+00:00,85.14,86.66,85.12,86.29,164982.20142246998
2026-03-03 23:00:00+00:00,86.28,87.5,86.19,86.99,197327.07012915995
2026-03-04 00:00:00+00:00,86.98,87.43,86.3,86.63,84366.63142646998
2026-03-04 01:00:00+00:00,86.63,88.125,86.5,87.27,125757.61534110997
2026-03-04 02:00:00+00:00,87.27,87.5,86.55,87.08,69952.30906513997
2026-03-04 03:00:00+00:00,87.11,87.11,85.17,85.77,125872.84638754002
2026-03-04 04:00:00+00:00,85.77,85.93,84.82,85.4,72107.85741345002
2026-03-04 05:00:00+00:00,85.41,86.016,84.77,85.65,91681.72743495
2026-03-04 06:00:00+00:00,85.67,86.085,84.95,85.61,101472.46481404996
2026-03-04 07:00:00+00:00,85.6,87.53,85.48,87.43,54432.94449678
2026-03-04 08:00:00+00:00,87.42,89.981,86.98,89.71,134857.35919381003
2026-03-04 09:00:00+00:00,89.72,91.47,89.21,90.52,203657.79986326
2026-03-04 10:00:00+00:00,90.53,91.05,89.89,90.15,257881.9939039295
2026-03-04 11:00:00+00:00,90.17,90.68,89.4,89.77,143162.17574562994
2026-03-04 12:00:00+00:00,89.78,89.87,88.68,89.44,154164.54503603993
2026-03-04 13:00:00+00:00,89.43,90.16,89.32,90.01,125531.72971272992
2026-03-04 14:00:00+00:00,90.0,91.74,89.47,90.21,352971.1301615796
2026-03-04 15:00:00+00:00,90.21,93.13,90.18,92.96,366500.89564962
2026-03-04 16:00:00+00:00,92.98,93.17,90.96,91.57,216589.4097552
2026-03-04 17:00:00+00:00,91.59,92.26,90.7,91.58,123296.78574173983
2026-03-04 18:00:00+00:00,91.57,92.55,91.137,92.39,106962.6394786
2026-03-04 19:00:00+00:00,92.42,94.11,92.31,93.25,181084.5717827
2026-03-04 20:00:00+00:00,93.24,93.81,92.8,92.93,149514.88441574998
2026-03-04 21:00:00+00:00,92.92,93.03,92.172,92.38,100989.18556898995
2026-03-04 22:00:00+00:00,92.35,92.89,91.16,91.36,81532.65969626002
2026-03-04 23:00:00+00:00,91.34,91.45,90.3,90.88,91973.83205821998
2026-03-05 00:00:00+00:00,90.89,91.41,90.748,90.82,63103.76844029
2026-03-05 01:00:00+00:00,90.806,91.45,89.746,90.01,122654.96807215991
2026-03-05 02:00:00+00:00,90.0,90.71,89.99,90.23,73024.77454360003
2026-03-05 03:00:00+00:00,90.22,90.55,89.611,90.04,71394.57557322002
2026-03-05 04:00:00+00:00,90.04,90.76,89.91,90.41,47603.26218549998
2026-03-05 05:00:00+00:00,90.42,90.66,90.035,90.21,35553.26881835
2026-03-05 06:00:00+00:00,90.19,91.01,89.7,90.879,44247.62128144999
2026-03-05 07:00:00+00:00,90.9,91.34,89.73,90.2,37147.77613186
2026-03-05 08:00:00+00:00,90.16,90.74,89.66,90.66,47981.35434188001
2026-03-05 09:00:00+00:00,90.65,91.98,90.62,91.19,67866.20193392999
2026-03-05 10:00:00+00:00,91.2,93.011,91.029,92.68,105723.75229623
2026-03-05 11:00:00+00:00,92.68,92.8,91.62,91.84,56036.73760945999
2026-03-05 12:00:00+00:00,91.84,92.23,91.32,92.02,49381.67330776999
2026-03-05 13:00:00+00:00,92.03,92.09,90.421,90.85,98596.67004985995
2026-03-05 14:00:00+00:00,90.85,91.51,89.816,91.03,175902.50514691987
2026-03-05 15:00:00+00:00,91.06,91.17,88.79,89.63,197678.81643592985
2026-03-05 16:00:00+00:00,89.62,89.65,87.84,88.99,191695.19840722
2026-03-05 17:00:00+00:00,88.99,89.44,87.906,88.12,128570.44214601994
2026-03-05 18:00:00+00:00,88.11,88.92,87.99,88.82,49122.480488060006
2026-03-05 19:00:00+00:00,88.797,89.41,88.65,88.74,45543.01956007
2026-03-05 20:00:00+00:00,88.73,89.57,88.52,89.19,119900.12293976
2026-03-05 21:00:00+00:00,89.19,89.86,88.87,89.13,49597.35431254
2026-03-05 22:00:00+00:00,89.13,89.43,88.85,89.1,32874.09607950999
2026-03-05 23:00:00+00:00,89.13,89.2,88.58,88.78,27938.9876337
2026-03-06 00:00:00+00:00,88.78,89.05,88.569,88.87,23061.33999450001
2026-03-06 01:00:00+00:00,88.87,89.32,87.984,89.13,61839.24629113998
2026-03-06 02:00:00+00:00,89.14,89.32,88.2,88.39,113017.17796256
2026-03-06 03:00:00+00:00,88.39,88.71,88.139,88.43,34442.29369893998
2026-03-06 04:00:00+00:00,88.42,88.59,87.645,88.14,55460.561446380016
2026-03-06 05:00:00+00:00,88.16,88.27,87.505,87.91,47543.13592836998
2026-03-06 06:00:00+00:00,87.94,88.45,87.677,88.08,76907.72412203999
2026-03-06 07:00:00+00:00,88.1,88.92,87.79,88.71,59950.99507475001
2026-03-06 08:00:00+00:00,88.7,88.7,88.2,88.36,22005.09571238
2026-03-06 09:00:00+00:00,88.37,88.5,87.127,87.5,59323.83391465001
2026-03-06 10:00:00+00:00,87.48,87.95,87.41,87.71,40009.29896586
2026-03-06 11:00:00+00:00,87.71,88.0,87.06,87.26,56600.48996886002
2026-03-06 12:00:00+00:00,87.27,87.28,85.886,86.48,233030.9913615
2026-03-06 13:00:00+00:00,86.49,87.2,85.55,85.55,169461.37737369983
2026-03-06 14:00:00+00:00,85.59,85.75,83.91,84.34,219468.74195881013
2026-03-06 15:00:00+00:00,84.33,85.35,84.176,84.65,191497.90809639005
2026-03-06 16:00:00+00:00,84.66,85.04,84.085,84.36,76291.48872814002
2026-03-06 17:00:00+00:00,84.36,84.69,83.631,84.21,110351.55145233004
2026-03-06 18:00:00+00:00,84.2,85.66,84.177,85.29,228707.9818611101
2026-03-06 19:00:00+00:00,85.29,85.89,85.145,85.21,144524.40124442
2026-03-06 20:00:00+00:00,85.23,85.48,84.55,85.0,130637.73087739007
2026-03-06 21:00:00+00:00,84.99,85.11,84.42,84.72,100882.16353850997
2026-03-06 22:00:00+00:00,84.75,85.06,84.52,84.97,41129.40939833001
2026-03-06 23:00:00+00:00,84.99,85.05,84.6,84.67,52597.99049926
2026-03-07 00:00:00+00:00,84.69,85.07,84.51,84.75,63411.20787254
2026-03-07 01:00:00+00:00,84.74,84.9,84.57,84.7,20422.78483611999
2026-03-07 02:00:00+00:00,84.71,84.74,84.306,84.65,33176.47990053001
2026-03-07 03:00:00+00:00,84.66,85.06,84.34,84.52,29348.799386869985
2026-03-07 04:00:00+00:00,84.53,84.55,84.0,84.26,46944.36780856001
2026-03-07 05:00:00+00:00,84.29,84.49,84.06,84.34,20422.66285875
2026-03-07 06:00:00+00:00,84.34,84.36,83.879,84.04,26106.86487779
2026-03-07 07:00:00+00:00,84.04,84.47,83.89,84.31,30690.807802860003
2026-03-07 08:00:00+00:00,84.33,84.653,84.12,84.36,17386.07682131
2026-03-07 09:00:00+00:00,84.36,84.68,84.2,84.57,12484.544762259997
2026-03-07 10:00:00+00:00,84.58,84.76,84.41,84.47,7568.789188750002
2026-03-07 11:00:00+00:00,84.49,84.94,84.26,84.67,19919.75484362
2026-03-07 12:00:00+00:00,84.65,84.78,84.274,84.3,20145.68231084001
2026-03-07 13:00:00+00:00,84.3,84.55,84.108,84.28,37065.85006347
2026-03-07 14:00:00+00:00,84.3,84.42,83.6,84.23,40987.15611343
2026-03-07 15:00:00+00:00,84.24,84.24,83.389,83.76,59300.58799426992
2026-03-07 16:00:00+00:00,83.77,83.8,83.49,83.58,40568.93337320001
2026-03-07 17:00:00+00:00,83.58,84.07,83.553,83.63,20422.6453695
2026-03-07 18:00:00+00:00,83.59,83.639,83.001,83.39,48348.08754328999
2026-03-07 19:00:00+00:00,83.37,83.37,82.27,82.53,83641.05248455999
2026-03-07 20:00:00+00:00,82.52,83.12,82.51,83.03,28943.70715448
2026-03-07 21:00:00+00:00,83.05,83.28,82.89,83.28,21312.68794565001
2026-03-07 22:00:00+00:00,83.29,83.32,82.68,83.0,23936.823017690003
2026-03-07 23:00:00+00:00,83.0,83.26,82.92,83.23,13945.825115980006
2026-03-08 00:00:00+00:00,83.23,83.48,82.909,83.07,26500.09128868999
2026-03-08 01:00:00+00:00,83.07,83.22,82.69,82.99,24802.71824978
2026-03-08 02:00:00+00:00,82.99,83.11,82.07,82.37,48547.2195516
2026-03-08 03:00:00+00:00,82.39,82.74,82.26,82.34,39746.39691193999
2026-03-08 04:00:00+00:00,82.34,82.55,81.728,81.95,44626.86043854
2026-03-08 05:00:00+00:00,81.96,82.79,81.94,82.49,20444.22533011
2026-03-08 06:00:00+00:00,82.51,82.62,82.27,82.45,23153.658677310003
2026-03-08 07:00:00+00:00,82.44,83.098,82.39,82.96,26469.079749260003
2026-03-08 08:00:00+00:00,82.95,83.11,82.53,83.1,13590.234707670004
2026-03-08 09:00:00+00:00,83.1,83.39,82.78,83.16,26738.01548533001
2026-03-08 10:00:00+00:00,83.16,84.11,83.16,83.67,28187.35133502001
2026-03-08 11:00:00+00:00,83.66,83.66,82.616,82.82,24225.11725685
2026-03-08 12:00:00+00:00,82.81,83.01,81.63,82.32,58029.95125291001
2026-03-08 13:00:00+00:00,82.32,82.47,81.184,82.08,80299.51556119989
2026-03-08 14:00:00+00:00,82.08,82.39,81.94,82.32,33988.639966450006
2026-03-08 15:00:00+00:00,82.32,82.41,81.816,82.07,24508.26892581
2026-03-08 16:00:00+00:00,82.06,82.16,81.34,81.53,38867.05372176001
2026-03-08 17:00:00+00:00,81.53,81.99,81.39,81.68,24286.782110730004
2026-03-08 18:00:00+00:00,81.68,81.8,81.293,81.61,23038.663330720003
2026-03-08 19:00:00+00:00,81.6,82.66,81.49,82.5,73463.95208271989
2026-03-08 20:00:00+00:00,82.5,82.95,82.109,82.32,40783.43762704999
2026-03-08 21:00:00+00:00,82.33,82.44,81.7,82.25,42183.347878569984
2026-03-08 22:00:00+00:00,82.24,82.53,80.25,81.988,263783.41701384005
2026-03-08 23:00:00+00:00,81.99,82.44,81.47,81.59,66353.30603208001
2026-03-09 00:00:00+00:00,81.6,83.29,81.54,82.34,79883.97623689
2026-03-09 01:00:00+00:00,82.36,82.9,81.82,82.1,108773.49055722
2026-03-09 02:00:00+00:00,82.09,82.93,81.65,82.67,107186.96323331
2026-03-09 03:00:00+00:00,82.68,84.5,82.62,83.15,157643.14866626
2026-03-09 04:00:00+00:00,83.16,83.9,83.08,83.2,54665.48344492
2026-03-09 05:00:00+00:00,83.21,84.617,83.13,84.26,104042.64348099
2026-03-09 06:00:00+00:00,84.26,84.336,83.09,83.11,41466.82384448997
2026-03-09 07:00:00+00:00,83.11,83.3,82.31,83.15,57735.31959078
2026-03-09 08:00:00+00:00,83.15,83.86,82.92,83.71,56308.12974900001
2026-03-09 09:00:00+00:00,83.72,84.6,83.31,84.04,59438.82437789001
2026-03-09 10:00:00+00:00,84.05,84.25,83.49,83.74,34115.014922430004
2026-03-09 11:00:00+00:00,83.76,83.94,83.1,83.57,31654.35897005
2026-03-09 12:00:00+00:00,83.58,84.24,83.39,84.01,57947.80644906
2026-03-09 13:00:00+00:00,84.02,85.75,83.98,85.15,200204.47415559
2026-03-09 14:00:00+00:00,85.15,85.74,84.564,85.31,176952.12188693008
2026-03-09 15:00:00+00:00,85.31,85.48,84.66,85.07,118619.13149627
2026-03-09 16:00:00+00:00,85.06,85.64,84.72,85.14,70344.31631876997
2026-03-09 17:00:00+00:00,85.15,85.44,84.32,85.09,105706.60394128993
2026-03-09 18:00:00+00:00,85.08,85.59,84.49,85.2,99156.38177039997
2026-03-09 19:00:00+00:00,85.2,87.08,85.07,85.98,229156.48583188007
2026-03-09 20:00:00+00:00,85.98,86.19,85.3,85.83,72870.09266839
2026-03-09 21:00:00+00:00,85.8,86.391,85.68,86.03,112159.41200324996
2026-03-09 22:00:00+00:00,86.03,86.356,85.57,85.74,99277.94620899996
2026-03-09 23:00:00+00:00,85.74,86.044,84.85,84.96,78558.79482226002
2026-03-10 00:00:00+00:00,84.96,85.993,84.84,85.57,65905.02916476998
2026-03-10 01:00:00+00:00,85.58,86.0,85.12,85.77,31515.75821640999
2026-03-10 02:00:00+00:00,85.74,86.96,85.46,86.63,78215.80704471
2026-03-10 03:00:00+00:00,86.62,86.773,85.51,85.57,63923.68026624001
2026-03-10 04:00:00+00:00,85.57,86.673,85.39,86.54,47366.08900327002
2026-03-10 05:00:00+00:00,86.56,87.0,86.33,86.41,28293.39791797001
2026-03-10 06:00:00+00:00,86.41,86.75,85.99,86.36,43567.76971030997
2026-03-10 07:00:00+00:00,86.36,86.941,86.21,86.71,78162.71568104002
2026-03-10 08:00:00+00:00,86.7,87.48,86.58,86.72,78513.33940697997
2026-03-10 09:00:00+00:00,86.72,87.519,86.66,87.24,54020.559463919984
2026-03-10 10:00:00+00:00,87.24,87.69,86.81,87.1,51626.24840069998
2026-03-10 11:00:00+00:00,87.1,87.25,86.63,86.81,31834.16181474999
2026-03-10 12:00:00+00:00,86.81,86.898,86.28,86.69,36517.68880200001
2026-03-10 13:00:00+00:00,86.68,87.328,85.7,86.112,78752.90335879997
2026-03-10 14:00:00+00:00,86.157,88.241,84.91,88.1,179474.08956870995
2026-03-10 15:00:00+00:00,88.11,88.63,87.29,88.35,139131.18378371996
2026-03-10 16:00:00+00:00,88.36,88.72,87.68,88.42,112183.205692
2026-03-10 17:00:00+00:00,88.41,88.84,87.65,87.97,85538.41563168998
2026-03-10 18:00:00+00:00,87.96,88.03,86.11,86.26,131441.49938613
2026-03-10 19:00:00+00:00,86.26,86.48,85.65,86.01,61485.53515610997
2026-03-10 20:00:00+00:00,86.02,86.41,85.95,86.25,50451.80443169998
2026-03-10 21:00:00+00:00,86.26,86.45,85.25,85.7,63428.14516210999
2026-03-10 22:00:00+00:00,85.73,85.86,85.0,85.54,108505.35820951
2026-03-10 23:00:00+00:00,85.53,85.911,85.36,85.89,52743.885018239984
2026-03-11 00:00:00+00:00,85.9,86.25,85.61,86.03,68656.17909720998
2026-03-11 01:00:00+00:00,86.04,86.4,85.68,86.11,80895.24966081996
2026-03-11 02:00:00+00:00,86.12,86.23,85.487,85.93,33306.70014093998
2026-03-11 03:00:00+00:00,85.91,86.207,85.53,85.64,32648.76349765
2026-03-11 04:00:00+00:00,85.659,86.886,85.5,86.73,64850.60915557997
2026-03-11 05:00:00+00:00,86.72,86.9,85.61,85.73,54228.54248088999
2026-03-11 06:00:00+00:00,85.73,86.197,85.66,86.04,22764.52443079
2026-03-11 07:00:00+00:00,86.03,86.17,85.12,85.46,23833.58293914
2026-03-11 08:00:00+00:00,85.46,85.65,85.09,85.51,31135.726832390003
2026-03-11 09:00:00+00:00,85.51,85.607,84.7,84.89,43174.92074459
2026-03-11 10:00:00+00:00,84.9,85.551,84.84,85.305,43634.46301752999
2026-03-11 11:00:00+00:00,85.25,85.35,84.36,84.54,61945.32062442002
2026-03-11 12:00:00+00:00,84.54,85.8,84.34,85.2,91858.65634986
2026-03-11 13:00:00+00:00,85.21,87.41,85.12,85.98,170655.36128952002
2026-03-11 14:00:00+00:00,85.98,87.19,85.75,86.54,82017.17055713
2026-03-11 15:00:00+00:00,86.56,86.68,84.56,85.42,100444.88641459
2026-03-11 16:00:00+00:00,85.42,86.618,85.32,86.46,73390.63566727
2026-03-11 17:00:00+00:00,86.43,87.86,86.43,87.28,162371.39680435005
2026-03-11 18:00:00+00:00,87.27,88.12,87.14,87.82,135314.48116322007
2026-03-11 19:00:00+00:00,87.82,87.89,87.03,87.3,82664.48559167002
2026-03-11 20:00:00+00:00,87.3,87.46,87.02,87.29,44613.96056109
2026-03-11 21:00:00+00:00,87.3,87.649,87.15,87.568,33026.83364048
2026-03-11 22:00:00+00:00,87.55,87.94,86.85,87.04,46446.85615695998
2026-03-11 23:00:00+00:00,87.06,87.25,86.46,86.58,43281.32682652999
2026-03-12 00:00:00+00:00,86.6,86.81,86.39,86.68,36546.23459474
2026-03-12 01:00:00+00:00,86.68,86.73,85.94,86.03,70668.04580166
2026-03-12 02:00:00+00:00,86.06,86.19,85.18,85.23,80570.60664343997
2026-03-12 03:00:00+00:00,85.23,85.44,84.72,85.021,64992.64139836001
2026-03-12 04:00:00+00:00,85.04,85.43,84.89,85.12,84194.29684807999
2026-03-12 05:00:00+00:00,85.13,85.339,84.9,85.14,21535.575189539995
2026-03-12 06:00:00+00:00,85.15,85.42,84.96,85.4,22654.891773
2026-03-12 07:00:00+00:00,85.41,85.92,84.99,85.852,82767.47935573997
2026-03-12 08:00:00+00:00,85.84,86.16,85.36,85.95,61272.13981636001
2026-03-12 09:00:00+00:00,85.94,86.7,85.42,86.19,56845.96478218999
2026-03-12 10:00:00+00:00,86.2,87.088,86.03,86.77,50255.51398525001
2026-03-12 11:00:00+00:00,86.794,87.151,86.64,86.81,46072.85757174998
2026-03-12 12:00:00+00:00,86.82,87.55,86.56,87.28,105902.23648724012
2026-03-12 13:00:00+00:00,87.27,87.73,86.32,86.75,112956.35350085002
2026-03-12 14:00:00+00:00,86.76,87.67,85.2,85.56,124914.96343632996
2026-03-12 15:00:00+00:00,85.55,87.03,85.09,86.59,166830.0365736799
2026-03-12 16:00:00+00:00,86.59,87.117,85.8,86.82,88830.50163834999
2026-03-12 17:00:00+00:00,86.82,87.02,86.33,86.59,39782.022695720014
2026-03-12 18:00:00+00:00,86.63,86.86,85.82,85.87,39759.42201129998
2026-03-12 19:00:00+00:00,85.87,86.96,85.68,86.8,59391.66200982999
2026-03-12 20:00:00+00:00,86.8,86.981,86.42,86.46,48397.979904060005
2026-03-12 21:00:00+00:00,86.46,86.72,86.15,86.49,25051.439059580007
2026-03-12 22:00:00+00:00,86.54,86.64,85.96,86.31,27563.54093531999
2026-03-12 23:00:00+00:00,86.31,87.22,86.28,86.83,44913.75836561999
2026-03-13 00:00:00+00:00,86.83,91.13,86.7,89.79,362023.3163036204
2026-03-13 01:00:00+00:00,89.819,90.74,89.8,90.48,135415.54153659003
2026-03-13 02:00:00+00:00,90.47,90.59,88.93,89.09,103778.03493352995
2026-03-13 03:00:00+00:00,89.09,89.97,88.885,89.696,55542.77234013998
2026-03-13 04:00:00+00:00,89.71,89.74,89.19,89.35,37240.210521030014
2026-03-13 05:00:00+00:00,89.35,89.46,88.88,89.08,59158.43994071997
2026-03-13 06:00:00+00:00,89.1,89.23,88.269,88.43,52394.99860092002
2026-03-13 07:00:00+00:00,88.42,88.96,88.15,88.68,80818.04038949999
2026-03-13 08:00:00+00:00,88.68,89.68,88.32,89.17,64600.84190995002
2026-03-13 09:00:00+00:00,89.15,89.69,88.799,89.52,47798.79473919999
2026-03-13 10:00:00+00:00,89.52,90.34,89.459,90.22,89715.83647041001
2026-03-13 11:00:00+00:00,90.2,90.47,89.95,90.34,57078.2348577
2026-03-13 12:00:00+00:00,90.36,91.4,90.13,91.02,117460.31673687
2026-03-13 13:00:00+00:00,91.02,92.34,90.92,91.89,252411.3038403998
2026-03-13 14:00:00+00:00,91.89,93.06,90.443,90.701,330210.0136039801
2026-03-13 15:00:00+00:00,90.74,91.27,89.33,89.5,194948.3030846
2026-03-13 16:00:00+00:00,89.5,89.97,88.84,89.64,159320.85717433007
2026-03-13 17:00:00+00:00,89.63,90.15,88.58,88.89,128296.61979754
2026-03-13 18:00:00+00:00,88.9,89.15,88.345,88.85,111093.85363911996
2026-03-13 19:00:00+00:00,88.84,89.06,88.384,88.93,124702.91294163
2026-03-13 20:00:00+00:00,88.94,89.13,88.51,88.92,93191.50004142
2026-03-13 21:00:00+00:00,88.92,89.17,88.248,88.58,44454.7023875
2026-03-13 22:00:00+00:00,88.58,88.68,87.68,88.03,87842.2556502301
2026-03-13 23:00:00+00:00,88.04,88.27,87.76,88.19,36523.79513167
2026-03-14 00:00:00+00:00,88.18,88.4,87.82,87.96,29179.55234531
2026-03-14 01:00:00+00:00,87.94,88.38,87.82,88.25,36257.71598994999
2026-03-14 02:00:00+00:00,88.25,88.34,87.968,88.24,14492.883325809998
2026-03-14 03:00:00+00:00,88.26,88.66,88.224,88.43,23825.76371387
2026-03-14 04:00:00+00:00,88.42,88.71,88.2,88.26,37629.47113336997
2026-03-14 05:00:00+00:00,88.27,88.41,87.88,88.11,35611.906492830014
2026-03-14 06:00:00+00:00,88.12,88.12,86.94,87.27,53486.73739827
2026-03-14 07:00:00+00:00,87.26,87.46,87.19,87.351,19348.520439860004
2026-03-14 08:00:00+00:00,87.34,87.59,87.1,87.15,16871.0637377
2026-03-14 09:00:00+00:00,87.16,87.33,86.65,86.87,21545.4275877
2026-03-14 10:00:00+00:00,86.86,86.94,86.54,86.68,31266.426007470007
2026-03-14 11:00:00+00:00,86.67,87.039,86.65,87.005,23318.17972758
2026-03-14 12:00:00+00:00,86.975,87.14,86.82,87.12,28428.719604909988
2026-03-14 13:00:00+00:00,87.14,87.39,87.05,87.13,15898.90500425
2026-03-14 14:00:00+00:00,87.13,87.26,86.63,86.73,26430.599063059995
2026-03-14 15:00:00+00:00,86.74,86.949,86.64,86.74,22116.21178330999
2026-03-14 16:00:00+00:00,86.76,87.15,86.62,87.09,31656.710149349983
2026-03-14 17:00:00+00:00,87.09,87.11,86.84,86.9,12436.339280610004
2026-03-14 18:00:00+00:00,86.92,87.12,86.793,87.05,12213.42494095
2026-03-14 19:00:00+00:00,87.05,87.16,86.9,87.03,15105.84116301
2026-03-14 20:00:00+00:00,87.02,87.19,86.857,87.1,24657.416709059984
2026-03-14 21:00:00+00:00,87.1,87.36,86.86,87.3,15716.548240790002
2026-03-14 22:00:00+00:00,87.31,87.54,87.21,87.34,28660.07201954
2026-03-14 23:00:00+00:00,87.34,88.2,87.33,88.07,55380.67551264999
2026-03-15 00:00:00+00:00,88.07,88.23,87.685,87.77,36517.76666626999
2026-03-15 01:00:00+00:00,87.77,87.94,87.57,87.7,32732.93201506
2026-03-15 02:00:00+00:00,87.71,88.69,87.7,88.3,100794.06916877996
2026-03-15 03:00:00+00:00,88.31,88.44,87.67,87.88,48261.64448898
2026-03-15 04:00:00+00:00,87.88,88.35,87.868,88.33,23987.54240951
2026-03-15 05:00:00+00:00,88.33,88.66,88.11,88.33,44495.49716475002
2026-03-15 06:00:00+00:00,88.33,88.6,88.1,88.36,24568.470286949992
2026-03-15 07:00:00+00:00,88.36,88.55,88.124,88.23,17377.36080757
2026-03-15 08:00:00+00:00,88.23,88.54,88.13,88.51,21379.46407639
2026-03-15 09:00:00+00:00,88.5,88.89,88.42,88.55,31528.26721838001
2026-03-15 10:00:00+00:00,88.56,88.72,88.36,88.49,14686.575843639996
2026-03-15 11:00:00+00:00,88.49,88.69,88.24,88.58,28737.08055583
2026-03-15 12:00:00+00:00,88.57,88.58,88.152,88.27,13720.089168030005
2026-03-15 13:00:00+00:00,88.29,88.41,87.34,87.86,67004.58617297
2026-03-15 14:00:00+00:00,87.86,88.05,87.55,87.97,38280.20028774999
2026-03-15 15:00:00+00:00,87.99,88.13,87.746,87.91,20676.15740878
2026-03-15 16:00:00+00:00,87.93,88.06,87.425,87.57,25506.61455844001
2026-03-15 17:00:00+00:00,87.56,88.82,87.48,88.44,30477.73490088996
2026-03-15 18:00:00+00:00,88.43,88.68,87.86,87.93,64310.90232468
2026-03-15 19:00:00+00:00,87.93,88.3,87.82,88.2,23461.19312062
2026-03-15 20:00:00+00:00,88.21,89.06,87.98,88.77,32818.93481688998
2026-03-15 21:00:00+00:00,88.77,90.3,88.542,89.99,72437.04731029998
2026-03-15 22:00:00+00:00,90.0,92.93,89.76,92.64,297073.8810635496
2026-03-15 23:00:00+00:00,92.67,93.23,91.63,92.33,178307.1493799799
2026-03-16 00:00:00+00:00,92.31,93.08,91.89,92.02,125389.11258197996
2026-03-16 01:00:00+00:00,92.03,92.26,91.506,92.12,103235.02922407996
2026-03-16 02:00:00+00:00,92.13,92.33,91.17,91.5,84154.58723982995
2026-03-16 03:00:00+00:00,91.51,93.97,91.28,93.16,224944.02424151
2026-03-16 04:00:00+00:00,93.17,94.22,92.927,93.63,145744.13987182986
2026-03-16 05:00:00+00:00,93.61,94.35,93.191,94.04,148250.32798067998
2026-03-16 06:00:00+00:00,94.04,94.04,93.11,93.41,72552.13276987005
2026-03-16 07:00:00+00:00,93.41,93.903,93.31,93.57,68650.65190527
2026-03-16 08:00:00+00:00,93.555,94.02,92.5,92.86,84860.01369904002
2026-03-16 09:00:00+00:00,92.87,93.47,92.719,93.28,60351.34552514
2026-03-16 10:00:00+00:00,93.32,93.98,93.25,93.92,48852.68731866001
2026-03-16 11:00:00+00:00,93.92,93.99,93.484,93.77,33925.53035108001
2026-03-16 12:00:00+00:00,93.77,94.21,93.401,93.79,98266.89167772002
2026-03-16 13:00:00+00:00,93.79,95.13,93.39,93.68,232081.1709542399
2026-03-16 14:00:00+00:00,93.69,94.56,92.356,93.62,217623.66546101987
2026-03-16 15:00:00+00:00,93.62,94.37,93.07,93.2,99109.20217347998
2026-03-16 16:00:00+00:00,93.2,94.06,93.101,93.82,77630.35170828995
2026-03-16 17:00:00+00:00,93.82,94.42,93.67,94.07,82568.72448728
2026-03-16 18:00:00+00:00,94.08,95.108,94.048,94.39,103205.42106383992
2026-03-16 19:00:00+00:00,94.39,95.5,94.149,95.22,146900.72134124997
2026-03-16 20:00:00+00:00,95.23,95.99,95.06,95.79,117661.77902838
2026-03-16 21:00:00+00:00,95.77,96.9,95.49,96.18,135269.8990183098
2026-03-16 22:00:00+00:00,96.22,97.7,96.15,96.36,165418.04621545007
2026-03-16 23:00:00+00:00,96.38,96.49,95.413,96.2,116135.13273658004
2026-03-17 00:00:00+00:00,96.2,96.96,95.11,95.5,155713.68311618007
2026-03-17 01:00:00+00:00,95.46,96.1,94.929,95.71,116378.05446689
2026-03-17 02:00:00+00:00,95.72,95.78,94.88,95.17,72140.86182026
2026-03-17 03:00:00+00:00,95.16,95.31,93.709,94.09,102694.51993543994
2026-03-17 04:00:00+00:00,94.08,94.27,93.17,93.82,102049.84574386002
2026-03-17 05:00:00+00:00,93.82,94.11,93.329,93.81,82727.26781626996
2026-03-17 06:00:00+00:00,93.8,94.3,93.48,93.9,29047.494566800004
2026-03-17 07:00:00+00:00,93.91,94.66,93.827,94.405,28804.923581549985
2026-03-17 08:00:00+00:00,94.44,94.96,94.27,94.43,39672.7667187
2026-03-17 09:00:00+00:00,94.42,95.11,93.68,93.91,77804.72291507
2026-03-17 10:00:00+00:00,93.92,94.07,93.25,93.535,78268.62265774005
2026-03-17 11:00:00+00:00,93.59,93.93,93.38,93.68,50396.50100408001
2026-03-17 12:00:00+00:00,93.66,94.1,93.141,93.44,43552.36939375001
2026-03-17 13:00:00+00:00,93.43,94.59,93.34,93.82,112542.54256077996
2026-03-17 14:00:00+00:00,93.81,94.73,93.5,94.54,87974.16232217
2026-03-17 15:00:00+00:00,94.53,95.16,93.25,93.86,103568.45600109002
2026-03-17 16:00:00+00:00,93.85,94.84,93.71,94.42,73995.43412710993
2026-03-17 17:00:00+00:00,94.42,94.8,94.13,94.6,38995.18959505
2026-03-17 18:00:00+00:00,94.6,95.64,94.43,95.35,139445.72899380975
2026-03-17 19:00:00+00:00,95.35,95.59,94.629,94.67,53774.87551874999
2026-03-17 20:00:00+00:00,94.67,95.07,94.42,94.93,28683.11516582
2026-03-17 21:00:00+00:00,94.883,95.49,94.86,95.3,16906.000859049997
2026-03-17 22:00:00+00:00,95.29,95.66,94.577,95.35,83563.91605396998
2026-03-17 23:00:00+00:00,95.35,95.47,94.603,94.65,34549.92052063001
2026-03-18 00:00:00+00:00,94.64,94.98,94.12,94.56,52666.42383672
2026-03-18 01:00:00+00:00,94.58,94.97,94.34,94.45,27463.45423278
2026-03-18 02:00:00+00:00,94.47,95.27,94.43,94.98,33074.05188040001
2026-03-18 03:00:00+00:00,94.97,95.68,94.845,95.092,34816.95239386999
2026-03-18 04:00:00+00:00,95.1,95.15,94.05,94.17,54343.59630922001
2026-03-18 05:00:00+00:00,94.17,94.42,93.72,93.94,46131.19688180002
2026-03-18 06:00:00+00:00,93.96,94.68,93.95,94.25,26408.17834667
2026-03-18 07:00:00+00:00,94.26,94.33,93.85,93.99,35416.046231450004
2026-03-18 08:00:00+00:00,93.98,94.28,93.976,94.06,23003.20155595
2026-03-18 09:00:00+00:00,94.05,94.47,93.97,94.29,18044.69031027
2026-03-18 10:00:00+00:00,94.29,94.452,93.52,93.887,21469.85580051
2026-03-18 11:00:00+00:00,93.88,94.1,91.77,92.03,170419.50317444993
2026-03-18 12:00:00+00:00,92.02,92.06,90.34,90.44,219636.89697397995
2026-03-18 13:00:00+00:00,90.48,90.794,89.91,90.34,174634.28799153003
2026-03-18 14:00:00+00:00,90.35,90.449,88.865,88.97,172406.00488159002
2026-03-18 15:00:00+00:00,88.96,89.48,88.56,89.401,109882.95100452
2026-03-18 16:00:00+00:00,89.4,89.4,88.65,88.98,118498.42634403
2026-03-18 17:00:00+00:00,89.0,90.39,88.83,89.952,95448.04411252005
2026-03-18 18:00:00+00:00,89.95,90.87,89.388,89.6,160842.20387307994
2026-03-18 19:00:00+00:00,89.58,90.09,89.414,89.71,94263.4914718
2026-03-18 20:00:00+00:00,89.73,90.17,88.979,90.04,105630.96426803002
2026-03-18 21:00:00+00:00,90.01,90.62,89.94,90.46,54883.68274668999
2026-03-18 22:00:00+00:00,90.48,90.49,89.93,90.03,91258.50718718996
2026-03-18 23:00:00+00:00,90.02,90.18,89.695,90.06,40686.83220447001
2026-03-19 00:00:00+00:00,90.07,90.31,89.82,90.11,33924.803868749994
2026-03-19 01:00:00+00:00,90.13,90.39,89.882,90.18,30031.72247596
2026-03-19 02:00:00+00:00,90.18,90.4,89.78,89.99,28434.03618211999
2026-03-19 03:00:00+00:00,90.0,91.43,89.93,90.75,79570.89428275001
2026-03-19 04:00:00+00:00,90.75,90.75,89.73,89.91,55431.23504694999
2026-03-19 05:00:00+00:00,89.92,90.12,89.68,89.754,27423.988475020004
2026-03-19 06:00:00+00:00,89.76,90.13,89.49,89.859,26357.223126429995
2026-03-19 07:00:00+00:00,89.86,90.05,88.62,89.42,71750.64109662
2026-03-19 08:00:00+00:00,89.43,89.637,89.1,89.36,25962.46976787
2026-03-19 09:00:00+00:00,89.36,90.4,89.11,90.2,62708.36951077
2026-03-19 10:00:00+00:00,90.2,90.48,89.792,89.812,31225.432398810008
2026-03-19 11:00:00+00:00,89.82,90.04,89.45,89.61,44769.51254856998
2026-03-19 12:00:00+00:00,89.61,89.62,88.01,88.11,84104.52326860001
2026-03-19 13:00:00+00:00,88.11,88.74,87.54,88.5,150146.13393486998
2026-03-19 14:00:00+00:00,88.51,88.89,87.44,88.22,84812.33775825
2026-03-19 15:00:00+00:00,88.23,88.75,87.15,87.62,222624.36539971008
2026-03-19 16:00:00+00:00,87.64,87.8,86.98,87.67,103447.65819963998
2026-03-19 17:00:00+00:00,87.69,88.36,87.06,88.13,89796.34191168999
2026-03-19 18:00:00+00:00,88.13,88.32,87.66,88.146,50052.01040625998
2026-03-19 19:00:00+00:00,88.12,89.26,88.11,88.69,122204.82180431996
2026-03-19 20:00:00+00:00,88.73,89.217,88.64,88.99,60226.60389306997
2026-03-19 21:00:00+00:00,88.98,89.321,88.87,89.11,27934.341062079988
2026-03-19 22:00:00+00:00,89.15,89.18,88.37,88.78,37417.30812965999
2026-03-19 23:00:00+00:00,88.77,89.18,88.6,88.87,67607.56261481998
2026-03-20 00:00:00+00:00,88.9,89.43,88.861,89.42,47738.80337125999
2026-03-20 01:00:00+00:00,89.415,89.79,89.32,89.48,42951.63055055
2026-03-20 02:00:00+00:00,89.48,89.59,88.876,89.31,22834.41189538
2026-03-20 03:00:00+00:00,89.31,89.72,89.245,89.568,25102.65545333
2026-03-20 04:00:00+00:00,89.57,89.76,88.72,89.289,30453.804685
2026-03-20 05:00:00+00:00,89.28,89.53,88.86,89.36,56743.69048373002
2026-03-20 06:00:00+00:00,89.37,89.37,88.91,89.09,28245.43295967
2026-03-20 07:00:00+00:00,89.1,89.5,88.47,89.38,15542.137913399996
2026-03-20 08:00:00+00:00,89.39,90.45,89.32,89.78,69059.87349320002
2026-03-20 09:00:00+00:00,89.78,89.8,88.64,88.96,29968.03722021
2026-03-20 10:00:00+00:00,88.96,89.48,88.62,89.33,24879.86579696
2026-03-20 11:00:00+00:00,89.32,89.59,88.87,89.16,23371.375567050003
2026-03-20 12:00:00+00:00,89.14,89.54,89.01,89.13,39368.20442952999
2026-03-20 13:00:00+00:00,89.15,89.65,88.6,88.82,110026.64010561998
2026-03-20 14:00:00+00:00,88.81,89.75,88.46,88.91,83541.34016593992
2026-03-20 15:00:00+00:00,88.91,89.3,88.59,88.93,56989.97256652
2026-03-20 16:00:00+00:00,88.94,89.2,88.6,88.9,37690.258316260006
2026-03-20 17:00:00+00:00,88.9,89.03,88.12,88.87,72735.40997121001
2026-03-20 18:00:00+00:00,88.88,88.97,88.14,88.56,38747.76934811001
2026-03-20 19:00:00+00:00,88.54,89.06,88.2,89.0,49144.64430408999
2026-03-20 20:00:00+00:00,88.98,89.364,88.642,89.0,47485.63478059
2026-03-20 21:00:00+00:00,89.01,90.01,88.91,89.58,50184.76690467
2026-03-20 22:00:00+00:00,89.61,90.3,89.57,90.08,44242.73299516
2026-03-20 23:00:00+00:00,90.09,90.14,89.72,89.82,20813.06473145999
2026-03-21 00:00:00+00:00,89.83,90.233,89.83,90.01,20496.434402529994
2026-03-21 01:00:00+00:00,90.006,90.33,89.71,89.87,24453.194777019995
2026-03-21 02:00:00+00:00,89.86,90.81,89.75,90.43,32008.89754515
2026-03-21 03:00:00+00:00,90.45,90.95,90.3,90.44,20391.64269232
2026-03-21 04:00:00+00:00,90.45,90.81,90.13,90.27,31652.62272245
2026-03-21 05:00:00+00:00,90.27,90.512,89.96,89.96,17056.13371826
2026-03-21 06:00:00+00:00,89.96,90.305,89.91,90.15,18497.93411587
2026-03-21 07:00:00+00:00,90.14,90.4,89.91,90.12,14906.915341469998
2026-03-21 08:00:00+00:00,90.13,90.13,89.79,90.01,11739.12545656
2026-03-21 09:00:00+00:00,90.01,90.38,89.95,90.19,31385.056561090005
2026-03-21 10:00:00+00:00,90.16,90.22,89.87,89.92,10413.05494043
2026-03-21 11:00:00+00:00,89.93,90.03,89.8,89.934,7797.66388823
2026-03-21 12:00:00+00:00,89.95,90.27,89.86,90.19,25360.79710357
2026-03-21 13:00:00+00:00,90.19,90.29,89.958,90.01,22372.67434608
2026-03-21 14:00:00+00:00,90.01,90.5,89.63,89.66,38170.98931822
2026-03-21 15:00:00+00:00,89.65,89.93,89.37,89.83,26751.65711638
2026-03-21 16:00:00+00:00,89.83,90.0,89.56,89.67,27628.68546427
2026-03-21 17:00:00+00:00,89.68,89.8,89.4,89.55,20128.62533994
2026-03-21 18:00:00+00:00,89.53,89.93,89.53,89.77,11247.263403569998
2026-03-21 19:00:00+00:00,89.76,89.91,89.68,89.78,9617.033730010004
2026-03-21 20:00:00+00:00,89.79,90.29,89.756,90.142,36680.79980671001
2026-03-21 21:00:00+00:00,90.15,90.21,89.88,89.988,18543.94041615
2026-03-21 22:00:00+00:00,90.02,90.05,89.78,89.88,11229.04763651
2026-03-21 23:00:00+00:00,89.88,89.9,87.115,87.34,102728.71700683
2026-03-22 00:00:00+00:00,87.56,87.76,86.24,87.31,164685.90525205998
2026-03-22 01:00:00+00:00,87.31,87.71,86.94,87.44,54846.11923406999
2026-03-22 02:00:00+00:00,87.44,88.451,87.42,88.15,62804.16968233004
2026-03-22 03:00:00+00:00,88.15,89.16,87.75,88.66,45157.17457152998
2026-03-22 04:00:00+00:00,88.66,89.2,88.58,89.01,48408.20557617
2026-03-22 05:00:00+00:00,89.0,89.0,88.439,88.47,35229.386314270014
2026-03-22 06:00:00+00:00,88.47,88.47,88.06,88.19,24598.354379159995
2026-03-22 07:00:00+00:00,88.18,88.32,87.626,87.676,30491.689658859992
2026-03-22 08:00:00+00:00,87.71,87.72,86.829,87.36,66561.51993862
2026-03-22 09:00:00+00:00,87.41,87.65,87.178,87.32,48874.186917790015
2026-03-22 10:00:00+00:00,87.32,87.51,87.2,87.33,18413.04383459
2026-03-22 11:00:00+00:00,87.32,87.47,86.79,86.83,33284.267205659984
2026-03-22 12:00:00+00:00,86.85,87.44,86.8,87.27,26197.93630879
2026-03-22 13:00:00+00:00,87.26,87.71,86.9,87.31,43645.17553293001
2026-03-22 14:00:00+00:00,87.319,87.59,87.04,87.19,18926.823028579995
2026-03-22 15:00:00+00:00,87.21,87.59,87.16,87.572,29377.97845946
2026-03-22 16:00:00+00:00,87.56,87.71,87.25,87.47,40996.03898626002
2026-03-22 17:00:00+00:00,87.48,87.56,87.2,87.27,14295.174221000005
2026-03-22 18:00:00+00:00,87.26,87.32,86.477,87.01,41134.43261939
2026-03-22 19:00:00+00:00,87.01,87.03,86.58,86.864,38154.43800398
2026-03-22 20:00:00+00:00,86.88,87.18,86.54,86.58,32913.75369808
2026-03-22 21:00:00+00:00,86.57,86.65,85.01,85.98,151654.08867258995
2026-03-22 22:00:00+00:00,85.97,86.8,85.509,86.75,149820.58220786
2026-03-22 23:00:00+00:00,86.74,87.02,86.01,86.14,74759.24336098
2026-03-23 00:00:00+00:00,86.21,86.61,85.45,85.87,57893.39091921001
2026-03-23 01:00:00+00:00,85.89,86.61,85.74,86.07,36264.08996403
2026-03-23 02:00:00+00:00,86.09,86.96,86.03,86.72,28756.69647531
2026-03-23 03:00:00+00:00,86.7,87.2,86.36,86.38,28525.13664931
2026-03-23 04:00:00+00:00,86.4,86.92,86.29,86.88,23006.056682869992
2026-03-23 05:00:00+00:00,86.89,87.35,86.81,87.15,47881.45692317
2026-03-23 06:00:00+00:00,87.14,87.169,85.44,85.71,67206.86078265
2026-03-23 07:00:00+00:00,85.71,86.2,85.08,85.98,91289.87769629
2026-03-23 08:00:00+00:00,85.98,86.45,85.83,85.931,35516.89167170001
2026-03-23 09:00:00+00:00,85.93,86.0,85.17,85.73,32772.27589782
2026-03-23 10:00:00+00:00,85.74,86.31,85.618,86.02,37080.04799038
2026-03-23 11:00:00+00:00,86.03,92.0,86.019,88.75,545630.7976916698
2026-03-23 12:00:00+00:00,88.75,90.5,88.312,90.2,162332.0348751201
2026-03-23 13:00:00+00:00,90.21,91.48,89.88,91.32,153630.11456484997
2026-03-23 14:00:00+00:00,91.33,91.72,91.044,91.5,183568.58192231
2026-03-23 15:00:00+00:00,91.5,92.27,89.78,89.94,211310.73022101
2026-03-23 16:00:00+00:00,89.93,90.43,89.38,90.33,120424.04141401
2026-03-23 17:00:00+00:00,90.33,91.39,89.66,91.26,120207.74321801
2026-03-23 18:00:00+00:00,91.25,91.79,90.91,91.61,96685.68392589
2026-03-23 19:00:00+00:00,91.61,91.883,91.21,91.35,84954.51019556001
2026-03-23 20:00:00+00:00,91.34,92.02,91.219,91.77,53019.77571207001
2026-03-23 21:00:00+00:00,91.76,91.95,91.49,91.6,27835.71220301
2026-03-23 22:00:00+00:00,91.65,91.88,91.15,91.505,42577.67795453998
2026-03-23 23:00:00+00:00,91.53,91.53,90.95,91.47,44251.86225407001
2026-03-24 00:00:00+00:00,91.41,91.643,90.59,90.98,54801.34963801001
2026-03-24 01:00:00+00:00,90.98,91.04,90.12,90.39,50414.95852342002
2026-03-24 02:00:00+00:00,90.39,90.757,90.07,90.12,23965.90836704
2026-03-24 03:00:00+00:00,90.13,90.35,89.94,90.32,38405.3375259
2026-03-24 04:00:00+00:00,90.32,90.81,90.11,90.31,21351.8292483
2026-03-24 05:00:00+00:00,90.33,90.4,89.96,90.11,39982.0325408
2026-03-24 06:00:00+00:00,90.11,90.52,90.02,90.435,36104.89230291999
2026-03-24 07:00:00+00:00,90.44,91.85,90.38,91.7,76772.72286483002
2026-03-24 08:00:00+00:00,91.71,91.91,91.23,91.56,52095.10604616999
2026-03-24 09:00:00+00:00,91.55,92.14,91.116,92.103,68799.20797847
2026-03-24 10:00:00+00:00,92.1,92.2,91.7,91.81,51554.822091580034
2026-03-24 11:00:00+00:00,91.83,92.18,91.31,91.75,68360.43273712
2026-03-24 12:00:00+00:00,91.76,91.85,91.35,91.57,30898.36635794
2026-03-24 13:00:00+00:00,91.6,91.74,89.55,89.84,201878.48850568
2026-03-24 14:00:00+00:00,89.85,90.23,88.66,89.511,235903.20951942
2026-03-24 15:00:00+00:00,89.51,90.29,89.48,89.72,78162.97615435
2026-03-24 16:00:00+00:00,89.72,89.97,89.03,89.24,69915.21576944999
2026-03-24 17:00:00+00:00,89.24,89.38,88.64,89.14,109234.85431380004
2026-03-24 18:00:00+00:00,89.12,89.65,88.82,88.85,105046.28876725
2026-03-24 19:00:00+00:00,88.85,89.26,88.38,88.47,131743.71861646004
2026-03-24 20:00:00+00:00,88.48,90.2,88.46,89.99,175960.33095384
2026-03-24 21:00:00+00:00,89.99,90.57,89.65,90.33,78720.17596248003
2026-03-24 22:00:00+00:00,90.41,90.71,90.04,90.27,50230.86441580999
2026-03-24 23:00:00+00:00,90.275,91.13,90.18,90.76,75007.47640866999
2026-03-25 00:00:00+00:00,90.76,91.59,90.679,91.28,83436.47365970998
2026-03-25 01:00:00+00:00,91.27,91.46,90.9,90.93,52436.381413750016
2026-03-25 02:00:00+00:00,90.9,91.49,90.77,91.08,32483.63250061
2026-03-25 03:00:00+00:00,91.07,91.9,90.75,91.65,61362.62287099001
2026-03-25 04:00:00+00:00,91.66,92.07,91.53,92.01,38212.36529126
2026-03-25 05:00:00+00:00,92.03,92.91,91.92,92.38,97362.31473826
2026-03-25 06:00:00+00:00,92.39,92.89,92.24,92.36,60446.22020556
2026-03-25 07:00:00+00:00,92.36,92.48,91.74,91.787,39208.44223123
2026-03-25 08:00:00+00:00,91.79,92.71,91.77,92.33,66063.97101399
2026-03-25 09:00:00+00:00,92.33,92.65,92.11,92.53,57177.27069500001
2026-03-25 10:00:00+00:00,92.53,92.69,92.37,92.635,30819.012937579995
2026-03-25 11:00:00+00:00,92.66,93.45,92.446,92.97,92160.80859586
2026-03-25 12:00:00+00:00,92.964,93.391,92.325,93.013,94891.18045375
2026-03-25 13:00:00+00:00,93.03,93.407,92.66,92.72,125398.62706970998
2026-03-25 14:00:00+00:00,92.717,92.91,91.88,91.93,123272.13817626002
2026-03-25 15:00:00+00:00,91.94,92.07,90.979,91.746,104911.25197519
2026-03-25 16:00:00+00:00,91.76,92.71,91.568,92.2,96904.15387786002
2026-03-25 17:00:00+00:00,92.19,92.331,91.57,91.68,98583.28114413998
2026-03-25 18:00:00+00:00,91.675,92.17,91.44,91.67,83962.42345221003
2026-03-25 19:00:00+00:00,91.66,91.98,91.35,91.72,73770.11292105
2026-03-25 20:00:00+00:00,91.72,91.75,91.06,91.44,65769.77354632
2026-03-25 21:00:00+00:00,91.46,91.62,91.11,91.23,35573.11037853001
2026-03-25 22:00:00+00:00,91.26,91.911,90.98,91.71,100285.14029374004
2026-03-25 23:00:00+00:00,91.72,91.83,91.447,91.66,24552.040946990004
2026-03-26 00:00:00+00:00,91.67,91.99,91.468,91.67,65949.32389321999
2026-03-26 01:00:00+00:00,91.65,91.95,91.569,91.8,42881.640322700005
2026-03-26 02:00:00+00:00,91.8,91.87,90.63,90.92,45667.390032989984
2026-03-26 03:00:00+00:00,90.92,91.14,90.57,91.04,32873.43926912
2026-03-26 04:00:00+00:00,91.05,91.06,90.642,90.78,22296.93330718
2026-03-26 05:00:00+00:00,90.78,90.85,89.1,89.23,119121.27736032
2026-03-26 06:00:00+00:00,89.2,89.31,88.85,89.02,84636.13556726005
2026-03-26 07:00:00+00:00,89.01,89.36,88.77,89.068,49737.85078338001
2026-03-26 08:00:00+00:00,89.07,89.12,88.61,88.82,56842.45939811999
2026-03-26 09:00:00+00:00,88.84,88.98,87.69,88.093,57867.55378046999
2026-03-26 10:00:00+00:00,88.11,88.36,87.7,87.91,50200.56903094
2026-03-26 11:00:00+00:00,87.9,88.09,87.41,87.53,71378.95698259003
2026-03-26 12:00:00+00:00,87.54,87.8,87.36,87.53,54384.16860060001
2026-03-26 13:00:00+00:00,87.56,88.21,87.27,87.89,127991.24112099
2026-03-26 14:00:00+00:00,87.89,88.14,87.11,87.49,94242.43389240002
2026-03-26 15:00:00+00:00,87.5,87.77,86.602,87.49,104865.58763584004
2026-03-26 16:00:00+00:00,87.5,87.69,87.06,87.14,80143.16685254002
2026-03-26 17:00:00+00:00,87.16,87.45,86.472,86.58,96159.18491698997
2026-03-26 18:00:00+00:00,86.56,86.79,85.63,86.0,152245.39582742
2026-03-26 19:00:00+00:00,86.06,86.08,85.36,85.4,102023.75179703
2026-03-26 20:00:00+00:00,85.39,87.06,85.37,86.29,175810.58551371997
2026-03-26 21:00:00+00:00,86.29,87.14,86.16,86.77,48675.93691555
2026-03-26 22:00:00+00:00,86.77,86.85,86.17,86.77,72888.18275333001
2026-03-26 23:00:00+00:00,86.77,86.93,86.16,86.47,57917.41946543
2026-03-27 00:00:00+00:00,86.48,86.78,86.12,86.49,97229.10935887
2026-03-27 01:00:00+00:00,86.49,86.88,86.38,86.82,39256.12118831
2026-03-27 02:00:00+00:00,86.83,86.99,86.477,86.66,17944.91554003
2026-03-27 03:00:00+00:00,86.65,86.78,86.29,86.36,27944.56583725
2026-03-27 04:00:00+00:00,86.38,86.4,85.697,86.12,47537.365501929984
2026-03-27 05:00:00+00:00,86.11,86.71,85.88,86.04,33425.25973443
2026-03-27 06:00:00+00:00,86.05,86.35,85.86,86.012,27080.18132427
2026-03-27 07:00:00+00:00,86.02,86.33,85.65,85.87,32839.62931072
2026-03-27 08:00:00+00:00,85.89,86.09,84.31,85.13,149509.86205393996
2026-03-27 09:00:00+00:00,85.06,85.24,84.35,85.02,60377.51208202998
2026-03-27 10:00:00+00:00,85.02,85.15,82.61,82.93,205401.90808883
2026-03-27 11:00:00+00:00,82.97,83.59,82.58,83.34,84294.28013388
2026-03-27 12:00:00+00:00,83.35,83.41,83.02,83.06,77584.91367536999
2026-03-27 13:00:00+00:00,83.054,83.51,82.43,82.873,106806.11829627998
2026-03-27 14:00:00+00:00,82.88,83.31,82.56,83.14,159913.49089831006
2026-03-27 15:00:00+00:00,83.12,84.0,82.93,83.296,298920.2035339901
2026-03-27 16:00:00+00:00,83.3,83.37,82.58,83.0,137336.35803561998
2026-03-27 17:00:00+00:00,82.96,83.39,82.03,82.17,106507.15548392
2026-03-27 18:00:00+00:00,82.16,82.47,81.78,82.35,89043.69528996997
2026-03-27 19:00:00+00:00,82.33,82.88,82.0,82.72,77023.20344037
2026-03-27 20:00:00+00:00,82.75,82.97,82.31,82.7,38438.12291142
2026-03-27 21:00:00+00:00,82.71,83.03,82.62,82.68,30867.92320881
2026-03-27 22:00:00+00:00,82.7,83.09,82.46,82.67,23660.996687090003
2026-03-27 23:00:00+00:00,82.67,83.08,82.42,82.99,26185.73285012001
2026-03-28 00:00:00+00:00,83.04,83.1,82.65,82.79,59905.62999645
2026-03-28 01:00:00+00:00,82.79,82.84,82.16,82.6,41731.71795144998
2026-03-28 02:00:00+00:00,82.61,82.88,82.31,82.5,27663.551332180006
2026-03-28 03:00:00+00:00,82.52,82.7,82.44,82.55,14023.28945852
2026-03-28 04:00:00+00:00,82.55,82.75,82.343,82.51,19454.282725490004
2026-03-28 05:00:00+00:00,82.51,82.77,82.31,82.69,24810.923135779994
2026-03-28 06:00:00+00:00,82.71,83.26,82.59,83.12,74629.07385187001
2026-03-28 07:00:00+00:00,83.11,83.63,83.1,83.58,18518.349985430006
2026-03-28 08:00:00+00:00,83.58,83.68,83.3,83.33,19693.70807227
2026-03-28 09:00:00+00:00,83.33,83.38,82.87,83.0,32921.70441095001
2026-03-28 10:00:00+00:00,82.99,83.29,82.64,82.96,11591.27083525
2026-03-28 11:00:00+00:00,83.01,83.04,82.84,82.882,26130.22388534
2026-03-28 12:00:00+00:00,82.89,83.17,82.554,82.63,34562.70996342
2026-03-28 13:00:00+00:00,82.64,84.07,82.607,83.308,73244.00662151
2026-03-28 14:00:00+00:00,83.32,83.51,82.935,83.18,52727.12573005002
2026-03-28 15:00:00+00:00,83.17,84.28,83.14,83.749,126595.74648630996
2026-03-28 16:00:00+00:00,83.76,83.92,83.42,83.492,36090.35181019
2026-03-28 17:00:00+00:00,83.51,83.72,83.08,83.26,33943.98226279001
2026-03-28 18:00:00+00:00,83.26,83.52,83.23,83.31,19449.898594200004
2026-03-28 19:00:00+00:00,83.31,83.42,82.97,83.23,18120.315632639995
2026-03-28 20:00:00+00:00,83.23,83.5,83.219,83.34,21287.760382429995
2026-03-28 21:00:00+00:00,83.34,83.45,82.3,82.645,68261.56433896
2026-03-28 22:00:00+00:00,82.63,82.87,82.4,82.74,24462.49663733001
2026-03-28 23:00:00+00:00,82.75,82.82,81.648,81.985,73350.73594495998
2026-03-29 00:00:00+00:00,82.04,82.23,81.797,82.163,21258.32739307
2026-03-29 01:00:00+00:00,82.15,82.5,82.01,82.405,37236.14475284
2026-03-29 02:00:00+00:00,82.41,82.83,82.336,82.71,17140.423425070003
2026-03-29 03:00:00+00:00,82.72,83.22,82.63,82.95,23891.84589962
2026-03-29 04:00:00+00:00,82.95,83.03,82.65,82.72,11841.358037280004
2026-03-29 05:00:00+00:00,82.72,82.86,82.35,82.664,18568.041607440005
2026-03-29 06:00:00+00:00,82.65,82.81,82.23,82.43,16562.383570490005
2026-03-29 07:00:00+00:00,82.42,82.57,82.15,82.49,7783.70754936
2026-03-29 08:00:00+00:00,82.39,82.6,82.277,82.46,9737.990407319998
2026-03-29 09:00:00+00:00,82.4,82.52,82.09,82.29,15469.17680455
2026-03-29 10:00:00+00:00,82.3,82.36,81.91,82.06,15642.909948449997
2026-03-29 11:00:00+00:00,82.07,82.84,82.05,82.53,29628.11291839001
2026-03-29 12:00:00+00:00,82.53,82.62,82.157,82.39,9980.3523211
2026-03-29 13:00:00+00:00,82.39,82.46,81.656,81.86,41839.7729324
2026-03-29 14:00:00+00:00,81.85,82.37,81.61,81.87,39241.32956813
2026-03-29 15:00:00+00:00,81.87,82.12,81.18,81.76,47371.148350880016
2026-03-29 16:00:00+00:00,81.77,82.11,81.55,81.63,23429.93872194
2026-03-29 17:00:00+00:00,81.64,81.84,81.1,81.492,43058.073219690006
2026-03-29 18:00:00+00:00,81.49,81.91,81.33,81.722,36475.27167243001
2026-03-29 19:00:00+00:00,81.73,81.85,81.47,81.54,20479.94237276
2026-03-29 20:00:00+00:00,81.55,82.17,81.53,81.857,24198.79300695
2026-03-29 21:00:00+00:00,81.86,82.23,81.76,82.18,24182.6701812
2026-03-29 22:00:00+00:00,82.1,82.18,78.909,80.86,237501.08780205995
2026-03-29 23:00:00+00:00,80.95,81.67,80.84,81.36,87752.30931495997
2026-03-30 00:00:00+00:00,81.37,82.96,81.09,81.82,106359.93148791998
2026-03-30 01:00:00+00:00,81.82,82.86,81.82,82.64,75916.05424054002
2026-03-30 02:00:00+00:00,82.65,83.9,82.41,83.29,78335.81311956001
2026-03-30 03:00:00+00:00,83.28,83.48,82.85,83.189,54825.52866142001
2026-03-30 04:00:00+00:00,83.22,83.81,83.183,83.71,47601.898700430014
2026-03-30 05:00:00+00:00,83.71,84.18,83.414,83.57,80122.89722968999
2026-03-30 06:00:00+00:00,83.67,83.84,83.35,83.4,40967.98094056999
2026-03-30 07:00:00+00:00,83.4,84.222,83.29,83.94,51494.07290108998
2026-03-30 08:00:00+00:00,83.94,84.86,83.92,84.448,73918.57962210999
2026-03-30 09:00:00+00:00,84.45,84.48,83.98,84.059,72455.14547889
2026-03-30 10:00:00+00:00,84.08,84.21,83.52,83.85,55366.965162180015
2026-03-30 11:00:00+00:00,83.86,84.95,83.809,84.19,87984.52364950995
2026-03-30 12:00:00+00:00,84.2,84.58,84.06,84.45,66116.11341559999
2026-03-30 13:00:00+00:00,84.45,84.97,83.87,83.94,126672.59801614998
2026-03-30 14:00:00+00:00,83.939,84.61,83.6,84.34,153990.92212866
2026-03-30 15:00:00+00:00,84.33,84.74,83.85,84.45,72148.75484268999
2026-03-30 16:00:00+00:00,84.51,84.51,83.87,84.168,61118.913953140014
2026-03-30 17:00:00+00:00,84.16,84.42,83.03,83.185,117882.43321811
2026-03-30 18:00:00+00:00,83.18,83.39,82.37,82.61,60613.50942141001
2026-03-30 19:00:00+00:00,82.613,82.69,81.87,82.32,84946.18739468999
2026-03-30 20:00:00+00:00,82.32,82.88,82.28,82.72,43907.81281146998
2026-03-30 21:00:00+00:00,82.72,83.65,82.63,83.102,66044.74112164999
2026-03-30 22:00:00+00:00,83.096,83.47,82.57,82.747,78623.63828004006
2026-03-30 23:00:00+00:00,82.82,82.82,82.06,82.41,39842.98620184
2026-03-31 00:00:00+00:00,82.49,82.94,82.07,82.633,173368.78907454
2026-03-31 01:00:00+00:00,82.64,84.59,82.53,83.76,123983.33039208998
2026-03-31 02:00:00+00:00,83.78,84.06,83.51,83.75,33784.28364731
2026-03-31 03:00:00+00:00,83.79,83.89,83.2,83.52,26678.10464968
2026-03-31 04:00:00+00:00,83.53,83.86,83.21,83.27,32746.30386677001
2026-03-31 05:00:00+00:00,83.27,83.71,82.83,83.69,25964.961433339995
2026-03-31 06:00:00+00:00,83.68,83.78,82.98,83.32,32171.9051374
2026-03-31 07:00:00+00:00,83.33,83.41,82.6,83.006,34500.511015679986
2026-03-31 08:00:00+00:00,83.03,83.32,81.99,82.16,112204.95658653002
2026-03-31 09:00:00+00:00,82.16,82.44,80.05,80.467,182460.24719362
2026-03-31 10:00:00+00:00,80.45,80.91,80.26,80.41,132955.75785223
2026-03-31 11:00:00+00:00,80.4,80.92,80.19,80.78,154842.20030216992
2026-03-31 12:00:00+00:00,80.79,81.11,80.3,80.71,86855.39278394
2026-03-31 13:00:00+00:00,80.71,82.02,80.68,81.76,114472.39545674002
2026-03-31 14:00:00+00:00,81.76,82.58,80.32,80.56,155579.70836177
2026-03-31 15:00:00+00:00,80.58,81.66,80.543,80.79,107607.84768101996
2026-03-31 16:00:00+00:00,80.791,82.95,80.79,82.32,203040.88255872
2026-03-31 17:00:00+00:00,82.29,83.42,82.11,82.31,219088.13685267
2026-03-31 18:00:00+00:00,82.31,83.08,82.29,82.8,108426.95115761002
2026-03-31 19:00:00+00:00,82.81,82.92,82.39,82.6,96102.98185679998
2026-03-31 20:00:00+00:00,82.64,83.37,82.52,83.084,91926.67489655
2026-03-31 21:00:00+00:00,83.18,83.18,82.55,82.77,58228.64463317
2026-03-31 22:00:00+00:00,82.78,82.9,82.26,82.68,70070.11397810999
2026-03-31 23:00:00+00:00,82.69,83.2,82.6,83.1,68138.03927878999
2026-04-01 00:00:00+00:00,83.12,83.53,82.78,83.32,40583.99113906001
2026-04-01 01:00:00+00:00,83.312,83.39,82.63,82.659,39673.20832342999
2026-04-01 02:00:00+00:00,82.68,82.89,82.42,82.58,62277.94296361001
2026-04-01 03:00:00+00:00,82.58,83.46,82.58,83.34,39129.95526351
2026-04-01 04:00:00+00:00,83.37,83.77,83.18,83.677,41639.40113117
2026-04-01 05:00:00+00:00,83.68,84.27,83.26,84.05,50179.82890425
2026-04-01 06:00:00+00:00,84.07,84.68,83.97,84.4,69720.89309693997
2026-04-01 07:00:00+00:00,84.41,84.72,83.77,83.803,74201.87871980004
2026-04-01 08:00:00+00:00,83.81,84.02,83.41,83.61,52340.913052749966
2026-04-01 09:00:00+00:00,83.58,83.73,83.116,83.37,38982.14031118
2026-04-01 10:00:00+00:00,83.38,83.46,83.04,83.35,36621.41628173
2026-04-01 11:00:00+00:00,83.346,83.54,83.14,83.36,25580.9205101
2026-04-01 12:00:00+00:00,83.35,83.68,82.75,82.996,177345.33443767
2026-04-01 13:00:00+00:00,83.0,83.41,82.36,82.62,120290.74938398998
2026-04-01 14:00:00+00:00,82.61,83.52,82.48,83.35,104282.66161994002
2026-04-01 15:00:00+00:00,83.37,84.05,83.06,83.62,84417.54467729997
2026-04-01 16:00:00+00:00,83.59,85.32,83.0,85.25,209811.42807081
2026-04-01 17:00:00+00:00,85.23,86.63,84.25,84.42,220919.96251990995
2026-04-01 18:00:00+00:00,84.44,84.49,83.53,83.624,106999.20415318
2026-04-01 19:00:00+00:00,83.62,84.4,83.62,83.81,63855.13271990999
2026-04-01 20:00:00+00:00,83.82,83.88,82.26,82.54,156867.75248318
2026-04-01 21:00:00+00:00,82.58,83.17,81.39,81.84,177426.21011031
2026-04-01 22:00:00+00:00,81.83,81.93,80.754,81.16,226766.87013372005
2026-04-01 23:00:00+00:00,81.15,81.45,81.01,81.19,49467.74298572001
2026-04-02 00:00:00+00:00,81.19,81.77,80.92,81.61,124643.39279555
2026-04-02 01:00:00+00:00,81.615,81.62,78.953,79.33,418876.1653867701
2026-04-02 02:00:00+00:00,79.32,79.34,78.3,78.86,156912.90278802003
2026-04-02 03:00:00+00:00,78.86,79.4,78.68,78.99,66044.3662064
2026-04-02 04:00:00+00:00,78.99,79.19,78.73,78.82,62526.82437263
2026-04-02 05:00:00+00:00,78.82,79.38,78.59,79.24,62178.42764036001
2026-04-02 06:00:00+00:00,79.28,79.42,78.93,79.12,25192.1965342
2026-04-02 07:00:00+00:00,79.12,79.66,78.97,79.63,22867.29343594
2026-04-02 08:00:00+00:00,79.64,79.74,79.03,79.11,29306.298992880005
2026-04-02 09:00:00+00:00,79.096,79.36,78.92,79.24,56647.30761889
2026-04-02 10:00:00+00:00,79.24,79.29,78.77,78.88,44064.65162385999
2026-04-02 11:00:00+00:00,78.87,78.97,78.162,78.29,79921.50554141
2026-04-02 12:00:00+00:00,78.3,78.582,77.75,77.95,90341.27026617998
2026-04-02 13:00:00+00:00,77.95,78.23,76.69,77.72,215622.16218101
2026-04-02 14:00:00+00:00,77.71,79.71,77.49,79.06,310878.58234402
2026-04-02 15:00:00+00:00,79.06,79.24,78.33,79.02,150872.69702464994
2026-04-02 16:00:00+00:00,79.03,79.88,78.68,79.42,127807.32581610004
2026-04-02 17:00:00+00:00,79.42,79.67,78.538,78.58,115708.03126288002
2026-04-02 18:00:00+00:00,78.58,79.27,78.41,79.12,99909.89161571
2026-04-02 19:00:00+00:00,79.12,79.26,78.68,78.96,116762.69267957998
2026-04-02 20:00:00+00:00,78.99,79.37,78.75,79.17,51248.87064900001
2026-04-02 21:00:00+00:00,79.16,79.24,78.62,78.96,41900.67649899001
2026-04-02 22:00:00+00:00,78.99,79.13,78.73,78.99,30973.02768102
2026-04-02 23:00:00+00:00,78.99,79.15,78.8,78.94,34136.232939500005
2026-04-03 00:00:00+00:00,78.95,79.41,78.87,79.21,44950.68551118
2026-04-03 01:00:00+00:00,79.22,79.8,78.98,79.17,48390.99785604999
2026-04-03 02:00:00+00:00,79.16,79.58,78.841,79.34,48858.06977545999
2026-04-03 03:00:00+00:00,79.35,79.45,79.0,79.03,43326.13095797
2026-04-03 04:00:00+00:00,79.01,79.52,78.98,79.32,54741.06234391998
2026-04-03 05:00:00+00:00,79.32,79.65,79.05,79.33,40459.14185615999
2026-04-03 06:00:00+00:00,79.33,79.7,79.199,79.65,31633.32439625
2026-04-03 07:00:00+00:00,79.65,80.142,79.447,79.95,35272.108167899976
2026-04-03 08:00:00+00:00,79.96,80.12,79.63,79.78,30059.129228020007
2026-04-03 09:00:00+00:00,79.78,80.25,79.68,79.96,62731.65003248001
2026-04-03 10:00:00+00:00,79.95,80.19,79.7,80.18,65298.204891599984
2026-04-03 11:00:00+00:00,80.164,80.46,79.88,80.18,70601.20113391001
2026-04-03 12:00:00+00:00,80.17,80.91,79.23,79.33,94070.48605107002
2026-04-03 13:00:00+00:00,79.33,79.63,79.14,79.61,44567.99974800001
2026-04-03 14:00:00+00:00,79.61,80.34,79.42,80.26,82471.10150570999
2026-04-03 15:00:00+00:00,80.26,80.68,80.143,80.314,73505.43927006003
2026-04-03 16:00:00+00:00,80.319,80.65,80.22,80.546,46942.30579951
2026-04-03 17:00:00+00:00,80.54,80.55,79.88,80.18,48275.43023686998
2026-04-03 18:00:00+00:00,80.17,80.45,80.07,80.1,33308.22669834
2026-04-03 19:00:00+00:00,80.11,80.29,79.85,80.19,34391.15306114001
2026-04-03 20:00:00+00:00,80.19,80.33,80.14,80.18,18331.83268842
2026-04-03 21:00:00+00:00,80.19,80.695,80.11,80.41,51177.58195985999
2026-04-03 22:00:00+00:00,80.42,80.5,79.937,80.15,37709.84879327002
2026-04-03 23:00:00+00:00,80.17,80.54,80.11,80.37,27914.30273723
2026-04-04 00:00:00+00:00,80.39,80.4,80.14,80.2,21104.73403432
2026-04-04 01:00:00+00:00,80.22,80.33,80.041,80.14,25768.25820409001
2026-04-04 02:00:00+00:00,80.14,80.29,80.07,80.18,16078.496369919996
2026-04-04 03:00:00+00:00,80.19,80.29,80.15,80.164,17334.482623179996
2026-04-04 04:00:00+00:00,80.17,80.31,80.1,80.25,13330.530311050004
2026-04-04 05:00:00+00:00,80.25,80.28,80.09,80.19,18193.449592180008
2026-04-04 06:00:00+00:00,80.18,80.53,80.12,80.46,18495.72338822
2026-04-04 07:00:00+00:00,80.45,80.47,80.2,80.3,7720.630173120001
2026-04-04 08:00:00+00:00,80.31,80.4,79.92,79.97,10424.17873319
2026-04-04 09:00:00+00:00,79.98,80.09,79.89,80.02,10104.014075140003
2026-04-04 10:00:00+00:00,80.03,80.28,79.99,80.22,15777.38439001
2026-04-04 11:00:00+00:00,80.21,80.28,80.02,80.18,26164.699440340017
2026-04-04 12:00:00+00:00,80.19,80.24,80.01,80.1,9723.31193091
2026-04-04 13:00:00+00:00,80.1,80.24,79.91,80.03,16971.907704240006
2026-04-04 14:00:00+00:00,80.06,80.36,79.58,80.34,39552.60964822
2026-04-04 15:00:00+00:00,80.32,81.59,80.26,81.08,155819.76146023
2026-04-04 16:00:00+00:00,81.08,81.36,80.716,80.72,52359.17491587
2026-04-04 17:00:00+00:00,80.74,81.02,80.6,80.91,40569.25687973
2026-04-04 18:00:00+00:00,80.92,81.13,80.72,80.83,29282.08271709
2026-04-04 19:00:00+00:00,80.82,81.31,80.74,80.84,50320.14226371
2026-04-04 20:00:00+00:00,80.85,80.87,80.6,80.79,16576.460041430004
2026-04-04 21:00:00+00:00,80.8,81.01,80.75,80.91,25027.75070265
2026-04-04 22:00:00+00:00,80.95,81.07,80.86,80.99,18064.84537259
2026-04-04 23:00:00+00:00,81.0,81.0,80.69,80.82,16336.610804000002
2026-04-05 00:00:00+00:00,80.83,80.85,80.53,80.68,17889.4910136
2026-04-05 01:00:00+00:00,80.68,80.79,80.48,80.5,18690.62130684
2026-04-05 02:00:00+00:00,80.51,80.63,80.357,80.57,17090.92092967
2026-04-05 03:00:00+00:00,80.58,80.61,80.38,80.55,8309.680879669999
2026-04-05 04:00:00+00:00,80.54,80.57,80.26,80.32,20394.67888548
2026-04-05 05:00:00+00:00,80.31,80.41,80.12,80.28,10668.28844367
2026-04-05 06:00:00+00:00,80.29,80.36,79.38,79.58,66040.17485011
2026-04-05 07:00:00+00:00,79.58,79.87,79.49,79.59,52080.2347462
2026-04-05 08:00:00+00:00,79.58,79.7,79.5,79.61,20700.809158130003
2026-04-05 09:00:00+00:00,79.6,79.86,79.6,79.82,13323.996132489998
2026-04-05 10:00:00+00:00,79.83,80.224,79.76,79.82,14363.187214050002
2026-04-05 11:00:00+00:00,79.82,79.92,79.72,79.89,8753.8446351
2026-04-05 12:00:00+00:00,79.9,79.95,78.8,79.01,56156.86412776999
2026-04-05 13:00:00+00:00,79.01,79.24,78.48,79.18,82903.16814993002
2026-04-05 14:00:00+00:00,79.19,79.47,79.12,79.28,27914.52892755
2026-04-05 15:00:00+00:00,79.27,80.29,78.98,79.59,123148.01779898
2026-04-05 16:00:00+00:00,79.59,79.8,79.37,79.44,37641.73813990999
2026-04-05 17:00:00+00:00,79.45,79.95,79.35,79.87,48016.77707949
2026-04-05 18:00:00+00:00,79.86,80.1,79.69,79.909,43738.24082793999
2026-04-05 19:00:00+00:00,79.92,80.22,79.49,79.81,26824.38651327
2026-04-05 20:00:00+00:00,79.81,80.22,79.789,80.17,54718.7915837
2026-04-05 21:00:00+00:00,80.16,80.19,79.48,79.73,54199.39147525001
2026-04-05 22:00:00+00:00,79.73,80.67,79.08,80.55,126477.66869185003
2026-04-05 23:00:00+00:00,80.58,82.1,80.44,81.83,159471.50386034002
2026-04-06 00:00:00+00:00,81.86,82.94,81.86,82.3,178782.30755434005
2026-04-06 01:00:00+00:00,82.32,82.44,81.63,81.67,73415.66671670001
2026-04-06 02:00:00+00:00,81.68,82.78,81.63,82.4,63585.16187423999
2026-04-06 03:00:00+00:00,82.39,82.47,81.926,82.09,39678.46554237
2026-04-06 04:00:00+00:00,82.08,82.32,81.77,81.97,38323.53600021998
2026-04-06 05:00:00+00:00,81.97,82.06,81.82,81.89,19406.17610337
2026-04-06 06:00:00+00:00,81.89,82.12,80.9,81.48,53785.51057444001
2026-04-06 07:00:00+00:00,81.48,81.95,81.32,81.789,66864.46114221001
2026-04-06 08:00:00+00:00,81.82,82.23,81.692,81.97,50255.83403308
2026-04-06 09:00:00+00:00,82.01,83.22,81.89,82.47,119452.08511164998
2026-04-06 10:00:00+00:00,82.48,82.9,82.47,82.69,49702.30843217999
2026-04-06 11:00:00+00:00,82.68,82.68,82.316,82.45,27149.45210638
2026-04-06 12:00:00+00:00,82.44,82.53,82.19,82.29,45170.8634328
2026-04-06 13:00:00+00:00,82.3,82.67,82.18,82.48,73520.06793548002
2026-04-06 14:00:00+00:00,82.47,82.82,81.72,82.23,118030.41023463
2026-04-06 15:00:00+00:00,82.25,82.47,82.0,82.3,83422.46714292
2026-04-06 16:00:00+00:00,82.29,82.49,81.59,81.62,88129.64749041999
2026-04-06 17:00:00+00:00,81.61,81.79,81.18,81.63,85832.72819404995
2026-04-06 18:00:00+00:00,81.65,82.23,81.56,81.88,84947.58050059999
2026-04-06 19:00:00+00:00,81.88,81.99,81.57,81.92,67391.17660712
2026-04-06 20:00:00+00:00,81.91,82.16,81.81,82.01,44307.62393619
2026-04-06 21:00:00+00:00,82.0,82.0,81.4,81.482,43739.17999961999
2026-04-06 22:00:00+00:00,81.49,81.53,80.17,80.17,85632.70272879997
2026-04-06 23:00:00+00:00,80.19,80.25,79.6,80.05,128787.91308276
2026-04-07 00:00:00+00:00,80.01,80.22,79.6,79.88,137419.86491436997
2026-04-07 01:00:00+00:00,79.89,80.14,79.38,79.53,68516.1196562
2026-04-07 02:00:00+00:00,79.52,79.9,79.46,79.72,50785.84866441001
2026-04-07 03:00:00+00:00,79.72,79.91,79.68,79.81,23739.700157150008
2026-04-07 04:00:00+00:00,79.8,80.18,79.66,79.94,33825.48612355
2026-04-07 05:00:00+00:00,79.93,79.98,79.44,79.6,39679.073056470006
2026-04-07 06:00:00+00:00,79.59,79.64,79.306,79.53,42040.51133197
2026-04-07 07:00:00+00:00,79.53,79.94,79.44,79.86,41206.976160640006
2026-04-07 08:00:00+00:00,79.86,80.34,79.81,80.15,92792.85742558
2026-04-07 09:00:00+00:00,80.142,80.59,80.14,80.38,63779.16545494998
2026-04-07 10:00:00+00:00,80.39,80.461,79.21,79.37,78324.99453809
2026-04-07 11:00:00+00:00,79.36,79.54,78.93,79.21,103708.39961293
2026-04-07 12:00:00+00:00,79.22,79.38,78.64,79.13,141155.22429023002
2026-04-07 13:00:00+00:00,79.14,79.24,78.81,78.88,91906.76083475002
2026-04-07 14:00:00+00:00,78.88,79.06,78.345,78.56,109261.18705528998
2026-04-07 15:00:00+00:00,78.61,78.97,78.36,78.85,108775.39963045
2026-04-07 16:00:00+00:00,78.83,79.171,78.63,78.88,63680.51078416
2026-04-07 17:00:00+00:00,78.89,80.94,78.81,80.05,182374.83291829005
2026-04-07 18:00:00+00:00,80.04,80.19,79.47,79.92,63669.2263701
2026-04-07 19:00:00+00:00,79.92,81.85,79.87,81.61,249703.55231877
2026-04-07 20:00:00+00:00,81.63,82.41,81.61,81.92,184365.89281221
2026-04-07 21:00:00+00:00,81.91,83.22,81.85,82.91,191023.62185454
2026-04-07 22:00:00+00:00,82.91,85.23,82.901,85.22,391787.1238337101
2026-04-07 23:00:00+00:00,85.23,87.04,85.07,85.74,305413.8225943599
2026-04-08 00:00:00+00:00,85.55,85.9,84.25,84.77,145635.05137808
2026-04-08 01:00:00+00:00,84.75,84.99,84.438,84.69,118528.27237228998
2026-04-08 02:00:00+00:00,84.669,84.96,84.395,84.61,59741.62311815001
2026-04-08 03:00:00+00:00,84.61,84.68,84.359,84.54,37797.60776047999
2026-04-08 04:00:00+00:00,84.54,85.03,84.45,84.533,61126.57242510999
2026-04-08 05:00:00+00:00,84.51,84.76,84.03,84.2,75744.84398725
2026-04-08 06:00:00+00:00,84.21,84.71,83.83,84.54,93967.03697860996
2026-04-08 07:00:00+00:00,84.54,84.7,84.21,84.5,57533.28678798999
2026-04-08 08:00:00+00:00,84.51,84.89,84.43,84.85,39417.63400428
2026-04-08 09:00:00+00:00,84.85,84.98,84.52,84.66,42084.55225190001
2026-04-08 10:00:00+00:00,84.66,84.78,84.489,84.5,33071.12776918
2026-04-08 11:00:00+00:00,84.5,84.86,84.15,84.48,89163.72548945999
2026-04-08 12:00:00+00:00,84.46,84.72,84.1,84.56,73654.23531456999
2026-04-08 13:00:00+00:00,84.55,85.0,83.85,84.06,134904.25484528
2026-04-08 14:00:00+00:00,84.05,84.16,82.487,82.887,149065.37399246998
2026-04-08 15:00:00+00:00,82.9,83.47,82.79,83.34,71619.17615710002
2026-04-08 16:00:00+00:00,83.34,83.61,83.03,83.5,40730.44100825999
2026-04-08 17:00:00+00:00,83.5,84.2,83.3,83.98,57394.83267845999
2026-04-08 18:00:00+00:00,83.968,84.04,82.82,82.93,104155.04665744003
2026-04-08 19:00:00+00:00,82.92,83.23,82.75,83.2,60170.69539472
2026-04-08 20:00:00+00:00,83.2,83.4,83.03,83.28,48289.11492924001
2026-04-08 21:00:00+00:00,83.28,83.62,83.17,83.41,22917.05662686
2026-04-08 22:00:00+00:00,83.42,83.45,82.6,82.64,33393.42359072
2026-04-08 23:00:00+00:00,82.64,83.04,82.236,82.57,70585.71836351999
2026-04-09 00:00:00+00:00,82.61,82.68,82.08,82.22,53317.70648772
2026-04-09 01:00:00+00:00,82.21,82.33,81.71,82.23,103679.84310417
2026-04-09 02:00:00+00:00,82.24,82.45,82.07,82.118,22410.61309902
2026-04-09 03:00:00+00:00,82.15,82.22,81.91,82.04,34560.42558424001
2026-04-09 04:00:00+00:00,82.07,82.07,81.83,81.85,14496.909006150005
2026-04-09 05:00:00+00:00,81.85,82.33,81.74,82.18,31000.600705480003
2026-04-09 06:00:00+00:00,82.18,82.37,81.86,82.17,52071.21236250999
2026-04-09 07:00:00+00:00,82.18,82.49,82.18,82.29,15613.441828790004
2026-04-09 08:00:00+00:00,82.31,82.67,82.16,82.49,40331.28920415999
2026-04-09 09:00:00+00:00,82.49,82.67,82.123,82.6,87711.41998014999
2026-04-09 10:00:00+00:00,82.61,82.67,82.375,82.58,25974.91518554
2026-04-09 11:00:00+00:00,82.57,82.72,82.04,82.18,45758.41595001999
2026-04-09 12:00:00+00:00,82.18,82.37,81.94,82.3,53312.17923726999
2026-04-09 13:00:00+00:00,82.3,82.4,81.58,81.86,55991.10769931999
2026-04-09 14:00:00+00:00,81.86,82.32,81.41,82.19,79989.07255198999
2026-04-09 15:00:00+00:00,82.2,83.935,81.915,83.75,115164.99985057004
2026-04-09 16:00:00+00:00,83.76,84.24,82.93,83.7,86110.21902779
2026-04-09 17:00:00+00:00,83.69,84.73,83.68,84.69,129016.53311437
2026-04-09 18:00:00+00:00,84.69,84.75,83.47,83.86,109029.66537863
2026-04-09 19:00:00+00:00,83.849,84.31,83.44,84.18,62461.76618637999
2026-04-09 20:00:00+00:00,84.16,84.56,84.1,84.27,77581.30863890995
2026-04-09 21:00:00+00:00,84.27,84.74,84.158,84.29,55114.97058520999
2026-04-09 22:00:00+00:00,84.29,85.961,83.95,83.987,136491.49975033995
2026-04-09 23:00:00+00:00,83.99,84.08,83.122,83.34,58120.06490474997
2026-04-10 00:00:00+00:00,83.34,83.38,82.9,83.14,43779.48285512
2026-04-10 01:00:00+00:00,83.13,83.8,82.81,83.15,115092.02257508002
2026-04-10 02:00:00+00:00,83.18,83.46,83.0,83.2,60853.93909375001
2026-04-10 03:00:00+00:00,83.26,83.28,82.68,82.91,49678.14534155999
2026-04-10 04:00:00+00:00,82.9,83.51,82.89,83.35,29426.113685389995
2026-04-10 05:00:00+00:00,83.35,83.59,83.118,83.396,17443.017682400005
2026-04-10 06:00:00+00:00,83.4,83.48,83.1,83.21,20527.59850005
2026-04-10 07:00:00+00:00,83.2,83.28,82.89,82.955,25233.27277472
2026-04-10 08:00:00+00:00,82.96,83.12,82.71,82.94,40434.67173581002
2026-04-10 09:00:00+00:00,82.93,83.59,82.91,83.54,44706.5191502
2026-04-10 10:00:00+00:00,83.54,83.55,83.135,83.32,24892.22342987
2026-04-10 11:00:00+00:00,83.308,83.76,83.308,83.54,33060.254951070005
2026-04-10 12:00:00+00:00,83.54,84.48,83.371,84.15,129322.81848109997
2026-04-10 13:00:00+00:00,84.12,84.41,83.616,84.3,70000.87575575999
2026-04-10 14:00:00+00:00,84.29,85.28,84.21,85.13,119755.84459253
2026-04-10 15:00:00+00:00,85.13,85.62,84.1,84.265,87079.49028391
2026-04-10 16:00:00+00:00,84.27,84.95,84.15,84.88,52043.93544620999
2026-04-10 17:00:00+00:00,84.88,84.93,84.5,84.9,30654.39940474001
2026-04-10 18:00:00+00:00,84.91,85.31,84.62,85.25,46202.88416400998
2026-04-10 19:00:00+00:00,85.23,85.52,85.12,85.47,64288.22581796999
2026-04-10 20:00:00+00:00,85.48,85.68,85.04,85.47,66081.46152398999
2026-04-10 21:00:00+00:00,85.49,85.49,85.0,85.27,53632.91411828
2026-04-10 22:00:00+00:00,85.27,85.315,84.65,84.912,36782.27730143001
2026-04-10 23:00:00+00:00,84.89,85.0,84.76,84.83,26641.07045708001
2026-04-11 00:00:00+00:00,84.85,84.89,84.55,84.72,19620.37581925
2026-04-11 01:00:00+00:00,84.71,84.77,84.42,84.71,24534.09220894
2026-04-11 02:00:00+00:00,84.7,84.96,84.62,84.83,32080.41830113999
2026-04-11 03:00:00+00:00,84.84,84.94,84.35,84.44,21031.13519972
2026-04-11 04:00:00+00:00,84.43,84.66,84.26,84.41,17270.60119667
2026-04-11 05:00:00+00:00,84.4,84.45,84.11,84.13,22424.40815995
2026-04-11 06:00:00+00:00,84.12,84.19,83.91,84.16,14061.71157993
2026-04-11 07:00:00+00:00,84.16,84.364,84.09,84.31,10744.400903729997
2026-04-11 08:00:00+00:00,84.32,84.47,84.2,84.2,9130.88530979
2026-04-11 09:00:00+00:00,84.23,84.829,84.18,84.54,22183.54911606
2026-04-11 10:00:00+00:00,84.53,84.56,83.98,84.11,16701.438114459997
2026-04-11 11:00:00+00:00,84.08,84.303,83.82,84.27,26699.48457415
2026-04-11 12:00:00+00:00,84.29,84.552,84.1,84.27,18503.501239950005
2026-04-11 13:00:00+00:00,84.26,84.35,83.88,84.18,22044.75912676
2026-04-11 14:00:00+00:00,84.131,84.45,84.05,84.42,24689.70698529
2026-04-11 15:00:00+00:00,84.43,84.9,84.28,84.69,37263.7313073
2026-04-11 16:00:00+00:00,84.71,85.4,84.62,85.01,35566.60486418999
2026-04-11 17:00:00+00:00,85.04,85.04,84.71,84.85,28016.748314580007
2026-04-11 18:00:00+00:00,84.85,85.82,84.67,85.52,68442.44830511
2026-04-11 19:00:00+00:00,85.52,86.29,85.44,86.04,74443.56426415
2026-04-11 20:00:00+00:00,86.04,86.109,85.14,85.42,50983.04192570999
2026-04-11 21:00:00+00:00,85.42,85.57,85.18,85.37,25654.92948925
2026-04-11 22:00:00+00:00,85.37,86.154,85.07,85.3,82988.44749184002
2026-04-11 23:00:00+00:00,85.3,85.31,84.55,84.94,44935.28834251998
2026-04-12 00:00:00+00:00,84.97,85.04,84.74,84.93,30747.64662542
2026-04-12 01:00:00+00:00,84.92,85.02,82.01,82.33,153117.03172989003
2026-04-12 02:00:00+00:00,82.32,83.04,81.9,82.71,97906.62302733996
2026-04-12 03:00:00+00:00,82.69,82.83,82.34,82.4,51316.24860618
2026-04-12 04:00:00+00:00,82.41,82.5,82.17,82.238,24650.96781238001
2026-04-12 05:00:00+00:00,82.24,82.504,82.1,82.42,37268.71038806999
2026-04-12 06:00:00+00:00,82.44,82.53,82.23,82.3,18509.3742239
2026-04-12 07:00:00+00:00,82.3,82.49,82.26,82.31,12469.186483360005
2026-04-12 08:00:00+00:00,82.32,82.33,82.19,82.32,12960.25561
2026-04-12 09:00:00+00:00,82.27,82.43,82.17,82.24,14049.50464159
2026-04-12 10:00:00+00:00,82.24,82.39,81.973,82.09,25031.302055280004
2026-04-12 11:00:00+00:00,82.08,82.4,81.98,82.24,25337.489627259987
2026-04-12 12:00:00+00:00,82.23,82.595,81.92,82.05,43837.31772544001
2026-04-12 13:00:00+00:00,82.06,82.25,81.8,81.93,61757.24007699001
2026-04-12 14:00:00+00:00,81.93,82.13,81.33,81.6,79840.58606721002
2026-04-12 15:00:00+00:00,81.6,81.851,81.33,81.616,59616.323593780005
2026-04-12 16:00:00+00:00,81.62,81.92,81.52,81.92,23554.65528902
2026-04-12 17:00:00+00:00,81.91,82.331,81.77,82.2,26694.287922630003
2026-04-12 18:00:00+00:00,82.21,82.35,82.06,82.16,27177.16137424
2026-04-12 19:00:00+00:00,82.16,82.35,81.95,82.02,21410.82443057
2026-04-12 20:00:00+00:00,82.02,82.9,81.96,82.71,39598.11148462999
2026-04-12 21:00:00+00:00,82.7,82.91,82.46,82.83,39676.09346443
2026-04-12 22:00:00+00:00,82.82,82.88,81.36,82.01,231668.62202716983
2026-04-12 23:00:00+00:00,82.0,82.0,81.272,81.54,77889.33219036995
2026-04-13 00:00:00+00:00,81.54,82.22,81.4,82.15,49432.43788249999
2026-04-13 01:00:00+00:00,82.16,82.35,81.977,82.34,53067.33767058
2026-04-13 02:00:00+00:00,82.35,82.46,81.9,81.95,31926.69061194001
2026-04-13 03:00:00+00:00,81.95,82.07,81.74,81.91,24649.308609159994
2026-04-13 04:00:00+00:00,81.91,82.26,81.86,81.92,27436.82795763
2026-04-13 05:00:00+00:00,81.91,82.01,81.53,81.87,29987.69578488
2026-04-13 06:00:00+00:00,81.84,82.63,81.82,82.36,99472.52583802
2026-04-13 07:00:00+00:00,82.37,82.43,81.88,82.19,21864.69087466
2026-04-13 08:00:00+00:00,82.18,82.31,81.73,81.878,35476.75179414998
2026-04-13 09:00:00+00:00,81.86,82.22,81.8,81.87,45200.70975907001
2026-04-13 10:00:00+00:00,81.88,81.997,81.66,81.74,25169.78361134
2026-04-13 11:00:00+00:00,81.74,82.06,81.69,81.91,35426.25101921001
2026-04-13 12:00:00+00:00,81.87,82.79,81.83,82.53,63374.20013984
2026-04-13 13:00:00+00:00,82.54,83.691,82.23,83.62,139215.13769808
2026-04-13 14:00:00+00:00,83.62,83.84,82.77,83.8,169370.95779053
2026-04-13 15:00:00+00:00,83.79,83.86,82.38,82.69,117409.69574242
2026-04-13 16:00:00+00:00,82.69,83.65,82.38,83.386,120669.98492874004
2026-04-13 17:00:00+00:00,83.38,83.87,83.05,83.092,74652.20961474003
2026-04-13 18:00:00+00:00,83.09,83.31,82.61,83.252,99631.88237025
2026-04-13 19:00:00+00:00,83.25,84.29,83.121,84.13,141888.98211252005
2026-04-13 20:00:00+00:00,84.15,84.41,83.87,83.96,145798.3068402
2026-04-13 21:00:00+00:00,83.99,84.26,83.86,83.99,57622.35280089999
2026-04-13 22:00:00+00:00,83.984,86.504,83.98,86.242,217134.91328331
2026-04-13 23:00:00+00:00,86.25,86.85,85.911,86.56,160918.62081333002
2026-04-14 00:00:00+00:00,86.54,86.79,85.74,85.93,163516.61783381
2026-04-14 01:00:00+00:00,85.93,86.147,85.682,85.99,91842.33002904996
2026-04-14 02:00:00+00:00,85.99,86.5,85.88,86.24,74997.03959504
2026-04-14 03:00:00+00:00,86.24,86.3,86.017,86.05,19821.84130324
2026-04-14 04:00:00+00:00,86.05,86.09,85.59,85.94,26399.65372046
2026-04-14 05:00:00+00:00,85.93,85.95,85.46,85.51,44490.17207519998
2026-04-14 06:00:00+00:00,85.54,86.13,85.5,85.99,31293.466532110004
2026-04-14 07:00:00+00:00,85.98,86.23,85.82,85.92,45005.2699069
2026-04-14 08:00:00+00:00,85.92,86.42,85.75,86.17,41317.93720366002
2026-04-14 09:00:00+00:00,86.17,86.34,85.99,86.13,31645.89487689
2026-04-14 10:00:00+00:00,86.12,86.59,86.01,86.05,46280.85228545
2026-04-14 11:00:00+00:00,86.05,86.13,85.62,85.81,97886.34098968995
2026-04-14 12:00:00+00:00,85.8,86.05,85.6,85.98,86352.33032099003
2026-04-14 13:00:00+00:00,85.99,87.47,85.93,87.35,186986.20885237004
2026-04-14 14:00:00+00:00,87.35,87.74,86.05,86.05,260996.60740747
2026-04-14 15:00:00+00:00,86.07,86.35,85.23,85.994,109716.14167150002
2026-04-14 16:00:00+00:00,85.98,86.2,84.81,85.09,120082.97727796
2026-04-14 17:00:00+00:00,85.06,85.49,84.74,85.29,93908.95256695004
2026-04-14 18:00:00+00:00,85.29,85.47,83.92,84.13,127199.32650164996
2026-04-14 19:00:00+00:00,84.13,84.39,83.75,83.987,148319.23432952003
2026-04-14 20:00:00+00:00,84.0,84.19,83.44,83.64,110269.48498914004
2026-04-14 21:00:00+00:00,83.64,83.98,83.58,83.85,67783.42790867
2026-04-14 22:00:00+00:00,83.85,83.99,83.31,83.54,104110.85466138998
2026-04-14 23:00:00+00:00,83.556,84.1,83.49,83.74,71252.48438436
2026-04-15 00:00:00+00:00,83.75,84.11,83.56,83.81,88948.5326601
2026-04-15 01:00:00+00:00,83.8,84.07,83.58,83.96,89129.68525365
2026-04-15 02:00:00+00:00,83.95,84.051,83.16,83.43,61709.97969937001
2026-04-15 03:00:00+00:00,83.44,83.56,83.31,83.49,12825.7215889
2026-04-15 04:00:00+00:00,83.48,83.69,83.36,83.64,20612.37374651
2026-04-15 05:00:00+00:00,83.64,83.83,82.997,83.18,39703.43292222
2026-04-15 06:00:00+00:00,83.18,83.18,82.79,83.05,37907.31793156
2026-04-15 07:00:00+00:00,83.03,83.27,82.69,82.96,54536.26967147999
2026-04-15 08:00:00+00:00,82.97,83.32,82.74,83.17,48957.39121608002
2026-04-15 09:00:00+00:00,83.17,83.29,82.9,83.2,37137.64303353
2026-04-15 10:00:00+00:00,83.18,83.75,82.93,83.178,84921.38336914997
2026-04-15 11:00:00+00:00,83.19,83.69,82.95,83.62,80707.40421540003
2026-04-15 12:00:00+00:00,83.62,83.91,83.41,83.73,57141.78064280001
2026-04-15 13:00:00+00:00,83.73,83.85,83.21,83.657,93738.6694827
2026-04-15 14:00:00+00:00,83.66,84.53,83.43,84.313,126135.9688667
2026-04-15 15:00:00+00:00,84.33,84.49,83.53,84.01,137519.30822548998
2026-04-15 16:00:00+00:00,84.01,84.73,83.92,84.57,98863.06543299
2026-04-15 17:00:00+00:00,84.556,85.17,84.47,84.73,167909.63956298004
2026-04-15 18:00:00+00:00,84.72,85.09,84.6,85.05,56933.19042484999
2026-04-15 19:00:00+00:00,85.04,85.85,84.94,85.53,147491.02871150998
2026-04-15 20:00:00+00:00,85.52,85.6,84.656,84.82,74033.69273316998
2026-04-15 21:00:00+00:00,84.81,84.9,84.22,84.81,40795.68302692001
2026-04-15 22:00:00+00:00,84.81,85.62,84.76,85.03,103273.02934292
2026-04-15 23:00:00+00:00,85.04,85.06,84.66,84.93,42889.01287795002
2026-04-16 00:00:00+00:00,84.92,85.1,84.5,84.94,42231.36216032
2026-04-16 01:00:00+00:00,84.96,84.97,84.49,84.87,31137.17820056
2026-04-16 02:00:00+00:00,84.86,85.6,84.72,85.14,55306.54558395001
2026-04-16 03:00:00+00:00,85.12,85.51,85.096,85.3,33046.67988408
2026-04-16 04:00:00+00:00,85.29,85.58,84.99,85.26,29719.01921338
2026-04-16 05:00:00+00:00,85.25,85.544,85.06,85.41,21409.710844509995
2026-04-16 06:00:00+00:00,85.42,85.56,85.18,85.484,22832.2471334
2026-04-16 07:00:00+00:00,85.49,85.694,85.13,85.22,44275.1970063
2026-04-16 08:00:00+00:00,85.22,85.32,84.91,85.08,41381.13540817
2026-04-16 09:00:00+00:00,85.07,85.53,84.96,85.22,59836.87618208
2026-04-16 10:00:00+00:00,85.2,85.27,84.65,85.06,63820.120848800005
2026-04-16 11:00:00+00:00,85.07,85.19,84.94,85.1,28941.98280644
2026-04-16 12:00:00+00:00,85.09,85.514,85.06,85.398,55098.25886215997
2026-04-16 13:00:00+00:00,85.38,86.296,83.84,84.807,189124.07908461
2026-04-16 14:00:00+00:00,84.8,85.72,84.08,85.4,142301.79852901
2026-04-16 15:00:00+00:00,85.4,87.12,85.32,86.64,216745.19003283005
2026-04-16 16:00:00+00:00,86.63,87.11,85.649,85.96,162342.14113122004
2026-04-16 17:00:00+00:00,85.95,86.82,85.74,86.68,108318.07197083
2026-04-16 18:00:00+00:00,86.67,89.12,86.49,89.026,349990.82495585014
2026-04-16 19:00:00+00:00,89.04,90.17,88.67,90.11,277257.95194391994
2026-04-16 20:00:00+00:00,90.12,90.53,89.27,89.6,173282.84916755
2026-04-16 21:00:00+00:00,89.6,89.79,88.753,88.97,124005.58467346
2026-04-16 22:00:00+00:00,88.96,89.49,88.89,89.0,90848.16752956
2026-04-16 23:00:00+00:00,89.0,89.24,88.8,89.09,86104.99146526994
2026-04-17 00:00:00+00:00,89.08,89.22,88.59,88.83,82110.72257576001
2026-04-17 01:00:00+00:00,88.87,89.05,87.94,88.26,92585.15588254004
2026-04-17 02:00:00+00:00,88.27,88.39,87.57,87.89,69974.15715729998
2026-04-17 03:00:00+00:00,87.89,87.98,87.46,87.74,45435.55541302998
2026-04-17 04:00:00+00:00,87.76,88.31,87.704,88.02,46903.486111570026
2026-04-17 05:00:00+00:00,88.02,88.04,87.43,87.454,51588.50940647
2026-04-17 06:00:00+00:00,87.47,88.12,87.37,88.03,19534.10270973
2026-04-17 07:00:00+00:00,88.03,88.52,87.99,88.15,33152.08085428001
2026-04-17 08:00:00+00:00,88.13,89.14,88.13,88.96,85637.26907831998
2026-04-17 09:00:00+00:00,88.96,89.65,88.33,88.74,92772.90344527995
2026-04-17 10:00:00+00:00,88.73,88.77,87.4,87.71,87606.16740623994
2026-04-17 11:00:00+00:00,87.69,88.37,87.65,88.24,71205.54253304999
2026-04-17 12:00:00+00:00,88.25,88.97,87.94,88.92,152583.10328903003
2026-04-17 13:00:00+00:00,88.91,90.57,88.61,90.16,494200.9381637701
2026-04-17 14:00:00+00:00,90.17,90.8,89.54,90.07,310204.4170263401
2026-04-17 15:00:00+00:00,90.06,90.23,89.52,90.0,158144.79999018
2026-04-17 16:00:00+00:00,89.99,90.65,89.92,90.45,119327.30789671998
2026-04-17 17:00:00+00:00,90.466,90.466,89.135,89.79,163963.67298990994
2026-04-17 18:00:00+00:00,89.78,89.88,88.9,89.21,95094.90126525004
2026-04-17 19:00:00+00:00,89.21,89.54,88.95,89.26,85060.99264158
2026-04-17 20:00:00+00:00,89.26,89.418,88.49,89.043,81219.74755201998
2026-04-17 21:00:00+00:00,89.04,89.34,88.83,89.16,60914.27690612998
2026-04-17 22:00:00+00:00,89.16,89.5,88.98,89.25,49113.08209232001
2026-04-17 23:00:00+00:00,89.24,89.25,88.496,88.8,38675.07163872999
2026-04-18 00:00:00+00:00,88.8,89.18,88.71,88.995,33927.19948579998
2026-04-18 01:00:00+00:00,89.02,89.2,88.74,88.89,31311.523268570003
2026-04-18 02:00:00+00:00,88.89,89.14,88.715,88.96,21491.11425617
2026-04-18 03:00:00+00:00,88.95,88.979,88.26,88.36,46426.40319504
2026-04-18 04:00:00+00:00,88.36,88.6,88.28,88.39,31390.497021979994
2026-04-18 05:00:00+00:00,88.39,88.7,88.18,88.43,30927.99498568
2026-04-18 06:00:00+00:00,88.43,88.66,88.34,88.55,18968.4817429
2026-04-18 07:00:00+00:00,88.55,88.6,88.34,88.47,39711.30660025001
2026-04-18 08:00:00+00:00,88.47,88.54,87.12,87.56,114536.82064705
2026-04-18 09:00:00+00:00,87.57,87.71,87.13,87.65,55019.92175358
2026-04-18 10:00:00+00:00,87.64,87.666,86.74,86.99,107968.01250490002
2026-04-18 11:00:00+00:00,86.99,86.991,86.26,86.54,53956.21906355999
2026-04-18 12:00:00+00:00,86.56,87.02,86.539,86.942,62717.07553504
2026-04-18 13:00:00+00:00,86.94,87.02,86.43,86.77,46914.3103613
2026-04-18 14:00:00+00:00,86.76,86.91,86.47,86.86,35459.440688619994
2026-04-18 15:00:00+00:00,86.86,87.0,86.61,86.79,26420.49558538
2026-04-18 16:00:00+00:00,86.79,87.02,86.5,86.72,52816.05543073
2026-04-18 17:00:00+00:00,86.72,86.89,86.54,86.79,30669.2225439
2026-04-18 18:00:00+00:00,86.784,86.79,85.81,85.99,104548.99328546
2026-04-18 19:00:00+00:00,86.0,86.325,85.98,86.16,28241.62028491
2026-04-18 20:00:00+00:00,86.15,86.35,86.03,86.21,38242.57398765
2026-04-18 21:00:00+00:00,86.203,86.31,86.05,86.27,30042.12989027001
2026-04-18 22:00:00+00:00,86.27,86.406,85.959,86.349,46960.72005107
2026-04-18 23:00:00+00:00,86.33,86.5,86.14,86.21,22984.52953717
2026-04-19 00:00:00+00:00,86.2,86.42,85.867,86.05,68784.04701111001
2026-04-19 01:00:00+00:00,86.03,86.26,85.64,85.79,38676.53046906
2026-04-19 02:00:00+00:00,85.8,85.9,85.24,85.56,71089.76091006002
2026-04-19 03:00:00+00:00,85.55,85.82,85.35,85.64,29705.638895400007
2026-04-19 04:00:00+00:00,85.64,85.99,85.2,85.62,62580.12838758
2026-04-19 05:00:00+00:00,85.6,85.83,85.41,85.51,36201.33013462999
2026-04-19 06:00:00+00:00,85.51,85.69,85.17,85.44,54005.144881310014
2026-04-19 07:00:00+00:00,85.44,85.48,84.46,84.91,103542.62997847992
2026-04-19 08:00:00+00:00,84.95,85.18,84.54,84.83,48490.89313504
2026-04-19 09:00:00+00:00,84.83,85.08,84.61,84.65,35330.08644721
2026-04-19 10:00:00+00:00,84.66,84.934,84.47,84.82,37758.844321280005
2026-04-19 11:00:00+00:00,84.82,85.73,84.796,85.65,63294.21930172001
2026-04-19 12:00:00+00:00,85.65,85.97,85.59,85.837,47472.69162044001
2026-04-19 13:00:00+00:00,85.83,86.961,85.8,86.36,83780.31099469002
2026-04-19 14:00:00+00:00,86.37,87.15,86.029,86.57,64576.251381369984
2026-04-19 15:00:00+00:00,86.57,86.71,85.63,86.4,45915.64148589
2026-04-19 16:00:00+00:00,86.37,86.54,85.776,85.88,41169.7928277
2026-04-19 17:00:00+00:00,85.89,86.021,85.03,85.16,94534.14841292
2026-04-19 18:00:00+00:00,85.185,85.33,84.91,85.15,54275.25005222997
2026-04-19 19:00:00+00:00,85.16,85.6,85.15,85.352,71707.50105443002
2026-04-19 20:00:00+00:00,85.35,85.39,84.78,84.99,55343.179622530006
2026-04-19 21:00:00+00:00,85.0,85.27,84.64,84.734,40177.93142578001
2026-04-19 22:00:00+00:00,84.73,84.73,82.92,83.8,387834.70733390993
2026-04-19 23:00:00+00:00,83.79,83.81,83.356,83.48,36470.18073439
2026-04-20 00:00:00+00:00,83.5,84.22,83.343,84.03,97795.52007076998
2026-04-20 01:00:00+00:00,84.02,84.59,83.944,84.36,47851.937042410005
2026-04-20 02:00:00+00:00,84.37,84.44,83.74,84.23,33890.92418485999
2026-04-20 03:00:00+00:00,84.24,84.66,84.14,84.62,18219.615169570003
2026-04-20 04:00:00+00:00,84.66,84.68,84.29,84.62,28404.86480811
2026-04-20 05:00:00+00:00,84.61,84.63,83.77,83.89,39121.66031241998
2026-04-20 06:00:00+00:00,83.9,84.79,83.8,84.48,30740.1189426
2026-04-20 07:00:00+00:00,84.5,85.79,84.46,84.76,73821.39855420997
2026-04-20 08:00:00+00:00,84.74,85.16,84.59,84.72,39282.3756404
2026-04-20 09:00:00+00:00,84.72,85.29,84.636,85.11,26112.285669360004
2026-04-20 10:00:00+00:00,85.11,85.44,84.85,84.9,63781.62056896001
2026-04-20 11:00:00+00:00,84.9,85.4,84.8,85.11,57977.12231125
2026-04-20 12:00:00+00:00,85.1,85.58,84.89,85.35,59623.09918874002
2026-04-20 13:00:00+00:00,85.36,85.59,84.9,85.36,78091.39968790002
2026-04-20 14:00:00+00:00,85.35,85.86,84.58,84.84,130750.77477858994
2026-04-20 15:00:00+00:00,84.83,85.98,84.46,85.89,119797.98479647994
2026-04-20 16:00:00+00:00,85.89,85.92,85.28,85.33,74165.10695921
2026-04-20 17:00:00+00:00,85.33,86.2,85.29,85.73,63171.438881080016
2026-04-20 18:00:00+00:00,85.73,86.32,85.73,86.1,89290.87755986997
2026-04-20 19:00:00+00:00,86.11,86.14,85.79,85.82,36563.55855265999
2026-04-20 20:00:00+00:00,85.82,86.2,85.7,85.99,45529.10141614
2026-04-20 21:00:00+00:00,85.99,86.24,85.604,85.85,41870.20901901
2026-04-20 22:00:00+00:00,85.83,86.1,85.61,85.72,27964.890585120003
2026-04-20 23:00:00+00:00,85.73,85.73,85.22,85.31,24302.703811879983
2026-04-21 00:00:00+00:00,85.31,85.8,85.28,85.71,36260.81164578001
2026-04-21 01:00:00+00:00,85.71,85.87,85.38,85.46,30988.30233669
2026-04-21 02:00:00+00:00,85.47,85.49,85.19,85.33,19918.36174693
2026-04-21 03:00:00+00:00,85.32,85.56,85.011,85.2,86269.94053322004
2026-04-21 04:00:00+00:00,85.21,85.5,85.04,85.47,33252.03460666001
2026-04-21 05:00:00+00:00,85.47,85.86,85.441,85.71,31815.273472379984
2026-04-21 06:00:00+00:00,85.71,85.95,85.19,85.71,42129.99153385998
2026-04-21 07:00:00+00:00,85.71,86.01,85.42,85.74,66789.30049940005
2026-04-21 08:00:00+00:00,85.74,86.42,85.65,85.84,40561.11771727999
2026-04-21 09:00:00+00:00,85.84,85.94,85.533,85.91,35377.31138204
2026-04-21 10:00:00+00:00,85.92,86.35,85.85,86.19,40511.59953102
2026-04-21 11:00:00+00:00,86.19,86.21,85.744,85.88,41262.26499145999
2026-04-21 12:00:00+00:00,85.91,86.07,85.21,85.56,51949.21389499
2026-04-21 13:00:00+00:00,85.56,85.95,85.3,85.86,48188.80600009998
2026-04-21 14:00:00+00:00,85.87,86.93,85.62,85.79,187468.24267623
2026-04-21 15:00:00+00:00,85.81,86.33,85.42,86.07,101955.27962904023
2026-04-21 16:00:00+00:00,86.06,86.32,85.676,85.72,46755.47033475
2026-04-21 17:00:00+00:00,85.72,85.83,84.736,85.33,141553.62475065995
2026-04-21 18:00:00+00:00,85.34,85.42,84.74,85.26,70274.03988462998
2026-04-21 19:00:00+00:00,85.25,85.74,84.32,84.58,153645.44308478007
2026-04-21 20:00:00+00:00,84.58,85.77,84.43,85.39,124753.1956916599
2026-04-21 21:00:00+00:00,85.43,85.6,85.02,85.14,41682.170909500026
2026-04-21 22:00:00+00:00,85.17,85.5,85.0,85.39,87061.06748488
2026-04-21 23:00:00+00:00,85.38,86.16,85.37,86.07,62840.13558373999
2026-04-22 00:00:00+00:00,86.08,86.57,86.018,86.53,136144.82913888
2026-04-22 01:00:00+00:00,86.52,86.58,86.11,86.3,62684.44633590999
2026-04-22 02:00:00+00:00,86.3,87.61,86.21,87.44,141768.23306601006
2026-04-22 03:00:00+00:00,87.45,87.91,87.12,87.29,80304.34876928998
2026-04-22 04:00:00+00:00,87.263,87.39,86.98,87.06,26448.28126648
2026-04-22 05:00:00+00:00,87.07,88.35,87.03,88.02,99464.01200077996
2026-04-22 06:00:00+00:00,88.03,88.231,87.81,87.97,47691.245988440016
2026-04-22 07:00:00+00:00,87.97,88.29,87.72,88.08,38321.58536490999
2026-04-22 08:00:00+00:00,88.08,88.3,87.62,88.01,54498.960968560015
2026-04-22 09:00:00+00:00,88.0,88.89,87.851,88.31,94695.72616144994
2026-04-22 10:00:00+00:00,88.34,88.43,88.14,88.36,25651.17831401
2026-04-22 11:00:00+00:00,88.34,88.52,88.178,88.35,29808.88874152999
2026-04-22 12:00:00+00:00,88.36,88.71,88.23,88.61,88735.73959729003
2026-04-22 13:00:00+00:00,88.61,89.21,88.46,89.09,173354.65831022986
2026-04-22 14:00:00+00:00,89.15,89.36,88.51,88.79,99659.37394162
2026-04-22 15:00:00+00:00,88.79,88.84,88.065,88.22,76958.67968715
2026-04-22 16:00:00+00:00,88.22,88.5,87.55,87.68,71681.01895931998
2026-04-22 17:00:00+00:00,87.67,88.06,87.64,87.87,60502.34494379001
2026-04-22 18:00:00+00:00,87.87,88.42,87.81,87.84,53558.81294060996
2026-04-22 19:00:00+00:00,87.84,87.88,87.12,87.4,125301.94422492992
2026-04-22 20:00:00+00:00,87.4,87.53,87.1,87.14,40356.25852040998
2026-04-22 21:00:00+00:00,87.16,87.68,87.13,87.63,20203.75209207
2026-04-22 22:00:00+00:00,87.62,87.75,87.31,87.47,26031.969050760003
2026-04-22 23:00:00+00:00,87.47,87.51,86.82,86.91,25417.25895011
2026-04-23 00:00:00+00:00,86.91,87.19,86.0,86.87,82537.06854776999
2026-04-23 01:00:00+00:00,86.9,86.9,86.14,86.48,73281.77606577
2026-04-23 02:00:00+00:00,86.46,86.48,85.74,85.98,67574.79599808996
2026-04-23 03:00:00+00:00,85.97,86.14,85.48,85.81,46619.29481018
2026-04-23 04:00:00+00:00,85.8,86.03,85.663,86.0,45151.54801342998
2026-04-23 05:00:00+00:00,85.99,86.16,85.51,85.89,96140.89631528997
2026-04-23 06:00:00+00:00,85.9,86.3,85.86,86.2,46973.35012891
2026-04-23 07:00:00+00:00,86.22,86.246,85.88,85.94,25149.707638539992
2026-04-23 08:00:00+00:00,85.93,85.98,85.57,85.71,34714.78727248999
2026-04-23 09:00:00+00:00,85.76,85.76,85.3,85.55,43444.781129090006
2026-04-23 10:00:00+00:00,85.54,85.65,85.23,85.44,33221.31231523001
2026-04-23 11:00:00+00:00,85.46,85.94,85.41,85.85,33012.468822020004
2026-04-23 12:00:00+00:00,85.86,86.13,85.74,86.0,84141.03345842999
2026-04-23 13:00:00+00:00,85.99,86.094,85.59,85.79,82262.50613259998
2026-04-23 14:00:00+00:00,85.78,86.27,85.56,86.08,81105.00414085988
2026-04-23 15:00:00+00:00,86.08,86.698,85.81,86.37,159154.94858935993
2026-04-23 16:00:00+00:00,86.38,86.47,85.8,85.86,77456.01506869998
2026-04-23 17:00:00+00:00,85.85,85.97,84.5,85.38,183322.1452797
2026-04-23 18:00:00+00:00,85.38,85.732,85.25,85.29,40240.50688911
2026-04-23 19:00:00+00:00,85.29,85.63,85.15,85.32,90518.20315792004
2026-04-23 20:00:00+00:00,85.33,85.9,85.3,85.62,79819.74999657003
2026-04-23 21:00:00+00:00,85.63,86.046,85.53,85.84,32270.885692389988
2026-04-23 22:00:00+00:00,85.82,86.3,85.82,86.01,70393.78556267999
2026-04-23 23:00:00+00:00,86.01,86.26,85.63,86.17,89170.02518356989
2026-04-24 00:00:00+00:00,86.17,86.411,86.07,86.23,59245.078034380014
2026-04-24 01:00:00+00:00,86.23,86.37,85.86,86.32,20584.45114188
2026-04-24 02:00:00+00:00,86.32,86.4,85.8,85.92,14229.472616759997
2026-04-24 03:00:00+00:00,85.91,85.98,85.43,85.74,53194.03465044997
2026-04-24 04:00:00+00:00,85.73,85.75,85.18,85.37,47555.4697479
2026-04-24 05:00:00+00:00,85.34,85.88,85.17,85.72,98137.20484619
2026-04-24 06:00:00+00:00,85.73,85.786,85.33,85.45,37851.31218907
2026-04-24 07:00:00+00:00,85.45,85.66,85.36,85.5,20973.01577426001
2026-04-24 08:00:00+00:00,85.52,85.775,85.3,85.38,51324.17628913
2026-04-24 09:00:00+00:00,85.37,85.51,84.949,85.48,48483.92611697
2026-04-24 10:00:00+00:00,85.47,85.786,85.19,85.75,52612.91877362002
2026-04-24 11:00:00+00:00,85.75,86.31,85.74,86.23,79734.40997916997
2026-04-24 12:00:00+00:00,86.24,86.84,86.1,86.37,157446.81594165013
2026-04-24 13:00:00+00:00,86.37,86.64,85.88,86.11,46450.94358250998
2026-04-24 14:00:00+00:00,86.1,86.28,85.71,86.1,409598.3620981099
2026-04-24 15:00:00+00:00,86.11,86.6,85.57,86.56,58919.67670384998
2026-04-24 16:00:00+00:00,86.55,86.62,86.12,86.38,44581.84297713002
2026-04-24 17:00:00+00:00,86.38,86.59,86.15,86.52,35867.40854779
2026-04-24 18:00:00+00:00,86.52,86.58,85.98,86.4,29675.134977189995
2026-04-24 19:00:00+00:00,86.39,86.58,86.25,86.32,30491.12395564
2026-04-24 20:00:00+00:00,86.34,86.98,86.25,86.91,100627.24234971
2026-04-24 21:00:00+00:00,86.91,86.99,86.393,86.49,83879.68253254998
2026-04-24 22:00:00+00:00,86.49,86.49,86.13,86.2,41451.46640574001
2026-04-24 23:00:00+00:00,86.22,86.33,86.177,86.22,22448.33312485001
2026-04-25 00:00:00+00:00,86.22,86.3,86.05,86.28,12895.77302959
2026-04-25 01:00:00+00:00,86.29,86.39,86.16,86.31,16109.375131580002
2026-04-25 02:00:00+00:00,86.31,86.43,86.183,86.3,12935.95405856
2026-04-25 03:00:00+00:00,86.33,86.53,86.3,86.5,13769.869039599997
2026-04-25 04:00:00+00:00,86.49,86.54,86.298,86.36,21072.458691080003
2026-04-25 05:00:00+00:00,86.36,86.36,86.14,86.24,12870.50481775
2026-04-25 06:00:00+00:00,86.24,86.69,86.22,86.45,21549.20079958
2026-04-25 07:00:00+00:00,86.46,86.54,86.259,86.38,19680.42483043
2026-04-25 08:00:00+00:00,86.38,86.83,86.31,86.64,20057.14120141001
2026-04-25 09:00:00+00:00,86.64,86.82,86.572,86.59,11422.5377289
2026-04-25 10:00:00+00:00,86.6,86.76,86.59,86.66,15887.373275499996
2026-04-25 11:00:00+00:00,86.65,86.65,86.27,86.4,32374.29969714
2026-04-25 12:00:00+00:00,86.4,86.48,86.24,86.42,14883.957016140002
2026-04-25 13:00:00+00:00,86.42,86.7,86.4,86.63,8903.833177289998
2026-04-25 14:00:00+00:00,86.63,86.7,86.47,86.48,13160.409600769995
2026-04-25 15:00:00+00:00,86.48,86.66,86.15,86.25,16451.63470367
2026-04-25 16:00:00+00:00,86.25,86.36,85.64,85.92,53919.42241476
2026-04-25 17:00:00+00:00,85.92,85.93,85.54,85.58,27884.87914430001
2026-04-25 18:00:00+00:00,85.58,85.85,85.568,85.73,23223.486066129983
2026-04-25 19:00:00+00:00,85.72,85.78,85.58,85.71,18915.568815550007
2026-04-25 20:00:00+00:00,85.73,85.95,85.61,85.94,9004.875760709998
2026-04-25 21:00:00+00:00,85.91,86.14,85.76,85.94,28147.24137243
2026-04-25 22:00:00+00:00,85.94,86.2,85.86,86.11,14830.590226429998
2026-04-25 23:00:00+00:00,86.13,86.21,86.03,86.2,15597.26399345
2026-04-26 00:00:00+00:00,86.2,86.23,85.95,86.05,26337.34490781
2026-04-26 01:00:00+00:00,86.05,86.15,85.99,86.01,10899.53542153
2026-04-26 02:00:00+00:00,86.0,86.4,85.99,86.4,15688.559179560008
2026-04-26 03:00:00+00:00,86.39,86.47,85.85,86.01,34625.33709730001
2026-04-26 04:00:00+00:00,85.99,86.74,85.95,86.46,52257.61149092
2026-04-26 05:00:00+00:00,86.46,86.74,86.168,86.46,41330.04561738
2026-04-26 06:00:00+00:00,86.46,86.6,86.392,86.52,20901.540997640004
2026-04-26 07:00:00+00:00,86.52,86.66,86.46,86.65,11991.642708020005
2026-04-26 08:00:00+00:00,86.65,86.79,86.52,86.59,19146.3042846
2026-04-26 09:00:00+00:00,86.59,86.68,86.32,86.56,28144.04320238
2026-04-26 10:00:00+00:00,86.55,86.64,86.44,86.51,9656.25461683
2026-04-26 11:00:00+00:00,86.51,86.66,86.48,86.52,9893.83928805
2026-04-26 12:00:00+00:00,86.51,86.54,85.92,86.11,28641.2828136
2026-04-26 13:00:00+00:00,86.11,86.28,85.97,86.14,35863.94170145999
2026-04-26 14:00:00+00:00,86.14,86.524,86.08,86.42,32583.87551247
2026-04-26 15:00:00+00:00,86.43,86.61,86.37,86.585,32234.33732742999
2026-04-26 16:00:00+00:00,86.56,86.62,86.409,86.44,32345.564221090004
2026-04-26 17:00:00+00:00,86.44,86.63,86.28,86.57,15154.50722578
2026-04-26 18:00:00+00:00,86.56,87.0,86.454,86.84,57574.91387518
2026-04-26 19:00:00+00:00,86.85,87.26,86.67,86.91,46243.42846943002
2026-04-26 20:00:00+00:00,86.93,86.97,86.64,86.73,29253.62257327
2026-04-26 21:00:00+00:00,86.72,87.16,86.21,86.86,101481.22132396
2026-04-26 22:00:00+00:00,86.86,87.34,86.35,86.75,68948.75616631999
2026-04-26 23:00:00+00:00,86.755,87.18,86.53,86.95,44540.659230120014
2026-04-27 00:00:00+00:00,86.96,87.41,86.56,87.39,73707.91557473998
2026-04-27 01:00:00+00:00,87.4,87.887,87.28,87.84,68759.06094889998
2026-04-27 02:00:00+00:00,87.84,88.113,87.37,87.82,72278.33841185003
2026-04-27 03:00:00+00:00,87.83,88.1,87.7,87.75,61951.14498704999
2026-04-27 04:00:00+00:00,87.75,87.85,87.43,87.53,15014.431388189998
2026-04-27 05:00:00+00:00,87.55,87.57,85.81,85.99,105206.85958358
2026-04-27 06:00:00+00:00,85.99,86.07,85.42,85.75,52070.37628348
2026-04-27 07:00:00+00:00,85.76,85.815,85.25,85.27,106133.84615639
2026-04-27 08:00:00+00:00,85.27,85.512,85.02,85.501,83639.03601439
2026-04-27 09:00:00+00:00,85.51,85.63,85.14,85.48,92668.31978040996
2026-04-27 10:00:00+00:00,85.5,85.58,85.15,85.196,69617.28299161002
2026-04-27 11:00:00+00:00,85.22,85.29,85.07,85.27,43282.84324911
2026-04-27 12:00:00+00:00,85.26,85.28,84.87,85.099,55001.87583424999
2026-04-27 13:00:00+00:00,85.1,85.384,84.72,85.14,81769.89446634002
2026-04-27 14:00:00+00:00,85.14,85.84,84.99,85.22,117499.53939601003
2026-04-27 15:00:00+00:00,85.23,85.26,83.65,84.16,196855.02103881
2026-04-27 16:00:00+00:00,84.16,84.39,84.03,84.27,86372.17530135
2026-04-27 17:00:00+00:00,84.25,84.68,84.25,84.47,68816.50642733999
2026-04-27 18:00:00+00:00,84.45,84.69,84.39,84.56,37777.70756838
2026-04-27 19:00:00+00:00,84.55,84.65,83.82,84.17,81270.41882396
2026-04-27 20:00:00+00:00,84.18,84.331,84.13,84.27,37179.2518754
2026-04-27 21:00:00+00:00,84.26,84.48,84.09,84.25,31384.07679759001
2026-04-27 22:00:00+00:00,84.26,84.61,84.19,84.52,31032.77837774999
2026-04-27 23:00:00+00:00,84.54,84.891,84.44,84.8,42806.61424329001
2026-04-28 00:00:00+00:00,84.81,84.92,84.557,84.81,40590.24332386001
2026-04-28 01:00:00+00:00,84.8,84.87,84.38,84.39,34642.772851160014
2026-04-28 02:00:00+00:00,84.39,84.64,83.89,84.17,52516.31981546001
2026-04-28 03:00:00+00:00,84.16,84.19,83.92,84.161,54991.75407296999
2026-04-28 04:00:00+00:00,84.16,84.42,83.812,84.06,67236.48100225002
2026-04-28 05:00:00+00:00,84.05,84.431,84.05,84.18,27339.65666567
2026-04-28 06:00:00+00:00,84.19,84.311,83.685,83.95,49993.84371241002
2026-04-28 07:00:00+00:00,83.94,84.05,83.64,84.02,26770.46493805
2026-04-28 08:00:00+00:00,84.02,84.19,83.75,83.94,32852.00381007
2026-04-28 09:00:00+00:00,83.939,83.97,83.402,83.634,33334.02903297001
2026-04-28 10:00:00+00:00,83.63,83.82,83.63,83.8,7925.360975150001
2026-04-28 11:00:00+00:00,83.81,83.84,83.28,83.4,30012.385636770003
2026-04-28 12:00:00+00:00,83.38,83.79,83.24,83.69,59708.55531497998
2026-04-28 13:00:00+00:00,83.68,83.98,83.18,83.54,71783.39133177
2026-04-28 14:00:00+00:00,83.54,83.54,82.96,83.39,91801.13884908005
2026-04-28 15:00:00+00:00,83.38,83.51,83.2,83.46,39987.94414234999
2026-04-28 16:00:00+00:00,83.46,83.68,83.3,83.58,35909.34926742
2026-04-28 17:00:00+00:00,83.59,83.8,83.33,83.61,37424.80226273
2026-04-28 18:00:00+00:00,83.614,83.841,83.57,83.8,37689.19470624998
2026-04-28 19:00:00+00:00,83.8,84.02,83.68,83.88,24563.237815370005
2026-04-28 20:00:00+00:00,83.91,84.01,83.76,83.78,22107.46790399
2026-04-28 21:00:00+00:00,83.767,83.94,83.624,83.71,21975.45418256
2026-04-28 22:00:00+00:00,83.73,83.92,83.57,83.72,36392.08758277001
2026-04-28 23:00:00+00:00,83.73,84.18,83.64,84.06,62779.29235519999
2026-04-29 00:00:00+00:00,84.051,84.2,83.81,84.04,50409.60803114999
2026-04-29 01:00:00+00:00,84.05,84.204,83.8,84.08,20239.20042819
2026-04-29 02:00:00+00:00,84.08,84.22,83.92,84.03,23989.25589341
2026-04-29 03:00:00+00:00,84.04,84.72,84.03,84.576,45798.22350573
2026-04-29 04:00:00+00:00,84.58,85.07,84.42,84.96,53300.94082724
2026-04-29 05:00:00+00:00,84.95,85.01,84.7,84.83,54357.32560928999
2026-04-29 06:00:00+00:00,84.83,84.972,84.47,84.6,26031.37646979
2026-04-29 07:00:00+00:00,84.62,84.84,84.51,84.7,21123.787500220005
2026-04-29 08:00:00+00:00,84.7,84.75,84.34,84.5,21566.92714115
2026-04-29 09:00:00+00:00,84.5,85.5,84.42,85.278,75263.56421059
2026-04-29 10:00:00+00:00,85.3,85.56,85.11,85.143,67061.39265339002
2026-04-29 11:00:00+00:00,85.14,85.17,84.78,84.91,32116.62517672001
2026-04-29 12:00:00+00:00,84.91,84.911,83.85,84.25,96248.20366865004
2026-04-29 13:00:00+00:00,84.24,84.28,83.61,83.996,78957.15326423006
2026-04-29 14:00:00+00:00,83.99,84.04,83.63,83.83,78170.25929628998
2026-04-29 15:00:00+00:00,83.83,83.92,82.99,83.23,117246.63066968998
2026-04-29 16:00:00+00:00,83.24,83.66,82.93,83.083,119808.37443503
2026-04-29 17:00:00+00:00,83.1,83.33,82.7,83.32,119787.16844503
2026-04-29 18:00:00+00:00,83.31,83.43,81.28,82.27,214262.66016751007
2026-04-29 19:00:00+00:00,82.26,82.35,81.958,82.16,64154.688436200006
2026-04-29 20:00:00+00:00,82.165,82.81,82.13,82.611,78042.81626920002
2026-04-29 21:00:00+00:00,82.61,83.19,82.5,82.86,92655.90698178002
2026-04-29 22:00:00+00:00,82.88,83.12,82.76,83.004,82887.72751679
2026-04-29 23:00:00+00:00,83.07,83.09,82.78,83.02,61740.56137046999
2026-04-30 00:00:00+00:00,83.02,84.01,83.01,83.778,94491.96298336
2026-04-30 01:00:00+00:00,83.77,83.98,83.63,83.705,74731.77835532997
2026-04-30 02:00:00+00:00,83.71,83.94,82.66,82.95,76873.75041689002
2026-04-30 03:00:00+00:00,82.95,83.22,82.82,83.02,63367.18910415999
2026-04-30 04:00:00+00:00,83.04,83.04,82.334,82.37,38558.40313134
2026-04-30 05:00:00+00:00,82.35,82.77,82.135,82.56,24591.218511929987
2026-04-30 06:00:00+00:00,82.55,83.03,82.49,82.9,15786.249786629998
2026-04-30 07:00:00+00:00,82.9,83.37,82.86,83.31,127055.37314338
2026-04-30 08:00:00+00:00,83.32,83.4,83.069,83.07,42621.51605340002
2026-04-30 09:00:00+00:00,83.07,83.52,83.0,83.1,41390.10522923001
2026-04-30 10:00:00+00:00,83.13,83.19,82.89,82.98,30257.305369300004
2026-04-30 11:00:00+00:00,82.97,83.33,82.75,82.98,50020.49985923999
2026-04-30 12:00:00+00:00,82.97,83.45,82.95,83.18,59124.29804967999
2026-04-30 13:00:00+00:00,83.19,83.53,82.835,83.17,88515.55746411
2026-04-30 14:00:00+00:00,83.17,83.38,82.653,83.19,67241.99028546001
2026-04-30 15:00:00+00:00,83.19,83.81,82.97,83.31,89818.36033403
2026-04-30 16:00:00+00:00,83.31,83.41,82.909,82.98,60869.28871545
2026-04-30 17:00:00+00:00,82.98,83.14,82.82,82.99,61914.646081250015
2026-04-30 18:00:00+00:00,83.02,83.29,82.95,83.02,48542.65224916
2026-04-30 19:00:00+00:00,83.04,83.26,82.969,83.01,66352.48732138
2026-04-30 20:00:00+00:00,83.01,83.2,82.93,83.07,31626.90631431
2026-04-30 21:00:00+00:00,83.07,83.14,82.8,82.84,19986.35044839
2026-04-30 22:00:00+00:00,82.84,83.0,82.74,82.77,18069.64689873
2026-04-30 23:00:00+00:00,82.85,83.09,82.78,83.03,18594.554535129995
2026-05-01 00:00:00+00:00,83.05,83.38,83.03,83.16,53123.27750971
2026-05-01 01:00:00+00:00,83.17,83.65,83.14,83.57,42301.22750545
2026-05-01 02:00:00+00:00,83.571,83.84,83.41,83.59,55466.45784376001
2026-05-01 03:00:00+00:00,83.59,84.352,83.53,83.87,41055.63279223
2026-05-01 04:00:00+00:00,83.87,84.05,83.65,83.79,29888.26051904
2026-05-01 05:00:00+00:00,83.79,84.24,83.73,84.02,53564.32162729999
2026-05-01 06:00:00+00:00,84.03,84.17,83.671,83.82,26868.000665610005
2026-05-01 07:00:00+00:00,83.82,83.98,83.64,83.94,59272.71379638999
2026-05-01 08:00:00+00:00,83.94,84.34,83.87,84.16,35335.60968935
2026-05-01 09:00:00+00:00,84.16,84.18,83.9,83.954,25907.298656460003
2026-05-01 10:00:00+00:00,83.95,84.08,83.7,83.94,24321.8991334
2026-05-01 11:00:00+00:00,83.942,84.2,83.85,84.0,19265.48778556
2026-05-01 12:00:00+00:00,84.0,84.58,83.89,84.26,60407.53336233001
2026-05-01 13:00:00+00:00,84.26,84.86,84.23,84.6,91838.45534226998
2026-05-01 14:00:00+00:00,84.6,84.73,83.871,84.2,85282.42636285996
2026-05-01 15:00:00+00:00,84.21,84.62,83.99,84.45,77402.20190346
2026-05-01 16:00:00+00:00,84.43,84.63,83.97,83.99,52830.85433623
2026-05-01 17:00:00+00:00,84.0,84.26,83.896,84.21,51248.54352646001
2026-05-01 18:00:00+00:00,84.22,84.3,83.96,83.97,50703.059394200005
2026-05-01 19:00:00+00:00,83.97,84.07,83.77,83.89,42261.88619449
2026-05-01 20:00:00+00:00,83.9,83.92,83.31,83.48,58288.88671599001
2026-05-01 21:00:00+00:00,83.47,83.82,83.41,83.71,35485.324475060006
2026-05-01 22:00:00+00:00,83.71,83.89,83.56,83.735,43752.57328837
2026-05-01 23:00:00+00:00,83.76,83.89,83.54,83.74,22685.58788225
2026-05-02 00:00:00+00:00,83.753,83.87,83.43,83.83,29918.644794090007
2026-05-02 01:00:00+00:00,83.82,84.05,83.75,84.04,21803.40841216
2026-05-02 02:00:00+00:00,84.04,84.18,83.85,83.93,44257.07446089001
2026-05-02 03:00:00+00:00,83.92,83.99,83.7,83.8,16537.253182999997
2026-05-02 04:00:00+00:00,83.79,83.83,83.55,83.63,16446.443646500004
2026-05-02 05:00:00+00:00,83.63,83.75,83.52,83.68,16362.188687110003
2026-05-02 06:00:00+00:00,83.69,83.84,83.55,83.81,11015.674185149996
2026-05-02 07:00:00+00:00,83.8,83.87,83.69,83.72,6618.453325259999
2026-05-02 08:00:00+00:00,83.72,83.87,83.62,83.83,15881.06045117
2026-05-02 09:00:00+00:00,83.82,84.148,83.8,84.0,17554.304907460002
2026-05-02 10:00:00+00:00,84.01,84.01,83.85,83.936,7912.798551330001
2026-05-02 11:00:00+00:00,83.93,83.96,83.52,83.68,19703.95514671
2026-05-02 12:00:00+00:00,83.69,84.08,83.67,83.85,43416.13010559
2026-05-02 13:00:00+00:00,83.85,84.07,83.84,83.93,10432.98556446
2026-05-02 14:00:00+00:00,83.94,84.08,83.89,83.96,14575.480838250003
2026-05-02 15:00:00+00:00,83.96,84.07,83.91,84.02,14087.1891385
2026-05-02 16:00:00+00:00,84.03,84.26,84.0,84.18,36216.02603372
2026-05-02 17:00:00+00:00,84.18,84.21,83.99,84.03,7819.856988840002
2026-05-02 18:00:00+00:00,84.03,84.2,83.93,84.17,9911.617710580002
2026-05-02 19:00:00+00:00,84.17,84.3,84.15,84.22,18906.447010270007
2026-05-02 20:00:00+00:00,84.22,84.24,84.09,84.188,17186.372492700004
2026-05-02 21:00:00+00:00,84.19,84.96,84.15,84.53,54373.94851110998
2026-05-02 22:00:00+00:00,84.55,84.64,84.06,84.44,28954.49603519
2026-05-02 23:00:00+00:00,84.46,84.52,84.24,84.27,18034.70803308
2026-05-03 00:00:00+00:00,84.26,84.31,83.82,84.09,30963.0959517
2026-05-03 01:00:00+00:00,84.08,84.09,83.719,83.74,17600.27118153
2026-05-03 02:00:00+00:00,83.75,83.81,83.59,83.67,23297.14224535001
2026-05-03 03:00:00+00:00,83.67,83.74,83.57,83.66,16996.632998639994
2026-05-03 04:00:00+00:00,83.659,83.73,83.57,83.68,10476.422959620002
2026-05-03 05:00:00+00:00,83.69,83.83,83.65,83.747,6953.09640939
2026-05-03 06:00:00+00:00,83.75,83.87,83.57,83.74,7744.01008839
2026-05-03 07:00:00+00:00,83.74,84.01,83.73,83.86,9548.42501304
2026-05-03 08:00:00+00:00,83.87,84.01,83.82,83.89,6932.453040639999
2026-05-03 09:00:00+00:00,83.88,84.1,83.86,84.04,11701.741482159996
2026-05-03 10:00:00+00:00,84.05,84.05,83.78,83.8,8928.83741824
2026-05-03 11:00:00+00:00,83.8,84.18,83.72,83.94,16520.075406430005
2026-05-03 12:00:00+00:00,83.94,84.21,83.94,84.08,13378.42806557
2026-05-03 13:00:00+00:00,84.1,84.21,83.969,84.08,19159.60659304
2026-05-03 14:00:00+00:00,84.07,84.432,84.07,84.35,18492.77224505
2026-05-03 15:00:00+00:00,84.34,84.43,84.09,84.14,13245.361239579996
2026-05-03 16:00:00+00:00,84.14,84.27,83.97,84.13,13039.665040089998
2026-05-03 17:00:00+00:00,84.13,84.31,83.98,84.17,13101.38544899
2026-05-03 18:00:00+00:00,84.18,84.31,84.09,84.26,21150.09391149
2026-05-03 19:00:00+00:00,84.26,84.475,84.21,84.34,28877.26413691
2026-05-03 20:00:00+00:00,84.36,84.701,84.23,84.32,38599.67806224
2026-05-03 21:00:00+00:00,84.33,84.453,83.85,84.13,31843.44497634999
2026-05-03 22:00:00+00:00,84.13,85.05,84.13,84.67,113825.38223761995
2026-05-03 23:00:00+00:00,84.67,84.78,83.86,83.88,60313.27578907001
2026-05-04 00:00:00+00:00,83.9,83.91,83.28,83.774,79883.75864118995
2026-05-04 01:00:00+00:00,83.77,84.92,83.41,84.75,110032.6131736
2026-05-04 02:00:00+00:00,84.76,85.6,84.728,85.24,187109.32606419004
2026-05-04 03:00:00+00:00,85.23,85.57,85.09,85.393,62075.38283041001
2026-05-04 04:00:00+00:00,85.39,85.88,85.35,85.74,52918.35793903
2026-05-04 05:00:00+00:00,85.74,85.8,85.3,85.37,28574.15346035
2026-05-04 06:00:00+00:00,85.36,85.4,84.51,84.85,59043.65432637002
2026-05-04 07:00:00+00:00,84.86,85.01,84.67,84.86,16630.843962239996
2026-05-04 08:00:00+00:00,84.86,84.9,84.61,84.76,22820.550429850005
2026-05-04 09:00:00+00:00,84.76,85.18,84.66,85.02,22431.327833709995
2026-05-04 10:00:00+00:00,85.04,85.07,83.24,84.03,114040.36549253
2026-05-04 11:00:00+00:00,84.03,84.17,83.82,83.94,45438.25886241999
2026-05-04 12:00:00+00:00,83.94,84.15,83.83,83.896,33734.15016412
2026-05-04 13:00:00+00:00,83.91,84.33,83.58,83.99,53822.423393090015
2026-05-04 14:00:00+00:00,83.99,85.33,83.77,84.99,113952.09251973
2026-05-04 15:00:00+00:00,85.0,85.17,83.98,84.47,130759.481794
2026-05-04 16:00:00+00:00,84.48,84.791,83.97,84.48,73771.89786175
2026-05-04 17:00:00+00:00,84.48,85.19,84.46,84.93,70132.89942270002
2026-05-04 18:00:00+00:00,84.936,85.04,84.574,84.72,38454.15202326
2026-05-04 19:00:00+00:00,84.726,84.75,84.35,84.43,52868.38903986999
2026-05-04 20:00:00+00:00,84.45,84.45,84.0,84.08,52028.413523060015
2026-05-04 21:00:00+00:00,84.05,84.51,84.03,84.43,33990.60190220001
2026-05-04 22:00:00+00:00,84.4,84.54,84.14,84.209,44703.37211735997
2026-05-04 23:00:00+00:00,84.23,84.23,84.01,84.09,20543.14233342
2026-05-05 00:00:00+00:00,84.1,84.36,84.02,84.31,17042.820736120007
2026-05-05 01:00:00+00:00,84.28,84.47,84.14,84.41,25772.181562430003
2026-05-05 02:00:00+00:00,84.4,84.791,84.33,84.501,36146.34862428001
2026-05-05 03:00:00+00:00,84.5,84.96,84.4,84.78,30265.277015400003
2026-05-05 04:00:00+00:00,84.77,84.91,84.588,84.77,39195.43823784
2026-05-05 05:00:00+00:00,84.77,85.12,84.71,84.91,53683.08473945
2026-05-05 06:00:00+00:00,84.91,84.98,84.54,84.98,31931.92085243
2026-05-05 07:00:00+00:00,84.97,85.06,84.769,84.85,44817.67282955999
2026-05-05 08:00:00+00:00,84.88,84.91,84.68,84.79,14606.518293030002
2026-05-05 09:00:00+00:00,84.78,84.78,84.44,84.53,11741.97503511
2026-05-05 10:00:00+00:00,84.54,84.94,84.42,84.893,22802.11203563
2026-05-05 11:00:00+00:00,84.9,85.01,84.7,84.98,22395.98864243001
2026-05-05 12:00:00+00:00,84.98,85.37,84.87,85.32,55611.67222546
2026-05-05 13:00:00+00:00,85.32,86.1,85.31,85.61,125172.06909341994
2026-05-05 14:00:00+00:00,85.63,85.75,85.19,85.472,79617.23550797
2026-05-05 15:00:00+00:00,85.48,85.88,85.35,85.51,118647.67435859004
2026-05-05 16:00:00+00:00,85.52,85.7,85.04,85.31,51420.70876566
2026-05-05 17:00:00+00:00,85.32,85.52,85.12,85.46,31639.53279117
2026-05-05 18:00:00+00:00,85.46,85.9,85.42,85.864,44006.73123641999
2026-05-05 19:00:00+00:00,85.87,86.57,85.83,86.5,158845.44801613
2026-05-05 20:00:00+00:00,86.49,86.93,86.39,86.64,74104.27066144001
2026-05-05 21:00:00+00:00,86.64,86.93,86.27,86.75,75770.32575610002
2026-05-05 22:00:00+00:00,86.75,86.98,86.199,86.58,82770.40428671999
2026-05-05 23:00:00+00:00,86.58,86.67,86.13,86.317,45109.107538100005
2026-05-06 00:00:00+00:00,86.26,86.55,86.09,86.377,106517.16706847999
2026-05-06 01:00:00+00:00,86.37,87.0,86.3,86.85,52425.50005829
2026-05-06 02:00:00+00:00,86.85,86.91,86.38,86.89,34044.48626491001
2026-05-06 03:00:00+00:00,86.89,87.5,86.87,87.31,69837.42213676
2026-05-06 04:00:00+00:00,87.33,87.41,86.66,86.8,38147.55799624999
2026-05-06 05:00:00+00:00,86.8,87.46,86.75,87.4,43531.93219270001
2026-05-06 06:00:00+00:00,87.41,87.91,87.15,87.49,86713.31701893003
2026-05-06 07:00:00+00:00,87.49,87.888,87.45,87.69,36853.88623198999
2026-05-06 08:00:00+00:00,87.71,89.18,87.65,89.03,101798.61392551998
2026-05-06 09:00:00+00:00,89.03,89.52,88.59,89.47,80251.33838678998
2026-05-06 10:00:00+00:00,89.48,89.7,89.2,89.38,64955.86621346
2026-05-06 11:00:00+00:00,89.37,90.03,89.31,89.86,87642.44612273996
2026-05-06 12:00:00+00:00,89.87,89.97,89.48,89.66,106008.93076977
2026-05-06 13:00:00+00:00,89.65,89.653,88.07,88.32,168402.98989538
2026-05-06 14:00:00+00:00,88.32,88.84,87.47,88.4,125685.06325469003
2026-05-06 15:00:00+00:00,88.41,89.07,88.3,88.97,76548.64283998002
2026-05-06 16:00:00+00:00,88.98,89.5,88.59,89.16,96548.79070231003
2026-05-06 17:00:00+00:00,89.168,89.43,88.554,88.83,83897.82048458002
2026-05-06 18:00:00+00:00,88.837,89.16,88.48,88.97,83276.79745808998
2026-05-06 19:00:00+00:00,88.96,89.33,88.89,89.266,49393.28323011999
2026-05-06 20:00:00+00:00,89.26,89.61,88.85,89.18,105247.19777704997
2026-05-06 21:00:00+00:00,89.16,89.59,89.064,89.46,38479.90222982002
2026-05-06 22:00:00+00:00,89.466,89.55,89.02,89.08,22380.494649939996
2026-05-06 23:00:00+00:00,89.07,89.18,88.65,89.16,30486.773285230007
