Datetime,Open,High,Low,Close,Volume
2025-12-21 21:00:00+00:00,1.4356,1.4428,1.4291,1.4329,254907.6337251
2025-12-21 22:00:00+00:00,1.4324,1.4469,1.4303,1.4453,368749.7793744601
2025-12-21 23:00:00+00:00,1.4458,1.4579,1.4387,1.4448,448017.8205341601
2025-12-22 00:00:00+00:00,1.4447,1.483,1.4447,1.4528,1377693.4183595988
2025-12-22 01:00:00+00:00,1.4535,1.4729,1.4494,1.4505,788039.6385890901
2025-12-22 02:00:00+00:00,1.4508,1.4515,1.4282,1.4463,687692.9425069503
2025-12-22 03:00:00+00:00,1.4465,1.4643,1.4422,1.4528,267225.0841602399
2025-12-22 04:00:00+00:00,1.4528,1.4638,1.4517,1.4591,373339.75986003
2025-12-22 05:00:00+00:00,1.4591,1.4626,1.4469,1.448,299306.46099723974
2025-12-22 06:00:00+00:00,1.448,1.4548,1.4443,1.448,225879.69867973
2025-12-22 07:00:00+00:00,1.4485,1.4611,1.4467,1.4543,290036.49708659004
2025-12-22 08:00:00+00:00,1.4541,1.471,1.4524,1.4529,836857.0397459298
2025-12-22 09:00:00+00:00,1.453,1.4632,1.4524,1.4626,224864.72677698
2025-12-22 10:00:00+00:00,1.4627,1.476,1.4594,1.4672,435054.31468816014
2025-12-22 11:00:00+00:00,1.468,1.4759,1.4628,1.4685,391081.66869629006
2025-12-22 12:00:00+00:00,1.469,1.4874,1.4668,1.4755,622747.3783925402
2025-12-22 13:00:00+00:00,1.476,1.4788,1.4628,1.4724,866118.2809686102
2025-12-22 14:00:00+00:00,1.4722,1.4876,1.4658,1.4805,1570278.0973823995
2025-12-22 15:00:00+00:00,1.4805,1.491,1.4663,1.4809,1436997.8110700578
2025-12-22 16:00:00+00:00,1.4809,1.4894,1.4737,1.475,934100.9015847704
2025-12-22 17:00:00+00:00,1.4751,1.4778,1.4659,1.4708,1062924.9007801395
2025-12-22 18:00:00+00:00,1.471,1.4784,1.4646,1.4661,481920.73448814
2025-12-22 19:00:00+00:00,1.4664,1.4687,1.435,1.4379,2086168.6462895405
2025-12-22 20:00:00+00:00,1.4377,1.4475,1.429,1.4384,1603615.2465203102
2025-12-22 21:00:00+00:00,1.4384,1.4555,1.4379,1.4481,749613.9288511198
2025-12-22 22:00:00+00:00,1.4477,1.4622,1.4441,1.4575,659794.8171601001
2025-12-22 23:00:00+00:00,1.4576,1.4626,1.4541,1.4615,407956.6281987598
2025-12-23 00:00:00+00:00,1.4616,1.4699,1.4592,1.4613,505552.2274268602
2025-12-23 01:00:00+00:00,1.4612,1.4695,1.4528,1.4569,810359.9646835197
2025-12-23 02:00:00+00:00,1.4567,1.462,1.4422,1.4429,511540.7497655201
2025-12-23 03:00:00+00:00,1.4431,1.4516,1.4354,1.448,843624.8497425702
2025-12-23 04:00:00+00:00,1.448,1.4534,1.4377,1.4379,439105.68611612986
2025-12-23 05:00:00+00:00,1.4383,1.4392,1.4246,1.4357,532634.3163912401
2025-12-23 06:00:00+00:00,1.4359,1.4407,1.427,1.4359,625484.6800682899
2025-12-23 07:00:00+00:00,1.4358,1.4411,1.4239,1.4269,1182165.0824277317
2025-12-23 08:00:00+00:00,1.4268,1.4397,1.4258,1.4292,313315.39019488986
2025-12-23 09:00:00+00:00,1.4301,1.4356,1.4254,1.4318,185217.67334566
2025-12-23 10:00:00+00:00,1.4319,1.4381,1.4302,1.4356,219024.0485827
2025-12-23 11:00:00+00:00,1.4359,1.4463,1.4348,1.443,155829.69694469002
2025-12-23 12:00:00+00:00,1.4426,1.444,1.4334,1.4403,412914.67433014
2025-12-23 13:00:00+00:00,1.44,1.4426,1.4189,1.4265,896968.594886091
2025-12-23 14:00:00+00:00,1.4268,1.4346,1.4057,1.4184,1373123.0786558096
2025-12-23 15:00:00+00:00,1.4188,1.4414,1.4146,1.4309,1388921.3773697591
2025-12-23 16:00:00+00:00,1.4306,1.4471,1.4272,1.4429,841151.6469915602
2025-12-23 17:00:00+00:00,1.443,1.4476,1.42,1.4206,494470.23363274
2025-12-23 18:00:00+00:00,1.4204,1.4428,1.4203,1.4421,974592.49055735
2025-12-23 19:00:00+00:00,1.4423,1.4472,1.4356,1.4413,717364.0790296097
2025-12-23 20:00:00+00:00,1.4414,1.4567,1.4377,1.446,761234.6776125398
2025-12-23 21:00:00+00:00,1.4458,1.4468,1.4382,1.4404,451093.40838508
2025-12-23 22:00:00+00:00,1.4403,1.443,1.4257,1.4297,424797.63556075
2025-12-23 23:00:00+00:00,1.4297,1.4371,1.4255,1.4354,344880.98613482
2025-12-24 00:00:00+00:00,1.4356,1.4369,1.4291,1.4342,302731.82751895
2025-12-24 01:00:00+00:00,1.4347,1.4389,1.4258,1.4286,144228.77936682
2025-12-24 02:00:00+00:00,1.4284,1.4286,1.3965,1.4005,1244043.1031171298
2025-12-24 03:00:00+00:00,1.4005,1.4178,1.3943,1.4139,1771693.32395341
2025-12-24 04:00:00+00:00,1.4135,1.4177,1.4057,1.4063,356585.9050548501
2025-12-24 05:00:00+00:00,1.4063,1.4111,1.3973,1.3989,1240050.40483815
2025-12-24 06:00:00+00:00,1.399,1.4081,1.3951,1.4051,780398.3048003999
2025-12-24 07:00:00+00:00,1.4052,1.4114,1.402,1.4022,279905.85608959
2025-12-24 08:00:00+00:00,1.402,1.4061,1.3944,1.397,488101.6505985001
2025-12-24 09:00:00+00:00,1.3983,1.4054,1.3983,1.4014,228486.31176284008
2025-12-24 10:00:00+00:00,1.401,1.4138,1.4003,1.4075,248937.15471690003
2025-12-24 11:00:00+00:00,1.4082,1.4172,1.4082,1.4115,245989.52611866
2025-12-24 12:00:00+00:00,1.4116,1.419,1.4098,1.4167,257520.43394774
2025-12-24 13:00:00+00:00,1.4175,1.4175,1.4031,1.4065,354315.40654312994
2025-12-24 14:00:00+00:00,1.4065,1.4142,1.3872,1.404,1438452.6828169597
2025-12-24 15:00:00+00:00,1.4043,1.4229,1.4,1.4137,1358554.54479808
2025-12-24 16:00:00+00:00,1.4136,1.4271,1.4094,1.4189,1067484.17047282
2025-12-24 17:00:00+00:00,1.4187,1.4237,1.4098,1.4118,491766.02451118
2025-12-24 18:00:00+00:00,1.4104,1.415,1.4065,1.413,522498.74628659
2025-12-24 19:00:00+00:00,1.415,1.4174,1.4095,1.4158,422876.3984573101
2025-12-24 20:00:00+00:00,1.416,1.4213,1.412,1.4125,208415.22646062
2025-12-24 21:00:00+00:00,1.4126,1.42,1.4122,1.4166,243186.61838059995
2025-12-24 22:00:00+00:00,1.417,1.4283,1.4168,1.4233,841761.3212975399
2025-12-24 23:00:00+00:00,1.4238,1.4245,1.4142,1.4147,462016.88004176994
2025-12-25 00:00:00+00:00,1.4146,1.4163,1.4074,1.409,383448.4601313601
2025-12-25 01:00:00+00:00,1.4089,1.416,1.4081,1.414,105245.65973173996
2025-12-25 02:00:00+00:00,1.4141,1.4207,1.4102,1.4178,168661.84213008996
2025-12-25 03:00:00+00:00,1.4178,1.422,1.413,1.4168,145855.58352695
2025-12-25 04:00:00+00:00,1.4165,1.4195,1.4127,1.4185,82590.62353855997
2025-12-25 05:00:00+00:00,1.4182,1.4185,1.411,1.4133,78619.65404573001
2025-12-25 06:00:00+00:00,1.4135,1.416,1.4096,1.415,139435.44365590002
2025-12-25 07:00:00+00:00,1.4148,1.4151,1.4064,1.4112,204312.39318982
2025-12-25 08:00:00+00:00,1.4118,1.4184,1.4009,1.4082,324667.68693102984
2025-12-25 09:00:00+00:00,1.4085,1.4089,1.4051,1.4074,109379.31615756
2025-12-25 10:00:00+00:00,1.4068,1.4069,1.3899,1.3941,305587.32966816
2025-12-25 11:00:00+00:00,1.394,1.4023,1.3936,1.3985,581401.19116187
2025-12-25 12:00:00+00:00,1.3984,1.4043,1.3967,1.4043,89853.54451160997
2025-12-25 13:00:00+00:00,1.4041,1.4048,1.3962,1.3994,286549.2041830001
2025-12-25 14:00:00+00:00,1.3993,1.4023,1.3932,1.3997,208767.67625860992
2025-12-25 15:00:00+00:00,1.3998,1.4269,1.3953,1.4162,757431.1826812502
2025-12-25 16:00:00+00:00,1.4154,1.4226,1.4042,1.4059,895588.2600453799
2025-12-25 17:00:00+00:00,1.406,1.413,1.4027,1.4107,171265.1721753
2025-12-25 18:00:00+00:00,1.4107,1.4175,1.4096,1.4112,418760.78985132027
2025-12-25 19:00:00+00:00,1.4111,1.4125,1.4064,1.4103,159738.44234953003
2025-12-25 20:00:00+00:00,1.4106,1.4131,1.4032,1.4072,312374.08473871
2025-12-25 21:00:00+00:00,1.4071,1.41,1.4037,1.4058,266814.15954979
2025-12-25 22:00:00+00:00,1.4056,1.4064,1.3564,1.3696,2327516.3268327084
2025-12-25 23:00:00+00:00,1.3693,1.3768,1.3526,1.3626,2278461.8963792687
2025-12-26 00:00:00+00:00,1.3621,1.3704,1.3562,1.3659,1176611.34666928
2025-12-26 01:00:00+00:00,1.3657,1.3729,1.3644,1.371,381013.6086885801
2025-12-26 02:00:00+00:00,1.3709,1.4188,1.3701,1.4071,2645469.2302100607
2025-12-26 03:00:00+00:00,1.4072,1.413,1.3956,1.402,847344.4209737701
2025-12-26 04:00:00+00:00,1.4022,1.4084,1.3913,1.4051,363287.5202989799
2025-12-26 05:00:00+00:00,1.4052,1.4059,1.3983,1.4028,225931.35704272
2025-12-26 06:00:00+00:00,1.4031,1.4108,1.403,1.4062,340734.09578002006
2025-12-26 07:00:00+00:00,1.4062,1.4123,1.3942,1.3972,669706.41383068
2025-12-26 08:00:00+00:00,1.3972,1.4048,1.3969,1.4036,199519.23294467
2025-12-26 09:00:00+00:00,1.4034,1.4137,1.4013,1.4132,292183.78841316
2025-12-26 10:00:00+00:00,1.4133,1.4139,1.4063,1.409,235980.78895
2025-12-26 11:00:00+00:00,1.4098,1.4098,1.4027,1.405,192552.19114942005
2025-12-26 12:00:00+00:00,1.4047,1.4098,1.4037,1.4053,181326.51673101
2025-12-26 13:00:00+00:00,1.4053,1.4134,1.4033,1.4097,251474.4619910601
2025-12-26 14:00:00+00:00,1.4097,1.4106,1.376,1.381,1284185.1711448298
2025-12-26 15:00:00+00:00,1.3813,1.3917,1.3689,1.3874,1333165.9439683002
2025-12-26 16:00:00+00:00,1.3875,1.3914,1.3734,1.3748,565615.2571263299
2025-12-26 17:00:00+00:00,1.3748,1.3891,1.3742,1.3802,453535.7856205602
2025-12-26 18:00:00+00:00,1.3803,1.391,1.3793,1.3853,383466.7379855699
2025-12-26 19:00:00+00:00,1.3851,1.395,1.3816,1.392,452990.1870327898
2025-12-26 20:00:00+00:00,1.3922,1.4048,1.39,1.397,573779.4138166899
2025-12-26 21:00:00+00:00,1.3977,1.4031,1.3935,1.395,437979.1292292599
2025-12-26 22:00:00+00:00,1.3948,1.4011,1.3901,1.3961,241631.22516106
2025-12-26 23:00:00+00:00,1.3963,1.4008,1.3957,1.397,235727.43402045005
2025-12-27 00:00:00+00:00,1.3976,1.4023,1.3964,1.3993,133362.17768648002
2025-12-27 01:00:00+00:00,1.3992,1.3997,1.3948,1.3987,195655.59473624
2025-12-27 02:00:00+00:00,1.3991,1.4023,1.3952,1.3975,112391.45528516002
2025-12-27 03:00:00+00:00,1.3976,1.41,1.3962,1.4071,436189.3057653198
2025-12-27 04:00:00+00:00,1.4074,1.412,1.4019,1.4032,241256.98473498007
2025-12-27 05:00:00+00:00,1.4035,1.4063,1.4016,1.4054,87235.27882000002
2025-12-27 06:00:00+00:00,1.4055,1.4071,1.3992,1.401,104071.41587092
2025-12-27 07:00:00+00:00,1.4009,1.4055,1.3988,1.4005,73215.77286999999
2025-12-27 08:00:00+00:00,1.4006,1.4039,1.3987,1.3994,117530.38760812
2025-12-27 09:00:00+00:00,1.3997,1.4081,1.3996,1.4055,143711.60609512997
2025-12-27 10:00:00+00:00,1.405,1.4096,1.3931,1.4089,166645.37026864002
2025-12-27 11:00:00+00:00,1.4088,1.4165,1.4061,1.4112,254021.23835024
2025-12-27 12:00:00+00:00,1.4114,1.4162,1.4114,1.4144,264625.18143112
2025-12-27 13:00:00+00:00,1.4142,1.4172,1.4085,1.4135,249051.77496
2025-12-27 14:00:00+00:00,1.4135,1.4267,1.4118,1.4254,1339507.5916001103
2025-12-27 15:00:00+00:00,1.4227,1.4306,1.4204,1.4246,472662.6720397701
2025-12-27 16:00:00+00:00,1.4247,1.4293,1.4202,1.4214,527037.7248165698
2025-12-27 17:00:00+00:00,1.4212,1.4275,1.419,1.4269,727618.4864049999
2025-12-27 18:00:00+00:00,1.4235,1.429,1.4195,1.4204,328830.68857274007
2025-12-27 19:00:00+00:00,1.4207,1.4255,1.4182,1.421,430801.27938309
2025-12-27 20:00:00+00:00,1.421,1.4259,1.4164,1.4181,591403.3170987298
2025-12-27 21:00:00+00:00,1.4187,1.4342,1.4183,1.4302,516132.2805652899
2025-12-27 22:00:00+00:00,1.4307,1.4493,1.4302,1.4324,530662.9331543501
2025-12-27 23:00:00+00:00,1.4332,1.4573,1.4325,1.4502,1212961.8241383303
2025-12-28 00:00:00+00:00,1.4504,1.4563,1.4451,1.4468,170909.06374942008
2025-12-28 01:00:00+00:00,1.4471,1.4522,1.4398,1.4416,124663.58952283004
2025-12-28 02:00:00+00:00,1.441,1.4576,1.4406,1.4487,402494.0703557901
2025-12-28 03:00:00+00:00,1.4489,1.4537,1.4451,1.4512,312833.98642749013
2025-12-28 04:00:00+00:00,1.451,1.4542,1.4476,1.4491,198005.09928131005
2025-12-28 05:00:00+00:00,1.4488,1.4513,1.4444,1.4467,270554.25404587004
2025-12-28 06:00:00+00:00,1.4463,1.4563,1.4461,1.4533,348066.46721259
2025-12-28 07:00:00+00:00,1.4535,1.4543,1.448,1.4502,166769.16185152007
2025-12-28 08:00:00+00:00,1.4504,1.46,1.4504,1.4526,163530.94823925
2025-12-28 09:00:00+00:00,1.452,1.4541,1.4447,1.4476,274878.54991644
2025-12-28 10:00:00+00:00,1.4478,1.4546,1.4462,1.4481,194946.91768239992
2025-12-28 11:00:00+00:00,1.4484,1.4568,1.4484,1.4545,149583.65748919002
2025-12-28 12:00:00+00:00,1.4546,1.4691,1.4534,1.4544,613847.68928323
2025-12-28 13:00:00+00:00,1.4551,1.4588,1.4518,1.4534,249834.40856
2025-12-28 14:00:00+00:00,1.4535,1.468,1.4527,1.4615,250901.82641851
2025-12-28 15:00:00+00:00,1.4615,1.4678,1.453,1.4536,424174.58058157016
2025-12-28 16:00:00+00:00,1.4537,1.4628,1.4519,1.4604,554326.4476087702
2025-12-28 17:00:00+00:00,1.4604,1.4719,1.4599,1.4625,533998.9690064298
2025-12-28 18:00:00+00:00,1.4628,1.4646,1.44,1.4417,1166983.0011797987
2025-12-28 19:00:00+00:00,1.4415,1.4793,1.4331,1.436,2485682.3516598693
2025-12-28 20:00:00+00:00,1.4359,1.442,1.427,1.4363,949055.9229737512
2025-12-28 21:00:00+00:00,1.4364,1.4401,1.4316,1.4378,369359.94342688005
2025-12-28 22:00:00+00:00,1.4376,1.4486,1.4336,1.445,383925.57527831
2025-12-28 23:00:00+00:00,1.4451,1.4481,1.4364,1.4452,440976.26431218
2025-12-29 00:00:00+00:00,1.446,1.4635,1.4427,1.4556,618517.3432495
2025-12-29 01:00:00+00:00,1.4557,1.4709,1.442,1.4673,698778.9551300898
2025-12-29 02:00:00+00:00,1.4674,1.4861,1.4671,1.4776,1263451.7522045104
2025-12-29 03:00:00+00:00,1.4784,1.5033,1.4764,1.4964,2212455.4042523103
2025-12-29 04:00:00+00:00,1.4963,1.508,1.4946,1.4963,1275158.6183113898
2025-12-29 05:00:00+00:00,1.4963,1.5154,1.4914,1.4989,1904161.9901127503
2025-12-29 06:00:00+00:00,1.4985,1.5048,1.4951,1.4961,677130.62411239
2025-12-29 07:00:00+00:00,1.4962,1.498,1.4834,1.4929,1203832.9816246002
2025-12-29 08:00:00+00:00,1.4934,1.4979,1.4799,1.4826,438943.24216505006
2025-12-29 09:00:00+00:00,1.4824,1.4861,1.4484,1.4599,1255271.1825015603
2025-12-29 10:00:00+00:00,1.4594,1.4736,1.4581,1.4645,657307.39980469
2025-12-29 11:00:00+00:00,1.464,1.4675,1.4552,1.4556,457578.0368933701
2025-12-29 12:00:00+00:00,1.4558,1.4601,1.432,1.4513,1563771.55624846
2025-12-29 13:00:00+00:00,1.4515,1.4554,1.4402,1.4434,542996.5274052001
2025-12-29 14:00:00+00:00,1.4438,1.4614,1.4369,1.4422,1563808.3688150898
2025-12-29 15:00:00+00:00,1.4425,1.4572,1.4378,1.4471,1067064.5832168192
2025-12-29 16:00:00+00:00,1.447,1.4507,1.434,1.4392,803985.6502878
2025-12-29 17:00:00+00:00,1.4392,1.4488,1.433,1.4471,642829.6487028002
2025-12-29 18:00:00+00:00,1.447,1.451,1.4314,1.4336,694944.7456378101
2025-12-29 19:00:00+00:00,1.4335,1.4447,1.4297,1.4398,641650.7523105999
2025-12-29 20:00:00+00:00,1.4397,1.4469,1.4329,1.4358,491523.6266087601
2025-12-29 21:00:00+00:00,1.4363,1.4433,1.435,1.441,488670.9484443801
2025-12-29 22:00:00+00:00,1.4409,1.4454,1.4356,1.4421,377848.4932887601
2025-12-29 23:00:00+00:00,1.4414,1.4443,1.4364,1.438,513894.64003250015
2025-12-30 00:00:00+00:00,1.4379,1.4396,1.4261,1.4334,888087.4740689198
2025-12-30 01:00:00+00:00,1.433,1.4344,1.4263,1.429,556557.1934453701
2025-12-30 02:00:00+00:00,1.429,1.4321,1.4219,1.4278,793539.4056886899
2025-12-30 03:00:00+00:00,1.4279,1.4354,1.4158,1.432,808602.2905050599
2025-12-30 04:00:00+00:00,1.4323,1.436,1.4266,1.4301,725334.12739419
2025-12-30 05:00:00+00:00,1.4302,1.4304,1.4177,1.421,539393.8487439798
2025-12-30 06:00:00+00:00,1.4215,1.4316,1.4208,1.4268,373114.3675325
2025-12-30 07:00:00+00:00,1.4262,1.4317,1.4233,1.4259,177213.45358938002
2025-12-30 08:00:00+00:00,1.4259,1.4452,1.4256,1.4364,1126014.2362018689
2025-12-30 09:00:00+00:00,1.4364,1.444,1.432,1.4426,290096.3991336201
2025-12-30 10:00:00+00:00,1.4427,1.4451,1.436,1.4374,194161.99218359
2025-12-30 11:00:00+00:00,1.437,1.4415,1.4333,1.4356,121852.77809857
2025-12-30 12:00:00+00:00,1.4358,1.442,1.4356,1.4367,207932.92632458004
2025-12-30 13:00:00+00:00,1.4369,1.4449,1.4351,1.4426,276126.75907141
2025-12-30 14:00:00+00:00,1.441,1.4525,1.4258,1.4444,1724179.4636756503
2025-12-30 15:00:00+00:00,1.4448,1.4493,1.4257,1.4445,2227877.7822716124
2025-12-30 16:00:00+00:00,1.4445,1.4541,1.4345,1.4399,1416166.79574907
2025-12-30 17:00:00+00:00,1.44,1.4457,1.4289,1.4331,1232128.3251952403
2025-12-30 18:00:00+00:00,1.4331,1.4401,1.4305,1.4343,954348.75576925
2025-12-30 19:00:00+00:00,1.4334,1.436,1.4223,1.4321,545448.08622761
2025-12-30 20:00:00+00:00,1.43,1.4307,1.4223,1.4271,956468.73685264
2025-12-30 21:00:00+00:00,1.4271,1.4357,1.4263,1.4314,325592.1330060099
2025-12-30 22:00:00+00:00,1.4322,1.4381,1.426,1.4306,529708.5198055599
2025-12-30 23:00:00+00:00,1.4298,1.4364,1.4285,1.4324,250339.24185932003
2025-12-31 00:00:00+00:00,1.4324,1.433,1.4257,1.4289,528789.591324
2025-12-31 01:00:00+00:00,1.4287,1.4534,1.4277,1.4433,1077756.42157028
2025-12-31 02:00:00+00:00,1.4432,1.4476,1.4392,1.4445,698638.0551415399
2025-12-31 03:00:00+00:00,1.4446,1.45,1.4388,1.4427,465768.3952856901
2025-12-31 04:00:00+00:00,1.4428,1.4458,1.4344,1.4349,364483.2993537499
2025-12-31 05:00:00+00:00,1.4352,1.4435,1.4339,1.4381,354774.41956530005
2025-12-31 06:00:00+00:00,1.4381,1.4429,1.4353,1.4378,259857.70396812
2025-12-31 07:00:00+00:00,1.4381,1.4478,1.4377,1.4438,401617.40215581
2025-12-31 08:00:00+00:00,1.4436,1.4515,1.4368,1.4382,653310.7309421801
2025-12-31 09:00:00+00:00,1.4382,1.4463,1.4382,1.4425,192049.63461417003
2025-12-31 10:00:00+00:00,1.443,1.4461,1.4376,1.4415,511410.29740986
2025-12-31 11:00:00+00:00,1.4411,1.4506,1.4405,1.4487,766608.1904296603
2025-12-31 12:00:00+00:00,1.4486,1.4497,1.4403,1.4417,381054.5925435
2025-12-31 13:00:00+00:00,1.4421,1.45,1.4396,1.445,363708.31640480994
2025-12-31 14:00:00+00:00,1.4451,1.458,1.4388,1.4426,1339517.0878401897
2025-12-31 15:00:00+00:00,1.4435,1.4473,1.4236,1.4312,1737058.64145742
2025-12-31 16:00:00+00:00,1.4323,1.4348,1.3937,1.4037,2901070.2727984083
2025-12-31 17:00:00+00:00,1.4038,1.4078,1.3981,1.4014,1377114.8655595104
2025-12-31 18:00:00+00:00,1.402,1.4097,1.3983,1.3987,1181194.38075185
2025-12-31 19:00:00+00:00,1.3989,1.404,1.393,1.3935,1451699.7381790208
2025-12-31 20:00:00+00:00,1.3939,1.4031,1.3848,1.3953,4387799.31643072
2025-12-31 21:00:00+00:00,1.396,1.405,1.3948,1.4012,1802895.5550396496
2025-12-31 22:00:00+00:00,1.4011,1.4111,1.3981,1.3995,964307.3706648202
2025-12-31 23:00:00+00:00,1.3988,1.4065,1.3978,1.4019,621831.98406862
2026-01-01 00:00:00+00:00,1.4019,1.4117,1.4011,1.4068,660076.6066828
2026-01-01 01:00:00+00:00,1.407,1.4157,1.4022,1.4052,725612.9781838097
2026-01-01 02:00:00+00:00,1.4059,1.41,1.4024,1.4072,745645.5322269403
2026-01-01 03:00:00+00:00,1.4042,1.4075,1.3988,1.4028,585750.4038477901
2026-01-01 04:00:00+00:00,1.3995,1.4024,1.3919,1.3934,1184915.45584683
2026-01-01 05:00:00+00:00,1.3936,1.4075,1.3932,1.4001,468540.2270990601
2026-01-01 06:00:00+00:00,1.3999,1.4027,1.3974,1.3981,648414.5710156797
2026-01-01 07:00:00+00:00,1.3982,1.404,1.3976,1.4009,344371.5297485101
2026-01-01 08:00:00+00:00,1.4007,1.409,1.4002,1.407,264822.99818872
2026-01-01 09:00:00+00:00,1.407,1.416,1.4068,1.4082,247641.10079148
2026-01-01 10:00:00+00:00,1.4085,1.412,1.4044,1.411,262911.73305324
2026-01-01 11:00:00+00:00,1.4082,1.414,1.4082,1.4114,366076.8403334299
2026-01-01 12:00:00+00:00,1.4129,1.4129,1.4047,1.4072,53726.805134660026
2026-01-01 13:00:00+00:00,1.4048,1.4134,1.404,1.411,17556.76723388
2026-01-01 14:00:00+00:00,1.4116,1.4239,1.4106,1.42,295068.43245689006
2026-01-01 15:00:00+00:00,1.4198,1.4357,1.4157,1.432,538168.2015041998
2026-01-01 16:00:00+00:00,1.4333,1.4344,1.4218,1.43,345145.99005423003
2026-01-01 17:00:00+00:00,1.43,1.4504,1.4298,1.4406,289810.87057364
2026-01-01 18:00:00+00:00,1.4436,1.4455,1.4355,1.437,250920.66424538995
2026-01-01 19:00:00+00:00,1.439,1.4503,1.436,1.4474,239541.90799724
2026-01-01 20:00:00+00:00,1.4481,1.4532,1.4437,1.4499,465676.48175234994
2026-01-01 21:00:00+00:00,1.4507,1.4527,1.4463,1.4494,150332.86180872997
2026-01-01 22:00:00+00:00,1.4494,1.467,1.4494,1.4662,243424.19466380007
2026-01-01 23:00:00+00:00,1.467,1.4753,1.4649,1.47,260900.59900093995
2026-01-02 00:00:00+00:00,1.4701,1.4735,1.4591,1.464,888798.94503553
2026-01-02 01:00:00+00:00,1.4641,1.4698,1.4613,1.4649,542195.0002233199
2026-01-02 02:00:00+00:00,1.4647,1.4736,1.4607,1.4733,496614.38789256
2026-01-02 03:00:00+00:00,1.4732,1.5013,1.4717,1.4962,912122.3835323198
2026-01-02 04:00:00+00:00,1.4963,1.5017,1.4835,1.4852,1032167.1295564
2026-01-02 05:00:00+00:00,1.4854,1.4912,1.4794,1.4876,335859.95552649995
2026-01-02 06:00:00+00:00,1.4882,1.4967,1.4872,1.4918,414012.53281896
2026-01-02 07:00:00+00:00,1.493,1.4967,1.4843,1.4843,580509.4656357699
2026-01-02 08:00:00+00:00,1.4852,1.4946,1.4839,1.4937,296901.0589466299
2026-01-02 09:00:00+00:00,1.4938,1.5253,1.4928,1.5188,1790222.8740418996
2026-01-02 10:00:00+00:00,1.519,1.5273,1.5126,1.5192,840589.55907283
2026-01-02 11:00:00+00:00,1.5194,1.5198,1.5008,1.5068,789885.7385752869
2026-01-02 12:00:00+00:00,1.5067,1.5245,1.5043,1.5215,615936.2215477601
2026-01-02 13:00:00+00:00,1.5197,1.5258,1.5156,1.5201,823782.78560166
2026-01-02 14:00:00+00:00,1.52,1.5434,1.5015,1.5302,2516706.3264792603
2026-01-02 15:00:00+00:00,1.5302,1.5444,1.5129,1.5329,1561822.5697070896
2026-01-02 16:00:00+00:00,1.5326,1.5756,1.5295,1.5725,3588225.212977727
2026-01-02 17:00:00+00:00,1.5727,1.5804,1.5634,1.5756,2672519.0306778387
2026-01-02 18:00:00+00:00,1.5756,1.5847,1.557,1.5655,2020983.2602575093
2026-01-02 19:00:00+00:00,1.5656,1.5924,1.5628,1.5872,1371954.9142784493
2026-01-02 20:00:00+00:00,1.5876,1.6172,1.5876,1.6087,3123775.0761235105
2026-01-02 21:00:00+00:00,1.6086,1.643,1.603,1.627,1954810.362700611
2026-01-02 22:00:00+00:00,1.6271,1.6411,1.6116,1.6132,1164256.5614061295
2026-01-02 23:00:00+00:00,1.6132,1.6178,1.6046,1.6075,538059.7547631201
2026-01-03 00:00:00+00:00,1.6076,1.65,1.6076,1.6409,2185260.2448245287
2026-01-03 01:00:00+00:00,1.6404,1.6746,1.6363,1.6625,2935862.4027621634
2026-01-03 02:00:00+00:00,1.6625,1.6729,1.6451,1.6722,1224778.5789406702
2026-01-03 03:00:00+00:00,1.6726,1.6796,1.6612,1.6735,831668.1836131102
2026-01-03 04:00:00+00:00,1.6736,1.6798,1.6679,1.6687,819324.2380087699
2026-01-03 05:00:00+00:00,1.6687,1.6736,1.6564,1.6692,637770.7134856799
2026-01-03 06:00:00+00:00,1.6686,1.6907,1.6464,1.6493,982658.7792755602
2026-01-03 07:00:00+00:00,1.6494,1.6526,1.6134,1.6241,1911241.3788191
2026-01-03 08:00:00+00:00,1.6238,1.6381,1.6194,1.6318,740362.21378457
2026-01-03 09:00:00+00:00,1.6309,1.6551,1.626,1.6477,953406.2418898598
2026-01-03 10:00:00+00:00,1.6479,1.6512,1.6384,1.6384,605307.69298999
2026-01-03 11:00:00+00:00,1.6386,1.6419,1.6319,1.6402,401417.61207900016
2026-01-03 12:00:00+00:00,1.64,1.6412,1.626,1.6294,454753.8666183898
2026-01-03 13:00:00+00:00,1.6298,1.6602,1.6268,1.6514,1055836.5387480992
2026-01-03 14:00:00+00:00,1.6514,1.6699,1.6494,1.6644,494862.44808589
2026-01-03 15:00:00+00:00,1.6649,1.6653,1.6488,1.6494,753172.2964024898
2026-01-03 16:00:00+00:00,1.6495,1.6644,1.6462,1.6554,717489.08243821
2026-01-03 17:00:00+00:00,1.6556,1.6593,1.6505,1.6585,579193.6474887397
2026-01-03 18:00:00+00:00,1.658,1.6621,1.6501,1.6614,763739.58696141
2026-01-03 19:00:00+00:00,1.6609,1.6609,1.6499,1.6519,229038.55762416
2026-01-03 20:00:00+00:00,1.652,1.6527,1.6351,1.6452,1189097.6195621495
2026-01-03 21:00:00+00:00,1.645,1.6551,1.6409,1.6452,480163.8064841002
2026-01-03 22:00:00+00:00,1.6451,1.6627,1.6427,1.6619,578910.2067403299
2026-01-03 23:00:00+00:00,1.6622,1.6709,1.6562,1.6652,1078446.2412937805
2026-01-04 00:00:00+00:00,1.6658,1.6949,1.664,1.6768,813099.8744381701
2026-01-04 01:00:00+00:00,1.6785,1.6855,1.6714,1.6827,119920.32365192998
2026-01-04 02:00:00+00:00,1.6809,1.6959,1.6753,1.6845,285849.53838975995
2026-01-04 03:00:00+00:00,1.685,1.714,1.685,1.703,401702.9733477198
2026-01-04 04:00:00+00:00,1.7028,1.7128,1.6979,1.6984,269242.02350733004
2026-01-04 05:00:00+00:00,1.7001,1.7007,1.6922,1.6953,265281.88860383007
2026-01-04 06:00:00+00:00,1.695,1.7038,1.6814,1.6855,180379.93302933
2026-01-04 07:00:00+00:00,1.6846,1.6983,1.6846,1.6922,145292.33180405005
2026-01-04 08:00:00+00:00,1.6929,1.693,1.6779,1.6891,124609.62597020002
2026-01-04 09:00:00+00:00,1.6913,1.7095,1.6854,1.7074,90987.59727678
2026-01-04 10:00:00+00:00,1.7066,1.718,1.7025,1.7049,269382.58860921994
2026-01-04 11:00:00+00:00,1.7072,1.7072,1.6965,1.6971,161071.42700859997
2026-01-04 12:00:00+00:00,1.6971,1.7064,1.6908,1.6938,508862.63078289
2026-01-04 13:00:00+00:00,1.6936,1.6953,1.6827,1.6945,366630.0821698
2026-01-04 14:00:00+00:00,1.694,1.6995,1.6836,1.6961,357950.0140289898
2026-01-04 15:00:00+00:00,1.6962,1.7039,1.6928,1.7037,225398.85446479003
2026-01-04 16:00:00+00:00,1.7021,1.7122,1.6984,1.7091,284583.89072199
2026-01-04 17:00:00+00:00,1.7089,1.7504,1.7067,1.7395,1012721.84759408
2026-01-04 18:00:00+00:00,1.7378,1.7383,1.7069,1.7217,659306.6914645501
2026-01-04 19:00:00+00:00,1.7199,1.7208,1.6931,1.7066,303717.7834385001
2026-01-04 20:00:00+00:00,1.7066,1.7302,1.7044,1.7142,302069.29725010006
2026-01-04 21:00:00+00:00,1.7149,1.7224,1.7006,1.7091,464383.8576487099
2026-01-04 22:00:00+00:00,1.7076,1.7161,1.7029,1.7084,73751.05706819
2026-01-04 23:00:00+00:00,1.7098,1.724,1.6777,1.6924,1073961.5971415197
2026-01-05 00:00:00+00:00,1.6915,1.7168,1.6875,1.7063,768352.7234397201
2026-01-05 01:00:00+00:00,1.7071,1.7435,1.7046,1.723,1210288.4732654602
2026-01-05 02:00:00+00:00,1.7228,1.7277,1.6974,1.71,418161.9535424501
2026-01-05 03:00:00+00:00,1.7091,1.7102,1.6945,1.7016,150995.39981508005
2026-01-05 04:00:00+00:00,1.7035,1.7039,1.6649,1.6784,439327.2580920601
2026-01-05 05:00:00+00:00,1.6786,1.6922,1.6708,1.6708,383679.82093514
2026-01-05 06:00:00+00:00,1.6738,1.6789,1.6589,1.6781,587563.6154187303
2026-01-05 07:00:00+00:00,1.6785,1.6903,1.6752,1.6857,337536.7652834301
2026-01-05 08:00:00+00:00,1.6857,1.6981,1.683,1.686,268036.27058032993
2026-01-05 09:00:00+00:00,1.6855,1.6881,1.6733,1.6789,76949.64931147
2026-01-05 10:00:00+00:00,1.6806,1.6939,1.674,1.6838,250350.69999152003
2026-01-05 11:00:00+00:00,1.6829,1.6881,1.6788,1.6825,200523.02444279008
2026-01-05 12:00:00+00:00,1.6858,1.6858,1.6752,1.6813,92389.64597683997
2026-01-05 13:00:00+00:00,1.6816,1.6873,1.671,1.679,44213.70617398
2026-01-05 14:00:00+00:00,1.6797,1.6944,1.6603,1.688,780635.1652104002
2026-01-05 15:00:00+00:00,1.6876,1.7119,1.6743,1.7109,899676.04964231
2026-01-05 16:00:00+00:00,1.7068,1.7172,1.701,1.7125,383320.11306773
2026-01-05 17:00:00+00:00,1.7124,1.737,1.6978,1.7368,821922.9228606898
2026-01-05 18:00:00+00:00,1.7363,1.7898,1.7258,1.7787,1789029.2849596902
2026-01-05 19:00:00+00:00,1.7786,1.838,1.7695,1.836,2536777.68881267
2026-01-05 20:00:00+00:00,1.8373,1.9279,1.8344,1.8968,4353986.87706897
2026-01-05 21:00:00+00:00,1.8945,1.9082,1.8777,1.8961,837913.39438878
2026-01-05 22:00:00+00:00,1.8931,1.9517,1.8718,1.9207,1749164.85566442
2026-01-05 23:00:00+00:00,1.9165,1.9262,1.8956,1.897,818429.5788148
2026-01-06 00:00:00+00:00,1.8999,1.9726,1.8978,1.9693,7328717.786738307
2026-01-06 01:00:00+00:00,1.9705,1.9948,1.9341,1.9467,4587189.495271867
2026-01-06 02:00:00+00:00,1.9469,1.9587,1.9326,1.9452,2542367.486377771
2026-01-06 03:00:00+00:00,1.9466,1.9541,1.9265,1.941,1677606.8163768505
2026-01-06 04:00:00+00:00,1.941,1.9649,1.9282,1.947,2375268.8699650983
2026-01-06 05:00:00+00:00,1.947,1.9802,1.9445,1.9738,2558783.930771921
2026-01-06 06:00:00+00:00,1.9736,1.9894,1.9522,1.9765,1845179.1308502296
2026-01-06 07:00:00+00:00,1.9766,1.9801,1.9405,1.9544,2271530.90052997
2026-01-06 08:00:00+00:00,1.9548,1.99,1.9541,1.9636,2692083.888589031
2026-01-06 09:00:00+00:00,1.9636,1.9781,1.9462,1.9514,1095676.45935596
2026-01-06 10:00:00+00:00,1.9512,1.9733,1.9446,1.9612,818004.2093272095
2026-01-06 11:00:00+00:00,1.9602,1.986,1.956,1.9791,1400369.3911144305
2026-01-06 12:00:00+00:00,1.9796,2.0241,1.9695,1.9755,2823626.0151491947
2026-01-06 13:00:00+00:00,1.976,1.9997,1.9701,1.9853,2644881.738294889
2026-01-06 14:00:00+00:00,1.9861,2.0113,1.948,1.9646,5480315.528103041
2026-01-06 15:00:00+00:00,1.9642,1.9873,1.9436,1.9568,4112909.685982467
2026-01-06 16:00:00+00:00,1.9565,1.9603,1.8404,1.8572,13219578.823627604
2026-01-06 17:00:00+00:00,1.8579,1.8706,1.8112,1.8152,6968523.643626873
2026-01-06 18:00:00+00:00,1.8152,1.862,1.8101,1.8471,3059482.9833970405
2026-01-06 19:00:00+00:00,1.8469,1.8601,1.8428,1.8495,1709869.6495476805
2026-01-06 20:00:00+00:00,1.8495,1.8727,1.8495,1.8588,1498636.97931937
2026-01-06 21:00:00+00:00,1.8583,1.8905,1.8498,1.879,3249723.837179112
2026-01-06 22:00:00+00:00,1.879,1.89,1.8676,1.8842,1020918.946194
2026-01-06 23:00:00+00:00,1.8844,1.91,1.8828,1.9033,1507786.2829511503
2026-01-07 00:00:00+00:00,1.9033,1.9038,1.8663,1.8692,2361434.4646305493
2026-01-07 01:00:00+00:00,1.869,1.8848,1.8521,1.8574,1120091.09439196
2026-01-07 02:00:00+00:00,1.8572,1.8807,1.8505,1.8794,781165.2083837604
2026-01-07 03:00:00+00:00,1.88,1.8843,1.8687,1.8714,476115.830785
2026-01-07 04:00:00+00:00,1.8716,1.8786,1.8641,1.8684,298554.18928455
2026-01-07 05:00:00+00:00,1.8689,1.877,1.8615,1.8676,601925.90012196
2026-01-07 06:00:00+00:00,1.8681,1.8773,1.8622,1.8727,1134816.2601526198
2026-01-07 07:00:00+00:00,1.8726,1.93,1.8719,1.9271,1568166.737937943
2026-01-07 08:00:00+00:00,1.9271,1.9785,1.905,1.9451,4898762.926015334
2026-01-07 09:00:00+00:00,1.9453,1.9482,1.8968,1.9291,2896830.581871143
2026-01-07 10:00:00+00:00,1.928,1.9305,1.9088,1.919,1105390.9902781502
2026-01-07 11:00:00+00:00,1.9188,1.9379,1.9037,1.9083,851111.6375336195
2026-01-07 12:00:00+00:00,1.9088,1.9133,1.8901,1.8911,703933.6453982197
2026-01-07 13:00:00+00:00,1.8921,1.8968,1.8707,1.8815,900215.5328985993
2026-01-07 14:00:00+00:00,1.8822,1.8883,1.8487,1.8871,3507595.043298846
2026-01-07 15:00:00+00:00,1.8874,1.8882,1.8427,1.8492,2846292.920112419
2026-01-07 16:00:00+00:00,1.8491,1.8742,1.8404,1.8454,2163784.139913409
2026-01-07 17:00:00+00:00,1.8452,1.8638,1.8394,1.8476,1093580.6447058702
2026-01-07 18:00:00+00:00,1.8475,1.858,1.8362,1.8459,1137805.4941092497
2026-01-07 19:00:00+00:00,1.8459,1.8494,1.8227,1.8372,2221969.7229015203
2026-01-07 20:00:00+00:00,1.8376,1.8401,1.8167,1.8182,980754.15540691
2026-01-07 21:00:00+00:00,1.8188,1.822,1.7971,1.8107,2033218.3893247645
2026-01-07 22:00:00+00:00,1.8104,1.8284,1.8026,1.8144,1251644.8328482592
2026-01-07 23:00:00+00:00,1.815,1.8269,1.803,1.819,718128.3428109201
2026-01-08 00:00:00+00:00,1.8191,1.8297,1.8072,1.8244,645614.5578882601
2026-01-08 01:00:00+00:00,1.8246,1.8406,1.8231,1.8376,974979.50250091
2026-01-08 02:00:00+00:00,1.8369,1.8369,1.7998,1.8074,1502533.03684389
2026-01-08 03:00:00+00:00,1.8073,1.816,1.7846,1.7937,1143446.4299501395
2026-01-08 04:00:00+00:00,1.7935,1.8146,1.7912,1.807,999827.8896173206
2026-01-08 05:00:00+00:00,1.8074,1.8156,1.7946,1.7985,557128.2279214999
2026-01-08 06:00:00+00:00,1.7988,1.8016,1.7648,1.7683,1616227.5973940813
2026-01-08 07:00:00+00:00,1.7684,1.8182,1.7622,1.8106,2745466.119351912
2026-01-08 08:00:00+00:00,1.8105,1.8308,1.7984,1.7999,943640.1826193295
2026-01-08 09:00:00+00:00,1.8004,1.8053,1.7756,1.7793,1076806.7672123895
2026-01-08 10:00:00+00:00,1.7792,1.8084,1.7632,1.8014,1353283.443364861
2026-01-08 11:00:00+00:00,1.8014,1.8035,1.7744,1.7831,736552.9567519799
2026-01-08 12:00:00+00:00,1.7827,1.785,1.7355,1.7551,3984857.967905143
2026-01-08 13:00:00+00:00,1.7551,1.7729,1.753,1.7617,1947219.386635938
2026-01-08 14:00:00+00:00,1.7614,1.8093,1.7503,1.8027,2366978.792347892
2026-01-08 15:00:00+00:00,1.8035,1.8389,1.7802,1.838,5768268.702148451
2026-01-08 16:00:00+00:00,1.8364,1.8478,1.8078,1.8322,3006081.0414167102
2026-01-08 17:00:00+00:00,1.832,1.8552,1.8255,1.8455,2991550.206742132
2026-01-08 18:00:00+00:00,1.8448,1.8532,1.8225,1.8317,2630955.102746881
2026-01-08 19:00:00+00:00,1.8315,1.8418,1.8271,1.8314,808857.4849813501
2026-01-08 20:00:00+00:00,1.8313,1.8317,1.801,1.8196,1149566.5633454998
2026-01-08 21:00:00+00:00,1.8196,1.8456,1.8192,1.8394,742264.8491504601
2026-01-08 22:00:00+00:00,1.84,1.8488,1.8156,1.8295,1795596.6268072703
2026-01-08 23:00:00+00:00,1.8296,1.8328,1.8141,1.8151,428673.13543000014
2026-01-09 00:00:00+00:00,1.8151,1.8275,1.8151,1.8227,436487.00922660006
2026-01-09 01:00:00+00:00,1.8227,1.836,1.7929,1.7985,1133266.7711287318
2026-01-09 02:00:00+00:00,1.7989,1.8264,1.7978,1.8031,868190.4477309601
2026-01-09 03:00:00+00:00,1.8035,1.8249,1.8012,1.8219,512649.0029012
2026-01-09 04:00:00+00:00,1.8219,1.8245,1.8064,1.8091,465359.01548464
2026-01-09 05:00:00+00:00,1.8088,1.8171,1.8028,1.8116,652702.48749109
2026-01-09 06:00:00+00:00,1.8104,1.8179,1.8021,1.8139,893302.4196648498
2026-01-09 07:00:00+00:00,1.8138,1.8138,1.7977,1.799,2704673.0924167195
2026-01-09 08:00:00+00:00,1.8003,1.8045,1.7666,1.7766,1896007.21918426
2026-01-09 09:00:00+00:00,1.7768,1.804,1.7765,1.7877,928374.5584468696
2026-01-09 10:00:00+00:00,1.788,1.7906,1.7816,1.7873,319017.4684199999
2026-01-09 11:00:00+00:00,1.7872,1.7976,1.7852,1.7942,455916.6458593101
2026-01-09 12:00:00+00:00,1.7947,1.7951,1.7804,1.788,541686.34914037
2026-01-09 13:00:00+00:00,1.7884,1.825,1.7878,1.8111,1749814.9155113013
2026-01-09 14:00:00+00:00,1.8111,1.8147,1.7809,1.7892,1429580.9992214614
2026-01-09 15:00:00+00:00,1.7898,1.8459,1.7725,1.8169,4084753.293942423
2026-01-09 16:00:00+00:00,1.8164,1.8501,1.8137,1.8393,2678076.95480856
2026-01-09 17:00:00+00:00,1.8396,1.8485,1.81,1.8366,1380391.5671389196
2026-01-09 18:00:00+00:00,1.8364,1.8396,1.7904,1.8104,1403934.483258219
2026-01-09 19:00:00+00:00,1.8099,1.8106,1.785,1.7948,1047828.2042433608
2026-01-09 20:00:00+00:00,1.7946,1.8078,1.7901,1.7958,1157671.9597303206
2026-01-09 21:00:00+00:00,1.796,1.8174,1.79,1.8123,664310.7545222803
2026-01-09 22:00:00+00:00,1.8122,1.8256,1.8063,1.8218,453299.28357278
2026-01-09 23:00:00+00:00,1.8217,1.8236,1.8074,1.8095,529232.9060323399
2026-01-10 00:00:00+00:00,1.809,1.8109,1.7993,1.8,392433.0671799998
2026-01-10 01:00:00+00:00,1.8,1.8123,1.7961,1.8056,578605.3797299999
2026-01-10 02:00:00+00:00,1.806,1.8187,1.7952,1.7972,592158.1200582096
2026-01-10 03:00:00+00:00,1.7975,1.7975,1.7825,1.7931,629562.8917849605
2026-01-10 04:00:00+00:00,1.7928,1.7935,1.7833,1.7884,481340.94635901
2026-01-10 05:00:00+00:00,1.7888,1.8,1.7879,1.7937,237100.82758549
2026-01-10 06:00:00+00:00,1.7945,1.7957,1.7826,1.7919,615876.0256835404
2026-01-10 07:00:00+00:00,1.7917,1.8077,1.7912,1.7994,294257.8981943801
2026-01-10 08:00:00+00:00,1.7992,1.8133,1.7928,1.8125,722511.1572796202
2026-01-10 09:00:00+00:00,1.8124,1.8414,1.8077,1.84,1022699.2321503796
2026-01-10 10:00:00+00:00,1.8404,1.8464,1.8294,1.8376,808453.8927657603
2026-01-10 11:00:00+00:00,1.8374,1.8374,1.8197,1.8273,335911.3106323399
2026-01-10 12:00:00+00:00,1.8272,1.8333,1.8216,1.8255,455859.4490723401
2026-01-10 13:00:00+00:00,1.8254,1.8323,1.8132,1.8169,751836.2534761004
2026-01-10 14:00:00+00:00,1.8172,1.8228,1.8,1.8057,965436.31774198
2026-01-10 15:00:00+00:00,1.8062,1.8195,1.8056,1.8141,458163.6429303601
2026-01-10 16:00:00+00:00,1.8136,1.82,1.7963,1.8012,629991.88987498
2026-01-10 17:00:00+00:00,1.8007,1.8064,1.7932,1.7959,319076.24005408003
2026-01-10 18:00:00+00:00,1.7963,1.801,1.791,1.7979,224052.21188796
2026-01-10 19:00:00+00:00,1.7981,1.8079,1.7962,1.8052,389727.38809513
2026-01-10 20:00:00+00:00,1.805,1.8061,1.7979,1.7989,247272.09414558005
2026-01-10 21:00:00+00:00,1.7988,1.7999,1.7889,1.7898,484235.6123122103
2026-01-10 22:00:00+00:00,1.79,1.7962,1.7774,1.7792,719177.5032542098
2026-01-10 23:00:00+00:00,1.7791,1.7956,1.7762,1.7925,344425.2398119301
2026-01-11 00:00:00+00:00,1.7924,1.7962,1.7879,1.7957,323887.79219999985
2026-01-11 01:00:00+00:00,1.7958,1.7985,1.7895,1.7969,142594.28690999994
2026-01-11 02:00:00+00:00,1.7962,1.8044,1.7952,1.8009,215465.42406563
2026-01-11 03:00:00+00:00,1.8015,1.8028,1.7977,1.8004,193511.56503291003
2026-01-11 04:00:00+00:00,1.8003,1.8121,1.7947,1.8115,386355.0233032402
2026-01-11 05:00:00+00:00,1.8115,1.8208,1.8095,1.8122,377858.53005278
2026-01-11 06:00:00+00:00,1.8118,1.8146,1.8008,1.8142,237173.32763
2026-01-11 07:00:00+00:00,1.8143,1.8164,1.8082,1.814,128423.81641948002
2026-01-11 08:00:00+00:00,1.8141,1.8203,1.8103,1.8154,387861.49928696
2026-01-11 09:00:00+00:00,1.8155,1.8203,1.8064,1.8072,503327.1839441103
2026-01-11 10:00:00+00:00,1.8072,1.8141,1.8062,1.8106,210242.14959234005
2026-01-11 11:00:00+00:00,1.8105,1.8156,1.8083,1.8112,136276.44280999995
2026-01-11 12:00:00+00:00,1.8115,1.8267,1.8101,1.8223,352110.64346042
2026-01-11 13:00:00+00:00,1.8223,1.8241,1.8127,1.8143,287218.43260821
2026-01-11 14:00:00+00:00,1.8145,1.8322,1.8138,1.8266,447043.87698563
2026-01-11 15:00:00+00:00,1.8269,1.8325,1.7885,1.7966,1548894.7074066598
2026-01-11 16:00:00+00:00,1.7976,1.8177,1.794,1.8059,1375359.8106904095
2026-01-11 17:00:00+00:00,1.806,1.814,1.7974,1.8126,1089436.6472738597
2026-01-11 18:00:00+00:00,1.8127,1.8193,1.8032,1.8151,689319.2483273102
2026-01-11 19:00:00+00:00,1.8154,1.8229,1.8088,1.813,844795.00525275
2026-01-11 20:00:00+00:00,1.8129,1.8129,1.784,1.7976,944404.5094551896
2026-01-11 21:00:00+00:00,1.7977,1.8009,1.783,1.7955,697102.6729977403
2026-01-11 22:00:00+00:00,1.7956,1.7956,1.778,1.7812,687734.86641704
2026-01-11 23:00:00+00:00,1.7815,1.7976,1.7651,1.7941,1583577.5156799392
2026-01-12 00:00:00+00:00,1.7939,1.8006,1.7613,1.7879,1442486.6662828897
2026-01-12 01:00:00+00:00,1.7881,1.81,1.7846,1.8037,1115153.3754031393
2026-01-12 02:00:00+00:00,1.8039,1.842,1.8033,1.8363,1640536.8475919794
2026-01-12 03:00:00+00:00,1.8365,1.8494,1.8124,1.8144,1918480.17814237
2026-01-12 04:00:00+00:00,1.8146,1.8373,1.8125,1.8358,557657.4708887499
2026-01-12 05:00:00+00:00,1.8357,1.8445,1.828,1.8289,562989.70504096
2026-01-12 06:00:00+00:00,1.8288,1.8313,1.8078,1.8125,704108.6923419401
2026-01-12 07:00:00+00:00,1.8125,1.8233,1.784,1.786,922858.6632049798
2026-01-12 08:00:00+00:00,1.7859,1.8013,1.772,1.7854,921626.67295184
2026-01-12 09:00:00+00:00,1.7851,1.7898,1.7776,1.78,518707.14286578
2026-01-12 10:00:00+00:00,1.7802,1.7871,1.7674,1.7718,628631.6688569302
2026-01-12 11:00:00+00:00,1.7718,1.7855,1.7703,1.7833,487193.57195443
2026-01-12 12:00:00+00:00,1.7833,1.79,1.7772,1.781,647963.5639459102
2026-01-12 13:00:00+00:00,1.7804,1.7839,1.764,1.7644,705042.1127279099
2026-01-12 14:00:00+00:00,1.7644,1.7902,1.7433,1.7814,3276451.832798463
2026-01-12 15:00:00+00:00,1.7815,1.808,1.7761,1.8015,1745933.0153049703
2026-01-12 16:00:00+00:00,1.8013,1.8232,1.7994,1.808,1989508.3798879504
2026-01-12 17:00:00+00:00,1.808,1.8128,1.7757,1.7868,1143664.1538799996
2026-01-12 18:00:00+00:00,1.787,1.8029,1.7838,1.7932,543907.7592247
2026-01-12 19:00:00+00:00,1.7934,1.8001,1.7829,1.7976,567126.4693218101
2026-01-12 20:00:00+00:00,1.798,1.8063,1.7831,1.7876,539219.58991437
2026-01-12 21:00:00+00:00,1.7872,1.7873,1.7512,1.7627,1147061.6518387694
2026-01-12 22:00:00+00:00,1.7622,1.775,1.7618,1.7685,732000.1069643801
2026-01-12 23:00:00+00:00,1.7685,1.7699,1.756,1.7605,964082.5890197606
2026-01-13 00:00:00+00:00,1.7602,1.7724,1.7576,1.7648,958862.12392224
2026-01-13 01:00:00+00:00,1.7652,1.7707,1.751,1.7569,457753.10276000015
2026-01-13 02:00:00+00:00,1.7569,1.767,1.7545,1.755,517820.8957399999
2026-01-13 03:00:00+00:00,1.7557,1.7676,1.752,1.7627,1138471.5338861605
2026-01-13 04:00:00+00:00,1.7627,1.7818,1.7621,1.7798,685622.21149118
2026-01-13 05:00:00+00:00,1.7802,1.8071,1.7793,1.7903,1442355.41725
2026-01-13 06:00:00+00:00,1.7905,1.7982,1.7845,1.7929,779830.7101021594
2026-01-13 07:00:00+00:00,1.7935,1.796,1.7866,1.7921,483035.67959
2026-01-13 08:00:00+00:00,1.7918,1.8035,1.7903,1.7996,369340.53131974005
2026-01-13 09:00:00+00:00,1.7997,1.809,1.7872,1.7988,1144002.94657198
2026-01-13 10:00:00+00:00,1.799,1.8021,1.7858,1.7923,416224.1553939299
2026-01-13 11:00:00+00:00,1.7928,1.7979,1.7878,1.793,226715.09017443
2026-01-13 12:00:00+00:00,1.7936,1.795,1.7844,1.7929,368085.40255082
2026-01-13 13:00:00+00:00,1.7928,1.8123,1.7888,1.8012,1052338.441128931
2026-01-13 14:00:00+00:00,1.8008,1.8313,1.7923,1.8128,2327701.449924629
2026-01-13 15:00:00+00:00,1.812,1.8382,1.7926,1.8375,1815322.574967999
2026-01-13 16:00:00+00:00,1.8372,1.8496,1.8262,1.836,3417530.74718772
2026-01-13 17:00:00+00:00,1.8363,1.8392,1.815,1.8203,1190151.2678412602
2026-01-13 18:00:00+00:00,1.8202,1.8344,1.8181,1.8284,838411.7152312197
2026-01-13 19:00:00+00:00,1.828,1.8456,1.8222,1.8432,1486366.44594
2026-01-13 20:00:00+00:00,1.8434,1.8647,1.8269,1.8418,2592788.6395472805
2026-01-13 21:00:00+00:00,1.842,1.8475,1.8292,1.8397,1054527.6988900006
2026-01-13 22:00:00+00:00,1.8398,1.9457,1.8396,1.9026,5309638.41913218
2026-01-13 23:00:00+00:00,1.9028,1.91,1.8671,1.8792,2295922.9990617707
2026-01-14 00:00:00+00:00,1.8799,1.8961,1.8759,1.8812,1185291.5302490303
2026-01-14 01:00:00+00:00,1.8811,1.8836,1.8595,1.8649,1016014.76399876
2026-01-14 02:00:00+00:00,1.8647,1.884,1.8574,1.8633,1011746.3842516692
2026-01-14 03:00:00+00:00,1.8632,1.8816,1.8604,1.8807,566806.92186715
2026-01-14 04:00:00+00:00,1.8806,1.8839,1.8557,1.8568,684600.7744616598
2026-01-14 05:00:00+00:00,1.858,1.858,1.8391,1.8429,809983.1965526904
2026-01-14 06:00:00+00:00,1.8427,1.8451,1.8254,1.8435,1089446.839480701
2026-01-14 07:00:00+00:00,1.8435,1.8512,1.8384,1.8459,537151.8864315099
2026-01-14 08:00:00+00:00,1.8456,1.8506,1.837,1.837,324288.48197406984
2026-01-14 09:00:00+00:00,1.8375,1.8442,1.8343,1.8407,328298.6350499199
2026-01-14 10:00:00+00:00,1.8404,1.8466,1.8299,1.8337,583260.0938102902
2026-01-14 11:00:00+00:00,1.8336,1.8342,1.8029,1.8185,1734685.48428173
2026-01-14 12:00:00+00:00,1.8185,1.8324,1.816,1.8279,819172.7036010502
2026-01-14 13:00:00+00:00,1.828,1.8303,1.811,1.815,824297.0438574501
2026-01-14 14:00:00+00:00,1.8149,1.8575,1.814,1.8423,2676870.0271853004
2026-01-14 15:00:00+00:00,1.8423,1.856,1.8259,1.8407,2084984.96813058
2026-01-14 16:00:00+00:00,1.8408,1.9649,1.8401,1.8981,8534053.952116072
2026-01-14 17:00:00+00:00,1.8981,1.9154,1.8347,1.8433,4234379.509069546
2026-01-14 18:00:00+00:00,1.8428,1.8581,1.8171,1.8348,1930179.67283924
2026-01-14 19:00:00+00:00,1.8346,1.8638,1.8274,1.8448,2076828.8408010297
2026-01-14 20:00:00+00:00,1.8427,1.8632,1.8361,1.8495,1057486.4993557597
2026-01-14 21:00:00+00:00,1.8493,1.8537,1.8349,1.8449,1123899.7992018806
2026-01-14 22:00:00+00:00,1.8443,1.853,1.8349,1.8498,1356838.59617559
2026-01-14 23:00:00+00:00,1.8499,1.8709,1.8476,1.8535,1298342.9834570703
2026-01-15 00:00:00+00:00,1.8536,1.8542,1.8342,1.8441,781080.95266275
2026-01-15 01:00:00+00:00,1.844,1.8562,1.8196,1.8251,1104247.23478534
2026-01-15 02:00:00+00:00,1.8247,1.8292,1.799,1.8066,1604510.6995045794
2026-01-15 03:00:00+00:00,1.8074,1.8117,1.7776,1.785,2240932.2417455013
2026-01-15 04:00:00+00:00,1.7845,1.8021,1.7822,1.8004,716014.6564128704
2026-01-15 05:00:00+00:00,1.7997,1.8073,1.7988,1.8035,630282.62229524
2026-01-15 06:00:00+00:00,1.8033,1.8111,1.7904,1.7954,398344.43880253
2026-01-15 07:00:00+00:00,1.7955,1.8194,1.7936,1.8157,388976.5655197299
2026-01-15 08:00:00+00:00,1.8159,1.8197,1.8048,1.8127,261231.33903915016
2026-01-15 09:00:00+00:00,1.813,1.8412,1.8026,1.835,785236.8163437598
2026-01-15 10:00:00+00:00,1.8352,1.8408,1.8258,1.8406,848551.0120566201
2026-01-15 11:00:00+00:00,1.8403,1.8529,1.835,1.8384,465313.8320800199
2026-01-15 12:00:00+00:00,1.8384,1.8483,1.8033,1.8254,2248133.43940366
2026-01-15 13:00:00+00:00,1.8252,1.8311,1.8163,1.825,516937.48778807
2026-01-15 14:00:00+00:00,1.825,1.8352,1.8,1.812,1487278.7905672395
2026-01-15 15:00:00+00:00,1.8118,1.8219,1.7692,1.8023,2201419.644925149
2026-01-15 16:00:00+00:00,1.802,1.8047,1.7808,1.801,999808.0122921398
2026-01-15 17:00:00+00:00,1.801,1.8129,1.7859,1.7898,1364528.5855069803
2026-01-15 18:00:00+00:00,1.79,1.7932,1.7585,1.7693,1171881.79665086
2026-01-15 19:00:00+00:00,1.7687,1.7771,1.7545,1.7721,790965.6615888702
2026-01-15 20:00:00+00:00,1.7723,1.7935,1.7691,1.7785,2174664.0583057785
2026-01-15 21:00:00+00:00,1.7771,1.7892,1.7747,1.779,442088.3899531901
2026-01-15 22:00:00+00:00,1.7797,1.7885,1.7723,1.7803,744895.9149283703
2026-01-15 23:00:00+00:00,1.7808,1.7893,1.7742,1.7807,150260.54181469
2026-01-16 00:00:00+00:00,1.78,1.7869,1.7779,1.7809,329181.89138999983
2026-01-16 01:00:00+00:00,1.7813,1.7854,1.7723,1.7838,408855.70821634994
2026-01-16 02:00:00+00:00,1.7838,1.7915,1.7721,1.7912,425685.7897584803
2026-01-16 03:00:00+00:00,1.7914,1.7979,1.7728,1.7743,509905.4537499999
2026-01-16 04:00:00+00:00,1.7742,1.7813,1.7632,1.773,454119.3708037099
2026-01-16 05:00:00+00:00,1.7727,1.792,1.7697,1.7876,419301.30651972006
2026-01-16 06:00:00+00:00,1.7878,1.7924,1.7806,1.7907,220146.97448815
2026-01-16 07:00:00+00:00,1.79,1.7915,1.777,1.7797,237461.11012793
2026-01-16 08:00:00+00:00,1.7803,1.7921,1.7785,1.7866,247115.69045864
2026-01-16 09:00:00+00:00,1.7867,1.7922,1.7843,1.7866,96853.13916392995
2026-01-16 10:00:00+00:00,1.7866,1.7867,1.7784,1.781,190879.95864
2026-01-16 11:00:00+00:00,1.7805,1.7826,1.7745,1.7814,197429.8232938
2026-01-16 12:00:00+00:00,1.7809,1.784,1.7736,1.7781,194986.9836244
2026-01-16 13:00:00+00:00,1.7787,1.7794,1.7623,1.7688,508845.03876672
2026-01-16 14:00:00+00:00,1.7692,1.7834,1.7685,1.7711,600001.2739183602
2026-01-16 15:00:00+00:00,1.7715,1.7822,1.7046,1.7222,5627178.758806191
2026-01-16 16:00:00+00:00,1.722,1.7548,1.719,1.7446,1964072.9767272105
2026-01-16 17:00:00+00:00,1.7449,1.7519,1.7317,1.7494,748184.77682213
2026-01-16 18:00:00+00:00,1.7502,1.763,1.7502,1.7592,1358140.2863985703
2026-01-16 19:00:00+00:00,1.7586,1.7685,1.7481,1.7648,1133803.5932748504
2026-01-16 20:00:00+00:00,1.7648,1.7848,1.7532,1.7829,2039086.251914528
2026-01-16 21:00:00+00:00,1.7831,1.7913,1.7755,1.7822,725441.0868394899
2026-01-16 22:00:00+00:00,1.7822,1.7915,1.7796,1.7876,394044.2694738899
2026-01-16 23:00:00+00:00,1.7876,1.7928,1.7854,1.7875,284437.2446394001
2026-01-17 00:00:00+00:00,1.7875,1.7893,1.7794,1.7826,482334.03003757016
2026-01-17 01:00:00+00:00,1.7824,1.7874,1.7799,1.7853,201470.11450526
2026-01-17 02:00:00+00:00,1.7855,1.7858,1.7791,1.7823,225135.0359514
2026-01-17 03:00:00+00:00,1.7824,1.7851,1.7779,1.7845,168796.49546406
2026-01-17 04:00:00+00:00,1.7841,1.7925,1.7831,1.7908,198998.82569920007
2026-01-17 05:00:00+00:00,1.7903,1.8032,1.7903,1.7983,447749.31049018
2026-01-17 06:00:00+00:00,1.7988,1.8013,1.7934,1.796,157223.28410574995
2026-01-17 07:00:00+00:00,1.7959,1.7962,1.7887,1.7937,172634.14826792004
2026-01-17 08:00:00+00:00,1.7931,1.8077,1.7914,1.8055,355884.66473525
2026-01-17 09:00:00+00:00,1.8053,1.8063,1.7972,1.7998,153894.35403917008
2026-01-17 10:00:00+00:00,1.8001,1.802,1.7906,1.7923,136875.22245404
2026-01-17 11:00:00+00:00,1.7922,1.7964,1.7854,1.7922,190388.1600464
2026-01-17 12:00:00+00:00,1.792,1.8042,1.7912,1.8028,132902.57591813002
2026-01-17 13:00:00+00:00,1.8033,1.8162,1.7972,1.8018,778653.5896025203
2026-01-17 14:00:00+00:00,1.8027,1.8129,1.7959,1.8105,627812.8179018499
2026-01-17 15:00:00+00:00,1.8103,1.8138,1.7997,1.8097,441502.31427231006
2026-01-17 16:00:00+00:00,1.8092,1.8117,1.7835,1.7934,1584773.424041181
2026-01-17 17:00:00+00:00,1.7928,1.7964,1.7867,1.7949,589462.1406811296
2026-01-17 18:00:00+00:00,1.7947,1.7958,1.7904,1.793,252320.53095530003
2026-01-17 19:00:00+00:00,1.7929,1.7957,1.7895,1.7928,126213.09342983
2026-01-17 20:00:00+00:00,1.7934,1.7957,1.7874,1.7896,202037.63356483
2026-01-17 21:00:00+00:00,1.7895,1.7902,1.7829,1.7879,298976.31825737
2026-01-17 22:00:00+00:00,1.7875,1.7881,1.7739,1.7821,352397.54644903005
2026-01-17 23:00:00+00:00,1.7816,1.7878,1.78,1.786,394277.7024395701
2026-01-18 00:00:00+00:00,1.7858,1.7939,1.78,1.7817,254505.34371971
2026-01-18 01:00:00+00:00,1.7824,1.7841,1.7651,1.7739,484729.4254345803
2026-01-18 02:00:00+00:00,1.774,1.7837,1.7711,1.7764,228384.43339353
2026-01-18 03:00:00+00:00,1.7767,1.7847,1.776,1.78,117246.25371534002
2026-01-18 04:00:00+00:00,1.7798,1.7833,1.7756,1.7819,118157.73760386003
2026-01-18 05:00:00+00:00,1.7818,1.7836,1.778,1.7798,130554.24148679
2026-01-18 06:00:00+00:00,1.7798,1.7817,1.7755,1.7803,72204.47183423997
2026-01-18 07:00:00+00:00,1.7796,1.7808,1.7722,1.7749,139659.29999886997
2026-01-18 08:00:00+00:00,1.7748,1.7766,1.771,1.7742,226908.56739702995
2026-01-18 09:00:00+00:00,1.7737,1.7803,1.7728,1.7779,72086.72323717999
2026-01-18 10:00:00+00:00,1.778,1.778,1.7678,1.7722,203972.68116054
2026-01-18 11:00:00+00:00,1.7718,1.7762,1.7689,1.7732,99322.71383661997
2026-01-18 12:00:00+00:00,1.7731,1.7784,1.7693,1.7705,53328.17765232999
2026-01-18 13:00:00+00:00,1.7706,1.7749,1.763,1.7717,405010.8229125
2026-01-18 14:00:00+00:00,1.7716,1.7829,1.7661,1.7666,260503.07266381005
2026-01-18 15:00:00+00:00,1.7675,1.7754,1.7601,1.7733,206332.74655488
2026-01-18 16:00:00+00:00,1.7733,1.7795,1.7684,1.7697,333458.7973259799
2026-01-18 17:00:00+00:00,1.77,1.7777,1.7655,1.7747,352008.0322555601
2026-01-18 18:00:00+00:00,1.7754,1.7967,1.7733,1.7928,521878.2644097401
2026-01-18 19:00:00+00:00,1.7932,1.7957,1.7719,1.7737,224777.51812558
2026-01-18 20:00:00+00:00,1.774,1.7844,1.7688,1.7798,220036.5785616201
2026-01-18 21:00:00+00:00,1.78,1.7858,1.7791,1.7815,152239.24109
2026-01-18 22:00:00+00:00,1.7818,1.7896,1.7802,1.7843,321431.5043599998
2026-01-18 23:00:00+00:00,1.7838,1.7844,1.693,1.695,3859905.769462629
2026-01-19 00:00:00+00:00,1.6951,1.6951,1.5117,1.5873,19871032.46896201
2026-01-19 01:00:00+00:00,1.5869,1.6054,1.5655,1.5781,6728824.51354143
2026-01-19 02:00:00+00:00,1.5784,1.5932,1.5716,1.5853,1642689.25920708
2026-01-19 03:00:00+00:00,1.5855,1.5922,1.5829,1.5905,922004.5609525598
2026-01-19 04:00:00+00:00,1.5905,1.5938,1.5782,1.5783,1102479.2637305604
2026-01-19 05:00:00+00:00,1.5782,1.5826,1.5611,1.5649,1218448.843813381
2026-01-19 06:00:00+00:00,1.5648,1.5711,1.5532,1.5568,1513884.1437248
2026-01-19 07:00:00+00:00,1.557,1.5677,1.5551,1.5621,1255435.1994358697
2026-01-19 08:00:00+00:00,1.5616,1.58,1.5562,1.5783,1528637.85811521
2026-01-19 09:00:00+00:00,1.5784,1.5785,1.5664,1.57,844115.0680073802
2026-01-19 10:00:00+00:00,1.5702,1.5702,1.5567,1.5605,905462.7949416796
2026-01-19 11:00:00+00:00,1.5606,1.5698,1.5575,1.5602,503307.1233992298
2026-01-19 12:00:00+00:00,1.5598,1.5598,1.544,1.5544,993228.85410541
2026-01-19 13:00:00+00:00,1.5542,1.5587,1.5455,1.5494,737502.7587418999
2026-01-19 14:00:00+00:00,1.5497,1.5576,1.5408,1.5502,1036107.56786612
2026-01-19 15:00:00+00:00,1.5512,1.5574,1.544,1.5542,839316.07619721
2026-01-19 16:00:00+00:00,1.554,1.5824,1.5521,1.5789,2411890.5638422184
2026-01-19 17:00:00+00:00,1.5792,1.5825,1.5697,1.5718,1513045.510666659
2026-01-19 18:00:00+00:00,1.5719,1.5772,1.567,1.5743,602629.2667394402
2026-01-19 19:00:00+00:00,1.5743,1.5836,1.5719,1.5788,527520.18836275
2026-01-19 20:00:00+00:00,1.5803,1.5831,1.5708,1.5738,130409.16144732002
2026-01-19 21:00:00+00:00,1.5746,1.5796,1.5679,1.5694,122623.49437836
2026-01-19 22:00:00+00:00,1.569,1.573,1.5568,1.5594,472333.8367424601
2026-01-19 23:00:00+00:00,1.5583,1.5739,1.558,1.5671,108940.76162335998
2026-01-20 00:00:00+00:00,1.5673,1.5704,1.5506,1.5521,757490.6819818201
2026-01-20 01:00:00+00:00,1.5524,1.5727,1.5503,1.5598,704156.0387868591
2026-01-20 02:00:00+00:00,1.5598,1.5643,1.5463,1.5603,683835.59340272
2026-01-20 03:00:00+00:00,1.5603,1.563,1.5515,1.5596,388726.08077074017
2026-01-20 04:00:00+00:00,1.5595,1.5652,1.5532,1.5541,323081.94758732
2026-01-20 05:00:00+00:00,1.5541,1.5638,1.5422,1.5552,985789.5535135798
2026-01-20 06:00:00+00:00,1.5542,1.5621,1.5403,1.5479,1138964.7605868396
2026-01-20 07:00:00+00:00,1.5478,1.5521,1.5312,1.5325,784692.6307342299
2026-01-20 08:00:00+00:00,1.533,1.5408,1.5063,1.5324,2152364.4231983987
2026-01-20 09:00:00+00:00,1.5327,1.5329,1.5195,1.5195,953289.1659284298
2026-01-20 10:00:00+00:00,1.52,1.5274,1.5173,1.5189,419496.31933112
2026-01-20 11:00:00+00:00,1.519,1.5261,1.509,1.5122,724440.2850755802
2026-01-20 12:00:00+00:00,1.5124,1.5202,1.5089,1.5162,675149.7411863
2026-01-20 13:00:00+00:00,1.5161,1.5163,1.5012,1.5018,964286.6307970796
2026-01-20 14:00:00+00:00,1.5018,1.537,1.5011,1.5256,2117433.56898777
2026-01-20 15:00:00+00:00,1.5256,1.5306,1.5,1.5156,3144357.272943961
2026-01-20 16:00:00+00:00,1.515,1.5247,1.4826,1.4992,1690301.3450739998
2026-01-20 17:00:00+00:00,1.499,1.5102,1.4864,1.4956,1449971.2759824605
2026-01-20 18:00:00+00:00,1.4954,1.5015,1.4882,1.4958,761794.0621527701
2026-01-20 19:00:00+00:00,1.4961,1.505,1.4882,1.4971,844207.11998281
2026-01-20 20:00:00+00:00,1.4968,1.5072,1.4887,1.4998,1028917.18611805
2026-01-20 21:00:00+00:00,1.5,1.5019,1.4842,1.4884,1051052.16969949
2026-01-20 22:00:00+00:00,1.4887,1.4964,1.4265,1.4774,2445463.764720232
2026-01-20 23:00:00+00:00,1.4777,1.4786,1.4635,1.4679,1461573.93402726
2026-01-21 00:00:00+00:00,1.468,1.5166,1.4674,1.5036,2314826.5996832424
2026-01-21 01:00:00+00:00,1.5035,1.5205,1.4965,1.4996,1300797.99419227
2026-01-21 02:00:00+00:00,1.5002,1.5138,1.5002,1.5047,609050.9013702398
2026-01-21 03:00:00+00:00,1.5047,1.5141,1.5021,1.5042,402292.1622963099
2026-01-21 04:00:00+00:00,1.5042,1.51,1.5002,1.5083,315014.2074075399
2026-01-21 05:00:00+00:00,1.5066,1.5257,1.5061,1.5166,649194.4326097798
2026-01-21 06:00:00+00:00,1.5164,1.5178,1.506,1.5081,330083.0030338102
2026-01-21 07:00:00+00:00,1.5077,1.5154,1.5026,1.5047,523277.7579821199
2026-01-21 08:00:00+00:00,1.5057,1.5057,1.4902,1.4959,822964.2110742497
2026-01-21 09:00:00+00:00,1.4958,1.5057,1.493,1.4993,476594.60589371
2026-01-21 10:00:00+00:00,1.4993,1.5064,1.4933,1.4933,261566.00708938
2026-01-21 11:00:00+00:00,1.4933,1.4943,1.4685,1.4705,917966.6041548704
2026-01-21 12:00:00+00:00,1.4704,1.4747,1.4533,1.4712,1439180.7973585704
2026-01-21 13:00:00+00:00,1.4711,1.4843,1.4646,1.4697,862302.4444488803
2026-01-21 14:00:00+00:00,1.4694,1.5198,1.4671,1.5155,2564684.6745058503
2026-01-21 15:00:00+00:00,1.5155,1.5351,1.5032,1.5137,2594908.577562721
2026-01-21 16:00:00+00:00,1.514,1.5158,1.4437,1.4449,2652978.9556390382
2026-01-21 17:00:00+00:00,1.4455,1.4648,1.4393,1.4558,2206402.6658950914
2026-01-21 18:00:00+00:00,1.4556,1.4813,1.4489,1.4753,988079.9185628296
2026-01-21 19:00:00+00:00,1.4759,1.5433,1.4712,1.5398,4157351.665884898
2026-01-21 20:00:00+00:00,1.5398,1.541,1.5074,1.5369,3509412.4343749275
2026-01-21 21:00:00+00:00,1.5374,1.5476,1.5272,1.5316,1984842.45859468
2026-01-21 22:00:00+00:00,1.5317,1.5437,1.5196,1.5205,1414336.43264766
2026-01-21 23:00:00+00:00,1.5207,1.527,1.5025,1.5092,1256677.35789784
2026-01-22 00:00:00+00:00,1.5094,1.5348,1.5093,1.5273,421891.99191627005
2026-01-22 01:00:00+00:00,1.5275,1.5353,1.5235,1.5316,488580.4856623999
2026-01-22 02:00:00+00:00,1.5314,1.5368,1.5223,1.5248,358553.18467348994
2026-01-22 03:00:00+00:00,1.5247,1.5329,1.5154,1.5203,494962.36229995015
2026-01-22 04:00:00+00:00,1.5193,1.5289,1.5182,1.5262,355238.6435832102
2026-01-22 05:00:00+00:00,1.5256,1.5259,1.5175,1.5209,172997.51299586997
2026-01-22 06:00:00+00:00,1.5203,1.5337,1.5145,1.5273,1138998.0291215302
2026-01-22 07:00:00+00:00,1.5274,1.5285,1.5158,1.5193,563164.5003395805
2026-01-22 08:00:00+00:00,1.5194,1.5457,1.5173,1.5294,976716.9354488002
2026-01-22 09:00:00+00:00,1.53,1.5364,1.5255,1.5326,411778.31573308
2026-01-22 10:00:00+00:00,1.5326,1.5347,1.5239,1.526,170151.2707006
2026-01-22 11:00:00+00:00,1.5256,1.5264,1.5173,1.5217,621836.1723141898
2026-01-22 12:00:00+00:00,1.5217,1.5264,1.519,1.5204,271331.41784551006
2026-01-22 13:00:00+00:00,1.521,1.5303,1.5046,1.5086,650834.33309552
2026-01-22 14:00:00+00:00,1.5084,1.513,1.4795,1.4912,2178942.204814849
2026-01-22 15:00:00+00:00,1.491,1.506,1.4805,1.4954,1277951.7881498204
2026-01-22 16:00:00+00:00,1.4949,1.5098,1.4923,1.5038,661858.9979812
2026-01-22 17:00:00+00:00,1.504,1.5123,1.4954,1.5085,607818.5489420502
2026-01-22 18:00:00+00:00,1.5082,1.5129,1.4965,1.4965,911598.95297722
2026-01-22 19:00:00+00:00,1.4969,1.512,1.4925,1.5059,556925.1171444
2026-01-22 20:00:00+00:00,1.5057,1.5107,1.4948,1.4983,679573.2720426301
2026-01-22 21:00:00+00:00,1.4986,1.5026,1.4911,1.4932,329143.17774324
2026-01-22 22:00:00+00:00,1.4935,1.5003,1.49,1.4934,354934.1356956099
2026-01-22 23:00:00+00:00,1.4934,1.4966,1.485,1.4942,454897.8760246701
2026-01-23 00:00:00+00:00,1.4942,1.4993,1.4884,1.4926,347530.9378286999
2026-01-23 01:00:00+00:00,1.4932,1.5055,1.4928,1.5044,178218.5271554999
2026-01-23 02:00:00+00:00,1.5042,1.5065,1.4955,1.4958,157745.89442770003
2026-01-23 03:00:00+00:00,1.4958,1.5108,1.4957,1.505,320137.5513347098
2026-01-23 04:00:00+00:00,1.5052,1.5097,1.5029,1.5068,238273.07044953
2026-01-23 05:00:00+00:00,1.5068,1.5075,1.4989,1.5028,162203.934917
2026-01-23 06:00:00+00:00,1.5031,1.5081,1.4925,1.4959,234658.93029403003
2026-01-23 07:00:00+00:00,1.4962,1.5013,1.4947,1.499,131913.84761367008
2026-01-23 08:00:00+00:00,1.4986,1.501,1.4846,1.4866,571814.7215111102
2026-01-23 09:00:00+00:00,1.4865,1.494,1.4825,1.4904,574570.9653783998
2026-01-23 10:00:00+00:00,1.4904,1.4973,1.4857,1.4888,223584.48362559
2026-01-23 11:00:00+00:00,1.4889,1.5011,1.4879,1.4937,575197.40415537
2026-01-23 12:00:00+00:00,1.4937,1.4956,1.4843,1.4863,390138.7932325
2026-01-23 13:00:00+00:00,1.4868,1.4917,1.4829,1.4841,194399.03501810005
2026-01-23 14:00:00+00:00,1.4845,1.4919,1.4604,1.4737,1749268.8249220003
2026-01-23 15:00:00+00:00,1.4737,1.5048,1.4672,1.5019,1898570.8554814293
2026-01-23 16:00:00+00:00,1.5014,1.5193,1.4919,1.5078,1187718.92880929
2026-01-23 17:00:00+00:00,1.5071,1.5338,1.4985,1.5156,1546377.6731370997
2026-01-23 18:00:00+00:00,1.5156,1.5241,1.5095,1.5125,1336256.689271809
2026-01-23 19:00:00+00:00,1.5126,1.5127,1.4857,1.4926,1482880.2380647098
2026-01-23 20:00:00+00:00,1.4935,1.4979,1.4725,1.48,874602.23226485
2026-01-23 21:00:00+00:00,1.4798,1.4908,1.4787,1.4826,261796.27712712003
2026-01-23 22:00:00+00:00,1.4822,1.4957,1.4816,1.4911,179967.65052338003
2026-01-23 23:00:00+00:00,1.4908,1.4916,1.4857,1.4871,140837.31282506
2026-01-24 00:00:00+00:00,1.4873,1.492,1.4812,1.4822,331774.7276689501
2026-01-24 01:00:00+00:00,1.4822,1.4847,1.4767,1.4819,276186.10740641004
2026-01-24 02:00:00+00:00,1.4823,1.49,1.4821,1.4875,132733.73003668
2026-01-24 03:00:00+00:00,1.488,1.4975,1.4863,1.4919,221941.19608319
2026-01-24 04:00:00+00:00,1.4916,1.4951,1.4875,1.491,204988.08903254007
2026-01-24 05:00:00+00:00,1.4896,1.4913,1.4844,1.4874,110561.10335358
2026-01-24 06:00:00+00:00,1.4876,1.4915,1.4849,1.4865,123702.63579175
2026-01-24 07:00:00+00:00,1.4864,1.49,1.4814,1.4835,174259.20939185
2026-01-24 08:00:00+00:00,1.4821,1.491,1.4814,1.4874,94975.77373580002
2026-01-24 09:00:00+00:00,1.4875,1.4896,1.4819,1.4825,130801.84671721
2026-01-24 10:00:00+00:00,1.4825,1.4886,1.4798,1.4855,133436.23597110994
2026-01-24 11:00:00+00:00,1.4856,1.4946,1.4854,1.4883,346614.39555421984
2026-01-24 12:00:00+00:00,1.4863,1.4928,1.4857,1.4889,113573.38177077
2026-01-24 13:00:00+00:00,1.4894,1.4919,1.4832,1.4846,307493.10354809
2026-01-24 14:00:00+00:00,1.4832,1.4925,1.4804,1.4907,230030.40906249988
2026-01-24 15:00:00+00:00,1.4889,1.4939,1.4785,1.4819,225814.4342358199
2026-01-24 16:00:00+00:00,1.4802,1.4848,1.4726,1.481,552135.2257601699
2026-01-24 17:00:00+00:00,1.4813,1.4874,1.4795,1.4837,211542.54274181003
2026-01-24 18:00:00+00:00,1.4846,1.4876,1.4807,1.4826,353795.2139788499
2026-01-24 19:00:00+00:00,1.4822,1.4836,1.4738,1.4772,984802.9291212698
2026-01-24 20:00:00+00:00,1.4775,1.4857,1.4771,1.4813,148955.00575432993
2026-01-24 21:00:00+00:00,1.4816,1.4832,1.4766,1.4806,148369.94148101003
2026-01-24 22:00:00+00:00,1.4806,1.4881,1.4791,1.4867,153627.5074228
2026-01-24 23:00:00+00:00,1.4874,1.4888,1.4805,1.4825,127640.62904466
2026-01-25 00:00:00+00:00,1.4824,1.4887,1.4792,1.4867,133908.75061022004
2026-01-25 01:00:00+00:00,1.4869,1.4897,1.4818,1.4864,179382.79680567994
2026-01-25 02:00:00+00:00,1.4855,1.4914,1.4838,1.4853,117622.30541733
2026-01-25 03:00:00+00:00,1.4854,1.488,1.47,1.4725,321415.76808610006
2026-01-25 04:00:00+00:00,1.4724,1.4805,1.4707,1.4741,164733.57201513
2026-01-25 05:00:00+00:00,1.4741,1.482,1.4733,1.4816,98563.36710172002
2026-01-25 06:00:00+00:00,1.4812,1.4813,1.4738,1.4746,275891.7124974898
2026-01-25 07:00:00+00:00,1.4741,1.4741,1.4625,1.4688,464517.5639280202
2026-01-25 08:00:00+00:00,1.4688,1.4751,1.4591,1.463,370368.6792963499
2026-01-25 09:00:00+00:00,1.463,1.4741,1.4613,1.4651,304741.42559544
2026-01-25 10:00:00+00:00,1.4651,1.4823,1.4649,1.4731,378473.84643008
2026-01-25 11:00:00+00:00,1.473,1.4766,1.4684,1.4717,120367.87740059
2026-01-25 12:00:00+00:00,1.4715,1.4745,1.465,1.4707,310806.50787435
2026-01-25 13:00:00+00:00,1.4709,1.4737,1.464,1.469,405476.0105107599
2026-01-25 14:00:00+00:00,1.469,1.4712,1.4532,1.4618,787521.4733186702
2026-01-25 15:00:00+00:00,1.462,1.4695,1.4451,1.4534,945663.1754088898
2026-01-25 16:00:00+00:00,1.4531,1.4548,1.4042,1.4264,4340238.714536589
2026-01-25 17:00:00+00:00,1.4264,1.4313,1.4154,1.4209,747488.1462590698
2026-01-25 18:00:00+00:00,1.421,1.4233,1.3968,1.4068,2169663.7289047893
2026-01-25 19:00:00+00:00,1.4066,1.4084,1.36,1.3758,4150754.5681447033
2026-01-25 20:00:00+00:00,1.3759,1.3905,1.371,1.3831,2071678.7946365983
2026-01-25 21:00:00+00:00,1.383,1.3962,1.3824,1.3922,1134648.67706828
2026-01-25 22:00:00+00:00,1.3922,1.3943,1.3792,1.3843,639737.9052273101
2026-01-25 23:00:00+00:00,1.3846,1.4022,1.3788,1.3984,1595044.3333044895
2026-01-26 00:00:00+00:00,1.3987,1.4146,1.3954,1.4131,825144.0217047996
2026-01-26 01:00:00+00:00,1.4135,1.4418,1.4125,1.4352,1749958.2925055895
2026-01-26 02:00:00+00:00,1.435,1.4387,1.4235,1.4335,1034196.98911392
2026-01-26 03:00:00+00:00,1.4325,1.4394,1.4213,1.4286,645424.6760316598
2026-01-26 04:00:00+00:00,1.4286,1.4495,1.4266,1.4432,486860.5262390801
2026-01-26 05:00:00+00:00,1.4434,1.4472,1.4391,1.4427,493743.5693946605
2026-01-26 06:00:00+00:00,1.4427,1.4471,1.4392,1.4441,702117.1412237197
2026-01-26 07:00:00+00:00,1.4424,1.4529,1.4395,1.4442,389326.68544602
2026-01-26 08:00:00+00:00,1.4442,1.4604,1.4419,1.4463,439163.8523630599
2026-01-26 09:00:00+00:00,1.4463,1.4465,1.4274,1.4292,275552.80554141
2026-01-26 10:00:00+00:00,1.4294,1.4392,1.4285,1.4343,166054.25206690992
2026-01-26 11:00:00+00:00,1.4346,1.4388,1.4315,1.4334,114383.38609901004
2026-01-26 12:00:00+00:00,1.434,1.442,1.4308,1.4356,375730.12928951
2026-01-26 13:00:00+00:00,1.4343,1.4444,1.4337,1.4405,573345.80865527
2026-01-26 14:00:00+00:00,1.4395,1.4602,1.428,1.4522,1458807.0576718892
2026-01-26 15:00:00+00:00,1.4518,1.4713,1.4306,1.44,1431881.8253571095
2026-01-26 16:00:00+00:00,1.4401,1.4562,1.4345,1.4476,1488800.7026311995
2026-01-26 17:00:00+00:00,1.4494,1.4551,1.4303,1.4439,2543233.9986408805
2026-01-26 18:00:00+00:00,1.4428,1.461,1.44,1.4501,1361085.12988478
2026-01-26 19:00:00+00:00,1.4501,1.4581,1.4417,1.4435,596398.2508928799
2026-01-26 20:00:00+00:00,1.4432,1.448,1.4333,1.4366,465882.2208341601
2026-01-26 21:00:00+00:00,1.4363,1.4612,1.4344,1.4515,519580.2216506001
2026-01-26 22:00:00+00:00,1.4522,1.4575,1.4447,1.4484,601547.1502860001
2026-01-26 23:00:00+00:00,1.4458,1.4527,1.4408,1.4421,281685.35405004007
2026-01-27 00:00:00+00:00,1.4422,1.4457,1.4375,1.4421,174060.8290918799
2026-01-27 01:00:00+00:00,1.4415,1.4555,1.4362,1.447,322975.28787266
2026-01-27 02:00:00+00:00,1.4474,1.4573,1.4459,1.4507,214897.65417654
2026-01-27 03:00:00+00:00,1.4504,1.457,1.4438,1.4456,295225.61123633006
2026-01-27 04:00:00+00:00,1.4456,1.4552,1.4387,1.4416,371360.2190402099
2026-01-27 05:00:00+00:00,1.4417,1.444,1.4344,1.4394,259166.02577549
2026-01-27 06:00:00+00:00,1.4387,1.4425,1.4289,1.4327,466839.6982167
2026-01-27 07:00:00+00:00,1.4327,1.4401,1.4321,1.4372,408097.2132837901
2026-01-27 08:00:00+00:00,1.4372,1.4459,1.4343,1.4386,255233.61222828005
2026-01-27 09:00:00+00:00,1.4384,1.4403,1.4305,1.4319,247436.52205116
2026-01-27 10:00:00+00:00,1.4318,1.4398,1.4316,1.4393,301804.0544437101
2026-01-27 11:00:00+00:00,1.4392,1.4427,1.4345,1.4361,606928.3287658398
2026-01-27 12:00:00+00:00,1.4361,1.4426,1.4327,1.4378,342986.8545376899
2026-01-27 13:00:00+00:00,1.436,1.4391,1.4264,1.4313,796560.2860266905
2026-01-27 14:00:00+00:00,1.4286,1.4447,1.4169,1.421,1299657.50071401
2026-01-27 15:00:00+00:00,1.4212,1.4455,1.42,1.4434,1549882.0114350908
2026-01-27 16:00:00+00:00,1.4436,1.464,1.4415,1.4558,1858072.87079762
2026-01-27 17:00:00+00:00,1.4556,1.4578,1.4223,1.4266,1382347.0563460006
2026-01-27 18:00:00+00:00,1.4266,1.4472,1.4244,1.4403,1168139.0556325298
2026-01-27 19:00:00+00:00,1.4407,1.4431,1.4308,1.4321,1163603.42929239
2026-01-27 20:00:00+00:00,1.4322,1.4597,1.4301,1.4549,1807297.1058828805
2026-01-27 21:00:00+00:00,1.4534,1.4578,1.4329,1.4345,1748527.4674340494
2026-01-27 22:00:00+00:00,1.4348,1.447,1.4346,1.4403,510420.04469344986
2026-01-27 23:00:00+00:00,1.4387,1.4465,1.4343,1.4391,714492.8209463699
2026-01-28 00:00:00+00:00,1.4388,1.4418,1.4255,1.4361,517521.8488865901
2026-01-28 01:00:00+00:00,1.4361,1.4405,1.4257,1.4299,288149.09096049005
2026-01-28 02:00:00+00:00,1.4297,1.4377,1.4278,1.4328,429747.15693157015
2026-01-28 03:00:00+00:00,1.4319,1.4368,1.4277,1.43,289552.5548709699
2026-01-28 04:00:00+00:00,1.4298,1.4316,1.421,1.4252,399828.0824617001
2026-01-28 05:00:00+00:00,1.4254,1.4312,1.4223,1.4298,442463.51470103016
2026-01-28 06:00:00+00:00,1.4298,1.4404,1.4286,1.4349,525044.4919654198
2026-01-28 07:00:00+00:00,1.4351,1.4357,1.4223,1.4267,481878.8871996501
2026-01-28 08:00:00+00:00,1.4262,1.4302,1.4184,1.4185,516706.87939041
2026-01-28 09:00:00+00:00,1.4187,1.4348,1.4158,1.4324,533236.00731428
2026-01-28 10:00:00+00:00,1.4324,1.438,1.4263,1.4269,419599.2310188601
2026-01-28 11:00:00+00:00,1.4264,1.4464,1.4223,1.4428,855782.15360954
2026-01-28 12:00:00+00:00,1.4429,1.4436,1.4266,1.4286,889936.6541438305
2026-01-28 13:00:00+00:00,1.4288,1.4376,1.4248,1.4298,682737.6321992101
2026-01-28 14:00:00+00:00,1.4299,1.4322,1.4092,1.4141,1814852.8172326896
2026-01-28 15:00:00+00:00,1.414,1.4195,1.394,1.4026,1584690.2062717986
2026-01-28 16:00:00+00:00,1.4026,1.4131,1.3949,1.4031,743926.8567576901
2026-01-28 17:00:00+00:00,1.4034,1.4208,1.395,1.4152,662330.1164629101
2026-01-28 18:00:00+00:00,1.4149,1.4149,1.4038,1.4098,388142.67423374
2026-01-28 19:00:00+00:00,1.4098,1.4196,1.4014,1.412,1482078.39381863
2026-01-28 20:00:00+00:00,1.4118,1.4261,1.4008,1.4026,602578.6729207198
2026-01-28 21:00:00+00:00,1.4029,1.4099,1.3912,1.4044,949409.7156695208
2026-01-28 22:00:00+00:00,1.4047,1.4166,1.3966,1.4144,220198.47041385004
2026-01-28 23:00:00+00:00,1.4149,1.4193,1.4013,1.4052,475986.8162755199
2026-01-29 00:00:00+00:00,1.406,1.4086,1.3831,1.3939,714321.9271442
2026-01-29 01:00:00+00:00,1.3939,1.3969,1.38,1.3845,1115073.5297594806
2026-01-29 02:00:00+00:00,1.3841,1.3902,1.3453,1.3631,1927603.4974657493
2026-01-29 03:00:00+00:00,1.3631,1.3724,1.3586,1.3644,506518.3001635
2026-01-29 04:00:00+00:00,1.3641,1.3649,1.3532,1.3621,680778.3214960499
2026-01-29 05:00:00+00:00,1.3624,1.3669,1.3613,1.3618,294266.19770380005
2026-01-29 06:00:00+00:00,1.3614,1.3678,1.36,1.3677,1159371.1576678797
2026-01-29 07:00:00+00:00,1.3673,1.3698,1.3649,1.3664,269518.65464022994
2026-01-29 08:00:00+00:00,1.3664,1.3742,1.3598,1.3671,515214.6281573602
2026-01-29 09:00:00+00:00,1.3662,1.3716,1.3615,1.3617,221712.32578865
2026-01-29 10:00:00+00:00,1.362,1.365,1.3547,1.3572,298413.6180816001
2026-01-29 11:00:00+00:00,1.3568,1.3575,1.3467,1.3504,1158120.82887644
2026-01-29 12:00:00+00:00,1.3505,1.3559,1.3419,1.349,615838.8268339
2026-01-29 13:00:00+00:00,1.3488,1.3646,1.3488,1.3596,817300.6045382303
2026-01-29 14:00:00+00:00,1.3598,1.3663,1.3222,1.325,3469469.549512838
2026-01-29 15:00:00+00:00,1.3253,1.3266,1.2526,1.2941,10211914.377982648
2026-01-29 16:00:00+00:00,1.2941,1.3179,1.2879,1.3169,3014646.212343772
2026-01-29 17:00:00+00:00,1.3162,1.3375,1.3072,1.3113,3009767.010878539
2026-01-29 18:00:00+00:00,1.3113,1.3171,1.2821,1.285,2181110.9405967416
2026-01-29 19:00:00+00:00,1.2853,1.3072,1.2826,1.3003,1647323.2584966207
2026-01-29 20:00:00+00:00,1.3008,1.3142,1.2946,1.3082,1388297.52078201
2026-01-29 21:00:00+00:00,1.3083,1.3203,1.3083,1.3169,968080.9363430304
2026-01-29 22:00:00+00:00,1.3172,1.3237,1.3127,1.3142,601209.4867493097
2026-01-29 23:00:00+00:00,1.3146,1.3199,1.3069,1.3189,783219.5574091998
2026-01-30 00:00:00+00:00,1.319,1.3325,1.319,1.3255,1457408.1818488904
2026-01-30 01:00:00+00:00,1.3254,1.3349,1.255,1.2994,4086643.59360688
2026-01-30 02:00:00+00:00,1.2996,1.3019,1.24,1.2826,6164856.230009851
2026-01-30 03:00:00+00:00,1.2828,1.2972,1.2798,1.2829,1811007.4725376908
2026-01-30 04:00:00+00:00,1.2827,1.3063,1.2823,1.2939,768941.1779651099
2026-01-30 05:00:00+00:00,1.2941,1.2985,1.2882,1.2953,859961.2112797801
2026-01-30 06:00:00+00:00,1.295,1.2978,1.2626,1.2711,916176.7251773098
2026-01-30 07:00:00+00:00,1.2714,1.3012,1.2703,1.2899,1659270.5162021902
2026-01-30 08:00:00+00:00,1.2899,1.2949,1.2792,1.286,365487.20506528
2026-01-30 09:00:00+00:00,1.2862,1.2941,1.273,1.2777,547281.7379246897
2026-01-30 10:00:00+00:00,1.2778,1.2851,1.2732,1.2812,588841.1752456401
2026-01-30 11:00:00+00:00,1.2823,1.3036,1.2789,1.2976,574198.9998125798
2026-01-30 12:00:00+00:00,1.2978,1.3019,1.2817,1.2863,478315.8109005501
2026-01-30 13:00:00+00:00,1.2862,1.2929,1.2728,1.2758,1056664.5156651104
2026-01-30 14:00:00+00:00,1.2757,1.2978,1.2724,1.282,2187441.7796194297
2026-01-30 15:00:00+00:00,1.2822,1.2931,1.253,1.2758,3153886.3723699194
2026-01-30 16:00:00+00:00,1.2754,1.2983,1.2706,1.2852,1499813.5435247298
2026-01-30 17:00:00+00:00,1.2856,1.2966,1.2694,1.279,2545957.4881548504
2026-01-30 18:00:00+00:00,1.2787,1.3082,1.232,1.2989,4048482.4385869415
2026-01-30 19:00:00+00:00,1.2994,1.3098,1.2905,1.294,1746607.22963015
2026-01-30 20:00:00+00:00,1.2948,1.2948,1.2632,1.2669,1937424.205294749
2026-01-30 21:00:00+00:00,1.2671,1.2812,1.2643,1.2758,1602001.43466452
2026-01-30 22:00:00+00:00,1.2757,1.2795,1.2642,1.2732,605876.8905247601
2026-01-30 23:00:00+00:00,1.2732,1.2755,1.2635,1.2717,508258.9928856301
2026-01-31 00:00:00+00:00,1.2717,1.2752,1.2678,1.2694,391967.14678612
2026-01-31 01:00:00+00:00,1.2698,1.2777,1.2636,1.27,257618.63051382004
2026-01-31 02:00:00+00:00,1.2701,1.2708,1.2596,1.265,424370.36967538006
2026-01-31 03:00:00+00:00,1.2655,1.2659,1.25,1.254,444679.5862061197
2026-01-31 04:00:00+00:00,1.2538,1.261,1.2515,1.253,362940.32949545
2026-01-31 05:00:00+00:00,1.2532,1.2589,1.2484,1.2533,465452.80323496
2026-01-31 06:00:00+00:00,1.2532,1.2544,1.2361,1.2449,684681.8340539798
2026-01-31 07:00:00+00:00,1.2449,1.2469,1.2305,1.2367,592539.8432039099
2026-01-31 08:00:00+00:00,1.2368,1.2405,1.2046,1.2186,3166548.31422246
2026-01-31 09:00:00+00:00,1.2189,1.227,1.2115,1.2173,1172465.4975563395
2026-01-31 10:00:00+00:00,1.2171,1.2298,1.2138,1.2255,286467.21239971014
2026-01-31 11:00:00+00:00,1.2258,1.231,1.22,1.2222,485692.03215964
2026-01-31 12:00:00+00:00,1.2214,1.2292,1.2169,1.2209,583267.52607026
2026-01-31 13:00:00+00:00,1.2212,1.2252,1.2122,1.214,1103251.9387663102
2026-01-31 14:00:00+00:00,1.2137,1.2179,1.1414,1.1676,9164839.056170136
2026-01-31 15:00:00+00:00,1.1674,1.1865,1.166,1.167,2763894.32710426
2026-01-31 16:00:00+00:00,1.1677,1.1888,1.1506,1.1576,4806539.168002509
2026-01-31 17:00:00+00:00,1.1581,1.1644,1.0822,1.1116,9441438.276597884
2026-01-31 18:00:00+00:00,1.1108,1.1204,1.032,1.1067,7999590.85242694
2026-01-31 19:00:00+00:00,1.1069,1.1301,1.0986,1.1077,5195369.441287029
2026-01-31 20:00:00+00:00,1.1077,1.1186,1.0928,1.1107,2201337.4605868496
2026-01-31 21:00:00+00:00,1.1106,1.1331,1.104,1.1262,2833269.34151034
2026-01-31 22:00:00+00:00,1.1264,1.1318,1.1156,1.1227,1644364.83413758
2026-01-31 23:00:00+00:00,1.1231,1.1603,1.1226,1.1524,2893127.2298071487
2026-02-01 00:00:00+00:00,1.1522,1.1628,1.1498,1.1607,1181272.4047978695
2026-02-01 01:00:00+00:00,1.1606,1.1633,1.1421,1.1574,1028805.6081802
2026-02-01 02:00:00+00:00,1.1576,1.1653,1.1465,1.1492,841599.1679031397
2026-02-01 03:00:00+00:00,1.1492,1.1558,1.1421,1.153,482493.69768895005
2026-02-01 04:00:00+00:00,1.1529,1.154,1.1395,1.1439,758184.8794580195
2026-02-01 05:00:00+00:00,1.1415,1.1466,1.1322,1.1374,838631.24093304
2026-02-01 06:00:00+00:00,1.1375,1.1427,1.1324,1.1377,1008943.4521163696
2026-02-01 07:00:00+00:00,1.1376,1.1551,1.1327,1.1469,742104.3191684996
2026-02-01 08:00:00+00:00,1.1471,1.1607,1.1443,1.151,532510.1341898199
2026-02-01 09:00:00+00:00,1.1508,1.1612,1.1394,1.1549,882359.1175224601
2026-02-01 10:00:00+00:00,1.155,1.16,1.1328,1.1344,762071.6844131602
2026-02-01 11:00:00+00:00,1.1344,1.1521,1.1341,1.1479,438356.0736567
2026-02-01 12:00:00+00:00,1.148,1.1486,1.1267,1.1306,1069350.4145858802
2026-02-01 13:00:00+00:00,1.1308,1.1418,1.1193,1.1246,617040.6171704999
2026-02-01 14:00:00+00:00,1.1246,1.1354,1.1032,1.1226,2168616.996674491
2026-02-01 15:00:00+00:00,1.123,1.123,1.0842,1.0996,2511961.8881970006
2026-02-01 16:00:00+00:00,1.0996,1.1112,1.0884,1.1019,1525253.1861249497
2026-02-01 17:00:00+00:00,1.1023,1.1091,1.0927,1.108,953488.35014652
2026-02-01 18:00:00+00:00,1.1074,1.1329,1.1074,1.1201,1434567.951344369
2026-02-01 19:00:00+00:00,1.1199,1.1246,1.1052,1.1116,800883.15188635
2026-02-01 20:00:00+00:00,1.1114,1.1279,1.098,1.1105,1256645.4112157195
2026-02-01 21:00:00+00:00,1.1102,1.1122,1.0981,1.1026,835234.9797616898
2026-02-01 22:00:00+00:00,1.1028,1.1256,1.1011,1.1086,750500.1091314603
2026-02-01 23:00:00+00:00,1.1085,1.1238,1.0722,1.0998,3048588.0579153714
2026-02-02 00:00:00+00:00,1.1003,1.1266,1.0919,1.118,1608271.28602486
2026-02-02 01:00:00+00:00,1.1181,1.1308,1.0993,1.1189,1811320.63551646
2026-02-02 02:00:00+00:00,1.1194,1.1244,1.1078,1.1092,643614.1990595001
2026-02-02 03:00:00+00:00,1.1096,1.1122,1.0599,1.1078,4515753.650578858
2026-02-02 04:00:00+00:00,1.1087,1.1233,1.0883,1.0979,1995717.9974720303
2026-02-02 05:00:00+00:00,1.0988,1.1013,1.07,1.0824,1188457.8679936996
2026-02-02 06:00:00+00:00,1.0823,1.1164,1.0662,1.1,3077286.1280180183
2026-02-02 07:00:00+00:00,1.0995,1.1148,1.0972,1.103,1993060.7896628503
2026-02-02 08:00:00+00:00,1.1031,1.1157,1.1021,1.1106,610045.3987753999
2026-02-02 09:00:00+00:00,1.1108,1.1305,1.1051,1.1234,1288061.8101003305
2026-02-02 10:00:00+00:00,1.1236,1.1324,1.1188,1.1225,599517.36480209
2026-02-02 11:00:00+00:00,1.1222,1.1279,1.1179,1.1195,738554.74829569
2026-02-02 12:00:00+00:00,1.1194,1.139,1.1194,1.1349,995289.5959758902
2026-02-02 13:00:00+00:00,1.1343,1.1449,1.1301,1.1405,811605.5202316999
2026-02-02 14:00:00+00:00,1.14,1.1559,1.1272,1.1392,2822445.118118888
2026-02-02 15:00:00+00:00,1.1391,1.1644,1.1351,1.1535,2880834.6340424703
2026-02-02 16:00:00+00:00,1.1536,1.1614,1.1484,1.15,2150406.9273113804
2026-02-02 17:00:00+00:00,1.1499,1.1593,1.1439,1.1487,1192556.18678184
2026-02-02 18:00:00+00:00,1.1483,1.1547,1.141,1.1504,975172.3801619096
2026-02-02 19:00:00+00:00,1.1503,1.1528,1.142,1.1464,642777.6760330402
2026-02-02 20:00:00+00:00,1.1438,1.1478,1.1347,1.1401,935339.69313627
2026-02-02 21:00:00+00:00,1.1405,1.1497,1.14,1.1434,536294.2772252401
2026-02-02 22:00:00+00:00,1.1435,1.1504,1.1435,1.1496,542341.2718752
2026-02-02 23:00:00+00:00,1.1496,1.1553,1.1454,1.1485,1334371.2859441
2026-02-03 00:00:00+00:00,1.1485,1.1554,1.1364,1.1494,2263688.728222849
2026-02-03 01:00:00+00:00,1.1495,1.1511,1.1379,1.1446,694973.4812513599
2026-02-03 02:00:00+00:00,1.1449,1.145,1.1191,1.1201,952419.09721796
2026-02-03 03:00:00+00:00,1.1209,1.1445,1.1162,1.1412,1108154.8727069097
2026-02-03 04:00:00+00:00,1.1411,1.1538,1.1366,1.1447,609987.2900813501
2026-02-03 05:00:00+00:00,1.1453,1.1457,1.1357,1.1369,586707.6089208699
2026-02-03 06:00:00+00:00,1.1369,1.145,1.1308,1.1423,391825.71460511984
2026-02-03 07:00:00+00:00,1.1419,1.1518,1.1392,1.1466,433825.1362539
2026-02-03 08:00:00+00:00,1.1471,1.1538,1.1395,1.1396,465657.42734377
2026-02-03 09:00:00+00:00,1.1394,1.1434,1.1224,1.1336,951644.5618820802
2026-02-03 10:00:00+00:00,1.1338,1.1386,1.1277,1.1292,362430.7115378201
2026-02-03 11:00:00+00:00,1.1296,1.139,1.1286,1.1335,754330.7171684399
2026-02-03 12:00:00+00:00,1.1334,1.1432,1.1294,1.1406,494564.4521509099
2026-02-03 13:00:00+00:00,1.1403,1.149,1.1376,1.1459,618374.4533971401
2026-02-03 14:00:00+00:00,1.1454,1.1488,1.1193,1.1201,1293301.9688777202
2026-02-03 15:00:00+00:00,1.1201,1.1568,1.1178,1.1526,2328916.8588597886
2026-02-03 16:00:00+00:00,1.1528,1.1537,1.1246,1.1278,1763600.63273388
2026-02-03 17:00:00+00:00,1.1284,1.1297,1.0966,1.0966,3120273.452170091
2026-02-03 18:00:00+00:00,1.0968,1.1049,1.0721,1.0742,4679502.013323809
2026-02-03 19:00:00+00:00,1.074,1.1348,1.0719,1.1265,5933148.538295341
2026-02-03 20:00:00+00:00,1.1264,1.1688,1.1113,1.1468,3640756.1063499376
2026-02-03 21:00:00+00:00,1.1472,1.1553,1.1262,1.1279,1565884.7680981096
2026-02-03 22:00:00+00:00,1.128,1.131,1.1105,1.1137,1037012.68623303
2026-02-03 23:00:00+00:00,1.1139,1.1177,1.1011,1.1107,1531005.7891354098
2026-02-04 00:00:00+00:00,1.1107,1.121,1.1023,1.1143,496209.8476872201
2026-02-04 01:00:00+00:00,1.1144,1.1374,1.1144,1.1251,821935.2325004103
2026-02-04 02:00:00+00:00,1.1243,1.1303,1.1152,1.1184,769697.3902636699
2026-02-04 03:00:00+00:00,1.1185,1.1361,1.117,1.1297,705638.7574972498
2026-02-04 04:00:00+00:00,1.1295,1.132,1.1236,1.1253,636427.0441485399
2026-02-04 05:00:00+00:00,1.1251,1.1282,1.1152,1.1188,410534.89016739005
2026-02-04 06:00:00+00:00,1.1191,1.1346,1.1176,1.1306,492433.18188636994
2026-02-04 07:00:00+00:00,1.1303,1.1374,1.1236,1.1314,462655.0809333101
2026-02-04 08:00:00+00:00,1.1314,1.1496,1.1287,1.1376,1418917.1047974203
2026-02-04 09:00:00+00:00,1.1375,1.14,1.1219,1.1231,806783.00286168
2026-02-04 10:00:00+00:00,1.1236,1.1277,1.1205,1.1211,501965.5293194501
2026-02-04 11:00:00+00:00,1.1215,1.1262,1.1031,1.1181,1168377.427818539
2026-02-04 12:00:00+00:00,1.1185,1.122,1.1125,1.1177,378843.7386199001
2026-02-04 13:00:00+00:00,1.1174,1.1211,1.0976,1.099,1104255.60136154
2026-02-04 14:00:00+00:00,1.0986,1.1118,1.0818,1.0829,4012357.18494187
2026-02-04 15:00:00+00:00,1.0829,1.0984,1.0565,1.0749,4818518.8426672
2026-02-04 16:00:00+00:00,1.0749,1.0855,1.0571,1.0692,4985943.904716461
2026-02-04 17:00:00+00:00,1.0699,1.0772,1.0509,1.0688,3407526.50203475
2026-02-04 18:00:00+00:00,1.0687,1.093,1.05,1.0766,3572757.51641295
2026-02-04 19:00:00+00:00,1.0771,1.1096,1.0745,1.1051,2336352.3173435694
2026-02-04 20:00:00+00:00,1.1055,1.1105,1.0909,1.0933,1670025.9699892087
2026-02-04 21:00:00+00:00,1.0934,1.0999,1.0709,1.0797,1709927.34093204
2026-02-04 22:00:00+00:00,1.0797,1.1001,1.0576,1.0707,1898342.1932216808
2026-02-04 23:00:00+00:00,1.071,1.0936,1.0674,1.082,1551797.1644099394
2026-02-05 00:00:00+00:00,1.0819,1.0919,1.0753,1.0764,1763836.71425453
2026-02-05 01:00:00+00:00,1.0769,1.0928,1.0667,1.0726,2951847.3501933496
2026-02-05 02:00:00+00:00,1.0727,1.0912,1.0651,1.067,1787734.90689705
2026-02-05 03:00:00+00:00,1.0676,1.0793,1.0595,1.0646,1587631.7048527903
2026-02-05 04:00:00+00:00,1.0618,1.0725,1.0533,1.0576,2436350.865863131
2026-02-05 05:00:00+00:00,1.0572,1.0694,1.0414,1.0552,1917703.9241094207
2026-02-05 06:00:00+00:00,1.0552,1.0573,1.0349,1.0409,1469297.55482584
2026-02-05 07:00:00+00:00,1.0401,1.0587,1.0385,1.0415,1674952.5312934802
2026-02-05 08:00:00+00:00,1.0417,1.0544,1.0406,1.041,1142861.3767330707
2026-02-05 09:00:00+00:00,1.041,1.0521,1.0356,1.0403,910536.3870661998
2026-02-05 10:00:00+00:00,1.0405,1.0438,1.0074,1.0127,2224313.23029746
2026-02-05 11:00:00+00:00,1.0126,1.0205,0.9891,1.0074,3950388.93383348
2026-02-05 12:00:00+00:00,1.0078,1.0151,0.99,0.9997,3359986.793987887
2026-02-05 13:00:00+00:00,0.9996,1.0072,0.983,0.9874,2857855.7448427016
2026-02-05 14:00:00+00:00,0.99044,1.0174,0.9875,0.9899,3427729.43218981
2026-02-05 15:00:00+00:00,0.9897,0.9937,0.9344,0.9582,10245567.016669651
2026-02-05 16:00:00+00:00,0.9581,0.98076,0.9489,0.9634,7341857.478592721
2026-02-05 17:00:00+00:00,0.9634,0.97137,0.9294,0.9388,5056762.300432251
2026-02-05 18:00:00+00:00,0.9388,0.95099,0.921,0.9479,5519981.487833482
2026-02-05 19:00:00+00:00,0.9479,0.9488,0.9077,0.9224,5226689.237528027
2026-02-05 20:00:00+00:00,0.9225,0.93208,0.8742,0.8917,7913222.807577915
2026-02-05 21:00:00+00:00,0.8921,0.9232,0.887,0.8936,6021148.490963202
2026-02-05 22:00:00+00:00,0.8937,0.91158,0.8778,0.8966,5387084.001445312
2026-02-05 23:00:00+00:00,0.8971,0.917,0.8766,0.8813,3889433.30088736
2026-02-06 00:00:00+00:00,0.8812,0.8878,0.7877,0.8702,13559575.19481294
2026-02-06 01:00:00+00:00,0.8709,0.91131,0.866,0.9056,5690471.033169709
2026-02-06 02:00:00+00:00,0.9058,0.96,0.8794,0.8926,4050128.384636349
2026-02-06 03:00:00+00:00,0.8927,0.8988,0.8819,0.8892,1580309.1539914806
2026-02-06 04:00:00+00:00,0.8887,0.8986,0.8754,0.8923,6410864.409195643
2026-02-06 05:00:00+00:00,0.8919,0.95,0.8903,0.9324,6519193.026394278
2026-02-06 06:00:00+00:00,0.9325,0.93838,0.9186,0.9193,3222351.2465989394
2026-02-06 07:00:00+00:00,0.9195,0.92856,0.909,0.9151,2275335.46036727
2026-02-06 08:00:00+00:00,0.915,0.92545,0.9066,0.9117,1976391.70569065
2026-02-06 09:00:00+00:00,0.9117,0.9405,0.9056,0.9333,2907486.076891679
2026-02-06 10:00:00+00:00,0.9333,0.95204,0.9311,0.9471,1667404.7053794502
2026-02-06 11:00:00+00:00,0.947,0.9556,0.9416,0.9481,2038343.716847739
2026-02-06 12:00:00+00:00,0.9477,0.9484,0.9392,0.9474,1440328.8310899998
2026-02-06 13:00:00+00:00,0.9475,0.96288,0.9457,0.9487,2362271.084267352
2026-02-06 14:00:00+00:00,0.9466,0.99448,0.944,0.9768,3889332.018402348
2026-02-06 15:00:00+00:00,0.9768,0.988,0.9639,0.9792,4717900.905508399
2026-02-06 16:00:00+00:00,0.9792,1.0145,0.975,1.0082,5709165.257950425
2026-02-06 17:00:00+00:00,1.0086,1.0299,1.0036,1.0149,3649701.744978009
2026-02-06 18:00:00+00:00,1.0148,1.0162,0.9908,0.9996,3380807.0725124506
2026-02-06 19:00:00+00:00,0.9994,1.0114,0.9955,1.0079,1332702.36122341
2026-02-06 20:00:00+00:00,1.0078,1.0125,0.9941,1.0008,1744031.2166108703
2026-02-06 21:00:00+00:00,1.001,1.0123,0.9945,1.0101,1139266.28853682
2026-02-06 22:00:00+00:00,1.0103,1.0291,1.0072,1.0225,1797399.02743192
2026-02-06 23:00:00+00:00,1.0225,1.0282,1.0074,1.0142,872987.54641
2026-02-07 00:00:00+00:00,1.0145,1.0145,0.9968,1.0027,1148150.36385187
2026-02-07 01:00:00+00:00,1.0023,1.0144,0.9956,1.0116,734162.0577409298
2026-02-07 02:00:00+00:00,1.0115,1.0153,1.0041,1.0068,472684.13785000006
2026-02-07 03:00:00+00:00,1.0065,1.0152,1.0047,1.0094,700988.6422158801
2026-02-07 04:00:00+00:00,1.0094,1.0165,0.9995,1.0041,782893.14232107
2026-02-07 05:00:00+00:00,1.004,1.0138,1.001,1.0036,557407.2382367402
2026-02-07 06:00:00+00:00,1.0032,1.0092,0.984,0.9843,1380506.42134313
2026-02-07 07:00:00+00:00,0.9843,0.9892,0.961,0.9711,3134672.9566712505
2026-02-07 08:00:00+00:00,0.9709,0.9829,0.9672,0.9799,598792.6675344502
2026-02-07 09:00:00+00:00,0.98,0.98794,0.9739,0.9765,428093.9292454101
2026-02-07 10:00:00+00:00,0.9766,0.98307,0.9708,0.9753,893213.4483500805
2026-02-07 11:00:00+00:00,0.9751,0.97839,0.9703,0.9742,400612.71312028
2026-02-07 12:00:00+00:00,0.9741,1.0067,0.973,0.9952,2461109.439641099
2026-02-07 13:00:00+00:00,0.9954,1.0003,0.986,0.992,584625.6477777904
2026-02-07 14:00:00+00:00,0.9924,0.9953,0.9809,0.983,607669.8695995298
2026-02-07 15:00:00+00:00,0.9834,0.9995,0.9813,0.9941,728832.2769567901
2026-02-07 16:00:00+00:00,0.9941,1.0221,0.9906,0.9977,4315747.884793879
2026-02-07 17:00:00+00:00,0.998,1.007,0.9924,1.0017,573361.43840172
2026-02-07 18:00:00+00:00,0.9994,1.0223,0.9994,1.0129,637314.8159752098
2026-02-07 19:00:00+00:00,1.0131,1.016,1.0059,1.0074,517041.5931952599
2026-02-07 20:00:00+00:00,1.0076,1.0177,1.0055,1.0161,686672.6091619103
2026-02-07 21:00:00+00:00,1.0164,1.0202,1.0099,1.0105,804538.1009866499
2026-02-07 22:00:00+00:00,1.0109,1.0138,1.0068,1.0078,562605.02418855
2026-02-07 23:00:00+00:00,1.0078,1.01,0.9998,1.0044,925158.13079143
2026-02-08 00:00:00+00:00,1.0046,1.005,0.9951,0.9999,686999.9145603201
2026-02-08 01:00:00+00:00,0.999,1.0058,0.9985,1.0011,237538.28050662
2026-02-08 02:00:00+00:00,1.001,1.0044,0.9913,0.9943,708234.05234092
2026-02-08 03:00:00+00:00,0.9943,0.9974,0.9857,0.987,443098.38733872987
2026-02-08 04:00:00+00:00,0.9868,0.99004,0.9812,0.9895,299287.53267546
2026-02-08 05:00:00+00:00,0.9894,0.99419,0.9848,0.9867,404013.49102031975
2026-02-08 06:00:00+00:00,0.9868,0.9907,0.9842,0.98737,283170.26902893995
2026-02-08 07:00:00+00:00,0.9862,0.9907,0.9814,0.9904,428636.4763290799
2026-02-08 08:00:00+00:00,0.9904,1.01,0.9883,1.0066,694865.9142075899
2026-02-08 09:00:00+00:00,1.0066,1.0115,0.9917,0.9938,781472.12132906
2026-02-08 10:00:00+00:00,0.9939,0.99993,0.9823,0.9873,523309.9333674998
2026-02-08 11:00:00+00:00,0.9874,1.0048,0.9869,1.0013,825365.9772347399
2026-02-08 12:00:00+00:00,1.0014,1.0021,0.993,0.9994,651337.6994713303
2026-02-08 13:00:00+00:00,0.9995,1.0042,0.9925,1.0042,923964.8111069
2026-02-08 14:00:00+00:00,1.0032,1.0059,0.9982,1.0027,446559.40459468
2026-02-08 15:00:00+00:00,1.0025,1.0075,0.985,0.9897,1194960.7287232208
2026-02-08 16:00:00+00:00,0.9897,0.99381,0.9633,0.969,1680852.4939353105
2026-02-08 17:00:00+00:00,0.9684,0.98106,0.9684,0.9777,1124796.85413825
2026-02-08 18:00:00+00:00,0.9777,0.9947,0.9777,0.9867,1168706.0791870598
2026-02-08 19:00:00+00:00,0.987,0.995,0.984,0.9927,459746.03940646
2026-02-08 20:00:00+00:00,0.9926,0.9927,0.9759,0.9776,842629.1112784799
2026-02-08 21:00:00+00:00,0.9776,0.98176,0.9679,0.9717,468141.79813268007
2026-02-08 22:00:00+00:00,0.9717,0.97745,0.9693,0.9755,458053.66833448986
2026-02-08 23:00:00+00:00,0.9753,0.99918,0.9648,0.9716,1804751.6393144608
2026-02-09 00:00:00+00:00,0.9717,0.9746,0.9636,0.9726,1172656.27596488
2026-02-09 01:00:00+00:00,0.9726,0.98369,0.9663,0.9728,919308.6291569602
2026-02-09 02:00:00+00:00,0.973,0.98485,0.9688,0.9767,513917.18501854007
2026-02-09 03:00:00+00:00,0.9771,0.98814,0.9754,0.9867,394985.0121783
2026-02-09 04:00:00+00:00,0.9862,0.9878,0.9805,0.9824,530008.2933216499
2026-02-09 05:00:00+00:00,0.9823,0.98687,0.9783,0.985,304538.7163308599
2026-02-09 06:00:00+00:00,0.9848,0.9848,0.969,0.9745,472894.31532073993
2026-02-09 07:00:00+00:00,0.9744,0.97732,0.966,0.9688,456329.94677132
2026-02-09 08:00:00+00:00,0.9679,0.97139,0.9505,0.9565,1319301.5674899295
2026-02-09 09:00:00+00:00,0.9564,0.9594,0.9443,0.9479,1135269.75657906
2026-02-09 10:00:00+00:00,0.948,0.9495,0.925,0.9303,3672654.035579181
2026-02-09 11:00:00+00:00,0.9302,0.94272,0.93,0.9388,1185753.660293341
2026-02-09 12:00:00+00:00,0.9389,0.9445,0.9384,0.941,786401.4215517199
2026-02-09 13:00:00+00:00,0.9413,0.94482,0.9277,0.9279,1096648.07105046
2026-02-09 14:00:00+00:00,0.928,0.9536,0.9264,0.9475,2743527.633011492
2026-02-09 15:00:00+00:00,0.9474,0.96022,0.9393,0.9562,1003313.3006278506
2026-02-09 16:00:00+00:00,0.9559,0.97605,0.9466,0.963,1445058.37209892
2026-02-09 17:00:00+00:00,0.9628,0.9758,0.9555,0.9729,3137682.74285031
2026-02-09 18:00:00+00:00,0.973,0.9782,0.9596,0.9608,1414791.77900602
2026-02-09 19:00:00+00:00,0.961,0.9755,0.958,0.9681,1589218.5271463394
2026-02-09 20:00:00+00:00,0.968,0.973,0.9619,0.9694,2902485.053660999
2026-02-09 21:00:00+00:00,0.9695,0.9711,0.9541,0.9655,1003668.54685
2026-02-09 22:00:00+00:00,0.9655,0.9731,0.9644,0.968,511296.68231599993
2026-02-09 23:00:00+00:00,0.9681,1.018,0.96028,0.9623,907027.77282356
2026-02-10 00:00:00+00:00,0.9622,0.965,0.9572,0.9589,531436.0639999999
2026-02-10 01:00:00+00:00,0.9589,0.9743,0.9588,0.9717,453612.453156
2026-02-10 02:00:00+00:00,0.9718,0.97391,0.9651,0.967,374660.3146300402
2026-02-10 03:00:00+00:00,0.9673,0.96899,0.9429,0.9513,1182410.0269533896
2026-02-10 04:00:00+00:00,0.951,0.9616,0.9507,0.96,410747.4381216308
2026-02-10 05:00:00+00:00,0.96,0.96,0.9443,0.9471,415119.9208985299
2026-02-10 06:00:00+00:00,0.947,0.9492,0.9302,0.9342,1021810.6375426906
2026-02-10 07:00:00+00:00,0.9345,0.94474,0.9343,0.9389,528621.8571862703
2026-02-10 08:00:00+00:00,0.939,0.94857,0.9379,0.9469,637200.6601741399
2026-02-10 09:00:00+00:00,0.9468,0.95215,0.9416,0.9453,454470.14419348014
2026-02-10 10:00:00+00:00,0.9451,0.9475,0.9401,0.9415,228330.10593000008
2026-02-10 11:00:00+00:00,0.9411,0.9454,0.9343,0.9361,717830.6702634998
2026-02-10 12:00:00+00:00,0.9361,0.9391,0.9286,0.9321,807437.6571714698
2026-02-10 13:00:00+00:00,0.9319,0.9396,0.93,0.9346,1230560.8745499996
2026-02-10 14:00:00+00:00,0.9346,0.94063,0.9215,0.9275,1964631.3054286595
2026-02-10 15:00:00+00:00,0.9277,0.94005,0.9242,0.9331,1265397.93657857
2026-02-10 16:00:00+00:00,0.9331,0.9405,0.9281,0.931,765191.7760341999
2026-02-10 17:00:00+00:00,0.9308,0.9408,0.9281,0.9385,899158.5388000001
2026-02-10 18:00:00+00:00,0.938,0.9391,0.914,0.9186,1581680.5860109106
2026-02-10 19:00:00+00:00,0.9184,0.92727,0.9154,0.9212,603750.8688426102
2026-02-10 20:00:00+00:00,0.9209,0.9246,0.918,0.9232,731291.4554299999
2026-02-10 21:00:00+00:00,0.9231,0.9274,0.9183,0.9239,578297.88737821
2026-02-10 22:00:00+00:00,0.9241,0.93217,0.9232,0.9268,309475.26653
2026-02-10 23:00:00+00:00,0.9265,0.9317,0.9254,0.9295,431650.6089599999
2026-02-11 00:00:00+00:00,0.9297,0.93539,0.9282,0.9336,862844.59242127
2026-02-11 01:00:00+00:00,0.9337,0.93554,0.9301,0.932,328293.9647100001
2026-02-11 02:00:00+00:00,0.9321,0.9379,0.9294,0.9294,374626.82812596014
2026-02-11 03:00:00+00:00,0.9297,0.93497,0.9192,0.9275,504748.2124359098
2026-02-11 04:00:00+00:00,0.9276,0.9285,0.91,0.9116,904377.62960962
2026-02-11 05:00:00+00:00,0.9123,0.9155,0.9043,0.9049,553751.1997699998
2026-02-11 06:00:00+00:00,0.9049,0.9056,0.8923,0.8947,1691396.2373140308
2026-02-11 07:00:00+00:00,0.895,0.8997,0.8928,0.8957,450036.353593
2026-02-11 08:00:00+00:00,0.8956,0.8977,0.8927,0.8958,601349.5330021501
2026-02-11 09:00:00+00:00,0.896,0.8985,0.8881,0.8905,1172049.1010900002
2026-02-11 10:00:00+00:00,0.8906,0.8916,0.8834,0.8854,855686.9524199999
2026-02-11 11:00:00+00:00,0.8854,0.89465,0.885,0.8936,738425.9618499998
2026-02-11 12:00:00+00:00,0.8935,0.90305,0.891,0.8973,928944.1537331506
2026-02-11 13:00:00+00:00,0.8974,0.9077,0.8924,0.9064,1546092.03528082
2026-02-11 14:00:00+00:00,0.9064,0.93168,0.8856,0.888,2335815.4086025106
2026-02-11 15:00:00+00:00,0.8878,0.8926,0.8745,0.8836,3219163.7841923903
2026-02-11 16:00:00+00:00,0.8834,0.90043,0.8759,0.8772,1626689.6362421704
2026-02-11 17:00:00+00:00,0.8772,0.896,0.874,0.8849,2519085.61479542
2026-02-11 18:00:00+00:00,0.885,0.8948,0.8786,0.8908,965533.8464089494
2026-02-11 19:00:00+00:00,0.8908,0.89912,0.8878,0.8937,765529.3709136099
2026-02-11 20:00:00+00:00,0.8936,0.90267,0.8877,0.8994,1320203.2260926005
2026-02-11 21:00:00+00:00,0.8997,0.9186,0.897,0.9096,1752307.5679882795
2026-02-11 22:00:00+00:00,0.9095,0.9101,0.8942,0.8959,570032.8770086899
2026-02-11 23:00:00+00:00,0.8958,0.8992,0.8855,0.8936,753180.7320969303
2026-02-12 00:00:00+00:00,0.8937,0.90956,0.8937,0.9046,548654.7674104001
2026-02-12 01:00:00+00:00,0.9046,0.9135,0.9041,0.9063,554336.9524402
2026-02-12 02:00:00+00:00,0.9062,0.91164,0.902,0.907,463673.46141000016
2026-02-12 03:00:00+00:00,0.9069,0.9127,0.9035,0.9119,269900.69990506006
2026-02-12 04:00:00+00:00,0.9118,0.9139,0.9064,0.909,394122.6547300001
2026-02-12 05:00:00+00:00,0.9089,0.91908,0.904,0.9173,541346.3604327502
2026-02-12 06:00:00+00:00,0.9174,0.9312,0.917,0.9252,1443563.6740194112
2026-02-12 07:00:00+00:00,0.9252,0.93508,0.9206,0.9335,410837.86842
2026-02-12 08:00:00+00:00,0.9335,0.9396,0.9253,0.9297,823848.2723981104
2026-02-12 09:00:00+00:00,0.9308,0.9429,0.9265,0.9403,516038.9722322102
2026-02-12 10:00:00+00:00,0.9406,0.95852,0.935,0.9568,1017805.17195963
2026-02-12 11:00:00+00:00,0.9572,0.95909,0.943,0.9477,878117.0003100602
2026-02-12 12:00:00+00:00,0.948,0.9489,0.9292,0.9325,662670.2614226
2026-02-12 13:00:00+00:00,0.9326,0.9361,0.9217,0.9339,1468249.1290328605
2026-02-12 14:00:00+00:00,0.9337,0.9344,0.9214,0.9253,1449872.87353132
2026-02-12 15:00:00+00:00,0.9254,0.9346,0.9131,0.9145,1859937.0921444208
2026-02-12 16:00:00+00:00,0.9144,0.9164,0.8923,0.8984,1607632.11765743
2026-02-12 17:00:00+00:00,0.8983,0.9123,0.8953,0.9019,1096399.85109559
2026-02-12 18:00:00+00:00,0.9022,0.91348,0.9003,0.9055,1110284.4076800002
2026-02-12 19:00:00+00:00,0.9056,0.9252,0.901,0.912,981883.32943175
2026-02-12 20:00:00+00:00,0.912,0.9145,0.9008,0.9048,594852.65661661
2026-02-12 21:00:00+00:00,0.905,0.91,0.9048,0.9073,665912.64344633
2026-02-12 22:00:00+00:00,0.9074,0.9224,0.905,0.9214,609557.9541954801
2026-02-12 23:00:00+00:00,0.9214,0.92832,0.9183,0.9216,1211288.5471500005
2026-02-13 00:00:00+00:00,0.9213,0.9269,0.9136,0.9164,594867.33723
2026-02-13 01:00:00+00:00,0.9167,0.92468,0.9149,0.9195,304722.9785191899
2026-02-13 02:00:00+00:00,0.9196,0.92613,0.917,0.9225,487335.2217714399
2026-02-13 03:00:00+00:00,0.9222,0.92487,0.9133,0.9137,466631.3898037601
2026-02-13 04:00:00+00:00,0.9141,0.9146,0.9072,0.9096,598971.8763399996
2026-02-13 05:00:00+00:00,0.9098,0.9114,0.9055,0.9058,219301.90958257
2026-02-13 06:00:00+00:00,0.9056,0.9136,0.9011,0.9132,344714.9178622501
2026-02-13 07:00:00+00:00,0.9131,0.92092,0.9113,0.9151,452315.6592432903
2026-02-13 08:00:00+00:00,0.9149,0.93574,0.913,0.9309,538092.7465218503
2026-02-13 09:00:00+00:00,0.9309,0.9321,0.9244,0.9284,375073.0645919899
2026-02-13 10:00:00+00:00,0.9284,0.9294,0.9239,0.9284,197112.63042206003
2026-02-13 11:00:00+00:00,0.928,0.9291,0.9212,0.9241,282377.21885
2026-02-13 12:00:00+00:00,0.924,0.924,0.9169,0.9205,191522.23937
2026-02-13 13:00:00+00:00,0.9204,0.93348,0.9184,0.9283,1283009.3907920802
2026-02-13 14:00:00+00:00,0.9284,0.9466,0.9238,0.9374,2058764.6993319688
2026-02-13 15:00:00+00:00,0.9375,0.96369,0.9349,0.9528,3747770.04756642
2026-02-13 16:00:00+00:00,0.9528,0.9861,0.9518,0.9723,3442213.478472399
2026-02-13 17:00:00+00:00,0.9725,0.98294,0.9633,0.9755,2070655.5276190809
2026-02-13 18:00:00+00:00,0.9756,0.9779,0.9674,0.9763,1079465.8902062697
2026-02-13 19:00:00+00:00,0.9763,0.98312,0.9707,0.9738,1431359.6578247405
2026-02-13 20:00:00+00:00,0.9738,0.9773,0.9682,0.9756,1206623.5385700003
2026-02-13 21:00:00+00:00,0.9754,0.9791,0.9717,0.9742,485718.05149999977
2026-02-13 22:00:00+00:00,0.9741,0.9749,0.9629,0.9655,641793.3831
2026-02-13 23:00:00+00:00,0.9656,0.9658,0.9593,0.9609,460972.9272072801
2026-02-14 00:00:00+00:00,0.9608,0.9706,0.9577,0.9664,596034.324653
2026-02-14 01:00:00+00:00,0.9659,0.9681,0.9626,0.9654,533327.088853
2026-02-14 02:00:00+00:00,0.9649,0.9673,0.9614,0.9636,242026.62201000008
2026-02-14 03:00:00+00:00,0.9635,0.9719,0.9621,0.9689,245106.5321178501
2026-02-14 04:00:00+00:00,0.9686,0.9686,0.9646,0.9653,144078.48548989
2026-02-14 05:00:00+00:00,0.9652,0.96915,0.9589,0.9593,582086.7059856999
2026-02-14 06:00:00+00:00,0.95962,0.96211,0.9548,0.9587,328926.6258340499
2026-02-14 07:00:00+00:00,0.959,0.9716,0.9584,0.9662,791646.0782999702
2026-02-14 08:00:00+00:00,0.9658,0.9848,0.9658,0.9841,2188492.8015153795
2026-02-14 09:00:00+00:00,0.9841,0.9912,0.9813,0.9888,1768124.51966076
2026-02-14 10:00:00+00:00,0.9886,0.9924,0.9832,0.9847,557517.39061977
2026-02-14 11:00:00+00:00,0.9845,1.0076,0.9845,1.0059,1057556.42789495
2026-02-14 12:00:00+00:00,1.006,1.0125,0.9889,0.9897,2168442.672478089
2026-02-14 13:00:00+00:00,0.9903,0.9923,0.9776,0.9827,910407.7406240896
2026-02-14 14:00:00+00:00,0.9832,1.0044,0.9821,1.0007,1163746.4599129292
2026-02-14 15:00:00+00:00,1.001,1.0022,0.9936,0.9992,1067475.7077868404
2026-02-14 16:00:00+00:00,0.9993,1.0102,0.9892,1.0102,757565.9105470597
2026-02-14 17:00:00+00:00,1.0104,1.0204,1.0056,1.0104,1719221.8045768098
2026-02-14 18:00:00+00:00,1.0098,1.0302,1.009,1.0289,1702436.030606411
2026-02-14 19:00:00+00:00,1.0289,1.0441,1.022,1.035,1514803.3299845802
2026-02-14 20:00:00+00:00,1.0351,1.042,1.0244,1.0325,2020288.92244934
2026-02-14 21:00:00+00:00,1.0326,1.0394,1.0184,1.028,2591380.188757329
2026-02-14 22:00:00+00:00,1.028,1.0403,1.0266,1.0322,2957030.793783237
2026-02-14 23:00:00+00:00,1.0321,1.0358,1.0235,1.0287,350569.37720032
2026-02-15 00:00:00+00:00,1.0285,1.0288,1.0193,1.0261,1164695.7962434404
2026-02-15 01:00:00+00:00,1.026,1.0374,1.0204,1.0277,650860.2074401197
2026-02-15 02:00:00+00:00,1.0276,1.0332,1.0126,1.0199,724764.5260181897
2026-02-15 03:00:00+00:00,1.0198,1.0256,1.0035,1.0206,1693352.63187012
2026-02-15 04:00:00+00:00,1.0205,1.0394,1.0199,1.0291,1727918.9862288204
2026-02-15 05:00:00+00:00,1.0288,1.0376,1.0264,1.0324,907111.8878762696
2026-02-15 06:00:00+00:00,1.0325,1.0386,1.0261,1.0291,522447.32024745
2026-02-15 07:00:00+00:00,1.0292,1.0498,1.0275,1.0438,1037756.25014325
2026-02-15 08:00:00+00:00,1.0427,1.0485,1.0172,1.0218,1184365.15127742
2026-02-15 09:00:00+00:00,1.0217,1.0293,1.0184,1.0229,547784.9530216702
2026-02-15 10:00:00+00:00,1.0228,1.0246,1.0064,1.013,709768.8000401198
2026-02-15 11:00:00+00:00,1.0128,1.0156,1.005,1.0063,319002.14785674
2026-02-15 12:00:00+00:00,1.0064,1.0085,0.9775,0.9778,1248945.01018228
2026-02-15 13:00:00+00:00,0.9779,0.99252,0.9695,0.9758,1611972.27821123
2026-02-15 14:00:00+00:00,0.9754,0.9885,0.9748,0.987,999520.3973309698
2026-02-15 15:00:00+00:00,0.9868,0.99512,0.9857,0.988,508783.1752560098
2026-02-15 16:00:00+00:00,0.9879,0.9893,0.9787,0.9855,638034.5907494399
2026-02-15 17:00:00+00:00,0.9856,0.99049,0.965,0.9745,1481673.2252684613
2026-02-15 18:00:00+00:00,0.9746,0.97558,0.9625,0.9652,924416.95722028
2026-02-15 19:00:00+00:00,0.9651,0.9698,0.9571,0.9629,1250593.71011134
2026-02-15 20:00:00+00:00,0.9628,0.97108,0.9582,0.9672,957300.05452557
2026-02-15 21:00:00+00:00,0.9672,0.9772,0.967,0.9722,798871.4935927601
2026-02-15 22:00:00+00:00,0.9721,0.9772,0.9694,0.9754,642821.73959743
2026-02-15 23:00:00+00:00,0.9754,0.9759,0.9638,0.9736,511585.5048478703
2026-02-16 00:00:00+00:00,0.9737,0.9791,0.9708,0.9753,317660.5010699999
2026-02-16 01:00:00+00:00,0.9754,0.9789,0.9659,0.9708,844847.9298515597
2026-02-16 02:00:00+00:00,0.9708,0.9751,0.9624,0.9625,910559.8660400002
2026-02-16 03:00:00+00:00,0.963,0.9657,0.9594,0.9656,373497.4173126101
2026-02-16 04:00:00+00:00,0.9654,0.9771,0.9651,0.9765,448220.64955553017
2026-02-16 05:00:00+00:00,0.9766,0.9787,0.9592,0.9606,433671.02598
2026-02-16 06:00:00+00:00,0.9605,0.9672,0.9583,0.9651,218987.88452
2026-02-16 07:00:00+00:00,0.9648,0.9688,0.9601,0.9621,361972.68355
2026-02-16 08:00:00+00:00,0.9622,0.9674,0.9608,0.9632,199029.37184958003
2026-02-16 09:00:00+00:00,0.9632,0.9731,0.9631,0.9702,653545.4548029901
2026-02-16 10:00:00+00:00,0.97,0.97,0.9636,0.9645,389767.8293879701
2026-02-16 11:00:00+00:00,0.9646,0.966,0.9471,0.9621,977379.0815953095
2026-02-16 12:00:00+00:00,0.9615,0.98884,0.9596,0.9866,1430583.321395761
2026-02-16 13:00:00+00:00,0.9869,0.99633,0.9618,0.9634,1610469.7383423494
2026-02-16 14:00:00+00:00,0.9635,0.9824,0.9594,0.9749,892841.18676205
2026-02-16 15:00:00+00:00,0.9749,0.9824,0.9537,0.9593,1619887.6241542604
2026-02-16 16:00:00+00:00,0.9594,0.97395,0.9584,0.9665,603701.8028868497
2026-02-16 17:00:00+00:00,0.9665,0.97042,0.9608,0.9645,464856.1963686802
2026-02-16 18:00:00+00:00,0.9647,0.97101,0.9614,0.9627,380823.4501600603
2026-02-16 19:00:00+00:00,0.9628,0.97232,0.9597,0.9673,313043.6424953501
2026-02-16 20:00:00+00:00,0.9672,0.98187,0.9642,0.9791,747337.6162403199
2026-02-16 21:00:00+00:00,0.9789,0.99988,0.9757,0.9984,1137721.41225881
2026-02-16 22:00:00+00:00,0.9985,1.005,0.9868,0.9918,2227583.4923354294
2026-02-16 23:00:00+00:00,0.9919,0.9964,0.9882,0.9924,780189.76832089
2026-02-17 00:00:00+00:00,0.9925,0.9976,0.9886,0.9933,297431.7392700001
2026-02-17 01:00:00+00:00,0.9936,0.9969,0.9859,0.9864,307743.5335310001
2026-02-17 02:00:00+00:00,0.9863,0.9984,0.9791,0.9931,996300.9336078308
2026-02-17 03:00:00+00:00,0.993,0.99402,0.9824,0.9825,968187.5200670802
2026-02-17 04:00:00+00:00,0.983,0.9889,0.9791,0.9835,361285.4715032302
2026-02-17 05:00:00+00:00,0.9837,0.9846,0.966,0.9736,760223.5108926902
2026-02-17 06:00:00+00:00,0.9736,0.98,0.9736,0.9776,183083.25113182995
2026-02-17 07:00:00+00:00,0.9775,0.9777,0.9706,0.9711,197603.90082687
2026-02-17 08:00:00+00:00,0.9706,0.9813,0.968,0.9713,737359.6766198594
2026-02-17 09:00:00+00:00,0.971,0.9714,0.9651,0.9699,547783.2949693799
2026-02-17 10:00:00+00:00,0.9696,0.97197,0.961,0.9644,532569.1030263402
2026-02-17 11:00:00+00:00,0.9644,0.97092,0.9642,0.9682,254334.32381117003
2026-02-17 12:00:00+00:00,0.9681,0.97505,0.9669,0.9677,435806.7916060397
2026-02-17 13:00:00+00:00,0.9679,0.9811,0.9658,0.9756,973614.6672600596
2026-02-17 14:00:00+00:00,0.9753,0.98234,0.9529,0.9574,1987953.81487318
2026-02-17 15:00:00+00:00,0.957,0.97003,0.9536,0.9686,1339905.1985352305
2026-02-17 16:00:00+00:00,0.9687,0.9907,0.9672,0.9762,1670501.8181639402
2026-02-17 17:00:00+00:00,0.9761,0.97749,0.9518,0.9622,1245270.0370351705
2026-02-17 18:00:00+00:00,0.9621,0.98098,0.9592,0.9741,1245766.07622454
2026-02-17 19:00:00+00:00,0.9743,0.9781,0.9658,0.9681,520828.5285327999
2026-02-17 20:00:00+00:00,0.9682,0.9699,0.9611,0.9649,709505.2158404
2026-02-17 21:00:00+00:00,0.9651,0.9696,0.9626,0.9682,865576.35330992
2026-02-17 22:00:00+00:00,0.9684,0.97509,0.9669,0.9677,527732.8886
2026-02-17 23:00:00+00:00,0.9676,0.9697,0.9646,0.9676,311926.9232800001
2026-02-18 00:00:00+00:00,0.9675,0.9699,0.963,0.9632,257271.99185000008
2026-02-18 01:00:00+00:00,0.9635,0.9651,0.9577,0.9616,529400.2605050001
2026-02-18 02:00:00+00:00,0.9615,0.97062,0.9613,0.9677,235418.68103985005
2026-02-18 03:00:00+00:00,0.9674,0.97461,0.9666,0.9709,378184.80118949
2026-02-18 04:00:00+00:00,0.9709,0.973,0.9687,0.9695,171025.0714800001
2026-02-18 05:00:00+00:00,0.9696,0.9726,0.9676,0.9696,118925.09967000004
2026-02-18 06:00:00+00:00,0.9697,0.9705,0.9657,0.9663,351368.93179052003
2026-02-18 07:00:00+00:00,0.9664,0.98021,0.9644,0.9758,184873.92875
2026-02-18 08:00:00+00:00,0.976,0.98666,0.976,0.9781,246813.54796688
2026-02-18 09:00:00+00:00,0.9782,0.9806,0.9768,0.9777,140153.96816
2026-02-18 10:00:00+00:00,0.9779,0.9818,0.9704,0.9714,207944.6491501
2026-02-18 11:00:00+00:00,0.9712,0.97511,0.9594,0.96,909444.4127997506
2026-02-18 12:00:00+00:00,0.9601,0.9641,0.9553,0.957,616662.32622215
2026-02-18 13:00:00+00:00,0.9571,0.95953,0.9472,0.9516,872047.5479324898
2026-02-18 14:00:00+00:00,0.9515,0.95601,0.9437,0.9534,1405245.5381714196
2026-02-18 15:00:00+00:00,0.9537,0.97578,0.9527,0.9609,1442078.7600917802
2026-02-18 16:00:00+00:00,0.9611,0.96178,0.9474,0.9499,755392.9856771298
2026-02-18 17:00:00+00:00,0.9498,0.96098,0.9495,0.9513,277926.56941306003
2026-02-18 18:00:00+00:00,0.9515,0.95289,0.9383,0.9399,1921097.3506193487
2026-02-18 19:00:00+00:00,0.9394,0.944,0.9245,0.9321,1796217.4724929202
2026-02-18 20:00:00+00:00,0.9324,0.93739,0.9291,0.9319,824627.5674510101
2026-02-18 21:00:00+00:00,0.932,0.9338,0.9266,0.9283,641902.2136732303
2026-02-18 22:00:00+00:00,0.9285,0.9302,0.9228,0.9282,1064169.3976270903
2026-02-18 23:00:00+00:00,0.9282,0.9311,0.9247,0.9301,367595.0605854598
2026-02-19 00:00:00+00:00,0.9301,0.9308,0.9247,0.9269,773460.3574702003
2026-02-19 01:00:00+00:00,0.9265,0.9365,0.9254,0.9358,815824.2181560597
2026-02-19 02:00:00+00:00,0.9356,0.94078,0.9317,0.935,439443.4936849899
2026-02-19 03:00:00+00:00,0.935,0.9384,0.9319,0.936,304234.07251485006
2026-02-19 04:00:00+00:00,0.9358,0.94058,0.9337,0.9347,239807.89841898
2026-02-19 05:00:00+00:00,0.9342,0.9362,0.929,0.9327,338845.97124840005
2026-02-19 06:00:00+00:00,0.9326,0.94143,0.9323,0.9358,360945.93629414
2026-02-19 07:00:00+00:00,0.9359,0.9373,0.9318,0.9331,296869.3621016001
2026-02-19 08:00:00+00:00,0.933,0.933,0.9032,0.9088,2398124.313703148
2026-02-19 09:00:00+00:00,0.9089,0.92224,0.9088,0.9159,1308032.74725376
2026-02-19 10:00:00+00:00,0.9158,0.92066,0.9124,0.9172,358028.27100669994
2026-02-19 11:00:00+00:00,0.9174,0.9197,0.9131,0.9147,373053.23142028
2026-02-19 12:00:00+00:00,0.915,0.91889,0.9123,0.9123,393439.66976426006
2026-02-19 13:00:00+00:00,0.913,0.9133,0.8953,0.9045,3071083.3733646
2026-02-19 14:00:00+00:00,0.9041,0.9144,0.901,0.9096,1013448.42586441
2026-02-19 15:00:00+00:00,0.9097,0.9141,0.9002,0.9046,938368.0649199996
2026-02-19 16:00:00+00:00,0.9043,0.9132,0.8963,0.9081,870096.1930138401
2026-02-19 17:00:00+00:00,0.9083,0.92039,0.9027,0.9068,996876.5119499996
2026-02-19 18:00:00+00:00,0.9067,0.9191,0.9063,0.9157,1261586.2121902
2026-02-19 19:00:00+00:00,0.9158,0.91739,0.9083,0.9164,668532.8924091099
2026-02-19 20:00:00+00:00,0.9164,0.9197,0.9125,0.9177,721056.22648796
2026-02-19 21:00:00+00:00,0.9177,0.9202,0.9162,0.9169,261353.30793000007
2026-02-19 22:00:00+00:00,0.917,0.92429,0.9157,0.9203,503752.6055544503
2026-02-19 23:00:00+00:00,0.9201,0.9288,0.9193,0.9281,307614.1678899999
2026-02-20 00:00:00+00:00,0.9282,0.93892,0.9226,0.9347,1738516.0952855807
2026-02-20 01:00:00+00:00,0.9348,0.94135,0.9337,0.9374,479091.06886
2026-02-20 02:00:00+00:00,0.9376,0.9429,0.9365,0.9365,453918.4517619999
2026-02-20 03:00:00+00:00,0.9365,0.9416,0.9354,0.937,207789.56416242008
2026-02-20 04:00:00+00:00,0.9371,0.9376,0.9285,0.9338,312539.0706175298
2026-02-20 05:00:00+00:00,0.934,0.94596,0.9303,0.9385,474107.12623
2026-02-20 06:00:00+00:00,0.9384,0.9446,0.9384,0.9418,229276.6191100001
2026-02-20 07:00:00+00:00,0.9419,0.94474,0.9376,0.9397,155766.77538
2026-02-20 08:00:00+00:00,0.9398,0.9482,0.9392,0.9456,305966.82821000007
2026-02-20 09:00:00+00:00,0.9455,0.9531,0.9454,0.9515,336555.9694600001
2026-02-20 10:00:00+00:00,0.9515,0.96028,0.9476,0.949,577355.4916794999
2026-02-20 11:00:00+00:00,0.9491,0.951,0.9406,0.9449,487536.11687495
2026-02-20 12:00:00+00:00,0.945,0.9492,0.9409,0.9444,980920.0805031302
2026-02-20 13:00:00+00:00,0.9438,0.94571,0.9157,0.9215,1880233.5982552003
2026-02-20 14:00:00+00:00,0.9214,0.941,0.9199,0.935,1489001.16115342
2026-02-20 15:00:00+00:00,0.9352,0.9671,0.9352,0.9665,3062608.8321161144
2026-02-20 16:00:00+00:00,0.9668,0.9777,0.9576,0.9653,1894695.265550371
2026-02-20 17:00:00+00:00,0.9652,0.9652,0.9412,0.9582,2782070.583735459
2026-02-20 18:00:00+00:00,0.958,0.97069,0.9535,0.9632,2624213.638431149
2026-02-20 19:00:00+00:00,0.9632,0.9657,0.952,0.9555,804599.6308778806
2026-02-20 20:00:00+00:00,0.9554,0.9588,0.9478,0.9563,599770.23709
2026-02-20 21:00:00+00:00,0.9564,0.95927,0.9533,0.9553,402917.36193
2026-02-20 22:00:00+00:00,0.9553,0.9574,0.9493,0.9561,1280090.5008932408
2026-02-20 23:00:00+00:00,0.9559,0.9571,0.9514,0.9539,561430.4595621699
2026-02-21 00:00:00+00:00,0.9538,0.955,0.9462,0.9476,485794.84863688005
2026-02-21 01:00:00+00:00,0.9477,0.9515,0.9467,0.9492,201414.73955000003
2026-02-21 02:00:00+00:00,0.9494,0.9549,0.9477,0.9534,339638.34669
2026-02-21 03:00:00+00:00,0.9534,0.9534,0.9457,0.9495,261143.84187724005
2026-02-21 04:00:00+00:00,0.9494,0.9537,0.9485,0.9533,158808.45338
2026-02-21 05:00:00+00:00,0.9532,0.9563,0.9527,0.9541,119335.53665000002
2026-02-21 06:00:00+00:00,0.9541,0.9554,0.9481,0.9491,353146.89661
2026-02-21 07:00:00+00:00,0.949,0.95273,0.9443,0.9504,185786.80595429
2026-02-21 08:00:00+00:00,0.9505,0.95511,0.9476,0.9545,301835.96533299994
2026-02-21 09:00:00+00:00,0.9544,0.96415,0.9533,0.9562,2115270.4087800006
2026-02-21 10:00:00+00:00,0.9562,0.9607,0.9555,0.9571,248860.94713
2026-02-21 11:00:00+00:00,0.957,0.9645,0.957,0.9603,633261.7860199997
2026-02-21 12:00:00+00:00,0.9607,0.9618,0.9519,0.9555,552818.0980790501
2026-02-21 13:00:00+00:00,0.9554,0.9632,0.9533,0.9626,239436.98781999995
2026-02-21 14:00:00+00:00,0.9625,0.9699,0.9601,0.963,1197139.8849300002
2026-02-21 15:00:00+00:00,0.9629,0.96408,0.9555,0.9578,643926.2396144001
2026-02-21 16:00:00+00:00,0.9579,0.9586,0.9439,0.9493,804570.0417000001
2026-02-21 17:00:00+00:00,0.9496,0.9556,0.9454,0.9533,552222.3559640001
2026-02-21 18:00:00+00:00,0.9524,0.96054,0.9515,0.9571,324611.1460660201
2026-02-21 19:00:00+00:00,0.9573,0.9614,0.9545,0.9545,595933.5550747494
2026-02-21 20:00:00+00:00,0.9545,0.9558,0.9478,0.9479,583820.3406260702
2026-02-21 21:00:00+00:00,0.9479,0.9543,0.9468,0.9543,657122.2891600004
2026-02-21 22:00:00+00:00,0.954,0.9552,0.9484,0.9491,476569.11394
2026-02-21 23:00:00+00:00,0.949,0.9514,0.9461,0.9495,422901.76555000007
2026-02-22 00:00:00+00:00,0.9493,0.9493,0.9388,0.9419,639507.7943699997
2026-02-22 01:00:00+00:00,0.942,0.9458,0.9413,0.9428,264785.63708421995
2026-02-22 02:00:00+00:00,0.943,0.9466,0.935,0.9353,627371.8194766699
2026-02-22 03:00:00+00:00,0.9354,0.9387,0.9316,0.9377,311663.0935315299
2026-02-22 04:00:00+00:00,0.9375,0.9406,0.9369,0.9396,298500.01960999984
2026-02-22 05:00:00+00:00,0.9395,0.94,0.9333,0.934,206937.24923222
2026-02-22 06:00:00+00:00,0.934,0.937,0.9328,0.9353,186936.98930999995
2026-02-22 07:00:00+00:00,0.9354,0.9379,0.9338,0.9344,178756.82483323998
2026-02-22 08:00:00+00:00,0.9342,0.9351,0.9293,0.9323,549298.6893600002
2026-02-22 09:00:00+00:00,0.9319,0.935,0.9313,0.935,199244.2053100001
2026-02-22 10:00:00+00:00,0.9351,0.9377,0.9337,0.9356,108846.97470000002
2026-02-22 11:00:00+00:00,0.9354,0.9387,0.9353,0.9364,214778.54887
2026-02-22 12:00:00+00:00,0.9363,0.9363,0.9245,0.9267,403065.1750599999
2026-02-22 13:00:00+00:00,0.9267,0.9291,0.9199,0.9239,469769.02316245006
2026-02-22 14:00:00+00:00,0.9237,0.9249,0.9168,0.9202,728923.0944152699
2026-02-22 15:00:00+00:00,0.9202,0.92627,0.9163,0.925,494601.33206721
2026-02-22 16:00:00+00:00,0.9249,0.92681,0.9205,0.9261,284032.91765515
2026-02-22 17:00:00+00:00,0.9259,0.928,0.9196,0.9218,406621.0030518099
2026-02-22 18:00:00+00:00,0.9217,0.92395,0.9192,0.9211,190654.22463418
2026-02-22 19:00:00+00:00,0.9211,0.92369,0.9181,0.9203,277659.09317152016
2026-02-22 20:00:00+00:00,0.9203,0.9207,0.9138,0.915,641334.6535883201
2026-02-22 21:00:00+00:00,0.915,0.9207,0.9148,0.9202,278763.02044000005
2026-02-22 22:00:00+00:00,0.92,0.9269,0.918,0.9261,293744.10918
2026-02-22 23:00:00+00:00,0.9258,0.9267,0.9204,0.9249,264692.48658
2026-02-23 00:00:00+00:00,0.9249,0.9264,0.90313,0.9098,824774.3292403701
2026-02-23 01:00:00+00:00,0.909,0.90959,0.8611,0.8633,7195127.415278295
2026-02-23 02:00:00+00:00,0.8631,0.8734,0.8618,0.8724,1232568.75433894
2026-02-23 03:00:00+00:00,0.8724,0.8789,0.8716,0.8772,773984.1828040598
2026-02-23 04:00:00+00:00,0.8773,0.8778,0.8677,0.8708,1825627.1379500008
2026-02-23 05:00:00+00:00,0.8708,0.88068,0.8703,0.8767,2529566.960220199
2026-02-23 06:00:00+00:00,0.8767,0.89528,0.8765,0.8928,844566.0689692495
2026-02-23 07:00:00+00:00,0.8927,0.89882,0.8907,0.8929,261987.60997651995
2026-02-23 08:00:00+00:00,0.8927,0.8927,0.886,0.8886,644472.1713399998
2026-02-23 09:00:00+00:00,0.8889,0.9103,0.8887,0.9083,905335.12654996
2026-02-23 10:00:00+00:00,0.9084,0.91204,0.9039,0.9051,749556.80096681
2026-02-23 11:00:00+00:00,0.9051,0.91239,0.9026,0.9041,507644.96601
2026-02-23 12:00:00+00:00,0.9041,0.9162,0.9001,0.9112,633847.9379089599
2026-02-23 13:00:00+00:00,0.9113,0.9117,0.9035,0.9036,775896.9780031999
2026-02-23 14:00:00+00:00,0.904,0.9059,0.8906,0.8984,1453987.11625073
2026-02-23 15:00:00+00:00,0.8984,0.90139,0.8842,0.8861,1841100.46126215
2026-02-23 16:00:00+00:00,0.886,0.89166,0.8798,0.883,1055508.3783052606
2026-02-23 17:00:00+00:00,0.8833,0.88587,0.8655,0.8785,1763689.1562714106
2026-02-23 18:00:00+00:00,0.8786,0.887,0.8746,0.8754,1051915.9917440598
2026-02-23 19:00:00+00:00,0.8755,0.87782,0.868,0.8702,844805.24028994
2026-02-23 20:00:00+00:00,0.8702,0.8788,0.8669,0.8788,817772.1663465402
2026-02-23 21:00:00+00:00,0.8783,0.88183,0.874,0.8796,487659.5110466999
2026-02-23 22:00:00+00:00,0.8798,0.88947,0.8791,0.8818,766492.03356209
2026-02-23 23:00:00+00:00,0.8819,0.88597,0.8772,0.8797,1103961.89020522
2026-02-24 00:00:00+00:00,0.8797,0.88994,0.8797,0.8871,348134.8323113599
2026-02-24 01:00:00+00:00,0.887,0.88957,0.8672,0.8796,1551276.6937826402
2026-02-24 02:00:00+00:00,0.8795,0.88365,0.8748,0.8762,545583.8222247002
2026-02-24 03:00:00+00:00,0.876,0.87606,0.8522,0.8578,2354848.4935407303
2026-02-24 04:00:00+00:00,0.8579,0.8609,0.8503,0.8607,746131.4385476299
2026-02-24 05:00:00+00:00,0.8605,0.86446,0.8534,0.8567,558693.6731700001
2026-02-24 06:00:00+00:00,0.8565,0.8595,0.8514,0.8533,720325.5128395599
2026-02-24 07:00:00+00:00,0.8533,0.86124,0.8517,0.8578,353956.54927347
2026-02-24 08:00:00+00:00,0.8574,0.8637,0.8535,0.8608,244483.66739854004
2026-02-24 09:00:00+00:00,0.8607,0.8619,0.8523,0.8584,300504.89880942006
2026-02-24 10:00:00+00:00,0.8582,0.8599,0.8559,0.858,178086.48579058
2026-02-24 11:00:00+00:00,0.858,0.85894,0.8551,0.8584,326222.01690656005
2026-02-24 12:00:00+00:00,0.8584,0.8606,0.8539,0.8548,280876.39357301994
2026-02-24 13:00:00+00:00,0.8549,0.8563,0.8413,0.8513,1622540.6821122705
2026-02-24 14:00:00+00:00,0.8509,0.8668,0.8432,0.8591,2692216.664854111
2026-02-24 15:00:00+00:00,0.8596,0.87111,0.857,0.8667,1252626.1768925693
2026-02-24 16:00:00+00:00,0.8665,0.8756,0.8612,0.871,1499707.79867804
2026-02-24 17:00:00+00:00,0.8711,0.8728,0.8628,0.8653,896053.8790628698
2026-02-24 18:00:00+00:00,0.865,0.87145,0.8627,0.8674,446283.53047661023
2026-02-24 19:00:00+00:00,0.8673,0.87164,0.8629,0.868,639726.0585927
2026-02-24 20:00:00+00:00,0.8681,0.87165,0.8657,0.8661,586600.6313010502
2026-02-24 21:00:00+00:00,0.866,0.86691,0.8581,0.8598,974353.54691484
2026-02-24 22:00:00+00:00,0.8598,0.86769,0.8587,0.8646,424745.98739696987
2026-02-24 23:00:00+00:00,0.8644,0.8649,0.8584,0.8599,419437.8281413599
2026-02-25 00:00:00+00:00,0.8599,0.8641,0.8571,0.8631,391998.9905417702
2026-02-25 01:00:00+00:00,0.8629,0.9015,0.8627,0.8967,3189334.13653057
2026-02-25 02:00:00+00:00,0.8968,0.9059,0.8913,0.8914,1428443.62563485
2026-02-25 03:00:00+00:00,0.8915,0.89383,0.8802,0.8808,1929452.0910861
2026-02-25 04:00:00+00:00,0.8809,0.88599,0.8738,0.8815,898454.2289743798
2026-02-25 05:00:00+00:00,0.8815,0.88285,0.8646,0.8693,1142959.7649719198
2026-02-25 06:00:00+00:00,0.8696,0.87595,0.868,0.8702,913233.2889462796
2026-02-25 07:00:00+00:00,0.8703,0.87946,0.8695,0.87808,499364.5403260599
2026-02-25 08:00:00+00:00,0.8775,0.8907,0.8759,0.8893,784947.7482369401
2026-02-25 09:00:00+00:00,0.8893,0.89612,0.8889,0.8951,480604.7580394201
2026-02-25 10:00:00+00:00,0.8952,0.89874,0.8917,0.8949,663562.77358166
2026-02-25 11:00:00+00:00,0.8948,0.89895,0.8894,0.8968,549094.26519921
2026-02-25 12:00:00+00:00,0.8966,0.91047,0.8953,0.9069,989928.7128252104
2026-02-25 13:00:00+00:00,0.907,0.9198,0.9055,0.9117,1506048.77185993
2026-02-25 14:00:00+00:00,0.9119,0.93984,0.9119,0.9394,1747751.6175784697
2026-02-25 15:00:00+00:00,0.9394,0.95161,0.9344,0.9473,1690342.8020976598
2026-02-25 16:00:00+00:00,0.9474,0.96373,0.9474,0.9634,1578226.16578542
2026-02-25 17:00:00+00:00,0.9635,0.9818,0.9578,0.9757,2528962.0592725705
2026-02-25 18:00:00+00:00,0.9756,0.998,0.9715,0.9947,2152974.0032788604
2026-02-25 19:00:00+00:00,0.9949,1.0021,0.9793,0.999,2731285.63239053
2026-02-25 20:00:00+00:00,0.9992,1.0192,0.9974,1.0105,2865981.916118051
2026-02-25 21:00:00+00:00,1.0104,1.026,0.9982,1.0093,3367331.400442112
2026-02-25 22:00:00+00:00,1.0093,1.0154,0.9838,0.9908,2502197.0905815503
2026-02-25 23:00:00+00:00,0.9906,0.9909,0.958,0.9689,2464078.50624172
2026-02-26 00:00:00+00:00,0.9689,0.978,0.9588,0.9669,1729743.92376668
2026-02-26 01:00:00+00:00,0.9672,0.97738,0.9587,0.96,1267582.4845158893
2026-02-26 02:00:00+00:00,0.9597,0.96842,0.9501,0.9661,1207523.00802245
2026-02-26 03:00:00+00:00,0.9663,0.968,0.9591,0.9641,615467.7211052697
2026-02-26 04:00:00+00:00,0.9641,0.97664,0.9633,0.9703,702434.2226986501
2026-02-26 05:00:00+00:00,0.9706,0.9706,0.9546,0.9584,684578.5068953598
2026-02-26 06:00:00+00:00,0.9584,0.96169,0.9516,0.9532,949368.21783578
2026-02-26 07:00:00+00:00,0.9531,0.95942,0.9501,0.9521,705718.2450889401
2026-02-26 08:00:00+00:00,0.952,0.96002,0.951,0.9522,663826.5474183701
2026-02-26 09:00:00+00:00,0.9521,0.9697,0.9507,0.9645,785959.3715839201
2026-02-26 10:00:00+00:00,0.9644,0.9654,0.9481,0.949,802570.9481113101
2026-02-26 11:00:00+00:00,0.949,0.9508,0.94,0.9426,930229.4932291702
2026-02-26 12:00:00+00:00,0.9424,0.95224,0.939,0.95,852076.3908636799
2026-02-26 13:00:00+00:00,0.9501,0.95235,0.9444,0.94763,504753.84869705
2026-02-26 14:00:00+00:00,0.9466,0.9508,0.9346,0.9445,2078281.1230128093
2026-02-26 15:00:00+00:00,0.9448,0.9482,0.9326,0.9429,2402206.85449445
2026-02-26 16:00:00+00:00,0.943,0.94595,0.9077,0.9096,3215223.93247392
2026-02-26 17:00:00+00:00,0.9097,0.92042,0.9086,0.9142,1195350.11176494
2026-02-26 18:00:00+00:00,0.9137,0.92513,0.9092,0.9231,1359777.9163627904
2026-02-26 19:00:00+00:00,0.923,0.93769,0.9226,0.9325,2979187.054765888
2026-02-26 20:00:00+00:00,0.9323,0.9369,0.9275,0.9298,1315790.9582281194
2026-02-26 21:00:00+00:00,0.9298,0.9305,0.9245,0.9302,491011.6589832201
2026-02-26 22:00:00+00:00,0.9302,0.9363,0.9287,0.9344,510446.4941343202
2026-02-26 23:00:00+00:00,0.9343,0.9412,0.9317,0.9377,891409.0595617401
2026-02-27 00:00:00+00:00,0.9377,0.93851,0.9279,0.9333,598763.8035468601
2026-02-27 01:00:00+00:00,0.9335,0.9347,0.9274,0.9344,439494.3591083902
2026-02-27 02:00:00+00:00,0.9343,0.94,0.9323,0.9353,400190.98876643
2026-02-27 03:00:00+00:00,0.9353,0.9483,0.9326,0.9448,784731.6213690898
2026-02-27 04:00:00+00:00,0.9449,0.9594,0.9448,0.9505,1329240.5703352098
2026-02-27 05:00:00+00:00,0.9503,0.95739,0.9503,0.9529,478557.7859427801
2026-02-27 06:00:00+00:00,0.9527,0.95382,0.946,0.9513,283745.34226276993
2026-02-27 07:00:00+00:00,0.9509,0.952,0.9424,0.9519,415884.93937539007
2026-02-27 08:00:00+00:00,0.9515,0.9606,0.9515,0.9587,1061554.4490915698
2026-02-27 09:00:00+00:00,0.9587,0.9613,0.9447,0.9471,549850.0817521699
2026-02-27 10:00:00+00:00,0.947,0.948,0.9286,0.9304,1688615.4715714294
2026-02-27 11:00:00+00:00,0.9302,0.9336,0.9127,0.9169,1836144.4067264
2026-02-27 12:00:00+00:00,0.9167,0.91938,0.9093,0.913,1931452.8085137096
2026-02-27 13:00:00+00:00,0.9129,0.9197,0.9018,0.9134,2480902.2101017884
2026-02-27 14:00:00+00:00,0.9133,0.9163,0.9038,0.9059,1597539.1085204796
2026-02-27 15:00:00+00:00,0.9064,0.91623,0.9044,0.9141,1005620.55612208
2026-02-27 16:00:00+00:00,0.9143,0.9155,0.8988,0.9001,2148584.2114318297
2026-02-27 17:00:00+00:00,0.9003,0.9069,0.8924,0.906,1646688.9281699003
2026-02-27 18:00:00+00:00,0.9061,0.9067,0.8966,0.8973,1581321.44064434
2026-02-27 19:00:00+00:00,0.8975,0.89898,0.8914,0.8942,519449.16618610994
2026-02-27 20:00:00+00:00,0.8941,0.90102,0.8938,0.898,622616.26505743
2026-02-27 21:00:00+00:00,0.8981,0.9013,0.8938,0.8968,450408.2764491399
2026-02-27 22:00:00+00:00,0.897,0.8979,0.8824,0.8952,889787.5610575604
2026-02-27 23:00:00+00:00,0.895,0.9041,0.894,0.8998,963551.13150134
2026-02-28 00:00:00+00:00,0.8999,0.90548,0.8982,0.9044,625159.90274788
2026-02-28 01:00:00+00:00,0.9045,0.90601,0.8952,0.8968,382449.98995811
2026-02-28 02:00:00+00:00,0.8968,0.9034,0.8952,0.8995,511613.1185600696
2026-02-28 03:00:00+00:00,0.8996,0.90199,0.8905,0.8927,464726.9596837302
2026-02-28 04:00:00+00:00,0.8927,0.89433,0.8852,0.8916,1012267.8366227502
2026-02-28 05:00:00+00:00,0.892,0.8928,0.885,0.8878,353738.70847414003
2026-02-28 06:00:00+00:00,0.8876,0.8876,0.8386,0.842,5576876.500425479
2026-02-28 07:00:00+00:00,0.8419,0.864,0.8368,0.8502,2274114.62957296
2026-02-28 08:00:00+00:00,0.8501,0.8501,0.8365,0.8382,1544597.9297484104
2026-02-28 09:00:00+00:00,0.8381,0.84389,0.8319,0.8355,1637611.1678259408
2026-02-28 10:00:00+00:00,0.8355,0.8374,0.8266,0.8329,2624117.7752182204
2026-02-28 11:00:00+00:00,0.8327,0.8427,0.8319,0.833,1621175.1510823409
2026-02-28 12:00:00+00:00,0.833,0.8406,0.833,0.8363,1670318.2586698502
2026-02-28 13:00:00+00:00,0.8364,0.8656,0.8339,0.8653,4409118.842912099
2026-02-28 14:00:00+00:00,0.8657,0.8745,0.8483,0.8516,3703988.702259272
2026-02-28 15:00:00+00:00,0.8515,0.8596,0.8446,0.8582,2788277.337626409
2026-02-28 16:00:00+00:00,0.8579,0.8613,0.8529,0.8601,973744.6729661904
2026-02-28 17:00:00+00:00,0.8601,0.8646,0.8518,0.8632,1059043.88162955
2026-02-28 18:00:00+00:00,0.8632,0.8848,0.8598,0.8785,2296974.3735821885
2026-02-28 19:00:00+00:00,0.8784,0.8939,0.8715,0.8862,2935719.908258884
2026-02-28 20:00:00+00:00,0.8862,0.9104,0.8831,0.908,2692068.7804217506
2026-02-28 21:00:00+00:00,0.908,0.9092,0.8921,0.9011,3042015.1907969806
2026-02-28 22:00:00+00:00,0.9012,0.9185,0.9011,0.9073,1798907.5133168804
2026-02-28 23:00:00+00:00,0.9074,0.9083,0.8993,0.9042,608739.3292055501
2026-03-01 00:00:00+00:00,0.904,0.90767,0.8959,0.899,505294.0820633101
2026-03-01 01:00:00+00:00,0.8988,0.9253,0.8896,0.9177,2626589.316608469
2026-03-01 02:00:00+00:00,0.918,0.95,0.9179,0.9403,3651715.629024431
2026-03-01 03:00:00+00:00,0.9402,0.94441,0.9269,0.9316,1364221.8614694602
2026-03-01 04:00:00+00:00,0.9316,0.93646,0.9252,0.9339,939116.79521363
2026-03-01 05:00:00+00:00,0.9341,0.9369,0.9281,0.929,343790.32049243007
2026-03-01 06:00:00+00:00,0.929,0.92961,0.9155,0.9206,1028979.1502458996
2026-03-01 07:00:00+00:00,0.9205,0.92499,0.9172,0.9247,387185.10693873
2026-03-01 08:00:00+00:00,0.9248,0.92915,0.908,0.9097,746602.9091449601
2026-03-01 09:00:00+00:00,0.9097,0.91703,0.9018,0.9032,1151103.9068756
2026-03-01 10:00:00+00:00,0.9031,0.9091,0.898,0.9045,913457.3395864004
2026-03-01 11:00:00+00:00,0.9044,0.90651,0.9019,0.9029,307891.66905359
2026-03-01 12:00:00+00:00,0.903,0.9052,0.8937,0.8944,1055209.1425491995
2026-03-01 13:00:00+00:00,0.8943,0.9185,0.8891,0.9123,1345594.9546435114
2026-03-01 14:00:00+00:00,0.9125,0.92501,0.9068,0.9097,2009304.86294878
2026-03-01 15:00:00+00:00,0.9099,0.92049,0.9074,0.9115,2243944.7816830105
2026-03-01 16:00:00+00:00,0.9114,0.9181,0.8901,0.8987,2094307.1443954296
2026-03-01 17:00:00+00:00,0.8984,0.8997,0.8832,0.8875,3229034.3329128576
2026-03-01 18:00:00+00:00,0.8874,0.9034,0.8873,0.8911,2218242.3847118304
2026-03-01 19:00:00+00:00,0.8912,0.89241,0.878,0.8798,1530719.6910306192
2026-03-01 20:00:00+00:00,0.8798,0.8812,0.8663,0.8709,2919649.41190611
2026-03-01 21:00:00+00:00,0.8712,0.8829,0.8707,0.8817,1287439.9310402698
2026-03-01 22:00:00+00:00,0.8814,0.8997,0.8795,0.8806,1513227.6549384762
2026-03-01 23:00:00+00:00,0.881,0.8971,0.8794,0.8878,1155530.9299620204
2026-03-02 00:00:00+00:00,0.8879,0.905,0.8861,0.8992,1142339.7152204202
2026-03-02 01:00:00+00:00,0.8993,0.9163,0.898,0.9037,998081.2298897096
2026-03-02 02:00:00+00:00,0.904,0.9064,0.892,0.899,817397.6744232698
2026-03-02 03:00:00+00:00,0.8994,0.91327,0.895,0.9097,1056454.3983899402
2026-03-02 04:00:00+00:00,0.9098,0.9131,0.9035,0.9052,587102.7838119004
2026-03-02 05:00:00+00:00,0.9055,0.9072,0.8972,0.9004,516006.22121452
2026-03-02 06:00:00+00:00,0.9005,0.90071,0.8865,0.8917,714786.45716191
2026-03-02 07:00:00+00:00,0.8916,0.89259,0.881,0.8881,686496.9987390101
2026-03-02 08:00:00+00:00,0.8885,0.89583,0.8802,0.8945,1270885.6249622398
2026-03-02 09:00:00+00:00,0.8942,0.9017,0.8914,0.8915,1265658.9118626604
2026-03-02 10:00:00+00:00,0.8914,0.89489,0.8878,0.8916,512307.60095756
2026-03-02 11:00:00+00:00,0.8916,0.8975,0.8862,0.8936,581347.3247515198
2026-03-02 12:00:00+00:00,0.8936,0.89489,0.8877,0.8905,1031294.80182838
2026-03-02 13:00:00+00:00,0.8906,0.89446,0.8837,0.8849,795163.01194633
2026-03-02 14:00:00+00:00,0.8845,0.91911,0.8825,0.91763,3266705.82146253
2026-03-02 15:00:00+00:00,0.9175,0.9586,0.9143,0.9452,6438848.682720372
2026-03-02 16:00:00+00:00,0.9455,0.9673,0.9425,0.95,5421843.49068304
2026-03-02 17:00:00+00:00,0.9505,0.9538,0.929,0.9358,3071622.6801770194
2026-03-02 18:00:00+00:00,0.9358,0.9458,0.9279,0.9364,1946667.1963942195
2026-03-02 19:00:00+00:00,0.9366,0.9395,0.9282,0.9373,2327527.294762691
2026-03-02 20:00:00+00:00,0.9372,0.9451,0.9271,0.9277,1430541.9903537803
2026-03-02 21:00:00+00:00,0.9279,0.9359,0.923,0.9311,1086341.6878212893
2026-03-02 22:00:00+00:00,0.9315,0.9374,0.9301,0.934,568764.6396676198
2026-03-02 23:00:00+00:00,0.9335,0.9347,0.9191,0.9232,1091654.6427581194
2026-03-03 00:00:00+00:00,0.9231,0.9281,0.9184,0.924,1043693.6137468194
2026-03-03 01:00:00+00:00,0.9241,0.9281,0.9181,0.9226,951813.7935659202
2026-03-03 02:00:00+00:00,0.9225,0.9229,0.9132,0.9196,927877.67363288
2026-03-03 03:00:00+00:00,0.9198,0.92306,0.9154,0.9211,294211.20188256004
2026-03-03 04:00:00+00:00,0.9212,0.92307,0.9131,0.9151,294636.6935201199
2026-03-03 05:00:00+00:00,0.915,0.9277,0.9087,0.9138,1709130.7194878403
2026-03-03 06:00:00+00:00,0.914,0.91618,0.9097,0.9117,1160857.125161359
2026-03-03 07:00:00+00:00,0.9115,0.9208,0.9099,0.9154,569942.6414540699
2026-03-03 08:00:00+00:00,0.9153,0.9195,0.9,0.9018,1394093.62981024
2026-03-03 09:00:00+00:00,0.9016,0.9088,0.8954,0.8981,828202.53496221
2026-03-03 10:00:00+00:00,0.8979,0.9024,0.8942,0.8983,896966.9214639202
2026-03-03 11:00:00+00:00,0.8984,0.9012,0.8945,0.9002,511099.7266945398
2026-03-03 12:00:00+00:00,0.9,0.9133,0.899,0.9031,842756.3362697599
2026-03-03 13:00:00+00:00,0.9033,0.9033,0.8882,0.8927,812974.7371469701
2026-03-03 14:00:00+00:00,0.8928,0.9052,0.885,0.8917,1721052.596560531
2026-03-03 15:00:00+00:00,0.8916,0.909,0.8863,0.9031,2330028.6869323
2026-03-03 16:00:00+00:00,0.9031,0.92612,0.8988,0.9147,3394946.734387572
2026-03-03 17:00:00+00:00,0.9147,0.91635,0.9011,0.9149,1251557.4974896505
2026-03-03 18:00:00+00:00,0.9149,0.9239,0.9082,0.9139,1078625.0726516594
2026-03-03 19:00:00+00:00,0.914,0.917,0.9074,0.9098,823473.0539927798
2026-03-03 20:00:00+00:00,0.9099,0.9113,0.9013,0.9039,832578.9634260997
2026-03-03 21:00:00+00:00,0.9039,0.90418,0.8936,0.8995,1420079.38087753
2026-03-03 22:00:00+00:00,0.8997,0.91335,0.8992,0.9101,749519.94227516
2026-03-03 23:00:00+00:00,0.91,0.9188,0.9082,0.9091,1126488.76949564
2026-03-04 00:00:00+00:00,0.9088,0.91182,0.8991,0.9066,768033.7123332599
2026-03-04 01:00:00+00:00,0.907,0.9168,0.9035,0.9099,1040040.2336648398
2026-03-04 02:00:00+00:00,0.9099,0.9139,0.905,0.9114,494665.6329568901
2026-03-04 03:00:00+00:00,0.9116,0.91206,0.8925,0.9025,977259.2137131594
2026-03-04 04:00:00+00:00,0.9024,0.9054,0.8945,0.9011,909878.60597682
2026-03-04 05:00:00+00:00,0.9012,0.9078,0.8962,0.9027,632596.31260658
2026-03-04 06:00:00+00:00,0.9026,0.9085,0.8974,0.9052,589323.8873901698
2026-03-04 07:00:00+00:00,0.905,0.91814,0.9013,0.9152,670474.41658167
2026-03-04 08:00:00+00:00,0.9155,0.9441,0.913,0.9401,2145518.0559288496
2026-03-04 09:00:00+00:00,0.94,0.95849,0.936,0.9464,2731719.483536781
2026-03-04 10:00:00+00:00,0.9466,0.952,0.9345,0.9382,1455636.60785826
2026-03-04 11:00:00+00:00,0.9383,0.9428,0.9276,0.9339,1138129.6054524102
2026-03-04 12:00:00+00:00,0.9338,0.936,0.9218,0.9309,1140098.4860047898
2026-03-04 13:00:00+00:00,0.931,0.9439,0.9302,0.9431,1662451.6733030595
2026-03-04 14:00:00+00:00,0.943,0.9637,0.9364,0.9406,3780776.0567855993
2026-03-04 15:00:00+00:00,0.9408,0.9795,0.9407,0.9783,3321698.7271927414
2026-03-04 16:00:00+00:00,0.9784,0.9837,0.9567,0.9674,3480713.603604879
2026-03-04 17:00:00+00:00,0.9672,0.9775,0.95969,0.9676,1681680.8332781994
2026-03-04 18:00:00+00:00,0.9675,0.9803,0.9625,0.9796,1283650.20879261
2026-03-04 19:00:00+00:00,0.9798,0.9937,0.9782,0.981,2710421.9631234705
2026-03-04 20:00:00+00:00,0.981,0.9836,0.9731,0.9754,1151665.27106952
2026-03-04 21:00:00+00:00,0.9759,0.977,0.9705,0.9741,1329470.6937655404
2026-03-04 22:00:00+00:00,0.9742,0.9798,0.9594,0.9612,1836246.0006785905
2026-03-04 23:00:00+00:00,0.9612,0.9638,0.9509,0.9572,1816290.20746818
2026-03-05 00:00:00+00:00,0.9572,0.9583,0.9493,0.9511,1676890.5885523106
2026-03-05 01:00:00+00:00,0.9514,0.9592,0.94436,0.9472,1005191.50085064
2026-03-05 02:00:00+00:00,0.9472,0.9573,0.9471,0.9511,911177.2401676408
2026-03-05 03:00:00+00:00,0.9512,0.9549,0.9462,0.9492,542516.5981229501
2026-03-05 04:00:00+00:00,0.9491,0.9589,0.9482,0.9553,1304172.6605474602
2026-03-05 05:00:00+00:00,0.9551,0.9571,0.9463,0.9495,646945.1161611702
2026-03-05 06:00:00+00:00,0.9495,0.9585,0.9446,0.9563,497528.06614067
2026-03-05 07:00:00+00:00,0.9566,0.9591,0.9429,0.9462,715875.7351321098
2026-03-05 08:00:00+00:00,0.9465,0.9499,0.9427,0.9484,545473.7006639902
2026-03-05 09:00:00+00:00,0.9483,0.9594,0.9478,0.9559,990980.3718374006
2026-03-05 10:00:00+00:00,0.9561,0.9763,0.9543,0.9726,817517.1763117103
2026-03-05 11:00:00+00:00,0.9728,0.9743,0.962,0.9694,1044757.5502319698
2026-03-05 12:00:00+00:00,0.9695,0.9867,0.9648,0.9807,1555375.9467902
2026-03-05 13:00:00+00:00,0.9812,0.98219,0.958,0.9636,2364870.533527391
2026-03-05 14:00:00+00:00,0.9636,0.976,0.9587,0.9729,1809439.6604283613
2026-03-05 15:00:00+00:00,0.973,0.9744,0.9447,0.9516,1804805.6175879005
2026-03-05 16:00:00+00:00,0.9516,0.9541,0.9203,0.9467,5477703.080578481
2026-03-05 17:00:00+00:00,0.9468,0.956,0.936,0.9376,1486261.4795057997
2026-03-05 18:00:00+00:00,0.9376,0.9498,0.9365,0.9491,849207.0077307299
2026-03-05 19:00:00+00:00,0.9491,0.9664,0.9491,0.956,1932423.486391911
2026-03-05 20:00:00+00:00,0.9561,0.9659,0.9527,0.9611,1432869.4638263597
2026-03-05 21:00:00+00:00,0.9608,0.9665,0.953,0.9562,848303.24608172
2026-03-05 22:00:00+00:00,0.9564,0.9622,0.9538,0.9585,328126.1258932201
2026-03-05 23:00:00+00:00,0.9583,0.9608,0.95209,0.9538,782925.3001763202
2026-03-06 00:00:00+00:00,0.9538,0.9558,0.9504,0.9538,1049817.35194845
2026-03-06 01:00:00+00:00,0.9537,0.9632,0.95022,0.9594,1776475.90541006
2026-03-06 02:00:00+00:00,0.9595,0.9601,0.9508,0.9555,1239486.686160561
2026-03-06 03:00:00+00:00,0.9554,0.964,0.955,0.9632,786450.3431265303
2026-03-06 04:00:00+00:00,0.9631,0.9644,0.9461,0.9531,871229.6843376297
2026-03-06 05:00:00+00:00,0.9532,0.9589,0.9462,0.9539,373631.84754058014
2026-03-06 06:00:00+00:00,0.9537,0.9576,0.9511,0.9555,239716.0249800599
2026-03-06 07:00:00+00:00,0.9553,0.9761,0.9528,0.9747,1093602.81986196
2026-03-06 08:00:00+00:00,0.9745,0.9745,0.9567,0.9575,409141.9402871599
2026-03-06 09:00:00+00:00,0.9578,0.9585,0.94,0.9437,1142738.1651929398
2026-03-06 10:00:00+00:00,0.9436,0.9493,0.9428,0.9455,568319.6204888998
2026-03-06 11:00:00+00:00,0.9454,0.9477,0.9386,0.9404,676445.7429555199
2026-03-06 12:00:00+00:00,0.9403,0.9415,0.9306,0.9369,1612920.400487111
2026-03-06 13:00:00+00:00,0.937,0.9427,0.9184,0.9193,3158624.7002027608
2026-03-06 14:00:00+00:00,0.9192,0.9203,0.8964,0.9012,3235290.2443930525
2026-03-06 15:00:00+00:00,0.9011,0.9083,0.8958,0.9002,1760223.6852508204
2026-03-06 16:00:00+00:00,0.9001,0.9062,0.89638,0.9005,942075.9688568398
2026-03-06 17:00:00+00:00,0.9005,0.9038,0.89125,0.894,1108533.0465273596
2026-03-06 18:00:00+00:00,0.8939,0.9035,0.8934,0.902,1267641.388691691
2026-03-06 19:00:00+00:00,0.902,0.9079,0.9019,0.9044,488725.41449632007
2026-03-06 20:00:00+00:00,0.9046,0.9063,0.8968,0.9016,845776.6617525298
2026-03-06 21:00:00+00:00,0.9015,0.9017,0.8968,0.901,177730.90032446003
2026-03-06 22:00:00+00:00,0.9009,0.906,0.90073,0.9041,273624.54477746994
2026-03-06 23:00:00+00:00,0.9043,0.9045,0.901,0.9015,257796.45063592
2026-03-07 00:00:00+00:00,0.9018,0.9053,0.9007,0.9041,166324.77667331998
2026-03-07 01:00:00+00:00,0.9041,0.9044,0.9004,0.9004,189625.65698858
2026-03-07 02:00:00+00:00,0.9006,0.9024,0.8976,0.9021,286106.29868286004
2026-03-07 03:00:00+00:00,0.9021,0.9091,0.8995,0.9003,361583.7294575101
2026-03-07 04:00:00+00:00,0.9002,0.9045,0.8933,0.9028,252086.47578854
2026-03-07 05:00:00+00:00,0.9028,0.9047,0.9006,0.9039,125819.39735197002
2026-03-07 06:00:00+00:00,0.9037,0.9049,0.8994,0.8998,156372.04235713996
2026-03-07 07:00:00+00:00,0.9001,0.9029,0.8957,0.9018,423370.2006469405
2026-03-07 08:00:00+00:00,0.9019,0.9085,0.9013,0.9042,402560.3277064302
2026-03-07 09:00:00+00:00,0.9043,0.9137,0.9014,0.913,181332.98783676003
2026-03-07 10:00:00+00:00,0.9131,0.9139,0.9045,0.9054,170120.46973148006
2026-03-07 11:00:00+00:00,0.9057,0.9089,0.9025,0.9062,123256.51828573998
2026-03-07 12:00:00+00:00,0.906,0.9072,0.9006,0.9016,126816.37973000002
2026-03-07 13:00:00+00:00,0.9016,0.90465,0.9012,0.9029,401275.1258344301
2026-03-07 14:00:00+00:00,0.9032,0.9064,0.894,0.9024,417719.78113008005
2026-03-07 15:00:00+00:00,0.9024,0.9032,0.8951,0.8984,235426.52965912
2026-03-07 16:00:00+00:00,0.8983,0.9023,0.8955,0.9016,345327.15736611
2026-03-07 17:00:00+00:00,0.9018,0.906,0.9018,0.9027,410394.9815936199
2026-03-07 18:00:00+00:00,0.9032,0.9032,0.897,0.899,316576.9320209201
2026-03-07 19:00:00+00:00,0.899,0.89934,0.888,0.891,543920.2326250201
2026-03-07 20:00:00+00:00,0.891,0.899,0.8909,0.8981,281098.49357959995
2026-03-07 21:00:00+00:00,0.898,0.8997,0.8939,0.8972,308354.05178545
2026-03-07 22:00:00+00:00,0.8972,0.8981,0.8889,0.8916,241763.17455309
2026-03-07 23:00:00+00:00,0.8916,0.8961,0.8909,0.8946,155120.00609389998
2026-03-08 00:00:00+00:00,0.895,0.89625,0.8885,0.8891,208351.49566084
2026-03-08 01:00:00+00:00,0.8895,0.8927,0.8862,0.8912,415621.1378414301
2026-03-08 02:00:00+00:00,0.891,0.8913,0.8756,0.879,1353385.56523167
2026-03-08 03:00:00+00:00,0.8791,0.8837,0.8783,0.8809,343387.1215119
2026-03-08 04:00:00+00:00,0.8806,0.8838,0.8741,0.8775,353019.97825269995
2026-03-08 05:00:00+00:00,0.8777,0.8884,0.8773,0.8866,292283.8046452401
2026-03-08 06:00:00+00:00,0.8867,0.8885,0.8832,0.8879,122021.80833958
2026-03-08 07:00:00+00:00,0.8877,0.89849,0.8875,0.8931,426096.3204873501
2026-03-08 08:00:00+00:00,0.8931,0.8965,0.8885,0.8952,245961.87007978008
2026-03-08 09:00:00+00:00,0.8955,0.9025,0.8932,0.8996,267907.13958648
2026-03-08 10:00:00+00:00,0.8994,0.9106,0.8994,0.9034,996891.52015439
2026-03-08 11:00:00+00:00,0.9032,0.9044,0.8932,0.8998,557877.4588315801
2026-03-08 12:00:00+00:00,0.8999,0.9046,0.8892,0.8989,711626.0436693103
2026-03-08 13:00:00+00:00,0.8988,0.9004,0.8857,0.8921,1021549.48698147
2026-03-08 14:00:00+00:00,0.8921,0.8957,0.886,0.8903,710327.80393858
2026-03-08 15:00:00+00:00,0.89,0.8903,0.8811,0.8842,335913.95716308005
2026-03-08 16:00:00+00:00,0.8842,0.8846,0.8768,0.8787,552241.51845302
2026-03-08 17:00:00+00:00,0.8787,0.8862,0.8786,0.8822,413490.0069192499
2026-03-08 18:00:00+00:00,0.8823,0.8831,0.8772,0.8819,420559.2491335
2026-03-08 19:00:00+00:00,0.8821,0.8957,0.8814,0.8916,761609.6421159401
2026-03-08 20:00:00+00:00,0.892,0.8985,0.8862,0.8906,565112.5198746199
2026-03-08 21:00:00+00:00,0.8907,0.8914,0.8823,0.8887,337575.78545497
2026-03-08 22:00:00+00:00,0.8886,0.8886,0.8655,0.8847,2384904.542986061
2026-03-08 23:00:00+00:00,0.8848,0.8891,0.8778,0.8799,542416.70871034
2026-03-09 00:00:00+00:00,0.8796,0.8979,0.8792,0.8874,612482.31582608
2026-03-09 01:00:00+00:00,0.8873,0.8922,0.881,0.8826,760516.6210232497
2026-03-09 02:00:00+00:00,0.8825,0.8939,0.8798,0.8899,866302.8565357395
2026-03-09 03:00:00+00:00,0.89,0.9079,0.8886,0.8957,1139969.1037326602
2026-03-09 04:00:00+00:00,0.8956,0.90609,0.8956,0.8981,252582.63774575005
2026-03-09 05:00:00+00:00,0.8982,0.9173,0.8967,0.915,1231703.7336693795
2026-03-09 06:00:00+00:00,0.9151,0.919,0.9031,0.9046,1131794.11308561
2026-03-09 07:00:00+00:00,0.9047,0.90579,0.8927,0.9023,899633.9043535399
2026-03-09 08:00:00+00:00,0.9024,0.91,0.8993,0.907,540574.3892479801
2026-03-09 09:00:00+00:00,0.9071,0.9178,0.9007,0.908,795336.4865386498
2026-03-09 10:00:00+00:00,0.9082,0.9106,0.9026,0.9042,453695.0712204199
2026-03-09 11:00:00+00:00,0.9041,0.9063,0.897,0.9042,687804.3194869198
2026-03-09 12:00:00+00:00,0.9045,0.915,0.9044,0.9117,847936.38704485
2026-03-09 13:00:00+00:00,0.9115,0.9327,0.9107,0.9283,1784126.5464022693
2026-03-09 14:00:00+00:00,0.9282,0.9344,0.922,0.9299,2228782.1714494806
2026-03-09 15:00:00+00:00,0.93,0.9349,0.9253,0.9317,1150528.5536977693
2026-03-09 16:00:00+00:00,0.9316,0.9375,0.9279,0.9323,837283.53259418
2026-03-09 17:00:00+00:00,0.9323,0.9428,0.9316,0.9347,1237607.3894085
2026-03-09 18:00:00+00:00,0.9344,0.9462,0.9281,0.9434,1664737.28600363
2026-03-09 19:00:00+00:00,0.9435,0.9883,0.9409,0.9727,4099063.08434035
2026-03-09 20:00:00+00:00,0.9726,0.9749,0.9622,0.968,1976288.009184429
2026-03-09 21:00:00+00:00,0.968,0.9711,0.9572,0.966,980881.4408667702
2026-03-09 22:00:00+00:00,0.9659,0.967,0.9512,0.9532,1091656.81556712
2026-03-09 23:00:00+00:00,0.9533,0.9581,0.9388,0.9425,875956.87603516
2026-03-10 00:00:00+00:00,0.9425,0.9527,0.9393,0.9467,629894.5398331002
2026-03-10 01:00:00+00:00,0.9467,0.9488,0.9363,0.9417,586071.07297745
2026-03-10 02:00:00+00:00,0.9416,0.9619,0.9378,0.952,1963865.18204192
2026-03-10 03:00:00+00:00,0.9519,0.9551,0.941,0.942,767206.9868615103
2026-03-10 04:00:00+00:00,0.9419,0.9524,0.9411,0.95,696135.2215012301
2026-03-10 05:00:00+00:00,0.9501,0.9559,0.944,0.9455,412104.79305964
2026-03-10 06:00:00+00:00,0.9456,0.9479,0.9389,0.947,642510.29924335
2026-03-10 07:00:00+00:00,0.9471,0.9541,0.9446,0.954,700881.4894728798
2026-03-10 08:00:00+00:00,0.9542,0.96708,0.952,0.9643,1171877.85819726
2026-03-10 09:00:00+00:00,0.9641,0.9762,0.9641,0.9729,1954442.4702123515
2026-03-10 10:00:00+00:00,0.9726,0.9794,0.9686,0.9777,724432.85793754
2026-03-10 11:00:00+00:00,0.9776,0.97959,0.9699,0.9699,951262.83141261
2026-03-10 12:00:00+00:00,0.9702,0.97261,0.9614,0.9715,1031973.5675926
2026-03-10 13:00:00+00:00,0.9715,0.98462,0.9637,0.9722,1683357.59386247
2026-03-10 14:00:00+00:00,0.9722,1.0139,0.9582,1.0037,3084326.4578458606
2026-03-10 15:00:00+00:00,1.004,1.0115,0.9855,0.9983,4405652.889945529
2026-03-10 16:00:00+00:00,0.9979,1.0065,0.9916,0.9977,1625875.48076785
2026-03-10 17:00:00+00:00,0.9974,0.9999,0.9779,0.9803,1901592.10316135
2026-03-10 18:00:00+00:00,0.9803,0.9808,0.96297,0.9677,1550531.50513598
2026-03-10 19:00:00+00:00,0.9678,0.9712,0.95796,0.9613,1655978.3367877705
2026-03-10 20:00:00+00:00,0.9612,0.9666,0.9603,0.9637,2174591.115215639
2026-03-10 21:00:00+00:00,0.9637,0.9655,0.9491,0.9517,739613.2138888096
2026-03-10 22:00:00+00:00,0.9515,0.9577,0.949,0.9524,767319.7865942101
2026-03-10 23:00:00+00:00,0.9525,0.9584,0.9525,0.9573,314293.56707092
2026-03-11 00:00:00+00:00,0.9574,0.9627,0.954,0.9597,415206.8672593501
2026-03-11 01:00:00+00:00,0.9596,0.96156,0.9533,0.9571,642774.24916645
2026-03-11 02:00:00+00:00,0.9572,0.95924,0.944,0.9512,1082855.2782917093
2026-03-11 03:00:00+00:00,0.9513,0.9586,0.9485,0.95,727785.05113019
2026-03-11 04:00:00+00:00,0.9499,0.96003,0.9479,0.9576,695501.6287299502
2026-03-11 05:00:00+00:00,0.9578,0.95992,0.9435,0.9478,425361.8029968801
2026-03-11 06:00:00+00:00,0.9476,0.955,0.947,0.9515,461056.12250397
2026-03-11 07:00:00+00:00,0.9514,0.9559,0.9462,0.949,259966.82534416
2026-03-11 08:00:00+00:00,0.9492,0.9513,0.9464,0.9503,270776.0462761801
2026-03-11 09:00:00+00:00,0.9501,0.95193,0.9447,0.9464,274121.38416302006
2026-03-11 10:00:00+00:00,0.9465,0.958,0.9458,0.9536,305754.30562599003
2026-03-11 11:00:00+00:00,0.9536,0.9569,0.9493,0.9509,349859.8684155501
2026-03-11 12:00:00+00:00,0.9509,0.96895,0.9481,0.9608,746710.6348385499
2026-03-11 13:00:00+00:00,0.961,0.9892,0.9602,0.9717,3225099.939983337
2026-03-11 14:00:00+00:00,0.9718,0.985,0.9697,0.975,1625331.2838095406
2026-03-11 15:00:00+00:00,0.9751,0.9764,0.9606,0.9731,1046676.6114218498
2026-03-11 16:00:00+00:00,0.9732,0.9814,0.9695,0.9776,875053.4001475197
2026-03-11 17:00:00+00:00,0.9777,0.9907,0.9766,0.98,1213772.7401425105
2026-03-11 18:00:00+00:00,0.9795,0.992,0.9791,0.9918,1035603.9724912398
2026-03-11 19:00:00+00:00,0.9919,0.9988,0.9857,0.9923,1158907.2185884097
2026-03-11 20:00:00+00:00,0.9924,0.9924,0.9812,0.9871,888035.76138041
2026-03-11 21:00:00+00:00,0.9871,0.9932,0.9851,0.9915,340201.45695484
2026-03-11 22:00:00+00:00,0.9915,0.9955,0.9832,0.9874,1016549.7880062908
2026-03-11 23:00:00+00:00,0.9873,0.9896,0.9771,0.9787,327791.97731
2026-03-12 00:00:00+00:00,0.9787,0.9812,0.9765,0.9791,636310.5492531398
2026-03-12 01:00:00+00:00,0.9795,0.9795,0.969,0.9708,781523.07422
2026-03-12 02:00:00+00:00,0.9707,0.973,0.9622,0.965,801098.2379095005
2026-03-12 03:00:00+00:00,0.9652,0.9723,0.9625,0.9652,363550.0048
2026-03-12 04:00:00+00:00,0.9654,0.9691,0.9644,0.9659,238373.2105795399
2026-03-12 05:00:00+00:00,0.9658,0.9697,0.9617,0.9664,226941.73748000007
2026-03-12 06:00:00+00:00,0.9663,0.9703,0.965,0.9691,303937.4824499999
2026-03-12 07:00:00+00:00,0.9689,0.9803,0.9667,0.9796,415510.1161400001
2026-03-12 08:00:00+00:00,0.9799,0.9871,0.9766,0.9802,888600.6013605804
2026-03-12 09:00:00+00:00,0.9801,0.9856,0.9719,0.978,419609.31665624
2026-03-12 10:00:00+00:00,0.9779,0.9859,0.9754,0.9799,493310.99683999975
2026-03-12 11:00:00+00:00,0.9797,0.9847,0.9753,0.9777,557836.0353349999
2026-03-12 12:00:00+00:00,0.9776,0.993,0.975,0.9882,441236.2518823001
2026-03-12 13:00:00+00:00,0.9884,0.99,0.9711,0.9788,1779003.201759741
2026-03-12 14:00:00+00:00,0.9791,0.9856,0.9592,0.9673,1663516.8204467904
2026-03-12 15:00:00+00:00,0.9674,0.9772,0.9635,0.9699,729950.31657592
2026-03-12 16:00:00+00:00,0.9698,0.9803,0.9628,0.9777,698924.7314599997
2026-03-12 17:00:00+00:00,0.9773,0.9786,0.9714,0.9746,684922.61154472
2026-03-12 18:00:00+00:00,0.9748,0.9771,0.971,0.9717,244812.2217188101
2026-03-12 19:00:00+00:00,0.9718,0.9832,0.9692,0.9793,642919.9900057397
2026-03-12 20:00:00+00:00,0.9792,0.9802,0.9713,0.9727,451223.8855204498
2026-03-12 21:00:00+00:00,0.9727,0.981,0.9727,0.98,136604.82380229008
2026-03-12 22:00:00+00:00,0.9799,0.9814,0.9752,0.9801,541018.0168322902
2026-03-12 23:00:00+00:00,0.9803,0.9958,0.9801,0.991,1613877.6236340709
2026-03-13 00:00:00+00:00,0.9907,1.0225,0.9868,1.0061,5723671.159365053
2026-03-13 01:00:00+00:00,1.0063,1.0305,1.0063,1.0272,1988729.9248053087
2026-03-13 02:00:00+00:00,1.0276,1.0313,1.0177,1.0214,902802.2356299998
2026-03-13 03:00:00+00:00,1.0214,1.0293,1.0152,1.0253,814185.5075499996
2026-03-13 04:00:00+00:00,1.0252,1.0367,1.0227,1.033,1400950.0132618302
2026-03-13 05:00:00+00:00,1.0327,1.0448,1.0293,1.0366,1556532.8609372
2026-03-13 06:00:00+00:00,1.0368,1.0434,1.0305,1.0332,798037.7273945801
2026-03-13 07:00:00+00:00,1.0331,1.0381,1.0273,1.0282,704620.85158744
2026-03-13 08:00:00+00:00,1.0281,1.0406,1.0245,1.0319,715518.0736922901
2026-03-13 09:00:00+00:00,1.0316,1.0527,1.0295,1.0472,1383239.67152519
2026-03-13 10:00:00+00:00,1.0473,1.0514,1.0396,1.0468,1122387.9027188502
2026-03-13 11:00:00+00:00,1.0465,1.0489,1.038,1.0408,553579.0031583399
2026-03-13 12:00:00+00:00,1.0406,1.0505,1.0374,1.0416,1722739.6388856506
2026-03-13 13:00:00+00:00,1.0423,1.0563,1.0387,1.0454,2652955.8803855595
2026-03-13 14:00:00+00:00,1.0453,1.0517,1.0219,1.0256,2903969.0256458204
2026-03-13 15:00:00+00:00,1.0257,1.0343,1.0107,1.0144,2008741.5203654687
2026-03-13 16:00:00+00:00,1.0143,1.0187,1.008,1.0125,1613661.1886531296
2026-03-13 17:00:00+00:00,1.0126,1.0145,0.9935,1.0002,2348965.48606443
2026-03-13 18:00:00+00:00,1.0002,1.0053,0.9963,1.0001,862360.6982498001
2026-03-13 19:00:00+00:00,1.0,1.0041,0.9978,1.0017,776988.2950851503
2026-03-13 20:00:00+00:00,1.0016,1.0052,0.9996,1.0048,376738.08422858
2026-03-13 21:00:00+00:00,1.0048,1.0095,0.9967,0.9983,785833.5098330098
2026-03-13 22:00:00+00:00,0.9985,0.9991,0.98729,0.9934,770338.1478732801
2026-03-13 23:00:00+00:00,0.9935,0.9968,0.9911,0.9963,435985.1747459697
2026-03-14 00:00:00+00:00,0.9962,0.9983,0.9893,0.9903,402462.50064
2026-03-14 01:00:00+00:00,0.9902,0.9962,0.9886,0.9942,453665.2140722899
2026-03-14 02:00:00+00:00,0.9941,0.995,0.9887,0.9934,459722.98430000007
2026-03-14 03:00:00+00:00,0.9938,0.9998,0.9926,0.9985,568700.92723
2026-03-14 04:00:00+00:00,0.9985,1.0039,0.9945,0.9954,918164.2557399996
2026-03-14 05:00:00+00:00,0.9949,0.9972,0.9911,0.9941,625155.0399300002
2026-03-14 06:00:00+00:00,0.994,0.994,0.9817,0.9876,506529.75893707
2026-03-14 07:00:00+00:00,0.9877,0.99111,0.9844,0.9871,451025.0816671001
2026-03-14 08:00:00+00:00,0.9868,0.9887,0.9849,0.9859,211396.15717258
2026-03-14 09:00:00+00:00,0.9858,0.9883,0.9824,0.9847,226958.08679000003
2026-03-14 10:00:00+00:00,0.9846,0.985,0.9798,0.9817,391396.809638
2026-03-14 11:00:00+00:00,0.9818,0.9881,0.9815,0.987,189532.90449
2026-03-14 12:00:00+00:00,0.9868,0.9876,0.9828,0.9857,297558.10272
2026-03-14 13:00:00+00:00,0.9853,0.9947,0.9839,0.9909,195606.33707
2026-03-14 14:00:00+00:00,0.9909,0.9941,0.982,0.9848,684788.7554400003
2026-03-14 15:00:00+00:00,0.9845,0.98909,0.9827,0.9881,184763.4127043
2026-03-14 16:00:00+00:00,0.9879,0.9974,0.9854,0.9967,587831.2491912799
2026-03-14 17:00:00+00:00,0.996,0.9965,0.9902,0.9911,352031.23769000004
2026-03-14 18:00:00+00:00,0.991,0.9923,0.9885,0.9908,180887.65424042
2026-03-14 19:00:00+00:00,0.9906,0.99096,0.9868,0.9876,262632.71646041994
2026-03-14 20:00:00+00:00,0.9873,0.9889,0.9859,0.9885,168248.43622086005
2026-03-14 21:00:00+00:00,0.9884,0.9943,0.9873,0.9933,184835.86015
2026-03-14 22:00:00+00:00,0.9931,0.9948,0.9916,0.9933,76230.32316000001
2026-03-14 23:00:00+00:00,0.9933,1.0033,0.9933,1.0015,784698.2452718397
2026-03-15 00:00:00+00:00,1.0015,1.0032,0.99585,1.0001,370358.47070183005
2026-03-15 01:00:00+00:00,1.0006,1.0054,0.9994,1.0011,335054.88631423994
2026-03-15 02:00:00+00:00,1.0011,1.0183,1.0011,1.013,766889.3456696898
2026-03-15 03:00:00+00:00,1.013,1.017,1.0072,1.0127,525168.0302148298
2026-03-15 04:00:00+00:00,1.0125,1.0176,1.004,1.0082,576059.1256400002
2026-03-15 05:00:00+00:00,1.0084,1.0152,1.0056,1.0066,505947.3557050804
2026-03-15 06:00:00+00:00,1.0066,1.0074,0.9981,1.0024,228871.32974455
2026-03-15 07:00:00+00:00,1.0022,1.0051,0.9996,1.0028,180448.97286288007
2026-03-15 08:00:00+00:00,1.0029,1.0061,1.0009,1.0061,245217.11718671
2026-03-15 09:00:00+00:00,1.0059,1.0088,1.0014,1.0031,249304.9632847701
2026-03-15 10:00:00+00:00,1.0028,1.0088,1.0026,1.0043,195910.07291
2026-03-15 11:00:00+00:00,1.0041,1.0055,1.0016,1.0047,192413.54133
2026-03-15 12:00:00+00:00,1.0047,1.0071,1.0026,1.0046,180743.05622
2026-03-15 13:00:00+00:00,1.0048,1.0071,0.9931,1.0021,623534.0049656399
2026-03-15 14:00:00+00:00,1.0022,1.0052,0.9976,1.0047,603857.74870863
2026-03-15 15:00:00+00:00,1.0047,1.0055,0.9958,1.001,182092.71485316
2026-03-15 16:00:00+00:00,1.0008,1.0053,0.998,0.9993,300400.4260223999
2026-03-15 17:00:00+00:00,0.9992,1.0135,0.999,1.0095,416899.4546571401
2026-03-15 18:00:00+00:00,1.0097,1.0109,1.0002,1.0013,527888.4792964701
2026-03-15 19:00:00+00:00,1.0017,1.0075,1.0012,1.0062,376775.5165922401
2026-03-15 20:00:00+00:00,1.0063,1.0127,1.0016,1.0072,274830.5035693799
2026-03-15 21:00:00+00:00,1.0073,1.017,1.0028,1.0161,616694.8084206302
2026-03-15 22:00:00+00:00,1.0162,1.0338,1.0074,1.0298,1677799.31962849
2026-03-15 23:00:00+00:00,1.0297,1.0325,1.0138,1.0241,1368433.43847892
2026-03-16 00:00:00+00:00,1.0243,1.0304,1.0164,1.0214,776652.9427555699
2026-03-16 01:00:00+00:00,1.0217,1.0282,1.0147,1.024,395802.61148105
2026-03-16 02:00:00+00:00,1.0241,1.0257,1.015,1.0226,495611.18430604006
2026-03-16 03:00:00+00:00,1.0225,1.05,1.0198,1.0416,2029460.64868144
2026-03-16 04:00:00+00:00,1.0415,1.0561,1.0409,1.0528,1868710.08732961
2026-03-16 05:00:00+00:00,1.0526,1.0703,1.0508,1.0649,1857698.78411236
2026-03-16 06:00:00+00:00,1.0646,1.0658,1.0528,1.0605,832789.2414964697
2026-03-16 07:00:00+00:00,1.0604,1.072,1.0602,1.0679,905505.0253816998
2026-03-16 08:00:00+00:00,1.0676,1.0783,1.0464,1.05,2193729.62050764
2026-03-16 09:00:00+00:00,1.0501,1.0623,1.0501,1.0583,896104.6336859306
2026-03-16 10:00:00+00:00,1.0585,1.0614,1.0492,1.0592,579777.6367680499
2026-03-16 11:00:00+00:00,1.0595,1.0625,1.0462,1.0491,751025.1217293194
2026-03-16 12:00:00+00:00,1.0494,1.0533,1.0438,1.0477,1404307.9229897892
2026-03-16 13:00:00+00:00,1.0476,1.0697,1.0433,1.0523,1680721.5682845
2026-03-16 14:00:00+00:00,1.0524,1.0702,1.0345,1.0484,2751384.4286633213
2026-03-16 15:00:00+00:00,1.0485,1.0554,1.0441,1.0469,2029813.27901621
2026-03-16 16:00:00+00:00,1.0468,1.0603,1.0462,1.0573,654261.97905764
2026-03-16 17:00:00+00:00,1.0572,1.0601,1.0511,1.0552,1301681.0755599998
2026-03-16 18:00:00+00:00,1.0554,1.0657,1.0539,1.0558,1841363.51449669
2026-03-16 19:00:00+00:00,1.0558,1.0651,1.0535,1.0618,1731338.1694706692
2026-03-16 20:00:00+00:00,1.0617,1.0637,1.0569,1.0637,1083867.0599429898
2026-03-16 21:00:00+00:00,1.0635,1.0755,1.0604,1.0697,1469306.93273982
2026-03-16 22:00:00+00:00,1.0696,1.0852,1.0695,1.0789,2242477.945664751
2026-03-16 23:00:00+00:00,1.0787,1.0787,1.0621,1.0737,1288034.0717542998
2026-03-17 00:00:00+00:00,1.0734,1.0836,1.0532,1.0599,3463242.14598164
2026-03-17 01:00:00+00:00,1.06,1.0662,1.0489,1.0553,2015687.4452594705
2026-03-17 02:00:00+00:00,1.0557,1.0601,1.0457,1.0541,1088282.3926637697
2026-03-17 03:00:00+00:00,1.054,1.0542,1.0351,1.0403,1264500.50771835
2026-03-17 04:00:00+00:00,1.0402,1.0496,1.0247,1.0313,1908033.6829206792
2026-03-17 05:00:00+00:00,1.0309,1.0351,1.0237,1.0286,890668.3488200001
2026-03-17 06:00:00+00:00,1.0287,1.0332,1.0221,1.0275,673789.8648712499
2026-03-17 07:00:00+00:00,1.0278,1.0379,1.0274,1.0319,514051.92862
2026-03-17 08:00:00+00:00,1.032,1.035,1.0271,1.0285,545726.4903679102
2026-03-17 09:00:00+00:00,1.0286,1.0314,1.0227,1.0243,646149.9859069301
2026-03-17 10:00:00+00:00,1.024,1.0269,1.0179,1.0234,797189.0519219503
2026-03-17 11:00:00+00:00,1.0236,1.0291,1.0236,1.0259,423118.4732957098
2026-03-17 12:00:00+00:00,1.0255,1.0276,1.0102,1.0133,1025631.1372754908
2026-03-17 13:00:00+00:00,1.0132,1.0248,1.0121,1.0186,1070655.29972486
2026-03-17 14:00:00+00:00,1.0187,1.0268,1.0136,1.0265,763871.2785799998
2026-03-17 15:00:00+00:00,1.0265,1.0334,1.0147,1.0217,1412070.8073653209
2026-03-17 16:00:00+00:00,1.0218,1.0293,1.0208,1.0253,498505.6935079798
2026-03-17 17:00:00+00:00,1.0254,1.0322,1.0235,1.0312,609737.7485622899
2026-03-17 18:00:00+00:00,1.0308,1.0382,1.0293,1.0369,443484.01576628
2026-03-17 19:00:00+00:00,1.0364,1.0393,1.0286,1.0298,775959.04352242
2026-03-17 20:00:00+00:00,1.0298,1.0359,1.0277,1.0342,358885.1448814801
2026-03-17 21:00:00+00:00,1.0343,1.0415,1.0335,1.0389,493211.23065
2026-03-17 22:00:00+00:00,1.039,1.0443,1.0312,1.0375,865095.71464898
2026-03-17 23:00:00+00:00,1.0376,1.0378,1.028,1.0295,406266.8209617601
2026-03-18 00:00:00+00:00,1.0294,1.0342,1.0205,1.0259,760732.6501445
2026-03-18 01:00:00+00:00,1.0261,1.0347,1.0257,1.0315,264895.30743999995
2026-03-18 02:00:00+00:00,1.0314,1.0415,1.0307,1.0367,351654.05345824
2026-03-18 03:00:00+00:00,1.0367,1.0493,1.0367,1.0464,931580.5935829808
2026-03-18 04:00:00+00:00,1.0465,1.0465,1.0338,1.0381,608799.3405781613
2026-03-18 05:00:00+00:00,1.0382,1.0496,1.0326,1.0345,344169.7622826001
2026-03-18 06:00:00+00:00,1.0347,1.0431,1.0334,1.0335,395875.0425138099
2026-03-18 07:00:00+00:00,1.0335,1.0335,1.0228,1.0284,264680.88673345995
2026-03-18 08:00:00+00:00,1.0285,1.0333,1.0257,1.0266,295820.39043628
2026-03-18 09:00:00+00:00,1.0269,1.0325,1.0257,1.0319,96792.0195
2026-03-18 10:00:00+00:00,1.0319,1.0321,1.02,1.0258,312889.68028799986
2026-03-18 11:00:00+00:00,1.0258,1.0287,0.9953,1.0032,1925029.9169987408
2026-03-18 12:00:00+00:00,1.0031,1.0055,0.98775,0.991,2444197.98894369
2026-03-18 13:00:00+00:00,0.9911,0.9987,0.983,0.9925,1510288.9598947808
2026-03-18 14:00:00+00:00,0.9929,0.9936,0.9727,0.9752,2184534.3521890007
2026-03-18 15:00:00+00:00,0.975,0.9831,0.9691,0.9785,1080919.3431233496
2026-03-18 16:00:00+00:00,0.9784,0.9792,0.972,0.9756,612254.2259171198
2026-03-18 17:00:00+00:00,0.9755,0.9856,0.9728,0.9795,724499.4965134001
2026-03-18 18:00:00+00:00,0.9797,0.9899,0.9728,0.9758,2363491.1196126207
2026-03-18 19:00:00+00:00,0.9759,0.983,0.9756,0.978,922009.8315526004
2026-03-18 20:00:00+00:00,0.9782,0.9823,0.9668,0.9806,935608.3640703296
2026-03-18 21:00:00+00:00,0.98038,0.9901,0.9799,0.9881,492734.9683425
2026-03-18 22:00:00+00:00,0.9881,0.9881,0.9832,0.9859,375279.1848338898
2026-03-18 23:00:00+00:00,0.986,0.9887,0.9838,0.9883,177869.40828
2026-03-19 00:00:00+00:00,0.9882,0.9893,0.9818,0.9824,531899.82802
2026-03-19 01:00:00+00:00,0.9825,0.9853,0.9789,0.9797,401305.16665999993
2026-03-19 02:00:00+00:00,0.9795,0.983,0.976,0.9801,255338.84113
2026-03-19 03:00:00+00:00,0.9801,0.9951,0.9793,0.9883,547981.59798
2026-03-19 04:00:00+00:00,0.9881,0.9885,0.9808,0.9818,209226.54481999995
2026-03-19 05:00:00+00:00,0.9814,0.9829,0.9737,0.9776,525002.08321
2026-03-19 06:00:00+00:00,0.9778,0.9784,0.9705,0.972,567934.0750399999
2026-03-19 07:00:00+00:00,0.972,0.9727,0.953,0.9631,1786111.924240002
2026-03-19 08:00:00+00:00,0.9631,0.9648,0.9563,0.9596,506443.9377199999
2026-03-19 09:00:00+00:00,0.9597,0.9682,0.954,0.967,715638.7017300001
2026-03-19 10:00:00+00:00,0.9666,0.9678,0.9621,0.9636,209235.43163
2026-03-19 11:00:00+00:00,0.9635,0.9649,0.9601,0.9608,250574.29191000003
2026-03-19 12:00:00+00:00,0.9605,0.9605,0.9459,0.9469,1068899.4448300002
2026-03-19 13:00:00+00:00,0.9471,0.9575,0.9417,0.9544,1235969.72114
2026-03-19 14:00:00+00:00,0.9545,0.9582,0.9467,0.9525,837544.42384
2026-03-19 15:00:00+00:00,0.9524,0.9568,0.9383,0.9487,1365940.6526100002
2026-03-19 16:00:00+00:00,0.9485,0.95,0.9406,0.9429,712241.67585
2026-03-19 17:00:00+00:00,0.9429,0.9517,0.9378,0.9509,764315.17652
2026-03-19 18:00:00+00:00,0.9506,0.9521,0.9462,0.95,477529.97617999977
2026-03-19 19:00:00+00:00,0.9501,0.9638,0.9499,0.9555,979027.4459399997
2026-03-19 20:00:00+00:00,0.9555,0.96,0.9548,0.9577,363317.14491
2026-03-19 21:00:00+00:00,0.9578,0.9638,0.9574,0.9606,381281.8402999999
2026-03-19 22:00:00+00:00,0.9606,0.9615,0.9551,0.9589,611020.3887599999
2026-03-19 23:00:00+00:00,0.959,0.9623,0.9548,0.9586,845625.69348
2026-03-20 00:00:00+00:00,0.9586,0.9633,0.9586,0.962,384172.6679100001
2026-03-20 01:00:00+00:00,0.9621,0.9674,0.96,0.9644,314623.5236399999
2026-03-20 02:00:00+00:00,0.9646,0.9666,0.9594,0.9643,355284.3778
2026-03-20 03:00:00+00:00,0.9645,0.97,0.9635,0.9663,366589.11458000005
2026-03-20 04:00:00+00:00,0.9664,0.9727,0.9639,0.9721,441565.25862
2026-03-20 05:00:00+00:00,0.9717,0.981,0.9709,0.9768,856164.31492
2026-03-20 06:00:00+00:00,0.9769,0.977,0.9697,0.9715,330161.8606
2026-03-20 07:00:00+00:00,0.9713,0.9767,0.9615,0.9756,1277310.8105100037
2026-03-20 08:00:00+00:00,0.9761,0.9856,0.9714,0.974,680144.3940900002
2026-03-20 09:00:00+00:00,0.9738,0.9738,0.9658,0.9703,214954.31492
2026-03-20 10:00:00+00:00,0.9703,0.9754,0.9671,0.9733,230241.49174
2026-03-20 11:00:00+00:00,0.9728,0.9783,0.9685,0.9711,360069.8426
2026-03-20 12:00:00+00:00,0.9712,0.9746,0.9643,0.9656,301666.27165000007
2026-03-20 13:00:00+00:00,0.9656,0.9732,0.9616,0.963,972606.81526
2026-03-20 14:00:00+00:00,0.9628,0.9702,0.9579,0.9611,937163.2978999998
2026-03-20 15:00:00+00:00,0.9611,0.9632,0.954,0.9606,804749.36326
2026-03-20 16:00:00+00:00,0.9608,0.9651,0.9587,0.9631,198012.30793
2026-03-20 17:00:00+00:00,0.9629,0.9644,0.9554,0.9628,358721.67529000004
2026-03-20 18:00:00+00:00,0.9629,0.9636,0.951,0.9559,617736.5442
2026-03-20 19:00:00+00:00,0.956,0.9589,0.9487,0.9584,483629.5274800001
2026-03-20 20:00:00+00:00,0.9582,0.9596,0.9518,0.9582,590414.5822000003
2026-03-20 21:00:00+00:00,0.9583,0.9686,0.9548,0.9661,558939.64432
2026-03-20 22:00:00+00:00,0.9661,0.9717,0.9661,0.9681,426153.1688799999
2026-03-20 23:00:00+00:00,0.9683,0.9687,0.9619,0.9686,257234.84165999995
2026-03-21 00:00:00+00:00,0.9682,0.9714,0.9666,0.9688,154371.18232999995
2026-03-21 01:00:00+00:00,0.9687,0.9716,0.9639,0.9645,259521.69541
2026-03-21 02:00:00+00:00,0.9644,0.9699,0.9635,0.9685,267266.42012
2026-03-21 03:00:00+00:00,0.9686,0.9687,0.9663,0.9667,58841.585580000006
2026-03-21 04:00:00+00:00,0.9668,0.9696,0.9643,0.9652,109982.28152999998
2026-03-21 05:00:00+00:00,0.9652,0.9719,0.9652,0.9681,194037.57658
2026-03-21 06:00:00+00:00,0.9682,0.9701,0.967,0.9673,324359.79750000004
2026-03-21 07:00:00+00:00,0.9673,0.9683,0.962,0.9634,173410.32565999997
2026-03-21 08:00:00+00:00,0.9634,0.9653,0.9627,0.9648,317388.0970000001
2026-03-21 09:00:00+00:00,0.9648,0.9682,0.9627,0.9643,59781.743900000016
2026-03-21 10:00:00+00:00,0.9642,0.9644,0.9602,0.9622,113816.01256999996
2026-03-21 11:00:00+00:00,0.962,0.9628,0.9603,0.9608,62206.86054
2026-03-21 12:00:00+00:00,0.9609,0.9624,0.9598,0.961,110965.84111999998
2026-03-21 13:00:00+00:00,0.9615,0.9621,0.9589,0.9606,369429.83651
2026-03-21 14:00:00+00:00,0.9606,0.9682,0.9603,0.9603,317738.98367000005
2026-03-21 15:00:00+00:00,0.9603,0.9666,0.9601,0.9666,154546.71984999996
2026-03-21 16:00:00+00:00,0.9663,0.9664,0.9598,0.9604,225485.8138000001
2026-03-21 17:00:00+00:00,0.9607,0.9617,0.958,0.9599,129321.82868000002
2026-03-21 18:00:00+00:00,0.9599,0.9633,0.9598,0.9614,87957.28953
2026-03-21 19:00:00+00:00,0.9614,0.9623,0.96,0.962,47756.96504000001
2026-03-21 20:00:00+00:00,0.9619,0.964,0.96,0.9633,124591.11348
2026-03-21 21:00:00+00:00,0.9635,0.9642,0.9625,0.9628,338261.5963399999
2026-03-21 22:00:00+00:00,0.963,0.963,0.9597,0.9605,139423.94247000004
2026-03-21 23:00:00+00:00,0.9604,0.9604,0.925,0.9314,1871962.1693600025
2026-03-22 00:00:00+00:00,0.9327,0.9373,0.9161,0.9322,1290577.3358300005
2026-03-22 01:00:00+00:00,0.9323,0.9368,0.9285,0.9342,535375.4018100002
2026-03-22 02:00:00+00:00,0.9343,0.9412,0.9312,0.9378,793562.3057200001
2026-03-22 03:00:00+00:00,0.9377,0.9463,0.9344,0.9389,377119.29628000007
2026-03-22 04:00:00+00:00,0.9387,0.9446,0.9375,0.9423,494857.54595
2026-03-22 05:00:00+00:00,0.9425,0.9425,0.9367,0.9375,245001.37873
2026-03-22 06:00:00+00:00,0.9373,0.9373,0.9331,0.9361,346869.2446500001
2026-03-22 07:00:00+00:00,0.9359,0.939,0.9283,0.9295,308937.6776
2026-03-22 08:00:00+00:00,0.9292,0.9296,0.92,0.9268,646086.3013400002
2026-03-22 09:00:00+00:00,0.9267,0.9299,0.922,0.9266,1521270.473560001
2026-03-22 10:00:00+00:00,0.9265,0.9265,0.9205,0.9213,153690.05056
2026-03-22 11:00:00+00:00,0.9212,0.923,0.9179,0.919,438861.7858
2026-03-22 12:00:00+00:00,0.919,0.9284,0.9186,0.9242,676269.4757000001
2026-03-22 13:00:00+00:00,0.9242,0.9292,0.9215,0.9239,529964.6245599998
2026-03-22 14:00:00+00:00,0.9237,0.9262,0.9198,0.9219,1128519.2857900003
2026-03-22 15:00:00+00:00,0.9219,0.926,0.9215,0.9259,513522.3367700001
2026-03-22 16:00:00+00:00,0.9257,0.926,0.9224,0.9237,166631.23703000008
2026-03-22 17:00:00+00:00,0.9236,0.9238,0.9187,0.9209,683288.01117
2026-03-22 18:00:00+00:00,0.9208,0.9215,0.9103,0.9153,860106.7129599997
2026-03-22 19:00:00+00:00,0.9152,0.9152,0.9073,0.9108,1236752.07215
2026-03-22 20:00:00+00:00,0.9108,0.9149,0.9051,0.9057,542947.3079100001
2026-03-22 21:00:00+00:00,0.9055,0.9064,0.8927,0.9012,1803807.8555400083
2026-03-22 22:00:00+00:00,0.9013,0.9116,0.8955,0.9112,757459.1888699996
2026-03-22 23:00:00+00:00,0.9112,0.914,0.9034,0.9047,821128.0616100001
2026-03-23 00:00:00+00:00,0.9051,0.9087,0.8992,0.9056,960313.23589
2026-03-23 01:00:00+00:00,0.9055,0.9122,0.9036,0.9083,466443.41016
2026-03-23 02:00:00+00:00,0.9088,0.9168,0.9063,0.913,542051.3156000001
2026-03-23 03:00:00+00:00,0.913,0.9186,0.9089,0.9089,334772.08523000014
2026-03-23 04:00:00+00:00,0.9092,0.9158,0.9078,0.9151,219389.43470000004
2026-03-23 05:00:00+00:00,0.915,0.9177,0.9117,0.9151,361031.00984
2026-03-23 06:00:00+00:00,0.9149,0.9149,0.8969,0.9012,1711885.385950003
2026-03-23 07:00:00+00:00,0.9011,0.9018,0.8906,0.8993,816866.5566200004
2026-03-23 08:00:00+00:00,0.8994,0.9036,0.8938,0.8961,479730.09535
2026-03-23 09:00:00+00:00,0.8958,0.9015,0.8916,0.9007,282504.082
2026-03-23 10:00:00+00:00,0.9008,0.9068,0.899,0.9023,430111.4872299999
2026-03-23 11:00:00+00:00,0.9025,0.966,0.9019,0.9406,6485440.771970054
2026-03-23 12:00:00+00:00,0.9408,0.9516,0.9328,0.9507,2374670.7817500005
2026-03-23 13:00:00+00:00,0.9506,0.9592,0.9415,0.958,1986320.81456
2026-03-23 14:00:00+00:00,0.9581,0.9655,0.9544,0.964,1438795.2078300002
2026-03-23 15:00:00+00:00,0.9638,0.9711,0.951,0.952,2472539.839890002
2026-03-23 16:00:00+00:00,0.952,0.9564,0.9436,0.9547,1408274.5352299998
2026-03-23 17:00:00+00:00,0.9547,0.9653,0.9507,0.9606,961277.7522300028
2026-03-23 18:00:00+00:00,0.9609,0.9631,0.9555,0.9626,699503.6055799999
2026-03-23 19:00:00+00:00,0.9626,0.9662,0.9547,0.9555,1156826.0342199998
2026-03-23 20:00:00+00:00,0.9556,0.9634,0.9515,0.9587,870190.7590200001
2026-03-23 21:00:00+00:00,0.9587,0.9598,0.9549,0.9554,399219.60628000007
2026-03-23 22:00:00+00:00,0.9554,0.9562,0.9499,0.9515,367898.68226999993
2026-03-23 23:00:00+00:00,0.9514,0.9548,0.9461,0.9531,362650.56803
2026-03-24 00:00:00+00:00,0.9529,0.9557,0.9413,0.9447,635200.3704100001
2026-03-24 01:00:00+00:00,0.9446,0.9469,0.9374,0.9408,774696.24927
2026-03-24 02:00:00+00:00,0.9406,0.9465,0.9391,0.9405,572369.13526
2026-03-24 03:00:00+00:00,0.9407,0.9427,0.9372,0.9414,1889008.67905
2026-03-24 04:00:00+00:00,0.9413,0.9443,0.9379,0.9408,375481.5886300001
2026-03-24 05:00:00+00:00,0.9407,0.942,0.9357,0.9389,284904.6861499999
2026-03-24 06:00:00+00:00,0.9389,0.9458,0.9384,0.9453,352636.60326
2026-03-24 07:00:00+00:00,0.9453,0.9593,0.9445,0.9572,1432820.2790700032
2026-03-24 08:00:00+00:00,0.9578,0.9616,0.9528,0.9577,514209.4235400001
2026-03-24 09:00:00+00:00,0.9576,0.9578,0.9507,0.9566,477565.04938
2026-03-24 10:00:00+00:00,0.9565,0.957,0.9517,0.9544,709772.2152399999
2026-03-24 11:00:00+00:00,0.9544,0.956,0.9482,0.9539,568191.7446300003
2026-03-24 12:00:00+00:00,0.9541,0.9541,0.946,0.9479,376706.8040699999
2026-03-24 13:00:00+00:00,0.9476,0.951,0.9378,0.9396,1622262.78833
2026-03-24 14:00:00+00:00,0.9397,0.945,0.9302,0.94,1604095.3440500018
2026-03-24 15:00:00+00:00,0.9401,0.9462,0.9394,0.9408,941240.00265
2026-03-24 16:00:00+00:00,0.9405,0.9442,0.9358,0.9371,413316.1134399998
2026-03-24 17:00:00+00:00,0.9372,0.9375,0.9282,0.9302,1991130.7650399995
2026-03-24 18:00:00+00:00,0.9305,0.9386,0.9295,0.9341,483596.9627800002
2026-03-24 19:00:00+00:00,0.9346,0.9364,0.931,0.931,373519.33253
2026-03-24 20:00:00+00:00,0.931,0.9518,0.9308,0.9472,1034537.98932
2026-03-24 21:00:00+00:00,0.9475,0.9486,0.9428,0.9485,543713.3111400001
2026-03-24 22:00:00+00:00,0.9487,0.9557,0.9468,0.9497,1065422.515210003
2026-03-24 23:00:00+00:00,0.9496,0.955,0.949,0.9525,446873.63208
2026-03-25 00:00:00+00:00,0.9524,0.9588,0.9486,0.954,629621.2732500002
2026-03-25 01:00:00+00:00,0.9539,0.9566,0.9514,0.9514,354982.67309000005
2026-03-25 02:00:00+00:00,0.9516,0.9523,0.949,0.9493,451491.35731
2026-03-25 03:00:00+00:00,0.9494,0.9545,0.9427,0.9529,776166.9333099998
2026-03-25 04:00:00+00:00,0.9528,0.957,0.9512,0.9568,289584.90732999984
2026-03-25 05:00:00+00:00,0.9568,0.9612,0.9519,0.9541,853100.5973400024
2026-03-25 06:00:00+00:00,0.9542,0.9613,0.9523,0.9574,232749.38665
2026-03-25 07:00:00+00:00,0.9577,0.9653,0.957,0.9593,255908.91715999995
2026-03-25 08:00:00+00:00,0.9594,0.9685,0.9594,0.9621,601113.57448
2026-03-25 09:00:00+00:00,0.962,0.9642,0.9583,0.9628,536524.2346399998
2026-03-25 10:00:00+00:00,0.9629,0.9653,0.9607,0.9636,225241.57643000004
2026-03-25 11:00:00+00:00,0.9635,0.9755,0.9629,0.9673,1302768.61555
2026-03-25 12:00:00+00:00,0.9674,0.9712,0.959,0.9657,1402713.9675799997
2026-03-25 13:00:00+00:00,0.9666,0.9742,0.9646,0.9691,688991.8241099998
2026-03-25 14:00:00+00:00,0.9692,0.9703,0.962,0.9627,783587.6541900003
2026-03-25 15:00:00+00:00,0.9629,0.9646,0.9505,0.9554,1339961.434379999
2026-03-25 16:00:00+00:00,0.9557,0.967,0.9526,0.9617,931985.5117900004
2026-03-25 17:00:00+00:00,0.9616,0.9634,0.9574,0.959,836356.5575400002
2026-03-25 18:00:00+00:00,0.9592,0.9667,0.9592,0.9617,1081000.3093000003
2026-03-25 19:00:00+00:00,0.9614,0.968,0.9605,0.9666,1207520.0232000002
2026-03-25 20:00:00+00:00,0.9668,0.967,0.9584,0.9647,1400016.2446700009
2026-03-25 21:00:00+00:00,0.965,0.9676,0.9613,0.9662,793084.2577199999
2026-03-25 22:00:00+00:00,0.9663,0.9749,0.964,0.9715,1380461.3635800004
2026-03-25 23:00:00+00:00,0.9716,0.9721,0.966,0.9685,747119.364
2026-03-26 00:00:00+00:00,0.9683,0.9702,0.965,0.9664,203489.59835000004
2026-03-26 01:00:00+00:00,0.9665,0.9694,0.9625,0.9625,490704.62256000016
2026-03-26 02:00:00+00:00,0.9624,0.9626,0.9523,0.9564,537740.4616700001
2026-03-26 03:00:00+00:00,0.9562,0.9568,0.949,0.953,344598.87473
2026-03-26 04:00:00+00:00,0.9532,0.9532,0.9495,0.9509,263207.91834
2026-03-26 05:00:00+00:00,0.9505,0.9508,0.9388,0.9404,917912.43736
2026-03-26 06:00:00+00:00,0.9401,0.9421,0.9371,0.9395,283921.33644000004
2026-03-26 07:00:00+00:00,0.939,0.9412,0.9362,0.9397,258239.4373499999
2026-03-26 08:00:00+00:00,0.9398,0.9417,0.935,0.9381,754528.4061399999
2026-03-26 09:00:00+00:00,0.9377,0.9399,0.9245,0.9288,1320888.2676800024
2026-03-26 10:00:00+00:00,0.9286,0.9287,0.9229,0.9252,484471.3672999999
2026-03-26 11:00:00+00:00,0.9251,0.9277,0.9214,0.9246,532203.5308100001
2026-03-26 12:00:00+00:00,0.9247,0.9286,0.9229,0.9259,473026.1573300001
2026-03-26 13:00:00+00:00,0.9259,0.9361,0.9259,0.9306,1009764.8059099996
2026-03-26 14:00:00+00:00,0.9307,0.9326,0.9219,0.9245,628794.1902300002
2026-03-26 15:00:00+00:00,0.9246,0.9246,0.9096,0.9143,1527779.894580001
2026-03-26 16:00:00+00:00,0.914,0.9166,0.912,0.9126,354561.36671000003
2026-03-26 17:00:00+00:00,0.9125,0.9185,0.91,0.9129,1045570.613800004
2026-03-26 18:00:00+00:00,0.913,0.9158,0.9088,0.9143,802553.1526199998
2026-03-26 19:00:00+00:00,0.9144,0.9172,0.9126,0.9146,495392.6012100001
2026-03-26 20:00:00+00:00,0.9146,0.9317,0.9127,0.9251,1893993.086510004
2026-03-26 21:00:00+00:00,0.9248,0.9331,0.9232,0.9281,705137.0296200002
2026-03-26 22:00:00+00:00,0.9283,0.9288,0.923,0.9257,769759.0177500001
2026-03-26 23:00:00+00:00,0.9258,0.9279,0.924,0.9256,349303.68868999986
2026-03-27 00:00:00+00:00,0.9251,0.9286,0.9215,0.9256,499287.7830400002
2026-03-27 01:00:00+00:00,0.9256,0.9289,0.9227,0.9283,245741.63974000007
2026-03-27 02:00:00+00:00,0.9283,0.9329,0.9278,0.9286,355624.6635
2026-03-27 03:00:00+00:00,0.9285,0.9294,0.9239,0.9262,270694.3501200001
2026-03-27 04:00:00+00:00,0.9261,0.9271,0.9194,0.9256,539502.3689499998
2026-03-27 05:00:00+00:00,0.9257,0.9299,0.9236,0.9236,338927.47234999994
2026-03-27 06:00:00+00:00,0.9238,0.9239,0.9183,0.9205,354339.67925000004
2026-03-27 07:00:00+00:00,0.9206,0.9242,0.919,0.9216,158341.26390999998
2026-03-27 08:00:00+00:00,0.9217,0.924,0.9111,0.9169,589914.6263600001
2026-03-27 09:00:00+00:00,0.9167,0.9167,0.9067,0.9095,623053.2053600001
2026-03-27 10:00:00+00:00,0.9094,0.9113,0.8864,0.8895,2512618.405820005
2026-03-27 11:00:00+00:00,0.8896,0.8966,0.8859,0.8946,1350866.7307300004
2026-03-27 12:00:00+00:00,0.8944,0.8944,0.8874,0.8907,669396.7294500001
2026-03-27 13:00:00+00:00,0.8907,0.8944,0.8833,0.8865,1081163.82111
2026-03-27 14:00:00+00:00,0.8864,0.8929,0.8838,0.8915,1362498.7191300003
2026-03-27 15:00:00+00:00,0.8915,0.9006,0.8889,0.8901,1258788.70883
2026-03-27 16:00:00+00:00,0.8902,0.8929,0.886,0.8896,962923.65525
2026-03-27 17:00:00+00:00,0.8897,0.8955,0.8844,0.8849,1025269.5681299998
2026-03-27 18:00:00+00:00,0.8849,0.8864,0.8747,0.8747,1585326.91316
2026-03-27 19:00:00+00:00,0.8747,0.8789,0.8711,0.873,1426785.6277599996
2026-03-27 20:00:00+00:00,0.8729,0.8771,0.8691,0.8761,715752.3351399999
2026-03-27 21:00:00+00:00,0.8762,0.8797,0.8758,0.8776,691590.0470400001
2026-03-27 22:00:00+00:00,0.8774,0.8797,0.8749,0.8795,401830.82967
2026-03-27 23:00:00+00:00,0.8793,0.8801,0.8765,0.8797,214140.51263
2026-03-28 00:00:00+00:00,0.8801,0.8823,0.8786,0.8792,236955.07241000008
2026-03-28 01:00:00+00:00,0.879,0.879,0.87,0.8759,282056.69180000003
2026-03-28 02:00:00+00:00,0.8759,0.8791,0.8731,0.8748,223542.0103
2026-03-28 03:00:00+00:00,0.875,0.8771,0.8739,0.8757,220847.25204
2026-03-28 04:00:00+00:00,0.876,0.8774,0.8739,0.8764,167831.44164000003
2026-03-28 05:00:00+00:00,0.8765,0.8772,0.8735,0.8754,234257.60387999995
2026-03-28 06:00:00+00:00,0.8753,0.879,0.8735,0.8772,208199.70494000005
2026-03-28 07:00:00+00:00,0.8775,0.8839,0.8772,0.8838,394134.27717
2026-03-28 08:00:00+00:00,0.8839,0.888,0.883,0.8837,234198.64665
2026-03-28 09:00:00+00:00,0.8839,0.8841,0.8801,0.882,220450.31149
2026-03-28 10:00:00+00:00,0.8819,0.889,0.8811,0.8823,470949.3421099997
2026-03-28 11:00:00+00:00,0.8824,0.8845,0.8818,0.8832,147881.54202999998
2026-03-28 12:00:00+00:00,0.8832,0.8873,0.88,0.884,596458.1545600006
2026-03-28 13:00:00+00:00,0.884,0.8986,0.8818,0.8929,1207699.9444300046
2026-03-28 14:00:00+00:00,0.8928,0.8931,0.8823,0.8839,1403602.9055600006
2026-03-28 15:00:00+00:00,0.8839,0.8933,0.8826,0.8853,997347.3823699998
2026-03-28 16:00:00+00:00,0.8855,0.8881,0.8847,0.8876,315618.99738
2026-03-28 17:00:00+00:00,0.888,0.8895,0.8825,0.8847,367555.4416800001
2026-03-28 18:00:00+00:00,0.8845,0.8862,0.8832,0.8849,293578.73695000005
2026-03-28 19:00:00+00:00,0.8848,0.8848,0.881,0.8834,141702.0413
2026-03-28 20:00:00+00:00,0.8835,0.8871,0.8829,0.8844,259977.84767999995
2026-03-28 21:00:00+00:00,0.8844,0.8846,0.8761,0.8768,322338.0265799999
2026-03-28 22:00:00+00:00,0.877,0.88,0.8751,0.8772,315918.3147600001
2026-03-28 23:00:00+00:00,0.8773,0.8773,0.8348,0.8585,4262114.866100018
2026-03-29 00:00:00+00:00,0.8587,0.8616,0.8529,0.8599,1191375.4020700003
2026-03-29 01:00:00+00:00,0.86,0.865,0.8599,0.8636,673222.5508999999
2026-03-29 02:00:00+00:00,0.8636,0.8671,0.8619,0.8653,193458.75215
2026-03-29 03:00:00+00:00,0.8654,0.8717,0.8645,0.8697,813976.0233500005
2026-03-29 04:00:00+00:00,0.8697,0.8703,0.8675,0.8689,140157.88533
2026-03-29 05:00:00+00:00,0.8686,0.8686,0.865,0.8661,221300.46762000013
2026-03-29 06:00:00+00:00,0.866,0.8689,0.8658,0.8669,214850.33284
2026-03-29 07:00:00+00:00,0.8667,0.8668,0.863,0.864,302765.22546
2026-03-29 08:00:00+00:00,0.864,0.8652,0.8612,0.8636,464435.0938000001
2026-03-29 09:00:00+00:00,0.8634,0.8639,0.8588,0.8601,410141.41654
2026-03-29 10:00:00+00:00,0.86,0.86,0.8551,0.859,301865.53072000004
2026-03-29 11:00:00+00:00,0.859,0.864,0.8583,0.8604,302335.5236500001
2026-03-29 12:00:00+00:00,0.8602,0.8602,0.8542,0.8564,297311.25263999985
2026-03-29 13:00:00+00:00,0.8563,0.8565,0.8398,0.8477,1049122.70392
2026-03-29 14:00:00+00:00,0.8479,0.8538,0.8446,0.8452,608472.0940400001
2026-03-29 15:00:00+00:00,0.8455,0.8492,0.844,0.8452,660721.2094500001
2026-03-29 16:00:00+00:00,0.845,0.8495,0.842,0.8459,339500.68096999987
2026-03-29 17:00:00+00:00,0.8459,0.8487,0.8419,0.8455,337561.76182
2026-03-29 18:00:00+00:00,0.8455,0.8478,0.8426,0.844,262038.33607
2026-03-29 19:00:00+00:00,0.8439,0.844,0.8372,0.8384,891121.5363299999
2026-03-29 20:00:00+00:00,0.8382,0.8473,0.8379,0.843,441069.49607
2026-03-29 21:00:00+00:00,0.843,0.8475,0.841,0.8468,299473.12039
2026-03-29 22:00:00+00:00,0.8466,0.8466,0.8176,0.8406,1959153.9344700072
2026-03-29 23:00:00+00:00,0.8407,0.8473,0.8398,0.8461,802749.7445600003
2026-03-30 00:00:00+00:00,0.8462,0.8629,0.8454,0.8546,1530184.96773
2026-03-30 01:00:00+00:00,0.8547,0.8631,0.8547,0.8627,477712.1266299999
2026-03-30 02:00:00+00:00,0.8628,0.8764,0.8616,0.8696,856244.9199399999
2026-03-30 03:00:00+00:00,0.8693,0.8717,0.8646,0.8695,509441.5492100001
2026-03-30 04:00:00+00:00,0.8695,0.8726,0.8686,0.8701,369387.2186300001
2026-03-30 05:00:00+00:00,0.8703,0.8741,0.8689,0.8712,393987.55524
2026-03-30 06:00:00+00:00,0.871,0.8754,0.8706,0.8721,345516.89368000004
2026-03-30 07:00:00+00:00,0.8722,0.8843,0.8713,0.8817,506887.8236
2026-03-30 08:00:00+00:00,0.8818,0.885,0.8785,0.882,469415.69903
2026-03-30 09:00:00+00:00,0.8823,0.8825,0.8758,0.8765,192475.74743
2026-03-30 10:00:00+00:00,0.8766,0.8812,0.8753,0.8805,192245.81903
2026-03-30 11:00:00+00:00,0.8806,0.8927,0.8806,0.8848,937835.369100002
2026-03-30 12:00:00+00:00,0.8849,0.8899,0.8838,0.8878,326489.4029699999
2026-03-30 13:00:00+00:00,0.8879,0.8897,0.8828,0.8839,616345.1387000001
2026-03-30 14:00:00+00:00,0.884,0.8861,0.8754,0.8842,989362.3055199996
2026-03-30 15:00:00+00:00,0.8843,0.8862,0.8769,0.881,623039.59599
2026-03-30 16:00:00+00:00,0.881,0.8829,0.8756,0.8784,257785.32615
2026-03-30 17:00:00+00:00,0.8785,0.8792,0.8664,0.8696,420755.70367
2026-03-30 18:00:00+00:00,0.8695,0.8705,0.8595,0.8619,587142.22899
2026-03-30 19:00:00+00:00,0.8619,0.8622,0.8555,0.8607,493486.7324499999
2026-03-30 20:00:00+00:00,0.8604,0.8634,0.8599,0.8616,156183.83014000003
2026-03-30 21:00:00+00:00,0.8615,0.8714,0.8606,0.8673,379156.3656600001
2026-03-30 22:00:00+00:00,0.8672,0.8698,0.8643,0.8661,341827.0365299999
2026-03-30 23:00:00+00:00,0.866,0.866,0.8587,0.8623,586786.9060400001
2026-03-31 00:00:00+00:00,0.863,0.8701,0.8603,0.8676,649438.76793
2026-03-31 01:00:00+00:00,0.8677,0.8867,0.8662,0.8794,991790.7112799998
2026-03-31 02:00:00+00:00,0.8793,0.883,0.8769,0.8784,302838.9508199999
2026-03-31 03:00:00+00:00,0.8783,0.8789,0.8725,0.8738,244474.99060000005
2026-03-31 04:00:00+00:00,0.874,0.8769,0.8687,0.8697,213679.55351
2026-03-31 05:00:00+00:00,0.8695,0.8747,0.8663,0.8738,165175.57998000004
2026-03-31 06:00:00+00:00,0.874,0.8745,0.8701,0.8733,198610.21817
2026-03-31 07:00:00+00:00,0.8734,0.875,0.867,0.8712,300917.5453100001
2026-03-31 08:00:00+00:00,0.8713,0.8724,0.8612,0.863,213212.06793
2026-03-31 09:00:00+00:00,0.8629,0.8642,0.8522,0.8547,560911.68851
2026-03-31 10:00:00+00:00,0.8548,0.8595,0.8541,0.856,765122.30907
2026-03-31 11:00:00+00:00,0.8559,0.8606,0.8525,0.8578,1105474.2700600005
2026-03-31 12:00:00+00:00,0.858,0.8621,0.8565,0.8583,324909.25994
2026-03-31 13:00:00+00:00,0.8586,0.8734,0.8581,0.8702,649455.8983
2026-03-31 14:00:00+00:00,0.8701,0.8772,0.8564,0.8592,1126811.7336099998
2026-03-31 15:00:00+00:00,0.8595,0.8693,0.8575,0.8577,1120165.3087200003
2026-03-31 16:00:00+00:00,0.8576,0.8767,0.8566,0.8743,1429606.45485
2026-03-31 17:00:00+00:00,0.8744,0.8882,0.872,0.8741,1490870.1731299998
2026-03-31 18:00:00+00:00,0.8739,0.8798,0.8734,0.8766,456947.81503
2026-03-31 19:00:00+00:00,0.8768,0.8791,0.8708,0.8769,485854.27927000006
2026-03-31 20:00:00+00:00,0.8768,0.881,0.8765,0.8802,394969.63818
2026-03-31 21:00:00+00:00,0.8801,0.8806,0.8735,0.8756,267855.29364
2026-03-31 22:00:00+00:00,0.8758,0.8764,0.8693,0.873,459897.08951
2026-03-31 23:00:00+00:00,0.8732,0.879,0.8714,0.8781,287880.97212999995
2026-04-01 00:00:00+00:00,0.8776,0.8825,0.8747,0.8819,311594.97357
2026-04-01 01:00:00+00:00,0.8817,0.8832,0.8743,0.8744,347470.12285
2026-04-01 02:00:00+00:00,0.8748,0.8767,0.871,0.873,363632.0617300002
2026-04-01 03:00:00+00:00,0.8732,0.8825,0.8732,0.881,414945.77702
2026-04-01 04:00:00+00:00,0.8808,0.883,0.8788,0.8812,312124.80762999994
2026-04-01 05:00:00+00:00,0.8813,0.8916,0.8777,0.891,604395.7451399999
2026-04-01 06:00:00+00:00,0.8909,0.903,0.8901,0.9009,1738296.114180002
2026-04-01 07:00:00+00:00,0.9013,0.9052,0.8967,0.8977,337816.4533400002
2026-04-01 08:00:00+00:00,0.8978,0.9028,0.8942,0.8972,639128.8984399997
2026-04-01 09:00:00+00:00,0.8976,0.9017,0.8906,0.8911,994222.01408
2026-04-01 10:00:00+00:00,0.891,0.8918,0.8867,0.8899,540613.1092099998
2026-04-01 11:00:00+00:00,0.8897,0.8936,0.8892,0.8913,593933.3118999999
2026-04-01 12:00:00+00:00,0.8911,0.9,0.8864,0.8945,1488990.8472400054
2026-04-01 13:00:00+00:00,0.8945,0.8986,0.8837,0.8902,1455355.69637
2026-04-01 14:00:00+00:00,0.8899,0.9,0.8895,0.8989,732870.0560000001
2026-04-01 15:00:00+00:00,0.899,0.9015,0.8952,0.901,492760.76055
2026-04-01 16:00:00+00:00,0.9012,0.9084,0.8953,0.9055,837635.5536299997
2026-04-01 17:00:00+00:00,0.9052,0.9145,0.8984,0.9009,1718104.1320700005
2026-04-01 18:00:00+00:00,0.9011,0.9016,0.8917,0.8933,459422.52794
2026-04-01 19:00:00+00:00,0.8934,0.8986,0.893,0.895,441186.93016
2026-04-01 20:00:00+00:00,0.8951,0.8956,0.8851,0.8903,559930.4579699998
2026-04-01 21:00:00+00:00,0.8903,0.8965,0.889,0.8931,537051.3728900001
2026-04-01 22:00:00+00:00,0.893,0.8931,0.883,0.8838,300933.6028100001
2026-04-01 23:00:00+00:00,0.8838,0.885,0.8806,0.8818,647160.9716500007
2026-04-02 00:00:00+00:00,0.882,0.8938,0.8792,0.8922,839560.5655100024
2026-04-02 01:00:00+00:00,0.8922,0.8932,0.864,0.8696,2049112.9521200017
2026-04-02 02:00:00+00:00,0.8696,0.8697,0.857,0.8612,1117761.8426600003
2026-04-02 03:00:00+00:00,0.8614,0.8655,0.8548,0.8588,1070442.06275
2026-04-02 04:00:00+00:00,0.8585,0.8614,0.8557,0.8567,492781.21885
2026-04-02 05:00:00+00:00,0.8566,0.8626,0.8533,0.8616,413836.20115999976
2026-04-02 06:00:00+00:00,0.8616,0.8658,0.8606,0.8629,397198.50635000016
2026-04-02 07:00:00+00:00,0.8628,0.8705,0.8622,0.8635,604425.7791800014
2026-04-02 08:00:00+00:00,0.8634,0.8634,0.8499,0.8532,1085727.4548200036
2026-04-02 09:00:00+00:00,0.8532,0.8579,0.8529,0.8549,184903.19247
2026-04-02 10:00:00+00:00,0.8548,0.8561,0.8525,0.8535,311253.55001
2026-04-02 11:00:00+00:00,0.8538,0.8542,0.8456,0.8506,982914.8614200016
2026-04-02 12:00:00+00:00,0.8502,0.8517,0.848,0.8489,576784.1369500001
2026-04-02 13:00:00+00:00,0.849,0.8503,0.8416,0.8493,1161352.88433
2026-04-02 14:00:00+00:00,0.8491,0.8656,0.8476,0.8637,1560705.8465900004
2026-04-02 15:00:00+00:00,0.8633,0.8637,0.853,0.8585,552559.3203499998
2026-04-02 16:00:00+00:00,0.8583,0.8647,0.8544,0.8621,444577.84919999976
2026-04-02 17:00:00+00:00,0.862,0.8691,0.852,0.8533,854159.9943100001
2026-04-02 18:00:00+00:00,0.8532,0.8613,0.8506,0.8594,1137818.5966000035
2026-04-02 19:00:00+00:00,0.8597,0.8616,0.8559,0.8605,390661.6005499999
2026-04-02 20:00:00+00:00,0.8606,0.8671,0.8585,0.8634,575382.04873
2026-04-02 21:00:00+00:00,0.8635,0.8645,0.8597,0.8628,231525.63333000007
2026-04-02 22:00:00+00:00,0.8627,0.865,0.8594,0.8614,239229.90169
2026-04-02 23:00:00+00:00,0.8613,0.8631,0.8592,0.8608,303627.90092
2026-04-03 00:00:00+00:00,0.8613,0.8629,0.8583,0.8599,134205.72680000006
2026-04-03 01:00:00+00:00,0.8596,0.8634,0.8574,0.8601,188639.77279
2026-04-03 02:00:00+00:00,0.8598,0.8645,0.8569,0.8628,356163.31149999984
2026-04-03 03:00:00+00:00,0.8631,0.8677,0.8609,0.865,501420.85123
2026-04-03 04:00:00+00:00,0.8651,0.8691,0.8628,0.8674,369081.4721300002
2026-04-03 05:00:00+00:00,0.8676,0.8738,0.8634,0.8681,468338.15816
2026-04-03 06:00:00+00:00,0.8687,0.8735,0.8653,0.8714,329206.73805999995
2026-04-03 07:00:00+00:00,0.8713,0.877,0.8703,0.8758,398105.15398
2026-04-03 08:00:00+00:00,0.8759,0.8804,0.8735,0.8767,821604.9342800039
2026-04-03 09:00:00+00:00,0.877,0.8777,0.8727,0.8766,259426.76656999995
2026-04-03 10:00:00+00:00,0.8767,0.8787,0.872,0.8765,249647.50839000003
2026-04-03 11:00:00+00:00,0.8767,0.879,0.8748,0.878,318483.62802
2026-04-03 12:00:00+00:00,0.8781,0.8851,0.8709,0.8729,728018.6468700077
2026-04-03 13:00:00+00:00,0.8732,0.8732,0.8676,0.8712,709527.0726899997
2026-04-03 14:00:00+00:00,0.8711,0.874,0.868,0.868,507465.80831
2026-04-03 15:00:00+00:00,0.868,0.8744,0.8659,0.8695,1301307.883160011
2026-04-03 16:00:00+00:00,0.8696,0.8777,0.8694,0.8771,457523.3742500001
2026-04-03 17:00:00+00:00,0.8775,0.8786,0.8735,0.8757,215130.66772000003
2026-04-03 18:00:00+00:00,0.8757,0.8779,0.8736,0.8744,104924.50858
2026-04-03 19:00:00+00:00,0.8745,0.8748,0.8696,0.8738,220854.16462000008
2026-04-03 20:00:00+00:00,0.8735,0.878,0.873,0.8742,209153.72533
2026-04-03 21:00:00+00:00,0.8743,0.8781,0.8737,0.8765,294202.9144
2026-04-03 22:00:00+00:00,0.8766,0.8769,0.8709,0.8717,317389.65244
2026-04-03 23:00:00+00:00,0.8716,0.8749,0.8706,0.8735,104922.31322
2026-04-04 00:00:00+00:00,0.8737,0.8747,0.871,0.8718,63871.32604
2026-04-04 01:00:00+00:00,0.8716,0.8721,0.8685,0.8703,400647.60317000025
2026-04-04 02:00:00+00:00,0.8701,0.8713,0.868,0.8688,43937.79358000002
2026-04-04 03:00:00+00:00,0.8687,0.8712,0.8645,0.8697,410795.0650900006
2026-04-04 04:00:00+00:00,0.8696,0.8733,0.8687,0.8722,169583.66391999988
2026-04-04 05:00:00+00:00,0.8719,0.8737,0.8702,0.8704,65036.77728
2026-04-04 06:00:00+00:00,0.8704,0.875,0.87,0.8742,77600.78399999999
2026-04-04 07:00:00+00:00,0.8743,0.8748,0.8701,0.8713,82722.58829000001
2026-04-04 08:00:00+00:00,0.8714,0.8717,0.866,0.8669,45793.53617
2026-04-04 09:00:00+00:00,0.867,0.8674,0.8654,0.8654,91753.55746
2026-04-04 10:00:00+00:00,0.8653,0.8702,0.8652,0.87,122922.41276000004
2026-04-04 11:00:00+00:00,0.8701,0.8718,0.8682,0.8718,199295.05584
2026-04-04 12:00:00+00:00,0.8715,0.8731,0.8681,0.8686,160569.31322000004
2026-04-04 13:00:00+00:00,0.8685,0.8693,0.8665,0.8672,178097.82443999997
2026-04-04 14:00:00+00:00,0.867,0.8675,0.8615,0.8668,588841.5872699998
2026-04-04 15:00:00+00:00,0.8668,0.8731,0.8661,0.8698,422820.72349
2026-04-04 16:00:00+00:00,0.8695,0.8722,0.8648,0.865,227225.5145
2026-04-04 17:00:00+00:00,0.8644,0.8709,0.8642,0.87,155922.36021
2026-04-04 18:00:00+00:00,0.87,0.8712,0.8677,0.8687,126361.10783000002
2026-04-04 19:00:00+00:00,0.8688,0.8759,0.8686,0.8701,626449.84917
2026-04-04 20:00:00+00:00,0.8701,0.8708,0.8675,0.8684,151913.96981000004
2026-04-04 21:00:00+00:00,0.8683,0.8732,0.8681,0.8719,134488.59764000002
2026-04-04 22:00:00+00:00,0.8721,0.8795,0.8711,0.8717,618600.2593000034
2026-04-04 23:00:00+00:00,0.8718,0.8721,0.8673,0.8718,269046.73527000006
2026-04-05 00:00:00+00:00,0.872,0.8725,0.8685,0.8699,122896.08243999995
2026-04-05 01:00:00+00:00,0.87,0.8714,0.866,0.8662,533318.44902
2026-04-05 02:00:00+00:00,0.866,0.866,0.8633,0.8657,80294.13486000002
2026-04-05 03:00:00+00:00,0.8657,0.867,0.8629,0.8644,81272.92470000003
2026-04-05 04:00:00+00:00,0.8643,0.8647,0.8618,0.862,224520.59011
2026-04-05 05:00:00+00:00,0.8621,0.8632,0.8553,0.8571,217848.72262
2026-04-05 06:00:00+00:00,0.8571,0.8573,0.8482,0.8542,977298.91795
2026-04-05 07:00:00+00:00,0.8542,0.8554,0.8507,0.8518,293729.54407000006
2026-04-05 08:00:00+00:00,0.8516,0.8536,0.8508,0.853,92138.41862
2026-04-05 09:00:00+00:00,0.8529,0.855,0.8529,0.8541,61829.49496999999
2026-04-05 10:00:00+00:00,0.854,0.8573,0.8529,0.8544,116327.75989000004
2026-04-05 11:00:00+00:00,0.8546,0.8559,0.8489,0.8507,467547.42603999993
2026-04-05 12:00:00+00:00,0.8504,0.8504,0.841,0.8443,430636.5395
2026-04-05 13:00:00+00:00,0.8444,0.8489,0.842,0.8481,430973.4476
2026-04-05 14:00:00+00:00,0.8481,0.8497,0.845,0.8461,277614.46349999995
2026-04-05 15:00:00+00:00,0.8461,0.8592,0.8437,0.8496,744180.0695800001
2026-04-05 16:00:00+00:00,0.8496,0.8524,0.8468,0.8471,351502.23589
2026-04-05 17:00:00+00:00,0.8472,0.8514,0.8456,0.8508,211231.75485000008
2026-04-05 18:00:00+00:00,0.8509,0.8521,0.8476,0.8506,209161.17479
2026-04-05 19:00:00+00:00,0.8506,0.853,0.8467,0.85,129278.70119
2026-04-05 20:00:00+00:00,0.8491,0.8528,0.8482,0.8512,224126.89098
2026-04-05 21:00:00+00:00,0.8513,0.8516,0.8453,0.8461,301863.39971
2026-04-05 22:00:00+00:00,0.8462,0.8578,0.836,0.8564,1138988.8910700034
2026-04-05 23:00:00+00:00,0.8565,0.8733,0.8557,0.8707,1559513.218930001
2026-04-06 00:00:00+00:00,0.8709,0.8841,0.8705,0.879,1285674.41549
2026-04-06 01:00:00+00:00,0.8791,0.881,0.8734,0.8766,742108.1026500002
2026-04-06 02:00:00+00:00,0.8767,0.8935,0.8766,0.8893,919298.7216200004
2026-04-06 03:00:00+00:00,0.8891,0.8903,0.8833,0.8865,582938.99965
2026-04-06 04:00:00+00:00,0.8867,0.898,0.8867,0.8913,782333.08686
2026-04-06 05:00:00+00:00,0.8912,0.8922,0.886,0.8861,356849.47319
2026-04-06 06:00:00+00:00,0.8861,0.8891,0.8797,0.8842,792601.1070600001
2026-04-06 07:00:00+00:00,0.8843,0.8875,0.8815,0.8862,265356.61703
2026-04-06 08:00:00+00:00,0.8863,0.8945,0.8848,0.8911,272474.3797
2026-04-06 09:00:00+00:00,0.8912,0.9048,0.89,0.9005,851925.6574499998
2026-04-06 10:00:00+00:00,0.9006,0.9232,0.9006,0.9099,2284977.962500012
2026-04-06 11:00:00+00:00,0.9099,0.9257,0.9027,0.9052,2171297.064610017
2026-04-06 12:00:00+00:00,0.905,0.9134,0.9032,0.9064,2864341.9102000096
2026-04-06 13:00:00+00:00,0.9065,0.909,0.9007,0.9031,694001.6782899998
2026-04-06 14:00:00+00:00,0.9032,0.9077,0.895,0.9019,814065.93047
2026-04-06 15:00:00+00:00,0.9019,0.9038,0.8981,0.9006,368218.1178
2026-04-06 16:00:00+00:00,0.9007,0.9039,0.8958,0.8971,801453.5748499997
2026-04-06 17:00:00+00:00,0.897,0.8976,0.8882,0.8942,1223308.9965300004
2026-04-06 18:00:00+00:00,0.8945,0.8998,0.8935,0.8969,446023.08213
2026-04-06 19:00:00+00:00,0.8969,0.8969,0.8905,0.8941,398619.02627
2026-04-06 20:00:00+00:00,0.8945,0.8974,0.893,0.896,253805.48755
2026-04-06 21:00:00+00:00,0.8959,0.902,0.8907,0.8915,1562187.6481500044
2026-04-06 22:00:00+00:00,0.8911,0.8924,0.8759,0.8759,988358.4476699998
2026-04-06 23:00:00+00:00,0.876,0.877,0.869,0.8711,1238315.05406
2026-04-07 00:00:00+00:00,0.8708,0.876,0.8703,0.8736,417878.77299
2026-04-07 01:00:00+00:00,0.8736,0.8756,0.8657,0.867,819008.0667900001
2026-04-07 02:00:00+00:00,0.867,0.8702,0.8629,0.8689,802748.0926
2026-04-07 03:00:00+00:00,0.8688,0.8736,0.8688,0.8728,294057.07347
2026-04-07 04:00:00+00:00,0.8728,0.8784,0.8704,0.8746,258431.62087
2026-04-07 05:00:00+00:00,0.8746,0.8746,0.8699,0.8711,149254.94919999997
2026-04-07 06:00:00+00:00,0.871,0.871,0.8658,0.8696,172231.10336000004
2026-04-07 07:00:00+00:00,0.8698,0.8754,0.8692,0.8732,606898.61648
2026-04-07 08:00:00+00:00,0.8732,0.8785,0.873,0.8765,200485.27715
2026-04-07 09:00:00+00:00,0.8765,0.8864,0.8765,0.8839,285631.00372
2026-04-07 10:00:00+00:00,0.8839,0.8861,0.8682,0.8699,601501.5787200002
2026-04-07 11:00:00+00:00,0.8698,0.8715,0.8648,0.8671,371144.26199
2026-04-07 12:00:00+00:00,0.8668,0.8701,0.8589,0.8675,839160.8463700006
2026-04-07 13:00:00+00:00,0.8678,0.8722,0.8666,0.8666,472703.61401
2026-04-07 14:00:00+00:00,0.8668,0.8716,0.862,0.8662,713124.8718200001
2026-04-07 15:00:00+00:00,0.8661,0.8738,0.8643,0.8666,645900.5652099999
2026-04-07 16:00:00+00:00,0.8665,0.8697,0.8632,0.866,490800.09019
2026-04-07 17:00:00+00:00,0.8659,0.8813,0.8651,0.8756,410152.96961
2026-04-07 18:00:00+00:00,0.8758,0.8773,0.8709,0.8729,317050.2488200001
2026-04-07 19:00:00+00:00,0.8728,0.8915,0.872,0.8909,1401810.78375
2026-04-07 20:00:00+00:00,0.8914,0.8978,0.8902,0.8927,1553294.1095400003
2026-04-07 21:00:00+00:00,0.8929,0.9173,0.8929,0.9138,2004228.3347400003
2026-04-07 22:00:00+00:00,0.914,0.953,0.9126,0.9522,3793751.315960005
2026-04-07 23:00:00+00:00,0.9531,0.977,0.951,0.9606,7151615.0297900215
2026-04-08 00:00:00+00:00,0.9596,0.9644,0.9526,0.9561,2270741.4834200004
2026-04-08 01:00:00+00:00,0.9559,0.9732,0.9526,0.973,1476989.3063899996
2026-04-08 02:00:00+00:00,0.9731,0.9801,0.9637,0.9656,1586482.4504499997
2026-04-08 03:00:00+00:00,0.9654,0.9677,0.9581,0.959,483730.8873000001
2026-04-08 04:00:00+00:00,0.9591,0.9672,0.9589,0.9606,758250.3697900001
2026-04-08 05:00:00+00:00,0.9608,0.9633,0.9581,0.9617,606609.6181399999
2026-04-08 06:00:00+00:00,0.9619,0.962,0.9492,0.9513,757660.6216700007
2026-04-08 07:00:00+00:00,0.9517,0.9577,0.9499,0.9519,622693.7361999999
2026-04-08 08:00:00+00:00,0.9521,0.9548,0.9505,0.9538,530135.56617
2026-04-08 09:00:00+00:00,0.9539,0.9548,0.9459,0.9476,332255.67838000006
2026-04-08 10:00:00+00:00,0.948,0.9513,0.9455,0.9459,309664.37877
2026-04-08 11:00:00+00:00,0.9458,0.95,0.9377,0.9475,851490.0317000002
2026-04-08 12:00:00+00:00,0.9473,0.9488,0.9426,0.9475,695316.3441100003
2026-04-08 13:00:00+00:00,0.9472,0.9539,0.9446,0.9468,1149503.8036
2026-04-08 14:00:00+00:00,0.9466,0.9475,0.9193,0.9219,3897045.22325001
2026-04-08 15:00:00+00:00,0.922,0.935,0.9206,0.9345,1209479.63478
2026-04-08 16:00:00+00:00,0.9345,0.9359,0.9294,0.9313,525303.27758
2026-04-08 17:00:00+00:00,0.9314,0.9368,0.9276,0.9351,1315399.7396500008
2026-04-08 18:00:00+00:00,0.9355,0.9356,0.9203,0.9209,649268.99777
2026-04-08 19:00:00+00:00,0.9207,0.9244,0.9163,0.9226,2311240.27616
2026-04-08 20:00:00+00:00,0.9226,0.9246,0.918,0.9209,266026.85282000003
2026-04-08 21:00:00+00:00,0.921,0.9291,0.9204,0.9287,303717.95731
2026-04-08 22:00:00+00:00,0.9287,0.9291,0.9175,0.9177,425420.58111999993
2026-04-08 23:00:00+00:00,0.9175,0.9187,0.9109,0.9136,1433422.3427076277
2026-04-09 00:00:00+00:00,0.9135,0.9143,0.9058,0.9084,477614.09732
2026-04-09 01:00:00+00:00,0.9083,0.9088,0.9001,0.906,935192.8144500008
2026-04-09 02:00:00+00:00,0.9061,0.911,0.9057,0.9089,521194.792
2026-04-09 03:00:00+00:00,0.9091,0.911,0.9056,0.9091,342984.18833000003
2026-04-09 04:00:00+00:00,0.9093,0.9127,0.9067,0.909,689598.67456
2026-04-09 05:00:00+00:00,0.909,0.9136,0.9077,0.9089,390492.7147200001
2026-04-09 06:00:00+00:00,0.9089,0.9118,0.908,0.9097,123254.25842
2026-04-09 07:00:00+00:00,0.9102,0.9112,0.9091,0.9091,234307.69616
2026-04-09 08:00:00+00:00,0.909,0.912,0.9066,0.9101,134018.02815000003
2026-04-09 09:00:00+00:00,0.91,0.9165,0.9082,0.9144,270808.26918000006
2026-04-09 10:00:00+00:00,0.9144,0.9144,0.911,0.912,241195.79465000005
2026-04-09 11:00:00+00:00,0.912,0.9127,0.9054,0.9076,199832.20391000004
2026-04-09 12:00:00+00:00,0.9073,0.9111,0.9048,0.9097,786214.9516300003
2026-04-09 13:00:00+00:00,0.9098,0.9121,0.9067,0.909,599604.4608100001
2026-04-09 14:00:00+00:00,0.9092,0.916,0.9046,0.9141,529121.2863400001
2026-04-09 15:00:00+00:00,0.9141,0.9386,0.9115,0.9325,1971692.9797600007
2026-04-09 16:00:00+00:00,0.9326,0.9394,0.925,0.9328,1782283.9075200008
2026-04-09 17:00:00+00:00,0.9326,0.9407,0.932,0.9395,1027724.24655
2026-04-09 18:00:00+00:00,0.9399,0.9405,0.9289,0.9377,861365.76135
2026-04-09 19:00:00+00:00,0.9378,0.946,0.9359,0.9411,787375.0443799997
2026-04-09 20:00:00+00:00,0.9412,0.9455,0.94,0.942,312703.83774000005
2026-04-09 21:00:00+00:00,0.9424,0.948,0.9401,0.9439,855831.26713
2026-04-09 22:00:00+00:00,0.9441,0.97,0.9358,0.9383,2192763.658980005
2026-04-09 23:00:00+00:00,0.9385,0.9406,0.9275,0.9309,892370.62869404
2026-04-10 00:00:00+00:00,0.9307,0.9312,0.924,0.9298,497080.28388
2026-04-10 01:00:00+00:00,0.9296,0.9375,0.923,0.9289,683161.26399
2026-04-10 02:00:00+00:00,0.9289,0.9358,0.9283,0.9311,306765.06684999994
2026-04-10 03:00:00+00:00,0.9313,0.9348,0.9286,0.9295,307958.06605
2026-04-10 04:00:00+00:00,0.9298,0.9397,0.9278,0.9362,442696.68788
2026-04-10 05:00:00+00:00,0.9363,0.9411,0.9328,0.9376,829001.3808099998
2026-04-10 06:00:00+00:00,0.9377,0.95,0.9274,0.9316,1254630.928380003
2026-04-10 07:00:00+00:00,0.9316,0.9349,0.9272,0.9275,524717.9589199999
2026-04-10 08:00:00+00:00,0.9277,0.9364,0.9248,0.9301,917022.57678
2026-04-10 09:00:00+00:00,0.93,0.9383,0.93,0.9375,241519.61305
2026-04-10 10:00:00+00:00,0.9374,0.9374,0.9317,0.9325,140190.92271000004
2026-04-10 11:00:00+00:00,0.9324,0.9388,0.9321,0.9355,274440.64955
2026-04-10 12:00:00+00:00,0.935,0.9403,0.9326,0.9375,766245.4072499999
2026-04-10 13:00:00+00:00,0.9374,0.9401,0.9322,0.938,316707.78520000004
2026-04-10 14:00:00+00:00,0.9378,0.9494,0.9341,0.9484,2108238.7793100006
2026-04-10 15:00:00+00:00,0.9483,0.9535,0.9432,0.9458,963189.19421
2026-04-10 16:00:00+00:00,0.9459,0.9517,0.9445,0.9478,818731.9958699998
2026-04-10 17:00:00+00:00,0.948,0.9481,0.9425,0.9471,342865.8001100002
2026-04-10 18:00:00+00:00,0.947,0.9616,0.945,0.9593,777657.4961600002
2026-04-10 19:00:00+00:00,0.9595,0.9629,0.9541,0.9597,712475.1155500001
2026-04-10 20:00:00+00:00,0.9598,0.9606,0.9485,0.9545,719654.4397600013
2026-04-10 21:00:00+00:00,0.9542,0.9547,0.9449,0.9498,1078687.68147
2026-04-10 22:00:00+00:00,0.9499,0.953,0.943,0.9461,326033.11661
2026-04-10 23:00:00+00:00,0.9463,0.947,0.9433,0.9445,261749.51602
2026-04-11 00:00:00+00:00,0.9443,0.9446,0.9394,0.9394,471997.3230699999
2026-04-11 01:00:00+00:00,0.9393,0.9406,0.9356,0.9389,197036.16297000003
2026-04-11 02:00:00+00:00,0.939,0.9438,0.938,0.941,352987.32895
2026-04-11 03:00:00+00:00,0.9412,0.9455,0.9371,0.9376,494292.0656000009
2026-04-11 04:00:00+00:00,0.9375,0.94,0.9361,0.9381,173881.7971400001
2026-04-11 05:00:00+00:00,0.938,0.939,0.9328,0.9336,184607.08352
2026-04-11 06:00:00+00:00,0.9337,0.9337,0.9304,0.9321,631181.5677000002
2026-04-11 07:00:00+00:00,0.9324,0.9346,0.931,0.9336,317123.4084400002
2026-04-11 08:00:00+00:00,0.9333,0.9377,0.9326,0.9333,112659.67967999996
2026-04-11 09:00:00+00:00,0.9332,0.9379,0.9323,0.9367,401648.04441
2026-04-11 10:00:00+00:00,0.9368,0.9375,0.9337,0.9352,169196.44733000005
2026-04-11 11:00:00+00:00,0.9351,0.9362,0.9335,0.9338,254981.1465800001
2026-04-11 12:00:00+00:00,0.9339,0.9361,0.9316,0.934,220487.55954
2026-04-11 13:00:00+00:00,0.9337,0.9337,0.9277,0.9326,667949.6693699997
2026-04-11 14:00:00+00:00,0.9327,0.9348,0.9308,0.9318,179029.3027200001
2026-04-11 15:00:00+00:00,0.9319,0.9371,0.931,0.937,320866.99210000003
2026-04-11 16:00:00+00:00,0.9364,0.951,0.9363,0.9468,475470.78361
2026-04-11 17:00:00+00:00,0.9464,0.9476,0.9434,0.9452,318634.75356000004
2026-04-11 18:00:00+00:00,0.9453,0.9592,0.942,0.9534,1211755.6901500002
2026-04-11 19:00:00+00:00,0.9537,0.9635,0.9526,0.9625,1111284.05934
2026-04-11 20:00:00+00:00,0.9627,0.9642,0.9504,0.9532,1110524.84774
2026-04-11 21:00:00+00:00,0.9531,0.9578,0.9493,0.9542,453227.1806000002
2026-04-11 22:00:00+00:00,0.9539,0.9579,0.9461,0.9488,988975.4080300032
2026-04-11 23:00:00+00:00,0.9486,0.9486,0.9382,0.941,435343.46840000007
2026-04-12 00:00:00+00:00,0.9417,0.9421,0.9369,0.9417,512739.35128
2026-04-12 01:00:00+00:00,0.9414,0.9442,0.9065,0.912,1681689.58591
2026-04-12 02:00:00+00:00,0.9118,0.9176,0.9057,0.9149,1318205.62268
2026-04-12 03:00:00+00:00,0.9149,0.9172,0.9102,0.9123,662240.3464900012
2026-04-12 04:00:00+00:00,0.9124,0.9133,0.9102,0.9115,392596.11168
2026-04-12 05:00:00+00:00,0.9117,0.9159,0.9079,0.9152,891823.5796500003
2026-04-12 06:00:00+00:00,0.9149,0.9171,0.9123,0.913,613591.7613500003
2026-04-12 07:00:00+00:00,0.9132,0.9144,0.911,0.913,158106.09339999993
2026-04-12 08:00:00+00:00,0.9129,0.9146,0.9109,0.9128,216988.25436000005
2026-04-12 09:00:00+00:00,0.9126,0.914,0.9116,0.9122,67144.41774
2026-04-12 10:00:00+00:00,0.9124,0.9133,0.9064,0.9081,313654.8525
2026-04-12 11:00:00+00:00,0.9079,0.9124,0.9069,0.9113,227664.63030000008
2026-04-12 12:00:00+00:00,0.9111,0.914,0.907,0.9078,304476.29348
2026-04-12 13:00:00+00:00,0.9077,0.911,0.9002,0.9016,455060.84928
2026-04-12 14:00:00+00:00,0.9018,0.9063,0.8976,0.9013,718992.7177700001
2026-04-12 15:00:00+00:00,0.9013,0.9029,0.8973,0.9003,423875.24797
2026-04-12 16:00:00+00:00,0.9002,0.9038,0.9,0.9035,207162.28303000005
2026-04-12 17:00:00+00:00,0.9036,0.9114,0.9036,0.9105,427809.56398
2026-04-12 18:00:00+00:00,0.9107,0.912,0.9071,0.9073,423943.9149399999
2026-04-12 19:00:00+00:00,0.9074,0.9096,0.9061,0.9066,176399.82746999996
2026-04-12 20:00:00+00:00,0.9067,0.9137,0.9051,0.9109,330710.84263
2026-04-12 21:00:00+00:00,0.9109,0.9124,0.9067,0.9101,211508.76991
2026-04-12 22:00:00+00:00,0.9098,0.9099,0.9001,0.9041,812293.0280500001
2026-04-12 23:00:00+00:00,0.9042,0.9042,0.8985,0.9012,729270.47303574
2026-04-13 00:00:00+00:00,0.9013,0.9082,0.9001,0.9064,523119.2825
2026-04-13 01:00:00+00:00,0.9065,0.9115,0.9056,0.9107,245291.51341
2026-04-13 02:00:00+00:00,0.9109,0.911,0.9047,0.9059,178993.16559000008
2026-04-13 03:00:00+00:00,0.906,0.9076,0.9049,0.9069,311678.86377
2026-04-13 04:00:00+00:00,0.9066,0.9085,0.9019,0.9028,130355.00728000002
2026-04-13 05:00:00+00:00,0.9027,0.9038,0.8999,0.9038,145791.57239000002
2026-04-13 06:00:00+00:00,0.9039,0.9121,0.9036,0.9081,256738.39568
2026-04-13 07:00:00+00:00,0.9082,0.9088,0.9012,0.9016,418514.01264
2026-04-13 08:00:00+00:00,0.9015,0.9026,0.898,0.9012,558982.635220001
2026-04-13 09:00:00+00:00,0.9013,0.9061,0.9013,0.9035,128953.35211999998
2026-04-13 10:00:00+00:00,0.9034,0.904,0.899,0.9002,104042.71627
2026-04-13 11:00:00+00:00,0.9004,0.9046,0.9003,0.9044,359690.62625999993
2026-04-13 12:00:00+00:00,0.9043,0.9126,0.9013,0.9094,610534.0508099999
2026-04-13 13:00:00+00:00,0.9095,0.9206,0.9019,0.92,1200127.61789
2026-04-13 14:00:00+00:00,0.9204,0.9235,0.9092,0.9231,1064016.0227500002
2026-04-13 15:00:00+00:00,0.9233,0.9237,0.9105,0.9131,584172.6622700003
2026-04-13 16:00:00+00:00,0.9132,0.9219,0.908,0.9202,1068218.50768
2026-04-13 17:00:00+00:00,0.9202,0.9283,0.9168,0.9168,644697.63501
2026-04-13 18:00:00+00:00,0.9168,0.9214,0.9132,0.9214,473687.7287799997
2026-04-13 19:00:00+00:00,0.9214,0.9386,0.9193,0.936,1070488.46204
2026-04-13 20:00:00+00:00,0.9363,0.9367,0.927,0.9292,695046.80899
2026-04-13 21:00:00+00:00,0.9292,0.9315,0.927,0.9301,1314305.8778500005
2026-04-13 22:00:00+00:00,0.93,0.9623,0.9289,0.9584,2677457.76997
2026-04-13 23:00:00+00:00,0.9585,0.9614,0.954,0.96,1329113.5735990095
2026-04-14 00:00:00+00:00,0.9602,0.9625,0.9486,0.9496,1575724.3462799997
2026-04-14 01:00:00+00:00,0.9493,0.9561,0.9457,0.9553,709052.98916
2026-04-14 02:00:00+00:00,0.9553,0.9572,0.9522,0.9531,324839.98205999995
2026-04-14 03:00:00+00:00,0.9531,0.9531,0.9486,0.9492,369893.23501000006
2026-04-14 04:00:00+00:00,0.9492,0.9513,0.9455,0.9482,519672.9136099999
2026-04-14 05:00:00+00:00,0.9483,0.9483,0.9394,0.9409,299787.7374299999
2026-04-14 06:00:00+00:00,0.941,0.9465,0.941,0.9452,322843.93155999994
2026-04-14 07:00:00+00:00,0.9452,0.9497,0.9423,0.9452,637434.4229200003
2026-04-14 08:00:00+00:00,0.9453,0.9523,0.9428,0.9503,377501.58580000006
2026-04-14 09:00:00+00:00,0.9504,0.953,0.9486,0.952,192029.74641
2026-04-14 10:00:00+00:00,0.9517,0.9542,0.9502,0.9507,224657.62616000004
2026-04-14 11:00:00+00:00,0.9506,0.9531,0.9476,0.9489,265574.52046
2026-04-14 12:00:00+00:00,0.9486,0.951,0.9426,0.9445,627620.6454700001
2026-04-14 13:00:00+00:00,0.9447,0.9617,0.9442,0.9609,1046375.92995
2026-04-14 14:00:00+00:00,0.961,0.9639,0.9492,0.9495,1550694.98653
2026-04-14 15:00:00+00:00,0.9497,0.9515,0.9404,0.9435,974854.56097
2026-04-14 16:00:00+00:00,0.9442,0.9498,0.9387,0.9414,551972.7198600001
2026-04-14 17:00:00+00:00,0.9412,0.946,0.9361,0.9426,405499.62775
2026-04-14 18:00:00+00:00,0.9427,0.9438,0.9249,0.927,1058450.7197800002
2026-04-14 19:00:00+00:00,0.9268,0.933,0.9254,0.9323,536805.80526
2026-04-14 20:00:00+00:00,0.9325,0.9352,0.9283,0.9298,382821.06602
2026-04-14 21:00:00+00:00,0.9299,0.9351,0.9293,0.9332,260232.40846000004
2026-04-14 22:00:00+00:00,0.9329,0.9351,0.9282,0.9299,279066.42412
2026-04-14 23:00:00+00:00,0.9298,0.935,0.9287,0.9333,269757.71874000004
2026-04-15 00:00:00+00:00,0.9331,0.9423,0.9329,0.9384,490340.8495400002
2026-04-15 01:00:00+00:00,0.9383,0.9448,0.9362,0.942,694212.4799299999
2026-04-15 02:00:00+00:00,0.942,0.9443,0.9368,0.9405,181417.7594
2026-04-15 03:00:00+00:00,0.9406,0.9424,0.9382,0.9401,105135.30554999998
2026-04-15 04:00:00+00:00,0.9399,0.9439,0.9383,0.9421,349660.8949800001
2026-04-15 05:00:00+00:00,0.9423,0.9444,0.9324,0.9355,401520.1022999998
2026-04-15 06:00:00+00:00,0.9354,0.9354,0.9306,0.9321,307868.76519
2026-04-15 07:00:00+00:00,0.9322,0.9334,0.9263,0.9292,256698.28014000013
2026-04-15 08:00:00+00:00,0.9293,0.9398,0.9283,0.9394,130752.52469999997
2026-04-15 09:00:00+00:00,0.9395,0.9409,0.9351,0.9374,128297.17053999996
2026-04-15 10:00:00+00:00,0.9373,0.9427,0.9325,0.9387,246880.35637999995
2026-04-15 11:00:00+00:00,0.9388,0.9489,0.9383,0.9455,394038.76138
2026-04-15 12:00:00+00:00,0.9455,0.9537,0.9429,0.9511,296146.3863799999
2026-04-15 13:00:00+00:00,0.9513,0.9527,0.9433,0.9472,569924.03788
2026-04-15 14:00:00+00:00,0.9472,0.9546,0.9457,0.9532,332402.0801499999
2026-04-15 15:00:00+00:00,0.9533,0.9547,0.9419,0.9471,512179.8572999999
2026-04-15 16:00:00+00:00,0.9467,0.954,0.945,0.9517,275411.01959999994
2026-04-15 17:00:00+00:00,0.9518,0.9567,0.9492,0.9531,439371.14915
2026-04-15 18:00:00+00:00,0.953,0.9596,0.9517,0.9595,446810.38725
2026-04-15 19:00:00+00:00,0.9594,0.9744,0.9573,0.9683,1441310.07843
2026-04-15 20:00:00+00:00,0.9683,0.9693,0.9614,0.9656,911153.6838599998
2026-04-15 21:00:00+00:00,0.9656,0.9713,0.9603,0.9685,284576.31212
2026-04-15 22:00:00+00:00,0.9689,0.9739,0.9646,0.9646,630871.28828
2026-04-15 23:00:00+00:00,0.9648,0.9648,0.9554,0.9586,544533.6210100001
2026-04-16 00:00:00+00:00,0.9594,0.9614,0.9553,0.96,246058.45025
2026-04-16 01:00:00+00:00,0.9596,0.9608,0.9537,0.9595,313923.08084
2026-04-16 02:00:00+00:00,0.9597,0.9729,0.9594,0.9684,480511.7706000001
2026-04-16 03:00:00+00:00,0.9682,0.9778,0.9675,0.9751,634410.4619800001
2026-04-16 04:00:00+00:00,0.9749,0.981,0.9691,0.9708,744643.5645200001
2026-04-16 05:00:00+00:00,0.9706,0.9734,0.9631,0.9718,715914.2898100002
2026-04-16 06:00:00+00:00,0.9717,0.9833,0.9702,0.9826,581170.8546099998
2026-04-16 07:00:00+00:00,0.9826,0.9904,0.9678,0.9714,1193211.7364300005
2026-04-16 08:00:00+00:00,0.9713,0.98,0.9681,0.9725,1059985.369890002
2026-04-16 09:00:00+00:00,0.9722,0.9851,0.9705,0.973,957657.4923300012
2026-04-16 10:00:00+00:00,0.9729,0.975,0.9633,0.9678,518732.9194699999
2026-04-16 11:00:00+00:00,0.9678,0.9717,0.9653,0.9701,345595.23825000005
2026-04-16 12:00:00+00:00,0.97,0.9792,0.97,0.9776,503033.45502
2026-04-16 13:00:00+00:00,0.9775,0.9956,0.9588,0.9684,1852404.37825
2026-04-16 14:00:00+00:00,0.969,0.9702,0.9527,0.9668,2417933.716430002
2026-04-16 15:00:00+00:00,0.9669,0.9882,0.9657,0.9856,1250420.9473499996
2026-04-16 16:00:00+00:00,0.9856,0.9925,0.9708,0.9745,1006517.74075
2026-04-16 17:00:00+00:00,0.9746,0.9804,0.971,0.9785,1008695.6226200004
2026-04-16 18:00:00+00:00,0.9784,1.0016,0.9756,0.9957,2008438.22989
2026-04-16 19:00:00+00:00,0.9958,1.0049,0.9912,1.004,1445242.9335699996
2026-04-16 20:00:00+00:00,1.0037,1.0075,0.984,0.9915,1450948.1566600015
2026-04-16 21:00:00+00:00,0.9916,1.0001,0.9859,0.9987,587151.8219199998
2026-04-16 22:00:00+00:00,0.9987,1.0139,0.9987,1.0047,1707632.0647500008
2026-04-16 23:00:00+00:00,1.0048,1.0102,1.0002,1.0009,584942.1178030502
2026-04-17 00:00:00+00:00,1.0007,1.0064,0.9963,1.0021,1885225.0062700072
2026-04-17 01:00:00+00:00,1.002,1.0062,0.9896,0.9927,1199811.0891800027
2026-04-17 02:00:00+00:00,0.9925,0.9949,0.9818,0.9872,462289.5137
2026-04-17 03:00:00+00:00,0.9874,0.9924,0.9834,0.9885,298219.37589
2026-04-17 04:00:00+00:00,0.9885,0.992,0.9866,0.9878,482128.91657
2026-04-17 05:00:00+00:00,0.9877,0.98795,0.9747,0.9762,465871.86429
2026-04-17 06:00:00+00:00,0.976,0.9848,0.9753,0.98287,304141.10132
2026-04-17 07:00:00+00:00,0.9829,0.9949,0.9829,0.993,681660.6702500004
2026-04-17 08:00:00+00:00,0.9928,1.003,0.9921,0.9997,1009808.2564900004
2026-04-17 09:00:00+00:00,0.9992,1.0057,0.9937,0.9995,851836.80675
2026-04-17 10:00:00+00:00,0.9994,1.002,0.9839,0.9879,657004.45652
2026-04-17 11:00:00+00:00,0.9878,1.002,0.9875,1.0008,643455.0484699996
2026-04-17 12:00:00+00:00,1.0009,1.0167,0.997,1.0111,2792973.8959700144
2026-04-17 13:00:00+00:00,1.0108,1.0441,1.0062,1.0386,5415370.393030003
2026-04-17 14:00:00+00:00,1.0387,1.043,1.0308,1.0368,2414377.8150299992
2026-04-17 15:00:00+00:00,1.0364,1.0374,1.0199,1.0255,2124377.75124
2026-04-17 16:00:00+00:00,1.0256,1.0354,1.0233,1.035,1439789.6126399997
2026-04-17 17:00:00+00:00,1.0352,1.0353,1.0137,1.0207,1835352.5120000003
2026-04-17 18:00:00+00:00,1.0207,1.0223,1.01,1.0141,1147401.3225500004
2026-04-17 19:00:00+00:00,1.0142,1.0192,1.0106,1.0145,1409168.746010027
2026-04-17 20:00:00+00:00,1.0146,1.018,1.0067,1.0127,888083.8100099998
2026-04-17 21:00:00+00:00,1.0125,1.0178,1.0076,1.0121,455314.5067399999
2026-04-17 22:00:00+00:00,1.012,1.0149,1.0093,1.01,697396.2094599999
2026-04-17 23:00:00+00:00,1.0096,1.0096,0.9955,0.9971,2258089.6120744213
2026-04-18 00:00:00+00:00,0.997,1.0026,0.9927,0.9962,845056.18012
2026-04-18 01:00:00+00:00,0.996,1.0011,0.9919,0.9951,435641.22177
2026-04-18 02:00:00+00:00,0.9951,1.0004,0.9913,0.9984,404682.6382500001
2026-04-18 03:00:00+00:00,0.9983,1.0017,0.9945,0.9975,1123415.1298999998
2026-04-18 04:00:00+00:00,0.9976,1.0038,0.9954,1.0005,779384.5297600001
2026-04-18 05:00:00+00:00,1.0011,1.005,0.9997,1.0048,268697.62137
2026-04-18 06:00:00+00:00,1.0047,1.0048,0.9989,1.0012,190410.87948
2026-04-18 07:00:00+00:00,1.0009,1.0095,1.0002,1.0056,600419.5780099999
2026-04-18 08:00:00+00:00,1.0055,1.00713,0.9839,0.9905,1070327.0668099995
2026-04-18 09:00:00+00:00,0.9903,0.9913,0.9821,0.9851,726410.1199800008
2026-04-18 10:00:00+00:00,0.9847,0.9849,0.9724,0.9763,3043928.510840009
2026-04-18 11:00:00+00:00,0.9761,0.9761,0.9582,0.9616,1350396.2199800014
2026-04-18 12:00:00+00:00,0.9615,0.9693,0.9594,0.9689,933738.148910002
2026-04-18 13:00:00+00:00,0.9688,0.9704,0.9601,0.9661,906960.8839700032
2026-04-18 14:00:00+00:00,0.9662,0.9702,0.9635,0.969,552325.9409399999
2026-04-18 15:00:00+00:00,0.969,0.9725,0.9643,0.9675,343772.49920000014
2026-04-18 16:00:00+00:00,0.9672,0.9688,0.96,0.9623,785699.6079900002
2026-04-18 17:00:00+00:00,0.9627,0.9632,0.9563,0.9609,820932.9470800007
2026-04-18 18:00:00+00:00,0.9607,0.963,0.9513,0.9535,1070597.89911
2026-04-18 19:00:00+00:00,0.9535,0.9599,0.9532,0.95542,348845.0657100001
2026-04-18 20:00:00+00:00,0.9554,0.9602,0.9531,0.958,214068.07261
2026-04-18 21:00:00+00:00,0.9581,0.9615,0.9571,0.9609,116876.7199
2026-04-18 22:00:00+00:00,0.961,0.9627,0.9575,0.9613,494225.45554
2026-04-18 23:00:00+00:00,0.9612,0.9642,0.9567,0.957,191172.5736993501
2026-04-19 00:00:00+00:00,0.957,0.9589,0.9519,0.9554,744089.2369199998
2026-04-19 01:00:00+00:00,0.9556,0.9586,0.9483,0.9515,325616.81724000006
2026-04-19 02:00:00+00:00,0.9518,0.9533,0.9431,0.9483,1082377.7198800012
2026-04-19 03:00:00+00:00,0.9482,0.953,0.9433,0.9483,318641.49409
2026-04-19 04:00:00+00:00,0.9483,0.952,0.9421,0.9489,706792.7513300009
2026-04-19 05:00:00+00:00,0.949,0.952,0.9461,0.9462,148926.10447000002
2026-04-19 06:00:00+00:00,0.946,0.9489,0.9411,0.9476,347511.32531
2026-04-19 07:00:00+00:00,0.9478,0.9483,0.937,0.9454,1068394.8456800005
2026-04-19 08:00:00+00:00,0.9453,0.9461,0.9422,0.945,269334.06078
2026-04-19 09:00:00+00:00,0.9448,0.9459,0.9405,0.9423,212408.75459
2026-04-19 10:00:00+00:00,0.9421,0.9453,0.9399,0.9447,124638.85522000004
2026-04-19 11:00:00+00:00,0.9443,0.9561,0.9441,0.9554,765044.1672300005
2026-04-19 12:00:00+00:00,0.9552,0.9592,0.9525,0.9564,1114396.8138400023
2026-04-19 13:00:00+00:00,0.9562,0.9677,0.9556,0.9623,563410.69462
2026-04-19 14:00:00+00:00,0.9624,0.9721,0.9574,0.9669,584612.13055
2026-04-19 15:00:00+00:00,0.9669,0.9671,0.9474,0.9593,638383.04472
2026-04-19 16:00:00+00:00,0.9594,0.96094,0.9492,0.9517,442754.51301
2026-04-19 17:00:00+00:00,0.9515,0.9517,0.9385,0.9387,1267303.5017600032
2026-04-19 18:00:00+00:00,0.9389,0.9417,0.9344,0.94017,787697.7690400002
2026-04-19 19:00:00+00:00,0.9399,0.9471,0.9399,0.9447,552866.6512699999
2026-04-19 20:00:00+00:00,0.9447,0.9447,0.9331,0.938,1391305.8674100027
2026-04-19 21:00:00+00:00,0.938,0.9405,0.9321,0.9333,499174.9822900002
2026-04-19 22:00:00+00:00,0.9332,0.9332,0.9172,0.9246,1602613.9828700004
2026-04-19 23:00:00+00:00,0.9247,0.9247,0.9201,0.923,306521.5209961402
2026-04-20 00:00:00+00:00,0.9231,0.933,0.9208,0.9306,1847841.7641241096
2026-04-20 01:00:00+00:00,0.9306,0.9367,0.9294,0.9355,528163.5592900001
2026-04-20 02:00:00+00:00,0.9355,0.9373,0.9291,0.9356,269771.60092013
2026-04-20 03:00:00+00:00,0.9357,0.9407,0.9334,0.9392,272899.55516807
2026-04-20 04:00:00+00:00,0.9392,0.9412,0.9358,0.9394,76031.98294999995
2026-04-20 05:00:00+00:00,0.9391,0.9393,0.9283,0.931,267986.84013
2026-04-20 06:00:00+00:00,0.9311,0.9426,0.9302,0.9386,224995.38229471003
2026-04-20 07:00:00+00:00,0.9388,0.9545,0.9377,0.9447,1162181.3714169902
2026-04-20 08:00:00+00:00,0.9448,0.9454,0.939,0.9402,362848.20031984
2026-04-20 09:00:00+00:00,0.9401,0.9469,0.9367,0.937,1049050.3654530211
2026-04-20 10:00:00+00:00,0.9375,0.9467,0.9342,0.9412,1132564.084913842
2026-04-20 11:00:00+00:00,0.9412,0.9441,0.9393,0.9426,246131.30979585004
2026-04-20 12:00:00+00:00,0.9427,0.9478,0.9406,0.9452,299830.8222129999
2026-04-20 13:00:00+00:00,0.9454,0.9479,0.9393,0.9445,693202.8189213694
2026-04-20 14:00:00+00:00,0.9445,0.9498,0.9346,0.9369,751002.4261977996
2026-04-20 15:00:00+00:00,0.9372,0.9463,0.931,0.9448,1019761.0489939596
2026-04-20 16:00:00+00:00,0.9449,0.9452,0.9391,0.9401,339112.6131730701
2026-04-20 17:00:00+00:00,0.9402,0.9481,0.9395,0.9464,589545.8505708601
2026-04-20 18:00:00+00:00,0.9467,0.9541,0.9465,0.9519,929360.4426231995
2026-04-20 19:00:00+00:00,0.9519,0.9534,0.9473,0.9481,577335.6818626799
2026-04-20 20:00:00+00:00,0.948,0.9532,0.946,0.9517,464287.6847668102
2026-04-20 21:00:00+00:00,0.9517,0.9567,0.9482,0.9514,917257.4470373197
2026-04-20 22:00:00+00:00,0.9516,0.9535,0.947,0.9477,190278.10633
2026-04-20 23:00:00+00:00,0.9476,0.9476,0.9416,0.9446,587449.32270289
2026-04-21 00:00:00+00:00,0.9448,0.9504,0.9444,0.9493,289839.39143284
2026-04-21 01:00:00+00:00,0.9493,0.9519,0.9462,0.9471,167507.17111306998
2026-04-21 02:00:00+00:00,0.9472,0.9473,0.94175,0.9421,326665.02257126005
2026-04-21 03:00:00+00:00,0.9419,0.9443,0.9376,0.9424,227765.67685769004
2026-04-21 04:00:00+00:00,0.9423,0.9469,0.9409,0.9464,248656.83894189
2026-04-21 05:00:00+00:00,0.9462,0.9515,0.946,0.9482,163344.50318513997
2026-04-21 06:00:00+00:00,0.9483,0.9509,0.9431,0.946,186293.50120118004
2026-04-21 07:00:00+00:00,0.946,0.9522,0.9437,0.9488,290481.05002
2026-04-21 08:00:00+00:00,0.9485,0.9611,0.948,0.9554,671857.5680699999
2026-04-21 09:00:00+00:00,0.9553,0.9629,0.9524,0.9575,887320.6165875101
2026-04-21 10:00:00+00:00,0.9577,0.9609,0.952,0.9595,1271494.2618140304
2026-04-21 11:00:00+00:00,0.9594,0.9617,0.9536,0.9561,614861.5369389798
2026-04-21 12:00:00+00:00,0.9561,0.9574,0.9445,0.9497,663640.91675654
2026-04-21 13:00:00+00:00,0.9498,0.9503,0.9445,0.9471,539203.13814186
2026-04-21 14:00:00+00:00,0.9474,0.9588,0.9434,0.9458,462975.07850978
2026-04-21 15:00:00+00:00,0.9459,0.95,0.9405,0.9465,803187.7779811701
2026-04-21 16:00:00+00:00,0.9466,0.9493,0.9399,0.9404,621494.8276060298
2026-04-21 17:00:00+00:00,0.9402,0.9447,0.9289,0.9386,2279693.874938611
2026-04-21 18:00:00+00:00,0.9387,0.9404,0.9336,0.9393,524681.79942824
2026-04-21 19:00:00+00:00,0.9393,0.9437,0.9266,0.93,954627.68656708
2026-04-21 20:00:00+00:00,0.9298,0.9442,0.929,0.9402,942547.5552376698
2026-04-21 21:00:00+00:00,0.9398,0.9409,0.9361,0.9389,427960.6896438
2026-04-21 22:00:00+00:00,0.9386,0.9404,0.9343,0.9394,459828.9813588201
2026-04-21 23:00:00+00:00,0.9393,0.9507,0.939,0.9497,351535.51690367993
2026-04-22 00:00:00+00:00,0.9499,0.9519,0.9489,0.9509,458851.26258189
2026-04-22 01:00:00+00:00,0.951,0.9515,0.9447,0.9457,227531.99626
2026-04-22 02:00:00+00:00,0.9457,0.9637,0.9442,0.963,1878551.018490071
2026-04-22 03:00:00+00:00,0.9631,0.966,0.9584,0.9623,1124758.1167580695
2026-04-22 04:00:00+00:00,0.9622,0.9661,0.95771,0.9649,561088.17285567
2026-04-22 05:00:00+00:00,0.9646,0.9765,0.9628,0.9688,1620808.1198326095
2026-04-22 06:00:00+00:00,0.9688,0.9696,0.9659,0.9687,387922.48269604985
2026-04-22 07:00:00+00:00,0.9691,0.9696,0.965,0.9677,349356.0536934902
2026-04-22 08:00:00+00:00,0.9679,0.9704,0.9658,0.9679,292679.56294852006
2026-04-22 09:00:00+00:00,0.9678,0.9712,0.9672,0.9678,282743.55138999975
2026-04-22 10:00:00+00:00,0.9678,0.9736,0.9663,0.9731,446768.72263571
2026-04-22 11:00:00+00:00,0.9731,0.9762,0.9699,0.9714,690416.89668441
2026-04-22 12:00:00+00:00,0.9715,0.9733,0.9649,0.9684,966042.9190860604
2026-04-22 13:00:00+00:00,0.9682,0.9754,0.9654,0.9722,1064224.8389128605
2026-04-22 14:00:00+00:00,0.9721,0.9764,0.9678,0.9727,1003863.6138976902
2026-04-22 15:00:00+00:00,0.9725,0.9764,0.9687,0.9714,1316043.0599830702
2026-04-22 16:00:00+00:00,0.9712,0.9734,0.9617,0.9618,1210519.2000387402
2026-04-22 17:00:00+00:00,0.9619,0.9687,0.9614,0.9663,908193.5224146604
2026-04-22 18:00:00+00:00,0.9674,0.9713,0.9657,0.9663,471707.5905118001
2026-04-22 19:00:00+00:00,0.9667,0.9668,0.9533,0.9589,1648152.3403567402
2026-04-22 20:00:00+00:00,0.9587,0.9589,0.952,0.9527,765667.9372599997
2026-04-22 21:00:00+00:00,0.9528,0.9607,0.9527,0.9594,287171.06583
2026-04-22 22:00:00+00:00,0.959,0.9601,0.9532,0.9546,491982.48311461
2026-04-22 23:00:00+00:00,0.9548,0.955,0.94417,0.945,481867.3980990499
2026-04-23 00:00:00+00:00,0.9448,0.9474,0.931,0.9446,774212.3378123901
2026-04-23 01:00:00+00:00,0.9447,0.9454,0.9378,0.9428,304407.9431802601
2026-04-23 02:00:00+00:00,0.9428,0.9428,0.93233,0.9358,439279.58101014
2026-04-23 03:00:00+00:00,0.9356,0.9375,0.9288,0.9336,663121.3209183298
2026-04-23 04:00:00+00:00,0.9334,0.9383,0.932,0.9369,413698.8886549601
2026-04-23 05:00:00+00:00,0.9369,0.9401,0.9342,0.9378,328332.8688611801
2026-04-23 06:00:00+00:00,0.9379,0.9456,0.9379,0.9431,433779.41482850007
2026-04-23 07:00:00+00:00,0.9432,0.9437,0.9387,0.9393,124611.17542117996
2026-04-23 08:00:00+00:00,0.939,0.9411,0.9368,0.9393,199586.4396
2026-04-23 09:00:00+00:00,0.9392,0.9392,0.9303,0.9361,896561.5838152802
2026-04-23 10:00:00+00:00,0.9359,0.9369,0.9311,0.9334,413114.54920642
2026-04-23 11:00:00+00:00,0.9335,0.9431,0.9333,0.9389,551253.7968553506
2026-04-23 12:00:00+00:00,0.939,0.9422,0.9369,0.9405,697993.2879000002
2026-04-23 13:00:00+00:00,0.9406,0.943,0.9373,0.939,963031.68396
2026-04-23 14:00:00+00:00,0.9387,0.9476,0.9367,0.9467,860575.9037400003
2026-04-23 15:00:00+00:00,0.9464,0.955,0.9445,0.9497,459526.76648215984
2026-04-23 16:00:00+00:00,0.9496,0.9502,0.9415,0.9422,176398.35470000008
2026-04-23 17:00:00+00:00,0.9423,0.9433,0.9237,0.9343,1313614.0444205003
2026-04-23 18:00:00+00:00,0.9342,0.9383,0.9314,0.9314,595288.4689999997
2026-04-23 19:00:00+00:00,0.9311,0.9368,0.9308,0.9343,267144.79347721
2026-04-23 20:00:00+00:00,0.9345,0.9432,0.9341,0.9393,352610.33420000004
2026-04-23 21:00:00+00:00,0.9395,0.9453,0.9392,0.9418,159658.07202
2026-04-23 22:00:00+00:00,0.942,0.9479,0.942,0.9439,227881.54778
2026-04-23 23:00:00+00:00,0.9437,0.9471,0.9418,0.9459,88064.37666
2026-04-24 00:00:00+00:00,0.9461,0.9515,0.946,0.9515,536655.1888599996
2026-04-24 01:00:00+00:00,0.9516,0.9536,0.9447,0.9533,178666.84459
2026-04-24 02:00:00+00:00,0.9532,0.95401,0.9473,0.9491,200855.90612496
2026-04-24 03:00:00+00:00,0.9489,0.9489,0.939,0.9436,483872.4289399201
2026-04-24 04:00:00+00:00,0.9437,0.9441,0.9389,0.9403,224925.20828365
2026-04-24 05:00:00+00:00,0.9404,0.9468,0.9361,0.9442,476289.2773240901
2026-04-24 06:00:00+00:00,0.9446,0.9472,0.9429,0.9439,454055.0368260001
2026-04-24 07:00:00+00:00,0.944,0.9474,0.9414,0.943,488288.25337000017
2026-04-24 08:00:00+00:00,0.9429,0.9484,0.9419,0.9452,188205.15125461
2026-04-24 09:00:00+00:00,0.9454,0.9459,0.9398,0.9412,172146.13517937995
2026-04-24 10:00:00+00:00,0.9411,0.9469,0.9394,0.9458,223515.66442
2026-04-24 11:00:00+00:00,0.9457,0.9524,0.9456,0.9504,577329.64063483
2026-04-24 12:00:00+00:00,0.9505,0.9534,0.9468,0.9488,269471.80001532
2026-04-24 13:00:00+00:00,0.9486,0.9532,0.944,0.9463,473553.5697028398
2026-04-24 14:00:00+00:00,0.9462,0.9507,0.9431,0.9497,1110831.57637443
2026-04-24 15:00:00+00:00,0.9495,0.9541,0.9431,0.9533,899383.1817040201
2026-04-24 16:00:00+00:00,0.9535,0.954,0.9464,0.9506,174586.81024000008
2026-04-24 17:00:00+00:00,0.9506,0.9537,0.9476,0.9519,292489.47903036
2026-04-24 18:00:00+00:00,0.9517,0.9523,0.9464,0.9501,272223.74881999986
2026-04-24 19:00:00+00:00,0.9503,0.9523,0.9483,0.9509,230556.7193400001
2026-04-24 20:00:00+00:00,0.9512,0.9562,0.9474,0.9545,458281.83718
2026-04-24 21:00:00+00:00,0.9545,0.9562,0.949,0.9505,459569.6344828903
2026-04-24 22:00:00+00:00,0.9504,0.9504,0.9433,0.9447,276917.16868307
2026-04-24 23:00:00+00:00,0.945,0.947,0.9441,0.9464,84321.14201
2026-04-25 00:00:00+00:00,0.9463,0.9477,0.9439,0.9471,217397.48822118
2026-04-25 01:00:00+00:00,0.9473,0.95088,0.9468,0.9494,95801.81241
2026-04-25 02:00:00+00:00,0.9492,0.9525,0.9464,0.9515,150622.49902496007
2026-04-25 03:00:00+00:00,0.9516,0.9532,0.9487,0.9512,49581.846307080006
2026-04-25 04:00:00+00:00,0.9514,0.9535,0.9476,0.9476,224181.83425
2026-04-25 05:00:00+00:00,0.9475,0.9489,0.9422,0.9487,509367.9556197901
2026-04-25 06:00:00+00:00,0.9488,0.9532,0.9488,0.9499,80585.95243188996
2026-04-25 07:00:00+00:00,0.9498,0.9517,0.94802,0.9498,84988.39134756
2026-04-25 08:00:00+00:00,0.9497,0.9534,0.9495,0.9524,87174.91533306999
2026-04-25 09:00:00+00:00,0.9525,0.9549,0.9508,0.9533,157026.2779
2026-04-25 10:00:00+00:00,0.9533,0.9548,0.9521,0.9529,208264.8327500001
2026-04-25 11:00:00+00:00,0.9528,0.9528,0.9439,0.9463,173386.02467000007
2026-04-25 12:00:00+00:00,0.9462,0.947,0.94313,0.9447,158441.82442634995
2026-04-25 13:00:00+00:00,0.9446,0.9486,0.9423,0.9456,444004.6900469404
2026-04-25 14:00:00+00:00,0.9459,0.9473,0.9436,0.944,154711.54341
2026-04-25 15:00:00+00:00,0.9441,0.947,0.9394,0.9413,159623.87460543
2026-04-25 16:00:00+00:00,0.9412,0.9438,0.93322,0.9372,444054.4376403
2026-04-25 17:00:00+00:00,0.9371,0.9383,0.9323,0.9332,262978.50798141
2026-04-25 18:00:00+00:00,0.9331,0.9373,0.9322,0.9333,365327.09660392
2026-04-25 19:00:00+00:00,0.93312,0.9358,0.9311,0.9334,336797.63098517014
2026-04-25 20:00:00+00:00,0.9332,0.936,0.9317,0.936,312525.54548000003
2026-04-25 21:00:00+00:00,0.936,0.9377,0.9348,0.9355,172202.04682000008
2026-04-25 22:00:00+00:00,0.9357,0.9397,0.935,0.9384,177088.61528621998
2026-04-25 23:00:00+00:00,0.9378,0.9395,0.9367,0.9388,193586.26596471
2026-04-26 00:00:00+00:00,0.9389,0.9391,0.9348,0.9361,137512.50613
2026-04-26 01:00:00+00:00,0.936,0.9362,0.9328,0.9328,86281.37304
2026-04-26 02:00:00+00:00,0.9331,0.9376,0.9331,0.9368,58111.80877
2026-04-26 03:00:00+00:00,0.9369,0.9386,0.9326,0.9356,69877.95182
2026-04-26 04:00:00+00:00,0.9357,0.9408,0.934,0.9378,165781.7031
2026-04-26 05:00:00+00:00,0.9381,0.9449,0.9377,0.9415,277482.81517
2026-04-26 06:00:00+00:00,0.9417,0.9454,0.9414,0.9438,119041.91006
2026-04-26 07:00:00+00:00,0.9439,0.9485,0.9426,0.9482,203503.32391
2026-04-26 08:00:00+00:00,0.9483,0.9498,0.9442,0.9443,348106.80307
2026-04-26 09:00:00+00:00,0.9443,0.9466,0.94109,0.9457,449326.5276800023
2026-04-26 10:00:00+00:00,0.9456,0.9472,0.944,0.947,52580.76800000001
2026-04-26 11:00:00+00:00,0.9471,0.9502,0.9459,0.9488,162253.67298
2026-04-26 12:00:00+00:00,0.9487,0.9492,0.9413,0.9429,437690.0683500001
2026-04-26 13:00:00+00:00,0.9427,0.9447,0.9408,0.942,226826.27787
2026-04-26 14:00:00+00:00,0.9417,0.9483,0.9411,0.9463,192901.90164
2026-04-26 15:00:00+00:00,0.9463,0.9482,0.94476,0.947,152104.10184000002
2026-04-26 16:00:00+00:00,0.9473,0.9474,0.94163,0.9427,276111.797
2026-04-26 17:00:00+00:00,0.9426,0.9447,0.9399,0.944,132288.01999000003
2026-04-26 18:00:00+00:00,0.9441,0.9481,0.9425,0.94608,206188.04544
2026-04-26 19:00:00+00:00,0.9466,0.9505,0.9458,0.9465,405298.0107900001
2026-04-26 20:00:00+00:00,0.9466,0.9493,0.9449,0.94493,311351.2211799999
2026-04-26 21:00:00+00:00,0.9449,0.9469,0.938,0.9467,349093.63102
2026-04-26 22:00:00+00:00,0.9463,0.9512,0.9418,0.9434,375865.3820599999
2026-04-26 23:00:00+00:00,0.9434,0.9497,0.9417,0.94598,296938.0175
2026-04-27 00:00:00+00:00,0.9459,0.9539,0.9423,0.9533,358075.5309
2026-04-27 01:00:00+00:00,0.9534,0.9617,0.9514,0.9599,623783.54301
2026-04-27 02:00:00+00:00,0.96,0.9606,0.954,0.9564,524051.6127899999
2026-04-27 03:00:00+00:00,0.9562,0.9616,0.9557,0.9571,296804.76050000003
2026-04-27 04:00:00+00:00,0.9569,0.9638,0.9558,0.9583,756824.8783600018
2026-04-27 05:00:00+00:00,0.9584,0.9585,0.9322,0.9346,2904659.126100006
2026-04-27 06:00:00+00:00,0.9345,0.9363,0.9255,0.9301,503027.9062900002
2026-04-27 07:00:00+00:00,0.9301,0.9308,0.9243,0.9251,259372.42776
2026-04-27 08:00:00+00:00,0.925,0.9292,0.9227,0.9289,346961.4623899999
2026-04-27 09:00:00+00:00,0.929,0.93141,0.9277,0.9298,468712.43419
2026-04-27 10:00:00+00:00,0.9297,0.9321,0.9285,0.92944,518585.29574999993
2026-04-27 11:00:00+00:00,0.9293,0.9303,0.9269,0.9295,196606.25353000005
2026-04-27 12:00:00+00:00,0.9298,0.9306,0.9272,0.9284,351513.0211700001
2026-04-27 13:00:00+00:00,0.9286,0.9318,0.9248,0.9285,414037.93447
2026-04-27 14:00:00+00:00,0.9285,0.9396,0.9278,0.9345,667912.9989199998
2026-04-27 15:00:00+00:00,0.9346,0.9348,0.9137,0.9212,4202661.485120015
2026-04-27 16:00:00+00:00,0.9211,0.9247,0.9194,0.9217,391826.83043999993
2026-04-27 17:00:00+00:00,0.9218,0.9275,0.9213,0.9251,252029.24288
2026-04-27 18:00:00+00:00,0.9251,0.9273,0.9236,0.9244,276020.94229999994
2026-04-27 19:00:00+00:00,0.9241,0.9254,0.9184,0.923,358942.7958099999
2026-04-27 20:00:00+00:00,0.9231,0.926,0.923,0.9242,145916.73652
2026-04-27 21:00:00+00:00,0.9242,0.9269,0.92179,0.9237,132991.14876999997
2026-04-27 22:00:00+00:00,0.9238,0.9305,0.9235,0.9299,208279.4911400001
2026-04-27 23:00:00+00:00,0.9297,0.936,0.929,0.9353,548327.2645900002
2026-04-28 00:00:00+00:00,0.9357,0.9357,0.9307,0.9341,172783.96361999994
2026-04-28 01:00:00+00:00,0.934,0.9354,0.9325,0.9331,139508.07609000002
2026-04-28 02:00:00+00:00,0.9333,0.9345,0.9253,0.9286,101196.57523000002
2026-04-28 03:00:00+00:00,0.9285,0.9301,0.92659,0.9301,105480.74485
2026-04-28 04:00:00+00:00,0.9301,0.9328,0.9279,0.93065,151461.85955
2026-04-28 05:00:00+00:00,0.9308,0.9362,0.9307,0.9328,222240.30074000004
2026-04-28 06:00:00+00:00,0.9329,0.9356,0.9239,0.927,252278.39958000008
2026-04-28 07:00:00+00:00,0.9273,0.9286,0.9208,0.926,992172.2114000028
2026-04-28 08:00:00+00:00,0.9262,0.9322,0.92442,0.9278,1249140.9066300038
2026-04-28 09:00:00+00:00,0.9279,0.9281,0.9217,0.9234,191778.14449
2026-04-28 10:00:00+00:00,0.9235,0.9257,0.9222,0.9246,344025.45018000004
2026-04-28 11:00:00+00:00,0.9247,0.9253,0.9173,0.9187,470602.27243
2026-04-28 12:00:00+00:00,0.9187,0.92323,0.917,0.9224,1465989.14241
2026-04-28 13:00:00+00:00,0.9223,0.9264,0.9145,0.9217,1077572.98062
2026-04-28 14:00:00+00:00,0.9215,0.9215,0.9126,0.9193,426068.4526
2026-04-28 15:00:00+00:00,0.9197,0.92151,0.9176,0.9207,357845.71125
2026-04-28 16:00:00+00:00,0.9208,0.9219,0.917,0.9202,288758.5009199999
2026-04-28 17:00:00+00:00,0.9202,0.9239,0.9167,0.9214,214957.00425000003
2026-04-28 18:00:00+00:00,0.9213,0.926,0.9212,0.9254,259869.64909
2026-04-28 19:00:00+00:00,0.9253,0.9284,0.9235,0.9274,589391.1772400001
2026-04-28 20:00:00+00:00,0.9275,0.9292,0.9251,0.9264,184800.14775
2026-04-28 21:00:00+00:00,0.9266,0.9292,0.9235,0.9249,251101.27654
2026-04-28 22:00:00+00:00,0.9248,0.9273,0.9228,0.9243,250352.93949000005
2026-04-28 23:00:00+00:00,0.9241,0.9259,0.9226,0.9259,260093.71479
2026-04-29 00:00:00+00:00,0.9254,0.9262,0.9232,0.925,127230.25847999996
2026-04-29 01:00:00+00:00,0.925,0.9267,0.92119,0.9255,186873.85196
2026-04-29 02:00:00+00:00,0.9257,0.9275,0.9224,0.9248,515184.2746200017
2026-04-29 03:00:00+00:00,0.9249,0.9328,0.9249,0.9321,197867.40764
2026-04-29 04:00:00+00:00,0.9321,0.9378,0.9296,0.9353,343359.2500699999
2026-04-29 05:00:00+00:00,0.9354,0.9363,0.9328,0.9337,314618.06582
2026-04-29 06:00:00+00:00,0.9335,0.9346,0.9293,0.9305,175330.04092
2026-04-29 07:00:00+00:00,0.9312,0.9332,0.928,0.9305,105797.49797
2026-04-29 08:00:00+00:00,0.9308,0.931,0.9257,0.9268,107547.97552999998
2026-04-29 09:00:00+00:00,0.9267,0.93751,0.9258,0.9356,420752.11442000006
2026-04-29 10:00:00+00:00,0.9357,0.9377,0.931,0.9322,439349.24334
2026-04-29 11:00:00+00:00,0.9321,0.9326,0.9277,0.9297,227453.5783499999
2026-04-29 12:00:00+00:00,0.9299,0.9299,0.9175,0.9229,592506.9728100001
2026-04-29 13:00:00+00:00,0.9228,0.9239,0.9129,0.9192,411145.04135
2026-04-29 14:00:00+00:00,0.9191,0.921,0.9152,0.9161,224752.71319
2026-04-29 15:00:00+00:00,0.9161,0.917,0.8986,0.9018,1325407.85573
2026-04-29 16:00:00+00:00,0.9014,0.9052,0.8992,0.9015,459305.3436
2026-04-29 17:00:00+00:00,0.9016,0.9089,0.9011,0.9089,546387.6863500001
2026-04-29 18:00:00+00:00,0.9087,0.91,0.8811,0.8984,2611044.369690007
2026-04-29 19:00:00+00:00,0.8985,0.9001,0.894,0.8979,373396.49960000016
2026-04-29 20:00:00+00:00,0.8979,0.9039,0.8971,0.9016,486039.81669
2026-04-29 21:00:00+00:00,0.9011,0.9089,0.9004,0.9058,262055.65261000005
2026-04-29 22:00:00+00:00,0.9058,0.9075,0.9041,0.9059,67177.44315
2026-04-29 23:00:00+00:00,0.9059,0.9076,0.9037,0.907,179791.36125
2026-04-30 00:00:00+00:00,0.9069,0.918,0.9061,0.9162,358209.9652300001
2026-04-30 01:00:00+00:00,0.9165,0.9183,0.9127,0.9149,193956.59417
2026-04-30 02:00:00+00:00,0.9147,0.9165,0.9056,0.911,319599.85715000005
2026-04-30 03:00:00+00:00,0.9109,0.9127,0.9074,0.9112,209859.13749000005
2026-04-30 04:00:00+00:00,0.9114,0.9115,0.9013,0.9021,219643.50497000007
2026-04-30 05:00:00+00:00,0.9025,0.905,0.8983,0.9012,253418.2975
2026-04-30 06:00:00+00:00,0.9014,0.9055,0.9007,0.9044,114779.94157999996
2026-04-30 07:00:00+00:00,0.9046,0.9101,0.9036,0.9096,696238.0427100001
2026-04-30 08:00:00+00:00,0.9097,0.9105,0.9061,0.9068,452270.46437
2026-04-30 09:00:00+00:00,0.907,0.9128,0.9058,0.9076,225135.3226
2026-04-30 10:00:00+00:00,0.9077,0.9085,0.9028,0.9037,114679.19685999998
2026-04-30 11:00:00+00:00,0.9039,0.9088,0.9026,0.9063,245035.15275
2026-04-30 12:00:00+00:00,0.9065,0.91048,0.9056,0.9057,135749.47996000003
2026-04-30 13:00:00+00:00,0.9057,0.9089,0.9017,0.9049,289193.18588
2026-04-30 14:00:00+00:00,0.9047,0.90815,0.9018,0.9021,336275.4767
2026-04-30 15:00:00+00:00,0.9025,0.9095,0.901,0.9076,284792.8163200001
2026-04-30 16:00:00+00:00,0.9075,0.9085,0.9047,0.9057,134694.06080999997
2026-04-30 17:00:00+00:00,0.9057,0.9075,0.9043,0.90605,245298.24273000003
2026-04-30 18:00:00+00:00,0.906,0.9097,0.9045,0.9064,622456.7815600032
2026-04-30 19:00:00+00:00,0.9064,0.9087,0.9061,0.90701,471123.0108799999
2026-04-30 20:00:00+00:00,0.907,0.9086,0.9057,0.908,308214.93357
2026-04-30 21:00:00+00:00,0.9078,0.9087,0.9042,0.9045,350566.6327000001
2026-04-30 22:00:00+00:00,0.9043,0.9066,0.9036,0.9044,197833.82981
2026-04-30 23:00:00+00:00,0.9042,0.9084,0.9041,0.9078,101010.60387999998
2026-05-01 00:00:00+00:00,0.9079,0.9116,0.9063,0.9074,255159.48879000003
2026-05-01 01:00:00+00:00,0.9075,0.913,0.9074,0.9119,133062.48612000005
2026-05-01 02:00:00+00:00,0.9117,0.9122,0.9087,0.9114,147168.55161000002
2026-05-01 03:00:00+00:00,0.9112,0.9203,0.9101,0.9159,512546.2787699998
2026-05-01 04:00:00+00:00,0.9162,0.9196,0.9147,0.9159,249212.6051199999
2026-05-01 05:00:00+00:00,0.9162,0.919,0.9153,0.916,186268.1121500001
2026-05-01 06:00:00+00:00,0.9161,0.9189,0.9127,0.914,390875.28521
2026-05-01 07:00:00+00:00,0.9139,0.9161,0.91212,0.9148,246179.92469999992
2026-05-01 08:00:00+00:00,0.9149,0.9175,0.914,0.9167,92113.41502
2026-05-01 09:00:00+00:00,0.9164,0.9166,0.9116,0.9133,178239.14527999997
2026-05-01 10:00:00+00:00,0.9136,0.914,0.9092,0.9135,182636.10246
2026-05-01 11:00:00+00:00,0.9136,0.9161,0.9113,0.9142,262555.14193999994
2026-05-01 12:00:00+00:00,0.9143,0.9192,0.9128,0.9163,564481.1360599998
2026-05-01 13:00:00+00:00,0.9167,0.9269,0.9166,0.9253,1317251.0943499997
2026-05-01 14:00:00+00:00,0.9254,0.9261,0.9177,0.9224,463232.78815000015
2026-05-01 15:00:00+00:00,0.9223,0.9282,0.9189,0.9248,1238622.9778400008
2026-05-01 16:00:00+00:00,0.9253,0.9274,0.9216,0.9237,327282.55896999995
2026-05-01 17:00:00+00:00,0.9237,0.926,0.9214,0.9253,212195.4163099999
2026-05-01 18:00:00+00:00,0.9254,0.9266,0.9236,0.9253,260673.11101
2026-05-01 19:00:00+00:00,0.9254,0.927,0.9221,0.9241,385991.07925
2026-05-01 20:00:00+00:00,0.9243,0.9248,0.9177,0.9204,290632.6462599999
2026-05-01 21:00:00+00:00,0.9202,0.9231,0.9189,0.9227,195753.03888
2026-05-01 22:00:00+00:00,0.9226,0.9245,0.9187,0.9205,497406.7561900001
2026-05-01 23:00:00+00:00,0.9204,0.9204,0.9163,0.9186,180343.91017
2026-05-02 00:00:00+00:00,0.9191,0.92,0.9157,0.9194,203890.04012
2026-05-02 01:00:00+00:00,0.9193,0.9219,0.9179,0.9204,73717.92355999998
2026-05-02 02:00:00+00:00,0.9202,0.9211,0.9183,0.9183,117319.17688
2026-05-02 03:00:00+00:00,0.9186,0.9211,0.916,0.9199,476735.5613800003
2026-05-02 04:00:00+00:00,0.9199,0.9199,0.9164,0.9181,75220.80069999999
2026-05-02 05:00:00+00:00,0.9183,0.9184,0.9144,0.9164,160019.60663999998
2026-05-02 06:00:00+00:00,0.9165,0.9203,0.9154,0.92,110126.66632
2026-05-02 07:00:00+00:00,0.9199,0.9206,0.9162,0.9172,118378.4976
2026-05-02 08:00:00+00:00,0.9172,0.918,0.9161,0.9169,91343.27837
2026-05-02 09:00:00+00:00,0.9168,0.9204,0.91656,0.9195,165505.65773000004
2026-05-02 10:00:00+00:00,0.9194,0.9199,0.9181,0.9182,35856.68816
2026-05-02 11:00:00+00:00,0.9181,0.9187,0.91568,0.9164,399680.3159500001
2026-05-02 12:00:00+00:00,0.9166,0.9186,0.9162,0.9172,183731.30079
2026-05-02 13:00:00+00:00,0.9173,0.9206,0.9172,0.9198,158580.94750000004
2026-05-02 14:00:00+00:00,0.9195,0.9222,0.9193,0.9213,114487.13260000004
2026-05-02 15:00:00+00:00,0.9213,0.9285,0.9179,0.9267,1126837.1218700053
2026-05-02 16:00:00+00:00,0.9268,0.928,0.92375,0.9273,271880.0801099999
2026-05-02 17:00:00+00:00,0.9276,0.9276,0.9229,0.9233,127334.23863999997
2026-05-02 18:00:00+00:00,0.923,0.9262,0.9208,0.9251,150467.32713
2026-05-02 19:00:00+00:00,0.9251,0.9274,0.9247,0.9268,101563.37505
2026-05-02 20:00:00+00:00,0.9266,0.9279,0.9255,0.9267,103456.15704999998
2026-05-02 21:00:00+00:00,0.9266,0.9335,0.9257,0.9292,335272.4008900001
2026-05-02 22:00:00+00:00,0.9293,0.9304,0.9263,0.9294,226927.19363000005
2026-05-02 23:00:00+00:00,0.9291,0.9292,0.9257,0.9277,545402.5569499998
2026-05-03 00:00:00+00:00,0.9278,0.9281,0.9222,0.9235,85195.17601999997
2026-05-03 01:00:00+00:00,0.9234,0.9234,0.916,0.9167,168383.24083000005
2026-05-03 02:00:00+00:00,0.9166,0.9175,0.9132,0.9164,272651.72394000017
2026-05-03 03:00:00+00:00,0.9165,0.9174,0.9144,0.9171,61506.65688999999
2026-05-03 04:00:00+00:00,0.9168,0.9179,0.9156,0.9164,37223.38145
2026-05-03 05:00:00+00:00,0.9163,0.9182,0.9149,0.9166,398923.7132399999
2026-05-03 06:00:00+00:00,0.91615,0.9179,0.9119,0.9161,190303.1636500001
2026-05-03 07:00:00+00:00,0.916,0.919,0.916,0.9172,107827.28564000002
2026-05-03 08:00:00+00:00,0.9171,0.9195,0.9168,0.9173,28213.852930000005
2026-05-03 09:00:00+00:00,0.9173,0.9205,0.916,0.9189,64635.99062000001
2026-05-03 10:00:00+00:00,0.91948,0.9209,0.9179,0.9182,365399.6685800001
2026-05-03 11:00:00+00:00,0.9181,0.9248,0.9158,0.9212,1158441.0542399995
2026-05-03 12:00:00+00:00,0.9214,0.9252,0.9214,0.9231,239926.73473
2026-05-03 13:00:00+00:00,0.9232,0.9242,0.92043,0.9226,405278.7816800001
2026-05-03 14:00:00+00:00,0.9225,0.9301,0.9218,0.9261,484538.2350100012
2026-05-03 15:00:00+00:00,0.926,0.9293,0.923,0.9251,700654.9950100009
2026-05-03 16:00:00+00:00,0.9251,0.9257,0.9226,0.9234,175138.90214999992
2026-05-03 17:00:00+00:00,0.9229,0.9253,0.9202,0.923,126828.25616999998
2026-05-03 18:00:00+00:00,0.923,0.925,0.9224,0.9235,26262.42643
2026-05-03 19:00:00+00:00,0.9234,0.9272,0.9227,0.9252,116751.47370999998
2026-05-03 20:00:00+00:00,0.9247,0.9297,0.924,0.9249,490258.64962
2026-05-03 21:00:00+00:00,0.9248,0.9276,0.9185,0.9216,446100.36537
2026-05-03 22:00:00+00:00,0.9219,0.9299,0.9218,0.9266,409274.5693000001
2026-05-03 23:00:00+00:00,0.9268,0.9281,0.9198,0.9198,195857.67690000005
2026-05-04 00:00:00+00:00,0.9199,0.9212,0.9128,0.9197,762221.3767299998
2026-05-04 01:00:00+00:00,0.9201,0.9317,0.916,0.9301,1208247.35206
2026-05-04 02:00:00+00:00,0.9302,0.9424,0.9281,0.9389,1757325.0954299998
2026-05-04 03:00:00+00:00,0.9395,0.94138,0.9359,0.9413,1073786.22225
2026-05-04 04:00:00+00:00,0.941,0.9591,0.941,0.9457,2262948.2837100043
2026-05-04 05:00:00+00:00,0.946,0.9462,0.9403,0.9443,386580.8422
2026-05-04 06:00:00+00:00,0.9447,0.9453,0.9352,0.941,385094.3433099999
2026-05-04 07:00:00+00:00,0.941,0.9424,0.9384,0.9402,115296.32843
2026-05-04 08:00:00+00:00,0.9402,0.9421,0.938,0.938,242592.05670999995
2026-05-04 09:00:00+00:00,0.9385,0.9497,0.9382,0.948,494483.6541
2026-05-04 10:00:00+00:00,0.948,0.9486,0.9195,0.9274,1685981.5167200027
2026-05-04 11:00:00+00:00,0.9276,0.9294,0.9247,0.9271,447615.5953699998
2026-05-04 12:00:00+00:00,0.9269,0.9301,0.9253,0.9271,362608.3613199999
2026-05-04 13:00:00+00:00,0.927,0.9308,0.9218,0.9265,495664.07901
2026-05-04 14:00:00+00:00,0.9263,0.9411,0.9221,0.9373,622031.69853
2026-05-04 15:00:00+00:00,0.9375,0.9386,0.9237,0.9294,1243314.8025000002
2026-05-04 16:00:00+00:00,0.929,0.9344,0.924,0.931,560965.2431800001
2026-05-04 17:00:00+00:00,0.931,0.9431,0.9306,0.9393,446843.00976
2026-05-04 18:00:00+00:00,0.9394,0.9425,0.9373,0.9395,421923.01833
2026-05-04 19:00:00+00:00,0.9399,0.9402,0.9332,0.9347,452157.64708
2026-05-04 20:00:00+00:00,0.9351,0.9352,0.9292,0.9302,220571.26750999995
2026-05-04 21:00:00+00:00,0.9303,0.9377,0.9302,0.9365,345669.82557000004
2026-05-04 22:00:00+00:00,0.9363,0.9384,0.9308,0.9315,142365.21005000002
2026-05-04 23:00:00+00:00,0.9315,0.9315,0.9275,0.9289,250838.38071
2026-05-05 00:00:00+00:00,0.9288,0.9315,0.9279,0.9302,129121.10577
2026-05-05 01:00:00+00:00,0.9302,0.9344,0.92842,0.9337,225580.47233999995
2026-05-05 02:00:00+00:00,0.9339,0.94047,0.9327,0.9373,499750.74797
2026-05-05 03:00:00+00:00,0.9374,0.9439,0.9353,0.9413,298279.81155
2026-05-05 04:00:00+00:00,0.9411,0.9429,0.9387,0.9402,145340.71550999998
2026-05-05 05:00:00+00:00,0.94,0.9474,0.9393,0.9449,443243.5158
2026-05-05 06:00:00+00:00,0.9449,0.9463,0.9415,0.9463,323351.65219999995
2026-05-05 07:00:00+00:00,0.9461,0.95052,0.94524,0.9456,327164.7131500001
2026-05-05 08:00:00+00:00,0.94581,0.9485,0.945,0.9485,180127.08386
2026-05-05 09:00:00+00:00,0.9486,0.951,0.9464,0.9479,316894.85523999983
2026-05-05 10:00:00+00:00,0.9481,0.956,0.9466,0.9542,451495.0308700001
2026-05-05 11:00:00+00:00,0.954,0.9561,0.9502,0.9558,235878.16233999992
2026-05-05 12:00:00+00:00,0.9557,0.9734,0.9547,0.9711,1781883.3448700004
2026-05-05 13:00:00+00:00,0.9712,0.9829,0.9665,0.9665,2749994.4854000034
2026-05-05 14:00:00+00:00,0.9669,0.9695,0.9561,0.96173,1812241.1657100008
2026-05-05 15:00:00+00:00,0.9617,0.9664,0.959,0.9624,456945.7803600001
2026-05-05 16:00:00+00:00,0.9627,0.9672,0.9562,0.9608,745770.80451
2026-05-05 17:00:00+00:00,0.9607,0.9622,0.9563,0.9587,605803.8880100007
2026-05-05 18:00:00+00:00,0.9588,0.9612,0.9574,0.9594,311251.92042000004
2026-05-05 19:00:00+00:00,0.9594,0.9639,0.9593,0.9619,918968.323940001
2026-05-05 20:00:00+00:00,0.9619,0.975,0.9618,0.97261,1861369.2922800016
2026-05-05 21:00:00+00:00,0.97281,0.9777,0.9708,0.9751,810732.42209
2026-05-05 22:00:00+00:00,0.9753,0.9807,0.9669,0.9707,1373412.4384200005
2026-05-05 23:00:00+00:00,0.9706,0.9734,0.9641,0.9671,428862.16267999995
