Datetime,Open,High,Low,Close,Volume
2025-12-21 21:00:00+00:00,0.214893,0.215318,0.213921,0.214067,460738.31212439
2025-12-21 22:00:00+00:00,0.214137,0.216254,0.213902,0.21616,542268.45573068
2025-12-21 23:00:00+00:00,0.216224,0.21736,0.21559,0.216409,702788.6764937104
2025-12-22 00:00:00+00:00,0.21648,0.22139,0.216448,0.217536,1908560.1139607
2025-12-22 01:00:00+00:00,0.217513,0.21961,0.217002,0.217088,1323657.7121311002
2025-12-22 02:00:00+00:00,0.217214,0.21726,0.214485,0.216826,1294155.0607747606
2025-12-22 03:00:00+00:00,0.216847,0.21837,0.216299,0.21753,525260.00513003
2025-12-22 04:00:00+00:00,0.217535,0.218655,0.217345,0.218337,603717.6368293901
2025-12-22 05:00:00+00:00,0.218337,0.21872,0.217344,0.217882,288731.63827259
2025-12-22 06:00:00+00:00,0.217831,0.218275,0.21726,0.217505,658640.0686725503
2025-12-22 07:00:00+00:00,0.217504,0.21916,0.217376,0.218723,286283.6681386
2025-12-22 08:00:00+00:00,0.218677,0.220693,0.218604,0.219549,972620.7666703798
2025-12-22 09:00:00+00:00,0.219584,0.22093,0.2193,0.220744,1158177.6342021294
2025-12-22 10:00:00+00:00,0.220825,0.22118,0.220385,0.220704,667897.9991402401
2025-12-22 11:00:00+00:00,0.220723,0.221734,0.220378,0.221533,1548903.0269396494
2025-12-22 12:00:00+00:00,0.221532,0.225168,0.221532,0.223405,2014244.6449647003
2025-12-22 13:00:00+00:00,0.223405,0.224589,0.222201,0.224248,1472704.7102939598
2025-12-22 14:00:00+00:00,0.224268,0.22579,0.222977,0.224705,3579574.0530291125
2025-12-22 15:00:00+00:00,0.224692,0.22616,0.222339,0.224127,2474462.66863074
2025-12-22 16:00:00+00:00,0.224196,0.226158,0.222486,0.222845,4797801.141524119
2025-12-22 17:00:00+00:00,0.222845,0.22366,0.221704,0.223513,2271590.6131029897
2025-12-22 18:00:00+00:00,0.223558,0.224784,0.222638,0.22316,1923177.017848939
2025-12-22 19:00:00+00:00,0.223132,0.223272,0.219211,0.219604,2322545.0495889294
2025-12-22 20:00:00+00:00,0.219634,0.220353,0.218,0.218633,1962255.4524877288
2025-12-22 21:00:00+00:00,0.218624,0.220798,0.218546,0.219532,2092592.6138135304
2025-12-22 22:00:00+00:00,0.219492,0.220912,0.219036,0.220724,734293.7722782098
2025-12-22 23:00:00+00:00,0.220752,0.22109,0.219922,0.220416,1098448.6640949098
2025-12-23 00:00:00+00:00,0.220462,0.22146,0.219799,0.220528,781680.33946288
2025-12-23 01:00:00+00:00,0.22064,0.221091,0.219399,0.219937,856432.7166638501
2025-12-23 02:00:00+00:00,0.219849,0.22093,0.218456,0.218744,698741.7972925201
2025-12-23 03:00:00+00:00,0.218743,0.22024,0.217855,0.219464,2493706.3184945
2025-12-23 04:00:00+00:00,0.219493,0.21987,0.218148,0.218148,438669.5882023101
2025-12-23 05:00:00+00:00,0.218134,0.21846,0.216697,0.21812,1739123.7986340406
2025-12-23 06:00:00+00:00,0.218092,0.218371,0.216237,0.217,956792.14538078
2025-12-23 07:00:00+00:00,0.216984,0.2175,0.215,0.215544,3652518.933996697
2025-12-23 08:00:00+00:00,0.215521,0.21578,0.214339,0.21475,795718.5942182699
2025-12-23 09:00:00+00:00,0.214619,0.21614,0.214532,0.21601,1486126.3154712
2025-12-23 10:00:00+00:00,0.215847,0.2174,0.215727,0.217056,856792.5659249303
2025-12-23 11:00:00+00:00,0.217008,0.21823,0.217008,0.217936,1384007.1429877002
2025-12-23 12:00:00+00:00,0.217901,0.21814,0.216432,0.21692,1450052.63334985
2025-12-23 13:00:00+00:00,0.216966,0.217216,0.215294,0.215995,855076.2594789899
2025-12-23 14:00:00+00:00,0.216099,0.216747,0.212974,0.21472,3145905.7525912933
2025-12-23 15:00:00+00:00,0.214712,0.21872,0.21412,0.216577,5613152.846474029
2025-12-23 16:00:00+00:00,0.216585,0.21877,0.216152,0.217624,1993020.2495496904
2025-12-23 17:00:00+00:00,0.217615,0.21842,0.214846,0.215011,1092210.2666355702
2025-12-23 18:00:00+00:00,0.215011,0.21779,0.215011,0.217242,1405907.22312894
2025-12-23 19:00:00+00:00,0.217174,0.21813,0.216412,0.2169,752592.8184877502
2025-12-23 20:00:00+00:00,0.216899,0.219,0.216478,0.217632,727384.9429197299
2025-12-23 21:00:00+00:00,0.217595,0.21778,0.216364,0.217079,2596691.642665711
2025-12-23 22:00:00+00:00,0.217059,0.21761,0.216144,0.216852,789134.7386223897
2025-12-23 23:00:00+00:00,0.216822,0.21748,0.21628,0.217122,568007.95899646
2025-12-24 00:00:00+00:00,0.217076,0.21775,0.216415,0.217089,664347.92338175
2025-12-24 01:00:00+00:00,0.2174,0.2182,0.217114,0.21794,766035.99234905
2025-12-24 02:00:00+00:00,0.217978,0.217996,0.214311,0.21434,2083648.5243349185
2025-12-24 03:00:00+00:00,0.214395,0.216168,0.213607,0.215813,808053.44794119
2025-12-24 04:00:00+00:00,0.215784,0.216732,0.214308,0.214544,707719.2869304
2025-12-24 05:00:00+00:00,0.214544,0.215151,0.213472,0.213774,1741826.2547729595
2025-12-24 06:00:00+00:00,0.213739,0.21445,0.213221,0.214009,562982.5840848802
2025-12-24 07:00:00+00:00,0.214032,0.2147,0.21359,0.213667,747276.68968349
2025-12-24 08:00:00+00:00,0.213645,0.21422,0.212856,0.213336,678099.76180259
2025-12-24 09:00:00+00:00,0.213372,0.21443,0.213372,0.213912,332798.41825878
2025-12-24 10:00:00+00:00,0.213919,0.21461,0.213297,0.213947,406437.5857452299
2025-12-24 11:00:00+00:00,0.21416,0.21539,0.213965,0.214355,385728.1283781099
2025-12-24 12:00:00+00:00,0.214286,0.21547,0.213691,0.215032,633267.3723578999
2025-12-24 13:00:00+00:00,0.214981,0.21533,0.213498,0.214028,604538.2551982398
2025-12-24 14:00:00+00:00,0.213995,0.215208,0.21224,0.213768,1577827.6821776298
2025-12-24 15:00:00+00:00,0.213804,0.214703,0.21269,0.213598,2497704.7911469294
2025-12-24 16:00:00+00:00,0.21352,0.21514,0.212297,0.212337,2275471.78538662
2025-12-24 17:00:00+00:00,0.212363,0.21318,0.211234,0.21145,1757380.4271980303
2025-12-24 18:00:00+00:00,0.211284,0.2124,0.211045,0.211426,955177.2369854396
2025-12-24 19:00:00+00:00,0.211451,0.212371,0.211176,0.212297,692040.7623803503
2025-12-24 20:00:00+00:00,0.212243,0.21288,0.211789,0.212122,1177393.68840615
2025-12-24 21:00:00+00:00,0.212126,0.21357,0.211868,0.212934,715077.2067636302
2025-12-24 22:00:00+00:00,0.21312,0.21343,0.211984,0.213417,1263582.92800639
2025-12-24 23:00:00+00:00,0.21343,0.213517,0.212,0.212,1323103.45269698
2025-12-25 00:00:00+00:00,0.212021,0.2136,0.211723,0.211797,526658.8032078
2025-12-25 01:00:00+00:00,0.211843,0.212849,0.21148,0.212523,324819.68048218003
2025-12-25 02:00:00+00:00,0.212636,0.21425,0.21222,0.214046,821916.9087192703
2025-12-25 03:00:00+00:00,0.214075,0.21538,0.21357,0.214259,1029945.9173212898
2025-12-25 04:00:00+00:00,0.21426,0.21557,0.213978,0.215352,483743.3584873801
2025-12-25 05:00:00+00:00,0.215283,0.21549,0.214123,0.21426,275426.4575429899
2025-12-25 06:00:00+00:00,0.21449,0.21556,0.21414,0.214352,779706.7344076199
2025-12-25 07:00:00+00:00,0.214388,0.2145,0.213526,0.214187,657758.0766644
2025-12-25 08:00:00+00:00,0.214151,0.21574,0.21368,0.214355,494140.55355792015
2025-12-25 09:00:00+00:00,0.214462,0.214603,0.212879,0.213369,673476.7107089399
2025-12-25 10:00:00+00:00,0.213431,0.213432,0.211369,0.211804,259850.00717151
2025-12-25 11:00:00+00:00,0.211787,0.213079,0.211711,0.212511,210905.10765375
2025-12-25 12:00:00+00:00,0.212454,0.213063,0.212048,0.212626,529268.0360456697
2025-12-25 13:00:00+00:00,0.21257,0.21351,0.211996,0.212859,566064.7344739799
2025-12-25 14:00:00+00:00,0.212816,0.21291,0.211787,0.212484,505689.0925861501
2025-12-25 15:00:00+00:00,0.212451,0.21609,0.21167,0.215115,1481339.1477555204
2025-12-25 16:00:00+00:00,0.2151,0.21669,0.214136,0.21416,2702876.74094532
2025-12-25 17:00:00+00:00,0.214165,0.21442,0.213179,0.213851,843237.4457057203
2025-12-25 18:00:00+00:00,0.213847,0.214883,0.213499,0.214078,827041.50273522
2025-12-25 19:00:00+00:00,0.214116,0.21446,0.213681,0.214145,788018.49402679
2025-12-25 20:00:00+00:00,0.214234,0.21443,0.212976,0.213595,663068.0760842097
2025-12-25 21:00:00+00:00,0.213563,0.21397,0.2131,0.213416,426909.4547984001
2025-12-25 22:00:00+00:00,0.213474,0.21367,0.209322,0.21042,1128373.3845529095
2025-12-25 23:00:00+00:00,0.210211,0.21105,0.208325,0.209879,1759278.4691579398
2025-12-26 00:00:00+00:00,0.209833,0.21051,0.208115,0.209202,1540814.5288107295
2025-12-26 01:00:00+00:00,0.209217,0.21029,0.208971,0.209894,1590319.56713761
2025-12-26 02:00:00+00:00,0.209897,0.21605,0.209661,0.214394,5286004.466470489
2025-12-26 03:00:00+00:00,0.214396,0.21531,0.213447,0.2142,1375908.6611339203
2025-12-26 04:00:00+00:00,0.214167,0.214219,0.212828,0.21344,712323.55595722
2025-12-26 05:00:00+00:00,0.213362,0.21415,0.212849,0.213905,432321.54202083
2025-12-26 06:00:00+00:00,0.214003,0.21495,0.213759,0.21474,746286.1049487299
2025-12-26 07:00:00+00:00,0.214592,0.21551,0.21228,0.212576,525049.65661686
2025-12-26 08:00:00+00:00,0.212604,0.213639,0.212548,0.213443,601643.21587177
2025-12-26 09:00:00+00:00,0.213377,0.21548,0.213172,0.215282,704618.0218869899
2025-12-26 10:00:00+00:00,0.215217,0.216356,0.21511,0.216107,1492037.5899593092
2025-12-26 11:00:00+00:00,0.216124,0.2164,0.21525,0.215536,835300.11783918
2025-12-26 12:00:00+00:00,0.215514,0.21667,0.21536,0.216041,1098336.9362997098
2025-12-26 13:00:00+00:00,0.216019,0.2172,0.215455,0.216642,861999.3469084199
2025-12-26 14:00:00+00:00,0.216726,0.216726,0.21168,0.211848,3583671.0919734603
2025-12-26 15:00:00+00:00,0.211806,0.21255,0.210329,0.211641,2969601.084842921
2025-12-26 16:00:00+00:00,0.211607,0.212628,0.210378,0.210572,3085203.368546389
2025-12-26 17:00:00+00:00,0.21063,0.2134,0.21063,0.21259,1166435.8689501602
2025-12-26 18:00:00+00:00,0.2126,0.21398,0.212421,0.213411,815934.01970693
2025-12-26 19:00:00+00:00,0.213449,0.21508,0.213189,0.214376,1059555.9880691702
2025-12-26 20:00:00+00:00,0.214437,0.21526,0.21405,0.214163,2191615.7322956207
2025-12-26 21:00:00+00:00,0.2142,0.21506,0.213729,0.213795,967044.1242103298
2025-12-26 22:00:00+00:00,0.213878,0.21466,0.2134,0.214232,539912.8851199399
2025-12-26 23:00:00+00:00,0.214146,0.21466,0.213138,0.213355,1050026.4174668002
2025-12-27 00:00:00+00:00,0.213359,0.21382,0.211904,0.212927,3595628.1951235286
2025-12-27 01:00:00+00:00,0.21289,0.21354,0.212023,0.212792,2055734.78926636
2025-12-27 02:00:00+00:00,0.212787,0.21373,0.212523,0.213323,760235.8379086102
2025-12-27 03:00:00+00:00,0.213306,0.21498,0.21303,0.214603,1633648.293714401
2025-12-27 04:00:00+00:00,0.21462,0.214834,0.21288,0.21313,1742508.7644829887
2025-12-27 05:00:00+00:00,0.213125,0.21373,0.21295,0.21362,1593462.8518587395
2025-12-27 06:00:00+00:00,0.21333,0.21378,0.21274,0.212924,614500.4337349898
2025-12-27 07:00:00+00:00,0.21331,0.21375,0.21279,0.21285,338729.62572201993
2025-12-27 08:00:00+00:00,0.212848,0.213679,0.212797,0.21328,732996.1215544201
2025-12-27 09:00:00+00:00,0.213275,0.21453,0.21318,0.2139,539486.4641955398
2025-12-27 10:00:00+00:00,0.213906,0.215802,0.21308,0.215562,3793183.027812911
2025-12-27 11:00:00+00:00,0.215587,0.21605,0.214522,0.21605,644342.92539372
2025-12-27 12:00:00+00:00,0.21576,0.21685,0.215558,0.215811,649045.3269963899
2025-12-27 13:00:00+00:00,0.215856,0.21606,0.21488,0.215305,990576.82713161
2025-12-27 14:00:00+00:00,0.215362,0.216,0.214621,0.215594,1044608.71155528
2025-12-27 15:00:00+00:00,0.21563,0.21653,0.21507,0.215881,920763.1155066002
2025-12-27 16:00:00+00:00,0.215881,0.21637,0.215052,0.215117,846766.8230588095
2025-12-27 17:00:00+00:00,0.215101,0.216075,0.214921,0.215987,663293.5339962099
2025-12-27 18:00:00+00:00,0.215928,0.21665,0.215634,0.216237,1112642.3151069302
2025-12-27 19:00:00+00:00,0.216237,0.21694,0.21579,0.216825,804605.9829045001
2025-12-27 20:00:00+00:00,0.216825,0.21835,0.216799,0.217801,1869566.018177039
2025-12-27 21:00:00+00:00,0.2178,0.21937,0.21771,0.218967,1599885.374691979
2025-12-27 22:00:00+00:00,0.218975,0.22119,0.21808,0.218876,1563121.69843737
2025-12-27 23:00:00+00:00,0.21888,0.22138,0.218709,0.220682,2189324.4591894443
2025-12-28 00:00:00+00:00,0.22112,0.22289,0.220698,0.221806,1196352.4961822005
2025-12-28 01:00:00+00:00,0.221899,0.22264,0.221138,0.222004,657991.74739493
2025-12-28 02:00:00+00:00,0.221952,0.22305,0.221578,0.222024,707874.8378650609
2025-12-28 03:00:00+00:00,0.222154,0.22306,0.222021,0.222516,328089.58768530004
2025-12-28 04:00:00+00:00,0.222492,0.2231,0.222136,0.222382,650847.87980961
2025-12-28 05:00:00+00:00,0.222381,0.22331,0.2222,0.222458,1374125.655511469
2025-12-28 06:00:00+00:00,0.222502,0.22419,0.222492,0.223546,2115465.5825827303
2025-12-28 07:00:00+00:00,0.223512,0.22504,0.22322,0.224367,1981194.22702648
2025-12-28 08:00:00+00:00,0.224375,0.22489,0.223131,0.223131,2060287.42280543
2025-12-28 09:00:00+00:00,0.223177,0.22373,0.222672,0.223,679906.1695616504
2025-12-28 10:00:00+00:00,0.223,0.22391,0.222631,0.223468,924285.36232155
2025-12-28 11:00:00+00:00,0.22348,0.2243,0.22306,0.223987,1034966.1290913902
2025-12-28 12:00:00+00:00,0.223988,0.22454,0.22176,0.221851,560922.93826522
2025-12-28 13:00:00+00:00,0.221845,0.22266,0.221572,0.221621,502629.88549274
2025-12-28 14:00:00+00:00,0.221731,0.22344,0.221549,0.222427,1214567.4013039398
2025-12-28 15:00:00+00:00,0.22248,0.22356,0.221602,0.22209,1090613.51570325
2025-12-28 16:00:00+00:00,0.222155,0.223163,0.221648,0.221984,1851547.7591795
2025-12-28 17:00:00+00:00,0.221957,0.223025,0.221674,0.221769,604963.0912550502
2025-12-28 18:00:00+00:00,0.22177,0.22216,0.219189,0.219285,2464082.6371275843
2025-12-28 19:00:00+00:00,0.219282,0.22055,0.218842,0.219131,872693.5295798302
2025-12-28 20:00:00+00:00,0.219165,0.21943,0.218432,0.218488,862163.1649530597
2025-12-28 21:00:00+00:00,0.218432,0.21941,0.217951,0.218952,639366.0008070802
2025-12-28 22:00:00+00:00,0.218975,0.22024,0.218321,0.21987,575180.06683421
2025-12-28 23:00:00+00:00,0.21984,0.22085,0.21868,0.220056,1131159.0446587005
2025-12-29 00:00:00+00:00,0.22012,0.22354,0.219681,0.221434,1848702.4011792496
2025-12-29 01:00:00+00:00,0.22143,0.223443,0.219923,0.222321,1571800.394857681
2025-12-29 02:00:00+00:00,0.222387,0.22469,0.222255,0.223594,1728220.9986971004
2025-12-29 03:00:00+00:00,0.223594,0.22771,0.223012,0.226398,10642081.48259
2025-12-29 04:00:00+00:00,0.226479,0.227071,0.225106,0.226921,2306794.725156591
2025-12-29 05:00:00+00:00,0.22686,0.227404,0.22526,0.225399,1710965.9675719815
2025-12-29 06:00:00+00:00,0.22539,0.22715,0.224886,0.224947,2135073.397280332
2025-12-29 07:00:00+00:00,0.22503,0.22554,0.223766,0.224665,884683.0087281201
2025-12-29 08:00:00+00:00,0.224665,0.225657,0.223792,0.224077,738874.3973859898
2025-12-29 09:00:00+00:00,0.223995,0.22442,0.219539,0.220705,1011597.64588158
2025-12-29 10:00:00+00:00,0.220572,0.22205,0.220281,0.220885,937808.7130874998
2025-12-29 11:00:00+00:00,0.220919,0.22142,0.22026,0.22026,974444.58922723
2025-12-29 12:00:00+00:00,0.220266,0.22058,0.217073,0.219366,1155527.24988461
2025-12-29 13:00:00+00:00,0.219304,0.22023,0.217844,0.21866,674526.3125382399
2025-12-29 14:00:00+00:00,0.218639,0.22073,0.21777,0.21828,1548980.4507209605
2025-12-29 15:00:00+00:00,0.21831,0.22016,0.218128,0.218801,2572483.70732413
2025-12-29 16:00:00+00:00,0.21876,0.21929,0.217141,0.217628,1565016.2859076995
2025-12-29 17:00:00+00:00,0.217593,0.21941,0.217279,0.21895,3301892.5146120307
2025-12-29 18:00:00+00:00,0.218925,0.2198,0.217105,0.217272,1440906.48209202
2025-12-29 19:00:00+00:00,0.217275,0.218422,0.21672,0.2169,1451712.1696033503
2025-12-29 20:00:00+00:00,0.216956,0.21713,0.21537,0.2157,1753930.9298104292
2025-12-29 21:00:00+00:00,0.215675,0.21641,0.215398,0.215937,1060117.7009593998
2025-12-29 22:00:00+00:00,0.2159,0.21611,0.215193,0.215842,852923.7466256696
2025-12-29 23:00:00+00:00,0.215723,0.21681,0.215331,0.215851,2944617.584989417
2025-12-30 00:00:00+00:00,0.215848,0.21611,0.214841,0.21544,1947322.3914147704
2025-12-30 01:00:00+00:00,0.215242,0.215798,0.214854,0.215345,3712182.214579662
2025-12-30 02:00:00+00:00,0.215345,0.215396,0.212597,0.214148,3835731.77478608
2025-12-30 03:00:00+00:00,0.214144,0.21491,0.21351,0.214113,5553164.07705036
2025-12-30 04:00:00+00:00,0.21422,0.21472,0.213948,0.214063,4794810.124487731
2025-12-30 05:00:00+00:00,0.214064,0.21428,0.213083,0.213267,1182356.46632752
2025-12-30 06:00:00+00:00,0.213263,0.21427,0.213,0.213768,4871335.761585562
2025-12-30 07:00:00+00:00,0.213769,0.21448,0.213624,0.214269,1418997.44471774
2025-12-30 08:00:00+00:00,0.214282,0.21495,0.212901,0.213366,11174852.77840306
2025-12-30 09:00:00+00:00,0.213399,0.21471,0.212889,0.214342,1308969.6910576995
2025-12-30 10:00:00+00:00,0.21435,0.21461,0.213221,0.213616,979093.67785737
2025-12-30 11:00:00+00:00,0.2136,0.21386,0.212877,0.21334,1597678.18219994
2025-12-30 12:00:00+00:00,0.213351,0.21366,0.21304,0.21361,729702.70335668
2025-12-30 13:00:00+00:00,0.213602,0.21454,0.213121,0.21382,752011.50216936
2025-12-30 14:00:00+00:00,0.213806,0.21507,0.21248,0.21432,3482961.5780419395
2025-12-30 15:00:00+00:00,0.21437,0.214685,0.212762,0.213794,3556812.41462597
2025-12-30 16:00:00+00:00,0.213816,0.21424,0.212136,0.212519,6925556.198261738
2025-12-30 17:00:00+00:00,0.2125,0.2129,0.211107,0.2112,3794983.51342848
2025-12-30 18:00:00+00:00,0.2112,0.21198,0.211,0.211547,2893531.418174969
2025-12-30 19:00:00+00:00,0.211486,0.21184,0.210738,0.211046,5482771.829257434
2025-12-30 20:00:00+00:00,0.211123,0.21127,0.2097,0.209838,5160111.689857272
2025-12-30 21:00:00+00:00,0.209735,0.21057,0.2097,0.21023,1786674.0960898502
2025-12-30 22:00:00+00:00,0.210239,0.21083,0.210074,0.210327,1075381.20850602
2025-12-30 23:00:00+00:00,0.210274,0.21091,0.210085,0.210429,3327953.728803321
2025-12-31 00:00:00+00:00,0.210429,0.21058,0.20956,0.21025,2925058.516016471
2025-12-31 01:00:00+00:00,0.210226,0.21138,0.210154,0.210228,5527499.85805392
2025-12-31 02:00:00+00:00,0.210309,0.21056,0.209631,0.210204,1522821.9410008297
2025-12-31 03:00:00+00:00,0.210229,0.210407,0.208048,0.208941,8382816.9800336
2025-12-31 04:00:00+00:00,0.20884,0.20946,0.208344,0.208594,1587905.7776916
2025-12-31 05:00:00+00:00,0.208537,0.20932,0.208199,0.208321,821328.7392896101
2025-12-31 06:00:00+00:00,0.208309,0.20873,0.208128,0.208215,637516.8206389501
2025-12-31 07:00:00+00:00,0.208194,0.20889,0.207316,0.208512,4974915.611776352
2025-12-31 08:00:00+00:00,0.20882,0.20892,0.20731,0.207559,1293423.16361744
2025-12-31 09:00:00+00:00,0.207657,0.20858,0.207657,0.208009,1348652.5566259003
2025-12-31 10:00:00+00:00,0.207999,0.20827,0.206777,0.207211,1575693.9279778495
2025-12-31 11:00:00+00:00,0.207246,0.20821,0.207117,0.207902,1360162.7827214503
2025-12-31 12:00:00+00:00,0.207846,0.2082,0.2072,0.207558,1291237.60227106
2025-12-31 13:00:00+00:00,0.207496,0.208052,0.207049,0.20734,1567432.53710072
2025-12-31 14:00:00+00:00,0.207383,0.20855,0.20589,0.206465,2295297.488962811
2025-12-31 15:00:00+00:00,0.206446,0.20676,0.204453,0.204848,4511294.993636272
2025-12-31 16:00:00+00:00,0.204856,0.204856,0.199586,0.199896,10998664.879095798
2025-12-31 17:00:00+00:00,0.199849,0.20162,0.1987,0.199074,8851318.765965356
2025-12-31 18:00:00+00:00,0.199102,0.20046,0.198222,0.198329,3874841.735399961
2025-12-31 19:00:00+00:00,0.198329,0.19941,0.198329,0.1987,3499976.657907451
2025-12-31 20:00:00+00:00,0.198709,0.20023,0.197338,0.199218,5321316.8441875065
2025-12-31 21:00:00+00:00,0.199264,0.20178,0.199123,0.200805,3209220.5170545005
2025-12-31 22:00:00+00:00,0.200771,0.2019,0.200347,0.200803,3260512.9573277603
2025-12-31 23:00:00+00:00,0.200927,0.20163,0.200277,0.200517,3596599.9148175223
2026-01-01 00:00:00+00:00,0.200517,0.20259,0.200517,0.2022,4076558.17532526
2026-01-01 01:00:00+00:00,0.202101,0.206,0.201956,0.203455,6855147.1344613815
2026-01-01 02:00:00+00:00,0.20347,0.20384,0.2027,0.202902,1375988.06804722
2026-01-01 03:00:00+00:00,0.20292,0.2034,0.202123,0.20225,1291214.01316262
2026-01-01 04:00:00+00:00,0.202324,0.20295,0.202001,0.20215,2440078.114930829
2026-01-01 05:00:00+00:00,0.202161,0.20308,0.202092,0.202502,1012658.7188748998
2026-01-01 06:00:00+00:00,0.2025,0.2033,0.202178,0.202251,1100741.5452727498
2026-01-01 07:00:00+00:00,0.202251,0.20321,0.202001,0.202468,1129669.3367617298
2026-01-01 08:00:00+00:00,0.202467,0.20332,0.202176,0.203246,674627.64029218
2026-01-01 09:00:00+00:00,0.203208,0.204694,0.203208,0.204216,667012.89556998
2026-01-01 10:00:00+00:00,0.204229,0.20538,0.203916,0.204629,1244302.01255966
2026-01-01 11:00:00+00:00,0.204614,0.20515,0.204167,0.204524,46995.92268975999
2026-01-01 12:00:00+00:00,0.204677,0.204858,0.204268,0.204377,11171.934995720005
2026-01-01 13:00:00+00:00,0.204101,0.20581,0.2041,0.205477,120712.73018699
2026-01-01 14:00:00+00:00,0.205368,0.20628,0.204697,0.205278,58349.53473362
2026-01-01 15:00:00+00:00,0.205223,0.20703,0.204783,0.206111,228385.82774424
2026-01-01 16:00:00+00:00,0.206565,0.20707,0.205816,0.206762,129246.68336463002
2026-01-01 17:00:00+00:00,0.206904,0.20996,0.206904,0.208901,690981.3434124499
2026-01-01 18:00:00+00:00,0.20899,0.20966,0.205018,0.205225,1168973.7966617497
2026-01-01 19:00:00+00:00,0.205442,0.20652,0.205068,0.20652,121418.13979301002
2026-01-01 20:00:00+00:00,0.20609,0.20764,0.206087,0.20711,148550.64078355
2026-01-01 21:00:00+00:00,0.20678,0.20769,0.206293,0.20682,651622.9058975899
2026-01-01 22:00:00+00:00,0.206937,0.20905,0.206937,0.208835,272635.81561513
2026-01-01 23:00:00+00:00,0.209,0.2092,0.208292,0.208356,169120.21955537994
2026-01-02 00:00:00+00:00,0.208356,0.20887,0.207169,0.208278,2060083.3968131496
2026-01-02 01:00:00+00:00,0.20852,0.2088,0.207,0.207351,771277.87296911
2026-01-02 02:00:00+00:00,0.207416,0.207416,0.205181,0.205717,12630196.64975763
2026-01-02 03:00:00+00:00,0.205695,0.209375,0.20538,0.208778,6979776.934591039
2026-01-02 04:00:00+00:00,0.20878,0.20898,0.206963,0.207241,1488435.4899795398
2026-01-02 05:00:00+00:00,0.207282,0.20801,0.20679,0.207526,872086.58808625
2026-01-02 06:00:00+00:00,0.207575,0.20798,0.206841,0.206999,936718.9764269602
2026-01-02 07:00:00+00:00,0.207024,0.20745,0.205503,0.205638,1003651.71825164
2026-01-02 08:00:00+00:00,0.205655,0.20727,0.2055,0.207262,1053782.6030724496
2026-01-02 09:00:00+00:00,0.207276,0.21149,0.206886,0.210336,1397139.81231672
2026-01-02 10:00:00+00:00,0.21042,0.21249,0.21042,0.211948,1727164.8110351304
2026-01-02 11:00:00+00:00,0.2122,0.2122,0.209039,0.209547,1624683.7897953396
2026-01-02 12:00:00+00:00,0.209482,0.21222,0.209069,0.21203,1223444.6625807302
2026-01-02 13:00:00+00:00,0.21175,0.21287,0.211288,0.211383,1509264.22824223
2026-01-02 14:00:00+00:00,0.211479,0.21365,0.208824,0.212505,4036948.224237472
2026-01-02 15:00:00+00:00,0.212536,0.21381,0.209906,0.211093,9338246.189208554
2026-01-02 16:00:00+00:00,0.211036,0.217078,0.2109,0.216853,12547131.459976476
2026-01-02 17:00:00+00:00,0.216881,0.21884,0.216141,0.217397,10414636.665866444
2026-01-02 18:00:00+00:00,0.217432,0.21795,0.214835,0.215767,5997870.047362169
2026-01-02 19:00:00+00:00,0.215779,0.21586,0.214786,0.215183,11311497.058724832
2026-01-02 20:00:00+00:00,0.215295,0.21569,0.214686,0.215204,12511190.664793476
2026-01-02 21:00:00+00:00,0.215213,0.21914,0.214885,0.2191,15967432.36431548
2026-01-02 22:00:00+00:00,0.21894,0.225858,0.217018,0.219808,7798199.158071819
2026-01-02 23:00:00+00:00,0.2198,0.22041,0.218274,0.219088,1663334.62641148
2026-01-03 00:00:00+00:00,0.219029,0.22623,0.219017,0.223055,4494916.788567871
2026-01-03 01:00:00+00:00,0.222982,0.224835,0.222553,0.223345,1605224.0907121194
2026-01-03 02:00:00+00:00,0.223434,0.22402,0.221859,0.223701,2426273.7035885826
2026-01-03 03:00:00+00:00,0.223688,0.2275,0.222751,0.226075,5048449.3134216
2026-01-03 04:00:00+00:00,0.226085,0.22752,0.225353,0.227218,3299454.6375140296
2026-01-03 05:00:00+00:00,0.227257,0.22763,0.223587,0.223815,3141547.97755778
2026-01-03 06:00:00+00:00,0.223776,0.2247,0.219673,0.220339,3415648.4657876184
2026-01-03 07:00:00+00:00,0.220352,0.220895,0.216632,0.218133,4265338.864941545
2026-01-03 08:00:00+00:00,0.218155,0.21964,0.217148,0.219159,1682614.6322071806
2026-01-03 09:00:00+00:00,0.21916,0.220685,0.218889,0.21979,2372647.80018028
2026-01-03 10:00:00+00:00,0.219778,0.21985,0.217928,0.218754,1139947.3780523804
2026-01-03 11:00:00+00:00,0.218781,0.219024,0.21788,0.218375,1339346.3063772095
2026-01-03 12:00:00+00:00,0.218419,0.219347,0.217971,0.21908,1257127.9626121295
2026-01-03 13:00:00+00:00,0.218916,0.220321,0.218724,0.219947,635773.23852984
2026-01-03 14:00:00+00:00,0.220029,0.220971,0.219591,0.219989,1617732.9491334604
2026-01-03 15:00:00+00:00,0.220012,0.220094,0.218654,0.218728,1118549.9856941602
2026-01-03 16:00:00+00:00,0.218751,0.221094,0.218461,0.22053,1753132.3276994
2026-01-03 17:00:00+00:00,0.220506,0.220999,0.219655,0.220264,1270428.8642026903
2026-01-03 18:00:00+00:00,0.220384,0.220708,0.219386,0.220516,905441.1483724202
2026-01-03 19:00:00+00:00,0.220495,0.220495,0.219716,0.220109,920132.5092325498
2026-01-03 20:00:00+00:00,0.220136,0.22044,0.218805,0.219904,698523.9626064297
2026-01-03 21:00:00+00:00,0.219927,0.220799,0.219303,0.21986,2091894.932144211
2026-01-03 22:00:00+00:00,0.220071,0.221604,0.2194,0.22138,1757864.44940663
2026-01-03 23:00:00+00:00,0.221415,0.222205,0.22108,0.222105,1409519.0220732898
2026-01-04 00:00:00+00:00,0.22204,0.22576,0.221742,0.225549,350666.16536747006
2026-01-04 01:00:00+00:00,0.225383,0.225978,0.223585,0.225412,82420.35732213
2026-01-04 02:00:00+00:00,0.225288,0.22644,0.22468,0.22571,287196.0829040101
2026-01-04 03:00:00+00:00,0.22571,0.22799,0.225665,0.227582,341570.6182718801
2026-01-04 04:00:00+00:00,0.227521,0.22929,0.22719,0.2282,433147.37135287
2026-01-04 05:00:00+00:00,0.22815,0.23015,0.22794,0.23015,363323.3293974499
2026-01-04 06:00:00+00:00,0.229868,0.230681,0.22771,0.228325,267803.69609170005
2026-01-04 07:00:00+00:00,0.228462,0.23081,0.22832,0.230263,229356.26523750005
2026-01-04 08:00:00+00:00,0.22991,0.23145,0.22811,0.229943,478917.76661093
2026-01-04 09:00:00+00:00,0.229969,0.233964,0.229369,0.23285,716056.08776698
2026-01-04 10:00:00+00:00,0.232908,0.23529,0.232144,0.235038,416289.4968209098
2026-01-04 11:00:00+00:00,0.23455,0.235106,0.23325,0.234297,656844.2776293202
2026-01-04 12:00:00+00:00,0.234298,0.234965,0.232806,0.234336,259636.77243701
2026-01-04 13:00:00+00:00,0.234,0.23482,0.232619,0.23453,181994.29602841
2026-01-04 14:00:00+00:00,0.23477,0.23486,0.23219,0.233265,288827.4995115201
2026-01-04 15:00:00+00:00,0.233284,0.23483,0.2331,0.234731,762793.6721510101
2026-01-04 16:00:00+00:00,0.23439,0.235339,0.23394,0.235207,368908.7102888299
2026-01-04 17:00:00+00:00,0.235279,0.235572,0.23423,0.235184,102835.65565301996
2026-01-04 18:00:00+00:00,0.235252,0.235252,0.231812,0.232683,480996.25977065
2026-01-04 19:00:00+00:00,0.232526,0.232526,0.229753,0.232357,370840.0053897099
2026-01-04 20:00:00+00:00,0.232523,0.233481,0.232329,0.2326,84319.45741304
2026-01-04 21:00:00+00:00,0.232491,0.23396,0.23124,0.232503,288806.24335486
2026-01-04 22:00:00+00:00,0.232158,0.23361,0.231359,0.232215,1888885.3249695487
2026-01-04 23:00:00+00:00,0.23215,0.233849,0.232149,0.233037,90490.79188839004
2026-01-05 00:00:00+00:00,0.23263,0.234273,0.23199,0.233704,233726.5011015001
2026-01-05 01:00:00+00:00,0.23374,0.236493,0.23353,0.236138,985045.8346942702
2026-01-05 02:00:00+00:00,0.236274,0.236425,0.23373,0.234846,174214.13243233
2026-01-05 03:00:00+00:00,0.23485,0.235368,0.23325,0.23428,96735.38509203002
2026-01-05 04:00:00+00:00,0.23393,0.234389,0.23015,0.232014,339082.58276041
2026-01-05 05:00:00+00:00,0.23191,0.232807,0.23116,0.23121,96615.95578431
2026-01-05 06:00:00+00:00,0.231242,0.232203,0.22938,0.231305,237739.96081695
2026-01-05 07:00:00+00:00,0.231269,0.232954,0.231209,0.23246,76605.37929543997
2026-01-05 08:00:00+00:00,0.232892,0.23369,0.23183,0.232107,39877.02036893
2026-01-05 09:00:00+00:00,0.232098,0.232798,0.2306,0.231041,536393.87532418
2026-01-05 10:00:00+00:00,0.23121,0.2335,0.23121,0.231503,827684.1600892999
2026-01-05 11:00:00+00:00,0.231542,0.232267,0.23024,0.231981,431278.23499083
2026-01-05 12:00:00+00:00,0.231951,0.232041,0.23059,0.231447,373738.9086185001
2026-01-05 13:00:00+00:00,0.231546,0.23188,0.23006,0.231251,763910.1166660099
2026-01-05 14:00:00+00:00,0.231251,0.234678,0.23064,0.233989,1146225.03938003
2026-01-05 15:00:00+00:00,0.234096,0.23722,0.2326,0.236645,703624.6584685299
2026-01-05 16:00:00+00:00,0.23643,0.23745,0.23532,0.23642,660202.96394624
2026-01-05 17:00:00+00:00,0.236811,0.237741,0.23373,0.237299,1014853.56814789
2026-01-05 18:00:00+00:00,0.23725,0.243375,0.23649,0.243041,1424660.2942755502
2026-01-05 19:00:00+00:00,0.24276,0.245903,0.24145,0.24284,3285190.2523372783
2026-01-05 20:00:00+00:00,0.243134,0.252,0.24296,0.245434,3069042.449155541
2026-01-05 21:00:00+00:00,0.245582,0.250341,0.24449,0.24869,1506110.9811375102
2026-01-05 22:00:00+00:00,0.249066,0.251181,0.2473,0.24843,756655.6541725599
2026-01-05 23:00:00+00:00,0.248548,0.253961,0.24807,0.25238,714528.4304122601
2026-01-06 00:00:00+00:00,0.252623,0.254332,0.24846,0.253744,6493964.336743117
2026-01-06 01:00:00+00:00,0.253666,0.255505,0.24923,0.24959,6415668.824447395
2026-01-06 02:00:00+00:00,0.249841,0.25367,0.24886,0.250913,3653582.3135490497
2026-01-06 03:00:00+00:00,0.25095,0.252317,0.24987,0.251479,2952410.72046158
2026-01-06 04:00:00+00:00,0.251471,0.253234,0.2497,0.251458,4215036.892712902
2026-01-06 05:00:00+00:00,0.2514,0.252822,0.25068,0.251351,2911732.2731809
2026-01-06 06:00:00+00:00,0.251328,0.25194,0.24886,0.249719,3314932.631125249
2026-01-06 07:00:00+00:00,0.24971,0.249908,0.24448,0.245561,4064918.6012667785
2026-01-06 08:00:00+00:00,0.2455,0.247032,0.24456,0.245067,2566977.4666576795
2026-01-06 09:00:00+00:00,0.24501,0.247688,0.24455,0.247342,1984756.84865028
2026-01-06 10:00:00+00:00,0.247,0.24842,0.246652,0.247644,1253169.5476051304
2026-01-06 11:00:00+00:00,0.247591,0.24943,0.247189,0.24943,2299386.17098466
2026-01-06 12:00:00+00:00,0.249322,0.251957,0.24912,0.25062,2341863.413413969
2026-01-06 13:00:00+00:00,0.25059,0.251269,0.24941,0.250036,2468691.155068381
2026-01-06 14:00:00+00:00,0.24971,0.25268,0.24817,0.249511,7474689.807064511
2026-01-06 15:00:00+00:00,0.249524,0.250869,0.24452,0.245984,4491184.9556694
2026-01-06 16:00:00+00:00,0.246,0.24666,0.23815,0.239797,8647259.27444554
2026-01-06 17:00:00+00:00,0.239741,0.240814,0.23379,0.23446,10653630.15625764
2026-01-06 18:00:00+00:00,0.234454,0.238467,0.23357,0.237928,5502214.976960429
2026-01-06 19:00:00+00:00,0.237871,0.239123,0.23753,0.238031,1823871.5070030896
2026-01-06 20:00:00+00:00,0.238027,0.240814,0.238025,0.239241,4673158.656478349
2026-01-06 21:00:00+00:00,0.239176,0.244172,0.238953,0.242707,3068786.4433291703
2026-01-06 22:00:00+00:00,0.242742,0.243424,0.24124,0.242134,1783913.24478796
2026-01-06 23:00:00+00:00,0.242233,0.244387,0.24199,0.243592,2608877.388788481
2026-01-07 00:00:00+00:00,0.243677,0.243814,0.2391,0.23944,4555698.19616314
2026-01-07 01:00:00+00:00,0.239434,0.240552,0.23731,0.238416,1687939.08608289
2026-01-07 02:00:00+00:00,0.238398,0.240371,0.23781,0.240019,1295814.7797924993
2026-01-07 03:00:00+00:00,0.23998,0.241126,0.23948,0.240289,3888423.13273012
2026-01-07 04:00:00+00:00,0.240276,0.241141,0.23918,0.239828,491169.17135655
2026-01-07 05:00:00+00:00,0.239931,0.24046,0.238577,0.239134,971691.84705092
2026-01-07 06:00:00+00:00,0.239138,0.240362,0.239108,0.239619,521587.5118275502
2026-01-07 07:00:00+00:00,0.239635,0.243026,0.23958,0.242408,1036074.51038414
2026-01-07 08:00:00+00:00,0.242334,0.243734,0.241629,0.243065,1252348.5892401598
2026-01-07 09:00:00+00:00,0.242909,0.242909,0.237149,0.238021,4484450.644976601
2026-01-07 10:00:00+00:00,0.237925,0.238622,0.236933,0.237794,2756456.1174203395
2026-01-07 11:00:00+00:00,0.237505,0.23882,0.237438,0.238331,780314.0460082801
2026-01-07 12:00:00+00:00,0.238373,0.23853,0.237154,0.237618,1244333.4063122296
2026-01-07 13:00:00+00:00,0.237679,0.238345,0.23626,0.23732,1815854.68512596
2026-01-07 14:00:00+00:00,0.237361,0.23838,0.23395,0.237412,2172268.69152197
2026-01-07 15:00:00+00:00,0.237443,0.23764,0.232838,0.233628,5239175.224693179
2026-01-07 16:00:00+00:00,0.233627,0.23713,0.233463,0.235748,3911017.95912812
2026-01-07 17:00:00+00:00,0.235789,0.23688,0.23457,0.23508,2296793.6724534705
2026-01-07 18:00:00+00:00,0.235073,0.236208,0.233524,0.234187,2897323.2105501187
2026-01-07 19:00:00+00:00,0.234126,0.23566,0.232578,0.234877,1598912.4056560306
2026-01-07 20:00:00+00:00,0.235013,0.235421,0.232435,0.23301,3271197.2860404607
2026-01-07 21:00:00+00:00,0.233061,0.23383,0.232385,0.232617,2917279.3890118995
2026-01-07 22:00:00+00:00,0.232519,0.23491,0.231822,0.233021,2208413.6417558705
2026-01-07 23:00:00+00:00,0.233123,0.23514,0.231681,0.233943,1494319.4679130395
2026-01-08 00:00:00+00:00,0.233809,0.23473,0.232785,0.234484,2147717.28323647
2026-01-08 01:00:00+00:00,0.234517,0.2358,0.234174,0.235182,1555430.700488221
2026-01-08 02:00:00+00:00,0.235085,0.235882,0.232869,0.23338,1565064.2644332
2026-01-08 03:00:00+00:00,0.23345,0.23473,0.231353,0.23154,2270872.655946129
2026-01-08 04:00:00+00:00,0.231535,0.23417,0.231295,0.233591,893004.41336536
2026-01-08 05:00:00+00:00,0.233566,0.23444,0.232005,0.232261,579582.5990533201
2026-01-08 06:00:00+00:00,0.232516,0.23283,0.22838,0.228495,6949334.335884988
2026-01-08 07:00:00+00:00,0.228541,0.23026,0.227061,0.229804,4066138.7890710025
2026-01-08 08:00:00+00:00,0.229743,0.23137,0.228279,0.228537,1975001.4503366
2026-01-08 09:00:00+00:00,0.22899,0.22976,0.227251,0.2275,3872205.416040389
2026-01-08 10:00:00+00:00,0.22738,0.23021,0.226187,0.229784,3914530.66440389
2026-01-08 11:00:00+00:00,0.229809,0.23026,0.227289,0.228599,2207698.769312071
2026-01-08 12:00:00+00:00,0.228477,0.22854,0.225929,0.226682,1464251.6183221096
2026-01-08 13:00:00+00:00,0.226739,0.22823,0.226507,0.227185,1402374.1744993792
2026-01-08 14:00:00+00:00,0.227044,0.22887,0.225338,0.227843,3172855.7654787004
2026-01-08 15:00:00+00:00,0.227766,0.23212,0.226612,0.23212,4136295.786189809
2026-01-08 16:00:00+00:00,0.23205,0.23297,0.229339,0.232685,4304049.073957407
2026-01-08 17:00:00+00:00,0.232746,0.23349,0.230601,0.232751,2695342.2788998163
2026-01-08 18:00:00+00:00,0.232631,0.233293,0.230775,0.23117,1967357.24571481
2026-01-08 19:00:00+00:00,0.231227,0.23209,0.229371,0.229944,2410964.98339496
2026-01-08 20:00:00+00:00,0.230012,0.23004,0.228028,0.2299,1343004.14617015
2026-01-08 21:00:00+00:00,0.229597,0.23171,0.229573,0.231368,905107.3883307398
2026-01-08 22:00:00+00:00,0.231528,0.23254,0.22965,0.23081,747382.2844569997
2026-01-08 23:00:00+00:00,0.230781,0.231287,0.229893,0.230109,761894.8377225702
2026-01-09 00:00:00+00:00,0.230133,0.23108,0.229798,0.230832,749970.50745066
2026-01-09 01:00:00+00:00,0.23083,0.23228,0.228275,0.229104,2532134.352861189
2026-01-09 02:00:00+00:00,0.22932,0.23134,0.228991,0.229262,987755.227219
2026-01-09 03:00:00+00:00,0.22926,0.23171,0.22899,0.231528,1055561.4231013705
2026-01-09 04:00:00+00:00,0.231539,0.231773,0.230069,0.230558,1271991.0072660402
2026-01-09 05:00:00+00:00,0.230596,0.23285,0.230589,0.2316,2626191.6595350164
2026-01-09 06:00:00+00:00,0.231561,0.23283,0.230805,0.23252,1352950.00666449
2026-01-09 07:00:00+00:00,0.232498,0.232498,0.230535,0.230535,2254579.7475713203
2026-01-09 08:00:00+00:00,0.230589,0.230793,0.226205,0.227594,4097539.287294071
2026-01-09 09:00:00+00:00,0.227643,0.22915,0.227478,0.227757,863349.50193572
2026-01-09 10:00:00+00:00,0.227773,0.22856,0.227342,0.228176,579416.28837236
2026-01-09 11:00:00+00:00,0.228276,0.22913,0.227796,0.22803,504985.0643805901
2026-01-09 12:00:00+00:00,0.227917,0.228291,0.226032,0.226425,718352.87065249
2026-01-09 13:00:00+00:00,0.226424,0.230258,0.226408,0.22938,3172844.804752048
2026-01-09 14:00:00+00:00,0.229392,0.22961,0.225729,0.226152,2368892.4921100494
2026-01-09 15:00:00+00:00,0.226152,0.23325,0.225327,0.229378,6836976.934197451
2026-01-09 16:00:00+00:00,0.229488,0.23254,0.229135,0.231349,3555104.1328206784
2026-01-09 17:00:00+00:00,0.23145,0.232122,0.22816,0.230555,4062306.624557331
2026-01-09 18:00:00+00:00,0.23059,0.230943,0.227086,0.228615,4034934.52686696
2026-01-09 19:00:00+00:00,0.22852,0.228576,0.225889,0.226352,1512716.83485351
2026-01-09 20:00:00+00:00,0.226324,0.22723,0.225562,0.225775,1660649.84763622
2026-01-09 21:00:00+00:00,0.225798,0.22719,0.22518,0.22679,1150604.2123722597
2026-01-09 22:00:00+00:00,0.226733,0.2284,0.226077,0.228273,607208.7211616299
2026-01-09 23:00:00+00:00,0.228158,0.22865,0.227632,0.228003,545675.86674126
2026-01-10 00:00:00+00:00,0.227976,0.22844,0.226827,0.227385,527788.5048447901
2026-01-10 01:00:00+00:00,0.227324,0.22872,0.227017,0.228101,512620.77402762
2026-01-10 02:00:00+00:00,0.2281,0.22843,0.226627,0.226996,864319.0948243699
2026-01-10 03:00:00+00:00,0.226936,0.22704,0.225919,0.226485,1140209.59657611
2026-01-10 04:00:00+00:00,0.226443,0.22682,0.225361,0.225649,740315.4274013197
2026-01-10 05:00:00+00:00,0.225717,0.22652,0.225429,0.225869,790705.83676613
2026-01-10 06:00:00+00:00,0.22617,0.22625,0.225,0.22537,1473121.2887719113
2026-01-10 07:00:00+00:00,0.225359,0.227589,0.225268,0.227357,1684139.452119761
2026-01-10 08:00:00+00:00,0.227435,0.22785,0.22618,0.22693,371748.4458871501
2026-01-10 09:00:00+00:00,0.226918,0.22791,0.226488,0.227377,869957.0857482798
2026-01-10 10:00:00+00:00,0.227377,0.22807,0.226444,0.22803,1397054.57609737
2026-01-10 11:00:00+00:00,0.227644,0.22812,0.227059,0.227958,401112.81454616
2026-01-10 12:00:00+00:00,0.227944,0.229,0.22766,0.228745,1063475.0939333304
2026-01-10 13:00:00+00:00,0.22898,0.22908,0.228148,0.228437,482317.90332860994
2026-01-10 14:00:00+00:00,0.228426,0.22869,0.226719,0.227012,366474.6413489501
2026-01-10 15:00:00+00:00,0.227026,0.22754,0.226566,0.226846,455772.3364388797
2026-01-10 16:00:00+00:00,0.226816,0.227,0.226,0.226436,624107.4897245399
2026-01-10 17:00:00+00:00,0.226462,0.22735,0.225442,0.2256,1566648.1813932904
2026-01-10 18:00:00+00:00,0.225577,0.226801,0.225176,0.226382,887782.2681815503
2026-01-10 19:00:00+00:00,0.226479,0.22783,0.226372,0.227504,1195681.3014716106
2026-01-10 20:00:00+00:00,0.227553,0.22785,0.227117,0.227221,727295.5405410001
2026-01-10 21:00:00+00:00,0.227239,0.22754,0.226111,0.226202,1587189.3415935796
2026-01-10 22:00:00+00:00,0.226252,0.22702,0.225198,0.225231,966060.8268950996
2026-01-10 23:00:00+00:00,0.22523,0.22668,0.225181,0.226083,586711.4556054501
2026-01-11 00:00:00+00:00,0.226111,0.22636,0.22538,0.225535,675639.11754709
2026-01-11 01:00:00+00:00,0.22585,0.22635,0.225129,0.226139,1125661.4171440897
2026-01-11 02:00:00+00:00,0.22619,0.22788,0.225947,0.227155,906414.50810482
2026-01-11 03:00:00+00:00,0.227134,0.2276,0.226815,0.22758,487809.1392058801
2026-01-11 04:00:00+00:00,0.227347,0.22776,0.226442,0.22764,1337831.1148300506
2026-01-11 05:00:00+00:00,0.227348,0.22785,0.226424,0.227493,510550.2315626101
2026-01-11 06:00:00+00:00,0.227308,0.22756,0.226004,0.227511,588776.9793698702
2026-01-11 07:00:00+00:00,0.22746,0.22872,0.227451,0.227983,356153.75727369
2026-01-11 08:00:00+00:00,0.227955,0.22871,0.22743,0.227993,432785.3354925401
2026-01-11 09:00:00+00:00,0.227949,0.22855,0.227527,0.227766,256930.25782971003
2026-01-11 10:00:00+00:00,0.227697,0.22861,0.227362,0.227661,283706.45972229994
2026-01-11 11:00:00+00:00,0.227685,0.22801,0.22666,0.226962,1845194.5387962607
2026-01-11 12:00:00+00:00,0.227047,0.22845,0.22674,0.228122,745423.0544024705
2026-01-11 13:00:00+00:00,0.228231,0.22864,0.227126,0.227312,596242.7010508
2026-01-11 14:00:00+00:00,0.227277,0.22897,0.227154,0.228697,556902.4686449098
2026-01-11 15:00:00+00:00,0.228698,0.22898,0.224025,0.225192,4948226.468170712
2026-01-11 16:00:00+00:00,0.225193,0.22806,0.224562,0.22638,2515393.1288357098
2026-01-11 17:00:00+00:00,0.226504,0.22764,0.225123,0.226495,693131.0582586599
2026-01-11 18:00:00+00:00,0.226505,0.226681,0.224696,0.225903,422377.1629853299
2026-01-11 19:00:00+00:00,0.225942,0.22686,0.224955,0.22504,633187.93147923
2026-01-11 20:00:00+00:00,0.2251,0.2252,0.221453,0.222907,3126077.8883530404
2026-01-11 21:00:00+00:00,0.222862,0.22401,0.221691,0.223669,1439218.59958081
2026-01-11 22:00:00+00:00,0.223511,0.223511,0.221516,0.222171,2124105.625625691
2026-01-11 23:00:00+00:00,0.222043,0.224661,0.221331,0.224087,3277773.2228976195
2026-01-12 00:00:00+00:00,0.224044,0.22485,0.221381,0.224248,1369012.74019288
2026-01-12 01:00:00+00:00,0.224249,0.22724,0.223969,0.225828,1620144.37262754
2026-01-12 02:00:00+00:00,0.225815,0.22836,0.225552,0.227955,2798818.213025949
2026-01-12 03:00:00+00:00,0.228,0.22869,0.225497,0.225604,2555331.3489535507
2026-01-12 04:00:00+00:00,0.225673,0.22731,0.225158,0.226991,940415.2173877005
2026-01-12 05:00:00+00:00,0.227032,0.22764,0.2262,0.226456,822271.3757739603
2026-01-12 06:00:00+00:00,0.2264,0.22699,0.225239,0.225508,2422925.403240413
2026-01-12 07:00:00+00:00,0.225555,0.2265,0.2225,0.22275,1436491.4567026794
2026-01-12 08:00:00+00:00,0.22275,0.22377,0.218825,0.22059,5204872.207178861
2026-01-12 09:00:00+00:00,0.22047,0.22081,0.218773,0.21967,2807568.012971099
2026-01-12 10:00:00+00:00,0.219578,0.22062,0.218327,0.218518,953688.21801754
2026-01-12 11:00:00+00:00,0.218507,0.22043,0.21849,0.219622,2770436.34440649
2026-01-12 12:00:00+00:00,0.219577,0.22011,0.218085,0.218414,1178241.9375577497
2026-01-12 13:00:00+00:00,0.218386,0.21902,0.217257,0.217821,1957097.6660304104
2026-01-12 14:00:00+00:00,0.217826,0.22089,0.216036,0.219774,6324407.377432981
2026-01-12 15:00:00+00:00,0.22,0.2235,0.219197,0.223303,2500510.4218863416
2026-01-12 16:00:00+00:00,0.22335,0.224364,0.221941,0.223071,5581916.4967430215
2026-01-12 17:00:00+00:00,0.223088,0.223815,0.219685,0.22112,3619467.258607879
2026-01-12 18:00:00+00:00,0.221006,0.222541,0.220074,0.220777,1806572.82909811
2026-01-12 19:00:00+00:00,0.220759,0.221686,0.219909,0.221366,1665805.9151147192
2026-01-12 20:00:00+00:00,0.221482,0.222474,0.220122,0.220269,1478704.6037392598
2026-01-12 21:00:00+00:00,0.220219,0.220855,0.218504,0.219246,2451375.073070269
2026-01-12 22:00:00+00:00,0.219334,0.220267,0.219116,0.219286,936564.5004464102
2026-01-12 23:00:00+00:00,0.219305,0.22003,0.218414,0.219047,721693.5453110897
2026-01-13 00:00:00+00:00,0.219035,0.21996,0.218629,0.219522,1394877.5759500987
2026-01-13 01:00:00+00:00,0.219509,0.220139,0.218809,0.219515,861776.1706730599
2026-01-13 02:00:00+00:00,0.219541,0.22118,0.219418,0.219757,570821.79384095
2026-01-13 03:00:00+00:00,0.219719,0.22119,0.219378,0.220261,602260.9086078698
2026-01-13 04:00:00+00:00,0.2203,0.221863,0.219984,0.221863,1458130.6681388102
2026-01-13 05:00:00+00:00,0.221875,0.224343,0.221754,0.22287,1877778.1297945287
2026-01-13 06:00:00+00:00,0.222959,0.22401,0.222673,0.223487,1669303.4474538297
2026-01-13 07:00:00+00:00,0.223473,0.223526,0.22197,0.222,610648.6646959999
2026-01-13 08:00:00+00:00,0.222027,0.223598,0.222001,0.223456,772861.3062386906
2026-01-13 09:00:00+00:00,0.223394,0.224489,0.222695,0.223228,1020908.6475974304
2026-01-13 10:00:00+00:00,0.223323,0.22411,0.22207,0.222857,1382338.1365513494
2026-01-13 11:00:00+00:00,0.222849,0.22424,0.222359,0.223517,1082015.4494549802
2026-01-13 12:00:00+00:00,0.223484,0.224086,0.222949,0.223976,813002.8125738101
2026-01-13 13:00:00+00:00,0.22402,0.226054,0.223386,0.224674,2492742.29803066
2026-01-13 14:00:00+00:00,0.224665,0.228573,0.223942,0.226874,5562649.449284608
2026-01-13 15:00:00+00:00,0.22665,0.229894,0.225109,0.229761,2981346.50465789
2026-01-13 16:00:00+00:00,0.229895,0.231847,0.229801,0.231004,8161312.309053131
2026-01-13 17:00:00+00:00,0.231031,0.231688,0.2295,0.230361,4529288.295105271
2026-01-13 18:00:00+00:00,0.23025,0.23196,0.23011,0.230936,2391608.163243401
2026-01-13 19:00:00+00:00,0.230941,0.233087,0.23019,0.232746,3775030.732272491
2026-01-13 20:00:00+00:00,0.232673,0.234533,0.23124,0.232653,5615518.65529127
2026-01-13 21:00:00+00:00,0.232654,0.233232,0.23179,0.232217,3291888.820379089
2026-01-13 22:00:00+00:00,0.232206,0.240135,0.23209,0.23957,10541441.993341817
2026-01-13 23:00:00+00:00,0.239626,0.241409,0.23629,0.238537,6915627.61437175
2026-01-14 00:00:00+00:00,0.238656,0.241376,0.238656,0.23959,376200.05477931
2026-01-14 01:00:00+00:00,0.23932,0.24177,0.23849,0.24025,275381.99291220994
2026-01-14 02:00:00+00:00,0.240232,0.242544,0.23952,0.241651,886244.6343930999
2026-01-14 03:00:00+00:00,0.24127,0.244064,0.24088,0.243846,609097.7323077
2026-01-14 04:00:00+00:00,0.244036,0.246855,0.243372,0.244031,702263.9599643899
2026-01-14 05:00:00+00:00,0.244116,0.245414,0.24249,0.243638,297673.76839902
2026-01-14 06:00:00+00:00,0.243622,0.245328,0.24095,0.244563,385305.1307044601
2026-01-14 07:00:00+00:00,0.244729,0.245965,0.24301,0.243753,249768.78756713
2026-01-14 08:00:00+00:00,0.243864,0.245554,0.24354,0.243825,240195.82088864
2026-01-14 09:00:00+00:00,0.24394,0.24486,0.24338,0.244254,88079.79129932002
2026-01-14 10:00:00+00:00,0.24393,0.244191,0.24145,0.241611,96532.16615954
2026-01-14 11:00:00+00:00,0.241453,0.241453,0.238187,0.238793,313821.1033745999
2026-01-14 12:00:00+00:00,0.238737,0.239976,0.23851,0.239179,100393.72136452998
2026-01-14 13:00:00+00:00,0.239175,0.239711,0.2379,0.238471,70324.02166269001
2026-01-14 14:00:00+00:00,0.238451,0.243314,0.23821,0.2413,1260590.66473734
2026-01-14 15:00:00+00:00,0.241498,0.24298,0.23902,0.240565,1713380.814752041
2026-01-14 16:00:00+00:00,0.240731,0.2428,0.23961,0.240153,637491.9365418298
2026-01-14 17:00:00+00:00,0.240176,0.24099,0.237133,0.237755,346323.71459107
2026-01-14 18:00:00+00:00,0.237591,0.238609,0.23479,0.236839,638748.17594143
2026-01-14 19:00:00+00:00,0.236355,0.240075,0.23561,0.237169,532771.1593301498
2026-01-14 20:00:00+00:00,0.23728,0.238794,0.236165,0.237118,121346.74506401
2026-01-14 21:00:00+00:00,0.237045,0.238438,0.23686,0.238,1963838.0280004493
2026-01-14 22:00:00+00:00,0.23763,0.23776,0.23511,0.2355,171401.90546774
2026-01-14 23:00:00+00:00,0.23563,0.237316,0.23551,0.236098,170278.83176733
2026-01-15 00:00:00+00:00,0.236196,0.236508,0.23351,0.234204,2988816.0210552206
2026-01-15 01:00:00+00:00,0.234204,0.235294,0.23302,0.23366,4537250.480087185
2026-01-15 02:00:00+00:00,0.233724,0.234172,0.23176,0.232113,1251301.40677668
2026-01-15 03:00:00+00:00,0.232126,0.232524,0.22888,0.229975,3522484.950697371
2026-01-15 04:00:00+00:00,0.229978,0.231423,0.229829,0.230991,2590201.988159013
2026-01-15 05:00:00+00:00,0.230865,0.231721,0.23048,0.231202,1002195.91559464
2026-01-15 06:00:00+00:00,0.231171,0.231639,0.22946,0.230009,2933374.96505433
2026-01-15 07:00:00+00:00,0.23001,0.23185,0.229954,0.23185,1117211.0334521297
2026-01-15 08:00:00+00:00,0.23173,0.232161,0.230153,0.231033,556325.9256327297
2026-01-15 09:00:00+00:00,0.230888,0.233087,0.22988,0.232146,2808510.1452142303
2026-01-15 10:00:00+00:00,0.232285,0.232365,0.231094,0.231825,603318.92270857
2026-01-15 11:00:00+00:00,0.23177,0.232342,0.2309,0.231177,644826.0212162
2026-01-15 12:00:00+00:00,0.231136,0.232191,0.230797,0.232055,503292.4312363099
2026-01-15 13:00:00+00:00,0.232052,0.2344,0.230972,0.232812,3219027.0447063125
2026-01-15 14:00:00+00:00,0.232888,0.2346,0.229392,0.230491,5508062.981803148
2026-01-15 15:00:00+00:00,0.23057,0.231984,0.226649,0.23073,5401451.79516668
2026-01-15 16:00:00+00:00,0.230638,0.23165,0.229029,0.231418,1106307.6647896094
2026-01-15 17:00:00+00:00,0.231337,0.23205,0.228871,0.229255,1919907.6132845404
2026-01-15 18:00:00+00:00,0.229213,0.229295,0.2258,0.226159,1442254.3357771402
2026-01-15 19:00:00+00:00,0.226158,0.227205,0.22518,0.226733,2745385.51779857
2026-01-15 20:00:00+00:00,0.226722,0.227441,0.224749,0.225246,3991189.642561
2026-01-15 21:00:00+00:00,0.225272,0.226919,0.225116,0.226818,610403.3272646302
2026-01-15 22:00:00+00:00,0.226718,0.228185,0.226475,0.227594,1001920.6369937002
2026-01-15 23:00:00+00:00,0.227601,0.228761,0.226952,0.228374,997867.41415727
2026-01-16 00:00:00+00:00,0.228343,0.228925,0.228142,0.228737,1015406.4205233798
2026-01-16 01:00:00+00:00,0.22873,0.229005,0.22762,0.228377,1227905.5169120403
2026-01-16 02:00:00+00:00,0.228437,0.228477,0.226457,0.228424,1061732.2829494097
2026-01-16 03:00:00+00:00,0.228424,0.228817,0.22678,0.227272,652935.9406455499
2026-01-16 04:00:00+00:00,0.227374,0.22825,0.225361,0.226142,1440691.1281969398
2026-01-16 05:00:00+00:00,0.226145,0.228108,0.225885,0.227584,1156156.6271418205
2026-01-16 06:00:00+00:00,0.227605,0.228214,0.22699,0.228025,600114.7512679601
2026-01-16 07:00:00+00:00,0.227961,0.228299,0.227419,0.228044,345942.80490831024
2026-01-16 08:00:00+00:00,0.22811,0.229417,0.22778,0.227804,1723580.52040266
2026-01-16 09:00:00+00:00,0.227909,0.228216,0.22599,0.226188,774715.1192984201
2026-01-16 10:00:00+00:00,0.226169,0.226233,0.22387,0.225701,2426008.2897236734
2026-01-16 11:00:00+00:00,0.225688,0.225802,0.22457,0.225661,368674.6734900699
2026-01-16 12:00:00+00:00,0.225626,0.225742,0.22473,0.225377,520494.76752154
2026-01-16 13:00:00+00:00,0.225377,0.225377,0.223968,0.224492,1012454.2897383098
2026-01-16 14:00:00+00:00,0.224503,0.225224,0.223739,0.223786,1326363.8531282097
2026-01-16 15:00:00+00:00,0.223735,0.224951,0.21991,0.22167,6338167.32118162
2026-01-16 16:00:00+00:00,0.221441,0.222458,0.220909,0.22126,1928905.4770584
2026-01-16 17:00:00+00:00,0.22113,0.223009,0.22091,0.222793,1054455.1941105605
2026-01-16 18:00:00+00:00,0.222838,0.22324,0.222119,0.222493,912151.4622892002
2026-01-16 19:00:00+00:00,0.22249,0.223267,0.221494,0.223054,1129637.9652233697
2026-01-16 20:00:00+00:00,0.223095,0.226469,0.222175,0.226467,2916829.9244777104
2026-01-16 21:00:00+00:00,0.226494,0.228221,0.226038,0.226038,1108014.88656301
2026-01-16 22:00:00+00:00,0.226781,0.227642,0.22646,0.226881,559088.6071022999
2026-01-16 23:00:00+00:00,0.226881,0.227023,0.225931,0.225951,1109339.17963121
2026-01-17 00:00:00+00:00,0.225942,0.226622,0.225732,0.22603,1039227.31647778
2026-01-17 01:00:00+00:00,0.225964,0.226985,0.225872,0.226572,682549.2780270597
2026-01-17 02:00:00+00:00,0.226623,0.226635,0.225127,0.22557,751831.7607268598
2026-01-17 03:00:00+00:00,0.225491,0.225751,0.2248,0.225048,513022.06432022
2026-01-17 04:00:00+00:00,0.225051,0.225428,0.224763,0.225271,576501.55304598
2026-01-17 05:00:00+00:00,0.225299,0.225681,0.225092,0.225294,449978.53649108
2026-01-17 06:00:00+00:00,0.225237,0.225762,0.224942,0.225111,1107788.0121273992
2026-01-17 07:00:00+00:00,0.225113,0.22564,0.224571,0.225483,355940.06600248994
2026-01-17 08:00:00+00:00,0.225539,0.226581,0.22543,0.226429,444781.8688807701
2026-01-17 09:00:00+00:00,0.226502,0.2272,0.226228,0.226985,642439.4571908301
2026-01-17 10:00:00+00:00,0.226948,0.22837,0.226847,0.22733,1305366.6990023402
2026-01-17 11:00:00+00:00,0.227279,0.227798,0.226546,0.226874,337844.06537025
2026-01-17 12:00:00+00:00,0.226864,0.228039,0.226659,0.227224,632442.45680892
2026-01-17 13:00:00+00:00,0.227246,0.228337,0.226811,0.22817,988007.88065235
2026-01-17 14:00:00+00:00,0.228176,0.2307,0.227672,0.230365,2965133.4399208305
2026-01-17 15:00:00+00:00,0.23026,0.232126,0.230042,0.23207,4072504.5933673694
2026-01-17 16:00:00+00:00,0.232071,0.23271,0.230998,0.231927,1866407.0864734096
2026-01-17 17:00:00+00:00,0.23205,0.23282,0.231103,0.232799,952806.3234453404
2026-01-17 18:00:00+00:00,0.2328,0.233352,0.231409,0.231957,2965432.879798101
2026-01-17 19:00:00+00:00,0.231958,0.235141,0.231899,0.235141,1243514.00406961
2026-01-17 20:00:00+00:00,0.23507,0.239061,0.233288,0.233653,5438796.837789409
2026-01-17 21:00:00+00:00,0.233682,0.233936,0.231886,0.232314,1288725.9881530995
2026-01-17 22:00:00+00:00,0.232302,0.23356,0.23,0.230728,1611972.0210136904
2026-01-17 23:00:00+00:00,0.23083,0.230893,0.229558,0.230762,3015752.6368065006
2026-01-18 00:00:00+00:00,0.230754,0.232656,0.229648,0.2304,2450741.82370568
2026-01-18 01:00:00+00:00,0.230416,0.230503,0.228375,0.228723,2290858.98864408
2026-01-18 02:00:00+00:00,0.228804,0.22964,0.227679,0.228088,1307060.97829569
2026-01-18 03:00:00+00:00,0.228148,0.22976,0.228051,0.229276,758393.6081679
2026-01-18 04:00:00+00:00,0.229262,0.229262,0.227867,0.228331,545227.0241044101
2026-01-18 05:00:00+00:00,0.228287,0.22884,0.227479,0.228167,773295.1837506398
2026-01-18 06:00:00+00:00,0.22815,0.228681,0.22766,0.228315,395765.9803127902
2026-01-18 07:00:00+00:00,0.228266,0.228326,0.227054,0.227286,630868.5525470901
2026-01-18 08:00:00+00:00,0.227198,0.227423,0.226764,0.226984,594535.2398102703
2026-01-18 09:00:00+00:00,0.226985,0.228004,0.226601,0.227681,545129.2903003601
2026-01-18 10:00:00+00:00,0.227681,0.227788,0.226311,0.226412,1141171.7594615305
2026-01-18 11:00:00+00:00,0.22646,0.226878,0.22605,0.226246,369762.27343732986
2026-01-18 12:00:00+00:00,0.226212,0.2265,0.225872,0.226071,2146202.20352394
2026-01-18 13:00:00+00:00,0.226037,0.226478,0.22545,0.22579,2152408.8086797106
2026-01-18 14:00:00+00:00,0.225742,0.22664,0.223605,0.2238,1657740.5417643895
2026-01-18 15:00:00+00:00,0.223729,0.2247,0.223228,0.224691,805970.2002728598
2026-01-18 16:00:00+00:00,0.224678,0.225773,0.22415,0.224641,580399.8786143397
2026-01-18 17:00:00+00:00,0.224643,0.225495,0.224057,0.22527,1188852.4289664102
2026-01-18 18:00:00+00:00,0.22537,0.228199,0.224812,0.227423,1594591.6935692902
2026-01-18 19:00:00+00:00,0.227429,0.227674,0.225543,0.225861,749909.9392083399
2026-01-18 20:00:00+00:00,0.225884,0.226745,0.22524,0.225885,742487.1955431699
2026-01-18 21:00:00+00:00,0.225898,0.226951,0.22585,0.226474,1099110.6625408705
2026-01-18 22:00:00+00:00,0.226519,0.227217,0.226133,0.22699,526619.10579456
2026-01-18 23:00:00+00:00,0.226857,0.226857,0.217519,0.218137,10080824.524094028
2026-01-19 00:00:00+00:00,0.217998,0.218086,0.203,0.211732,18960621.695914585
2026-01-19 01:00:00+00:00,0.21158,0.213754,0.21068,0.212561,3597577.143210251
2026-01-19 02:00:00+00:00,0.212471,0.213807,0.211954,0.213435,1325636.3190976705
2026-01-19 03:00:00+00:00,0.213297,0.21476,0.212527,0.214652,1367875.18196883
2026-01-19 04:00:00+00:00,0.214634,0.216149,0.213832,0.21523,2530637.3871619287
2026-01-19 05:00:00+00:00,0.215208,0.217988,0.21421,0.214365,7489568.4746148465
2026-01-19 06:00:00+00:00,0.214307,0.21441,0.213031,0.21363,1785288.8332634096
2026-01-19 07:00:00+00:00,0.213723,0.21384,0.212836,0.213492,1155799.2482702
2026-01-19 08:00:00+00:00,0.2135,0.217256,0.2129,0.214683,2603605.6054658
2026-01-19 09:00:00+00:00,0.21462,0.21489,0.213707,0.214341,865573.76220192
2026-01-19 10:00:00+00:00,0.214321,0.214405,0.21344,0.2141,666574.4501360802
2026-01-19 11:00:00+00:00,0.214214,0.215306,0.214047,0.214831,646728.45045434
2026-01-19 12:00:00+00:00,0.214744,0.214843,0.213594,0.213874,1616511.18689899
2026-01-19 13:00:00+00:00,0.213842,0.21474,0.213302,0.21381,619861.8360666399
2026-01-19 14:00:00+00:00,0.213822,0.215981,0.213524,0.215446,2445861.61224631
2026-01-19 15:00:00+00:00,0.215509,0.216878,0.215378,0.216094,1604731.570186401
2026-01-19 16:00:00+00:00,0.216098,0.218746,0.215718,0.21686,6506561.53030717
2026-01-19 17:00:00+00:00,0.216862,0.218069,0.216537,0.217562,1322650.3242375297
2026-01-19 18:00:00+00:00,0.217407,0.219,0.217344,0.218416,883328.56185772
2026-01-19 19:00:00+00:00,0.218486,0.219955,0.218474,0.21879,1221001.20327519
2026-01-19 20:00:00+00:00,0.21879,0.219881,0.21833,0.218915,1000012.0838683402
2026-01-19 21:00:00+00:00,0.219047,0.219329,0.217107,0.217318,1630317.50061912
2026-01-19 22:00:00+00:00,0.217272,0.217398,0.214128,0.214128,825089.8380475702
2026-01-19 23:00:00+00:00,0.214131,0.21703,0.213979,0.215615,3434721.862445072
2026-01-20 00:00:00+00:00,0.215613,0.21597,0.21488,0.215209,2904505.1499660094
2026-01-20 01:00:00+00:00,0.215188,0.216755,0.214751,0.215293,716107.9297071798
2026-01-20 02:00:00+00:00,0.215392,0.21581,0.213617,0.215283,1001659.3607395
2026-01-20 03:00:00+00:00,0.21544,0.21565,0.213866,0.214543,979448.22297366
2026-01-20 04:00:00+00:00,0.214489,0.2161,0.214166,0.21533,1884488.9060044903
2026-01-20 05:00:00+00:00,0.215126,0.21633,0.214063,0.215546,1078304.9308134802
2026-01-20 06:00:00+00:00,0.215459,0.215459,0.212577,0.213738,1305180.92653961
2026-01-20 07:00:00+00:00,0.21397,0.21495,0.21291,0.21291,400033.73014667
2026-01-20 08:00:00+00:00,0.213096,0.21351,0.210073,0.212003,2374689.1246519303
2026-01-20 09:00:00+00:00,0.211952,0.21215,0.210794,0.211763,593439.216162
2026-01-20 10:00:00+00:00,0.211855,0.21251,0.211444,0.212127,825328.67641617
2026-01-20 11:00:00+00:00,0.212099,0.21282,0.211047,0.211047,635213.5134880099
2026-01-20 12:00:00+00:00,0.21121,0.212438,0.211042,0.212112,344412.96859622
2026-01-20 13:00:00+00:00,0.212042,0.21236,0.210111,0.210483,1768283.5333504295
2026-01-20 14:00:00+00:00,0.210532,0.21367,0.210368,0.21272,5009687.497635688
2026-01-20 15:00:00+00:00,0.212743,0.21312,0.210344,0.211644,2741970.2678837697
2026-01-20 16:00:00+00:00,0.21174,0.21259,0.208863,0.210078,3169067.244401869
2026-01-20 17:00:00+00:00,0.21,0.211489,0.2085,0.209629,1960758.4521242687
2026-01-20 18:00:00+00:00,0.20992,0.210097,0.207548,0.207828,3760615.5104646
2026-01-20 19:00:00+00:00,0.207826,0.20902,0.207155,0.208746,2478758.782698659
2026-01-20 20:00:00+00:00,0.208736,0.21016,0.2076,0.20978,2881749.5176924383
2026-01-20 21:00:00+00:00,0.20954,0.2098,0.207392,0.207799,666502.1962345801
2026-01-20 22:00:00+00:00,0.207766,0.208454,0.204181,0.206999,2049366.8569282093
2026-01-20 23:00:00+00:00,0.207162,0.20764,0.206391,0.206841,1332671.2967945498
2026-01-21 00:00:00+00:00,0.206788,0.211777,0.20668,0.211349,836924.25857422
2026-01-21 01:00:00+00:00,0.211448,0.212389,0.211221,0.21178,1115839.4999077204
2026-01-21 02:00:00+00:00,0.211757,0.21346,0.211715,0.212235,1997280.168779841
2026-01-21 03:00:00+00:00,0.212271,0.21304,0.211391,0.211507,801160.9859957898
2026-01-21 04:00:00+00:00,0.211582,0.21318,0.211102,0.212876,1634379.622246501
2026-01-21 05:00:00+00:00,0.212877,0.21531,0.212793,0.2141,5957163.19961914
2026-01-21 06:00:00+00:00,0.214183,0.21494,0.212607,0.2128,803930.6657216202
2026-01-21 07:00:00+00:00,0.212727,0.21396,0.212293,0.212891,989456.28588923
2026-01-21 08:00:00+00:00,0.212848,0.21316,0.211421,0.211914,653026.52595109
2026-01-21 09:00:00+00:00,0.212025,0.21308,0.211479,0.212475,745395.8881242198
2026-01-21 10:00:00+00:00,0.212319,0.213556,0.212071,0.212454,558200.8423394
2026-01-21 11:00:00+00:00,0.212399,0.21264,0.209888,0.21012,1044070.40301098
2026-01-21 12:00:00+00:00,0.210084,0.21069,0.20792,0.209895,2308132.085169971
2026-01-21 13:00:00+00:00,0.209949,0.21086,0.208238,0.208792,725831.1400459402
2026-01-21 14:00:00+00:00,0.2088,0.21497,0.208562,0.214528,2497929.542241789
2026-01-21 15:00:00+00:00,0.214591,0.21559,0.212746,0.214923,4051088.47500621
2026-01-21 16:00:00+00:00,0.214977,0.215022,0.2055,0.205753,6075179.505091066
2026-01-21 17:00:00+00:00,0.20587,0.20817,0.205172,0.206562,2606039.8896429413
2026-01-21 18:00:00+00:00,0.206568,0.209265,0.205783,0.208332,1375046.62599221
2026-01-21 19:00:00+00:00,0.208293,0.215438,0.207599,0.215212,7343302.697502736
2026-01-21 20:00:00+00:00,0.215353,0.21579,0.21239,0.215748,4633043.68283104
2026-01-21 21:00:00+00:00,0.215731,0.217383,0.214736,0.215868,2376748.0379961506
2026-01-21 22:00:00+00:00,0.215835,0.21708,0.21356,0.213615,5332966.329202721
2026-01-21 23:00:00+00:00,0.213699,0.214605,0.211841,0.212284,1531214.7523819802
2026-01-22 00:00:00+00:00,0.212289,0.214683,0.212289,0.213828,1071270.3131320602
2026-01-22 01:00:00+00:00,0.213828,0.21547,0.213765,0.214885,955529.87818804
2026-01-22 02:00:00+00:00,0.214837,0.21558,0.213775,0.213802,1469260.66392573
2026-01-22 03:00:00+00:00,0.213836,0.214665,0.21292,0.213373,1073063.08562165
2026-01-22 04:00:00+00:00,0.2133,0.21515,0.213219,0.214901,1145576.3229314797
2026-01-22 05:00:00+00:00,0.214853,0.21519,0.214104,0.214442,196523.7696489601
2026-01-22 06:00:00+00:00,0.214322,0.214803,0.213375,0.214497,474298.9940286799
2026-01-22 07:00:00+00:00,0.214488,0.2156,0.213589,0.215217,566573.1126996399
2026-01-22 08:00:00+00:00,0.215188,0.216951,0.213836,0.2155,2262122.3677243697
2026-01-22 09:00:00+00:00,0.215478,0.21644,0.215174,0.215858,508495.52418754
2026-01-22 10:00:00+00:00,0.215874,0.216191,0.214562,0.214812,1203778.9541555403
2026-01-22 11:00:00+00:00,0.21487,0.21508,0.213474,0.2135,511436.2712122599
2026-01-22 12:00:00+00:00,0.213499,0.214056,0.213376,0.213577,755848.9230313101
2026-01-22 13:00:00+00:00,0.213501,0.21449,0.212503,0.21279,2576084.3681491497
2026-01-22 14:00:00+00:00,0.212783,0.21303,0.21044,0.210636,1500115.1335539098
2026-01-22 15:00:00+00:00,0.210481,0.212769,0.209401,0.211943,6558424.305161431
2026-01-22 16:00:00+00:00,0.212048,0.21355,0.211025,0.213308,1646542.0376622502
2026-01-22 17:00:00+00:00,0.213272,0.21418,0.212279,0.213872,2619571.6904407097
2026-01-22 18:00:00+00:00,0.213839,0.213904,0.211823,0.21233,970070.8409214404
2026-01-22 19:00:00+00:00,0.211999,0.21354,0.211453,0.212755,825998.6059895398
2026-01-22 20:00:00+00:00,0.212778,0.21328,0.211226,0.21189,841627.16633045
2026-01-22 21:00:00+00:00,0.211725,0.212608,0.211034,0.211369,994089.23860863
2026-01-22 22:00:00+00:00,0.211409,0.21238,0.210738,0.211379,1016399.4402345102
2026-01-22 23:00:00+00:00,0.211312,0.21198,0.21019,0.211271,869304.9842928502
2026-01-23 00:00:00+00:00,0.211344,0.21256,0.211344,0.212025,1028620.1249187504
2026-01-23 01:00:00+00:00,0.212028,0.213304,0.211789,0.213103,621392.17981287
2026-01-23 02:00:00+00:00,0.213189,0.213444,0.21175,0.21186,561319.6885566801
2026-01-23 03:00:00+00:00,0.211801,0.21344,0.211733,0.212708,297219.29039187
2026-01-23 04:00:00+00:00,0.21301,0.21354,0.212415,0.212726,1405705.14232083
2026-01-23 05:00:00+00:00,0.21262,0.21287,0.210973,0.211618,844231.4177421499
2026-01-23 06:00:00+00:00,0.211433,0.2122,0.210448,0.21119,394700.13864494994
2026-01-23 07:00:00+00:00,0.21117,0.21157,0.21059,0.21092,486890.2791679101
2026-01-23 08:00:00+00:00,0.210925,0.21127,0.209173,0.209349,603270.1609989099
2026-01-23 09:00:00+00:00,0.20966,0.21023,0.208448,0.209101,533914.3750536498
2026-01-23 10:00:00+00:00,0.209146,0.20991,0.208415,0.20939,910868.0746280204
2026-01-23 11:00:00+00:00,0.209401,0.21115,0.209219,0.210909,203712.68426492
2026-01-23 12:00:00+00:00,0.210907,0.21142,0.210168,0.210911,423817.8656442199
2026-01-23 13:00:00+00:00,0.210785,0.21142,0.21039,0.210503,408447.1134986399
2026-01-23 14:00:00+00:00,0.210517,0.21159,0.208263,0.209501,961917.1448125702
2026-01-23 15:00:00+00:00,0.209628,0.213308,0.20877,0.212936,951066.26103403
2026-01-23 16:00:00+00:00,0.212966,0.21651,0.212937,0.214719,4269798.024323911
2026-01-23 17:00:00+00:00,0.214758,0.21836,0.213423,0.215569,1448456.3380468804
2026-01-23 18:00:00+00:00,0.215659,0.218693,0.215121,0.215699,3051305.048411742
2026-01-23 19:00:00+00:00,0.215557,0.215656,0.211261,0.211772,1663794.9646294694
2026-01-23 20:00:00+00:00,0.211864,0.21218,0.209785,0.21176,2683107.5209719813
2026-01-23 21:00:00+00:00,0.211384,0.21274,0.211176,0.211427,348781.95619046985
2026-01-23 22:00:00+00:00,0.211427,0.21295,0.211427,0.212419,604154.7983953699
2026-01-23 23:00:00+00:00,0.212349,0.213201,0.21161,0.211968,691790.3977244002
2026-01-24 00:00:00+00:00,0.21196,0.21219,0.210831,0.211041,462184.8376783098
2026-01-24 01:00:00+00:00,0.210883,0.2114,0.210468,0.210973,466080.4815826899
2026-01-24 02:00:00+00:00,0.211015,0.2117,0.211005,0.211171,329255.13012692006
2026-01-24 03:00:00+00:00,0.21117,0.211842,0.210845,0.211188,233763.28874179
2026-01-24 04:00:00+00:00,0.211192,0.21166,0.210853,0.211358,784289.5121180402
2026-01-24 05:00:00+00:00,0.211335,0.211398,0.210562,0.210936,620209.96841768
2026-01-24 06:00:00+00:00,0.210893,0.21136,0.210371,0.210584,443720.1298730199
2026-01-24 07:00:00+00:00,0.21065,0.21159,0.210475,0.210538,296989.35735707
2026-01-24 08:00:00+00:00,0.21091,0.21153,0.21039,0.210931,146535.09466268998
2026-01-24 09:00:00+00:00,0.21133,0.21133,0.210238,0.21087,351744.3111470999
2026-01-24 10:00:00+00:00,0.210566,0.2109,0.209937,0.2105,402811.3495727099
2026-01-24 11:00:00+00:00,0.210483,0.211619,0.210418,0.211504,289236.20032208
2026-01-24 12:00:00+00:00,0.211487,0.21233,0.211333,0.211584,247191.43467579
2026-01-24 13:00:00+00:00,0.211521,0.21213,0.211066,0.21119,320654.1938419599
2026-01-24 14:00:00+00:00,0.211167,0.21218,0.210912,0.211274,477912.0668573098
2026-01-24 15:00:00+00:00,0.211284,0.21176,0.210842,0.210877,744301.66444666
2026-01-24 16:00:00+00:00,0.210842,0.21149,0.21056,0.21077,412539.1557980899
2026-01-24 17:00:00+00:00,0.210763,0.21205,0.210595,0.211806,489123.46139584
2026-01-24 18:00:00+00:00,0.211709,0.21229,0.211544,0.211798,373475.2964379598
2026-01-24 19:00:00+00:00,0.211767,0.211936,0.210297,0.210651,806679.54263076
2026-01-24 20:00:00+00:00,0.210649,0.211936,0.210551,0.211936,848808.7784011001
2026-01-24 21:00:00+00:00,0.211935,0.211935,0.211379,0.211686,341310.26469745
2026-01-24 22:00:00+00:00,0.211686,0.2131,0.211686,0.212658,401230.43190378015
2026-01-24 23:00:00+00:00,0.212739,0.21293,0.211117,0.211177,501713.70842861
2026-01-25 00:00:00+00:00,0.211021,0.21162,0.210144,0.210651,1046157.67317979
2026-01-25 01:00:00+00:00,0.210623,0.210974,0.209905,0.210302,648927.76524994
2026-01-25 02:00:00+00:00,0.210265,0.211011,0.209931,0.210384,1781252.0612625394
2026-01-25 03:00:00+00:00,0.210404,0.2107,0.209593,0.210189,4719997.391209989
2026-01-25 04:00:00+00:00,0.210173,0.21064,0.209855,0.209856,785902.81805089
2026-01-25 05:00:00+00:00,0.209795,0.21059,0.209575,0.210468,1450339.9050754097
2026-01-25 06:00:00+00:00,0.210505,0.210505,0.209533,0.209679,482574.30873133015
2026-01-25 07:00:00+00:00,0.209574,0.20984,0.209034,0.20925,199783.25315224
2026-01-25 08:00:00+00:00,0.209355,0.21026,0.208744,0.20901,434782.6223894201
2026-01-25 09:00:00+00:00,0.209041,0.21053,0.208585,0.209839,397960.37493969005
2026-01-25 10:00:00+00:00,0.209792,0.21165,0.209738,0.210291,1492452.9556180895
2026-01-25 11:00:00+00:00,0.210348,0.21104,0.209475,0.209698,287304.65339438006
2026-01-25 12:00:00+00:00,0.209521,0.21016,0.208516,0.209728,262804.04657658003
2026-01-25 13:00:00+00:00,0.21003,0.21004,0.208756,0.209629,294045.19581595
2026-01-25 14:00:00+00:00,0.209585,0.20992,0.207501,0.208192,441876.3518296799
2026-01-25 15:00:00+00:00,0.208191,0.20894,0.207125,0.207455,1468788.69399203
2026-01-25 16:00:00+00:00,0.20765,0.20765,0.203246,0.204742,2656731.65903295
2026-01-25 17:00:00+00:00,0.204682,0.20545,0.204,0.205009,1857367.264442181
2026-01-25 18:00:00+00:00,0.205036,0.20558,0.202244,0.20302,4785165.67206107
2026-01-25 19:00:00+00:00,0.202937,0.20361,0.200375,0.201632,6404615.62022528
2026-01-25 20:00:00+00:00,0.201524,0.20309,0.200556,0.202337,3281224.19260835
2026-01-25 21:00:00+00:00,0.202401,0.20381,0.202401,0.2035,1590041.24150364
2026-01-25 22:00:00+00:00,0.203578,0.20374,0.201676,0.202542,906751.22683019
2026-01-25 23:00:00+00:00,0.202553,0.2037,0.2015,0.203017,3189330.002962572
2026-01-26 00:00:00+00:00,0.20355,0.20502,0.202865,0.204947,1807214.23591318
2026-01-26 01:00:00+00:00,0.204888,0.20806,0.204787,0.207582,3645041.4334116895
2026-01-26 02:00:00+00:00,0.207527,0.20767,0.206004,0.20641,776477.1965872403
2026-01-26 03:00:00+00:00,0.206442,0.207084,0.204871,0.205638,631324.31593339
2026-01-26 04:00:00+00:00,0.205638,0.2081,0.205532,0.206827,1030551.70539288
2026-01-26 05:00:00+00:00,0.206829,0.20749,0.206522,0.206885,667884.7357240403
2026-01-26 06:00:00+00:00,0.206927,0.20777,0.206568,0.207542,283180.36753037
2026-01-26 07:00:00+00:00,0.207451,0.20822,0.206891,0.207328,385121.15674956
2026-01-26 08:00:00+00:00,0.207341,0.20921,0.206821,0.207173,785798.5327611001
2026-01-26 09:00:00+00:00,0.207246,0.207337,0.205677,0.206018,258038.5298888399
2026-01-26 10:00:00+00:00,0.206112,0.207265,0.206112,0.206868,460726.0566907901
2026-01-26 11:00:00+00:00,0.206922,0.2078,0.206714,0.207073,1020503.2560149704
2026-01-26 12:00:00+00:00,0.207073,0.20815,0.206743,0.207466,465743.86976082
2026-01-26 13:00:00+00:00,0.207618,0.208937,0.207328,0.208163,657656.8345274599
2026-01-26 14:00:00+00:00,0.208205,0.21015,0.20725,0.209845,5312525.418369378
2026-01-26 15:00:00+00:00,0.209628,0.21186,0.20793,0.208974,3090569.053797201
2026-01-26 16:00:00+00:00,0.209094,0.21032,0.207499,0.207675,2637806.66776566
2026-01-26 17:00:00+00:00,0.207482,0.20838,0.20594,0.207117,1506124.4903546898
2026-01-26 18:00:00+00:00,0.207073,0.20872,0.206573,0.207008,1698217.5119602408
2026-01-26 19:00:00+00:00,0.207062,0.20771,0.205889,0.206007,1858006.7499765195
2026-01-26 20:00:00+00:00,0.206121,0.20703,0.204945,0.205296,2548903.429106941
2026-01-26 21:00:00+00:00,0.205227,0.207584,0.204746,0.206855,2310908.60095261
2026-01-26 22:00:00+00:00,0.207,0.2075,0.2062,0.206431,1679902.1525002297
2026-01-26 23:00:00+00:00,0.20697,0.20796,0.205794,0.207045,1315096.7233339702
2026-01-27 00:00:00+00:00,0.207119,0.20782,0.2062,0.20741,1315515.90344257
2026-01-27 01:00:00+00:00,0.207215,0.20872,0.206539,0.207924,894947.3304242899
2026-01-27 02:00:00+00:00,0.208021,0.20897,0.207458,0.208306,1047948.2521335596
2026-01-27 03:00:00+00:00,0.208242,0.2088,0.207332,0.207509,572390.7588355901
2026-01-27 04:00:00+00:00,0.20763,0.20893,0.207233,0.207501,575882.4451672499
2026-01-27 05:00:00+00:00,0.207585,0.20771,0.206739,0.20705,287786.46618794004
2026-01-27 06:00:00+00:00,0.20738,0.20738,0.20589,0.206205,571871.1951490899
2026-01-27 07:00:00+00:00,0.206164,0.2073,0.206142,0.206416,462534.87740807
2026-01-27 08:00:00+00:00,0.206352,0.20696,0.2055,0.205863,280967.38151583006
2026-01-27 09:00:00+00:00,0.205827,0.20614,0.204564,0.204982,1614697.24688624
2026-01-27 10:00:00+00:00,0.205,0.20552,0.204798,0.205013,704221.6270122902
2026-01-27 11:00:00+00:00,0.20496,0.20653,0.204938,0.206079,441372.70944354
2026-01-27 12:00:00+00:00,0.205965,0.20651,0.205342,0.205741,650381.13385249
2026-01-27 13:00:00+00:00,0.205807,0.206,0.204465,0.204646,1194227.44178536
2026-01-27 14:00:00+00:00,0.20503,0.20685,0.203966,0.204277,2118857.0272970297
2026-01-27 15:00:00+00:00,0.204313,0.20687,0.203877,0.20653,1608536.6481288003
2026-01-27 16:00:00+00:00,0.206393,0.20887,0.206392,0.208304,2714757.8091408107
2026-01-27 17:00:00+00:00,0.20823,0.20843,0.2038,0.20432,2142704.04069188
2026-01-27 18:00:00+00:00,0.204354,0.20635,0.203038,0.205361,4117860.831827449
2026-01-27 19:00:00+00:00,0.205403,0.20652,0.204584,0.205739,2052305.56370094
2026-01-27 20:00:00+00:00,0.205828,0.20976,0.205681,0.20976,3661684.286497219
2026-01-27 21:00:00+00:00,0.209354,0.20994,0.20805,0.208648,4266141.055896702
2026-01-27 22:00:00+00:00,0.208658,0.20973,0.208285,0.208691,1954364.23176747
2026-01-27 23:00:00+00:00,0.208691,0.20924,0.208001,0.208241,1973270.22813501
2026-01-28 00:00:00+00:00,0.208248,0.20876,0.207356,0.208472,833417.0991636197
2026-01-28 01:00:00+00:00,0.208491,0.20871,0.207021,0.207865,1270226.4217182302
2026-01-28 02:00:00+00:00,0.207768,0.208071,0.207128,0.207629,879513.7412235503
2026-01-28 03:00:00+00:00,0.20758,0.20791,0.207032,0.207316,751895.6219569701
2026-01-28 04:00:00+00:00,0.207271,0.20776,0.2065,0.207406,1154477.94029464
2026-01-28 05:00:00+00:00,0.20742,0.20845,0.207146,0.208186,555269.3766283399
2026-01-28 06:00:00+00:00,0.208134,0.20977,0.208134,0.209333,873489.69323169
2026-01-28 07:00:00+00:00,0.209364,0.20987,0.208179,0.20862,617326.3900869099
2026-01-28 08:00:00+00:00,0.208599,0.20945,0.208388,0.20839,1643392.0049685
2026-01-28 09:00:00+00:00,0.20836,0.2105,0.208195,0.210377,2259648.9082344514
2026-01-28 10:00:00+00:00,0.210385,0.21123,0.209677,0.210028,1001343.11204692
2026-01-28 11:00:00+00:00,0.210134,0.21204,0.209723,0.211354,2798041.13264299
2026-01-28 12:00:00+00:00,0.211354,0.21153,0.209836,0.210497,1708478.9960938806
2026-01-28 13:00:00+00:00,0.210542,0.21177,0.21027,0.211148,1196986.7003493395
2026-01-28 14:00:00+00:00,0.21112,0.21135,0.209779,0.20988,1759403.2864612998
2026-01-28 15:00:00+00:00,0.209942,0.210484,0.207672,0.207939,1487926.6609585497
2026-01-28 16:00:00+00:00,0.207939,0.20881,0.206971,0.207869,1038039.0410030404
2026-01-28 17:00:00+00:00,0.207909,0.21067,0.206937,0.20985,1007372.0608424704
2026-01-28 18:00:00+00:00,0.20957,0.20984,0.207925,0.208437,1316586.9509551702
2026-01-28 19:00:00+00:00,0.208449,0.20942,0.207334,0.208502,1819020.01048314
2026-01-28 20:00:00+00:00,0.208474,0.21049,0.208029,0.208442,2112484.23328524
2026-01-28 21:00:00+00:00,0.208466,0.20945,0.2071,0.20889,2187331.617012669
2026-01-28 22:00:00+00:00,0.20889,0.210488,0.20831,0.210321,1008029.8545003104
2026-01-28 23:00:00+00:00,0.21048,0.21142,0.209821,0.21007,2610031.66201158
2026-01-29 00:00:00+00:00,0.21017,0.21035,0.2082,0.209048,1345723.3385330494
2026-01-29 01:00:00+00:00,0.209084,0.20956,0.20736,0.207746,1711159.8662192496
2026-01-29 02:00:00+00:00,0.207739,0.20851,0.205089,0.205785,2644173.613949298
2026-01-29 03:00:00+00:00,0.20589,0.20692,0.2052,0.2064,1283584.48707626
2026-01-29 04:00:00+00:00,0.206413,0.207008,0.204979,0.20654,913621.3968429898
2026-01-29 05:00:00+00:00,0.206459,0.20673,0.205829,0.205986,805033.79190556
2026-01-29 06:00:00+00:00,0.205964,0.20677,0.205834,0.206296,695422.2735052702
2026-01-29 07:00:00+00:00,0.206289,0.206555,0.205789,0.205931,1001109.5309631898
2026-01-29 08:00:00+00:00,0.2062,0.20656,0.205156,0.205326,551101.5481135199
2026-01-29 09:00:00+00:00,0.20561,0.20562,0.204639,0.204748,1244282.4423977097
2026-01-29 10:00:00+00:00,0.204782,0.20557,0.20423,0.20466,1066795.8254269902
2026-01-29 11:00:00+00:00,0.20495,0.20496,0.203479,0.203659,920098.84048628
2026-01-29 12:00:00+00:00,0.203674,0.20419,0.20308,0.203686,1033222.52627031
2026-01-29 13:00:00+00:00,0.203673,0.20471,0.203461,0.204483,1383210.86547397
2026-01-29 14:00:00+00:00,0.20454,0.20539,0.200178,0.200437,4737899.710796488
2026-01-29 15:00:00+00:00,0.200501,0.20076,0.1954,0.19739,10134102.580797303
2026-01-29 16:00:00+00:00,0.197275,0.1996,0.195727,0.199307,4441028.810220149
2026-01-29 17:00:00+00:00,0.199192,0.20198,0.198148,0.198331,2393492.4046390806
2026-01-29 18:00:00+00:00,0.198339,0.198832,0.195042,0.195143,3291156.9588641585
2026-01-29 19:00:00+00:00,0.195042,0.197784,0.194642,0.196935,3237178.072313718
2026-01-29 20:00:00+00:00,0.196965,0.19865,0.196426,0.198155,1218932.3218385202
2026-01-29 21:00:00+00:00,0.198323,0.19945,0.19817,0.198837,2455317.63521362
2026-01-29 22:00:00+00:00,0.198881,0.1994,0.198376,0.198845,776961.4185383699
2026-01-29 23:00:00+00:00,0.1989,0.19912,0.198036,0.19841,1857670.9607552504
2026-01-30 00:00:00+00:00,0.198339,0.19958,0.198306,0.198599,2121058.4114053403
2026-01-30 01:00:00+00:00,0.198602,0.19964,0.192049,0.195332,6226923.167037008
2026-01-30 02:00:00+00:00,0.195331,0.19592,0.190473,0.192932,6769778.172059962
2026-01-30 03:00:00+00:00,0.192944,0.19429,0.192349,0.193073,6275552.783573198
2026-01-30 04:00:00+00:00,0.193127,0.195871,0.193127,0.194544,2322360.486860441
2026-01-30 05:00:00+00:00,0.194605,0.19539,0.194243,0.194576,2067204.846375289
2026-01-30 06:00:00+00:00,0.194605,0.19489,0.19072,0.191584,1707236.54684559
2026-01-30 07:00:00+00:00,0.19162,0.194954,0.19162,0.194012,1132104.93309238
2026-01-30 08:00:00+00:00,0.194067,0.194657,0.192352,0.192887,898235.3746972799
2026-01-30 09:00:00+00:00,0.192895,0.193451,0.190904,0.191908,1126421.1807260602
2026-01-30 10:00:00+00:00,0.191915,0.1934,0.19141,0.19299,1117638.23600853
2026-01-30 11:00:00+00:00,0.193067,0.195338,0.19251,0.194939,2731523.4846748705
2026-01-30 12:00:00+00:00,0.19496,0.195377,0.193033,0.19364,3350488.329194121
2026-01-30 13:00:00+00:00,0.19364,0.19436,0.191235,0.1921,2018639.47530352
2026-01-30 14:00:00+00:00,0.19207,0.195086,0.19207,0.193242,3416574.4964129995
2026-01-30 15:00:00+00:00,0.193237,0.19499,0.1913,0.193379,5558134.838794362
2026-01-30 16:00:00+00:00,0.193316,0.19464,0.191694,0.19269,2925946.1199428607
2026-01-30 17:00:00+00:00,0.19269,0.193809,0.191409,0.191665,2479381.8159065507
2026-01-30 18:00:00+00:00,0.191642,0.19521,0.188154,0.19432,8578792.07692814
2026-01-30 19:00:00+00:00,0.19442,0.195616,0.194117,0.19459,3597727.737629021
2026-01-30 20:00:00+00:00,0.194622,0.194622,0.189855,0.19201,2886872.6099256217
2026-01-30 21:00:00+00:00,0.192043,0.193235,0.190845,0.191901,3344088.6769795087
2026-01-30 22:00:00+00:00,0.191927,0.192417,0.19,0.19128,2405381.181864012
2026-01-30 23:00:00+00:00,0.191308,0.19186,0.19021,0.19159,956366.35236092
2026-01-31 00:00:00+00:00,0.191645,0.19202,0.19081,0.191196,1375631.4804668403
2026-01-31 01:00:00+00:00,0.191221,0.1918,0.190575,0.191677,730412.1753790401
2026-01-31 02:00:00+00:00,0.19167,0.192202,0.190553,0.191729,1190845.2119885995
2026-01-31 03:00:00+00:00,0.191729,0.192204,0.191251,0.191755,493314.6764634501
2026-01-31 04:00:00+00:00,0.191651,0.19225,0.190658,0.190748,1268979.6514102102
2026-01-31 05:00:00+00:00,0.19076,0.1914,0.190321,0.190841,496775.5508540499
2026-01-31 06:00:00+00:00,0.19079,0.191098,0.188674,0.189529,1331975.0201119916
2026-01-31 07:00:00+00:00,0.18953,0.19,0.187464,0.18854,888999.7080169596
2026-01-31 08:00:00+00:00,0.18851,0.18903,0.184619,0.185908,3261531.6013797903
2026-01-31 09:00:00+00:00,0.18592,0.186653,0.184691,0.18562,1073148.6585637203
2026-01-31 10:00:00+00:00,0.185653,0.18706,0.185325,0.186489,1170039.3911249302
2026-01-31 11:00:00+00:00,0.186459,0.18652,0.185438,0.18568,861161.3787654899
2026-01-31 12:00:00+00:00,0.18568,0.18632,0.184052,0.184369,2893431.0044045304
2026-01-31 13:00:00+00:00,0.18427,0.18493,0.18171,0.18199,6422069.58724716
2026-01-31 14:00:00+00:00,0.18213,0.182695,0.176319,0.179313,9955200.68375544
2026-01-31 15:00:00+00:00,0.179364,0.180899,0.178918,0.17923,4895111.84843703
2026-01-31 16:00:00+00:00,0.179229,0.18186,0.176318,0.176748,6595746.18239995
2026-01-31 17:00:00+00:00,0.176624,0.17771,0.1705,0.172053,15600371.427839616
2026-01-31 18:00:00+00:00,0.17192,0.174334,0.165589,0.17232,12261902.288104717
2026-01-31 19:00:00+00:00,0.172381,0.17663,0.17227,0.174495,8300537.494832168
2026-01-31 20:00:00+00:00,0.174437,0.176304,0.172956,0.174638,4321399.63453168
2026-01-31 21:00:00+00:00,0.174587,0.177082,0.173437,0.176467,4733864.980107579
2026-01-31 22:00:00+00:00,0.17654,0.177603,0.176133,0.177215,3118525.6439102306
2026-01-31 23:00:00+00:00,0.177206,0.182003,0.177103,0.180854,4000942.8483132417
2026-02-01 00:00:00+00:00,0.180881,0.18202,0.179811,0.180626,2964495.36355303
2026-02-01 01:00:00+00:00,0.18069,0.180897,0.178578,0.180241,1953157.44004962
2026-02-01 02:00:00+00:00,0.180258,0.181554,0.179759,0.18061,1843547.6364844905
2026-02-01 03:00:00+00:00,0.180643,0.181043,0.180245,0.180614,1533468.3818023803
2026-02-01 04:00:00+00:00,0.180597,0.181362,0.180363,0.180856,1334224.6294138404
2026-02-01 05:00:00+00:00,0.18091,0.18173,0.180101,0.180436,1429955.4076780905
2026-02-01 06:00:00+00:00,0.18044,0.181574,0.1798,0.18035,1338818.8970733893
2026-02-01 07:00:00+00:00,0.18035,0.18245,0.179483,0.18127,1193878.0355277
2026-02-01 08:00:00+00:00,0.181284,0.181967,0.1801,0.180947,1113898.16303187
2026-02-01 09:00:00+00:00,0.18098,0.1824,0.18041,0.181969,545084.2394983202
2026-02-01 10:00:00+00:00,0.18202,0.18256,0.178084,0.178341,1000070.3923607802
2026-02-01 11:00:00+00:00,0.17838,0.179127,0.177813,0.178543,969678.9613566598
2026-02-01 12:00:00+00:00,0.17858,0.178657,0.176602,0.177358,1736577.7543466098
2026-02-01 13:00:00+00:00,0.177369,0.179021,0.176855,0.17731,1129690.9521038202
2026-02-01 14:00:00+00:00,0.177276,0.177814,0.174061,0.176338,3929865.981570892
2026-02-01 15:00:00+00:00,0.17638,0.176383,0.171513,0.173691,4109595.42916852
2026-02-01 16:00:00+00:00,0.173582,0.174902,0.172092,0.17327,2467859.9113647696
2026-02-01 17:00:00+00:00,0.173263,0.17388,0.171891,0.173494,1878716.73334524
2026-02-01 18:00:00+00:00,0.173517,0.177002,0.173496,0.175898,1971529.14504664
2026-02-01 19:00:00+00:00,0.175832,0.17688,0.17447,0.175362,1573067.3456271102
2026-02-01 20:00:00+00:00,0.175427,0.177303,0.173726,0.175697,2067245.69088452
2026-02-01 21:00:00+00:00,0.175693,0.17597,0.173967,0.174697,1819136.0970782705
2026-02-01 22:00:00+00:00,0.174697,0.177451,0.174147,0.176328,1951907.41190396
2026-02-01 23:00:00+00:00,0.176204,0.177642,0.170999,0.174835,5794853.70060312
2026-02-02 00:00:00+00:00,0.1749,0.178412,0.173723,0.176629,2991411.1157895303
2026-02-02 01:00:00+00:00,0.176541,0.178238,0.174223,0.176993,1427762.39011769
2026-02-02 02:00:00+00:00,0.17697,0.177446,0.174885,0.17516,3640994.9052588586
2026-02-02 03:00:00+00:00,0.1751,0.175251,0.168286,0.173715,4868820.520988889
2026-02-02 04:00:00+00:00,0.173661,0.17618,0.170852,0.17232,3939601.180581541
2026-02-02 05:00:00+00:00,0.172379,0.172622,0.168602,0.170172,6001066.730794223
2026-02-02 06:00:00+00:00,0.17023,0.175971,0.168908,0.17402,4012652.5012587314
2026-02-02 07:00:00+00:00,0.174174,0.17622,0.173248,0.174306,2185854.720681779
2026-02-02 08:00:00+00:00,0.17432,0.176508,0.17432,0.175528,1327269.7750109704
2026-02-02 09:00:00+00:00,0.175523,0.17762,0.174593,0.17669,2500888.42452944
2026-02-02 10:00:00+00:00,0.17675,0.17783,0.175863,0.17653,1302939.3042863104
2026-02-02 11:00:00+00:00,0.17654,0.17795,0.176513,0.177246,2988060.311408301
2026-02-02 12:00:00+00:00,0.177266,0.180785,0.17726,0.180306,2333540.23665909
2026-02-02 13:00:00+00:00,0.180261,0.182184,0.179324,0.181111,6661417.409749888
2026-02-02 14:00:00+00:00,0.181035,0.18219,0.179205,0.180996,3283489.42779724
2026-02-02 15:00:00+00:00,0.180985,0.183551,0.180417,0.181874,5958663.784584331
2026-02-02 16:00:00+00:00,0.181861,0.183327,0.181286,0.181289,3450377.9829844288
2026-02-02 17:00:00+00:00,0.181257,0.18272,0.180792,0.181315,2189006.8625214207
2026-02-02 18:00:00+00:00,0.181275,0.182411,0.18016,0.181469,4356117.246296949
2026-02-02 19:00:00+00:00,0.181431,0.181683,0.179871,0.179935,2821871.7903154194
2026-02-02 20:00:00+00:00,0.179921,0.180378,0.178439,0.178646,2152280.3253125898
2026-02-02 21:00:00+00:00,0.17873,0.17981,0.178351,0.178992,1273253.13195492
2026-02-02 22:00:00+00:00,0.179037,0.180018,0.178904,0.179079,1244930.6477789895
2026-02-02 23:00:00+00:00,0.17913,0.17955,0.178405,0.17852,1273455.83983154
2026-02-03 00:00:00+00:00,0.178511,0.178717,0.177429,0.178398,1571018.57383081
2026-02-03 01:00:00+00:00,0.17835,0.178366,0.177149,0.177571,2065691.946158612
2026-02-03 02:00:00+00:00,0.17751,0.177633,0.175168,0.17534,1305438.10076448
2026-02-03 03:00:00+00:00,0.175289,0.178272,0.174891,0.17805,1663764.71831583
2026-02-03 04:00:00+00:00,0.177889,0.178762,0.177019,0.17809,909215.7238912302
2026-02-03 05:00:00+00:00,0.17809,0.17818,0.176254,0.17649,954494.38770804
2026-02-03 06:00:00+00:00,0.176469,0.17777,0.175695,0.17777,1495002.8190934
2026-02-03 07:00:00+00:00,0.177315,0.178903,0.176931,0.17779,1110752.2620461902
2026-02-03 08:00:00+00:00,0.177839,0.17905,0.177466,0.177724,612877.3742966201
2026-02-03 09:00:00+00:00,0.177779,0.1783,0.175139,0.176453,2626197.79586898
2026-02-03 10:00:00+00:00,0.17645,0.17726,0.175357,0.175627,798631.8390277
2026-02-03 11:00:00+00:00,0.175673,0.17676,0.175516,0.175761,874477.6621531802
2026-02-03 12:00:00+00:00,0.175766,0.17654,0.17508,0.17591,1712577.6727544293
2026-02-03 13:00:00+00:00,0.17599,0.17745,0.175824,0.176936,1126232.6690378508
2026-02-03 14:00:00+00:00,0.176829,0.177451,0.174074,0.174074,3333707.273512252
2026-02-03 15:00:00+00:00,0.174069,0.17931,0.17377,0.178839,4534119.18361521
2026-02-03 16:00:00+00:00,0.178814,0.178915,0.174411,0.174955,2947279.50215421
2026-02-03 17:00:00+00:00,0.17488,0.175232,0.171154,0.17126,3505044.792440631
2026-02-03 18:00:00+00:00,0.171264,0.17214,0.167637,0.167929,5312548.846753301
2026-02-03 19:00:00+00:00,0.16794,0.1764,0.16766,0.175668,5218348.7704438735
2026-02-03 20:00:00+00:00,0.175626,0.18146,0.173908,0.180036,7756717.808243007
2026-02-03 21:00:00+00:00,0.179956,0.18187,0.177895,0.178164,2866558.9368971298
2026-02-03 22:00:00+00:00,0.178164,0.17821,0.17578,0.176398,3778067.787384981
2026-02-03 23:00:00+00:00,0.176392,0.177022,0.17461,0.175503,3698990.450935269
2026-02-04 00:00:00+00:00,0.175472,0.176594,0.17468,0.175437,2024146.72115545
2026-02-04 01:00:00+00:00,0.175469,0.17821,0.175469,0.176691,2359012.3348219697
2026-02-04 02:00:00+00:00,0.17665,0.177148,0.175507,0.176119,1874191.0951989896
2026-02-04 03:00:00+00:00,0.176058,0.178366,0.175805,0.17746,2281815.46217008
2026-02-04 04:00:00+00:00,0.177366,0.17792,0.176665,0.176854,1350367.9955166
2026-02-04 05:00:00+00:00,0.17682,0.177006,0.175072,0.175473,1126295.31589482
2026-02-04 06:00:00+00:00,0.175454,0.17727,0.175226,0.176676,961493.6248575402
2026-02-04 07:00:00+00:00,0.176655,0.177774,0.176184,0.17734,1298284.3997214094
2026-02-04 08:00:00+00:00,0.177347,0.178183,0.176515,0.177998,900291.0282215301
2026-02-04 09:00:00+00:00,0.177972,0.177972,0.176312,0.176541,825949.0049402899
2026-02-04 10:00:00+00:00,0.176534,0.17704,0.175727,0.1759,1017336.18949391
2026-02-04 11:00:00+00:00,0.17592,0.17654,0.174104,0.175042,1589909.2921640798
2026-02-04 12:00:00+00:00,0.17522,0.1754,0.173964,0.17483,1390735.9310492098
2026-02-04 13:00:00+00:00,0.17442,0.174459,0.171269,0.171299,2511736.5978161795
2026-02-04 14:00:00+00:00,0.171294,0.172638,0.169419,0.16962,4935323.398393484
2026-02-04 15:00:00+00:00,0.169525,0.171493,0.167767,0.169514,3630147.7860645
2026-02-04 16:00:00+00:00,0.16951,0.170324,0.16767,0.169329,4404197.83376891
2026-02-04 17:00:00+00:00,0.169118,0.169869,0.166812,0.168997,3753994.267701809
2026-02-04 18:00:00+00:00,0.16895,0.17301,0.167307,0.170714,4678846.645308948
2026-02-04 19:00:00+00:00,0.17071,0.174198,0.170423,0.173875,3831295.9821908
2026-02-04 20:00:00+00:00,0.173838,0.174075,0.172424,0.172944,1546395.38062104
2026-02-04 21:00:00+00:00,0.173015,0.173635,0.170158,0.171198,1752379.5064709007
2026-02-04 22:00:00+00:00,0.171167,0.173536,0.168369,0.169689,1665719.03903279
2026-02-04 23:00:00+00:00,0.169675,0.17226,0.16944,0.171011,3017972.0887671807
2026-02-05 00:00:00+00:00,0.170979,0.17169,0.169214,0.16997,1527442.0893394102
2026-02-05 01:00:00+00:00,0.170088,0.1715,0.168061,0.168424,2319861.3306421502
2026-02-05 02:00:00+00:00,0.168461,0.16978,0.166235,0.16641,3096443.1484556105
2026-02-05 03:00:00+00:00,0.166573,0.16767,0.164811,0.165108,4673665.752883919
2026-02-05 04:00:00+00:00,0.165139,0.166705,0.164488,0.165503,3645496.312651401
2026-02-05 05:00:00+00:00,0.165526,0.167269,0.1639,0.165918,3494800.0073401914
2026-02-05 06:00:00+00:00,0.16593,0.166014,0.162384,0.163243,4089886.942526196
2026-02-05 07:00:00+00:00,0.163257,0.16561,0.163136,0.16346,3507351.12372212
2026-02-05 08:00:00+00:00,0.163535,0.165526,0.16341,0.164138,1993726.2377138005
2026-02-05 09:00:00+00:00,0.16414,0.16599,0.16216,0.162336,4225017.029665961
2026-02-05 10:00:00+00:00,0.162353,0.1629,0.158468,0.158929,7402628.835191801
2026-02-05 11:00:00+00:00,0.15901,0.160493,0.157268,0.1596,6532876.69722589
2026-02-05 12:00:00+00:00,0.1596,0.161001,0.158077,0.159708,11150352.9028721
2026-02-05 13:00:00+00:00,0.159712,0.16025,0.157766,0.158498,5185807.8064357415
2026-02-05 14:00:00+00:00,0.158479,0.16306,0.158479,0.159858,7228997.457693167
2026-02-05 15:00:00+00:00,0.15988,0.160585,0.150703,0.154187,15554755.282265607
2026-02-05 16:00:00+00:00,0.1542,0.15759,0.152771,0.154528,10729695.954874426
2026-02-05 17:00:00+00:00,0.154494,0.15518,0.149311,0.151829,12976850.567783527
2026-02-05 18:00:00+00:00,0.151718,0.15283,0.149456,0.152228,6622996.229852291
2026-02-05 19:00:00+00:00,0.15223,0.15248,0.14881,0.14931,6128184.166899181
2026-02-05 20:00:00+00:00,0.14933,0.15069,0.143345,0.146524,15538687.29360741
2026-02-05 21:00:00+00:00,0.146397,0.149656,0.144042,0.144662,8434276.35827517
2026-02-05 22:00:00+00:00,0.14479,0.14848,0.14321,0.147281,8429573.277653828
2026-02-05 23:00:00+00:00,0.1472,0.15065,0.146305,0.146866,8078701.215303481
2026-02-06 00:00:00+00:00,0.14662,0.153103,0.13611,0.150903,33417357.93090536
2026-02-06 01:00:00+00:00,0.150838,0.154632,0.149361,0.15392,11508167.31742677
2026-02-06 02:00:00+00:00,0.153924,0.154738,0.149756,0.151324,5101738.512968061
2026-02-06 03:00:00+00:00,0.15146,0.15295,0.150502,0.151865,3902438.6100088
2026-02-06 04:00:00+00:00,0.151906,0.153506,0.150901,0.152901,3014795.1749599488
2026-02-06 05:00:00+00:00,0.152797,0.15694,0.152464,0.15631,2687138.073024339
2026-02-06 06:00:00+00:00,0.15631,0.15685,0.153499,0.15415,3370453.405969829
2026-02-06 07:00:00+00:00,0.153856,0.15486,0.151342,0.15162,6688229.989238709
2026-02-06 08:00:00+00:00,0.15162,0.15292,0.150615,0.15144,4308044.370309749
2026-02-06 09:00:00+00:00,0.151405,0.15473,0.150884,0.15414,2799546.32359781
2026-02-06 10:00:00+00:00,0.15415,0.15844,0.15377,0.157841,5481531.870774291
2026-02-06 11:00:00+00:00,0.157809,0.15842,0.156619,0.157459,4851169.260877759
2026-02-06 12:00:00+00:00,0.157434,0.15795,0.156618,0.157737,3407534.17422064
2026-02-06 13:00:00+00:00,0.157738,0.1633,0.157612,0.161502,9605115.889407145
2026-02-06 14:00:00+00:00,0.161515,0.16458,0.158541,0.163982,9625762.67580266
2026-02-06 15:00:00+00:00,0.164056,0.167106,0.163083,0.165672,10481592.827469448
2026-02-06 16:00:00+00:00,0.16578,0.167982,0.165002,0.167091,8525594.8253144
2026-02-06 17:00:00+00:00,0.167037,0.1818,0.166647,0.16838,9588469.062583264
2026-02-06 18:00:00+00:00,0.168488,0.168562,0.164413,0.165541,6040806.273899108
2026-02-06 19:00:00+00:00,0.165541,0.165892,0.162327,0.163916,7139765.165974159
2026-02-06 20:00:00+00:00,0.163965,0.16451,0.161422,0.162075,5328881.974904871
2026-02-06 21:00:00+00:00,0.16215,0.16341,0.161148,0.16313,4667998.533796889
2026-02-06 22:00:00+00:00,0.16313,0.165688,0.162904,0.165291,3202246.782311121
2026-02-06 23:00:00+00:00,0.165264,0.165828,0.163175,0.16402,4283308.198880949
2026-02-07 00:00:00+00:00,0.163983,0.164401,0.161642,0.162488,3440127.65567826
2026-02-07 01:00:00+00:00,0.162502,0.163732,0.161151,0.162708,1548804.8242118
2026-02-07 02:00:00+00:00,0.162656,0.163138,0.16155,0.162039,1402469.6957080604
2026-02-07 03:00:00+00:00,0.162058,0.16408,0.161876,0.163126,2590746.05979826
2026-02-07 04:00:00+00:00,0.163063,0.164559,0.162132,0.162271,1297192.71406496
2026-02-07 05:00:00+00:00,0.16224,0.163428,0.162071,0.162534,2067012.46488742
2026-02-07 06:00:00+00:00,0.162529,0.16499,0.160664,0.160664,3100293.7567827497
2026-02-07 07:00:00+00:00,0.16078,0.161431,0.157437,0.158644,2154644.955777521
2026-02-07 08:00:00+00:00,0.15864,0.159636,0.158176,0.159203,1382019.24874687
2026-02-07 09:00:00+00:00,0.15927,0.15954,0.157655,0.158514,1200551.1607231805
2026-02-07 10:00:00+00:00,0.158492,0.158913,0.155969,0.15702,1603599.3326799604
2026-02-07 11:00:00+00:00,0.15705,0.15745,0.156212,0.156353,2473079.5147984102
2026-02-07 12:00:00+00:00,0.156352,0.161106,0.156247,0.159666,4067007.551121093
2026-02-07 13:00:00+00:00,0.15972,0.160504,0.158396,0.159365,1580865.0807868
2026-02-07 14:00:00+00:00,0.1593,0.159803,0.157964,0.158275,1289030.2140800296
2026-02-07 15:00:00+00:00,0.15828,0.160847,0.157964,0.159732,1886806.20143116
2026-02-07 16:00:00+00:00,0.159766,0.164849,0.159276,0.16167,8169859.461047153
2026-02-07 17:00:00+00:00,0.161671,0.162192,0.159791,0.16144,1411972.3734087506
2026-02-07 18:00:00+00:00,0.16148,0.16412,0.16148,0.16275,977735.4238826898
2026-02-07 19:00:00+00:00,0.16268,0.16283,0.161334,0.16164,706763.2051247997
2026-02-07 20:00:00+00:00,0.161678,0.162936,0.161475,0.16253,1247518.90510475
2026-02-07 21:00:00+00:00,0.16253,0.162764,0.161535,0.16168,1257581.6115894406
2026-02-07 22:00:00+00:00,0.161627,0.16228,0.16133,0.161504,668866.7189993799
2026-02-07 23:00:00+00:00,0.16159,0.1622,0.160692,0.161683,1179709.00909338
2026-02-08 00:00:00+00:00,0.16173,0.16191,0.160672,0.161567,909652.3352360504
2026-02-08 01:00:00+00:00,0.161616,0.16372,0.161476,0.162529,1437903.74352086
2026-02-08 02:00:00+00:00,0.16259,0.16333,0.160996,0.161479,1374061.6600255508
2026-02-08 03:00:00+00:00,0.1615,0.16186,0.160124,0.16029,725316.9139359301
2026-02-08 04:00:00+00:00,0.160273,0.16088,0.159617,0.160597,990415.5595783802
2026-02-08 05:00:00+00:00,0.160597,0.160994,0.1596,0.159933,1058654.4157387598
2026-02-08 06:00:00+00:00,0.159909,0.160422,0.159656,0.160012,418758.2296517899
2026-02-08 07:00:00+00:00,0.16002,0.160602,0.1597,0.160475,404875.9922713001
2026-02-08 08:00:00+00:00,0.16049,0.16366,0.160245,0.163542,3241360.598957711
2026-02-08 09:00:00+00:00,0.16355,0.164117,0.161678,0.16231,1251698.55964907
2026-02-08 10:00:00+00:00,0.16231,0.16318,0.161335,0.161609,689160.85262618
2026-02-08 11:00:00+00:00,0.161578,0.16416,0.161499,0.16374,971168.3642474802
2026-02-08 12:00:00+00:00,0.163764,0.163914,0.162608,0.1634,1116865.9398661796
2026-02-08 13:00:00+00:00,0.163392,0.16425,0.162384,0.16389,2547505.270566071
2026-02-08 14:00:00+00:00,0.16392,0.16431,0.163248,0.16375,1025330.30342923
2026-02-08 15:00:00+00:00,0.163847,0.16435,0.161305,0.16199,1612308.2544870495
2026-02-08 16:00:00+00:00,0.161804,0.162029,0.158787,0.159398,5681612.4322694
2026-02-08 17:00:00+00:00,0.159384,0.16129,0.159336,0.16115,978037.9594587998
2026-02-08 18:00:00+00:00,0.16115,0.16305,0.161113,0.16224,990266.6518415996
2026-02-08 19:00:00+00:00,0.16225,0.163575,0.16208,0.163519,865557.0145189202
2026-02-08 20:00:00+00:00,0.1634,0.163524,0.161713,0.161832,793658.1134361201
2026-02-08 21:00:00+00:00,0.161856,0.16243,0.160656,0.161352,1585431.00749476
2026-02-08 22:00:00+00:00,0.161439,0.16216,0.16079,0.162043,960117.00303978
2026-02-08 23:00:00+00:00,0.16205,0.165,0.160211,0.161403,3001019.6469407403
2026-02-09 00:00:00+00:00,0.161392,0.161928,0.160512,0.161557,2091819.0858085805
2026-02-09 01:00:00+00:00,0.161532,0.162568,0.160075,0.160947,2226201.3528366005
2026-02-09 02:00:00+00:00,0.160937,0.16273,0.16052,0.16165,1402656.7991865897
2026-02-09 03:00:00+00:00,0.16165,0.163572,0.161606,0.163301,928382.6860563704
2026-02-09 04:00:00+00:00,0.163297,0.163889,0.161887,0.162182,1889247.5817760504
2026-02-09 05:00:00+00:00,0.162182,0.16251,0.1615,0.162033,1465465.0244086315
2026-02-09 06:00:00+00:00,0.162013,0.16204,0.1602,0.16112,1129466.35353561
2026-02-09 07:00:00+00:00,0.161108,0.16155,0.160042,0.1603,1868622.154548189
2026-02-09 08:00:00+00:00,0.16028,0.16074,0.157784,0.15917,2760271.92188715
2026-02-09 09:00:00+00:00,0.159222,0.15979,0.158235,0.15837,1324348.31684145
2026-02-09 10:00:00+00:00,0.15839,0.158703,0.156016,0.156532,4020010.883888809
2026-02-09 11:00:00+00:00,0.156535,0.157752,0.156499,0.15681,1050474.8019598797
2026-02-09 12:00:00+00:00,0.15687,0.1583,0.156833,0.157853,922445.65711554
2026-02-09 13:00:00+00:00,0.157836,0.158308,0.156409,0.156447,1128352.37536907
2026-02-09 14:00:00+00:00,0.15647,0.159769,0.15645,0.159212,2206929.314427599
2026-02-09 15:00:00+00:00,0.15922,0.160545,0.156872,0.15937,1405367.9984431702
2026-02-09 16:00:00+00:00,0.15946,0.161699,0.158445,0.16019,1964226.64465902
2026-02-09 17:00:00+00:00,0.16009,0.16235,0.159225,0.161627,3185300.27872206
2026-02-09 18:00:00+00:00,0.16163,0.162179,0.159875,0.160963,1451000.15452874
2026-02-09 19:00:00+00:00,0.160895,0.161625,0.160341,0.161457,1067142.21586339
2026-02-09 20:00:00+00:00,0.161465,0.161875,0.160321,0.161609,1329909.51989896
2026-02-09 21:00:00+00:00,0.161652,0.1617,0.1595,0.16089,2613341.84999174
2026-02-09 22:00:00+00:00,0.160908,0.161356,0.160275,0.16038,922674.0317568698
2026-02-09 23:00:00+00:00,0.16035,0.160693,0.1593,0.15948,1395017.7794440498
2026-02-10 00:00:00+00:00,0.15948,0.15997,0.159175,0.15939,1034596.65053119
2026-02-10 01:00:00+00:00,0.15939,0.1609,0.159325,0.160646,1644160.0389513993
2026-02-10 02:00:00+00:00,0.160638,0.160679,0.159675,0.15985,1084124.1700558502
2026-02-10 03:00:00+00:00,0.15985,0.160079,0.157119,0.157931,1351896.42751136
2026-02-10 04:00:00+00:00,0.157942,0.15942,0.15793,0.1592,793569.6926293799
2026-02-10 05:00:00+00:00,0.1592,0.1593,0.157925,0.15833,621139.21216287
2026-02-10 06:00:00+00:00,0.1583,0.1586,0.155605,0.15625,1503313.3584519802
2026-02-10 07:00:00+00:00,0.156275,0.157543,0.15624,0.15672,554927.63822541
2026-02-10 08:00:00+00:00,0.15675,0.15738,0.156453,0.15714,471056.0880144001
2026-02-10 09:00:00+00:00,0.157113,0.157795,0.156429,0.15677,821690.3824752502
2026-02-10 10:00:00+00:00,0.15681,0.157078,0.156255,0.15642,799384.0054313602
2026-02-10 11:00:00+00:00,0.156387,0.15694,0.155555,0.155692,1504334.7506174005
2026-02-10 12:00:00+00:00,0.15567,0.156168,0.154909,0.155129,1409696.7141728804
2026-02-10 13:00:00+00:00,0.155032,0.156476,0.154692,0.156017,1808592.53056275
2026-02-10 14:00:00+00:00,0.155993,0.157777,0.155405,0.156236,3518805.5467092595
2026-02-10 15:00:00+00:00,0.15611,0.1601,0.155847,0.15927,1625572.17083244
2026-02-10 16:00:00+00:00,0.15925,0.15955,0.157562,0.158212,1494185.2943566998
2026-02-10 17:00:00+00:00,0.15815,0.1596,0.157899,0.159067,1376810.9180502
2026-02-10 18:00:00+00:00,0.159175,0.15941,0.156114,0.15692,2601409.495176301
2026-02-10 19:00:00+00:00,0.156875,0.157924,0.156226,0.157239,628197.0766494601
2026-02-10 20:00:00+00:00,0.15724,0.15776,0.156627,0.15725,886275.9045508102
2026-02-10 21:00:00+00:00,0.157225,0.158577,0.15645,0.15773,5807621.098101128
2026-02-10 22:00:00+00:00,0.157758,0.158761,0.157319,0.15832,813891.1586712
2026-02-10 23:00:00+00:00,0.158275,0.15857,0.15766,0.158478,1425760.3914866098
2026-02-11 00:00:00+00:00,0.158446,0.15906,0.158175,0.15874,936663.18385802
2026-02-11 01:00:00+00:00,0.15865,0.158811,0.157764,0.158239,617819.9253674899
2026-02-11 02:00:00+00:00,0.158191,0.158796,0.157651,0.15773,1003976.9051689004
2026-02-11 03:00:00+00:00,0.157772,0.15809,0.15638,0.15695,1095390.46520696
2026-02-11 04:00:00+00:00,0.156925,0.157278,0.155044,0.15537,1653502.69855716
2026-02-11 05:00:00+00:00,0.15539,0.156203,0.155339,0.155493,1278570.8999439003
2026-02-11 06:00:00+00:00,0.155499,0.15579,0.153347,0.153625,2131548.694988609
2026-02-11 07:00:00+00:00,0.153604,0.154394,0.1534,0.15395,1073900.0332346198
2026-02-11 08:00:00+00:00,0.1539,0.15435,0.1535,0.153809,798746.2820558199
2026-02-11 09:00:00+00:00,0.15381,0.154094,0.152865,0.153116,737975.1667793102
2026-02-11 10:00:00+00:00,0.153114,0.153282,0.15246,0.15309,1112570.68624597
2026-02-11 11:00:00+00:00,0.153071,0.15443,0.152968,0.154064,655507.5450152899
2026-02-11 12:00:00+00:00,0.15406,0.154141,0.153146,0.153479,3733881.093887352
2026-02-11 13:00:00+00:00,0.15348,0.154569,0.152797,0.15452,2655439.65254359
2026-02-11 14:00:00+00:00,0.154491,0.15793,0.152215,0.1525,3998445.621919111
2026-02-11 15:00:00+00:00,0.15246,0.153114,0.15052,0.15138,3167788.7733968603
2026-02-11 16:00:00+00:00,0.15138,0.153278,0.150612,0.150744,1737275.1629645498
2026-02-11 17:00:00+00:00,0.150732,0.153417,0.15064,0.15255,2223145.0492553413
2026-02-11 18:00:00+00:00,0.152599,0.154633,0.151901,0.1542,2216988.07044462
2026-02-11 19:00:00+00:00,0.1542,0.154907,0.153468,0.15403,1203979.4167222502
2026-02-11 20:00:00+00:00,0.154039,0.15625,0.153285,0.15552,7526075.659873544
2026-02-11 21:00:00+00:00,0.155576,0.15722,0.15509,0.156134,2154705.2436637706
2026-02-11 22:00:00+00:00,0.156135,0.15614,0.154352,0.154732,746271.5518259298
2026-02-11 23:00:00+00:00,0.154699,0.15512,0.153498,0.154586,1995557.7117438004
2026-02-12 00:00:00+00:00,0.154593,0.156416,0.154549,0.155816,1302571.86817549
2026-02-12 01:00:00+00:00,0.155879,0.156901,0.155848,0.156394,1247777.6385418898
2026-02-12 02:00:00+00:00,0.156315,0.156601,0.155641,0.15588,831831.0029470903
2026-02-12 03:00:00+00:00,0.15588,0.156646,0.15582,0.156357,851763.5164337199
2026-02-12 04:00:00+00:00,0.156352,0.15707,0.15614,0.15635,1017322.7334200898
2026-02-12 05:00:00+00:00,0.156296,0.157266,0.155748,0.157,469235.46352813
2026-02-12 06:00:00+00:00,0.15702,0.158651,0.156896,0.158172,747738.1748592599
2026-02-12 07:00:00+00:00,0.15812,0.158967,0.157692,0.158873,662453.9767612198
2026-02-12 08:00:00+00:00,0.158873,0.160241,0.158424,0.15884,1192516.8368945096
2026-02-12 09:00:00+00:00,0.158828,0.160149,0.158649,0.159912,819003.2000674001
2026-02-12 10:00:00+00:00,0.159948,0.160617,0.159355,0.160557,1119930.1025480402
2026-02-12 11:00:00+00:00,0.160617,0.160803,0.159834,0.160247,1280032.6586497398
2026-02-12 12:00:00+00:00,0.160246,0.160844,0.16,0.160459,572744.96720043
2026-02-12 13:00:00+00:00,0.160424,0.161932,0.159651,0.161784,1517430.2755030694
2026-02-12 14:00:00+00:00,0.1618,0.161911,0.160554,0.16124,1620150.707522811
2026-02-12 15:00:00+00:00,0.161137,0.1638,0.159894,0.160736,2785189.60260874
2026-02-12 16:00:00+00:00,0.160729,0.161115,0.155675,0.156336,7193968.120089553
2026-02-12 17:00:00+00:00,0.156303,0.15835,0.155925,0.156482,4119782.8179156887
2026-02-12 18:00:00+00:00,0.156456,0.157352,0.15555,0.15616,1600658.5547913697
2026-02-12 19:00:00+00:00,0.156152,0.158048,0.155124,0.15621,861290.0236490201
2026-02-12 20:00:00+00:00,0.15625,0.15664,0.154275,0.15462,900201.8965872297
2026-02-12 21:00:00+00:00,0.154647,0.155181,0.153809,0.154175,2436967.658271579
2026-02-12 22:00:00+00:00,0.154178,0.156529,0.153776,0.156417,1749886.2202961703
2026-02-12 23:00:00+00:00,0.156459,0.15697,0.155825,0.156179,1002216.8258245598
2026-02-13 00:00:00+00:00,0.1562,0.15701,0.1548,0.155284,648338.6384161799
2026-02-13 01:00:00+00:00,0.15534,0.1561,0.154542,0.155451,1300803.5222225902
2026-02-13 02:00:00+00:00,0.15544,0.15655,0.154951,0.156173,670318.43527406
2026-02-13 03:00:00+00:00,0.156257,0.156602,0.15542,0.1561,1704460.86097883
2026-02-13 04:00:00+00:00,0.156142,0.156249,0.154648,0.154765,2788230.9512572484
2026-02-13 05:00:00+00:00,0.15473,0.155706,0.154603,0.155045,1344209.2936163296
2026-02-13 06:00:00+00:00,0.1551,0.155595,0.154399,0.155488,1139826.55250176
2026-02-13 07:00:00+00:00,0.15549,0.156246,0.155177,0.155708,777794.0046648703
2026-02-13 08:00:00+00:00,0.155672,0.15804,0.155569,0.1575,2557237.48229575
2026-02-13 09:00:00+00:00,0.157509,0.157509,0.156645,0.156794,1717156.9919387202
2026-02-13 10:00:00+00:00,0.15679,0.157803,0.15667,0.157302,542031.6146038001
2026-02-13 11:00:00+00:00,0.157303,0.158074,0.156924,0.157815,638534.59411107
2026-02-13 12:00:00+00:00,0.15782,0.157931,0.157039,0.157608,690020.4384064699
2026-02-13 13:00:00+00:00,0.157608,0.158954,0.157216,0.158397,2669768.673214401
2026-02-13 14:00:00+00:00,0.158437,0.160482,0.157545,0.159564,1834996.669989
2026-02-13 15:00:00+00:00,0.159564,0.163505,0.1593,0.161835,2936086.6168657704
2026-02-13 16:00:00+00:00,0.16183,0.165914,0.161106,0.165267,4982283.65574319
2026-02-13 17:00:00+00:00,0.165243,0.166587,0.16442,0.165268,2789480.108887951
2026-02-13 18:00:00+00:00,0.165213,0.165617,0.163345,0.16448,2409297.105651929
2026-02-13 19:00:00+00:00,0.1645,0.165218,0.163687,0.164633,1951049.46270311
2026-02-13 20:00:00+00:00,0.164722,0.1655,0.164295,0.165297,1373376.82310152
2026-02-13 21:00:00+00:00,0.16533,0.16605,0.16526,0.165712,970833.52216988
2026-02-13 22:00:00+00:00,0.165712,0.166179,0.164565,0.164828,1265103.2965620402
2026-02-13 23:00:00+00:00,0.164909,0.165024,0.164274,0.164408,2046920.2076523995
2026-02-14 00:00:00+00:00,0.164443,0.166269,0.164352,0.16597,1279124.1498640806
2026-02-14 01:00:00+00:00,0.165876,0.167136,0.165694,0.166023,2420159.969610889
2026-02-14 02:00:00+00:00,0.165969,0.166483,0.165298,0.165617,3265891.814136151
2026-02-14 03:00:00+00:00,0.165613,0.166764,0.165523,0.166605,995771.9078664198
2026-02-14 04:00:00+00:00,0.166555,0.166681,0.166089,0.166292,539310.77482849
2026-02-14 05:00:00+00:00,0.16627,0.166764,0.165231,0.165524,929553.37147945
2026-02-14 06:00:00+00:00,0.165514,0.166119,0.165348,0.166029,553602.4781967707
2026-02-14 07:00:00+00:00,0.16599,0.167102,0.165914,0.166989,586048.1649476103
2026-02-14 08:00:00+00:00,0.166931,0.1695,0.166874,0.169426,1289684.2459188804
2026-02-14 09:00:00+00:00,0.16927,0.170473,0.169191,0.169956,1353065.0640993
2026-02-14 10:00:00+00:00,0.169884,0.17051,0.169486,0.170264,843993.4865010197
2026-02-14 11:00:00+00:00,0.170163,0.17273,0.169728,0.170237,5753879.242779347
2026-02-14 12:00:00+00:00,0.170228,0.17098,0.169382,0.169716,1282334.30969545
2026-02-14 13:00:00+00:00,0.169685,0.17007,0.168005,0.168704,1272904.2299421595
2026-02-14 14:00:00+00:00,0.16862,0.171476,0.168532,0.171203,995983.57653785
2026-02-14 15:00:00+00:00,0.171222,0.171564,0.170465,0.17153,1181978.50651515
2026-02-14 16:00:00+00:00,0.17153,0.172685,0.170585,0.17245,2558353.3571027108
2026-02-14 17:00:00+00:00,0.1724,0.173664,0.171868,0.17348,1301188.73406829
2026-02-14 18:00:00+00:00,0.173332,0.175098,0.172864,0.17505,2289165.81421296
2026-02-14 19:00:00+00:00,0.17501,0.176409,0.174279,0.175964,938616.2296186102
2026-02-14 20:00:00+00:00,0.17588,0.176708,0.1734,0.17408,2350479.1322794096
2026-02-14 21:00:00+00:00,0.174075,0.175289,0.172949,0.174039,1295660.0028051697
2026-02-14 22:00:00+00:00,0.174031,0.17562,0.173787,0.17485,997412.05355935
2026-02-14 23:00:00+00:00,0.17485,0.175305,0.173888,0.174385,1081455.7344305504
2026-02-15 00:00:00+00:00,0.17433,0.175536,0.173811,0.175194,1812339.9783789904
2026-02-15 01:00:00+00:00,0.175082,0.176265,0.174261,0.17546,3420471.460261361
2026-02-15 02:00:00+00:00,0.175379,0.176439,0.174148,0.175734,1524021.8727357695
2026-02-15 03:00:00+00:00,0.175708,0.176849,0.17301,0.17607,1149253.8283628705
2026-02-15 04:00:00+00:00,0.176043,0.178496,0.176017,0.177554,1779204.67377746
2026-02-15 05:00:00+00:00,0.177605,0.180456,0.177372,0.17969,2030706.6790919104
2026-02-15 06:00:00+00:00,0.179686,0.18064,0.178854,0.180001,1909716.81053339
2026-02-15 07:00:00+00:00,0.179972,0.18381,0.179425,0.183482,7096434.600698801
2026-02-15 08:00:00+00:00,0.183482,0.18554,0.178468,0.178932,7761163.36325494
2026-02-15 09:00:00+00:00,0.178901,0.179366,0.177271,0.177665,2387909.91350658
2026-02-15 10:00:00+00:00,0.177631,0.17806,0.175708,0.176666,1764291.5386122002
2026-02-15 11:00:00+00:00,0.176741,0.17728,0.175532,0.175969,780044.51077625
2026-02-15 12:00:00+00:00,0.175894,0.1765,0.171048,0.171133,3655147.132131539
2026-02-15 13:00:00+00:00,0.171187,0.173183,0.170365,0.171171,6667894.523182219
2026-02-15 14:00:00+00:00,0.171158,0.173321,0.17082,0.173004,2023660.507965749
2026-02-15 15:00:00+00:00,0.17296,0.174525,0.172375,0.17293,3120895.9225723604
2026-02-15 16:00:00+00:00,0.172949,0.17313,0.171099,0.172586,2619892.5524555
2026-02-15 17:00:00+00:00,0.172563,0.172894,0.16848,0.169764,3272622.6830398696
2026-02-15 18:00:00+00:00,0.16978,0.170036,0.16812,0.16863,2594777.949063811
2026-02-15 19:00:00+00:00,0.16854,0.169105,0.167453,0.168224,1312466.89538902
2026-02-15 20:00:00+00:00,0.168191,0.168982,0.1675,0.167809,962508.7425126004
2026-02-15 21:00:00+00:00,0.167809,0.169118,0.167748,0.168673,1129710.85783787
2026-02-15 22:00:00+00:00,0.168675,0.170451,0.168402,0.1703,768409.9321979203
2026-02-15 23:00:00+00:00,0.170326,0.17046,0.168649,0.17013,1100739.3617568896
2026-02-16 00:00:00+00:00,0.170134,0.171586,0.16989,0.170848,732578.7449804896
2026-02-16 01:00:00+00:00,0.17086,0.17163,0.16955,0.170177,749069.02107722
2026-02-16 02:00:00+00:00,0.17011,0.170958,0.168943,0.169006,2079590.3530886497
2026-02-16 03:00:00+00:00,0.16901,0.16923,0.1686,0.168952,946789.3320049295
2026-02-16 04:00:00+00:00,0.168874,0.170329,0.16878,0.17017,426876.5787650901
2026-02-16 05:00:00+00:00,0.17017,0.17064,0.167775,0.168435,1058903.7674786004
2026-02-16 06:00:00+00:00,0.16836,0.169079,0.168,0.16854,803929.9471179202
2026-02-16 07:00:00+00:00,0.168548,0.1689,0.167728,0.168179,626504.3997527601
2026-02-16 08:00:00+00:00,0.168205,0.168894,0.168061,0.16831,391253.62946309993
2026-02-16 09:00:00+00:00,0.168409,0.1719,0.168254,0.170823,823197.96857235
2026-02-16 10:00:00+00:00,0.1707,0.17073,0.169294,0.1694,481032.3512295499
2026-02-16 11:00:00+00:00,0.169409,0.16988,0.167137,0.168953,628901.0196859799
2026-02-16 12:00:00+00:00,0.168965,0.171968,0.168449,0.171521,2402882.9049751693
2026-02-16 13:00:00+00:00,0.171521,0.172512,0.16793,0.16847,1117795.2894436803
2026-02-16 14:00:00+00:00,0.168432,0.17061,0.167706,0.16939,845520.7898155901
2026-02-16 15:00:00+00:00,0.169406,0.170529,0.16593,0.16692,2982984.651534719
2026-02-16 16:00:00+00:00,0.166971,0.168851,0.166887,0.16822,1055425.1925529498
2026-02-16 17:00:00+00:00,0.16845,0.16887,0.16758,0.1682,557801.04725156
2026-02-16 18:00:00+00:00,0.16825,0.168692,0.16731,0.16734,927463.58984573
2026-02-16 19:00:00+00:00,0.16734,0.168306,0.167038,0.167717,849198.82802151
2026-02-16 20:00:00+00:00,0.16766,0.16877,0.167118,0.168392,1815391.2057525804
2026-02-16 21:00:00+00:00,0.16839,0.16985,0.167838,0.16962,1594072.5052982103
2026-02-16 22:00:00+00:00,0.169545,0.170435,0.169147,0.169261,2508964.134955889
2026-02-16 23:00:00+00:00,0.169216,0.170208,0.169209,0.169623,554059.41367031
2026-02-17 00:00:00+00:00,0.17015,0.17015,0.169078,0.169229,528561.7996748999
2026-02-17 01:00:00+00:00,0.169238,0.169996,0.168735,0.168861,742380.4793183998
2026-02-17 02:00:00+00:00,0.168858,0.17047,0.168151,0.16962,751740.28898479
2026-02-17 03:00:00+00:00,0.16962,0.16962,0.167936,0.167936,798808.0645165602
2026-02-17 04:00:00+00:00,0.167959,0.16881,0.167264,0.16842,590800.05515498
2026-02-17 05:00:00+00:00,0.168394,0.168608,0.166799,0.167679,351225.1739951101
2026-02-17 06:00:00+00:00,0.16768,0.168096,0.167584,0.167648,659855.0752034202
2026-02-17 07:00:00+00:00,0.167616,0.167669,0.16674,0.16714,1612251.4346023102
2026-02-17 08:00:00+00:00,0.16714,0.167488,0.166144,0.166321,869099.4475779501
2026-02-17 09:00:00+00:00,0.166378,0.16652,0.165363,0.165949,2171662.3462971807
2026-02-17 10:00:00+00:00,0.1659,0.16616,0.165038,0.16514,919548.54675304
2026-02-17 11:00:00+00:00,0.16519,0.16576,0.165131,0.165511,477475.54586557
2026-02-17 12:00:00+00:00,0.165488,0.166133,0.165168,0.165472,435268.19230322
2026-02-17 13:00:00+00:00,0.16535,0.167072,0.165131,0.166569,1789906.43516176
2026-02-17 14:00:00+00:00,0.1665,0.16724,0.164151,0.164799,1768924.5860053103
2026-02-17 15:00:00+00:00,0.164847,0.16674,0.164713,0.165771,1277832.9234528004
2026-02-17 16:00:00+00:00,0.16586,0.16941,0.165716,0.16591,3136360.7563249604
2026-02-17 17:00:00+00:00,0.16597,0.166611,0.16422,0.165328,4488363.769717987
2026-02-17 18:00:00+00:00,0.16542,0.168738,0.165232,0.167456,4371025.842675278
2026-02-17 19:00:00+00:00,0.16747,0.168,0.166604,0.166803,1829098.19949456
2026-02-17 20:00:00+00:00,0.16683,0.166848,0.16559,0.16651,547741.13328697
2026-02-17 21:00:00+00:00,0.166519,0.167409,0.166454,0.166881,1019831.8867365904
2026-02-17 22:00:00+00:00,0.16689,0.167098,0.165873,0.165993,410081.87361859
2026-02-17 23:00:00+00:00,0.165984,0.16611,0.165453,0.165613,1204316.36699346
2026-02-18 00:00:00+00:00,0.165554,0.166065,0.164977,0.165125,1337717.99345747
2026-02-18 01:00:00+00:00,0.16513,0.165521,0.164449,0.16506,1478666.56143266
2026-02-18 02:00:00+00:00,0.165008,0.16655,0.164961,0.165992,647697.1259917
2026-02-18 03:00:00+00:00,0.166,0.16658,0.165759,0.166184,511704.0671549199
2026-02-18 04:00:00+00:00,0.166217,0.167,0.166136,0.16672,1500779.5496562098
2026-02-18 05:00:00+00:00,0.16672,0.16705,0.166237,0.166456,1263930.84954101
2026-02-18 06:00:00+00:00,0.166455,0.167536,0.16643,0.167172,320394.86514941003
2026-02-18 07:00:00+00:00,0.16718,0.169166,0.166959,0.169019,320425.10747593
2026-02-18 08:00:00+00:00,0.169019,0.169343,0.167931,0.168126,800926.4962635599
2026-02-18 09:00:00+00:00,0.168128,0.16857,0.167904,0.168026,478553.10047408985
2026-02-18 10:00:00+00:00,0.168029,0.168416,0.166681,0.16686,1756706.9451184005
2026-02-18 11:00:00+00:00,0.166917,0.166944,0.165336,0.165587,502181.8423498901
2026-02-18 12:00:00+00:00,0.16559,0.166144,0.164915,0.16542,902378.5733624202
2026-02-18 13:00:00+00:00,0.165504,0.165896,0.16456,0.16523,1285923.1752251002
2026-02-18 14:00:00+00:00,0.1653,0.16572,0.164,0.165429,1506309.5742566497
2026-02-18 15:00:00+00:00,0.1654,0.168858,0.165316,0.167085,4853286.8350472925
2026-02-18 16:00:00+00:00,0.16704,0.16713,0.164066,0.164224,2443571.46658358
2026-02-18 17:00:00+00:00,0.164203,0.165751,0.163799,0.16403,1065714.3422259295
2026-02-18 18:00:00+00:00,0.16403,0.164094,0.162045,0.162353,1560084.5872641103
2026-02-18 19:00:00+00:00,0.162266,0.163145,0.161031,0.162073,1865624.38164158
2026-02-18 20:00:00+00:00,0.162089,0.162344,0.161128,0.161382,1365319.07566439
2026-02-18 21:00:00+00:00,0.16147,0.162325,0.161032,0.16148,824247.02379979
2026-02-18 22:00:00+00:00,0.16149,0.162559,0.160997,0.161304,3973784.03608624
2026-02-18 23:00:00+00:00,0.161306,0.16159,0.160733,0.161231,1218915.07571389
2026-02-19 00:00:00+00:00,0.16125,0.161325,0.160186,0.160701,5394875.159827395
2026-02-19 01:00:00+00:00,0.1607,0.16595,0.160653,0.16183,4151951.713609817
2026-02-19 02:00:00+00:00,0.16185,0.16209,0.161125,0.161716,737776.0771139
2026-02-19 03:00:00+00:00,0.16162,0.161992,0.16127,0.161694,497737.91436437005
2026-02-19 04:00:00+00:00,0.161699,0.161946,0.160784,0.160873,554644.39297966
2026-02-19 05:00:00+00:00,0.16088,0.160954,0.159811,0.16033,4356871.389233039
2026-02-19 06:00:00+00:00,0.160283,0.16143,0.160252,0.16129,927904.94602362
2026-02-19 07:00:00+00:00,0.16132,0.16232,0.160906,0.161869,917749.0331701403
2026-02-19 08:00:00+00:00,0.161785,0.161842,0.160224,0.160363,543944.2345491999
2026-02-19 09:00:00+00:00,0.160445,0.161248,0.15972,0.15978,1395912.31730896
2026-02-19 10:00:00+00:00,0.15978,0.160379,0.159343,0.159607,730909.8523017396
2026-02-19 11:00:00+00:00,0.159584,0.160111,0.159159,0.159514,938544.3057661792
2026-02-19 12:00:00+00:00,0.15949,0.15981,0.158908,0.159109,1229684.0452493196
2026-02-19 13:00:00+00:00,0.159123,0.159284,0.157159,0.157922,1858665.7646738293
2026-02-19 14:00:00+00:00,0.15788,0.159904,0.157536,0.159078,1262383.8185843194
2026-02-19 15:00:00+00:00,0.159126,0.159895,0.157568,0.15876,3788866.954240009
2026-02-19 16:00:00+00:00,0.158708,0.159367,0.157652,0.158278,4277538.356991622
2026-02-19 17:00:00+00:00,0.158246,0.160028,0.157581,0.158139,1253733.4365210205
2026-02-19 18:00:00+00:00,0.158101,0.160246,0.158007,0.159935,1393422.32022488
2026-02-19 19:00:00+00:00,0.15998,0.160341,0.158593,0.159479,1900528.6626724105
2026-02-19 20:00:00+00:00,0.15946,0.16007,0.158756,0.159783,3163652.332081768
2026-02-19 21:00:00+00:00,0.159719,0.160029,0.159296,0.159432,798598.4587836101
2026-02-19 22:00:00+00:00,0.159458,0.159754,0.157623,0.15825,3310273.191251589
2026-02-19 23:00:00+00:00,0.15818,0.158969,0.157952,0.158933,1202924.9282639204
2026-02-20 00:00:00+00:00,0.158911,0.16035,0.158656,0.160125,1515206.36297237
2026-02-20 01:00:00+00:00,0.16011,0.161107,0.159875,0.160549,1900986.56711533
2026-02-20 02:00:00+00:00,0.16055,0.160816,0.160098,0.160155,624124.00841195
2026-02-20 03:00:00+00:00,0.160155,0.160615,0.159795,0.159914,1206704.07007699
2026-02-20 04:00:00+00:00,0.15994,0.160075,0.1589,0.159413,705732.3205846499
2026-02-20 05:00:00+00:00,0.159458,0.16174,0.159075,0.16108,2370048.5059817294
2026-02-20 06:00:00+00:00,0.161087,0.1618,0.16075,0.1614,657877.48762469
2026-02-20 07:00:00+00:00,0.161425,0.161425,0.160622,0.160767,500415.5679078999
2026-02-20 08:00:00+00:00,0.16078,0.161102,0.1604,0.160873,491025.22032434
2026-02-20 09:00:00+00:00,0.160858,0.161924,0.160787,0.161821,619546.33798813
2026-02-20 10:00:00+00:00,0.161813,0.16261,0.16175,0.161963,1715596.0917489198
2026-02-20 11:00:00+00:00,0.161933,0.162199,0.160841,0.1611,890871.4941476901
2026-02-20 12:00:00+00:00,0.16115,0.161834,0.1608,0.160959,826197.1223073602
2026-02-20 13:00:00+00:00,0.160883,0.160939,0.157425,0.158201,1488089.4063894898
2026-02-20 14:00:00+00:00,0.15815,0.161159,0.158097,0.160469,1750707.7253771198
2026-02-20 15:00:00+00:00,0.160543,0.163701,0.160398,0.163675,3974845.566924469
2026-02-20 16:00:00+00:00,0.163626,0.16517,0.1622,0.163425,3137052.945602749
2026-02-20 17:00:00+00:00,0.1634,0.163464,0.160116,0.163049,2799541.4453763915
2026-02-20 18:00:00+00:00,0.162975,0.163982,0.16195,0.16275,2668532.190864881
2026-02-20 19:00:00+00:00,0.162725,0.163112,0.161425,0.16189,1345206.4981336598
2026-02-20 20:00:00+00:00,0.16189,0.16239,0.16095,0.161575,810602.4433910704
2026-02-20 21:00:00+00:00,0.161599,0.161979,0.16135,0.16175,671830.4177188596
2026-02-20 22:00:00+00:00,0.16179,0.162722,0.161311,0.162483,917671.6181310504
2026-02-20 23:00:00+00:00,0.162431,0.16295,0.162176,0.162597,821245.25331108
2026-02-21 00:00:00+00:00,0.162576,0.162752,0.1615,0.16162,529887.78186239
2026-02-21 01:00:00+00:00,0.161612,0.16266,0.161512,0.162387,402242.20262692
2026-02-21 02:00:00+00:00,0.16236,0.16302,0.162111,0.162382,497943.8769079901
2026-02-21 03:00:00+00:00,0.1624,0.162449,0.161494,0.161937,454331.75836159993
2026-02-21 04:00:00+00:00,0.161935,0.16223,0.161651,0.16208,413011.12072944985
2026-02-21 05:00:00+00:00,0.16208,0.162524,0.161831,0.16195,325037.88846128
2026-02-21 06:00:00+00:00,0.161986,0.16221,0.161426,0.161689,407671.06328349
2026-02-21 07:00:00+00:00,0.16169,0.161866,0.161426,0.16178,467638.1584012699
2026-02-21 08:00:00+00:00,0.1618,0.162847,0.1616,0.162728,418443.4732548701
2026-02-21 09:00:00+00:00,0.162725,0.164,0.162601,0.163108,481316.3967809501
2026-02-21 10:00:00+00:00,0.163101,0.16335,0.162778,0.16298,260571.54816528
2026-02-21 11:00:00+00:00,0.16298,0.16342,0.16267,0.16288,906412.2248270604
2026-02-21 12:00:00+00:00,0.16288,0.16315,0.162558,0.162871,435941.48311053
2026-02-21 13:00:00+00:00,0.162871,0.163499,0.162739,0.163452,385053.1980279499
2026-02-21 14:00:00+00:00,0.163425,0.164474,0.16326,0.163811,1006843.6478647598
2026-02-21 15:00:00+00:00,0.163825,0.164076,0.163025,0.163214,962663.34272302
2026-02-21 16:00:00+00:00,0.16323,0.163321,0.161726,0.161992,654435.9298734501
2026-02-21 17:00:00+00:00,0.16202,0.16242,0.161601,0.16195,592111.02729795
2026-02-21 18:00:00+00:00,0.16191,0.1632,0.16191,0.162876,863622.0363131
2026-02-21 19:00:00+00:00,0.1629,0.163806,0.162471,0.162631,948830.26879465
2026-02-21 20:00:00+00:00,0.162625,0.162746,0.161575,0.161625,1063403.18808072
2026-02-21 21:00:00+00:00,0.161589,0.162436,0.161477,0.162329,438638.8390102802
2026-02-21 22:00:00+00:00,0.162319,0.162824,0.161343,0.161379,1580542.256077831
2026-02-21 23:00:00+00:00,0.161472,0.161472,0.160942,0.160975,1699811.3143071302
2026-02-22 00:00:00+00:00,0.160951,0.161,0.160125,0.16047,1606485.49207232
2026-02-22 01:00:00+00:00,0.160452,0.160452,0.159515,0.159827,1607247.2608931193
2026-02-22 02:00:00+00:00,0.159858,0.15988,0.153826,0.155491,26153489.487121742
2026-02-22 03:00:00+00:00,0.15547,0.157677,0.15428,0.155784,18281642.20774983
2026-02-22 04:00:00+00:00,0.155796,0.156155,0.155245,0.155806,3272289.3880671696
2026-02-22 05:00:00+00:00,0.15572,0.156557,0.154948,0.155347,6212154.65312874
2026-02-22 06:00:00+00:00,0.155347,0.155622,0.154399,0.155254,8138525.666540867
2026-02-22 07:00:00+00:00,0.1553,0.15602,0.155245,0.15586,1603037.7778071605
2026-02-22 08:00:00+00:00,0.15579,0.15645,0.155482,0.156016,2518828.978542388
2026-02-22 09:00:00+00:00,0.156053,0.156869,0.155863,0.156542,617922.6429612302
2026-02-22 10:00:00+00:00,0.156552,0.15698,0.156224,0.156327,903727.5212243102
2026-02-22 11:00:00+00:00,0.156282,0.156661,0.156282,0.156576,979844.1119915302
2026-02-22 12:00:00+00:00,0.156546,0.156552,0.15513,0.155284,991931.7237767203
2026-02-22 13:00:00+00:00,0.15531,0.155571,0.154804,0.15496,1671306.8573168695
2026-02-22 14:00:00+00:00,0.15496,0.15517,0.154133,0.1546,1240644.3502244805
2026-02-22 15:00:00+00:00,0.1546,0.154959,0.153903,0.154293,1755594.32919195
2026-02-22 16:00:00+00:00,0.154288,0.154937,0.153975,0.15486,1477827.1487239702
2026-02-22 17:00:00+00:00,0.154855,0.15532,0.153845,0.15413,1007838.55908752
2026-02-22 18:00:00+00:00,0.1541,0.15582,0.153759,0.155454,6181432.680030269
2026-02-22 19:00:00+00:00,0.155402,0.15548,0.154941,0.155209,627752.6171160297
2026-02-22 20:00:00+00:00,0.15521,0.15549,0.154489,0.154532,680349.8206713902
2026-02-22 21:00:00+00:00,0.15454,0.15508,0.154242,0.15481,911279.3867404098
2026-02-22 22:00:00+00:00,0.154781,0.15553,0.1547,0.155209,1463535.1797902298
2026-02-22 23:00:00+00:00,0.155246,0.155333,0.154504,0.154925,1361366.0341499904
2026-02-23 00:00:00+00:00,0.15495,0.155265,0.152929,0.1531,1604368.20836867
2026-02-23 01:00:00+00:00,0.153045,0.154403,0.149094,0.14991,18408287.52458932
2026-02-23 02:00:00+00:00,0.149921,0.150972,0.149712,0.150616,1846338.70268534
2026-02-23 03:00:00+00:00,0.15055,0.15188,0.150222,0.150822,2173992.9358883803
2026-02-23 04:00:00+00:00,0.15084,0.151182,0.149696,0.150191,1537971.9962840893
2026-02-23 05:00:00+00:00,0.150221,0.15143,0.150219,0.150977,863258.6697794297
2026-02-23 06:00:00+00:00,0.15099,0.153529,0.150871,0.153376,884279.5798626601
2026-02-23 07:00:00+00:00,0.153365,0.153717,0.152835,0.153216,492049.8355811501
2026-02-23 08:00:00+00:00,0.153168,0.153253,0.15232,0.152516,569783.0094701501
2026-02-23 09:00:00+00:00,0.152516,0.155344,0.152463,0.15524,876396.8286189
2026-02-23 10:00:00+00:00,0.15522,0.156106,0.154935,0.155971,854186.22821709
2026-02-23 11:00:00+00:00,0.1559,0.15683,0.155814,0.156048,1229544.2736054002
2026-02-23 12:00:00+00:00,0.156039,0.157453,0.155399,0.156566,1222264.45741937
2026-02-23 13:00:00+00:00,0.15657,0.156772,0.155235,0.15532,1133331.7343809
2026-02-23 14:00:00+00:00,0.15532,0.15566,0.153821,0.155288,1213756.21667866
2026-02-23 15:00:00+00:00,0.155305,0.155685,0.152918,0.153085,3142727.59704679
2026-02-23 16:00:00+00:00,0.153048,0.153135,0.150881,0.151495,1641806.8190151
2026-02-23 17:00:00+00:00,0.151522,0.151954,0.14939,0.150968,1797069.78588839
2026-02-23 18:00:00+00:00,0.151033,0.152124,0.150571,0.150859,1223701.73546471
2026-02-23 19:00:00+00:00,0.150899,0.151106,0.1502,0.150542,4517211.7742316
2026-02-23 20:00:00+00:00,0.150611,0.1516,0.150216,0.151453,1526004.06055241
2026-02-23 21:00:00+00:00,0.151464,0.152121,0.151182,0.151884,1533070.9573528983
2026-02-23 22:00:00+00:00,0.151917,0.15276,0.151698,0.151779,1094288.19769363
2026-02-23 23:00:00+00:00,0.151732,0.152208,0.151118,0.151315,1032493.11636247
2026-02-24 00:00:00+00:00,0.15129,0.15208,0.15129,0.152,1267020.0369441898
2026-02-24 01:00:00+00:00,0.152059,0.15263,0.149564,0.151665,5062329.900717397
2026-02-24 02:00:00+00:00,0.151616,0.1524,0.150801,0.151114,2739897.053559878
2026-02-24 03:00:00+00:00,0.151104,0.15118,0.149741,0.150275,2900212.48713862
2026-02-24 04:00:00+00:00,0.150275,0.150462,0.149102,0.149646,1932855.28381512
2026-02-24 05:00:00+00:00,0.149652,0.15037,0.148572,0.149114,1207734.2359632892
2026-02-24 06:00:00+00:00,0.149125,0.149698,0.148902,0.14917,991758.5067070296
2026-02-24 07:00:00+00:00,0.1492,0.150005,0.14892,0.14922,676727.8952671101
2026-02-24 08:00:00+00:00,0.149207,0.15026,0.148745,0.150136,794814.07915252
2026-02-24 09:00:00+00:00,0.150133,0.150235,0.148608,0.149553,1183420.3906535995
2026-02-24 10:00:00+00:00,0.149499,0.149553,0.148851,0.149329,686432.5146802801
2026-02-24 11:00:00+00:00,0.149309,0.14965,0.149032,0.149234,899993.82732282
2026-02-24 12:00:00+00:00,0.149225,0.149624,0.148751,0.14891,912621.8612673398
2026-02-24 13:00:00+00:00,0.14892,0.149148,0.147299,0.148648,2042422.16938746
2026-02-24 14:00:00+00:00,0.148635,0.151079,0.147811,0.149828,4743830.017047708
2026-02-24 15:00:00+00:00,0.149849,0.1512,0.149589,0.150394,1825337.049994229
2026-02-24 16:00:00+00:00,0.15045,0.151727,0.149583,0.150845,3488762.7710118704
2026-02-24 17:00:00+00:00,0.15081,0.15103,0.150064,0.150487,4405348.24278196
2026-02-24 18:00:00+00:00,0.150487,0.1514,0.149806,0.15094,2167439.09565324
2026-02-24 19:00:00+00:00,0.150904,0.15158,0.150282,0.150876,1136295.5951885902
2026-02-24 20:00:00+00:00,0.1509,0.151299,0.150501,0.150845,2168461.79196303
2026-02-24 21:00:00+00:00,0.150872,0.150897,0.14962,0.15,2553399.425274509
2026-02-24 22:00:00+00:00,0.149967,0.15085,0.149809,0.150151,1465604.1526154007
2026-02-24 23:00:00+00:00,0.150202,0.150348,0.149464,0.14957,3751310.84014135
2026-02-25 00:00:00+00:00,0.14957,0.150828,0.149392,0.150594,978120.46180495
2026-02-25 01:00:00+00:00,0.150545,0.15554,0.150446,0.153759,2517981.620135761
2026-02-25 02:00:00+00:00,0.153788,0.15557,0.153712,0.154215,5714286.125238967
2026-02-25 03:00:00+00:00,0.154176,0.1544,0.152992,0.153173,1393856.95183694
2026-02-25 04:00:00+00:00,0.153116,0.153714,0.15236,0.15324,2387912.68377452
2026-02-25 05:00:00+00:00,0.153287,0.153287,0.150784,0.151463,1667271.1225879097
2026-02-25 06:00:00+00:00,0.151506,0.15202,0.151426,0.151764,786377.0063589202
2026-02-25 07:00:00+00:00,0.151752,0.153148,0.151742,0.153148,1433227.8289795
2026-02-25 08:00:00+00:00,0.153098,0.153934,0.15259,0.153912,716925.2501423804
2026-02-25 09:00:00+00:00,0.153868,0.154733,0.153542,0.154524,1189508.3200427804
2026-02-25 10:00:00+00:00,0.154515,0.154885,0.15413,0.154224,937241.38855209
2026-02-25 11:00:00+00:00,0.154219,0.155056,0.153615,0.154941,1167313.2611420497
2026-02-25 12:00:00+00:00,0.154904,0.157238,0.154638,0.15696,1548993.15996838
2026-02-25 13:00:00+00:00,0.15696,0.15876,0.156703,0.158255,2465583.59065872
2026-02-25 14:00:00+00:00,0.15825,0.161139,0.15825,0.161,2459840.62469838
2026-02-25 15:00:00+00:00,0.161033,0.161878,0.159899,0.161767,5455857.525415529
2026-02-25 16:00:00+00:00,0.161838,0.165781,0.16182,0.163806,7308980.370350471
2026-02-25 17:00:00+00:00,0.163763,0.166751,0.163623,0.165771,3582692.996290951
2026-02-25 18:00:00+00:00,0.16582,0.167956,0.164985,0.166144,2902685.5488283294
2026-02-25 19:00:00+00:00,0.166175,0.166459,0.16461,0.16625,3452628.2535237693
2026-02-25 20:00:00+00:00,0.166297,0.16806,0.166267,0.16715,4181845.859256619
2026-02-25 21:00:00+00:00,0.167125,0.169331,0.166006,0.168288,8007281.776367122
2026-02-25 22:00:00+00:00,0.168258,0.169156,0.164941,0.165421,2055493.8349199293
2026-02-25 23:00:00+00:00,0.16538,0.166198,0.161274,0.162661,2028990.858391269
2026-02-26 00:00:00+00:00,0.162603,0.16402,0.161681,0.16339,2000466.0599248605
2026-02-26 01:00:00+00:00,0.163386,0.164429,0.162376,0.16252,1306143.7090503904
2026-02-26 02:00:00+00:00,0.162553,0.163743,0.161734,0.163615,1265596.62504544
2026-02-26 03:00:00+00:00,0.163618,0.16392,0.162874,0.163516,1360503.9503716205
2026-02-26 04:00:00+00:00,0.163444,0.165532,0.163183,0.164511,1513876.4166491097
2026-02-26 05:00:00+00:00,0.164669,0.164793,0.162854,0.16343,887699.1282775898
2026-02-26 06:00:00+00:00,0.16347,0.163974,0.162429,0.162674,814788.2515727199
2026-02-26 07:00:00+00:00,0.162578,0.163149,0.16234,0.162599,744691.82325763
2026-02-26 08:00:00+00:00,0.162599,0.164187,0.16256,0.16315,725062.8153502501
2026-02-26 09:00:00+00:00,0.163067,0.165068,0.163009,0.164952,1025438.8726956504
2026-02-26 10:00:00+00:00,0.164927,0.165164,0.163587,0.163867,1238448.22366711
2026-02-26 11:00:00+00:00,0.163851,0.164072,0.163197,0.163526,1059721.3561979
2026-02-26 12:00:00+00:00,0.16351,0.164517,0.163325,0.16427,831419.6227428
2026-02-26 13:00:00+00:00,0.164207,0.164765,0.163181,0.16392,1911885.937313
2026-02-26 14:00:00+00:00,0.16398,0.164253,0.162243,0.163525,1765862.25516133
2026-02-26 15:00:00+00:00,0.163494,0.16359,0.160445,0.162316,4202757.173175469
2026-02-26 16:00:00+00:00,0.16232,0.162487,0.158445,0.158605,4606106.36853229
2026-02-26 17:00:00+00:00,0.158596,0.159901,0.158503,0.15914,2768738.3016712805
2026-02-26 18:00:00+00:00,0.15914,0.16077,0.158472,0.160281,1948597.1240305093
2026-02-26 19:00:00+00:00,0.16028,0.162057,0.160197,0.16128,2652367.362412312
2026-02-26 20:00:00+00:00,0.16128,0.161944,0.160783,0.16115,842221.8383771199
2026-02-26 21:00:00+00:00,0.161099,0.16214,0.160885,0.16159,973987.32469177
2026-02-26 22:00:00+00:00,0.161647,0.162766,0.161416,0.162557,1072333.9476768398
2026-02-26 23:00:00+00:00,0.162533,0.162604,0.161816,0.16218,1751618.6316402396
2026-02-27 00:00:00+00:00,0.162213,0.1625,0.16087,0.161711,837974.3968466397
2026-02-27 01:00:00+00:00,0.161719,0.162181,0.160983,0.162128,1313269.80180449
2026-02-27 02:00:00+00:00,0.162089,0.162762,0.161758,0.161939,1163884.9329145998
2026-02-27 03:00:00+00:00,0.161992,0.16336,0.161496,0.16315,2078963.32816245
2026-02-27 04:00:00+00:00,0.16315,0.165157,0.163078,0.164272,3093598.198521652
2026-02-27 05:00:00+00:00,0.164249,0.165471,0.164016,0.164729,1931238.8704416296
2026-02-27 06:00:00+00:00,0.16473,0.170967,0.164237,0.165961,3860326.117734298
2026-02-27 07:00:00+00:00,0.166032,0.16654,0.164756,0.166038,1228705.2511295006
2026-02-27 08:00:00+00:00,0.16608,0.166703,0.16572,0.16641,1046896.4013151404
2026-02-27 09:00:00+00:00,0.166344,0.166804,0.163577,0.163991,1885622.6874505305
2026-02-27 10:00:00+00:00,0.163975,0.16435,0.16095,0.161049,1647249.7323250396
2026-02-27 11:00:00+00:00,0.161051,0.161668,0.15924,0.15952,1077589.569008
2026-02-27 12:00:00+00:00,0.159506,0.160016,0.158144,0.158686,5197338.898506018
2026-02-27 13:00:00+00:00,0.158684,0.159533,0.157524,0.15931,1783017.56340302
2026-02-27 14:00:00+00:00,0.159305,0.160029,0.158165,0.158439,3090520.63051252
2026-02-27 15:00:00+00:00,0.15836,0.160425,0.158235,0.160178,2651446.610339181
2026-02-27 16:00:00+00:00,0.16015,0.160321,0.15762,0.157709,5316748.973902531
2026-02-27 17:00:00+00:00,0.157758,0.158915,0.156741,0.158736,2109956.5820318293
2026-02-27 18:00:00+00:00,0.15875,0.158896,0.157914,0.158055,1487918.1543343794
2026-02-27 19:00:00+00:00,0.158,0.158029,0.156874,0.157377,1078262.2136254497
2026-02-27 20:00:00+00:00,0.157458,0.15798,0.1573,0.15769,1340445.4560704
2026-02-27 21:00:00+00:00,0.157679,0.158178,0.157,0.157393,734938.43465885
2026-02-27 22:00:00+00:00,0.15749,0.158138,0.15627,0.158032,2406916.201626199
2026-02-27 23:00:00+00:00,0.158,0.158928,0.157892,0.158794,1078531.0983448902
2026-02-28 00:00:00+00:00,0.15926,0.15968,0.158398,0.159301,840574.9785783998
2026-02-28 01:00:00+00:00,0.159299,0.159835,0.158475,0.158775,732157.8351445899
2026-02-28 02:00:00+00:00,0.158809,0.159528,0.158683,0.159329,645614.4077646697
2026-02-28 03:00:00+00:00,0.1593,0.159304,0.158052,0.158153,757427.8447350599
2026-02-28 04:00:00+00:00,0.158144,0.158242,0.157205,0.15794,527936.0478976602
2026-02-28 05:00:00+00:00,0.157987,0.158271,0.1568,0.157268,360398.7719618099
2026-02-28 06:00:00+00:00,0.157269,0.157269,0.150386,0.150721,8628730.852056997
2026-02-28 07:00:00+00:00,0.150688,0.154088,0.15,0.15124,2218427.321276222
2026-02-28 08:00:00+00:00,0.151164,0.15117,0.148462,0.14873,1888095.39264749
2026-02-28 09:00:00+00:00,0.148728,0.149664,0.148056,0.14884,1595093.1133700998
2026-02-28 10:00:00+00:00,0.148608,0.149941,0.147888,0.14874,1850427.4694207
2026-02-28 11:00:00+00:00,0.14872,0.15016,0.148415,0.148499,2294461.8604837195
2026-02-28 12:00:00+00:00,0.148496,0.149393,0.148293,0.14891,1505900.5212524498
2026-02-28 13:00:00+00:00,0.14896,0.152648,0.148488,0.152539,2192671.658297
2026-02-28 14:00:00+00:00,0.15256,0.15329,0.15099,0.15122,2116476.5161577105
2026-02-28 15:00:00+00:00,0.151224,0.15215,0.150241,0.151676,2625755.58967136
2026-02-28 16:00:00+00:00,0.151648,0.152387,0.15066,0.151925,2758854.85668575
2026-02-28 17:00:00+00:00,0.15195,0.15215,0.15037,0.151946,1987078.2003271093
2026-02-28 18:00:00+00:00,0.15194,0.155188,0.151426,0.15445,3873846.8765404415
2026-02-28 19:00:00+00:00,0.15445,0.156008,0.153468,0.155312,6812306.501787367
2026-02-28 20:00:00+00:00,0.155278,0.15826,0.154968,0.158059,5121401.006367641
2026-02-28 21:00:00+00:00,0.15808,0.158137,0.15566,0.15692,3510978.155162611
2026-02-28 22:00:00+00:00,0.156948,0.160323,0.156948,0.159896,4986090.291191039
2026-02-28 23:00:00+00:00,0.159879,0.16024,0.158833,0.15895,2952253.557368229
2026-03-01 00:00:00+00:00,0.15901,0.15984,0.158381,0.159233,1418646.44622542
2026-03-01 01:00:00+00:00,0.159161,0.162311,0.157296,0.161418,2456831.3338596
2026-03-01 02:00:00+00:00,0.16134,0.16469,0.16134,0.163538,5154973.57322409
2026-03-01 03:00:00+00:00,0.163473,0.164187,0.161774,0.16232,1789886.3592922497
2026-03-01 04:00:00+00:00,0.162429,0.1629,0.16115,0.16201,2009092.0003786
2026-03-01 05:00:00+00:00,0.162064,0.162416,0.161584,0.161748,1624024.0712638
2026-03-01 06:00:00+00:00,0.16183,0.161846,0.159448,0.1599,1349046.4505736595
2026-03-01 07:00:00+00:00,0.159889,0.161018,0.159562,0.16089,901775.26065847
2026-03-01 08:00:00+00:00,0.16089,0.161437,0.15804,0.15835,4440727.023181761
2026-03-01 09:00:00+00:00,0.15828,0.159528,0.157475,0.157712,610933.0726812398
2026-03-01 10:00:00+00:00,0.157632,0.158354,0.156912,0.157673,1080815.98432185
2026-03-01 11:00:00+00:00,0.15767,0.15785,0.156538,0.157456,1497536.5594354004
2026-03-01 12:00:00+00:00,0.157392,0.157542,0.156049,0.156144,929889.4008474798
2026-03-01 13:00:00+00:00,0.156123,0.159276,0.155282,0.158713,1474221.32272542
2026-03-01 14:00:00+00:00,0.158688,0.160317,0.15756,0.158041,1774849.3389629808
2026-03-01 15:00:00+00:00,0.158122,0.159216,0.157713,0.157944,2360161.7974408595
2026-03-01 16:00:00+00:00,0.157992,0.15888,0.155352,0.156366,1572745.74931485
2026-03-01 17:00:00+00:00,0.15632,0.156408,0.154593,0.155361,2172817.04825453
2026-03-01 18:00:00+00:00,0.155376,0.15722,0.155287,0.155813,2175986.8706912906
2026-03-01 19:00:00+00:00,0.15576,0.15596,0.15401,0.154347,2413869.02337112
2026-03-01 20:00:00+00:00,0.154338,0.154372,0.151786,0.15224,2520385.7203785405
2026-03-01 21:00:00+00:00,0.152243,0.153946,0.152189,0.153584,1361831.19836433
2026-03-01 22:00:00+00:00,0.15356,0.155885,0.15328,0.15333,3195719.855770501
2026-03-01 23:00:00+00:00,0.153272,0.155348,0.153164,0.154157,1240685.7880729602
2026-03-02 00:00:00+00:00,0.15419,0.156072,0.153697,0.155845,1360528.69145113
2026-03-02 01:00:00+00:00,0.155784,0.157392,0.155405,0.156064,1898718.55501713
2026-03-02 02:00:00+00:00,0.156067,0.1565,0.154512,0.155115,960711.1338821404
2026-03-02 03:00:00+00:00,0.15516,0.156703,0.154488,0.155999,1788270.2560258005
2026-03-02 04:00:00+00:00,0.15606,0.156168,0.155165,0.155472,1136470.2617623
2026-03-02 05:00:00+00:00,0.155456,0.156173,0.154633,0.155069,876544.01162924
2026-03-02 06:00:00+00:00,0.15512,0.15512,0.153048,0.153908,1076943.85621082
2026-03-02 07:00:00+00:00,0.153879,0.153888,0.152156,0.15297,623541.9407790799
2026-03-02 08:00:00+00:00,0.152952,0.15387,0.15187,0.1536,1743875.8280332207
2026-03-02 09:00:00+00:00,0.153637,0.155112,0.15343,0.153768,1127901.0887999197
2026-03-02 10:00:00+00:00,0.15372,0.154132,0.153288,0.15379,530261.7657402799
2026-03-02 11:00:00+00:00,0.153756,0.154258,0.152964,0.15338,898680.4458318
2026-03-02 12:00:00+00:00,0.153476,0.15377,0.152762,0.153227,853496.6762713101
2026-03-02 13:00:00+00:00,0.15321,0.153656,0.152596,0.152799,2701744.13362312
2026-03-02 14:00:00+00:00,0.15285,0.157351,0.151977,0.157074,3222688.48756435
2026-03-02 15:00:00+00:00,0.156987,0.16157,0.156774,0.160368,3777772.17698928
2026-03-02 16:00:00+00:00,0.160315,0.16218,0.159099,0.15937,3956357.904419832
2026-03-02 17:00:00+00:00,0.159394,0.1598,0.156869,0.158287,1958887.10740332
2026-03-02 18:00:00+00:00,0.15829,0.15918,0.157052,0.158242,1846132.1882999293
2026-03-02 19:00:00+00:00,0.15824,0.158676,0.157225,0.158573,1899152.5431842904
2026-03-02 20:00:00+00:00,0.158609,0.159292,0.157416,0.157783,2424204.4475673498
2026-03-02 21:00:00+00:00,0.157819,0.157936,0.155851,0.156631,3347427.946885029
2026-03-02 22:00:00+00:00,0.156632,0.15778,0.156609,0.157096,1146628.21376538
2026-03-02 23:00:00+00:00,0.157219,0.15734,0.155064,0.155759,3425354.033950261
2026-03-03 00:00:00+00:00,0.155799,0.155799,0.153151,0.154417,1590229.6554292494
2026-03-03 01:00:00+00:00,0.154416,0.154776,0.1534,0.153457,2874691.66374418
2026-03-03 02:00:00+00:00,0.1535,0.1535,0.152334,0.15283,2021825.8970666383
2026-03-03 03:00:00+00:00,0.152802,0.153726,0.152208,0.152943,1772744.8233962196
2026-03-03 04:00:00+00:00,0.152928,0.153188,0.151897,0.1522,1278612.5539393194
2026-03-03 05:00:00+00:00,0.152152,0.153619,0.151769,0.152396,1743938.2141014002
2026-03-03 06:00:00+00:00,0.152395,0.15286,0.151359,0.1519,1255772.8446391702
2026-03-03 07:00:00+00:00,0.151911,0.152912,0.151753,0.152624,1523561.5957102608
2026-03-03 08:00:00+00:00,0.152629,0.152945,0.150454,0.150563,1668960.54371053
2026-03-03 09:00:00+00:00,0.15062,0.151116,0.150042,0.150149,3302327.5698704803
2026-03-03 10:00:00+00:00,0.150085,0.150876,0.149285,0.150106,3959073.35723368
2026-03-03 11:00:00+00:00,0.150128,0.15099,0.14938,0.150876,994850.9675613202
2026-03-03 12:00:00+00:00,0.150844,0.15263,0.150305,0.150454,2653762.2795230807
2026-03-03 13:00:00+00:00,0.150465,0.1505,0.1493,0.149469,1269307.46861907
2026-03-03 14:00:00+00:00,0.149424,0.153,0.148628,0.149702,4160626.198109341
2026-03-03 15:00:00+00:00,0.149665,0.15119,0.148699,0.150827,1896479.09114778
2026-03-03 16:00:00+00:00,0.150827,0.153841,0.150036,0.15186,3524947.7008174714
2026-03-03 17:00:00+00:00,0.15189,0.152933,0.150254,0.152676,2057237.2302303307
2026-03-03 18:00:00+00:00,0.152676,0.153881,0.152231,0.1525,1966300.26330298
2026-03-03 19:00:00+00:00,0.1525,0.152568,0.151099,0.15145,1997207.04121132
2026-03-03 20:00:00+00:00,0.15145,0.151818,0.150331,0.1506,1242471.1595342995
2026-03-03 21:00:00+00:00,0.150566,0.150657,0.149755,0.150472,1489202.6010286007
2026-03-03 22:00:00+00:00,0.150448,0.151718,0.150325,0.151175,1112093.1716957495
2026-03-03 23:00:00+00:00,0.151217,0.15225,0.15105,0.151588,1324922.9004699993
2026-03-04 00:00:00+00:00,0.15189,0.15189,0.1509,0.15141,1563788.4291939798
2026-03-04 01:00:00+00:00,0.151396,0.152688,0.150974,0.152136,1494495.48077334
2026-03-04 02:00:00+00:00,0.152155,0.152423,0.151032,0.152096,2956533.978504519
2026-03-04 03:00:00+00:00,0.15209,0.152188,0.149856,0.150845,1080677.4988738603
2026-03-04 04:00:00+00:00,0.15086,0.151318,0.149832,0.150504,1141158.55041401
2026-03-04 05:00:00+00:00,0.15048,0.151472,0.149808,0.150853,1063636.9058051598
2026-03-04 06:00:00+00:00,0.150816,0.150875,0.149974,0.15033,863367.0631348998
2026-03-04 07:00:00+00:00,0.150278,0.152064,0.150096,0.151948,1280581.02736238
2026-03-04 08:00:00+00:00,0.151949,0.1559,0.151641,0.155447,5640996.896292639
2026-03-04 09:00:00+00:00,0.155498,0.15752,0.154429,0.156194,7762515.554361035
2026-03-04 10:00:00+00:00,0.156309,0.156788,0.15455,0.155643,5596261.35897964
2026-03-04 11:00:00+00:00,0.155671,0.155988,0.154165,0.154667,1588773.910002069
2026-03-04 12:00:00+00:00,0.154633,0.154657,0.152975,0.154251,1460359.329337
2026-03-04 13:00:00+00:00,0.154222,0.15524,0.154183,0.1548,2057317.11825112
2026-03-04 14:00:00+00:00,0.15484,0.157082,0.154362,0.155512,3335304.0377608086
2026-03-04 15:00:00+00:00,0.15541,0.16044,0.15541,0.160417,7203064.606917134
2026-03-04 16:00:00+00:00,0.1604,0.161292,0.158119,0.158669,8050731.750309322
2026-03-04 17:00:00+00:00,0.15867,0.161009,0.157669,0.160169,5928851.209929169
2026-03-04 18:00:00+00:00,0.16017,0.162668,0.1594,0.16262,2879501.3471040204
2026-03-04 19:00:00+00:00,0.1627,0.16595,0.1627,0.163588,7634481.039013036
2026-03-04 20:00:00+00:00,0.163588,0.165858,0.163033,0.16431,2500302.71845236
2026-03-04 21:00:00+00:00,0.16444,0.164488,0.161704,0.161884,2762306.675535009
2026-03-04 22:00:00+00:00,0.16191,0.162711,0.159841,0.160179,1776976.0126523003
2026-03-04 23:00:00+00:00,0.160125,0.1604,0.158821,0.159687,2517225.5754272407
2026-03-05 00:00:00+00:00,0.159605,0.159776,0.158603,0.158929,1973599.22415816
2026-03-05 01:00:00+00:00,0.158948,0.160173,0.158269,0.158412,2432313.9094211888
2026-03-05 02:00:00+00:00,0.158418,0.15965,0.15763,0.15834,1448933.5802672808
2026-03-05 03:00:00+00:00,0.158306,0.158911,0.157841,0.158258,870377.9815651701
2026-03-05 04:00:00+00:00,0.15826,0.16014,0.158179,0.159737,1058234.06872157
2026-03-05 05:00:00+00:00,0.15972,0.160199,0.158224,0.158573,1919716.0361217803
2026-03-05 06:00:00+00:00,0.15861,0.159374,0.15747,0.159243,1194623.7109100802
2026-03-05 07:00:00+00:00,0.159272,0.15984,0.157121,0.1579,1106508.37966576
2026-03-05 08:00:00+00:00,0.157899,0.158337,0.157468,0.158178,667203.4389752902
2026-03-05 09:00:00+00:00,0.15812,0.159477,0.1581,0.158996,863012.4913571002
2026-03-05 10:00:00+00:00,0.15897,0.161093,0.158676,0.16068,1351499.31047375
2026-03-05 11:00:00+00:00,0.160676,0.160878,0.15912,0.159584,1225141.8460599396
2026-03-05 12:00:00+00:00,0.15959,0.160066,0.15884,0.159782,826105.95004707
2026-03-05 13:00:00+00:00,0.15983,0.159834,0.157694,0.15883,1518021.2981754504
2026-03-05 14:00:00+00:00,0.15885,0.161217,0.158656,0.160752,4985052.7176699
2026-03-05 15:00:00+00:00,0.16077,0.16092,0.156429,0.156825,2895771.9209510307
2026-03-05 16:00:00+00:00,0.156794,0.156898,0.15408,0.155719,5500996.51703814
2026-03-05 17:00:00+00:00,0.155775,0.15675,0.1544,0.154696,2356917.86544454
2026-03-05 18:00:00+00:00,0.154625,0.15595,0.154504,0.15573,1363692.77813603
2026-03-05 19:00:00+00:00,0.15575,0.157751,0.155652,0.156552,888103.7832674301
2026-03-05 20:00:00+00:00,0.156603,0.158573,0.156525,0.15817,1117796.66577937
2026-03-05 21:00:00+00:00,0.158155,0.158636,0.156935,0.15725,823174.9732386
2026-03-05 22:00:00+00:00,0.15725,0.158198,0.15645,0.15757,834035.0195294701
2026-03-05 23:00:00+00:00,0.15765,0.157922,0.156574,0.156849,955731.0975872198
2026-03-06 00:00:00+00:00,0.156849,0.15728,0.156558,0.15713,1333099.3060508703
2026-03-06 01:00:00+00:00,0.15719,0.159075,0.15632,0.158784,1069552.0907201904
2026-03-06 02:00:00+00:00,0.15883,0.160525,0.15807,0.15918,3418770.7364771497
2026-03-06 03:00:00+00:00,0.15918,0.159855,0.1584,0.159,1811333.0230101808
2026-03-06 04:00:00+00:00,0.159025,0.15931,0.157075,0.157465,1067151.71399204
2026-03-06 05:00:00+00:00,0.15747,0.157746,0.156425,0.157539,801619.8298685801
2026-03-06 06:00:00+00:00,0.157523,0.15843,0.157425,0.157957,900125.8406778
2026-03-06 07:00:00+00:00,0.15795,0.159266,0.157661,0.15918,594282.3153290101
2026-03-06 08:00:00+00:00,0.15912,0.159227,0.15822,0.158416,721551.1563939701
2026-03-06 09:00:00+00:00,0.15842,0.15855,0.156467,0.15747,1237411.1250868195
2026-03-06 10:00:00+00:00,0.157547,0.158776,0.15747,0.15825,571084.7205908601
2026-03-06 11:00:00+00:00,0.158246,0.158494,0.156687,0.156827,560149.59326578
2026-03-06 12:00:00+00:00,0.15678,0.157011,0.1552,0.156232,1273089.216119781
2026-03-06 13:00:00+00:00,0.156247,0.157379,0.154617,0.154627,3941270.024272174
2026-03-06 14:00:00+00:00,0.154676,0.155207,0.15156,0.152219,5222146.726100162
2026-03-06 15:00:00+00:00,0.152249,0.153464,0.151306,0.15186,1991514.6899575903
2026-03-06 16:00:00+00:00,0.15183,0.15219,0.15098,0.151164,2637842.539047499
2026-03-06 17:00:00+00:00,0.151169,0.151776,0.15,0.150713,6630677.756894191
2026-03-06 18:00:00+00:00,0.150696,0.152453,0.150655,0.15196,2176626.58677806
2026-03-06 19:00:00+00:00,0.151977,0.152666,0.151497,0.151679,1040987.12744719
2026-03-06 20:00:00+00:00,0.151689,0.151949,0.150852,0.151438,728589.2607977001
2026-03-06 21:00:00+00:00,0.151489,0.152175,0.151101,0.152097,1603189.33031083
2026-03-06 22:00:00+00:00,0.152049,0.152641,0.151616,0.152401,762380.5463823398
2026-03-06 23:00:00+00:00,0.15245,0.152743,0.151947,0.15223,714629.1216930798
2026-03-07 00:00:00+00:00,0.15228,0.153297,0.152188,0.152943,709532.81381375
2026-03-07 01:00:00+00:00,0.152928,0.15307,0.152642,0.152713,443089.3339737
2026-03-07 02:00:00+00:00,0.152706,0.152904,0.152252,0.152887,670727.3202851301
2026-03-07 03:00:00+00:00,0.15286,0.15355,0.152316,0.15238,1048165.9556161602
2026-03-07 04:00:00+00:00,0.152376,0.152444,0.151681,0.15212,341054.1590987001
2026-03-07 05:00:00+00:00,0.152188,0.152615,0.151841,0.152586,297422.5288403201
2026-03-07 06:00:00+00:00,0.152544,0.15257,0.151656,0.15168,426798.5024707901
2026-03-07 07:00:00+00:00,0.151679,0.151944,0.151392,0.151862,501082.53320067
2026-03-07 08:00:00+00:00,0.151849,0.152659,0.151566,0.151632,562906.8917431103
2026-03-07 09:00:00+00:00,0.15156,0.152228,0.151273,0.15212,450082.50480958
2026-03-07 10:00:00+00:00,0.15216,0.1524,0.151752,0.151846,218544.44374721995
2026-03-07 11:00:00+00:00,0.15185,0.15262,0.151561,0.151922,322029.60602903995
2026-03-07 12:00:00+00:00,0.151824,0.152052,0.151334,0.15146,656962.71593571
2026-03-07 13:00:00+00:00,0.151512,0.15175,0.151249,0.151467,844260.0950266804
2026-03-07 14:00:00+00:00,0.151437,0.151584,0.150192,0.151438,2072283.4999856104
2026-03-07 15:00:00+00:00,0.151369,0.151392,0.150229,0.150784,633406.9327291299
2026-03-07 16:00:00+00:00,0.150744,0.151035,0.15024,0.15062,625090.95441688
2026-03-07 17:00:00+00:00,0.15062,0.151443,0.150588,0.151238,767493.62579929
2026-03-07 18:00:00+00:00,0.151234,0.15124,0.150103,0.150568,1040334.30758949
2026-03-07 19:00:00+00:00,0.150576,0.150576,0.14936,0.14978,1199531.0339533605
2026-03-07 20:00:00+00:00,0.149779,0.150696,0.14977,0.15054,869767.5973375501
2026-03-07 21:00:00+00:00,0.15054,0.151199,0.150117,0.15035,814995.9890348498
2026-03-07 22:00:00+00:00,0.15035,0.150424,0.149171,0.149592,2414459.986883741
2026-03-07 23:00:00+00:00,0.149589,0.150536,0.149566,0.150477,1240428.7965623897
2026-03-08 00:00:00+00:00,0.15048,0.150652,0.149611,0.149863,778049.75593569
2026-03-08 01:00:00+00:00,0.149862,0.150117,0.149411,0.149927,612528.8550950197
2026-03-08 02:00:00+00:00,0.149971,0.149971,0.148662,0.149086,2183321.1140647912
2026-03-08 03:00:00+00:00,0.149109,0.149321,0.148592,0.14889,996248.8448845304
2026-03-08 04:00:00+00:00,0.148848,0.148977,0.1478,0.14806,1313239.5326849306
2026-03-08 05:00:00+00:00,0.14809,0.149597,0.148003,0.149076,775509.5050512501
2026-03-08 06:00:00+00:00,0.149119,0.149542,0.148632,0.149229,3117059.4159507905
2026-03-08 07:00:00+00:00,0.149226,0.1503,0.149192,0.14996,757754.1936967599
2026-03-08 08:00:00+00:00,0.149958,0.150076,0.149089,0.149962,532718.9336336202
2026-03-08 09:00:00+00:00,0.14994,0.151173,0.149806,0.150773,496635.68031944
2026-03-08 10:00:00+00:00,0.150759,0.152476,0.150739,0.151504,1505882.2302056905
2026-03-08 11:00:00+00:00,0.151474,0.151488,0.149855,0.15012,868665.8654796801
2026-03-08 12:00:00+00:00,0.150106,0.15075,0.148722,0.149962,1319676.0800693897
2026-03-08 13:00:00+00:00,0.14996,0.150158,0.148528,0.149378,1347174.76215174
2026-03-08 14:00:00+00:00,0.149369,0.149785,0.148909,0.149484,837990.1144457002
2026-03-08 15:00:00+00:00,0.14947,0.149499,0.14856,0.148952,574640.62541855
2026-03-08 16:00:00+00:00,0.148953,0.14896,0.14788,0.14808,1651135.6473233297
2026-03-08 17:00:00+00:00,0.148097,0.14892,0.148044,0.148585,591202.77915842
2026-03-08 18:00:00+00:00,0.148666,0.148774,0.147899,0.1486,651530.02674159
2026-03-08 19:00:00+00:00,0.14863,0.150529,0.148461,0.149947,1646390.007882821
2026-03-08 20:00:00+00:00,0.14995,0.150924,0.149375,0.1497,1261052.2698416994
2026-03-08 21:00:00+00:00,0.14972,0.14998,0.148547,0.149283,1169926.0620315303
2026-03-08 22:00:00+00:00,0.149256,0.14952,0.146781,0.149184,4810950.144492341
2026-03-08 23:00:00+00:00,0.149208,0.149784,0.14786,0.14818,4194007.253222371
2026-03-09 00:00:00+00:00,0.148146,0.15077,0.148054,0.14924,2250674.7397165303
2026-03-09 01:00:00+00:00,0.149215,0.150032,0.148451,0.148451,1171848.5722074795
2026-03-09 02:00:00+00:00,0.148434,0.150018,0.148016,0.149304,1046878.10662341
2026-03-09 03:00:00+00:00,0.14928,0.151749,0.14918,0.150407,2281292.3106772588
2026-03-09 04:00:00+00:00,0.150432,0.151498,0.150299,0.15033,770534.2206915702
2026-03-09 05:00:00+00:00,0.15039,0.15187,0.14913,0.151488,3353644.77043746
2026-03-09 06:00:00+00:00,0.151512,0.151585,0.149673,0.14971,717330.0784521698
2026-03-09 07:00:00+00:00,0.14976,0.14986,0.14808,0.149148,978634.78103883
2026-03-09 08:00:00+00:00,0.149144,0.149923,0.148597,0.14925,760717.60336756
2026-03-09 09:00:00+00:00,0.149277,0.150808,0.148495,0.149699,1019324.2065543396
2026-03-09 10:00:00+00:00,0.149719,0.15006,0.148738,0.148994,593625.5691627498
2026-03-09 11:00:00+00:00,0.148962,0.149644,0.148278,0.14941,682778.2554296699
2026-03-09 12:00:00+00:00,0.149424,0.150832,0.149352,0.150177,1527802.7791062307
2026-03-09 13:00:00+00:00,0.150172,0.152495,0.150106,0.15199,4675800.70157329
2026-03-09 14:00:00+00:00,0.151976,0.15287,0.151276,0.151964,2083293.5326707
2026-03-09 15:00:00+00:00,0.152015,0.15223,0.15,0.150242,4592369.930718861
2026-03-09 16:00:00+00:00,0.150306,0.15162,0.150228,0.151093,1669226.4044019904
2026-03-09 17:00:00+00:00,0.151108,0.151653,0.150566,0.151271,1668593.1201988503
2026-03-09 18:00:00+00:00,0.151268,0.151887,0.150422,0.15096,1172111.4908049195
2026-03-09 19:00:00+00:00,0.150982,0.15412,0.150509,0.152204,1602346.13041541
2026-03-09 20:00:00+00:00,0.1522,0.152577,0.151633,0.152309,1086289.7697131904
2026-03-09 21:00:00+00:00,0.152309,0.153062,0.152115,0.152739,1005662.84687818
2026-03-09 22:00:00+00:00,0.152724,0.15285,0.150812,0.150979,1047775.61393327
2026-03-09 23:00:00+00:00,0.150956,0.151233,0.150513,0.15075,1051164.6801199298
2026-03-10 00:00:00+00:00,0.150748,0.152641,0.150521,0.15204,1441516.4994013903
2026-03-10 01:00:00+00:00,0.15197,0.152464,0.151233,0.15219,756272.8796991196
2026-03-10 02:00:00+00:00,0.152235,0.157883,0.151892,0.154125,6154749.815930538
2026-03-10 03:00:00+00:00,0.154114,0.154569,0.153426,0.15347,2585890.21462785
2026-03-10 04:00:00+00:00,0.153491,0.15483,0.153454,0.154532,1481561.73643462
2026-03-10 05:00:00+00:00,0.15448,0.155592,0.154336,0.154878,1102457.39681216
2026-03-10 06:00:00+00:00,0.15488,0.155688,0.154466,0.155376,1035850.29425644
2026-03-10 07:00:00+00:00,0.155351,0.156308,0.155141,0.156308,1124442.18504292
2026-03-10 08:00:00+00:00,0.156312,0.158591,0.156026,0.1583,2753768.3464617613
2026-03-10 09:00:00+00:00,0.158338,0.161778,0.158259,0.161632,6341736.58416494
2026-03-10 10:00:00+00:00,0.161577,0.162217,0.160581,0.161806,2834202.6082121204
2026-03-10 11:00:00+00:00,0.16181,0.16241,0.160392,0.160619,2498396.8360865903
2026-03-10 12:00:00+00:00,0.160586,0.161031,0.159825,0.16078,2036784.872864409
2026-03-10 13:00:00+00:00,0.16081,0.162131,0.159659,0.160726,4797858.44075857
2026-03-10 14:00:00+00:00,0.160608,0.167041,0.158892,0.166975,7257154.913473206
2026-03-10 15:00:00+00:00,0.166999,0.167855,0.164089,0.165596,6107188.031385696
2026-03-10 16:00:00+00:00,0.1656,0.167408,0.164507,0.166172,3550951.0077719404
2026-03-10 17:00:00+00:00,0.166199,0.166554,0.1625,0.162976,2868615.037943819
2026-03-10 18:00:00+00:00,0.162999,0.163015,0.160281,0.160968,4684271.001765009
2026-03-10 19:00:00+00:00,0.16097,0.1615,0.160303,0.160584,4227328.125195109
2026-03-10 20:00:00+00:00,0.16056,0.1614,0.16049,0.16106,1344365.9839261803
2026-03-10 21:00:00+00:00,0.160992,0.161897,0.156962,0.159554,6408821.022276674
2026-03-10 22:00:00+00:00,0.15956,0.15996,0.15878,0.159018,1277672.4374355194
2026-03-10 23:00:00+00:00,0.15898,0.159347,0.15832,0.158539,1688271.99448727
2026-03-11 00:00:00+00:00,0.15853,0.15926,0.158083,0.15884,1794266.5780516395
2026-03-11 01:00:00+00:00,0.15888,0.158888,0.157434,0.157809,1113222.13558866
2026-03-11 02:00:00+00:00,0.157807,0.15781,0.156319,0.156783,1845043.7462854804
2026-03-11 03:00:00+00:00,0.15674,0.157161,0.155666,0.156836,3131798.157106529
2026-03-11 04:00:00+00:00,0.156814,0.158013,0.156531,0.157892,1050280.2923311696
2026-03-11 05:00:00+00:00,0.157877,0.157987,0.155941,0.156177,1093808.9932392195
2026-03-11 06:00:00+00:00,0.15618,0.156815,0.155952,0.156432,1002440.2559545896
2026-03-11 07:00:00+00:00,0.156408,0.15674,0.155516,0.15615,1150421.1979114595
2026-03-11 08:00:00+00:00,0.156168,0.15746,0.15611,0.156914,1593458.9155468796
2026-03-11 09:00:00+00:00,0.156864,0.157008,0.15564,0.155832,1085834.171124
2026-03-11 10:00:00+00:00,0.15585,0.157032,0.15568,0.156816,744745.4083648399
2026-03-11 11:00:00+00:00,0.15685,0.157703,0.156648,0.157408,1900114.5609655203
2026-03-11 12:00:00+00:00,0.157368,0.159344,0.156726,0.158247,2168534.1278090407
2026-03-11 13:00:00+00:00,0.158246,0.162279,0.158164,0.160208,1974381.14658227
2026-03-11 14:00:00+00:00,0.16025,0.161592,0.15966,0.16023,2772940.115589648
2026-03-11 15:00:00+00:00,0.160299,0.16062,0.158125,0.159338,4720279.156698911
2026-03-11 16:00:00+00:00,0.159348,0.160486,0.158318,0.160199,3563832.6220606
2026-03-11 17:00:00+00:00,0.1602,0.161255,0.159124,0.1602,2866219.8111184
2026-03-11 18:00:00+00:00,0.160171,0.16101,0.159646,0.160749,974040.5141565898
2026-03-11 19:00:00+00:00,0.1608,0.161035,0.159697,0.16002,906231.04601464
2026-03-11 20:00:00+00:00,0.160074,0.16035,0.15948,0.160153,751694.1982132699
2026-03-11 21:00:00+00:00,0.1602,0.160797,0.160048,0.16065,789585.3130773404
2026-03-11 22:00:00+00:00,0.160642,0.160799,0.15934,0.15992,1416675.04980193
2026-03-11 23:00:00+00:00,0.15993,0.160276,0.158884,0.15917,1034291.27751011
2026-03-12 00:00:00+00:00,0.15924,0.159599,0.15903,0.159274,916889.02302645
2026-03-12 01:00:00+00:00,0.15924,0.159304,0.158396,0.1587,993789.99428886
2026-03-12 02:00:00+00:00,0.1587,0.15942,0.157536,0.15757,2085796.967103721
2026-03-12 03:00:00+00:00,0.15753,0.158009,0.157129,0.1575,728737.80087883
2026-03-12 04:00:00+00:00,0.157488,0.157849,0.156525,0.156633,830490.0318601201
2026-03-12 05:00:00+00:00,0.15656,0.15693,0.15645,0.156868,819187.75881168
2026-03-12 06:00:00+00:00,0.156867,0.157412,0.1566,0.15732,404413.41452608
2026-03-12 07:00:00+00:00,0.15734,0.15867,0.157285,0.158471,1788801.2947761302
2026-03-12 08:00:00+00:00,0.158528,0.159367,0.15819,0.15913,1295219.911646201
2026-03-12 09:00:00+00:00,0.159078,0.16017,0.15816,0.1595,1158412.8555755396
2026-03-12 10:00:00+00:00,0.15951,0.160436,0.159439,0.160139,825859.1181814
2026-03-12 11:00:00+00:00,0.16011,0.16047,0.15945,0.15975,797113.0982747901
2026-03-12 12:00:00+00:00,0.159742,0.160703,0.15942,0.16017,1049665.73072869
2026-03-12 13:00:00+00:00,0.16017,0.16077,0.158956,0.15987,2354665.3126186207
2026-03-12 14:00:00+00:00,0.1599,0.16071,0.1575,0.157883,1528534.5125089504
2026-03-12 15:00:00+00:00,0.157894,0.159267,0.15726,0.158942,1508947.0221816106
2026-03-12 16:00:00+00:00,0.15891,0.160408,0.158059,0.160151,2226565.035180049
2026-03-12 17:00:00+00:00,0.160184,0.160379,0.159092,0.159514,922448.90353354
2026-03-12 18:00:00+00:00,0.15957,0.159805,0.158751,0.158839,1499182.2860084593
2026-03-12 19:00:00+00:00,0.15884,0.160448,0.158599,0.16007,1087007.7087636795
2026-03-12 20:00:00+00:00,0.160125,0.160337,0.159047,0.159233,597240.55172901
2026-03-12 21:00:00+00:00,0.159223,0.16024,0.15916,0.160123,1235256.2749265602
2026-03-12 22:00:00+00:00,0.160053,0.160336,0.159248,0.159873,975870.9763038502
2026-03-12 23:00:00+00:00,0.159874,0.161107,0.159864,0.160034,1952103.6362303195
2026-03-13 00:00:00+00:00,0.160008,0.166386,0.159583,0.162052,7986104.887468538
2026-03-13 01:00:00+00:00,0.161988,0.163372,0.161988,0.163019,1260697.6849773198
2026-03-13 02:00:00+00:00,0.16297,0.163066,0.161585,0.161977,1132060.89143111
2026-03-13 03:00:00+00:00,0.16199,0.162983,0.161307,0.16284,1129992.01903596
2026-03-13 04:00:00+00:00,0.162839,0.163372,0.162122,0.16281,689656.9736408299
2026-03-13 05:00:00+00:00,0.162919,0.163872,0.162325,0.163676,1768846.54040695
2026-03-13 06:00:00+00:00,0.16371,0.163899,0.16211,0.162694,1100958.8838534197
2026-03-13 07:00:00+00:00,0.162689,0.1631,0.16234,0.162632,1081479.7799038198
2026-03-13 08:00:00+00:00,0.162578,0.1645,0.162214,0.163703,1004518.28581126
2026-03-13 09:00:00+00:00,0.163693,0.165263,0.163637,0.164911,2139423.04717031
2026-03-13 10:00:00+00:00,0.16491,0.16581,0.164867,0.16528,1973697.9381872588
2026-03-13 11:00:00+00:00,0.16533,0.165606,0.164984,0.16527,1590636.8859085103
2026-03-13 12:00:00+00:00,0.165233,0.16695,0.164662,0.166674,1551626.0894570197
2026-03-13 13:00:00+00:00,0.16666,0.168271,0.16613,0.167318,3605368.65674791
2026-03-13 14:00:00+00:00,0.16719,0.168111,0.163741,0.163938,2816661.62425968
2026-03-13 15:00:00+00:00,0.164034,0.16499,0.163043,0.163624,2519827.22165651
2026-03-13 16:00:00+00:00,0.16362,0.164957,0.163015,0.164452,1928408.8424902293
2026-03-13 17:00:00+00:00,0.164479,0.164638,0.161981,0.16248,1413561.2179063102
2026-03-13 18:00:00+00:00,0.162472,0.16326,0.161987,0.1623,2319921.1195276
2026-03-13 19:00:00+00:00,0.1623,0.163016,0.162048,0.16278,1437781.9269190703
2026-03-13 20:00:00+00:00,0.16275,0.164429,0.162521,0.164386,808369.0780397898
2026-03-13 21:00:00+00:00,0.16443,0.166301,0.164424,0.16602,2698714.9730230817
2026-03-13 22:00:00+00:00,0.16599,0.16603,0.16318,0.16399,1607997.17644618
2026-03-13 23:00:00+00:00,0.163981,0.164672,0.159404,0.164052,5029717.803946956
2026-03-14 00:00:00+00:00,0.164016,0.166714,0.163749,0.164306,3484224.166785658
2026-03-14 01:00:00+00:00,0.164316,0.165111,0.1638,0.164849,1223748.0066471405
2026-03-14 02:00:00+00:00,0.164836,0.165375,0.164136,0.16441,1046632.61797992
2026-03-14 03:00:00+00:00,0.164488,0.166152,0.164456,0.16498,917245.41348076
2026-03-14 04:00:00+00:00,0.16498,0.165914,0.163966,0.164182,1013353.17639075
2026-03-14 05:00:00+00:00,0.16418,0.164411,0.1632,0.163589,814912.8945090102
2026-03-14 06:00:00+00:00,0.16356,0.163597,0.162429,0.163299,1341650.2779673096
2026-03-14 07:00:00+00:00,0.16327,0.163618,0.16304,0.16328,466620.8221682399
2026-03-14 08:00:00+00:00,0.163357,0.163772,0.163231,0.163344,441227.7292596401
2026-03-14 09:00:00+00:00,0.163331,0.163685,0.162413,0.16292,708933.88051095
2026-03-14 10:00:00+00:00,0.162902,0.162985,0.162337,0.162744,560769.5959914997
2026-03-14 11:00:00+00:00,0.162734,0.164159,0.162711,0.16404,811499.81989658
2026-03-14 12:00:00+00:00,0.16416,0.164749,0.163155,0.163589,606476.1291861598
2026-03-14 13:00:00+00:00,0.16355,0.1655,0.163411,0.164749,641260.9352614401
2026-03-14 14:00:00+00:00,0.164811,0.165461,0.163697,0.163792,971581.21730406
2026-03-14 15:00:00+00:00,0.16375,0.163941,0.16334,0.163648,820940.00074963
2026-03-14 16:00:00+00:00,0.163669,0.165087,0.163602,0.164953,868577.8377647401
2026-03-14 17:00:00+00:00,0.164992,0.1653,0.164401,0.164401,589477.03116135
2026-03-14 18:00:00+00:00,0.164372,0.165021,0.163937,0.16479,602081.4904720698
2026-03-14 19:00:00+00:00,0.16472,0.16472,0.163633,0.163736,666768.5273364803
2026-03-14 20:00:00+00:00,0.163729,0.164314,0.163496,0.164048,796108.0035861101
2026-03-14 21:00:00+00:00,0.164024,0.164691,0.16327,0.164544,1478935.00351453
2026-03-14 22:00:00+00:00,0.164557,0.165121,0.16446,0.16494,487836.0249897401
2026-03-14 23:00:00+00:00,0.164939,0.166666,0.164939,0.16656,2386064.943904151
2026-03-15 00:00:00+00:00,0.166569,0.167055,0.165445,0.165807,1314084.77341399
2026-03-15 01:00:00+00:00,0.16582,0.166812,0.16581,0.166571,584718.13585701
2026-03-15 02:00:00+00:00,0.166589,0.168479,0.166589,0.168049,1825923.1078798687
2026-03-15 03:00:00+00:00,0.168144,0.168912,0.167581,0.167697,1402227.9123703295
2026-03-15 04:00:00+00:00,0.167707,0.16849,0.167331,0.167939,720120.87377033
2026-03-15 05:00:00+00:00,0.16784,0.168432,0.16701,0.167047,847465.8773624802
2026-03-15 06:00:00+00:00,0.16706,0.167242,0.165492,0.16594,726451.8399397302
2026-03-15 07:00:00+00:00,0.16594,0.166605,0.165468,0.16609,877463.7361586799
2026-03-15 08:00:00+00:00,0.166199,0.167214,0.165846,0.16715,955229.5914769098
2026-03-15 09:00:00+00:00,0.167243,0.168752,0.16715,0.16744,1202504.497623749
2026-03-15 10:00:00+00:00,0.167469,0.168476,0.167279,0.167513,637430.4697899898
2026-03-15 11:00:00+00:00,0.16759,0.167856,0.166886,0.1674,740396.56533576
2026-03-15 12:00:00+00:00,0.1674,0.1684,0.166784,0.168284,877033.97079759
2026-03-15 13:00:00+00:00,0.168344,0.169128,0.166631,0.168082,1581120.8854509403
2026-03-15 14:00:00+00:00,0.168046,0.168524,0.167091,0.167798,1337026.9351218902
2026-03-15 15:00:00+00:00,0.167829,0.167999,0.167103,0.167182,824266.8166883602
2026-03-15 16:00:00+00:00,0.16718,0.167876,0.1667,0.167056,2809771.3289435497
2026-03-15 17:00:00+00:00,0.16702,0.1685,0.166856,0.167738,980415.49366732
2026-03-15 18:00:00+00:00,0.167739,0.167994,0.166189,0.16647,1071599.2380836704
2026-03-15 19:00:00+00:00,0.16648,0.167222,0.16619,0.166668,887332.9023781598
2026-03-15 20:00:00+00:00,0.166724,0.16828,0.166485,0.167388,1954075.8561764988
2026-03-15 21:00:00+00:00,0.16743,0.16928,0.167078,0.168827,950165.17778493
2026-03-15 22:00:00+00:00,0.168751,0.17131,0.16757,0.170462,4620962.499497511
2026-03-15 23:00:00+00:00,0.170491,0.170868,0.16799,0.16924,1931815.72086775
2026-03-16 00:00:00+00:00,0.16924,0.170184,0.16791,0.16828,1586612.3782378198
2026-03-16 01:00:00+00:00,0.16828,0.168954,0.167518,0.16795,1341260.16230833
2026-03-16 02:00:00+00:00,0.16795,0.168606,0.16693,0.168165,846868.0926668698
2026-03-16 03:00:00+00:00,0.168084,0.171542,0.16776,0.169942,2891159.324351279
2026-03-16 04:00:00+00:00,0.16998,0.172376,0.16997,0.17139,6037181.566109698
2026-03-16 05:00:00+00:00,0.1714,0.172672,0.170433,0.172202,3767282.04271924
2026-03-16 06:00:00+00:00,0.172153,0.172594,0.170984,0.172098,1530854.0968782404
2026-03-16 07:00:00+00:00,0.172075,0.17382,0.171981,0.17326,2984662.93929537
2026-03-16 08:00:00+00:00,0.17326,0.174393,0.171089,0.171268,1645380.7803446304
2026-03-16 09:00:00+00:00,0.171332,0.17284,0.171073,0.172593,762235.32139173
2026-03-16 10:00:00+00:00,0.172597,0.172985,0.171777,0.172225,881133.6413764398
2026-03-16 11:00:00+00:00,0.172224,0.172416,0.1705,0.171448,1308266.97084595
2026-03-16 12:00:00+00:00,0.171459,0.172944,0.171409,0.172346,2800628.45355884
2026-03-16 13:00:00+00:00,0.17235,0.174419,0.172064,0.17296,3637340.641837861
2026-03-16 14:00:00+00:00,0.172992,0.174578,0.171292,0.174563,3831075.341812889
2026-03-16 15:00:00+00:00,0.174632,0.175547,0.171651,0.171806,7561679.341784769
2026-03-16 16:00:00+00:00,0.17186,0.17459,0.171731,0.17421,1950489.01818805
2026-03-16 17:00:00+00:00,0.174225,0.17487,0.17381,0.174573,3651400.86311226
2026-03-16 18:00:00+00:00,0.174475,0.176215,0.174159,0.174895,5795547.559670405
2026-03-16 19:00:00+00:00,0.174947,0.175831,0.173853,0.1745,1878840.4034106703
2026-03-16 20:00:00+00:00,0.174639,0.175608,0.174311,0.17495,2615462.8243254097
2026-03-16 21:00:00+00:00,0.174825,0.176231,0.174405,0.17496,2553760.35619996
2026-03-16 22:00:00+00:00,0.17486,0.17676,0.174833,0.176361,6596477.976144811
2026-03-16 23:00:00+00:00,0.1763,0.177051,0.174814,0.17602,2111039.7916801497
2026-03-17 00:00:00+00:00,0.175975,0.178061,0.1753,0.17751,2219876.44012508
2026-03-17 01:00:00+00:00,0.177506,0.179025,0.176891,0.17892,4787399.841679201
2026-03-17 02:00:00+00:00,0.17895,0.18198,0.17754,0.18099,3855169.6956188898
2026-03-17 03:00:00+00:00,0.180989,0.18114,0.175123,0.17623,4255101.398498061
2026-03-17 04:00:00+00:00,0.176219,0.17715,0.173315,0.174505,2974316.0805749795
2026-03-17 05:00:00+00:00,0.1745,0.17466,0.173334,0.17412,3155158.1950461203
2026-03-17 06:00:00+00:00,0.17412,0.17502,0.173085,0.174002,1930928.6248539707
2026-03-17 07:00:00+00:00,0.173961,0.176909,0.173937,0.17544,778580.24949212
2026-03-17 08:00:00+00:00,0.17547,0.17625,0.174871,0.17497,1349290.8551849804
2026-03-17 09:00:00+00:00,0.17511,0.17583,0.174025,0.174864,1073210.3686603904
2026-03-17 10:00:00+00:00,0.17492,0.175168,0.174182,0.174619,897796.40136821
2026-03-17 11:00:00+00:00,0.17462,0.175094,0.173984,0.174112,918998.50839848
2026-03-17 12:00:00+00:00,0.17411,0.174414,0.17238,0.172659,1246331.68753475
2026-03-17 13:00:00+00:00,0.17267,0.174176,0.172214,0.17281,1454196.97665603
2026-03-17 14:00:00+00:00,0.172864,0.173895,0.172188,0.17349,1338414.5658009902
2026-03-17 15:00:00+00:00,0.173627,0.17472,0.17264,0.173688,1373943.4357058702
2026-03-17 16:00:00+00:00,0.17376,0.175342,0.17347,0.174471,2968805.00086409
2026-03-17 17:00:00+00:00,0.17449,0.176032,0.174308,0.175968,2202683.29339606
2026-03-17 18:00:00+00:00,0.17593,0.176539,0.175236,0.175603,1258701.7165321105
2026-03-17 19:00:00+00:00,0.17567,0.175739,0.174264,0.174499,1524022.02565054
2026-03-17 20:00:00+00:00,0.17446,0.175371,0.174304,0.175264,734683.4371733603
2026-03-17 21:00:00+00:00,0.17528,0.176293,0.174886,0.17534,858817.4155067801
2026-03-17 22:00:00+00:00,0.175339,0.175832,0.173975,0.175201,856443.17038758
2026-03-17 23:00:00+00:00,0.17519,0.175245,0.173602,0.173689,1005903.19429887
2026-03-18 00:00:00+00:00,0.17371,0.174117,0.172442,0.173205,1494794.9887668404
2026-03-18 01:00:00+00:00,0.17328,0.174193,0.17325,0.174048,761709.90182503
2026-03-18 02:00:00+00:00,0.174013,0.17578,0.173835,0.175209,1063673.50705878
2026-03-18 03:00:00+00:00,0.175209,0.177582,0.174789,0.17654,2552756.371283676
2026-03-18 04:00:00+00:00,0.176576,0.176814,0.174936,0.17544,937107.86805202
2026-03-18 05:00:00+00:00,0.175488,0.177293,0.17475,0.174978,1354453.4926272598
2026-03-18 06:00:00+00:00,0.174998,0.176463,0.17497,0.175427,607578.6514410502
2026-03-18 07:00:00+00:00,0.175377,0.175377,0.174408,0.175072,955028.33794998
2026-03-18 08:00:00+00:00,0.1751,0.17594,0.174709,0.17484,799104.5424739099
2026-03-18 09:00:00+00:00,0.17488,0.175167,0.174509,0.175167,1024051.1887441002
2026-03-18 10:00:00+00:00,0.175,0.175236,0.17326,0.17369,528456.5238736199
2026-03-18 11:00:00+00:00,0.173688,0.174101,0.170558,0.17092,4689135.030633629
2026-03-18 12:00:00+00:00,0.170912,0.170923,0.168224,0.168746,2767981.204368228
2026-03-18 13:00:00+00:00,0.16875,0.169789,0.167941,0.169117,2068628.3869043696
2026-03-18 14:00:00+00:00,0.16912,0.169218,0.16613,0.16626,4949876.139695089
2026-03-18 15:00:00+00:00,0.16627,0.167039,0.165197,0.166688,2361483.2877493803
2026-03-18 16:00:00+00:00,0.166656,0.167892,0.166063,0.167464,1859917.52903645
2026-03-18 17:00:00+00:00,0.167445,0.169138,0.16695,0.168733,1519559.5852394493
2026-03-18 18:00:00+00:00,0.168724,0.170645,0.167874,0.168423,1660607.6556197703
2026-03-18 19:00:00+00:00,0.168425,0.170564,0.166969,0.16834,5609111.602923958
2026-03-18 20:00:00+00:00,0.168339,0.169731,0.166994,0.16936,1456822.94933073
2026-03-18 21:00:00+00:00,0.169384,0.170889,0.169349,0.1701,2940845.738559429
2026-03-18 22:00:00+00:00,0.170077,0.170077,0.169137,0.169789,932054.63744095
2026-03-18 23:00:00+00:00,0.16988,0.170249,0.169195,0.17019,1410744.6576089698
2026-03-19 00:00:00+00:00,0.170174,0.170174,0.16875,0.168826,1466752.2836945602
2026-03-19 01:00:00+00:00,0.1688,0.168919,0.168038,0.16841,2161691.7269444726
2026-03-19 02:00:00+00:00,0.168389,0.169246,0.16779,0.168609,812056.4985693399
2026-03-19 03:00:00+00:00,0.16861,0.170814,0.16855,0.16987,2834927.0605212096
2026-03-19 04:00:00+00:00,0.16983,0.16987,0.16849,0.168702,976043.71585897
2026-03-19 05:00:00+00:00,0.168703,0.169061,0.168293,0.16842,1195446.4650672595
2026-03-19 06:00:00+00:00,0.168402,0.169364,0.16752,0.16799,929540.15934543
2026-03-19 07:00:00+00:00,0.168031,0.168115,0.166166,0.16703,1286825.2607776094
2026-03-19 08:00:00+00:00,0.16703,0.167804,0.166707,0.16723,822405.9819644401
2026-03-19 09:00:00+00:00,0.16723,0.168712,0.167114,0.168475,1113344.98418871
2026-03-19 10:00:00+00:00,0.168432,0.16856,0.167246,0.167321,1316879.2015213212
2026-03-19 11:00:00+00:00,0.16733,0.167596,0.166257,0.16671,2338777.721020452
2026-03-19 12:00:00+00:00,0.166692,0.16685,0.164866,0.16498,2994179.214768181
2026-03-19 13:00:00+00:00,0.164918,0.16703,0.16441,0.16638,2370347.535002272
2026-03-19 14:00:00+00:00,0.166425,0.167034,0.165356,0.166126,2060987.6253889217
2026-03-19 15:00:00+00:00,0.166137,0.166557,0.163827,0.16487,1874519.4211875
2026-03-19 16:00:00+00:00,0.16485,0.16485,0.163311,0.163958,2382303.9322225605
2026-03-19 17:00:00+00:00,0.163907,0.16547,0.16361,0.165139,1729621.7080817
2026-03-19 18:00:00+00:00,0.165073,0.16513,0.163593,0.164317,2190605.87410738
2026-03-19 19:00:00+00:00,0.164337,0.166267,0.164214,0.16532,1796126.09501602
2026-03-19 20:00:00+00:00,0.165289,0.165802,0.164961,0.165167,1631154.154496051
2026-03-19 21:00:00+00:00,0.16519,0.165999,0.16518,0.165745,1011873.72658726
2026-03-19 22:00:00+00:00,0.165744,0.165986,0.164875,0.165612,2209002.950679172
2026-03-19 23:00:00+00:00,0.165624,0.166052,0.164673,0.165337,1562026.7240776494
2026-03-20 00:00:00+00:00,0.16534,0.166073,0.165216,0.16577,1179355.0554298104
2026-03-20 01:00:00+00:00,0.16573,0.166927,0.16559,0.166517,1584302.5439259904
2026-03-20 02:00:00+00:00,0.16655,0.166742,0.165582,0.166614,1325276.16072751
2026-03-20 03:00:00+00:00,0.16656,0.16752,0.166443,0.166877,1058797.57553709
2026-03-20 04:00:00+00:00,0.166879,0.167536,0.166148,0.167328,843467.0084113701
2026-03-20 05:00:00+00:00,0.167304,0.168648,0.167272,0.167928,1816865.4870824928
2026-03-20 06:00:00+00:00,0.167856,0.168049,0.166968,0.167228,1009890.3850421509
2026-03-20 07:00:00+00:00,0.167136,0.167868,0.166149,0.167747,832617.4260368699
2026-03-20 08:00:00+00:00,0.167729,0.16896,0.167569,0.167968,783587.3960394396
2026-03-20 09:00:00+00:00,0.167953,0.167953,0.166149,0.16686,685174.0480069999
2026-03-20 10:00:00+00:00,0.16689,0.16769,0.166401,0.167256,909049.0346139504
2026-03-20 11:00:00+00:00,0.167297,0.167923,0.166554,0.16733,724372.0089060399
2026-03-20 12:00:00+00:00,0.16733,0.167886,0.166749,0.167021,859490.10722533
2026-03-20 13:00:00+00:00,0.16701,0.16737,0.165748,0.16606,2310964.0010784403
2026-03-20 14:00:00+00:00,0.16593,0.167083,0.16552,0.165948,2211377.0244403505
2026-03-20 15:00:00+00:00,0.165953,0.166731,0.165239,0.166103,1437697.2395127595
2026-03-20 16:00:00+00:00,0.166124,0.166393,0.165092,0.165677,3153188.5371649205
2026-03-20 17:00:00+00:00,0.165688,0.166,0.164806,0.165925,1507535.1191362103
2026-03-20 18:00:00+00:00,0.165925,0.166109,0.163882,0.16408,2006867.10302428
2026-03-20 19:00:00+00:00,0.1641,0.164762,0.16325,0.16457,1881433.538932451
2026-03-20 20:00:00+00:00,0.16456,0.1647,0.163425,0.164076,3050351.33578893
2026-03-20 21:00:00+00:00,0.16413,0.16583,0.1638,0.16517,1284152.9355752498
2026-03-20 22:00:00+00:00,0.16512,0.16621,0.16512,0.16567,1164079.7192374698
2026-03-20 23:00:00+00:00,0.16567,0.16578,0.16488,0.165478,1573832.8496282203
2026-03-21 00:00:00+00:00,0.16543,0.16596,0.1653,0.16558,889764.9002790599
2026-03-21 01:00:00+00:00,0.165599,0.16608,0.16503,0.165113,487146.63779806
2026-03-21 02:00:00+00:00,0.165105,0.16583,0.16491,0.16554,717984.3204990899
2026-03-21 03:00:00+00:00,0.16554,0.16584,0.165239,0.16572,565250.63368032
2026-03-21 04:00:00+00:00,0.16567,0.16591,0.16513,0.16561,565659.59367592
2026-03-21 05:00:00+00:00,0.16561,0.166649,0.165568,0.16615,749693.0938156903
2026-03-21 06:00:00+00:00,0.166113,0.1669,0.165977,0.166207,569691.67772525
2026-03-21 07:00:00+00:00,0.166205,0.16636,0.165336,0.165359,508763.31477175007
2026-03-21 08:00:00+00:00,0.16545,0.16583,0.16526,0.1654,389027.79663954
2026-03-21 09:00:00+00:00,0.1654,0.165779,0.165132,0.165307,1641034.2828663928
2026-03-21 10:00:00+00:00,0.16527,0.16531,0.164909,0.165164,681845.9665505503
2026-03-21 11:00:00+00:00,0.165029,0.1655,0.164965,0.165229,557362.15899956
2026-03-21 12:00:00+00:00,0.16519,0.16571,0.165135,0.16551,383137.45622104994
2026-03-21 13:00:00+00:00,0.16551,0.16567,0.16502,0.16542,635853.2891612699
2026-03-21 14:00:00+00:00,0.16542,0.166508,0.16508,0.165136,802359.6018513
2026-03-21 15:00:00+00:00,0.165097,0.166159,0.164941,0.16615,1081982.12895194
2026-03-21 16:00:00+00:00,0.166168,0.166425,0.165577,0.165768,878924.3778742502
2026-03-21 17:00:00+00:00,0.16576,0.165862,0.165295,0.165655,702787.6256702202
2026-03-21 18:00:00+00:00,0.165646,0.165968,0.165424,0.1655,588980.7992890402
2026-03-21 19:00:00+00:00,0.165499,0.165561,0.165126,0.165244,709604.8568212299
2026-03-21 20:00:00+00:00,0.165274,0.165822,0.165229,0.165642,740924.47424792
2026-03-21 21:00:00+00:00,0.16564,0.16579,0.1652,0.16542,980186.98229062
2026-03-21 22:00:00+00:00,0.16542,0.165549,0.16496,0.165185,669011.1074534501
2026-03-21 23:00:00+00:00,0.16514,0.16522,0.161343,0.16197,5225729.666212905
2026-03-22 00:00:00+00:00,0.162092,0.162825,0.159829,0.161655,3649019.852501007
2026-03-22 01:00:00+00:00,0.161638,0.16235,0.160934,0.161669,1320838.7575327298
2026-03-22 02:00:00+00:00,0.16155,0.163131,0.16155,0.162625,1415080.3234395704
2026-03-22 03:00:00+00:00,0.1626,0.16373,0.16218,0.162434,1658562.045968031
2026-03-22 04:00:00+00:00,0.162388,0.162841,0.161744,0.16237,835923.8440627402
2026-03-22 05:00:00+00:00,0.162401,0.162613,0.161851,0.161851,823502.7824874001
2026-03-22 06:00:00+00:00,0.16185,0.16185,0.161318,0.161503,639010.0546654703
2026-03-22 07:00:00+00:00,0.161501,0.16178,0.159941,0.159986,1576328.5735923906
2026-03-22 08:00:00+00:00,0.16001,0.160225,0.15916,0.159541,1756513.87167126
2026-03-22 09:00:00+00:00,0.15955,0.160072,0.15932,0.15941,2092691.4351888823
2026-03-22 10:00:00+00:00,0.159395,0.159649,0.158459,0.158537,864661.2675031102
2026-03-22 11:00:00+00:00,0.15854,0.15912,0.15835,0.1586,874734.2011247498
2026-03-22 12:00:00+00:00,0.158703,0.160306,0.1586,0.159764,1061314.21618571
2026-03-22 13:00:00+00:00,0.15976,0.16046,0.159306,0.159551,964096.1705078704
2026-03-22 14:00:00+00:00,0.15956,0.15975,0.15892,0.159039,944899.9461560898
2026-03-22 15:00:00+00:00,0.15904,0.15976,0.158566,0.159137,2020587.5014502115
2026-03-22 16:00:00+00:00,0.15913,0.159357,0.156645,0.157784,7339207.069160586
2026-03-22 17:00:00+00:00,0.157879,0.15814,0.157556,0.157675,1308078.5686260196
2026-03-22 18:00:00+00:00,0.157675,0.157675,0.15655,0.15743,3543558.597573216
2026-03-22 19:00:00+00:00,0.157502,0.157521,0.156487,0.15708,2543920.38322696
2026-03-22 20:00:00+00:00,0.156996,0.157527,0.15668,0.156846,1397596.9022767197
2026-03-22 21:00:00+00:00,0.15685,0.157022,0.154899,0.155699,7018572.387929476
2026-03-22 22:00:00+00:00,0.15583,0.15715,0.154634,0.156789,3675585.497040821
2026-03-22 23:00:00+00:00,0.156789,0.157272,0.155783,0.15591,1855070.728963759
2026-03-23 00:00:00+00:00,0.1559,0.15711,0.15582,0.15657,1587302.64435311
2026-03-23 01:00:00+00:00,0.156552,0.15741,0.156409,0.156681,1193652.36942534
2026-03-23 02:00:00+00:00,0.156705,0.15772,0.156406,0.15717,1151914.2566160597
2026-03-23 03:00:00+00:00,0.15715,0.157994,0.156419,0.15647,2200384.595599306
2026-03-23 04:00:00+00:00,0.15651,0.15928,0.15649,0.158971,3428805.9330490124
2026-03-23 05:00:00+00:00,0.15891,0.15937,0.158537,0.159095,1102102.7473413202
2026-03-23 06:00:00+00:00,0.159048,0.159048,0.156721,0.156974,1065588.5377965502
2026-03-23 07:00:00+00:00,0.15701,0.157224,0.155935,0.15672,1389197.4390826498
2026-03-23 08:00:00+00:00,0.15673,0.15735,0.155872,0.15597,665904.53904299
2026-03-23 09:00:00+00:00,0.155983,0.15669,0.155372,0.156548,996218.42124794
2026-03-23 10:00:00+00:00,0.156563,0.157276,0.15601,0.156501,889695.0226233299
2026-03-23 11:00:00+00:00,0.1565,0.16422,0.15649,0.161733,17442398.045844283
2026-03-23 12:00:00+00:00,0.16172,0.163973,0.160941,0.163807,2289959.925280869
2026-03-23 13:00:00+00:00,0.163817,0.16602,0.163093,0.165692,2511110.12360191
2026-03-23 14:00:00+00:00,0.165693,0.16643,0.165099,0.165958,3702617.631932264
2026-03-23 15:00:00+00:00,0.166001,0.166896,0.164492,0.16501,7544519.732766811
2026-03-23 16:00:00+00:00,0.164936,0.16662,0.163704,0.165131,3174013.045734576
2026-03-23 17:00:00+00:00,0.165118,0.165774,0.163783,0.16496,2873291.9462766736
2026-03-23 18:00:00+00:00,0.16499,0.165455,0.163842,0.16475,2876433.8805908
2026-03-23 19:00:00+00:00,0.1647,0.165497,0.164338,0.164754,1773351.7477110797
2026-03-23 20:00:00+00:00,0.16477,0.166869,0.16447,0.16662,2987935.016980682
2026-03-23 21:00:00+00:00,0.166667,0.1675,0.16663,0.16736,3794306.7328366814
2026-03-23 22:00:00+00:00,0.167388,0.167479,0.165922,0.166505,3300383.3300244226
2026-03-23 23:00:00+00:00,0.166504,0.167032,0.165896,0.167022,1506756.6531467508
2026-03-24 00:00:00+00:00,0.166736,0.167383,0.164828,0.16542,2068388.42916986
2026-03-24 01:00:00+00:00,0.165386,0.165569,0.163827,0.164425,1411668.1706668795
2026-03-24 02:00:00+00:00,0.164424,0.165697,0.164254,0.16471,1163350.24952989
2026-03-24 03:00:00+00:00,0.16472,0.16569,0.164465,0.16549,1156750.19073633
2026-03-24 04:00:00+00:00,0.165458,0.165459,0.163986,0.16441,990347.6794124598
2026-03-24 05:00:00+00:00,0.164467,0.164961,0.16374,0.164368,857275.69831861
2026-03-24 06:00:00+00:00,0.164354,0.165119,0.164255,0.165052,754801.4175740699
2026-03-24 07:00:00+00:00,0.16504,0.167098,0.164889,0.16691,1986107.8185382592
2026-03-24 08:00:00+00:00,0.166781,0.16733,0.166633,0.166849,1812754.86961416
2026-03-24 09:00:00+00:00,0.166815,0.168383,0.1664,0.168109,1295357.2163017902
2026-03-24 10:00:00+00:00,0.168101,0.16814,0.166304,0.166874,1209210.43926103
2026-03-24 11:00:00+00:00,0.166875,0.167264,0.16583,0.16704,1859250.4547102
2026-03-24 12:00:00+00:00,0.16696,0.167811,0.166428,0.16715,5087513.574769898
2026-03-24 13:00:00+00:00,0.167105,0.167569,0.165469,0.165939,2764078.4178670216
2026-03-24 14:00:00+00:00,0.16594,0.16706,0.165021,0.166633,2765696.588451432
2026-03-24 15:00:00+00:00,0.166694,0.16742,0.16624,0.16638,2175190.90971906
2026-03-24 16:00:00+00:00,0.166409,0.16698,0.16543,0.166146,2006433.9813944
2026-03-24 17:00:00+00:00,0.166157,0.166207,0.164106,0.16466,1926461.29425845
2026-03-24 18:00:00+00:00,0.16471,0.167143,0.164658,0.166575,1804449.0357664805
2026-03-24 19:00:00+00:00,0.16662,0.16792,0.16632,0.16648,1187233.6116317902
2026-03-24 20:00:00+00:00,0.166478,0.170284,0.16635,0.169929,5060262.610694218
2026-03-24 21:00:00+00:00,0.16991,0.171566,0.16931,0.17149,4015220.473194772
2026-03-24 22:00:00+00:00,0.17149,0.173682,0.171175,0.17347,4834746.202411843
2026-03-24 23:00:00+00:00,0.173495,0.17519,0.173429,0.17367,6484130.903051589
2026-03-25 00:00:00+00:00,0.173799,0.17733,0.17361,0.176371,4121845.570122602
2026-03-25 01:00:00+00:00,0.17637,0.180451,0.17631,0.17804,10094601.327646988
2026-03-25 02:00:00+00:00,0.17804,0.179356,0.174759,0.17513,5904315.492396147
2026-03-25 03:00:00+00:00,0.17517,0.17765,0.17478,0.176214,2302838.2460736893
2026-03-25 04:00:00+00:00,0.1762,0.177218,0.175381,0.176239,2193823.3636751515
2026-03-25 05:00:00+00:00,0.176177,0.17827,0.176168,0.177195,2953702.0311572
2026-03-25 06:00:00+00:00,0.17716,0.179851,0.17716,0.179172,2775062.1081151105
2026-03-25 07:00:00+00:00,0.179187,0.18038,0.178798,0.179325,3216960.724525901
2026-03-25 08:00:00+00:00,0.179529,0.182239,0.17942,0.181326,4899149.212662989
2026-03-25 09:00:00+00:00,0.181331,0.182339,0.177833,0.178192,4740670.1044899775
2026-03-25 10:00:00+00:00,0.17824,0.179286,0.17762,0.179179,1887242.64978743
2026-03-25 11:00:00+00:00,0.179092,0.179693,0.17774,0.17807,2124839.72589739
2026-03-25 12:00:00+00:00,0.17807,0.179001,0.176284,0.178726,5453418.406344311
2026-03-25 13:00:00+00:00,0.17875,0.18038,0.177689,0.178048,2593835.406768022
2026-03-25 14:00:00+00:00,0.17805,0.17825,0.17597,0.1761,2576722.3914318723
2026-03-25 15:00:00+00:00,0.17611,0.176314,0.174644,0.17516,3207176.471301431
2026-03-25 16:00:00+00:00,0.175188,0.177326,0.175119,0.176967,2344211.15339576
2026-03-25 17:00:00+00:00,0.176931,0.177372,0.176319,0.17662,1132278.07152215
2026-03-25 18:00:00+00:00,0.17662,0.177956,0.176436,0.17682,1242308.0941745304
2026-03-25 19:00:00+00:00,0.176809,0.177966,0.176509,0.17777,948846.63670731
2026-03-25 20:00:00+00:00,0.17783,0.177855,0.17603,0.176914,1785148.7541358997
2026-03-25 21:00:00+00:00,0.17687,0.177451,0.176237,0.17651,1099776.56499044
2026-03-25 22:00:00+00:00,0.17651,0.17983,0.17642,0.177579,1449536.1805594603
2026-03-25 23:00:00+00:00,0.17758,0.178004,0.177249,0.177344,4235614.38303868
2026-03-26 00:00:00+00:00,0.177373,0.178491,0.177228,0.177774,1816050.6612211703
2026-03-26 01:00:00+00:00,0.177781,0.177967,0.176735,0.176806,820591.2308370402
2026-03-26 02:00:00+00:00,0.176794,0.176829,0.175334,0.175963,1447843.7191605105
2026-03-26 03:00:00+00:00,0.1758,0.17589,0.17476,0.17531,1169239.38534057
2026-03-26 04:00:00+00:00,0.17533,0.175951,0.174927,0.17524,996563.66246953
2026-03-26 05:00:00+00:00,0.175354,0.175354,0.173071,0.173141,2211639.7129010274
2026-03-26 06:00:00+00:00,0.173141,0.174399,0.172938,0.17377,1056751.9208389702
2026-03-26 07:00:00+00:00,0.173815,0.174349,0.173706,0.173866,1230661.9430024996
2026-03-26 08:00:00+00:00,0.173862,0.174464,0.173454,0.174239,1127093.20849274
2026-03-26 09:00:00+00:00,0.17418,0.174281,0.172261,0.172805,2971962.3135613515
2026-03-26 10:00:00+00:00,0.172819,0.173739,0.172278,0.17309,2225172.3459450696
2026-03-26 11:00:00+00:00,0.17306,0.173818,0.172584,0.172651,1127028.13976089
2026-03-26 12:00:00+00:00,0.172644,0.173676,0.172078,0.173467,927747.5987527104
2026-03-26 13:00:00+00:00,0.17342,0.17646,0.173211,0.17546,1597031.10466283
2026-03-26 14:00:00+00:00,0.1755,0.1764,0.173952,0.17427,2488212.483775992
2026-03-26 15:00:00+00:00,0.174191,0.174191,0.171968,0.172449,1667865.4598629314
2026-03-26 16:00:00+00:00,0.172389,0.173042,0.171852,0.172351,1550353.65948008
2026-03-26 17:00:00+00:00,0.172366,0.17299,0.171675,0.172154,1004879.4145330902
2026-03-26 18:00:00+00:00,0.17197,0.172686,0.171073,0.172278,2413897.9614867214
2026-03-26 19:00:00+00:00,0.172377,0.172377,0.171168,0.171807,1051926.44003669
2026-03-26 20:00:00+00:00,0.17177,0.17427,0.17142,0.17286,2247554.915403142
2026-03-26 21:00:00+00:00,0.17287,0.173792,0.172321,0.173453,1174928.09025712
2026-03-26 22:00:00+00:00,0.173408,0.174742,0.173184,0.17406,4883985.126713007
2026-03-26 23:00:00+00:00,0.174074,0.17448,0.173534,0.173768,2789685.8879475016
2026-03-27 00:00:00+00:00,0.173669,0.174372,0.172685,0.173176,1209931.5487669003
2026-03-27 01:00:00+00:00,0.173155,0.174552,0.172863,0.174427,753105.4734627898
2026-03-27 02:00:00+00:00,0.174414,0.17531,0.174062,0.174131,1217769.3378142908
2026-03-27 03:00:00+00:00,0.174131,0.174806,0.173428,0.174391,832437.2826741198
2026-03-27 04:00:00+00:00,0.174418,0.17483,0.17305,0.174158,721227.0801243898
2026-03-27 05:00:00+00:00,0.17415,0.17526,0.1739,0.17402,848121.32719243
2026-03-27 06:00:00+00:00,0.174006,0.17499,0.17355,0.173914,756907.7519560099
2026-03-27 07:00:00+00:00,0.17394,0.17509,0.173524,0.174174,1018574.94005103
2026-03-27 08:00:00+00:00,0.1742,0.174532,0.171773,0.172816,898627.7337148497
2026-03-27 09:00:00+00:00,0.172788,0.173066,0.171109,0.17165,1326952.8161852623
2026-03-27 10:00:00+00:00,0.171649,0.171803,0.168504,0.16873,3823659.402429272
2026-03-27 11:00:00+00:00,0.168792,0.169389,0.168272,0.16885,1802523.67771181
2026-03-27 12:00:00+00:00,0.168858,0.169643,0.16835,0.169497,3116988.5563006583
2026-03-27 13:00:00+00:00,0.16949,0.170267,0.168512,0.16902,1628780.3217924205
2026-03-27 14:00:00+00:00,0.16902,0.169917,0.167678,0.16806,2703530.285097593
2026-03-27 15:00:00+00:00,0.16814,0.170076,0.16758,0.16864,2909540.4588506813
2026-03-27 16:00:00+00:00,0.1687,0.169391,0.168234,0.168637,1735676.8558789503
2026-03-27 17:00:00+00:00,0.16864,0.169603,0.16781,0.168169,1196034.64882416
2026-03-27 18:00:00+00:00,0.168148,0.168439,0.167144,0.16721,944439.79137714
2026-03-27 19:00:00+00:00,0.16735,0.16837,0.166767,0.168031,1551731.8614163403
2026-03-27 20:00:00+00:00,0.168079,0.16833,0.167087,0.16768,1606406.0699796302
2026-03-27 21:00:00+00:00,0.16769,0.168572,0.167439,0.16753,1565632.227343251
2026-03-27 22:00:00+00:00,0.16753,0.16776,0.166974,0.16724,863794.3217604897
2026-03-27 23:00:00+00:00,0.167227,0.167515,0.166666,0.167223,1660539.66881429
2026-03-28 00:00:00+00:00,0.167204,0.16721,0.16597,0.16603,1451247.3136269096
2026-03-28 01:00:00+00:00,0.166021,0.166253,0.165101,0.1658,1328906.2235941794
2026-03-28 02:00:00+00:00,0.165816,0.16643,0.1651,0.16553,504874.9784325101
2026-03-28 03:00:00+00:00,0.16553,0.165664,0.165,0.1651,1563143.322340269
2026-03-28 04:00:00+00:00,0.16512,0.16532,0.164607,0.16469,752208.4641227099
2026-03-28 05:00:00+00:00,0.164724,0.165749,0.164343,0.16573,707398.0878487101
2026-03-28 06:00:00+00:00,0.165729,0.16613,0.16539,0.165813,608743.4922344498
2026-03-28 07:00:00+00:00,0.165777,0.166467,0.164954,0.166418,940538.74143298
2026-03-28 08:00:00+00:00,0.16646,0.166529,0.165996,0.166049,339162.59472403
2026-03-28 09:00:00+00:00,0.166059,0.16639,0.165556,0.166218,348175.8822786499
2026-03-28 10:00:00+00:00,0.166202,0.167162,0.165332,0.165718,871248.8956041196
2026-03-28 11:00:00+00:00,0.16567,0.16689,0.16567,0.166828,616093.4774305298
2026-03-28 12:00:00+00:00,0.166819,0.16693,0.165926,0.166416,839633.8599545099
2026-03-28 13:00:00+00:00,0.166303,0.169067,0.165988,0.16882,2935062.5351014347
2026-03-28 14:00:00+00:00,0.16871,0.169797,0.168277,0.169301,1759482.3675263417
2026-03-28 15:00:00+00:00,0.169251,0.170951,0.169137,0.169809,3248735.309100861
2026-03-28 16:00:00+00:00,0.16981,0.17155,0.169639,0.171186,948913.0122855802
2026-03-28 17:00:00+00:00,0.17116,0.171886,0.170521,0.170921,1429563.7539681196
2026-03-28 18:00:00+00:00,0.170921,0.17105,0.170183,0.17053,1119125.40765578
2026-03-28 19:00:00+00:00,0.17053,0.17074,0.169702,0.17043,745466.03405812
2026-03-28 20:00:00+00:00,0.17045,0.17165,0.170389,0.171131,997674.9887581504
2026-03-28 21:00:00+00:00,0.171099,0.17149,0.1697,0.169855,861236.1780973101
2026-03-28 22:00:00+00:00,0.16987,0.169986,0.169174,0.169748,868618.9883353104
2026-03-28 23:00:00+00:00,0.1697,0.16989,0.167557,0.167794,2110779.9124938915
2026-03-29 00:00:00+00:00,0.167864,0.168284,0.16724,0.167567,1289500.5425162406
2026-03-29 01:00:00+00:00,0.167586,0.168354,0.167318,0.167758,659896.1538548301
2026-03-29 02:00:00+00:00,0.16776,0.168238,0.167528,0.16799,612527.2858826099
2026-03-29 03:00:00+00:00,0.167947,0.16932,0.167734,0.169131,1173072.56068109
2026-03-29 04:00:00+00:00,0.16912,0.169145,0.168488,0.168739,895839.8681389203
2026-03-29 05:00:00+00:00,0.168711,0.168808,0.167743,0.1682,981301.5068707503
2026-03-29 06:00:00+00:00,0.16818,0.16907,0.16775,0.16872,312388.11847065
2026-03-29 07:00:00+00:00,0.168736,0.168736,0.167683,0.168072,400752.93526531
2026-03-29 08:00:00+00:00,0.168048,0.168434,0.167664,0.168133,402192.16838221
2026-03-29 09:00:00+00:00,0.168121,0.168255,0.167452,0.167729,612056.0839717998
2026-03-29 10:00:00+00:00,0.167715,0.167715,0.166731,0.166801,881131.4922024499
2026-03-29 11:00:00+00:00,0.166841,0.168184,0.1668,0.16709,762991.7798799899
2026-03-29 12:00:00+00:00,0.16713,0.167191,0.16648,0.166847,941903.4749215397
2026-03-29 13:00:00+00:00,0.166936,0.166936,0.16546,0.165588,675464.0975111695
2026-03-29 14:00:00+00:00,0.16561,0.166492,0.165217,0.16576,2201790.2141650137
2026-03-29 15:00:00+00:00,0.16569,0.166274,0.164891,0.16544,1612898.0696395698
2026-03-29 16:00:00+00:00,0.165408,0.165599,0.164524,0.16462,881185.7625739103
2026-03-29 17:00:00+00:00,0.16462,0.165145,0.164067,0.16456,903194.9941272998
2026-03-29 18:00:00+00:00,0.164575,0.16494,0.164091,0.16476,767573.53058379
2026-03-29 19:00:00+00:00,0.164691,0.1647,0.163732,0.164045,656168.4722481599
2026-03-29 20:00:00+00:00,0.16399,0.165379,0.163909,0.1647,1096146.0347072098
2026-03-29 21:00:00+00:00,0.1647,0.165407,0.164471,0.165078,736890.6448617501
2026-03-29 22:00:00+00:00,0.165,0.165066,0.16105,0.16362,5223644.521289986
2026-03-29 23:00:00+00:00,0.163693,0.16504,0.163527,0.164373,2407752.186740561
