Datetime,Open,High,Low,Close,Volume
2025-12-21 20:00:00+00:00,1.9176,1.92,1.9112,1.9117,1408964.47444624
2025-12-21 21:00:00+00:00,1.9117,1.9206,1.9067,1.907,1325095.9607887992
2025-12-21 22:00:00+00:00,1.90709,1.92,1.9054,1.9172,1652385.6474207705
2025-12-21 23:00:00+00:00,1.9172,1.9287,1.9172,1.9215,3673721.132353919
2025-12-22 00:00:00+00:00,1.92147,1.9517,1.9214,1.9257,8603034.34271462
2025-12-22 01:00:00+00:00,1.9255,1.939,1.9191,1.9195,4905000.909103629
2025-12-22 02:00:00+00:00,1.9195,1.9232,1.90263,1.9187,3204205.5689167767
2025-12-22 03:00:00+00:00,1.91888,1.9276,1.9125,1.9195,1361301.9545667006
2025-12-22 04:00:00+00:00,1.91954,1.9276,1.9175,1.9242,1375229.3493004695
2025-12-22 05:00:00+00:00,1.92417,1.9299,1.91757,1.9194,1737971.2393371598
2025-12-22 06:00:00+00:00,1.9194,1.9231,1.9129,1.9173,1888872.0861717104
2025-12-22 07:00:00+00:00,1.9171,1.9307,1.9161,1.9264,1337438.60289012
2025-12-22 08:00:00+00:00,1.9264,1.9347,1.9163,1.91676,2386727.548229452
2025-12-22 09:00:00+00:00,1.91676,1.9248,1.9141,1.9233,1713987.78146965
2025-12-22 10:00:00+00:00,1.92174,1.9306,1.9164,1.9253,2731241.466866149
2025-12-22 11:00:00+00:00,1.92536,1.9379,1.9232,1.93408,2441991.8973939107
2025-12-22 12:00:00+00:00,1.9339,1.9474,1.9311,1.9352,3351359.8745974083
2025-12-22 13:00:00+00:00,1.93554,1.9387,1.9266,1.9331,2717812.56791788
2025-12-22 14:00:00+00:00,1.9331,1.9431,1.924,1.9397,4926363.1004502615
2025-12-22 15:00:00+00:00,1.9397,1.9491,1.9166,1.9334,6858026.142399622
2025-12-22 16:00:00+00:00,1.9335,1.944,1.9323,1.9386,4779714.708755871
2025-12-22 17:00:00+00:00,1.9385,1.9399,1.9213,1.9295,4572900.856136862
2025-12-22 18:00:00+00:00,1.9293,1.9389,1.923,1.9265,3568941.3603973207
2025-12-22 19:00:00+00:00,1.9263,1.9282,1.9007,1.90132,6392189.457563022
2025-12-22 20:00:00+00:00,1.9013,1.9076,1.8902,1.8965,8121425.124315661
2025-12-22 21:00:00+00:00,1.8958,1.9048,1.8921,1.8978,4396248.109089191
2025-12-22 22:00:00+00:00,1.8958,1.9102,1.8912,1.90777,3729618.8383344607
2025-12-22 23:00:00+00:00,1.90777,1.9096,1.8997,1.90333,2822048.174355129
2025-12-23 00:00:00+00:00,1.9032,1.9109,1.8985,1.903,2634419.8198781395
2025-12-23 01:00:00+00:00,1.903,1.9101,1.8954,1.8968,2779148.9343985706
2025-12-23 02:00:00+00:00,1.89732,1.9076,1.8902,1.893,2148009.3389330995
2025-12-23 03:00:00+00:00,1.89301,1.8964,1.8829,1.8916,2549965.202250991
2025-12-23 04:00:00+00:00,1.8916,1.8982,1.8872,1.8875,1528105.6748463905
2025-12-23 05:00:00+00:00,1.8875,1.8916,1.8774,1.8815,2627643.8560672905
2025-12-23 06:00:00+00:00,1.88132,1.8874,1.8724,1.88088,2414020.14891801
2025-12-23 07:00:00+00:00,1.88088,1.8882,1.87692,1.8797,2069935.2441504705
2025-12-23 08:00:00+00:00,1.8799,1.8837,1.8744,1.8767,1303687.2690767103
2025-12-23 09:00:00+00:00,1.8767,1.8887,1.8764,1.8848,1528885.2915480598
2025-12-23 10:00:00+00:00,1.88499,1.9017,1.8836,1.8976,1679029.80083668
2025-12-23 11:00:00+00:00,1.89766,1.9073,1.8973,1.904,2647801.3296751096
2025-12-23 12:00:00+00:00,1.904,1.9065,1.8955,1.8984,2155623.8443170204
2025-12-23 13:00:00+00:00,1.89862,1.9027,1.875,1.8777,3764379.02677532
2025-12-23 14:00:00+00:00,1.8779,1.8878,1.8629,1.8722,7937632.552298923
2025-12-23 15:00:00+00:00,1.8719,1.8931,1.8689,1.8805,6920710.2337573785
2025-12-23 16:00:00+00:00,1.8803,1.8941,1.8769,1.8901,4565320.050337461
2025-12-23 17:00:00+00:00,1.89022,1.8933,1.8674,1.8681,2937341.47647152
2025-12-23 18:00:00+00:00,1.8681,1.8848,1.8663,1.8812,4212078.149718471
2025-12-23 19:00:00+00:00,1.88102,1.8877,1.8772,1.8813,2510701.53178066
2025-12-23 20:00:00+00:00,1.8816,1.8951,1.8769,1.8801,3452335.4846641
2025-12-23 21:00:00+00:00,1.8801,1.8854,1.8744,1.8803,2863898.13587133
2025-12-23 22:00:00+00:00,1.88082,1.8843,1.8737,1.88,2356398.7873476897
2025-12-23 23:00:00+00:00,1.8781,1.8796,1.871,1.8719,2568838.97457312
2025-12-24 00:00:00+00:00,1.872,1.8777,1.8676,1.8718,2529055.781279919
2025-12-24 01:00:00+00:00,1.872,1.8787,1.8685,1.8692,2314850.6261225096
2025-12-24 02:00:00+00:00,1.869,1.8709,1.8497,1.8535,4314647.808851419
2025-12-24 03:00:00+00:00,1.85356,1.8643,1.8433,1.8606,3404328.8175733304
2025-12-24 04:00:00+00:00,1.86057,1.8682,1.8524,1.854,1782873.6790463694
2025-12-24 05:00:00+00:00,1.854,1.8575,1.842,1.8458,2876360.369637579
2025-12-24 06:00:00+00:00,1.84585,1.8539,1.8355,1.8509,2680109.26544
2025-12-24 07:00:00+00:00,1.85096,1.8622,1.8494,1.8534,2194685.073607389
2025-12-24 08:00:00+00:00,1.8534,1.8632,1.8498,1.85176,1457801.2541154
2025-12-24 09:00:00+00:00,1.8518,1.8595,1.8517,1.855,969702.5948696204
2025-12-24 10:00:00+00:00,1.8531,1.8706,1.85252,1.8647,1343932.2207322698
2025-12-24 11:00:00+00:00,1.86477,1.8758,1.86477,1.86805,1541165.91847975
2025-12-24 12:00:00+00:00,1.868,1.8738,1.8621,1.87098,1640294.19679757
2025-12-24 13:00:00+00:00,1.87098,1.8731,1.8625,1.8691,1953139.24923004
2025-12-24 14:00:00+00:00,1.8691,1.8786,1.8505,1.8578,5920766.980431334
2025-12-24 15:00:00+00:00,1.8578,1.8707,1.8515,1.8624,3737753.672044269
2025-12-24 16:00:00+00:00,1.8624,1.8718,1.8547,1.8603,3256117.6534168823
2025-12-24 17:00:00+00:00,1.86071,1.8701,1.8495,1.8503,3856406.661778191
2025-12-24 18:00:00+00:00,1.8498,1.8596,1.8474,1.8551,2472091.1066920594
2025-12-24 19:00:00+00:00,1.85501,1.8634,1.8519,1.8605,2443494.38451329
2025-12-24 20:00:00+00:00,1.8605,1.8701,1.8602,1.8633,2798504.864164398
2025-12-24 21:00:00+00:00,1.863,1.867,1.8607,1.86272,1982738.955315091
2025-12-24 22:00:00+00:00,1.86272,1.8709,1.8583,1.8682,2835242.34622761
2025-12-24 23:00:00+00:00,1.868,1.8708,1.86,1.8613,1589764.0528272898
2025-12-25 00:00:00+00:00,1.861,1.8661,1.8555,1.8563,1447606.32969131
2025-12-25 01:00:00+00:00,1.8563,1.8672,1.855,1.8644,1566085.74594063
2025-12-25 02:00:00+00:00,1.8645,1.8736,1.8617,1.8698,1331298.97771014
2025-12-25 03:00:00+00:00,1.86976,1.8752,1.8656,1.869,1865265.35484165
2025-12-25 04:00:00+00:00,1.8706,1.8763,1.8677,1.872,1156022.49252467
2025-12-25 05:00:00+00:00,1.8719,1.8745,1.8673,1.8678,982749.7322982402
2025-12-25 06:00:00+00:00,1.8679,1.8773,1.8651,1.8746,1260969.8483788397
2025-12-25 07:00:00+00:00,1.8746,1.8767,1.8711,1.8734,1130676.7150064297
2025-12-25 08:00:00+00:00,1.87341,1.8817,1.8644,1.8727,2297163.18587352
2025-12-25 09:00:00+00:00,1.87269,1.8752,1.86551,1.8708,1095694.52115431
2025-12-25 10:00:00+00:00,1.8708,1.8722,1.8523,1.8583,2109895.81145363
2025-12-25 11:00:00+00:00,1.8566,1.8653,1.8555,1.8582,1782212.5695255494
2025-12-25 12:00:00+00:00,1.8582,1.8659,1.8543,1.8642,1158775.02166077
2025-12-25 13:00:00+00:00,1.86398,1.8712,1.8615,1.86762,2582497.6820561592
2025-12-25 14:00:00+00:00,1.86762,1.8709,1.8637,1.869,1441648.4365232398
2025-12-25 15:00:00+00:00,1.869,1.8898,1.8647,1.8819,5640877.128373774
2025-12-25 16:00:00+00:00,1.8832,1.8841,1.8679,1.8703,2713682.713506391
2025-12-25 17:00:00+00:00,1.87032,1.8727,1.86377,1.86957,1701955.66017774
2025-12-25 18:00:00+00:00,1.8713,1.8761,1.8683,1.8726,1468036.0651902508
2025-12-25 19:00:00+00:00,1.87256,1.8744,1.86939,1.8723,905751.16994695
2025-12-25 20:00:00+00:00,1.87215,1.8741,1.86342,1.8678,1120397.75255312
2025-12-25 21:00:00+00:00,1.8677,1.8702,1.8634,1.8644,1281130.4288923698
2025-12-25 22:00:00+00:00,1.86437,1.8664,1.83897,1.8449,6793351.14992511
2025-12-25 23:00:00+00:00,1.8447,1.852,1.8277,1.8316,6411766.746176172
2025-12-26 00:00:00+00:00,1.83162,1.8377,1.8233,1.8311,4424652.19318093
2025-12-26 01:00:00+00:00,1.8311,1.8406,1.8286,1.8353,2342901.52508249
2025-12-26 02:00:00+00:00,1.8353,1.8804,1.83198,1.86815,10012399.24416763
2025-12-26 03:00:00+00:00,1.86814,1.8736,1.8552,1.8632,4171395.760534858
2025-12-26 04:00:00+00:00,1.8645,1.8709,1.8532,1.8645,1601280.0704998898
2025-12-26 05:00:00+00:00,1.8646,1.8728,1.86228,1.8679,1210992.8803122398
2025-12-26 06:00:00+00:00,1.86814,1.8792,1.8678,1.8734,3262805.5560910604
2025-12-26 07:00:00+00:00,1.8735,1.8831,1.8607,1.863,3911206.760953809
2025-12-26 08:00:00+00:00,1.8627,1.8712,1.8614,1.8658,1323074.8173656005
2025-12-26 09:00:00+00:00,1.8658,1.8781,1.8656,1.8756,1195692.1400197
2025-12-26 10:00:00+00:00,1.8756,1.8811,1.8714,1.8776,1685810.3873358504
2025-12-26 11:00:00+00:00,1.87727,1.8786,1.8696,1.8703,1076651.8879752802
2025-12-26 12:00:00+00:00,1.87035,1.8742,1.86895,1.8712,986058.5104033198
2025-12-26 13:00:00+00:00,1.87112,1.8799,1.8676,1.87671,2893704.1942555
2025-12-26 14:00:00+00:00,1.87671,1.8784,1.8409,1.8429,7740409.311310438
2025-12-26 15:00:00+00:00,1.8429,1.8442,1.8255,1.8392,18513562.38507847
2025-12-26 16:00:00+00:00,1.837,1.8484,1.8323,1.83335,5244725.53395619
2025-12-26 17:00:00+00:00,1.83373,1.8514,1.8333,1.84266,3343131.293502511
2025-12-26 18:00:00+00:00,1.8423,1.8498,1.8391,1.8441,2210399.06857545
2025-12-26 19:00:00+00:00,1.84408,1.8528,1.8401,1.8444,2154978.4666719604
2025-12-26 20:00:00+00:00,1.84457,1.8625,1.8435,1.8533,3648287.308339981
2025-12-26 21:00:00+00:00,1.8532,1.8597,1.8447,1.8495,2961004.5811741794
2025-12-26 22:00:00+00:00,1.8456,1.8521,1.8412,1.8461,2432660.7731285905
2025-12-26 23:00:00+00:00,1.84639,1.8515,1.8405,1.84233,2215633.76167818
2025-12-27 00:00:00+00:00,1.842,1.8479,1.8401,1.844,1872177.24095938
2025-12-27 01:00:00+00:00,1.8439,1.85,1.8414,1.8456,1568084.7445275895
2025-12-27 02:00:00+00:00,1.84578,1.8545,1.8439,1.8479,2347526.426257501
2025-12-27 03:00:00+00:00,1.84804,1.8555,1.8452,1.8531,1507489.34044506
2025-12-27 04:00:00+00:00,1.8503,1.8545,1.8458,1.8472,1171949.8875710904
2025-12-27 05:00:00+00:00,1.8473,1.8512,1.84527,1.8487,579185.1362674
2025-12-27 06:00:00+00:00,1.84861,1.8513,1.84585,1.8467,582708.8556792801
2025-12-27 07:00:00+00:00,1.84681,1.854,1.84629,1.8467,513083.1267176399
2025-12-27 08:00:00+00:00,1.8465,1.8528,1.84648,1.8492,634789.16420114
2025-12-27 09:00:00+00:00,1.8491,1.8575,1.8488,1.8527,912801.6857265796
2025-12-27 10:00:00+00:00,1.85,1.8545,1.8437,1.8477,779985.2244273202
2025-12-27 11:00:00+00:00,1.84778,1.8542,1.84591,1.85035,519826.33340506005
2025-12-27 12:00:00+00:00,1.8533,1.855,1.84901,1.85,557740.8214253098
2025-12-27 13:00:00+00:00,1.84998,1.8535,1.8434,1.8448,1019413.88431276
2025-12-27 14:00:00+00:00,1.8448,1.8519,1.84213,1.8486,1305284.5935783798
2025-12-27 15:00:00+00:00,1.8486,1.8542,1.8459,1.8485,1221941.41867919
2025-12-27 16:00:00+00:00,1.852,1.8526,1.8422,1.8438,1337383.2646539102
2025-12-27 17:00:00+00:00,1.84391,1.8539,1.8422,1.8482,3516468.98019099
2025-12-27 18:00:00+00:00,1.84843,1.856,1.84806,1.8491,1901642.8856908693
2025-12-27 19:00:00+00:00,1.84889,1.8595,1.8467,1.8545,1825773.3729722209
2025-12-27 20:00:00+00:00,1.8546,1.8617,1.8516,1.8543,2101894.807148481
2025-12-27 21:00:00+00:00,1.8543,1.8651,1.8542,1.8609,1448872.6962964402
2025-12-27 22:00:00+00:00,1.86104,1.8765,1.8597,1.8608,5817344.820711077
2025-12-27 23:00:00+00:00,1.86112,1.8809,1.86066,1.872,2697173.1903076777
2025-12-28 00:00:00+00:00,1.872,1.8783,1.8675,1.8701,2643433.0683017406
2025-12-28 01:00:00+00:00,1.8735,1.877,1.867,1.8694,1249271.91028312
2025-12-28 02:00:00+00:00,1.8693,1.8798,1.8682,1.8713,1103916.79988459
2025-12-28 03:00:00+00:00,1.87156,1.8768,1.8699,1.8731,1221081.8673635398
2025-12-28 04:00:00+00:00,1.87299,1.8792,1.8717,1.8733,1506837.7971513595
2025-12-28 05:00:00+00:00,1.8732,1.8785,1.8708,1.8714,1039738.1824940298
2025-12-28 06:00:00+00:00,1.87163,1.881,1.8707,1.876,1467419.6845314002
2025-12-28 07:00:00+00:00,1.87577,1.8809,1.8714,1.8718,1162673.66299996
2025-12-28 08:00:00+00:00,1.8755,1.8781,1.8669,1.8673,985411.59424578
2025-12-28 09:00:00+00:00,1.86744,1.8707,1.8609,1.8635,1102394.3216795202
2025-12-28 10:00:00+00:00,1.8635,1.8734,1.8632,1.8699,652816.1229547799
2025-12-28 11:00:00+00:00,1.86926,1.8755,1.8678,1.8708,465527.76962421
2025-12-28 12:00:00+00:00,1.8738,1.8744,1.8642,1.86504,626704.1326650799
2025-12-28 13:00:00+00:00,1.86507,1.872,1.8639,1.8657,893852.7179241001
2025-12-28 14:00:00+00:00,1.8657,1.8776,1.86539,1.8698,1202155.8367414805
2025-12-28 15:00:00+00:00,1.8697,1.877,1.8673,1.8687,1214633.77852958
2025-12-28 16:00:00+00:00,1.8686,1.8747,1.8645,1.8653,1407356.65663237
2025-12-28 17:00:00+00:00,1.86526,1.8734,1.86484,1.867,964121.8278140498
2025-12-28 18:00:00+00:00,1.86687,1.8707,1.852,1.8556,4513860.8975910125
2025-12-28 19:00:00+00:00,1.85557,1.8618,1.8523,1.85623,1966046.4978150693
2025-12-28 20:00:00+00:00,1.856,1.8641,1.8528,1.8569,1560216.2195092908
2025-12-28 21:00:00+00:00,1.8568,1.8639,1.854,1.86111,1978024.20455814
2025-12-28 22:00:00+00:00,1.86111,1.8725,1.8581,1.86753,1327243.40573526
2025-12-28 23:00:00+00:00,1.86746,1.8722,1.8578,1.8673,2178059.3716119803
2025-12-29 00:00:00+00:00,1.86417,1.879,1.8611,1.8745,4255935.159854662
2025-12-29 01:00:00+00:00,1.8746,1.8873,1.8625,1.8804,3657529.697120309
2025-12-29 02:00:00+00:00,1.8805,1.8978,1.8804,1.8926,6852726.811607336
2025-12-29 03:00:00+00:00,1.8927,1.9175,1.8893,1.915,8007455.604616697
2025-12-29 04:00:00+00:00,1.91322,1.9181,1.9079,1.9139,3194589.03072448
2025-12-29 05:00:00+00:00,1.91242,1.9148,1.8999,1.9004,3714778.78655874
2025-12-29 06:00:00+00:00,1.9003,1.9082,1.8938,1.8997,3616224.82275512
2025-12-29 07:00:00+00:00,1.8998,1.9041,1.8901,1.89858,2195263.42418928
2025-12-29 08:00:00+00:00,1.8988,1.9052,1.89401,1.8966,1989531.5779050696
2025-12-29 09:00:00+00:00,1.89654,1.8996,1.8637,1.8768,6364532.290193422
2025-12-29 10:00:00+00:00,1.87397,1.8833,1.871,1.8738,1645732.2052175002
2025-12-29 11:00:00+00:00,1.8738,1.8778,1.86911,1.8695,1220360.83713926
2025-12-29 12:00:00+00:00,1.8695,1.8747,1.8532,1.8651,4054368.238290378
2025-12-29 13:00:00+00:00,1.86503,1.8717,1.8554,1.8614,3589011.282846859
2025-12-29 14:00:00+00:00,1.8613,1.8797,1.8568,1.8649,4665883.616258542
2025-12-29 15:00:00+00:00,1.8648,1.8748,1.8607,1.8636,6997372.398448853
2025-12-29 16:00:00+00:00,1.8631,1.8693,1.8565,1.8601,3817135.537927159
2025-12-29 17:00:00+00:00,1.86047,1.8664,1.8568,1.8636,2887475.323065671
2025-12-29 18:00:00+00:00,1.8635,1.8681,1.8523,1.8531,2728641.10491869
2025-12-29 19:00:00+00:00,1.85321,1.8601,1.84724,1.8513,4508479.929078019
2025-12-29 20:00:00+00:00,1.8512,1.8573,1.8422,1.8469,6400613.74844015
2025-12-29 21:00:00+00:00,1.8473,1.8541,1.846,1.8518,3767845.233807031
2025-12-29 22:00:00+00:00,1.85174,1.8557,1.8433,1.8503,3991971.269226202
2025-12-29 23:00:00+00:00,1.85013,1.8536,1.8455,1.84863,3208422.905556469
2025-12-30 00:00:00+00:00,1.8487,1.8549,1.8447,1.8517,3277152.9739831206
2025-12-30 01:00:00+00:00,1.8493,1.8516,1.8428,1.8457,2737484.6180896205
2025-12-30 02:00:00+00:00,1.8457,1.8522,1.8417,1.8498,4081155.827532652
2025-12-30 03:00:00+00:00,1.84975,1.8632,1.8463,1.8588,5525062.424487083
2025-12-30 04:00:00+00:00,1.85897,1.8636,1.855,1.85877,2752503.01565177
2025-12-30 05:00:00+00:00,1.8587,1.8627,1.8525,1.8565,2998509.6016865303
2025-12-30 06:00:00+00:00,1.8565,1.8671,1.8559,1.8598,3180392.9786322094
2025-12-30 07:00:00+00:00,1.8598,1.8646,1.8542,1.86,2140648.41753118
2025-12-30 08:00:00+00:00,1.8584,1.8714,1.8575,1.8649,2307108.3389288294
2025-12-30 09:00:00+00:00,1.86486,1.8712,1.86226,1.8668,1285352.1400205705
2025-12-30 10:00:00+00:00,1.8668,1.8698,1.8593,1.8595,1089369.2359862605
2025-12-30 11:00:00+00:00,1.85973,1.8641,1.85764,1.8601,1289686.1977376903
2025-12-30 12:00:00+00:00,1.8601,1.868,1.8595,1.8616,2020395.19415404
2025-12-30 13:00:00+00:00,1.86152,1.8649,1.8579,1.8615,2055940.4968759203
2025-12-30 14:00:00+00:00,1.8616,1.8761,1.852,1.8711,4854146.994255571
2025-12-30 15:00:00+00:00,1.871,1.8798,1.8625,1.8763,3664954.859533031
2025-12-30 16:00:00+00:00,1.8763,1.8826,1.86788,1.8788,4232308.0447083805
2025-12-30 17:00:00+00:00,1.8766,1.887,1.8702,1.873,5289682.874110541
2025-12-30 18:00:00+00:00,1.8729,1.8844,1.87174,1.8772,5163833.90431763
2025-12-30 19:00:00+00:00,1.87709,1.8811,1.8691,1.87471,3911096.95328406
2025-12-30 20:00:00+00:00,1.8769,1.8772,1.8642,1.8674,5878697.690215151
2025-12-30 21:00:00+00:00,1.8671,1.8744,1.8658,1.8715,2710472.3618661906
2025-12-30 22:00:00+00:00,1.87084,1.8793,1.86931,1.8727,2091207.6563497093
2025-12-30 23:00:00+00:00,1.86986,1.8793,1.8689,1.8755,2396511.9294219897
2025-12-31 00:00:00+00:00,1.8754,1.8784,1.8696,1.87175,2576717.3334782696
2025-12-31 01:00:00+00:00,1.87175,1.8849,1.8679,1.8771,4398857.149427981
2025-12-31 02:00:00+00:00,1.8771,1.8807,1.874,1.87704,2438654.629735989
2025-12-31 03:00:00+00:00,1.87704,1.8805,1.867,1.8698,3169589.2229276006
2025-12-31 04:00:00+00:00,1.86968,1.8734,1.865,1.8661,2247862.5032104896
2025-12-31 05:00:00+00:00,1.8695,1.8737,1.8659,1.8699,1924116.39135693
2025-12-31 06:00:00+00:00,1.86977,1.8768,1.8678,1.8709,1219083.4445395395
2025-12-31 07:00:00+00:00,1.87113,1.8738,1.8664,1.8706,1306702.66758573
2025-12-31 08:00:00+00:00,1.8705,1.8758,1.8632,1.86477,1474727.88390812
2025-12-31 09:00:00+00:00,1.86501,1.8727,1.86501,1.86857,681366.84362093
2025-12-31 10:00:00+00:00,1.8686,1.8745,1.8671,1.8699,1008866.2378419096
2025-12-31 11:00:00+00:00,1.86982,1.8823,1.86953,1.87718,2952494.225579481
2025-12-31 12:00:00+00:00,1.8765,1.8795,1.8708,1.8739,1305828.6429923
2025-12-31 13:00:00+00:00,1.8739,1.879,1.8701,1.8737,3896124.8068773104
2025-12-31 14:00:00+00:00,1.87369,1.8837,1.8615,1.8644,6560138.625223341
2025-12-31 15:00:00+00:00,1.8642,1.869,1.8507,1.8569,4905926.341545188
2025-12-31 16:00:00+00:00,1.857,1.8616,1.83887,1.84198,8731490.719824316
2025-12-31 17:00:00+00:00,1.84196,1.8466,1.831,1.83229,6444860.638992064
2025-12-31 18:00:00+00:00,1.832,1.843,1.829,1.832,4793149.84550761
2025-12-31 19:00:00+00:00,1.832,1.8404,1.8218,1.8259,6182349.68456577
2025-12-31 20:00:00+00:00,1.8259,1.8347,1.8091,1.8274,9806635.339384794
2025-12-31 21:00:00+00:00,1.8272,1.8457,1.8243,1.8431,4244164.57668158
2025-12-31 22:00:00+00:00,1.83884,1.8492,1.8343,1.8385,5560283.005865029
2025-12-31 23:00:00+00:00,1.8381,1.8458,1.8358,1.83915,3994231.074563632
2026-01-01 00:00:00+00:00,1.8392,1.851,1.8371,1.842,4588519.3097679615
2026-01-01 01:00:00+00:00,1.84234,1.8489,1.8361,1.8428,3998254.77986162
2026-01-01 02:00:00+00:00,1.8383,1.8443,1.8355,1.8365,2730362.6487658503
2026-01-01 03:00:00+00:00,1.83701,1.8426,1.83,1.831,2916542.2679385003
2026-01-01 04:00:00+00:00,1.83145,1.8352,1.8226,1.82761,4846025.885048028
2026-01-01 05:00:00+00:00,1.8277,1.8568,1.8274,1.8418,6278965.048415653
2026-01-01 06:00:00+00:00,1.84192,1.8488,1.8412,1.8425,1845118.9146072995
2026-01-01 07:00:00+00:00,1.8426,1.8479,1.838,1.8392,1160251.1125288296
2026-01-01 08:00:00+00:00,1.8391,1.852,1.83867,1.8473,877049.0354125102
2026-01-01 09:00:00+00:00,1.84703,1.8557,1.84622,1.8495,1731014.660167449
2026-01-01 10:00:00+00:00,1.8532,1.8558,1.84832,1.85051,446403.27662792
2026-01-01 11:00:00+00:00,1.85027,1.8577,1.84693,1.8521,194720.30739721007
2026-01-01 12:00:00+00:00,1.8521,1.8573,1.84857,1.8534,187329.33500907008
2026-01-01 13:00:00+00:00,1.84979,1.8601,1.84926,1.859,1745622.88533659
2026-01-01 14:00:00+00:00,1.85589,1.8611,1.85002,1.85364,200958.44808365
2026-01-01 15:00:00+00:00,1.85364,1.8685,1.84937,1.85976,2154270.437821601
2026-01-01 16:00:00+00:00,1.85976,1.8656,1.85364,1.8652,970394.22539112
2026-01-01 17:00:00+00:00,1.86204,1.8773,1.86195,1.86614,453445.13983395
2026-01-01 18:00:00+00:00,1.86614,1.8723,1.86277,1.86645,457613.79142843
2026-01-01 19:00:00+00:00,1.86645,1.875,1.86484,1.875,269932.76353176
2026-01-01 20:00:00+00:00,1.8751,1.8772,1.86529,1.86903,743140.4590575498
2026-01-01 21:00:00+00:00,1.86903,1.8736,1.86489,1.86848,221673.43019540003
2026-01-01 22:00:00+00:00,1.86848,1.8768,1.8659,1.8768,554420.38536975
2026-01-01 23:00:00+00:00,1.8769,1.8817,1.86964,1.8769,491980.4171749602
2026-01-02 00:00:00+00:00,1.8769,1.8829,1.87226,1.87585,2199354.75881746
2026-01-02 01:00:00+00:00,1.87675,1.881,1.86924,1.8701,1690811.3358593103
2026-01-02 02:00:00+00:00,1.87,1.8781,1.8665,1.8749,1336436.30330981
2026-01-02 03:00:00+00:00,1.87488,1.8927,1.8729,1.8864,4163858.0996141895
2026-01-02 04:00:00+00:00,1.88634,1.8906,1.8734,1.8743,2479233.53502625
2026-01-02 05:00:00+00:00,1.8746,1.8774,1.8695,1.8735,1960334.5050923307
2026-01-02 06:00:00+00:00,1.87356,1.8818,1.8724,1.875,1570112.9291865595
2026-01-02 07:00:00+00:00,1.875,1.8787,1.8683,1.8695,971196.6887138204
2026-01-02 08:00:00+00:00,1.8694,1.881,1.86887,1.878,1025559.4078614998
2026-01-02 09:00:00+00:00,1.8778,1.9011,1.87601,1.8973,2764587.6910459897
2026-01-02 10:00:00+00:00,1.8947,1.9095,1.89446,1.8951,2644334.93127447
2026-01-02 11:00:00+00:00,1.895,1.8978,1.885,1.8891,2913280.31094247
2026-01-02 12:00:00+00:00,1.88908,1.9024,1.8875,1.8972,2938815.07562189
2026-01-02 13:00:00+00:00,1.89738,1.9051,1.8938,1.8953,3231012.6079402613
2026-01-02 14:00:00+00:00,1.895,1.9225,1.8861,1.917,13465602.742734391
2026-01-02 15:00:00+00:00,1.9153,1.925,1.8968,1.9173,12955315.387471795
2026-01-02 16:00:00+00:00,1.9173,1.9639,1.91432,1.9618,18479588.65243889
2026-01-02 17:00:00+00:00,1.9619,1.9972,1.96133,1.9918,18420229.189501267
2026-01-02 18:00:00+00:00,1.9916,1.9983,1.968,1.97678,11975179.261645189
2026-01-02 19:00:00+00:00,1.977,1.9953,1.9715,1.99054,5948888.449866081
2026-01-02 20:00:00+00:00,1.9906,1.9974,1.9768,1.9784,7084781.452615107
2026-01-02 21:00:00+00:00,1.9783,2.0204,1.9782,2.01568,9888111.05517558
2026-01-02 22:00:00+00:00,2.01568,2.0312,2.0091,2.0147,9020917.590425452
2026-01-02 23:00:00+00:00,2.0147,2.0189,2.0038,2.0061,4800185.48374854
2026-01-03 00:00:00+00:00,2.0059,2.0392,2.0059,2.014,6559300.2329708105
2026-01-03 01:00:00+00:00,2.01378,2.0315,2.01084,2.0293,3811916.029924111
2026-01-03 02:00:00+00:00,2.02957,2.0305,2.0184,2.0242,2867764.579819649
2026-01-03 03:00:00+00:00,2.02419,2.1385,2.01856,2.0398,7037462.552211604
2026-01-03 04:00:00+00:00,2.0397,2.0559,2.0367,2.0481,9284058.924027173
2026-01-03 05:00:00+00:00,2.0482,2.0557,2.0273,2.0311,4052407.7110903095
2026-01-03 06:00:00+00:00,2.0307,2.0351,2.0069,2.0109,4261734.68430062
2026-01-03 07:00:00+00:00,2.0106,2.0153,1.9821,1.993,7997006.716810866
2026-01-03 08:00:00+00:00,1.9932,2.01,1.9909,2.007,2176861.51733301
2026-01-03 09:00:00+00:00,2.00679,2.0224,2.00482,2.01295,2532700.813375328
2026-01-03 10:00:00+00:00,2.0131,2.0147,2.0028,2.0049,2025285.7009011195
2026-01-03 11:00:00+00:00,2.00469,2.0056,1.9968,1.9985,1651660.3643686397
2026-01-03 12:00:00+00:00,1.9985,2.0053,1.99,2.0016,3141496.1549523585
2026-01-03 13:00:00+00:00,2.0011,2.0088,1.9991,2.00402,2535374.1438803617
2026-01-03 14:00:00+00:00,2.0039,2.0179,2.003,2.0099,2965949.668046689
2026-01-03 15:00:00+00:00,2.0101,2.0123,2.00402,2.0054,1800727.30337437
2026-01-03 16:00:00+00:00,2.00529,2.0104,1.9988,2.0014,3635664.976062158
2026-01-03 17:00:00+00:00,2.00137,2.0041,1.9932,2.0008,2478066.2116571395
2026-01-03 18:00:00+00:00,2.0007,2.01,1.99648,2.0087,3670477.74317884
2026-01-03 19:00:00+00:00,2.0087,2.0087,2.002,2.0064,3478219.074689669
2026-01-03 20:00:00+00:00,2.0066,2.00993,1.9979,2.0068,2622120.15945324
2026-01-03 21:00:00+00:00,2.0068,2.01471,2.00348,2.00845,2687153.0331797698
2026-01-03 22:00:00+00:00,2.00856,2.0164,2.0028,2.0136,1385446.9191229402
2026-01-03 23:00:00+00:00,2.01338,2.0182,2.0114,2.0176,1456960.8590850998
2026-01-04 00:00:00+00:00,2.0179,2.0479,2.0155,2.0416,1210258.48043388
2026-01-04 01:00:00+00:00,2.04203,2.0425,2.02564,2.0345,356231.4424673
2026-01-04 02:00:00+00:00,2.03459,2.03868,2.026,2.0298,1153355.8929181702
2026-01-04 03:00:00+00:00,2.02992,2.0606,2.02981,2.0566,1832724.4104784804
2026-01-04 04:00:00+00:00,2.0566,2.0678,2.0518,2.06029,1322191.00431363
2026-01-04 05:00:00+00:00,2.0596,2.07487,2.0543,2.06596,747595.5100548597
2026-01-04 06:00:00+00:00,2.06613,2.07207,2.0573,2.067,501741.4120139401
2026-01-04 07:00:00+00:00,2.06723,2.08,2.0612,2.0711,487565.8611389699
2026-01-04 08:00:00+00:00,2.0715,2.08323,2.0594,2.0768,739146.0250922702
2026-01-04 09:00:00+00:00,2.0764,2.0893,2.0663,2.0852,501583.83372316015
2026-01-04 10:00:00+00:00,2.0844,2.0911,2.07719,2.0903,566303.4341366099
2026-01-04 11:00:00+00:00,2.09023,2.096,2.0821,2.09433,377337.50940492
2026-01-04 12:00:00+00:00,2.0932,2.1191,2.0906,2.1169,1391607.9801622897
2026-01-04 13:00:00+00:00,2.1168,2.1168,2.09,2.10142,1002372.24325513
2026-01-04 14:00:00+00:00,2.1012,2.10611,2.0798,2.08938,1005395.16155064
2026-01-04 15:00:00+00:00,2.08938,2.096,2.08098,2.0891,1550634.0005266103
2026-01-04 16:00:00+00:00,2.0893,2.09291,2.0823,2.09051,958633.8769055898
2026-01-04 17:00:00+00:00,2.09051,2.10257,2.0887,2.09462,1093003.3830655804
2026-01-04 18:00:00+00:00,2.09512,2.09512,2.0725,2.08815,937865.24746361
2026-01-04 19:00:00+00:00,2.08815,2.08818,2.071,2.0833,1852719.98511317
2026-01-04 20:00:00+00:00,2.08352,2.09439,2.0799,2.0908,268937.7759663801
2026-01-04 21:00:00+00:00,2.09144,2.10168,2.0881,2.0955,1154110.64099909
2026-01-04 22:00:00+00:00,2.09586,2.09853,2.0777,2.08535,537430.9635191701
2026-01-04 23:00:00+00:00,2.0842,2.09666,2.082,2.09055,497786.72815329983
2026-01-05 00:00:00+00:00,2.09002,2.11519,2.0859,2.11177,4307262.82292136
2026-01-05 01:00:00+00:00,2.112,2.16507,2.1071,2.15568,3206814.324573129
2026-01-05 02:00:00+00:00,2.154,2.1605,2.1328,2.1408,1742158.25508742
2026-01-05 03:00:00+00:00,2.14301,2.15337,2.1341,2.14,911154.15376747
2026-01-05 04:00:00+00:00,2.1419,2.14501,2.116,2.12611,907588.55404786
2026-01-05 05:00:00+00:00,2.12611,2.13598,2.1194,2.12231,349200.38370456
2026-01-05 06:00:00+00:00,2.1202,2.12743,2.1074,2.12248,439032.91887706
2026-01-05 07:00:00+00:00,2.1226,2.13427,2.1212,2.131,317474.3599977299
2026-01-05 08:00:00+00:00,2.13296,2.1517,2.1288,2.13835,329282.65797860007
2026-01-05 09:00:00+00:00,2.1365,2.14642,2.1257,2.1352,811122.1116635001
2026-01-05 10:00:00+00:00,2.13651,2.1479,2.1297,2.13694,468909.3518569401
2026-01-05 11:00:00+00:00,2.13729,2.13729,2.1223,2.13273,784820.8228824403
2026-01-05 12:00:00+00:00,2.13265,2.13614,2.1205,2.1244,1611314.9906531295
2026-01-05 13:00:00+00:00,2.12654,2.13038,2.1095,2.11623,2170052.1062685195
2026-01-05 14:00:00+00:00,2.11566,2.15314,2.1093,2.14949,4309953.19034008
2026-01-05 15:00:00+00:00,2.14988,2.1687,2.1365,2.1628,6049566.078453171
2026-01-05 16:00:00+00:00,2.16459,2.19592,2.1619,2.191,4453103.530995221
2026-01-05 17:00:00+00:00,2.194,2.20694,2.1658,2.20694,7147314.73127237
2026-01-05 18:00:00+00:00,2.20656,2.26947,2.1971,2.26701,5637323.665908052
2026-01-05 19:00:00+00:00,2.26701,2.2807,2.2551,2.27761,6695348.825753791
2026-01-05 20:00:00+00:00,2.27777,2.35,2.2729,2.3159,8551283.215702653
2026-01-05 21:00:00+00:00,2.31619,2.34357,2.31,2.3318,3484133.6313706404
2026-01-05 22:00:00+00:00,2.33563,2.34557,2.319,2.33469,2023857.4642629896
2026-01-05 23:00:00+00:00,2.332,2.36964,2.3309,2.34735,2641792.7590006096
2026-01-06 00:00:00+00:00,2.3474,2.37375,2.3132,2.37185,17598044.161205266
2026-01-06 01:00:00+00:00,2.3712,2.405,2.3586,2.3738,17215120.33410727
2026-01-06 02:00:00+00:00,2.3705,2.4168,2.369,2.3931,17168232.500052463
2026-01-06 03:00:00+00:00,2.3932,2.40178,2.3767,2.38621,6806780.38261454
2026-01-06 04:00:00+00:00,2.3857,2.3938,2.3626,2.3874,8060454.355970061
2026-01-06 05:00:00+00:00,2.3875,2.4081,2.3797,2.38974,9976701.488039
2026-01-06 06:00:00+00:00,2.38962,2.4,2.3708,2.3757,6989293.58497043
2026-01-06 07:00:00+00:00,2.3756,2.3765,2.3184,2.3292,9631972.225764103
2026-01-06 08:00:00+00:00,2.3294,2.34629,2.3225,2.33199,4051465.9116807
2026-01-06 09:00:00+00:00,2.3313,2.3583,2.3273,2.3512,4363294.500143989
2026-01-06 10:00:00+00:00,2.35138,2.3645,2.3435,2.3605,2856128.84384362
2026-01-06 11:00:00+00:00,2.36048,2.3771,2.3536,2.3768,4354653.309912701
2026-01-06 12:00:00+00:00,2.3769,2.395,2.3652,2.373,7517241.1855520895
2026-01-06 13:00:00+00:00,2.37306,2.3787,2.3639,2.3707,8019407.324060069
2026-01-06 14:00:00+00:00,2.3708,2.3984,2.367,2.3788,15636473.575888196
2026-01-06 15:00:00+00:00,2.3762,2.392,2.3315,2.34827,14620624.407598644
2026-01-06 16:00:00+00:00,2.3481,2.35415,2.2537,2.2805,29551131.48525441
2026-01-06 17:00:00+00:00,2.2804,2.2884,2.2039,2.2076,37500479.69300555
2026-01-06 18:00:00+00:00,2.2075,2.2559,2.2022,2.2447,14527872.63981202
2026-01-06 19:00:00+00:00,2.24543,2.25726,2.2219,2.2266,8073206.841453284
2026-01-06 20:00:00+00:00,2.22677,2.2665,2.2262,2.2562,11579589.305748912
2026-01-06 21:00:00+00:00,2.2563,2.29205,2.2465,2.2822,11954631.533329912
2026-01-06 22:00:00+00:00,2.28,2.2991,2.2728,2.2909,5965894.8051450215
2026-01-06 23:00:00+00:00,2.2908,2.3107,2.28484,2.3032,10803001.463671142
2026-01-07 00:00:00+00:00,2.30277,2.31951,2.2792,2.2822,9705080.427719085
2026-01-07 01:00:00+00:00,2.2816,2.2923,2.2513,2.26445,8854615.90310314
2026-01-07 02:00:00+00:00,2.2647,2.27917,2.2545,2.2721,5684005.8912720885
2026-01-07 03:00:00+00:00,2.274,2.2798,2.2584,2.2652,4139665.9704113207
2026-01-07 04:00:00+00:00,2.26519,2.2735,2.2552,2.2573,3433209.957907801
2026-01-07 05:00:00+00:00,2.2573,2.26324,2.24126,2.2487,4246410.243006341
2026-01-07 06:00:00+00:00,2.25008,2.27053,2.2471,2.2627,2169937.2875001
2026-01-07 07:00:00+00:00,2.2626,2.2846,2.2613,2.2784,2086185.150874931
2026-01-07 08:00:00+00:00,2.2782,2.2894,2.2711,2.282,2779986.492471109
2026-01-07 09:00:00+00:00,2.28207,2.2824,2.2304,2.2383,5801691.280411787
2026-01-07 10:00:00+00:00,2.2379,2.2523,2.2338,2.24749,2872377.10377284
2026-01-07 11:00:00+00:00,2.24759,2.2579,2.2439,2.24879,2424698.07344018
2026-01-07 12:00:00+00:00,2.2485,2.2554,2.2406,2.2476,4257235.01385283
2026-01-07 13:00:00+00:00,2.24632,2.2557,2.2355,2.2427,4554439.60414533
2026-01-07 14:00:00+00:00,2.2427,2.2452,2.2045,2.22778,12532490.563075792
2026-01-07 15:00:00+00:00,2.2268,2.2315,2.1804,2.1937,16844292.934170227
2026-01-07 16:00:00+00:00,2.19381,2.22169,2.1917,2.1997,9320079.10375275
2026-01-07 17:00:00+00:00,2.1998,2.209,2.1861,2.1916,6514154.599981471
2026-01-07 18:00:00+00:00,2.1916,2.2029,2.1803,2.1856,8178304.602384131
2026-01-07 19:00:00+00:00,2.18605,2.1978,2.16841,2.1913,6902315.350143967
2026-01-07 20:00:00+00:00,2.1914,2.1986,2.1692,2.172,6455850.23610874
2026-01-07 21:00:00+00:00,2.1719,2.1859,2.1697,2.1789,4379529.793022804
2026-01-07 22:00:00+00:00,2.17691,2.1911,2.1652,2.1673,4624135.935564431
2026-01-07 23:00:00+00:00,2.1673,2.1802,2.1495,2.1633,8639034.261873595
2026-01-08 00:00:00+00:00,2.1634,2.1732,2.1441,2.1679,8968506.72170441
2026-01-08 01:00:00+00:00,2.16759,2.191,2.16725,2.1805,5815002.333561581
2026-01-08 02:00:00+00:00,2.1804,2.192,2.1577,2.1656,7575964.512260385
2026-01-08 03:00:00+00:00,2.16584,2.1753,2.14181,2.148,6624908.61068739
2026-01-08 04:00:00+00:00,2.1481,2.1715,2.14304,2.1592,4238114.24288036
2026-01-08 05:00:00+00:00,2.1592,2.166,2.1371,2.1405,4176162.6143537
2026-01-08 06:00:00+00:00,2.14053,2.1462,2.105,2.1051,10706203.845241638
2026-01-08 07:00:00+00:00,2.105,2.1222,2.095,2.1164,7308507.3110640915
2026-01-08 08:00:00+00:00,2.11654,2.1331,2.10501,2.11002,4395176.642550501
2026-01-08 09:00:00+00:00,2.11,2.1212,2.09162,2.0936,4804879.519408929
2026-01-08 10:00:00+00:00,2.0939,2.1067,2.077,2.101,7349925.145167969
2026-01-08 11:00:00+00:00,2.10107,2.1052,2.0784,2.08915,6286078.15183785
2026-01-08 12:00:00+00:00,2.0894,2.0916,2.0696,2.0786,6437728.33182516
2026-01-08 13:00:00+00:00,2.0784,2.095,2.0757,2.085,3866970.623204901
2026-01-08 14:00:00+00:00,2.0849,2.0973,2.0632,2.08449,12239579.513936128
2026-01-08 15:00:00+00:00,2.0846,2.12856,2.0709,2.1246,11048461.227859711
2026-01-08 16:00:00+00:00,2.1246,2.1453,2.1098,2.1433,11264069.21253158
2026-01-08 17:00:00+00:00,2.1437,2.1693,2.1365,2.16157,9979158.095338449
2026-01-08 18:00:00+00:00,2.1616,2.1642,2.12232,2.1349,9185881.264506085
2026-01-08 19:00:00+00:00,2.1348,2.1487,2.128,2.1335,5971483.635316715
2026-01-08 20:00:00+00:00,2.1335,2.1343,2.1103,2.1269,7827917.27133164
2026-01-08 21:00:00+00:00,2.1252,2.144,2.1206,2.1374,6783879.12939816
2026-01-08 22:00:00+00:00,2.13764,2.1476,2.1197,2.1319,3853425.16101441
2026-01-08 23:00:00+00:00,2.1318,2.1356,2.119,2.1214,2642698.61465557
2026-01-09 00:00:00+00:00,2.1214,2.1369,2.1193,2.1317,3073064.8950125896
2026-01-09 01:00:00+00:00,2.13048,2.1415,2.1071,2.108,5135947.066142069
2026-01-09 02:00:00+00:00,2.10791,2.1352,2.1063,2.1156,3605882.972802019
2026-01-09 03:00:00+00:00,2.11609,2.1347,2.114,2.13309,2210758.69215029
2026-01-09 04:00:00+00:00,2.13325,2.1369,2.1241,2.1251,1737592.8713105903
2026-01-09 05:00:00+00:00,2.12516,2.1375,2.1229,2.1355,2893590.61938047
2026-01-09 06:00:00+00:00,2.135,2.1462,2.127,2.1413,3434800.4791622204
2026-01-09 07:00:00+00:00,2.1414,2.1433,2.1168,2.1176,8364660.564364571
2026-01-09 08:00:00+00:00,2.1178,2.12438,2.0701,2.0815,10549408.076545391
2026-01-09 09:00:00+00:00,2.0811,2.1075,2.0807,2.0934,3092447.700277359
2026-01-09 10:00:00+00:00,2.0933,2.1055,2.0896,2.0982,1230728.0046583395
2026-01-09 11:00:00+00:00,2.09839,2.1088,2.09361,2.1006,1806525.0407033896
2026-01-09 12:00:00+00:00,2.10071,2.1035,2.0874,2.0945,4382455.153917009
2026-01-09 13:00:00+00:00,2.09507,2.1191,2.0906,2.1041,5785670.927371773
2026-01-09 14:00:00+00:00,2.104,2.1072,2.0788,2.0886,8666996.472031195
2026-01-09 15:00:00+00:00,2.0886,2.1602,2.0771,2.115,19064549.740136337
2026-01-09 16:00:00+00:00,2.1156,2.1444,2.1133,2.1296,10922169.257134784
2026-01-09 17:00:00+00:00,2.1315,2.1321,2.0903,2.1052,7903868.645448723
2026-01-09 18:00:00+00:00,2.1051,2.1095,2.0742,2.0905,5025300.522997299
2026-01-09 19:00:00+00:00,2.0906,2.0928,2.0759,2.0808,4320619.749858
2026-01-09 20:00:00+00:00,2.0808,2.0924,2.0778,2.0827,4107524.307982152
2026-01-09 21:00:00+00:00,2.0827,2.0949,2.0734,2.09,4233097.0416342085
2026-01-09 22:00:00+00:00,2.09024,2.1003,2.0848,2.0951,2601635.456320249
2026-01-09 23:00:00+00:00,2.09501,2.0989,2.0888,2.0931,3332063.2937445906
2026-01-10 00:00:00+00:00,2.093,2.0968,2.08602,2.0894,2664395.71721244
2026-01-10 01:00:00+00:00,2.0894,2.0968,2.0872,2.0928,1911969.8996645096
2026-01-10 02:00:00+00:00,2.0927,2.1014,2.0875,2.0918,1084421.42158745
2026-01-10 03:00:00+00:00,2.09157,2.0976,2.0843,2.0881,1295560.1771795903
2026-01-10 04:00:00+00:00,2.0884,2.0917,2.07716,2.0812,2056514.52531652
2026-01-10 05:00:00+00:00,2.08098,2.0927,2.0777,2.0873,779287.6859154098
2026-01-10 06:00:00+00:00,2.08729,2.0946,2.0829,2.0929,995460.3428223304
2026-01-10 07:00:00+00:00,2.08992,2.101,2.08934,2.1006,933025.92896774
2026-01-10 08:00:00+00:00,2.1004,2.1027,2.0875,2.09074,1238989.5335382398
2026-01-10 09:00:00+00:00,2.0913,2.0986,2.0888,2.09456,798161.8531772103
2026-01-10 10:00:00+00:00,2.09456,2.1052,2.09265,2.1025,1060020.9040667498
2026-01-10 11:00:00+00:00,2.1022,2.1052,2.0966,2.1001,578734.2083673201
2026-01-10 12:00:00+00:00,2.1028,2.1103,2.09625,2.09773,2636159.629957931
2026-01-10 13:00:00+00:00,2.09774,2.1008,2.0881,2.08972,1449819.1636591
2026-01-10 14:00:00+00:00,2.0891,2.0928,2.0849,2.088,1147566.2083608997
2026-01-10 15:00:00+00:00,2.0882,2.0953,2.0869,2.0903,2545563.8635600787
2026-01-10 16:00:00+00:00,2.0902,2.097,2.0867,2.0947,1140457.3412471605
2026-01-10 17:00:00+00:00,2.09205,2.0983,2.08589,2.0882,1414360.7119028198
2026-01-10 18:00:00+00:00,2.0909,2.101,2.08508,2.09426,1100359.38866913
2026-01-10 19:00:00+00:00,2.09445,2.0984,2.0893,2.0921,1158089.1629761998
2026-01-10 20:00:00+00:00,2.0921,2.0952,2.088,2.0892,1369903.8625680597
2026-01-10 21:00:00+00:00,2.0921,2.0921,2.0843,2.0884,1542240.5345237304
2026-01-10 22:00:00+00:00,2.08865,2.096,2.0806,2.08304,1690333.5784470898
2026-01-10 23:00:00+00:00,2.083,2.0928,2.0828,2.0881,1290391.59804282
2026-01-11 00:00:00+00:00,2.0881,2.0953,2.0837,2.08721,2451162.1343427803
2026-01-11 01:00:00+00:00,2.0872,2.0936,2.0837,2.0902,852997.08562519
2026-01-11 02:00:00+00:00,2.0928,2.0963,2.08625,2.09,841300.4960141703
2026-01-11 03:00:00+00:00,2.09027,2.0956,2.0891,2.0953,1070970.5376521095
2026-01-11 04:00:00+00:00,2.09308,2.0954,2.086,2.09,1749654.75560148
2026-01-11 05:00:00+00:00,2.08986,2.0962,2.08694,2.0932,730329.0102779099
2026-01-11 06:00:00+00:00,2.09319,2.0959,2.0837,2.0922,2017362.8837225805
2026-01-11 07:00:00+00:00,2.0923,2.0994,2.0877,2.09057,734379.6407252098
2026-01-11 08:00:00+00:00,2.09056,2.0982,2.0853,2.094,735758.7095330198
2026-01-11 09:00:00+00:00,2.09441,2.0973,2.088,2.0895,741756.3078204102
2026-01-11 10:00:00+00:00,2.08925,2.0951,2.0873,2.09053,512818.4296764
2026-01-11 11:00:00+00:00,2.09053,2.0963,2.0887,2.0963,404054.98282519
2026-01-11 12:00:00+00:00,2.0936,2.1065,2.0934,2.1015,1605291.3043216702
2026-01-11 13:00:00+00:00,2.1015,2.1049,2.0909,2.0953,1261637.32643219
2026-01-11 14:00:00+00:00,2.095,2.109,2.0944,2.1059,2477858.124188309
2026-01-11 15:00:00+00:00,2.1079,2.1091,2.08,2.0866,3854834.463990529
2026-01-11 16:00:00+00:00,2.0866,2.1027,2.0842,2.0916,3067939.46720234
2026-01-11 17:00:00+00:00,2.0917,2.0974,2.0828,2.0913,1645813.07988636
2026-01-11 18:00:00+00:00,2.0934,2.0953,2.08439,2.0902,1063845.443199
2026-01-11 19:00:00+00:00,2.09011,2.0963,2.0824,2.084,1510706.7505044998
2026-01-11 20:00:00+00:00,2.0838,2.0863,2.04128,2.0623,12130613.177556966
2026-01-11 21:00:00+00:00,2.065,2.0748,2.0521,2.0712,3638038.1064541102
2026-01-11 22:00:00+00:00,2.07141,2.0736,2.05343,2.0613,3929975.364340062
2026-01-11 23:00:00+00:00,2.0586,2.0773,2.0438,2.0715,4601712.52642461
2026-01-12 00:00:00+00:00,2.07153,2.0727,2.0329,2.0522,11276923.375099543
2026-01-12 01:00:00+00:00,2.0524,2.0766,2.0509,2.0613,8328537.790418392
2026-01-12 02:00:00+00:00,2.0637,2.1052,2.0591,2.0972,8082141.008119924
2026-01-12 03:00:00+00:00,2.0972,2.1049,2.07695,2.0799,7354372.158350311
2026-01-12 04:00:00+00:00,2.08,2.0943,2.0785,2.08801,2533883.4111474603
2026-01-12 05:00:00+00:00,2.08801,2.0907,2.07888,2.0817,1743569.4540526192
2026-01-12 06:00:00+00:00,2.08027,2.0845,2.06424,2.0677,3885392.008233671
2026-01-12 07:00:00+00:00,2.06756,2.0754,2.0495,2.0507,3339073.729260649
2026-01-12 08:00:00+00:00,2.05128,2.0589,2.0324,2.04746,3760568.655544781
2026-01-12 09:00:00+00:00,2.0477,2.053,2.04,2.0416,2402412.8963649306
2026-01-12 10:00:00+00:00,2.0417,2.048,2.03238,2.0344,2434277.7091531497
2026-01-12 11:00:00+00:00,2.0339,2.0481,2.03257,2.0459,2169125.9776738994
2026-01-12 12:00:00+00:00,2.0458,2.0541,2.04477,2.0473,3476757.223902823
2026-01-12 13:00:00+00:00,2.04732,2.0588,2.0409,2.0495,2451076.0768047594
2026-01-12 14:00:00+00:00,2.0494,2.0762,2.03734,2.0705,7241828.68548119
2026-01-12 15:00:00+00:00,2.0705,2.0931,2.0664,2.0917,6722345.055972868
2026-01-12 16:00:00+00:00,2.0917,2.107,2.08409,2.0924,7135547.91594447
2026-01-12 17:00:00+00:00,2.0926,2.0977,2.05134,2.0657,8051859.133092253
2026-01-12 18:00:00+00:00,2.0657,2.0764,2.0582,2.0649,4058649.5309020095
2026-01-12 19:00:00+00:00,2.06491,2.071,2.0562,2.0679,3705440.87956435
2026-01-12 20:00:00+00:00,2.0681,2.0746,2.0611,2.0622,3137867.51321783
2026-01-12 21:00:00+00:00,2.0622,2.0639,2.038,2.0474,5977130.688041601
2026-01-12 22:00:00+00:00,2.0474,2.0588,2.0474,2.05236,3870113.454994021
2026-01-12 23:00:00+00:00,2.05228,2.0572,2.0433,2.0518,3150723.6038017008
2026-01-13 00:00:00+00:00,2.0528,2.0597,2.0488,2.0569,2173265.0591345592
2026-01-13 01:00:00+00:00,2.05682,2.0626,2.0455,2.0516,1692669.06206115
2026-01-13 02:00:00+00:00,2.05153,2.0593,2.0482,2.0499,1573662.6627937795
2026-01-13 03:00:00+00:00,2.04991,2.0576,2.045,2.0475,2049433.7746644595
2026-01-13 04:00:00+00:00,2.0476,2.0576,2.0473,2.05566,1499046.9326352093
2026-01-13 05:00:00+00:00,2.05596,2.0798,2.0552,2.0632,2845346.2656986
2026-01-13 06:00:00+00:00,2.0614,2.0667,2.0549,2.0604,1449413.6355296797
2026-01-13 07:00:00+00:00,2.0607,2.0627,2.05,2.0511,1263935.5347228202
2026-01-13 08:00:00+00:00,2.05076,2.0684,2.05076,2.0634,1343386.1200208203
2026-01-13 09:00:00+00:00,2.06378,2.0739,2.0571,2.0633,1511825.4807294295
2026-01-13 10:00:00+00:00,2.0633,2.0689,2.05589,2.0587,1089551.0603404096
2026-01-13 11:00:00+00:00,2.05902,2.0625,2.0555,2.0583,1200127.09066408
2026-01-13 12:00:00+00:00,2.05825,2.0634,2.0539,2.0616,1439026.25213237
2026-01-13 13:00:00+00:00,2.0615,2.0768,2.0576,2.0666,6137735.938995931
2026-01-13 14:00:00+00:00,2.0676,2.0953,2.0588,2.0759,8404714.524165694
2026-01-13 15:00:00+00:00,2.0759,2.0999,2.0643,2.09673,8614607.275097594
2026-01-13 16:00:00+00:00,2.0972,2.11389,2.087,2.1043,13705776.579900006
2026-01-13 17:00:00+00:00,2.1043,2.1077,2.0818,2.09093,7913496.487423968
2026-01-13 18:00:00+00:00,2.0897,2.1124,2.0867,2.1052,5565192.791609491
2026-01-13 19:00:00+00:00,2.1056,2.14,2.1013,2.1392,9985933.36373222
2026-01-13 20:00:00+00:00,2.1392,2.14933,2.1174,2.1331,14510394.781521471
2026-01-13 21:00:00+00:00,2.1327,2.1419,2.1175,2.1199,6402739.101415498
2026-01-13 22:00:00+00:00,2.12016,2.1819,2.1177,2.1738,14180853.3626845
2026-01-13 23:00:00+00:00,2.1716,2.1837,2.1473,2.164,13366465.403492538
2026-01-14 00:00:00+00:00,2.1642,2.17725,2.1544,2.1661,6387249.9638807895
2026-01-14 01:00:00+00:00,2.16575,2.1758,2.1572,2.1738,5917388.871421588
2026-01-14 02:00:00+00:00,2.1717,2.19318,2.1646,2.17,7998362.435461269
2026-01-14 03:00:00+00:00,2.17083,2.1839,2.1623,2.1822,5367302.661977951
2026-01-14 04:00:00+00:00,2.18233,2.1849,2.1598,2.1618,4915381.596864342
2026-01-14 05:00:00+00:00,2.1618,2.1626,2.1493,2.1516,5546600.11830903
2026-01-14 06:00:00+00:00,2.15131,2.1516,2.1303,2.1482,4938742.259742598
2026-01-14 07:00:00+00:00,2.1482,2.1559,2.1375,2.1473,2209504.4179280605
2026-01-14 08:00:00+00:00,2.14742,2.1518,2.1411,2.1415,1579160.1380980895
2026-01-14 09:00:00+00:00,2.14201,2.1531,2.1399,2.1464,2045168.11799133
2026-01-14 10:00:00+00:00,2.1464,2.1482,2.12733,2.1344,2000698.4398526305
2026-01-14 11:00:00+00:00,2.1344,2.13461,2.11043,2.1143,3285024.610412619
2026-01-14 12:00:00+00:00,2.1143,2.1261,2.1103,2.1243,3034607.55675758
2026-01-14 13:00:00+00:00,2.12454,2.1306,2.11,2.11509,5143495.77694115
2026-01-14 14:00:00+00:00,2.1148,2.16888,2.1136,2.15947,11423199.21809444
2026-01-14 15:00:00+00:00,2.1595,2.17408,2.1417,2.1549,14985015.54744503
2026-01-14 16:00:00+00:00,2.1561,2.1766,2.155,2.1601,7720435.005975205
2026-01-14 17:00:00+00:00,2.1588,2.1669,2.1347,2.1375,7909879.372064884
2026-01-14 18:00:00+00:00,2.1373,2.1533,2.123,2.1396,5596341.796388111
2026-01-14 19:00:00+00:00,2.13979,2.165,2.1326,2.1437,7540664.319856773
2026-01-14 20:00:00+00:00,2.1459,2.1613,2.1374,2.1505,6744806.524206145
2026-01-14 21:00:00+00:00,2.1498,2.1553,2.1392,2.1477,2531415.698410941
2026-01-14 22:00:00+00:00,2.14783,2.14783,2.1284,2.1359,5490425.107585688
2026-01-14 23:00:00+00:00,2.1361,2.1468,2.1289,2.1394,4657127.93572955
2026-01-15 00:00:00+00:00,2.1394,2.1434,2.1257,2.1326,3428266.7797034783
2026-01-15 01:00:00+00:00,2.1326,2.1404,2.1135,2.116,4201073.0141754085
2026-01-15 02:00:00+00:00,2.1189,2.126,2.0982,2.1044,4789410.605254802
2026-01-15 03:00:00+00:00,2.10452,2.1076,2.0796,2.0876,6020466.81863426
2026-01-15 04:00:00+00:00,2.08768,2.1038,2.0836,2.1016,2586703.62962444
2026-01-15 05:00:00+00:00,2.10142,2.10676,2.0946,2.0987,1604700.8306878903
2026-01-15 06:00:00+00:00,2.0988,2.1022,2.0867,2.0884,1429616.3739969195
2026-01-15 07:00:00+00:00,2.09089,2.1052,2.0867,2.1008,1847330.0087268995
2026-01-15 08:00:00+00:00,2.1006,2.1045,2.0942,2.1023,1009493.4825582498
2026-01-15 09:00:00+00:00,2.1037,2.122,2.0955,2.117,1896277.4134878595
2026-01-15 10:00:00+00:00,2.1166,2.1199,2.1071,2.1152,2546675.9835308897
2026-01-15 11:00:00+00:00,2.11524,2.12214,2.1081,2.1114,1417109.9203979298
2026-01-15 12:00:00+00:00,2.1113,2.1196,2.1055,2.1173,1892330.710783891
2026-01-15 13:00:00+00:00,2.11757,2.1318,2.1137,2.1289,2907370.31842539
2026-01-15 14:00:00+00:00,2.129,2.1325,2.0876,2.096,9263737.095654313
2026-01-15 15:00:00+00:00,2.0959,2.1065,2.0678,2.0954,8037627.756958141
2026-01-15 16:00:00+00:00,2.0949,2.0989,2.0834,2.0911,3694750.97664744
2026-01-15 17:00:00+00:00,2.0908,2.0973,2.0778,2.0805,3900695.097952539
2026-01-15 18:00:00+00:00,2.0803,2.0826,2.0643,2.07,4509976.733817529
2026-01-15 19:00:00+00:00,2.06998,2.0717,2.0518,2.0651,6145005.194341271
2026-01-15 20:00:00+00:00,2.0651,2.0707,2.0566,2.0605,4447895.982709501
2026-01-15 21:00:00+00:00,2.0607,2.075,2.0604,2.0738,2757653.2908778903
2026-01-15 22:00:00+00:00,2.07423,2.0794,2.0667,2.0751,2023924.5572148203
2026-01-15 23:00:00+00:00,2.07475,2.08,2.07,2.0783,2038820.0527788904
2026-01-16 00:00:00+00:00,2.07816,2.0868,2.0749,2.0818,2770281.51746232
2026-01-16 01:00:00+00:00,2.0819,2.0857,2.0737,2.07657,2132702.55758791
2026-01-16 02:00:00+00:00,2.0768,2.0769,2.0652,2.0749,3312335.6193216806
2026-01-16 03:00:00+00:00,2.0747,2.07991,2.0624,2.0625,2802716.12342082
2026-01-16 04:00:00+00:00,2.06411,2.0706,2.0556,2.0631,3001470.4947153605
2026-01-16 05:00:00+00:00,2.06309,2.0741,2.0591,2.07,2333574.3339663907
2026-01-16 06:00:00+00:00,2.0715,2.07538,2.0651,2.073,1534310.6203458398
2026-01-16 07:00:00+00:00,2.0728,2.0774,2.0666,2.0731,1021903.37396966
2026-01-16 08:00:00+00:00,2.0731,2.08087,2.0705,2.0742,1257694.20287003
2026-01-16 09:00:00+00:00,2.074,2.0762,2.0646,2.0665,1651837.4515257403
2026-01-16 10:00:00+00:00,2.0664,2.067,2.0569,2.0606,1688557.8877167397
2026-01-16 11:00:00+00:00,2.06068,2.0653,2.0562,2.0645,822983.0249118699
2026-01-16 12:00:00+00:00,2.063,2.0677,2.058,2.0625,1732086.7856301602
2026-01-16 13:00:00+00:00,2.06267,2.06267,2.0508,2.0572,2757850.5545637603
2026-01-16 14:00:00+00:00,2.05725,2.0665,2.0536,2.0553,3501729.5715321205
2026-01-16 15:00:00+00:00,2.0551,2.0648,2.02479,2.03163,10153405.000427606
2026-01-16 16:00:00+00:00,2.0316,2.0471,2.0282,2.0434,5123341.256072092
2026-01-16 17:00:00+00:00,2.0435,2.0534,2.0367,2.0513,2494490.1498477105
2026-01-16 18:00:00+00:00,2.05098,2.0535,2.0446,2.04918,2287820.22099242
2026-01-16 19:00:00+00:00,2.04918,2.05615,2.0416,2.0534,2973665.6927240696
2026-01-16 20:00:00+00:00,2.0539,2.0791,2.0465,2.0781,4139654.92482914
2026-01-16 21:00:00+00:00,2.0781,2.0787,2.0622,2.0729,6881190.843108544
2026-01-16 22:00:00+00:00,2.07269,2.076,2.0675,2.0728,1197462.58003461
2026-01-16 23:00:00+00:00,2.07261,2.0731,2.0655,2.0657,1596411.3902308396
2026-01-17 00:00:00+00:00,2.0659,2.0684,2.0605,2.0632,1995858.990418559
2026-01-17 01:00:00+00:00,2.0631,2.068,2.0612,2.06534,1265960.89271848
2026-01-17 02:00:00+00:00,2.0652,2.0658,2.0572,2.0617,1066010.6409668897
2026-01-17 03:00:00+00:00,2.0616,2.0619,2.0524,2.0549,946891.64695564
2026-01-17 04:00:00+00:00,2.0546,2.0648,2.0536,2.0635,966776.30788421
2026-01-17 05:00:00+00:00,2.0633,2.0656,2.0593,2.0623,1045627.5395324602
2026-01-17 06:00:00+00:00,2.06259,2.0634,2.0576,2.0588,521045.6515643899
2026-01-17 07:00:00+00:00,2.0588,2.0605,2.0548,2.0572,580854.9590911801
2026-01-17 08:00:00+00:00,2.05721,2.06241,2.0558,2.0615,800210.1479158499
2026-01-17 09:00:00+00:00,2.0616,2.0663,2.06,2.0624,919988.06757194
2026-01-17 10:00:00+00:00,2.0623,2.06676,2.0594,2.06112,519953.0732697599
2026-01-17 11:00:00+00:00,2.06113,2.0637,2.0551,2.0611,952837.24451548
2026-01-17 12:00:00+00:00,2.061,2.0641,2.0574,2.0592,501817.29008056
2026-01-17 13:00:00+00:00,2.05929,2.0634,2.0571,2.0613,1160276.48925417
2026-01-17 14:00:00+00:00,2.0612,2.0785,2.0575,2.0735,2751368.17712581
2026-01-17 15:00:00+00:00,2.0732,2.0825,2.06999,2.081,5373183.07769169
2026-01-17 16:00:00+00:00,2.0809,2.0815,2.0675,2.07218,2901231.68845056
2026-01-17 17:00:00+00:00,2.0723,2.0819,2.0713,2.0814,1770783.90621609
2026-01-17 18:00:00+00:00,2.08147,2.0829,2.072,2.0755,2136780.397408941
2026-01-17 19:00:00+00:00,2.07528,2.0768,2.0715,2.0726,1133774.9989940205
2026-01-17 20:00:00+00:00,2.0726,2.0741,2.06985,2.0711,1657944.437919851
2026-01-17 21:00:00+00:00,2.0711,2.0713,2.0649,2.0678,1978135.994259989
2026-01-17 22:00:00+00:00,2.0677,2.0683,2.0578,2.0637,1668791.133310311
2026-01-17 23:00:00+00:00,2.06392,2.0669,2.06089,2.0621,1125466.7839308602
2026-01-18 00:00:00+00:00,2.0619,2.06746,2.058,2.0587,1255325.5713381495
2026-01-18 01:00:00+00:00,2.0586,2.0604,2.047,2.05036,3261939.73578854
2026-01-18 02:00:00+00:00,2.05036,2.0565,2.0474,2.05187,1313532.22164018
2026-01-18 03:00:00+00:00,2.05187,2.0597,2.0499,2.0577,1770130.9186862295
2026-01-18 04:00:00+00:00,2.0574,2.0576,2.0512,2.0548,782803.9705726602
2026-01-18 05:00:00+00:00,2.0548,2.0569,2.04601,2.0544,1794581.67340297
2026-01-18 06:00:00+00:00,2.05397,2.0587,2.0532,2.0576,375284.8255226199
2026-01-18 07:00:00+00:00,2.0576,2.0592,2.05,2.0514,530398.3222805999
2026-01-18 08:00:00+00:00,2.0513,2.0584,2.0495,2.0562,430815.36992134
2026-01-18 09:00:00+00:00,2.0562,2.0608,2.0544,2.05946,591147.0156966
2026-01-18 10:00:00+00:00,2.0596,2.0601,2.0535,2.0565,547812.35893952
2026-01-18 11:00:00+00:00,2.05629,2.0567,2.0519,2.05383,545988.77579907
2026-01-18 12:00:00+00:00,2.0539,2.0558,2.0507,2.0508,727159.6556623103
2026-01-18 13:00:00+00:00,2.05109,2.0535,2.0467,2.0517,1136154.1034049098
2026-01-18 14:00:00+00:00,2.05177,2.0598,2.0483,2.0491,2410010.41605314
2026-01-18 15:00:00+00:00,2.0499,2.0528,2.0439,2.05,1813377.319075111
2026-01-18 16:00:00+00:00,2.0505,2.057,2.0461,2.0491,2025497.6611972
2026-01-18 17:00:00+00:00,2.0484,2.0568,2.0444,2.0487,2429047.2410190403
2026-01-18 18:00:00+00:00,2.0486,2.0654,2.0454,2.0609,2961238.600753024
2026-01-18 19:00:00+00:00,2.06081,2.0639,2.0515,2.0532,1776350.99073266
2026-01-18 20:00:00+00:00,2.0532,2.0599,2.0504,2.057,1036451.3108761696
2026-01-18 21:00:00+00:00,2.057,2.0599,2.0548,2.0564,1169587.8061997895
2026-01-18 22:00:00+00:00,2.05665,2.06422,2.0522,2.0597,1696954.1435178614
2026-01-18 23:00:00+00:00,2.0603,2.0603,1.98401,1.9906,17964276.90803881
2026-01-19 00:00:00+00:00,1.9906,1.9906,1.8478,1.9447,33914403.46367499
2026-01-19 01:00:00+00:00,1.9446,1.96247,1.9379,1.9525,8344153.356767772
2026-01-19 02:00:00+00:00,1.9522,1.9635,1.94926,1.9569,2824914.512076041
2026-01-19 03:00:00+00:00,1.95694,1.9677,1.95262,1.9666,6719193.797620505
2026-01-19 04:00:00+00:00,1.9667,1.9741,1.9604,1.9623,4743087.723845261
2026-01-19 05:00:00+00:00,1.96296,1.9708,1.95676,1.9606,4123235.368475992
2026-01-19 06:00:00+00:00,1.96094,1.9654,1.9519,1.961,2450744.513005069
2026-01-19 07:00:00+00:00,1.9614,1.9631,1.95271,1.962,1738132.9899812404
2026-01-19 08:00:00+00:00,1.96224,1.9828,1.9585,1.979,2694169.2735724086
2026-01-19 09:00:00+00:00,1.97973,1.9815,1.9729,1.9806,1784257.4780689
2026-01-19 10:00:00+00:00,1.9806,1.9831,1.9707,1.9809,1365836.204589011
2026-01-19 11:00:00+00:00,1.98134,1.9823,1.9688,1.97129,1320220.33354878
2026-01-19 12:00:00+00:00,1.9714,1.9762,1.9657,1.972,1608822.6577983
2026-01-19 13:00:00+00:00,1.9719,1.9738,1.9637,1.9726,1431810.524132189
2026-01-19 14:00:00+00:00,1.97272,1.9846,1.9675,1.9781,1561625.4307600798
2026-01-19 15:00:00+00:00,1.9781,1.9835,1.9757,1.9814,2634215.677141839
2026-01-19 16:00:00+00:00,1.9805,2.0293,1.9791,2.0208,8553702.9462164
2026-01-19 17:00:00+00:00,2.0208,2.0249,2.0066,2.0171,8086712.233056929
2026-01-19 18:00:00+00:00,2.01716,2.0251,2.0078,2.00954,5793055.180885719
2026-01-19 19:00:00+00:00,2.00953,2.0173,2.006,2.0123,1786655.0430635903
2026-01-19 20:00:00+00:00,2.0123,2.0163,1.99901,2.001,3277824.8708156985
2026-01-19 21:00:00+00:00,2.0011,2.0076,1.99435,1.9968,2430303.19396676
2026-01-19 22:00:00+00:00,1.99719,1.9994,1.9775,1.97871,5434927.151552118
2026-01-19 23:00:00+00:00,1.9785,1.9947,1.9773,1.9846,3426506.064730509
2026-01-20 00:00:00+00:00,1.9844,1.9905,1.9804,1.9853,3034401.6677472
2026-01-20 01:00:00+00:00,1.9852,1.9852,1.969,1.9706,4386186.576141807
2026-01-20 02:00:00+00:00,1.97022,1.9723,1.9599,1.9678,3263445.1941611585
2026-01-20 03:00:00+00:00,1.96803,1.9695,1.9539,1.961,3623709.6721451096
2026-01-20 04:00:00+00:00,1.9609,1.9735,1.9582,1.9643,3982109.9358674097
2026-01-20 05:00:00+00:00,1.9644,1.9683,1.9524,1.9649,3591441.2967068283
2026-01-20 06:00:00+00:00,1.96495,1.9653,1.94,1.9463,3969494.459596039
2026-01-20 07:00:00+00:00,1.9486,1.9561,1.9434,1.94713,1679994.3072836
2026-01-20 08:00:00+00:00,1.94694,1.9531,1.91532,1.92595,8498339.276905365
2026-01-20 09:00:00+00:00,1.9255,1.9307,1.9195,1.9231,1589453.0819287994
2026-01-20 10:00:00+00:00,1.9232,1.9323,1.9229,1.9283,1507513.1679354105
2026-01-20 11:00:00+00:00,1.92828,1.9406,1.9269,1.92712,1686965.04172743
2026-01-20 12:00:00+00:00,1.9272,1.9365,1.92614,1.935,2400471.29709071
2026-01-20 13:00:00+00:00,1.9336,1.9349,1.9134,1.915,6054725.71999255
2026-01-20 14:00:00+00:00,1.9148,1.9392,1.9136,1.923,7918856.693099199
2026-01-20 15:00:00+00:00,1.9233,1.9323,1.90664,1.9155,7621723.113264952
2026-01-20 16:00:00+00:00,1.9153,1.9275,1.89857,1.9088,5732399.167140101
2026-01-20 17:00:00+00:00,1.9108,1.9194,1.8952,1.9003,6764591.266821101
2026-01-20 18:00:00+00:00,1.9002,1.9079,1.8924,1.8967,6814420.250074869
2026-01-20 19:00:00+00:00,1.89649,1.907,1.8921,1.9001,4718293.26043898
2026-01-20 20:00:00+00:00,1.9,1.9113,1.8958,1.9034,5438161.025970211
2026-01-20 21:00:00+00:00,1.9036,1.9051,1.8816,1.8868,5802388.925473183
2026-01-20 22:00:00+00:00,1.88711,1.8998,1.8667,1.8881,6244365.941285334
2026-01-20 23:00:00+00:00,1.8881,1.893,1.8818,1.8878,4321744.922416809
2026-01-21 00:00:00+00:00,1.8878,1.9154,1.88675,1.91179,4463592.55840843
2026-01-21 01:00:00+00:00,1.9116,1.9165,1.8956,1.8961,3262868.12484119
2026-01-21 02:00:00+00:00,1.8961,1.9059,1.8896,1.8947,2075942.129353939
2026-01-21 03:00:00+00:00,1.89472,1.9084,1.8941,1.9009,2129795.7693217504
2026-01-21 04:00:00+00:00,1.90064,1.9108,1.8988,1.9056,1777506.9755274907
2026-01-21 05:00:00+00:00,1.90568,1.928,1.9036,1.9194,3049756.21486584
2026-01-21 06:00:00+00:00,1.91937,1.9234,1.9098,1.9131,3264145.7646950283
2026-01-21 07:00:00+00:00,1.91337,1.9227,1.90371,1.90794,3172984.3349864087
2026-01-21 08:00:00+00:00,1.90794,1.9119,1.8912,1.9006,2398922.086580008
2026-01-21 09:00:00+00:00,1.90031,1.9153,1.8978,1.90916,2069731.6273216296
2026-01-21 10:00:00+00:00,1.9093,1.9168,1.9009,1.9009,1789932.0090422295
2026-01-21 11:00:00+00:00,1.90105,1.9061,1.8833,1.8874,4914068.166028559
2026-01-21 12:00:00+00:00,1.8874,1.8991,1.87688,1.895,4787032.637977371
2026-01-21 13:00:00+00:00,1.8983,1.9058,1.88852,1.8945,3858428.964780419
2026-01-21 14:00:00+00:00,1.8945,1.945,1.8887,1.9405,12166333.290076
2026-01-21 15:00:00+00:00,1.9405,1.9604,1.9333,1.9563,8074837.729921582
2026-01-21 16:00:00+00:00,1.9564,1.9591,1.875,1.8777,11379197.878862312
2026-01-21 17:00:00+00:00,1.8804,1.8983,1.8697,1.8895,7154988.698607708
2026-01-21 18:00:00+00:00,1.8896,1.9136,1.88046,1.9038,5265152.755022959
2026-01-21 19:00:00+00:00,1.90393,1.9846,1.89657,1.9735,17072291.16718567
2026-01-21 20:00:00+00:00,1.9717,1.9737,1.9463,1.9734,7688424.669753461
2026-01-21 21:00:00+00:00,1.97112,1.9864,1.96465,1.973,5596935.097264351
2026-01-21 22:00:00+00:00,1.97363,1.9897,1.9635,1.9641,4671974.20524613
2026-01-21 23:00:00+00:00,1.964,1.9685,1.9366,1.9459,4943533.164097956
2026-01-22 00:00:00+00:00,1.9458,1.9613,1.9456,1.9534,3113820.49333418
2026-01-22 01:00:00+00:00,1.9534,1.9675,1.95,1.9568,3998318.8057037503
2026-01-22 02:00:00+00:00,1.95663,1.9614,1.9425,1.9434,2204643.8524991595
2026-01-22 03:00:00+00:00,1.94352,1.9559,1.9401,1.9484,3191535.089517181
2026-01-22 04:00:00+00:00,1.9457,1.955,1.94506,1.9511,1305883.5308113704
2026-01-22 05:00:00+00:00,1.95124,1.9556,1.9441,1.9513,3027879.462983431
2026-01-22 06:00:00+00:00,1.95122,1.9607,1.94628,1.95366,2872826.550342021
2026-01-22 07:00:00+00:00,1.9538,1.9569,1.9449,1.9461,2320021.750586749
2026-01-22 08:00:00+00:00,1.9485,1.9598,1.9453,1.957,1325104.0456796798
2026-01-22 09:00:00+00:00,1.9591,1.9645,1.9538,1.9623,2188063.01097396
2026-01-22 10:00:00+00:00,1.9623,1.9646,1.95161,1.9565,2090417.6952709
2026-01-22 11:00:00+00:00,1.95442,1.9572,1.9399,1.94203,4744334.837561202
2026-01-22 12:00:00+00:00,1.9418,1.9497,1.9393,1.9398,1866672.1187573103
2026-01-22 13:00:00+00:00,1.9414,1.9468,1.9245,1.92847,4904803.511431141
2026-01-22 14:00:00+00:00,1.9288,1.9327,1.9131,1.9137,4665248.848271251
2026-01-22 15:00:00+00:00,1.9152,1.923,1.8993,1.9146,5905107.346088174
2026-01-22 16:00:00+00:00,1.913,1.929,1.9031,1.9213,5172748.301722051
2026-01-22 17:00:00+00:00,1.9212,1.9302,1.9108,1.9274,4496580.548526671
2026-01-22 18:00:00+00:00,1.9274,1.9333,1.9188,1.9207,3458513.999841422
2026-01-22 19:00:00+00:00,1.9206,1.9361,1.9159,1.9305,3090466.0601833905
2026-01-22 20:00:00+00:00,1.9304,1.9339,1.9168,1.9236,3945263.866703089
2026-01-22 21:00:00+00:00,1.9215,1.9321,1.9183,1.9232,2386371.26344142
2026-01-22 22:00:00+00:00,1.92358,1.9324,1.9208,1.9225,1757341.8928789794
2026-01-22 23:00:00+00:00,1.9247,1.9263,1.91421,1.92185,2528766.7502565207
2026-01-23 00:00:00+00:00,1.92185,1.9263,1.9145,1.9181,1952093.8099696
2026-01-23 01:00:00+00:00,1.91629,1.9239,1.9145,1.9215,2314313.631553559
2026-01-23 02:00:00+00:00,1.91985,1.9228,1.9068,1.9073,1829584.6957318403
2026-01-23 03:00:00+00:00,1.90703,1.918,1.90697,1.9138,2996297.588325518
2026-01-23 04:00:00+00:00,1.91386,1.9254,1.9114,1.9178,1318493.2803385602
2026-01-23 05:00:00+00:00,1.91792,1.9207,1.9049,1.9087,1533718.3267039002
2026-01-23 06:00:00+00:00,1.90859,1.9169,1.9007,1.9109,1471133.648086229
2026-01-23 07:00:00+00:00,1.911,1.9153,1.9062,1.9118,1838000.4802564287
2026-01-23 08:00:00+00:00,1.9143,1.9155,1.8994,1.9032,2678598.3714063787
2026-01-23 09:00:00+00:00,1.9031,1.9119,1.8991,1.90484,1143682.2547790504
2026-01-23 10:00:00+00:00,1.9051,1.9131,1.9046,1.9081,923270.83747403
2026-01-23 11:00:00+00:00,1.90573,1.9156,1.90417,1.9115,823548.9168352499
2026-01-23 12:00:00+00:00,1.91149,1.9144,1.9062,1.90748,862675.0716376499
2026-01-23 13:00:00+00:00,1.9105,1.9126,1.90158,1.9027,1796208.93385096
2026-01-23 14:00:00+00:00,1.9027,1.9087,1.88315,1.894,6711922.3580007125
2026-01-23 15:00:00+00:00,1.8941,1.9224,1.8864,1.9193,4815876.02185266
2026-01-23 16:00:00+00:00,1.9191,1.9501,1.9182,1.93405,10166833.28842236
2026-01-23 17:00:00+00:00,1.9343,1.9652,1.9232,1.9452,7985676.500866379
2026-01-23 18:00:00+00:00,1.94501,1.9605,1.93948,1.9424,6667809.782827709
2026-01-23 19:00:00+00:00,1.94214,1.944,1.9182,1.9209,5918186.51113603
2026-01-23 20:00:00+00:00,1.921,1.9267,1.905,1.9143,6632716.336291356
2026-01-23 21:00:00+00:00,1.9142,1.9268,1.9117,1.9159,3327755.470744011
2026-01-23 22:00:00+00:00,1.9158,1.9301,1.9153,1.9237,3040602.1735480595
2026-01-23 23:00:00+00:00,1.92345,1.9262,1.9164,1.917,1622897.32247805
2026-01-24 00:00:00+00:00,1.91729,1.9237,1.9155,1.91659,1093327.4530014298
2026-01-24 01:00:00+00:00,1.9165,1.9225,1.9132,1.9177,782214.2080135004
2026-01-24 02:00:00+00:00,1.921,1.9272,1.9171,1.921,1024946.71890744
2026-01-24 03:00:00+00:00,1.92105,1.9275,1.9185,1.9207,1021705.1095084
2026-01-24 04:00:00+00:00,1.9206,1.9281,1.9201,1.9229,803283.8051552899
2026-01-24 05:00:00+00:00,1.92294,1.9261,1.91674,1.9223,1362063.2155825102
2026-01-24 06:00:00+00:00,1.9193,1.9226,1.9149,1.9156,785061.8922709901
2026-01-24 07:00:00+00:00,1.91574,1.9203,1.9137,1.91615,659820.4864984599
2026-01-24 08:00:00+00:00,1.91615,1.9219,1.9144,1.9164,867775.31618919
2026-01-24 09:00:00+00:00,1.9164,1.92,1.9115,1.91482,787434.91148725
2026-01-24 10:00:00+00:00,1.9149,1.9183,1.9121,1.9181,573345.8321648198
2026-01-24 11:00:00+00:00,1.9145,1.9205,1.9139,1.9176,632039.3291040399
2026-01-24 12:00:00+00:00,1.914,1.9224,1.9124,1.9169,1383115.6329009298
2026-01-24 13:00:00+00:00,1.9169,1.9248,1.9158,1.9164,839243.9470481299
2026-01-24 14:00:00+00:00,1.9163,1.9221,1.914,1.9168,1764021.2418122706
2026-01-24 15:00:00+00:00,1.9168,1.9214,1.9096,1.9101,1485232.80013099
2026-01-24 16:00:00+00:00,1.9101,1.917,1.90674,1.9118,1802932.49886458
2026-01-24 17:00:00+00:00,1.9118,1.9188,1.9101,1.914,940103.9101104904
2026-01-24 18:00:00+00:00,1.91394,1.9201,1.9118,1.9178,1893801.6158165392
2026-01-24 19:00:00+00:00,1.9179,1.9201,1.9118,1.9138,897934.9792955406
2026-01-24 20:00:00+00:00,1.9138,1.9186,1.9135,1.9146,753948.9713627602
2026-01-24 21:00:00+00:00,1.9145,1.9175,1.9112,1.9147,807150.2938818604
2026-01-24 22:00:00+00:00,1.9148,1.9228,1.91471,1.9212,1162521.4578028498
2026-01-24 23:00:00+00:00,1.91904,1.9214,1.91124,1.9114,1578689.4202034802
2026-01-25 00:00:00+00:00,1.9115,1.9161,1.908,1.9117,1557158.8984478796
2026-01-25 01:00:00+00:00,1.91189,1.9138,1.9005,1.90299,2085594.8695310808
2026-01-25 02:00:00+00:00,1.9029,1.9089,1.9024,1.9041,1451162.8218482502
2026-01-25 03:00:00+00:00,1.90419,1.9069,1.8951,1.8975,2376457.75423562
2026-01-25 04:00:00+00:00,1.89769,1.9028,1.8957,1.8983,1006467.1392453404
2026-01-25 05:00:00+00:00,1.89844,1.9014,1.89388,1.8989,919863.3786759096
2026-01-25 06:00:00+00:00,1.89907,1.9016,1.8923,1.8953,1406945.52293031
2026-01-25 07:00:00+00:00,1.8953,1.8988,1.8909,1.8918,746065.4289734999
2026-01-25 08:00:00+00:00,1.8918,1.8993,1.8869,1.88791,1902982.66716864
2026-01-25 09:00:00+00:00,1.88792,1.8974,1.8839,1.8905,2191832.6880949503
2026-01-25 10:00:00+00:00,1.8936,1.9123,1.89027,1.9079,1963089.7573929508
2026-01-25 11:00:00+00:00,1.90487,1.9108,1.897,1.9026,1303385.1297107807
2026-01-25 12:00:00+00:00,1.8994,1.9031,1.89462,1.89776,1108800.4509434905
2026-01-25 13:00:00+00:00,1.8979,1.903,1.8915,1.9024,874691.20051762
2026-01-25 14:00:00+00:00,1.89963,1.9027,1.8814,1.8882,2467029.305847309
2026-01-25 15:00:00+00:00,1.8849,1.8939,1.8814,1.8852,1793456.7468539402
2026-01-25 16:00:00+00:00,1.8851,1.8883,1.8432,1.85135,19792451.226460736
2026-01-25 17:00:00+00:00,1.8512,1.8621,1.8339,1.84444,9932217.012926124
2026-01-25 18:00:00+00:00,1.8438,1.8498,1.823,1.8338,8780633.954810591
2026-01-25 19:00:00+00:00,1.83368,1.8401,1.8092,1.8161,11461956.740877612
2026-01-25 20:00:00+00:00,1.8163,1.8271,1.8106,1.822,8353741.213233017
2026-01-25 21:00:00+00:00,1.8221,1.8399,1.8216,1.838,9334741.539500412
2026-01-25 22:00:00+00:00,1.838,1.8399,1.8164,1.828,5460103.45982095
2026-01-25 23:00:00+00:00,1.8282,1.8383,1.821,1.8335,4919283.9025715
2026-01-26 00:00:00+00:00,1.8353,1.8533,1.8307,1.8508,5879610.70294123
2026-01-26 01:00:00+00:00,1.8508,1.8885,1.8508,1.882,10195844.4599505
2026-01-26 02:00:00+00:00,1.88201,1.8854,1.86942,1.8738,3795365.8575684913
2026-01-26 03:00:00+00:00,1.87392,1.882,1.8626,1.867,2601280.6670943303
2026-01-26 04:00:00+00:00,1.86695,1.8946,1.86695,1.876,2925772.31546529
2026-01-26 05:00:00+00:00,1.87566,1.8827,1.873,1.8782,1417550.24481249
2026-01-26 06:00:00+00:00,1.87852,1.8859,1.8723,1.8781,1912773.56783728
2026-01-26 07:00:00+00:00,1.87799,1.8854,1.8742,1.8798,2075159.21015826
2026-01-26 08:00:00+00:00,1.8798,1.9107,1.8777,1.8871,5480523.331599236
2026-01-26 09:00:00+00:00,1.88675,1.8908,1.8745,1.8773,2008949.62715474
2026-01-26 10:00:00+00:00,1.87771,1.8912,1.8773,1.8849,1091596.0342539302
2026-01-26 11:00:00+00:00,1.8849,1.8948,1.8849,1.8894,1395198.6132509403
2026-01-26 12:00:00+00:00,1.88962,1.9024,1.88962,1.8971,1988902.36156316
2026-01-26 13:00:00+00:00,1.9,1.9171,1.8961,1.9045,3103205.329927909
2026-01-26 14:00:00+00:00,1.9045,1.929,1.89903,1.9181,7878447.61014818
2026-01-26 15:00:00+00:00,1.9179,1.9467,1.9115,1.9235,9382843.152565336
2026-01-26 16:00:00+00:00,1.9238,1.94,1.9161,1.9171,7070773.907810198
2026-01-26 17:00:00+00:00,1.9201,1.9229,1.8968,1.9097,7063178.824770169
2026-01-26 18:00:00+00:00,1.9095,1.9283,1.90535,1.916,5476284.630079342
2026-01-26 19:00:00+00:00,1.9161,1.9233,1.9018,1.9059,2652613.578901759
2026-01-26 20:00:00+00:00,1.90578,1.9101,1.88883,1.8903,6394668.937697353
2026-01-26 21:00:00+00:00,1.8903,1.9085,1.8869,1.9014,4130482.831777239
2026-01-26 22:00:00+00:00,1.89763,1.9052,1.8918,1.8974,1781042.4389821594
2026-01-26 23:00:00+00:00,1.89756,1.9148,1.8935,1.9023,2717300.84615777
2026-01-27 00:00:00+00:00,1.90195,1.9077,1.89597,1.9015,2246995.5297832503
2026-01-27 01:00:00+00:00,1.90157,1.9141,1.8955,1.9044,3073348.6492140507
2026-01-27 02:00:00+00:00,1.90427,1.9176,1.9025,1.9125,1499875.8386950796
2026-01-27 03:00:00+00:00,1.91253,1.9186,1.90569,1.9074,2826954.0454430003
2026-01-27 04:00:00+00:00,1.9075,1.9186,1.9039,1.9064,2890507.0973737007
2026-01-27 05:00:00+00:00,1.90655,1.9109,1.89821,1.89961,1341618.4081353203
2026-01-27 06:00:00+00:00,1.89962,1.9043,1.8917,1.8957,2287349.56626959
2026-01-27 07:00:00+00:00,1.89582,1.9021,1.8945,1.8972,1384280.0229926002
2026-01-27 08:00:00+00:00,1.8971,1.9041,1.8904,1.8922,892130.30266163
2026-01-27 09:00:00+00:00,1.8922,1.8959,1.8802,1.8808,2734475.23398136
2026-01-27 10:00:00+00:00,1.8805,1.89,1.88031,1.886,1502137.61503498
2026-01-27 11:00:00+00:00,1.88219,1.8933,1.87935,1.8863,1060816.8090229705
2026-01-27 12:00:00+00:00,1.8897,1.8937,1.8816,1.8826,1200167.04590157
2026-01-27 13:00:00+00:00,1.8826,1.8873,1.8716,1.8742,2097073.97593654
2026-01-27 14:00:00+00:00,1.8778,1.8978,1.8734,1.8812,4497266.74412205
2026-01-27 15:00:00+00:00,1.8845,1.8962,1.8768,1.8906,4797508.31964217
2026-01-27 16:00:00+00:00,1.89083,1.9171,1.8899,1.912,6274001.605077001
2026-01-27 17:00:00+00:00,1.9116,1.9156,1.8745,1.8784,7585024.373324933
2026-01-27 18:00:00+00:00,1.8784,1.9134,1.87608,1.9038,4721528.474712891
2026-01-27 19:00:00+00:00,1.90392,1.9118,1.89567,1.9043,3696098.276000791
2026-01-27 20:00:00+00:00,1.9042,1.9299,1.9032,1.9207,8355478.171354696
2026-01-27 21:00:00+00:00,1.9203,1.9301,1.9081,1.9097,5366926.54358636
2026-01-27 22:00:00+00:00,1.90959,1.9261,1.909,1.9162,2751757.857485111
2026-01-27 23:00:00+00:00,1.916,1.9214,1.912,1.91287,3024367.12055112
2026-01-28 00:00:00+00:00,1.9131,1.9188,1.9061,1.909,2528850.8519088705
2026-01-28 01:00:00+00:00,1.9089,1.9122,1.8945,1.9,2836759.414468859
2026-01-28 02:00:00+00:00,1.90011,1.9044,1.8916,1.8996,2544725.0835617096
2026-01-28 03:00:00+00:00,1.89954,1.9037,1.8947,1.899,1712898.14713304
2026-01-28 04:00:00+00:00,1.89923,1.9042,1.89399,1.8992,1294042.068047089
2026-01-28 05:00:00+00:00,1.899,1.9125,1.8968,1.9095,2340336.5231147404
2026-01-28 06:00:00+00:00,1.9095,1.9246,1.90946,1.9184,2282661.7231683703
2026-01-28 07:00:00+00:00,1.91857,1.9236,1.9108,1.9133,1116211.9812193902
2026-01-28 08:00:00+00:00,1.91328,1.9187,1.90573,1.9068,1183106.7983721693
2026-01-28 09:00:00+00:00,1.90697,1.933,1.9033,1.9295,1731755.88420055
2026-01-28 10:00:00+00:00,1.9292,1.9367,1.92358,1.9245,1567138.9056473502
2026-01-28 11:00:00+00:00,1.9249,1.942,1.9205,1.9389,1809812.52939818
2026-01-28 12:00:00+00:00,1.9389,1.9419,1.9212,1.9237,2585967.3051976305
2026-01-28 13:00:00+00:00,1.9237,1.9376,1.9226,1.9308,2579881.6108289403
2026-01-28 14:00:00+00:00,1.9334,1.9334,1.9125,1.91703,4148280.811844948
2026-01-28 15:00:00+00:00,1.9169,1.9243,1.8983,1.9053,3601961.56128996
2026-01-28 16:00:00+00:00,1.9079,1.9152,1.8983,1.9052,3026875.0896714297
2026-01-28 17:00:00+00:00,1.9052,1.9276,1.8975,1.9187,3876568.5932488698
2026-01-28 18:00:00+00:00,1.9188,1.921,1.9087,1.9132,3309953.7424628297
2026-01-28 19:00:00+00:00,1.913,1.9231,1.9041,1.9167,5367421.129743301
2026-01-28 20:00:00+00:00,1.9167,1.932,1.9124,1.9151,5396371.826929418
2026-01-28 21:00:00+00:00,1.9155,1.9217,1.9043,1.9124,4981788.5607543215
2026-01-28 22:00:00+00:00,1.9119,1.9192,1.90628,1.91564,2773551.9917306406
2026-01-28 23:00:00+00:00,1.91574,1.9191,1.9047,1.9082,2855162.244068261
2026-01-29 00:00:00+00:00,1.9082,1.9132,1.89723,1.90402,2275838.48749901
2026-01-29 01:00:00+00:00,1.904,1.9081,1.88721,1.8891,3565815.2844338
2026-01-29 02:00:00+00:00,1.88942,1.8955,1.86607,1.8719,5874468.400353542
2026-01-29 03:00:00+00:00,1.87204,1.8831,1.8678,1.8728,2646919.771634512
2026-01-29 04:00:00+00:00,1.8751,1.8785,1.86109,1.876,3692422.1547757294
2026-01-29 05:00:00+00:00,1.87589,1.8833,1.8748,1.8761,2073046.63788196
2026-01-29 06:00:00+00:00,1.87601,1.8886,1.875,1.8831,2680319.83957437
2026-01-29 07:00:00+00:00,1.883,1.8878,1.881,1.8831,1301879.5745804803
2026-01-29 08:00:00+00:00,1.883,1.8891,1.87366,1.8767,1467153.6028708906
2026-01-29 09:00:00+00:00,1.8767,1.88,1.8665,1.8702,4178313.161629521
2026-01-29 10:00:00+00:00,1.8706,1.8769,1.86702,1.8713,1882770.97737882
2026-01-29 11:00:00+00:00,1.87145,1.875,1.8644,1.86815,2098948.6164620603
2026-01-29 12:00:00+00:00,1.8682,1.8743,1.8626,1.87,2465604.8512485
2026-01-29 13:00:00+00:00,1.87,1.877,1.8698,1.8727,1683025.8716289098
2026-01-29 14:00:00+00:00,1.8728,1.878,1.8206,1.8233,14906558.08999804
2026-01-29 15:00:00+00:00,1.8236,1.8305,1.77868,1.7988,31012257.255198788
2026-01-29 16:00:00+00:00,1.799,1.8181,1.78883,1.8136,13558874.96306126
2026-01-29 17:00:00+00:00,1.81359,1.8421,1.8101,1.8103,12247047.646599691
2026-01-29 18:00:00+00:00,1.8103,1.8178,1.7801,1.7818,13985354.271158254
2026-01-29 19:00:00+00:00,1.78187,1.7962,1.7748,1.7863,9881062.31488122
2026-01-29 20:00:00+00:00,1.7863,1.8081,1.78234,1.7985,10936426.206177749
2026-01-29 21:00:00+00:00,1.7985,1.8067,1.793,1.8025,5523349.659156308
2026-01-29 22:00:00+00:00,1.80281,1.8131,1.8004,1.8072,3425922.2272562208
2026-01-29 23:00:00+00:00,1.81,1.8105,1.7947,1.8046,3843406.50127615
2026-01-30 00:00:00+00:00,1.80472,1.8128,1.7944,1.7956,3515730.7934307
2026-01-30 01:00:00+00:00,1.79563,1.8162,1.71,1.7537,29614384.116148163
2026-01-30 02:00:00+00:00,1.75383,1.7618,1.7192,1.7454,13876355.634424984
2026-01-30 03:00:00+00:00,1.7453,1.7612,1.7379,1.7453,6476529.937625199
2026-01-30 04:00:00+00:00,1.7453,1.7748,1.7447,1.7606,7728095.20135141
2026-01-30 05:00:00+00:00,1.7607,1.7701,1.755,1.7611,3197816.773456808
2026-01-30 06:00:00+00:00,1.76129,1.7652,1.72724,1.737,4855241.187251412
2026-01-30 07:00:00+00:00,1.7369,1.7629,1.7356,1.7601,3776660.783992341
2026-01-30 08:00:00+00:00,1.7559,1.7642,1.7404,1.7463,4124405.11496487
2026-01-30 09:00:00+00:00,1.7463,1.7558,1.7304,1.73757,6206420.158658358
2026-01-30 10:00:00+00:00,1.7373,1.753,1.7347,1.7476,2640126.585501049
2026-01-30 11:00:00+00:00,1.74714,1.7754,1.745,1.7665,3367803.813508361
2026-01-30 12:00:00+00:00,1.7665,1.776,1.7558,1.75862,4824639.873958108
2026-01-30 13:00:00+00:00,1.75852,1.7654,1.742,1.7496,4411623.325170292
2026-01-30 14:00:00+00:00,1.7537,1.7793,1.7497,1.7594,10160334.892032934
2026-01-30 15:00:00+00:00,1.7594,1.7834,1.73874,1.75723,32808283.971499905
2026-01-30 16:00:00+00:00,1.7565,1.7756,1.7452,1.7599,7126916.833486029
2026-01-30 17:00:00+00:00,1.7599,1.7741,1.7464,1.7504,8138058.544093308
2026-01-30 18:00:00+00:00,1.7502,1.7807,1.7087,1.7705,17899456.796535347
2026-01-30 19:00:00+00:00,1.77065,1.7843,1.7648,1.7687,9091983.659641502
2026-01-30 20:00:00+00:00,1.76908,1.7707,1.7304,1.7365,12061037.83027464
2026-01-30 21:00:00+00:00,1.7363,1.7507,1.7216,1.72637,7024218.407828099
2026-01-30 22:00:00+00:00,1.72602,1.736,1.7145,1.7263,5467426.328701299
2026-01-30 23:00:00+00:00,1.72639,1.7362,1.72,1.7327,3904927.3373795697
2026-01-31 00:00:00+00:00,1.7327,1.7403,1.7304,1.73435,3111183.5711418586
2026-01-31 01:00:00+00:00,1.73435,1.747,1.7326,1.7444,3433527.732060611
2026-01-31 02:00:00+00:00,1.74436,1.7541,1.7315,1.7469,3111542.7474587504
2026-01-31 03:00:00+00:00,1.74672,1.7522,1.7395,1.7419,3499751.7709047706
2026-01-31 04:00:00+00:00,1.742,1.7484,1.7331,1.7353,2890269.6005133
2026-01-31 05:00:00+00:00,1.73523,1.7387,1.72754,1.73533,1511031.2741083305
2026-01-31 06:00:00+00:00,1.7352,1.7398,1.719,1.7266,1837912.4654404104
2026-01-31 07:00:00+00:00,1.7267,1.7331,1.7083,1.7165,3610785.91387118
2026-01-31 08:00:00+00:00,1.71662,1.7219,1.67709,1.692,13087743.613547271
2026-01-31 09:00:00+00:00,1.6921,1.7068,1.6875,1.6978,3570670.101299328
2026-01-31 10:00:00+00:00,1.6979,1.7119,1.692,1.70407,4626463.862697572
2026-01-31 11:00:00+00:00,1.70407,1.7074,1.696,1.6993,2461780.881536531
2026-01-31 12:00:00+00:00,1.69925,1.703,1.68309,1.6876,5210666.436576861
2026-01-31 13:00:00+00:00,1.6877,1.6919,1.6696,1.6738,6240692.170638459
2026-01-31 14:00:00+00:00,1.6736,1.6819,1.61,1.63854,29788764.94991116
2026-01-31 15:00:00+00:00,1.6382,1.6609,1.6301,1.63255,15869408.196673715
2026-01-31 16:00:00+00:00,1.6326,1.6503,1.6007,1.6079,22659664.65977989
2026-01-31 17:00:00+00:00,1.6079,1.6166,1.5154,1.5658,48738783.227406
2026-01-31 18:00:00+00:00,1.5684,1.6074,1.50041,1.5833,31006864.676296208
2026-01-31 19:00:00+00:00,1.58302,1.6116,1.5721,1.5806,22916943.211200725
2026-01-31 20:00:00+00:00,1.5807,1.6021,1.5693,1.5921,15199966.737000331
2026-01-31 21:00:00+00:00,1.59178,1.6284,1.5858,1.6189,17001936.213362936
2026-01-31 22:00:00+00:00,1.6218,1.6231,1.6017,1.6129,7120970.388627639
2026-01-31 23:00:00+00:00,1.6128,1.6557,1.61151,1.6455,11428672.455235569
2026-02-01 00:00:00+00:00,1.6454,1.6775,1.6416,1.6626,12168624.589395788
2026-02-01 01:00:00+00:00,1.66281,1.6673,1.6438,1.6591,9627338.162067648
2026-02-01 02:00:00+00:00,1.65889,1.6816,1.6558,1.6691,7704465.781329954
2026-02-01 03:00:00+00:00,1.66844,1.6745,1.6573,1.6682,5982695.153309917
2026-02-01 04:00:00+00:00,1.665,1.6751,1.6597,1.664,3189619.56915391
2026-02-01 05:00:00+00:00,1.66427,1.6709,1.6541,1.6569,4834262.569356191
2026-02-01 06:00:00+00:00,1.65708,1.6742,1.6515,1.6552,5085148.998271161
2026-02-01 07:00:00+00:00,1.6552,1.6726,1.64541,1.65737,8795364.022799898
2026-02-01 08:00:00+00:00,1.6574,1.6783,1.6563,1.6617,4055341.129255127
2026-02-01 09:00:00+00:00,1.6649,1.6704,1.65164,1.6658,2996169.326390421
2026-02-01 10:00:00+00:00,1.66574,1.6694,1.6307,1.6314,4462241.103483881
2026-02-01 11:00:00+00:00,1.63149,1.6557,1.63074,1.6486,3252164.460541588
2026-02-01 12:00:00+00:00,1.64867,1.6516,1.6316,1.6391,3831863.684467559
2026-02-01 13:00:00+00:00,1.6391,1.6537,1.6246,1.6307,3944223.6237049615
2026-02-01 14:00:00+00:00,1.6285,1.6334,1.59585,1.6151,10567242.021197258
2026-02-01 15:00:00+00:00,1.615,1.6192,1.5672,1.5936,16022725.386665754
2026-02-01 16:00:00+00:00,1.5937,1.6092,1.58019,1.5912,8129491.685791708
2026-02-01 17:00:00+00:00,1.5915,1.6031,1.58444,1.60061,5467113.270541951
2026-02-01 18:00:00+00:00,1.6006,1.6274,1.6001,1.6141,8778976.746145338
2026-02-01 19:00:00+00:00,1.6142,1.6201,1.5895,1.5985,5583253.565012352
2026-02-01 20:00:00+00:00,1.5983,1.6145,1.5786,1.59737,7777487.30507511
2026-02-01 21:00:00+00:00,1.5978,1.6016,1.5806,1.5889,8398730.386373132
2026-02-01 22:00:00+00:00,1.589,1.6155,1.5847,1.5988,6975169.966352711
2026-02-01 23:00:00+00:00,1.5988,1.6134,1.551,1.5894,26648859.234641865
2026-02-02 00:00:00+00:00,1.58932,1.6197,1.57652,1.6033,15452501.168620232
2026-02-02 01:00:00+00:00,1.6033,1.6172,1.5801,1.6006,10175490.819707882
2026-02-02 02:00:00+00:00,1.60074,1.6108,1.5847,1.589,9675625.561274797
2026-02-02 03:00:00+00:00,1.58926,1.5931,1.529,1.5793,35722863.60984425
2026-02-02 04:00:00+00:00,1.5794,1.6016,1.5558,1.575,9179655.558694214
2026-02-02 05:00:00+00:00,1.5749,1.5806,1.5318,1.5475,19385564.67961839
2026-02-02 06:00:00+00:00,1.54786,1.5973,1.5296,1.5781,22813348.5008106
2026-02-02 07:00:00+00:00,1.5784,1.5983,1.5733,1.5775,9592954.339824872
2026-02-02 08:00:00+00:00,1.57778,1.6024,1.5777,1.5883,7037559.162164269
2026-02-02 09:00:00+00:00,1.58816,1.6171,1.5854,1.6116,10511644.567526
2026-02-02 10:00:00+00:00,1.60761,1.617,1.6031,1.61,5725896.956563381
2026-02-02 11:00:00+00:00,1.61007,1.6293,1.61007,1.6198,10088736.94765337
2026-02-02 12:00:00+00:00,1.6198,1.6573,1.61921,1.6446,14869027.221816488
2026-02-02 13:00:00+00:00,1.6444,1.6535,1.6338,1.63753,10294610.604300171
2026-02-02 14:00:00+00:00,1.6373,1.6509,1.6202,1.628,20987560.72404798
2026-02-02 15:00:00+00:00,1.6281,1.6563,1.6243,1.6415,12454458.93881097
2026-02-02 16:00:00+00:00,1.6415,1.6585,1.6362,1.6431,7563150.992099556
2026-02-02 17:00:00+00:00,1.643,1.6548,1.6364,1.6443,7267197.773888338
2026-02-02 18:00:00+00:00,1.6409,1.6526,1.6329,1.6405,5495638.89919144
2026-02-02 19:00:00+00:00,1.64052,1.6444,1.6236,1.6283,5097714.580178762
2026-02-02 20:00:00+00:00,1.6243,1.635,1.6102,1.6126,6994369.101214535
2026-02-02 21:00:00+00:00,1.6128,1.6284,1.6119,1.6219,3699937.4348178
2026-02-02 22:00:00+00:00,1.62189,1.6354,1.6201,1.6248,4000858.90974936
2026-02-02 23:00:00+00:00,1.6247,1.6292,1.6162,1.6183,3192812.90690314
2026-02-03 00:00:00+00:00,1.6181,1.624,1.60555,1.6168,3216104.2331884983
2026-02-03 01:00:00+00:00,1.61695,1.6201,1.6056,1.6156,4298304.69844783
2026-02-03 02:00:00+00:00,1.61578,1.6196,1.589,1.5909,5330306.787152547
2026-02-03 03:00:00+00:00,1.591,1.6164,1.5861,1.6147,6435152.81937195
2026-02-03 04:00:00+00:00,1.6119,1.6259,1.6078,1.62043,4122253.82574793
2026-02-03 05:00:00+00:00,1.62083,1.6241,1.6053,1.6064,3011679.7249043905
2026-02-03 06:00:00+00:00,1.60654,1.6145,1.5973,1.6138,3197509.3904845407
2026-02-03 07:00:00+00:00,1.6138,1.6251,1.6059,1.616,3728354.4163976894
2026-02-03 08:00:00+00:00,1.6186,1.627,1.61077,1.6151,2477257.35211849
2026-02-03 09:00:00+00:00,1.6152,1.6239,1.5941,1.6024,6594905.36692866
2026-02-03 10:00:00+00:00,1.60245,1.6098,1.5957,1.5986,2489949.069195549
2026-02-03 11:00:00+00:00,1.59861,1.609,1.5963,1.6016,2458015.209554139
2026-02-03 12:00:00+00:00,1.60195,1.6123,1.597,1.6067,2672038.73096685
2026-02-03 13:00:00+00:00,1.6067,1.6175,1.6023,1.6111,3034331.258770162
2026-02-03 14:00:00+00:00,1.61111,1.6173,1.5814,1.5818,12742974.347551778
2026-02-03 15:00:00+00:00,1.5816,1.6232,1.57769,1.6171,19041888.00164737
2026-02-03 16:00:00+00:00,1.6168,1.6201,1.5805,1.5845,16672988.888016457
2026-02-03 17:00:00+00:00,1.5844,1.5908,1.5558,1.5566,15696881.511168811
2026-02-03 18:00:00+00:00,1.55652,1.5656,1.5247,1.5295,25201337.101172403
2026-02-03 19:00:00+00:00,1.52989,1.5918,1.5253,1.5793,23753358.52144397
2026-02-03 20:00:00+00:00,1.5792,1.643,1.5643,1.6159,20948521.238133207
2026-02-03 21:00:00+00:00,1.6161,1.6308,1.5988,1.60032,10665536.313254088
2026-02-03 22:00:00+00:00,1.6044,1.6062,1.5811,1.5861,7838281.954947981
2026-02-03 23:00:00+00:00,1.5861,1.591,1.5667,1.5769,6925562.288755461
2026-02-04 00:00:00+00:00,1.5768,1.5877,1.5645,1.5736,6458795.680255522
2026-02-04 01:00:00+00:00,1.57367,1.6029,1.5736,1.5898,6942589.891524008
2026-02-04 02:00:00+00:00,1.58978,1.5968,1.5734,1.5833,4583527.30200708
2026-02-04 03:00:00+00:00,1.58329,1.6066,1.58,1.6014,11932242.854501728
2026-02-04 04:00:00+00:00,1.59733,1.6055,1.59,1.5926,3002410.4630901506
2026-02-04 05:00:00+00:00,1.5967,1.598,1.5806,1.58431,3229982.9050832004
2026-02-04 06:00:00+00:00,1.58426,1.6067,1.5832,1.5992,4389064.13989931
2026-02-04 07:00:00+00:00,1.59916,1.61,1.5957,1.6031,4507299.863650039
2026-02-04 08:00:00+00:00,1.60333,1.6136,1.5976,1.6076,2077642.9347523192
2026-02-04 09:00:00+00:00,1.6112,1.6112,1.5947,1.5962,3978070.511456098
2026-02-04 10:00:00+00:00,1.59614,1.6048,1.59276,1.5934,2396854.7258720705
2026-02-04 11:00:00+00:00,1.5935,1.6009,1.57568,1.59,5505153.873992251
2026-02-04 12:00:00+00:00,1.5902,1.5997,1.5861,1.5886,3033312.4549882007
2026-02-04 13:00:00+00:00,1.5886,1.593,1.5623,1.5625,7173520.622300032
2026-02-04 14:00:00+00:00,1.5623,1.5735,1.5405,1.5427,15956755.63174562
2026-02-04 15:00:00+00:00,1.5427,1.5646,1.528,1.5417,23262557.73740575
2026-02-04 16:00:00+00:00,1.5417,1.5498,1.5124,1.5292,23040622.599997617
2026-02-04 17:00:00+00:00,1.529,1.5396,1.50231,1.5189,17457802.802358985
2026-02-04 18:00:00+00:00,1.5186,1.5563,1.5018,1.5318,19341998.428913265
2026-02-04 19:00:00+00:00,1.53166,1.5583,1.5225,1.5517,10939510.648647375
2026-02-04 20:00:00+00:00,1.5516,1.5578,1.532,1.5335,6601255.976590578
2026-02-04 21:00:00+00:00,1.5335,1.5413,1.5033,1.5145,9465086.945039775
2026-02-04 22:00:00+00:00,1.51459,1.5469,1.49085,1.5073,17269015.518340852
2026-02-04 23:00:00+00:00,1.50748,1.5285,1.5022,1.5085,9957348.3500855
2026-02-05 00:00:00+00:00,1.5086,1.517,1.48533,1.4878,9776733.03638004
2026-02-05 01:00:00+00:00,1.4879,1.5042,1.4571,1.4716,20318895.894929383
2026-02-05 02:00:00+00:00,1.4716,1.4845,1.4474,1.4498,18794148.839382112
2026-02-05 03:00:00+00:00,1.45008,1.4684,1.4344,1.4403,20719389.39446228
2026-02-05 04:00:00+00:00,1.44044,1.4598,1.4333,1.4425,15729661.152241966
2026-02-05 05:00:00+00:00,1.4426,1.4587,1.4271,1.4385,11339425.965720031
2026-02-05 06:00:00+00:00,1.43856,1.4456,1.4151,1.4235,12509352.52018844
2026-02-05 07:00:00+00:00,1.4234,1.4511,1.4222,1.4294,8537326.793011215
2026-02-05 08:00:00+00:00,1.4293,1.4444,1.408,1.4248,7481599.511166099
2026-02-05 09:00:00+00:00,1.4248,1.4463,1.4097,1.4115,10141463.704402467
2026-02-05 10:00:00+00:00,1.41158,1.4173,1.354,1.3647,20941092.154080603
2026-02-05 11:00:00+00:00,1.36466,1.3854,1.34,1.3628,24038071.1048848
2026-02-05 12:00:00+00:00,1.36257,1.38,1.3515,1.36283,19436644.93169033
2026-02-05 13:00:00+00:00,1.3627,1.3705,1.3264,1.35,24520489.03892619
2026-02-05 14:00:00+00:00,1.3501,1.3864,1.3498,1.3554,24287026.610854376
2026-02-05 15:00:00+00:00,1.3551,1.3653,1.2655,1.2945,70866576.45824309
2026-02-05 16:00:00+00:00,1.2945,1.3113,1.2688,1.27754,46693771.58224575
2026-02-05 17:00:00+00:00,1.2778,1.2857,1.215,1.2478,70102175.2016658
2026-02-05 18:00:00+00:00,1.2478,1.2683,1.2136,1.2587,48025923.831000425
2026-02-05 19:00:00+00:00,1.25831,1.2649,1.2053,1.211,42016231.527621314
2026-02-05 20:00:00+00:00,1.2109,1.225,1.135,1.1877,92382421.84732908
2026-02-05 21:00:00+00:00,1.1878,1.2086,1.14958,1.1599,60756190.73764776
2026-02-05 22:00:00+00:00,1.1601,1.29,1.14273,1.2232,48867143.57197768
2026-02-05 23:00:00+00:00,1.2232,1.2701,1.2063,1.2122,48446818.23628525
2026-02-06 00:00:00+00:00,1.21258,1.2372,1.11028,1.2154,72660663.67980282
2026-02-06 01:00:00+00:00,1.21602,1.3452,1.2125,1.27963,46483998.089649074
2026-02-06 02:00:00+00:00,1.27972,1.2877,1.241,1.2634,31036692.62585312
2026-02-06 03:00:00+00:00,1.26022,1.2774,1.2545,1.2686,17789237.62800637
2026-02-06 04:00:00+00:00,1.2687,1.2926,1.261,1.2796,15480949.799061064
2026-02-06 05:00:00+00:00,1.2794,1.3324,1.2765,1.3286,26093682.18839738
2026-02-06 06:00:00+00:00,1.32878,1.3368,1.2997,1.3019,15119194.905964952
2026-02-06 07:00:00+00:00,1.3018,1.3148,1.2858,1.2906,13768385.992574535
2026-02-06 08:00:00+00:00,1.29062,1.31,1.2833,1.301,12008773.71012317
2026-02-06 09:00:00+00:00,1.3008,1.3321,1.291,1.3309,13053396.79021138
2026-02-06 10:00:00+00:00,1.3279,1.389,1.3259,1.3568,25461942.484741453
2026-02-06 11:00:00+00:00,1.357,1.3715,1.3493,1.3668,17058999.295707855
2026-02-06 12:00:00+00:00,1.3665,1.3843,1.3565,1.3803,16467208.843013156
2026-02-06 13:00:00+00:00,1.3804,1.4422,1.3745,1.4283,40543477.80694288
2026-02-06 14:00:00+00:00,1.4283,1.4878,1.4016,1.479,45039189.09467911
2026-02-06 15:00:00+00:00,1.479,1.5494,1.4625,1.5124,62112951.38055885
2026-02-06 16:00:00+00:00,1.5127,1.5346,1.4859,1.4894,42197553.59757923
2026-02-06 17:00:00+00:00,1.4894,1.55,1.4808,1.4945,35504000.44529901
2026-02-06 18:00:00+00:00,1.494,1.4964,1.44917,1.4563,28315913.81380053
2026-02-06 19:00:00+00:00,1.45605,1.46638,1.4358,1.4549,25086791.392307483
2026-02-06 20:00:00+00:00,1.4552,1.465,1.4371,1.4476,22008715.894759595
2026-02-06 21:00:00+00:00,1.4477,1.4672,1.3737,1.4572,23357683.11171523
2026-02-06 22:00:00+00:00,1.4572,1.4915,1.4535,1.488,19420301.41024136
2026-02-06 23:00:00+00:00,1.4881,1.4999,1.46321,1.4686,17985259.05718629
2026-02-07 00:00:00+00:00,1.4686,1.4881,1.4444,1.4574,29559357.3960043
2026-02-07 01:00:00+00:00,1.4573,1.4775,1.43147,1.4668,16721560.631156169
2026-02-07 02:00:00+00:00,1.4668,1.4741,1.45424,1.4614,7694340.819022464
2026-02-07 03:00:00+00:00,1.4595,1.4863,1.4572,1.4727,11856168.64037409
2026-02-07 04:00:00+00:00,1.4726,1.4863,1.4507,1.4607,8701476.21776009
2026-02-07 05:00:00+00:00,1.4606,1.4711,1.45137,1.4589,7475927.019645169
2026-02-07 06:00:00+00:00,1.45875,1.471,1.433,1.4334,10684532.910539592
2026-02-07 07:00:00+00:00,1.4334,1.4479,1.4054,1.4148,17071177.829053227
2026-02-07 08:00:00+00:00,1.41267,1.4305,1.4016,1.4226,9336480.479483869
2026-02-07 09:00:00+00:00,1.4229,1.4287,1.40516,1.4146,7128796.6067307405
2026-02-07 10:00:00+00:00,1.4122,1.4198,1.3854,1.4008,11328333.961475655
2026-02-07 11:00:00+00:00,1.39854,1.4044,1.3827,1.3934,8586992.661388481
2026-02-07 12:00:00+00:00,1.39121,1.4419,1.3895,1.4167,18948526.95766975
2026-02-07 13:00:00+00:00,1.4168,1.4266,1.3941,1.4026,10724993.343416551
2026-02-07 14:00:00+00:00,1.4026,1.4117,1.3898,1.3989,9228228.6911829
2026-02-07 15:00:00+00:00,1.399,1.4207,1.396,1.4091,12041496.573653722
2026-02-07 16:00:00+00:00,1.4092,1.4375,1.4041,1.4178,20333189.185134336
2026-02-07 17:00:00+00:00,1.4178,1.4313,1.40852,1.4237,5477060.58734847
2026-02-07 18:00:00+00:00,1.4226,1.4498,1.4226,1.44009,10175676.219878882
2026-02-07 19:00:00+00:00,1.44009,1.4417,1.4275,1.4299,5148845.399086867
2026-02-07 20:00:00+00:00,1.4299,1.4426,1.4261,1.4378,4336578.212642061
2026-02-07 21:00:00+00:00,1.4355,1.4396,1.4266,1.42845,4502247.2693170775
2026-02-07 22:00:00+00:00,1.4282,1.4344,1.41902,1.422,5100835.84425849
2026-02-07 23:00:00+00:00,1.422,1.429,1.4121,1.4223,3751734.688742132
2026-02-08 00:00:00+00:00,1.4223,1.4298,1.4132,1.4195,6752592.994982473
2026-02-08 01:00:00+00:00,1.4194,1.4388,1.4186,1.4315,5240201.194767168
2026-02-08 02:00:00+00:00,1.4315,1.4431,1.42253,1.4288,4824190.742273089
2026-02-08 03:00:00+00:00,1.42906,1.4347,1.4122,1.416,3649519.84193917
2026-02-08 04:00:00+00:00,1.41614,1.4252,1.4085,1.422,3468875.4091058685
2026-02-08 05:00:00+00:00,1.42225,1.427,1.415,1.4172,1576939.9503519498
2026-02-08 06:00:00+00:00,1.4172,1.4233,1.4129,1.4152,1999447.7843135605
2026-02-08 07:00:00+00:00,1.4152,1.4221,1.411,1.4199,2395698.079515181
2026-02-08 08:00:00+00:00,1.4198,1.4636,1.4183,1.4523,8869189.032774212
2026-02-08 09:00:00+00:00,1.4523,1.4597,1.4314,1.4393,8232832.27923478
2026-02-08 10:00:00+00:00,1.4367,1.4469,1.42395,1.4302,4308850.11812848
2026-02-08 11:00:00+00:00,1.4302,1.4534,1.429,1.4517,4874748.407066781
2026-02-08 12:00:00+00:00,1.4521,1.4576,1.4421,1.455,4848330.05126998
2026-02-08 13:00:00+00:00,1.45493,1.4703,1.4484,1.4609,6734664.502947638
2026-02-08 14:00:00+00:00,1.46099,1.4693,1.4563,1.4608,7667681.277330101
2026-02-08 15:00:00+00:00,1.4607,1.465,1.4293,1.4394,8013549.365286949
2026-02-08 16:00:00+00:00,1.4393,1.4469,1.4088,1.4174,10630709.439130183
2026-02-08 17:00:00+00:00,1.4171,1.4364,1.4167,1.4301,4705950.15635011
2026-02-08 18:00:00+00:00,1.4301,1.4535,1.4281,1.4382,7639099.816548114
2026-02-08 19:00:00+00:00,1.43802,1.4524,1.4374,1.4491,5844841.96443799
2026-02-08 20:00:00+00:00,1.4512,1.4512,1.4331,1.4363,4499329.14696075
2026-02-08 21:00:00+00:00,1.4379,1.4414,1.4236,1.4265,4826210.5455323
2026-02-08 22:00:00+00:00,1.4265,1.4387,1.4238,1.4343,3306317.0870430707
2026-02-08 23:00:00+00:00,1.4345,1.4631,1.42107,1.4299,17037107.052075326
2026-02-09 00:00:00+00:00,1.42993,1.4423,1.4237,1.4319,5636700.557578011
2026-02-09 01:00:00+00:00,1.4318,1.4456,1.4183,1.42338,7330336.97311253
2026-02-09 02:00:00+00:00,1.4232,1.4551,1.4195,1.4415,7141363.703823239
2026-02-09 03:00:00+00:00,1.4415,1.4553,1.4394,1.451,5677665.058049412
2026-02-09 04:00:00+00:00,1.45123,1.4538,1.4428,1.4471,3624579.58158092
2026-02-09 05:00:00+00:00,1.44715,1.4563,1.44,1.4503,3835615.12164513
2026-02-09 06:00:00+00:00,1.45026,1.452,1.4267,1.4347,5890282.981575503
2026-02-09 07:00:00+00:00,1.4346,1.44,1.4203,1.4264,4198093.49024962
2026-02-09 08:00:00+00:00,1.42473,1.4303,1.39994,1.408,7234458.061428092
2026-02-09 09:00:00+00:00,1.40608,1.4131,1.3928,1.4,5707320.699559899
2026-02-09 10:00:00+00:00,1.3976,1.4075,1.37138,1.38186,9780744.27243542
2026-02-09 11:00:00+00:00,1.38191,1.3978,1.3817,1.3918,5319780.902398212
2026-02-09 12:00:00+00:00,1.3919,1.4151,1.3918,1.4072,7233337.622594197
2026-02-09 13:00:00+00:00,1.40725,1.4124,1.394,1.3945,7225759.149542225
2026-02-09 14:00:00+00:00,1.3947,1.4389,1.394,1.4301,16177086.23806517
2026-02-09 15:00:00+00:00,1.43,1.4502,1.4199,1.4456,11643105.663153771
2026-02-09 16:00:00+00:00,1.44587,1.465,1.4351,1.4511,13554162.21661619
2026-02-09 17:00:00+00:00,1.4508,1.4566,1.4326,1.4497,13424483.693768742
2026-02-09 18:00:00+00:00,1.4497,1.4596,1.4359,1.4427,9502388.554461056
2026-02-09 19:00:00+00:00,1.4426,1.4568,1.4407,1.452,5597251.632788601
2026-02-09 20:00:00+00:00,1.452,1.458,1.4434,1.4536,6402730.02033944
2026-02-09 21:00:00+00:00,1.4537,1.4597,1.4382,1.4503,6865225.12392189
2026-02-09 22:00:00+00:00,1.4503,1.453,1.4422,1.4436,2637678.2153762584
2026-02-09 23:00:00+00:00,1.4437,1.4496,1.434,1.43646,3230038.3893541205
2026-02-10 00:00:00+00:00,1.4363,1.4432,1.4332,1.4363,3190376.13081282
2026-02-10 01:00:00+00:00,1.4364,1.4536,1.4358,1.4472,4287121.281570129
2026-02-10 02:00:00+00:00,1.4476,1.4498,1.44184,1.4465,1955363.5775412505
2026-02-10 03:00:00+00:00,1.4481,1.4515,1.4271,1.4339,6035992.697846526
2026-02-10 04:00:00+00:00,1.43409,1.453,1.4334,1.4484,3100169.0835879007
2026-02-10 05:00:00+00:00,1.44642,1.4495,1.4358,1.4408,2506528.0387103003
2026-02-10 06:00:00+00:00,1.44101,1.443,1.41305,1.4213,4917641.911419779
2026-02-10 07:00:00+00:00,1.4212,1.4288,1.4187,1.423,2116699.81981131
2026-02-10 08:00:00+00:00,1.421,1.433,1.4132,1.4283,2489882.8870721897
2026-02-10 09:00:00+00:00,1.4281,1.4364,1.4157,1.4198,3510038.0389361894
2026-02-10 10:00:00+00:00,1.4218,1.4239,1.4135,1.41475,2260408.3679627688
2026-02-10 11:00:00+00:00,1.41487,1.4198,1.4052,1.40688,3562190.917621897
2026-02-10 12:00:00+00:00,1.40694,1.4142,1.4044,1.4079,3852521.997615678
2026-02-10 13:00:00+00:00,1.4079,1.4174,1.4025,1.4142,4471499.157732698
2026-02-10 14:00:00+00:00,1.414,1.4257,1.39128,1.4017,10209843.087249996
2026-02-10 15:00:00+00:00,1.4015,1.4146,1.3964,1.4061,9337502.629069958
2026-02-10 16:00:00+00:00,1.4061,1.4213,1.3983,1.41587,6600125.123784499
2026-02-10 17:00:00+00:00,1.4156,1.4301,1.4131,1.42428,7584566.691675879
2026-02-10 18:00:00+00:00,1.4241,1.4269,1.3932,1.4013,9191010.799221562
2026-02-10 19:00:00+00:00,1.4012,1.4106,1.3962,1.40025,5714967.913843159
2026-02-10 20:00:00+00:00,1.4002,1.4038,1.3915,1.3959,6940639.447967082
2026-02-10 21:00:00+00:00,1.3958,1.4031,1.391,1.3935,4733924.02511864
2026-02-10 22:00:00+00:00,1.3935,1.4055,1.3927,1.3991,3976482.4424720095
2026-02-10 23:00:00+00:00,1.3991,1.4031,1.3945,1.399,2860548.9781916304
2026-02-11 00:00:00+00:00,1.3989,1.4147,1.3983,1.4091,4393842.686411702
2026-02-11 01:00:00+00:00,1.40923,1.416,1.4057,1.4099,4144925.438180801
2026-02-11 02:00:00+00:00,1.40989,1.4219,1.4089,1.4093,5341415.893608082
2026-02-11 03:00:00+00:00,1.40938,1.4127,1.3933,1.4034,5941061.280619902
2026-02-11 04:00:00+00:00,1.40334,1.4104,1.3789,1.3854,11025175.539787062
2026-02-11 05:00:00+00:00,1.3837,1.3934,1.3737,1.3751,4690098.390644411
2026-02-11 06:00:00+00:00,1.3752,1.3791,1.3567,1.3586,11076727.846290434
2026-02-11 07:00:00+00:00,1.35878,1.3737,1.3573,1.3658,4207653.22300809
2026-02-11 08:00:00+00:00,1.3658,1.3734,1.36,1.3663,4523287.916756559
2026-02-11 09:00:00+00:00,1.3663,1.3703,1.3559,1.3607,4767897.005289871
2026-02-11 10:00:00+00:00,1.3607,1.3658,1.3546,1.36088,4326472.25401851
2026-02-11 11:00:00+00:00,1.3606,1.3815,1.36,1.3782,6311568.094819224
2026-02-11 12:00:00+00:00,1.3781,1.3808,1.3701,1.3721,4391898.901016391
2026-02-11 13:00:00+00:00,1.372,1.38139,1.3595,1.3753,10951751.38908916
2026-02-11 14:00:00+00:00,1.375,1.4108,1.35649,1.3612,23763461.452999245
2026-02-11 15:00:00+00:00,1.3612,1.3703,1.3451,1.3536,22187230.36818579
2026-02-11 16:00:00+00:00,1.3533,1.3709,1.3434,1.3441,12002291.294767763
2026-02-11 17:00:00+00:00,1.344,1.3814,1.3414,1.3693,11373435.47257123
2026-02-11 18:00:00+00:00,1.3693,1.3853,1.3609,1.3774,7671056.984548839
2026-02-11 19:00:00+00:00,1.3772,1.3881,1.3707,1.378,5965213.965090174
2026-02-11 20:00:00+00:00,1.3778,1.3875,1.3737,1.3807,6510261.534334939
2026-02-11 21:00:00+00:00,1.3805,1.3983,1.3784,1.38248,9643749.21208841
2026-02-11 22:00:00+00:00,1.38246,1.3861,1.3686,1.3706,5381368.016295623
2026-02-11 23:00:00+00:00,1.3707,1.3743,1.3583,1.3687,6171917.855928269
2026-02-12 00:00:00+00:00,1.3688,1.386,1.3672,1.3764,5108574.146604
2026-02-12 01:00:00+00:00,1.3764,1.3877,1.3764,1.3801,3763128.7640303792
2026-02-12 02:00:00+00:00,1.38034,1.3862,1.3733,1.3784,2891066.933830599
2026-02-12 03:00:00+00:00,1.37611,1.3809,1.37026,1.3743,2428515.128332461
2026-02-12 04:00:00+00:00,1.3744,1.3816,1.371,1.3745,2419531.38235614
2026-02-12 05:00:00+00:00,1.37444,1.3827,1.3716,1.3816,3214350.33896456
2026-02-12 06:00:00+00:00,1.37957,1.3897,1.3771,1.3846,1944118.7129203605
2026-02-12 07:00:00+00:00,1.3821,1.387,1.37543,1.381,2216233.5528713893
2026-02-12 08:00:00+00:00,1.381,1.3856,1.37617,1.3811,2647861.268887029
2026-02-12 09:00:00+00:00,1.3811,1.3976,1.3792,1.3952,3234537.14840819
2026-02-12 10:00:00+00:00,1.3951,1.4046,1.3883,1.4029,2573963.9462464703
2026-02-12 11:00:00+00:00,1.40308,1.4089,1.3926,1.401,4617856.159486632
2026-02-12 12:00:00+00:00,1.4008,1.4042,1.3891,1.3919,2463153.175943329
2026-02-12 13:00:00+00:00,1.3935,1.403,1.3846,1.4011,4618024.166605311
2026-02-12 14:00:00+00:00,1.4007,1.403,1.3835,1.3901,7807148.256739831
2026-02-12 15:00:00+00:00,1.3887,1.3975,1.3744,1.3753,12451329.149825886
2026-02-12 16:00:00+00:00,1.3753,1.3791,1.3456,1.3522,18930832.33431556
2026-02-12 17:00:00+00:00,1.3521,1.3816,1.34519,1.36179,9478209.878949804
2026-02-12 18:00:00+00:00,1.3615,1.3695,1.3511,1.3622,6474542.99699701
2026-02-12 19:00:00+00:00,1.3622,1.3781,1.3539,1.3636,5437495.384103467
2026-02-12 20:00:00+00:00,1.3636,1.3685,1.3496,1.3509,6420448.466526668
2026-02-12 21:00:00+00:00,1.351,1.3598,1.3477,1.3539,4512733.970966768
2026-02-12 22:00:00+00:00,1.35101,1.368,1.3488,1.3626,3929324.3508116007
2026-02-12 23:00:00+00:00,1.3628,1.3722,1.3593,1.3624,5179902.332208518
2026-02-13 00:00:00+00:00,1.36243,1.3702,1.3477,1.3523,4795824.454966396
2026-02-13 01:00:00+00:00,1.35246,1.3647,1.3483,1.3565,3101452.112306529
2026-02-13 02:00:00+00:00,1.35663,1.3706,1.3558,1.3654,3307723.84684797
2026-02-13 03:00:00+00:00,1.3655,1.3733,1.3608,1.3669,3131621.34062987
2026-02-13 04:00:00+00:00,1.3644,1.3698,1.3561,1.35684,2731880.169526151
2026-02-13 05:00:00+00:00,1.357,1.3627,1.35175,1.3521,1826564.5394298304
2026-02-13 06:00:00+00:00,1.35214,1.3595,1.3472,1.3588,2200830.17304601
2026-02-13 07:00:00+00:00,1.3559,1.3645,1.3481,1.3527,2792326.20478048
2026-02-13 08:00:00+00:00,1.3527,1.371,1.3509,1.3665,2924514.50114435
2026-02-13 09:00:00+00:00,1.3664,1.3728,1.3633,1.3674,3060143.65381977
2026-02-13 10:00:00+00:00,1.36752,1.375,1.3639,1.3674,2058733.76640744
2026-02-13 11:00:00+00:00,1.3675,1.3712,1.36,1.3668,2161109.14521162
2026-02-13 12:00:00+00:00,1.3669,1.3696,1.3586,1.3637,2849911.71815788
2026-02-13 13:00:00+00:00,1.3636,1.3841,1.3607,1.3754,9277020.93686883
2026-02-13 14:00:00+00:00,1.37562,1.3962,1.3671,1.3844,17221934.53085065
2026-02-13 15:00:00+00:00,1.3844,1.4235,1.3798,1.4035,26094240.79754154
2026-02-13 16:00:00+00:00,1.40402,1.4292,1.39853,1.416,15211057.450646505
2026-02-13 17:00:00+00:00,1.416,1.4225,1.4066,1.4139,6877040.054214503
2026-02-13 18:00:00+00:00,1.4139,1.4221,1.4052,1.41496,6237435.140369543
2026-02-13 19:00:00+00:00,1.41496,1.4202,1.4076,1.4106,6540519.73551213
2026-02-13 20:00:00+00:00,1.4105,1.4152,1.4042,1.4125,6747411.141459744
2026-02-13 21:00:00+00:00,1.4129,1.4177,1.4062,1.409,3713566.2695122086
2026-02-13 22:00:00+00:00,1.409,1.4109,1.3959,1.4024,5020131.27154114
2026-02-13 23:00:00+00:00,1.4022,1.4094,1.401,1.4062,2991770.830605061
2026-02-14 00:00:00+00:00,1.4081,1.4175,1.4043,1.4137,2870989.2366584414
2026-02-14 01:00:00+00:00,1.41364,1.4193,1.4097,1.41171,3676233.384633789
2026-02-14 02:00:00+00:00,1.4117,1.4157,1.4092,1.4102,2161290.98508976
2026-02-14 03:00:00+00:00,1.41041,1.418,1.4095,1.41574,3144521.7051046807
2026-02-14 04:00:00+00:00,1.4156,1.4199,1.412,1.4121,1938912.7554942605
2026-02-14 05:00:00+00:00,1.41254,1.4161,1.40688,1.4076,1874547.1196883705
2026-02-14 06:00:00+00:00,1.4076,1.4154,1.4071,1.4138,2713642.9973366307
2026-02-14 07:00:00+00:00,1.4139,1.4255,1.4114,1.4217,2309096.81087059
2026-02-14 08:00:00+00:00,1.4217,1.4497,1.421,1.4462,6389858.939657321
2026-02-14 09:00:00+00:00,1.4463,1.4616,1.4457,1.4513,6203428.577029501
2026-02-14 10:00:00+00:00,1.45145,1.4524,1.4411,1.4465,2416077.68637992
2026-02-14 11:00:00+00:00,1.4465,1.474,1.4461,1.4709,9641522.050553787
2026-02-14 12:00:00+00:00,1.47078,1.4775,1.4602,1.4637,8865935.161293209
2026-02-14 13:00:00+00:00,1.4639,1.4701,1.4509,1.4567,5765391.868433038
2026-02-14 14:00:00+00:00,1.4566,1.5005,1.4549,1.4708,8407158.360038882
2026-02-14 15:00:00+00:00,1.4716,1.4735,1.4635,1.4686,5971801.35745568
2026-02-14 16:00:00+00:00,1.4687,1.476,1.4566,1.475,6046279.696118622
2026-02-14 17:00:00+00:00,1.474,1.4802,1.4676,1.473,5559959.555511181
2026-02-14 18:00:00+00:00,1.4732,1.4941,1.4698,1.4879,9220912.965957245
2026-02-14 19:00:00+00:00,1.48777,1.5012,1.4834,1.4977,10659190.9229914
2026-02-14 20:00:00+00:00,1.4977,1.5088,1.487,1.4942,8518923.381774668
2026-02-14 21:00:00+00:00,1.4942,1.5054,1.48744,1.497,7577526.941363466
2026-02-14 22:00:00+00:00,1.497,1.5053,1.49261,1.5,5621185.241770585
2026-02-14 23:00:00+00:00,1.5,1.5139,1.4982,1.5085,8453128.81023813
2026-02-15 00:00:00+00:00,1.5085,1.5326,1.5052,1.5209,14600819.966493003
2026-02-15 01:00:00+00:00,1.5208,1.5446,1.5142,1.5276,14268822.533594403
2026-02-15 02:00:00+00:00,1.52767,1.5363,1.5156,1.5287,8817248.042475801
2026-02-15 03:00:00+00:00,1.5286,1.5345,1.5052,1.5274,9641842.177871635
2026-02-15 04:00:00+00:00,1.5262,1.5601,1.5245,1.5454,16155404.04917517
2026-02-15 05:00:00+00:00,1.5452,1.5899,1.5446,1.5829,11297884.5755302
2026-02-15 06:00:00+00:00,1.583,1.5886,1.5719,1.5803,5975644.67400063
2026-02-15 07:00:00+00:00,1.5802,1.651,1.57511,1.6494,13390205.268837392
2026-02-15 08:00:00+00:00,1.64965,1.67135,1.61072,1.61638,23205435.06169204
2026-02-15 09:00:00+00:00,1.6155,1.6234,1.5882,1.5895,9049397.735679682
2026-02-15 10:00:00+00:00,1.58948,1.5974,1.5724,1.5846,12189077.15728392
2026-02-15 11:00:00+00:00,1.5847,1.5957,1.55675,1.5613,9695441.897409163
2026-02-15 12:00:00+00:00,1.56166,1.5664,1.51879,1.5198,13882165.754591646
2026-02-15 13:00:00+00:00,1.52,1.5407,1.5106,1.5183,15944201.849432057
2026-02-15 14:00:00+00:00,1.5183,1.538,1.5137,1.534,12384060.48795211
2026-02-15 15:00:00+00:00,1.5321,1.5451,1.5205,1.5247,8142004.649293636
2026-02-15 16:00:00+00:00,1.5227,1.5247,1.5063,1.521,8331121.69935677
2026-02-15 17:00:00+00:00,1.521,1.5251,1.4807,1.493,14860970.066467686
2026-02-15 18:00:00+00:00,1.4931,1.4962,1.4634,1.468,18801467.76552424
2026-02-15 19:00:00+00:00,1.468,1.4708,1.4469,1.4527,9822515.99964882
2026-02-15 20:00:00+00:00,1.4528,1.4686,1.44371,1.4611,9932079.235347332
2026-02-15 21:00:00+00:00,1.46126,1.477,1.4604,1.4715,5947467.823565269
2026-02-15 22:00:00+00:00,1.4716,1.4908,1.4678,1.4874,9795014.70154208
2026-02-15 23:00:00+00:00,1.4858,1.4873,1.4572,1.4746,10975139.184051327
2026-02-16 00:00:00+00:00,1.4745,1.4869,1.4702,1.478,6436932.694289042
2026-02-16 01:00:00+00:00,1.478,1.4839,1.4639,1.4733,5615581.330213684
2026-02-16 02:00:00+00:00,1.47355,1.4816,1.4534,1.4556,6305715.175149722
2026-02-16 03:00:00+00:00,1.4554,1.4637,1.453,1.4609,3528869.60861353
2026-02-16 04:00:00+00:00,1.4611,1.4767,1.4593,1.4735,4465525.574886721
2026-02-16 05:00:00+00:00,1.47352,1.477,1.4421,1.4553,8645107.759989183
2026-02-16 06:00:00+00:00,1.45547,1.4692,1.4532,1.4643,3383601.11899664
2026-02-16 07:00:00+00:00,1.4642,1.4722,1.4569,1.4603,4524162.41535775
2026-02-16 08:00:00+00:00,1.46039,1.472,1.46039,1.4692,3808249.55724764
2026-02-16 09:00:00+00:00,1.46935,1.5154,1.4681,1.501,10944581.769760748
2026-02-16 10:00:00+00:00,1.50109,1.5045,1.4826,1.4896,7637615.559525302
2026-02-16 11:00:00+00:00,1.48979,1.4946,1.4678,1.4827,5759570.114906058
2026-02-16 12:00:00+00:00,1.4831,1.5098,1.4795,1.504,11393885.522780657
2026-02-16 13:00:00+00:00,1.5042,1.5183,1.4716,1.4898,22983444.313898068
2026-02-16 14:00:00+00:00,1.4897,1.511,1.48424,1.4941,10211901.76671033
2026-02-16 15:00:00+00:00,1.4941,1.5047,1.4607,1.4734,15368203.18956124
2026-02-16 16:00:00+00:00,1.4734,1.4959,1.4715,1.4865,10577474.872728072
2026-02-16 17:00:00+00:00,1.4863,1.4942,1.4805,1.4823,6696997.08390232
2026-02-16 18:00:00+00:00,1.4823,1.4884,1.4702,1.4735,4933777.111269351
2026-02-16 19:00:00+00:00,1.471,1.4834,1.471,1.4744,4913073.989172401
2026-02-16 20:00:00+00:00,1.47469,1.4901,1.4677,1.4848,6152700.955248939
2026-02-16 21:00:00+00:00,1.4846,1.4952,1.4798,1.4907,5687419.171225171
2026-02-16 22:00:00+00:00,1.49093,1.4955,1.4809,1.48281,3557600.55386168
2026-02-16 23:00:00+00:00,1.4852,1.4916,1.4813,1.4867,2677790.9858574206
2026-02-17 00:00:00+00:00,1.48689,1.4928,1.4813,1.483,2584118.389472111
2026-02-17 01:00:00+00:00,1.483,1.4934,1.478,1.47863,4367921.57788504
2026-02-17 02:00:00+00:00,1.4785,1.4947,1.4725,1.486,5322141.11293014
2026-02-17 03:00:00+00:00,1.4863,1.4915,1.4816,1.4824,2661748.0460939603
2026-02-17 04:00:00+00:00,1.4823,1.4904,1.4738,1.4857,3221902.742550511
2026-02-17 05:00:00+00:00,1.4857,1.4886,1.47,1.4749,3398548.2243428794
2026-02-17 06:00:00+00:00,1.47488,1.4824,1.4733,1.4782,1479317.4350747594
2026-02-17 07:00:00+00:00,1.4804,1.4804,1.46865,1.4749,1799189.5169530795
2026-02-17 08:00:00+00:00,1.4724,1.4787,1.4628,1.4658,1645695.7811579
2026-02-17 09:00:00+00:00,1.4658,1.4688,1.4528,1.4605,3024211.0618756106
2026-02-17 10:00:00+00:00,1.46044,1.464,1.4503,1.4547,2261553.189071719
2026-02-17 11:00:00+00:00,1.45474,1.4611,1.4489,1.4517,6710168.985869711
2026-02-17 12:00:00+00:00,1.45175,1.4644,1.451,1.4582,3099737.0426889
2026-02-17 13:00:00+00:00,1.4583,1.4648,1.4505,1.4594,4823505.43666625
2026-02-17 14:00:00+00:00,1.457,1.4638,1.426,1.4344,18343052.38840273
2026-02-17 15:00:00+00:00,1.4344,1.46,1.4336,1.45648,12900186.7088089
2026-02-17 16:00:00+00:00,1.4566,1.51199,1.4566,1.4762,17286992.091748912
2026-02-17 17:00:00+00:00,1.4763,1.4803,1.45609,1.4646,10506695.137331916
2026-02-17 18:00:00+00:00,1.4646,1.4909,1.463,1.483,8413634.409336358
2026-02-17 19:00:00+00:00,1.48285,1.4909,1.47501,1.4875,6022134.118495751
2026-02-17 20:00:00+00:00,1.485,1.4907,1.4741,1.48659,7626783.694609698
2026-02-17 21:00:00+00:00,1.487,1.4947,1.4787,1.4832,7071175.310944129
2026-02-17 22:00:00+00:00,1.4832,1.4862,1.4719,1.4734,3829152.912504512
2026-02-17 23:00:00+00:00,1.4734,1.4787,1.4699,1.4736,3036504.839393771
2026-02-18 00:00:00+00:00,1.47356,1.4807,1.4681,1.46907,3531561.4759241208
2026-02-18 01:00:00+00:00,1.4691,1.4726,1.4627,1.4661,4808622.735008778
2026-02-18 02:00:00+00:00,1.46609,1.4787,1.4657,1.4746,3464923.12320964
2026-02-18 03:00:00+00:00,1.47453,1.4846,1.4733,1.4807,2991565.6982923206
2026-02-18 04:00:00+00:00,1.47835,1.4861,1.4756,1.47999,2218337.1213185205
2026-02-18 05:00:00+00:00,1.47999,1.4887,1.47438,1.475,2532728.6440016297
2026-02-18 06:00:00+00:00,1.47523,1.4855,1.4747,1.4795,1330780.42961947
2026-02-18 07:00:00+00:00,1.47952,1.4899,1.4758,1.4862,1217561.2399396896
2026-02-18 08:00:00+00:00,1.4862,1.495,1.4846,1.491,2243433.5509882607
2026-02-18 09:00:00+00:00,1.4887,1.4934,1.4841,1.4872,1436282.65537764
2026-02-18 10:00:00+00:00,1.48724,1.4913,1.4756,1.4777,2607616.0233898014
2026-02-18 11:00:00+00:00,1.4777,1.48,1.4632,1.4658,3851379.022794312
2026-02-18 12:00:00+00:00,1.4658,1.4725,1.45807,1.4644,3835733.6046196087
2026-02-18 13:00:00+00:00,1.4645,1.4729,1.4603,1.4707,4505475.70017146
2026-02-18 14:00:00+00:00,1.4684,1.4725,1.4515,1.4646,8414188.859519998
2026-02-18 15:00:00+00:00,1.4646,1.4906,1.4633,1.4761,8705299.234343942
2026-02-18 16:00:00+00:00,1.4761,1.4789,1.45628,1.459,7374052.976987881
2026-02-18 17:00:00+00:00,1.4591,1.472,1.454,1.4562,4530695.142396879
2026-02-18 18:00:00+00:00,1.4563,1.46,1.4395,1.4401,9231538.262500342
2026-02-18 19:00:00+00:00,1.44,1.4471,1.4184,1.4224,15049582.7672998
2026-02-18 20:00:00+00:00,1.4247,1.4349,1.4199,1.4211,9267830.2343848
2026-02-18 21:00:00+00:00,1.4212,1.4304,1.4156,1.4195,6363198.875833662
2026-02-18 22:00:00+00:00,1.4223,1.4262,1.4146,1.4195,6280499.447151358
2026-02-18 23:00:00+00:00,1.4197,1.4249,1.4097,1.4241,4080210.947676069
2026-02-19 00:00:00+00:00,1.4213,1.4262,1.4141,1.4191,2994803.4579494004
2026-02-19 01:00:00+00:00,1.4192,1.4285,1.4141,1.4263,4634229.996925993
2026-02-19 02:00:00+00:00,1.42627,1.4316,1.4192,1.4256,4588342.904639581
2026-02-19 03:00:00+00:00,1.42601,1.4312,1.4217,1.42843,3719328.8926892
2026-02-19 04:00:00+00:00,1.428,1.4321,1.41588,1.4172,2147409.00840633
2026-02-19 05:00:00+00:00,1.41717,1.4227,1.4044,1.4121,8437738.271364255
2026-02-19 06:00:00+00:00,1.41203,1.4293,1.4114,1.4274,5380321.82312355
2026-02-19 07:00:00+00:00,1.4274,1.4393,1.4215,1.4319,7663581.72584411
2026-02-19 08:00:00+00:00,1.43212,1.4349,1.4139,1.4183,4050723.877752733
2026-02-19 09:00:00+00:00,1.4158,1.4282,1.4134,1.4145,3301158.8236038303
2026-02-19 10:00:00+00:00,1.41469,1.419,1.4065,1.4102,2312984.1728304904
2026-02-19 11:00:00+00:00,1.41037,1.4184,1.4057,1.4086,2101882.5020513
2026-02-19 12:00:00+00:00,1.4111,1.416,1.405,1.4071,2973296.8821896818
2026-02-19 13:00:00+00:00,1.4073,1.4106,1.3858,1.3919,10148778.83222569
2026-02-19 14:00:00+00:00,1.39154,1.4068,1.38937,1.4003,12448947.24281386
2026-02-19 15:00:00+00:00,1.4003,1.4119,1.38485,1.3969,13049213.202788403
2026-02-19 16:00:00+00:00,1.3969,1.3997,1.3807,1.3917,9947372.747948391
2026-02-19 17:00:00+00:00,1.3917,1.4142,1.3902,1.3955,8074738.976047408
2026-02-19 18:00:00+00:00,1.3954,1.4154,1.3936,1.4128,6476868.598003521
2026-02-19 19:00:00+00:00,1.4127,1.4204,1.403,1.4118,4928285.101554567
2026-02-19 20:00:00+00:00,1.4117,1.4162,1.404,1.4107,4914624.273041107
2026-02-19 21:00:00+00:00,1.4107,1.4144,1.4065,1.4076,4099841.611001598
2026-02-19 22:00:00+00:00,1.40763,1.412,1.3943,1.4001,4064591.6918230895
2026-02-19 23:00:00+00:00,1.40037,1.4111,1.3991,1.4062,3178319.13871576
2026-02-20 00:00:00+00:00,1.40611,1.4228,1.4045,1.4183,4103534.93802528
2026-02-20 01:00:00+00:00,1.4188,1.4272,1.4148,1.4248,3615389.66782087
2026-02-20 02:00:00+00:00,1.42482,1.4305,1.4169,1.4169,3941696.450320974
2026-02-20 03:00:00+00:00,1.41728,1.4223,1.4107,1.4123,2905801.0645680106
2026-02-20 04:00:00+00:00,1.4123,1.4153,1.3997,1.4101,3011033.639329059
2026-02-20 05:00:00+00:00,1.4103,1.425,1.4043,1.4201,3127464.0454528984
2026-02-20 06:00:00+00:00,1.41839,1.4229,1.41268,1.4217,3330733.748867638
2026-02-20 07:00:00+00:00,1.4199,1.4251,1.4159,1.4207,1413373.15269736
2026-02-20 08:00:00+00:00,1.41891,1.4238,1.4134,1.4182,1519075.11615038
2026-02-20 09:00:00+00:00,1.418,1.4299,1.4176,1.4224,3516617.516746688
2026-02-20 10:00:00+00:00,1.42258,1.4288,1.4198,1.4206,2510241.8005677112
2026-02-20 11:00:00+00:00,1.42065,1.4237,1.4023,1.4068,2684400.74960925
2026-02-20 12:00:00+00:00,1.407,1.4105,1.4026,1.4046,4663572.696830017
2026-02-20 13:00:00+00:00,1.4046,1.4062,1.3772,1.3837,11405304.48346032
2026-02-20 14:00:00+00:00,1.3836,1.4087,1.3832,1.3996,9284422.318710037
2026-02-20 15:00:00+00:00,1.3999,1.4324,1.3995,1.4288,20212923.737217
2026-02-20 16:00:00+00:00,1.4287,1.44,1.4226,1.4323,15760454.002150862
2026-02-20 17:00:00+00:00,1.4322,1.4341,1.407,1.4294,12816788.890670054
2026-02-20 18:00:00+00:00,1.4294,1.44,1.4228,1.4325,11178230.389046336
2026-02-20 19:00:00+00:00,1.43256,1.4363,1.42051,1.4234,5360476.142242661
2026-02-20 20:00:00+00:00,1.4233,1.431,1.4141,1.4196,7698095.228995055
2026-02-20 21:00:00+00:00,1.4196,1.4268,1.4173,1.4215,4314375.742829492
2026-02-20 22:00:00+00:00,1.4214,1.4326,1.4171,1.4297,5425970.970248023
2026-02-20 23:00:00+00:00,1.4297,1.433,1.4234,1.4285,1853784.0525939204
2026-02-21 00:00:00+00:00,1.4285,1.4309,1.4193,1.4224,1859127.34292694
2026-02-21 01:00:00+00:00,1.4225,1.4337,1.4225,1.4304,1780972.4599844294
2026-02-21 02:00:00+00:00,1.4322,1.4351,1.428,1.4303,2528518.1930055297
2026-02-21 03:00:00+00:00,1.4303,1.4322,1.4232,1.4272,3051310.26361574
2026-02-21 04:00:00+00:00,1.4254,1.4308,1.424,1.42824,935738.2267711896
2026-02-21 05:00:00+00:00,1.42824,1.4328,1.4263,1.4278,741287.0693907598
2026-02-21 06:00:00+00:00,1.4278,1.4367,1.4277,1.4291,1235208.0070067097
2026-02-21 07:00:00+00:00,1.4307,1.4341,1.4276,1.4325,1085846.63431176
2026-02-21 08:00:00+00:00,1.43075,1.4366,1.42726,1.4337,1333691.7993104097
2026-02-21 09:00:00+00:00,1.4338,1.4476,1.4329,1.4406,2847860.89277416
2026-02-21 10:00:00+00:00,1.4405,1.4436,1.4365,1.4397,1447012.2117079394
2026-02-21 11:00:00+00:00,1.43937,1.4472,1.4384,1.4451,4905980.119563039
2026-02-21 12:00:00+00:00,1.4452,1.4464,1.4357,1.43962,2038062.84017506
2026-02-21 13:00:00+00:00,1.4398,1.4492,1.4368,1.4476,1710596.3321879408
2026-02-21 14:00:00+00:00,1.4475,1.4657,1.4444,1.455,8985141.41826536
2026-02-21 15:00:00+00:00,1.4549,1.4588,1.4466,1.4497,5553505.525998828
2026-02-21 16:00:00+00:00,1.4497,1.4531,1.4381,1.4414,5520264.149335941
2026-02-21 17:00:00+00:00,1.4413,1.4444,1.436,1.4417,2664353.6059989603
2026-02-21 18:00:00+00:00,1.44193,1.4506,1.4412,1.4477,3577492.47969338
2026-02-21 19:00:00+00:00,1.44788,1.4494,1.4397,1.4432,2857082.3790337904
2026-02-21 20:00:00+00:00,1.443,1.4443,1.4346,1.4369,2553973.32321345
2026-02-21 21:00:00+00:00,1.437,1.4427,1.4353,1.44065,1808086.973047549
2026-02-21 22:00:00+00:00,1.44065,1.444,1.4312,1.4319,4197412.709651729
2026-02-21 23:00:00+00:00,1.4323,1.4365,1.4297,1.4312,1907427.8742793093
2026-02-22 00:00:00+00:00,1.43001,1.4346,1.42377,1.4287,3431835.9585488304
2026-02-22 01:00:00+00:00,1.4273,1.4337,1.4268,1.4323,2755296.10819808
2026-02-22 02:00:00+00:00,1.43196,1.4334,1.42162,1.4236,3346809.2659459105
2026-02-22 03:00:00+00:00,1.42355,1.428,1.4176,1.4235,2289067.5743585806
2026-02-22 04:00:00+00:00,1.42328,1.4265,1.421,1.42186,1277587.8137268997
2026-02-22 05:00:00+00:00,1.4222,1.4235,1.4166,1.4204,1674875.1615921902
2026-02-22 06:00:00+00:00,1.42025,1.4253,1.41734,1.42283,2185053.222513429
2026-02-22 07:00:00+00:00,1.42284,1.4243,1.4186,1.4207,998116.41783461
2026-02-22 08:00:00+00:00,1.4208,1.4242,1.4165,1.41749,896709.59967664
2026-02-22 09:00:00+00:00,1.4178,1.4231,1.4171,1.4212,597446.08857635
2026-02-22 10:00:00+00:00,1.42029,1.4265,1.4189,1.4207,536210.62884039
2026-02-22 11:00:00+00:00,1.42083,1.425,1.4203,1.4231,545246.8690962899
2026-02-22 12:00:00+00:00,1.42304,1.4242,1.40638,1.4095,2836982.66313789
2026-02-22 13:00:00+00:00,1.4088,1.4111,1.3971,1.4002,3693142.185523671
2026-02-22 14:00:00+00:00,1.3998,1.40291,1.3941,1.3967,6221059.465785584
2026-02-22 15:00:00+00:00,1.3966,1.3976,1.38598,1.39305,6102607.427748254
2026-02-22 16:00:00+00:00,1.393,1.3955,1.3875,1.392,3264784.02532631
2026-02-22 17:00:00+00:00,1.3921,1.394,1.3829,1.3877,3021101.13308009
2026-02-22 18:00:00+00:00,1.3878,1.3931,1.3865,1.3917,1459200.6585548003
2026-02-22 19:00:00+00:00,1.39017,1.3923,1.38478,1.3882,2395062.5678689294
2026-02-22 20:00:00+00:00,1.3863,1.3882,1.3794,1.3828,4388724.83171508
2026-02-22 21:00:00+00:00,1.38269,1.3934,1.38269,1.3908,2388859.1122577894
2026-02-22 22:00:00+00:00,1.3909,1.4031,1.38889,1.4006,5040975.743896079
2026-02-22 23:00:00+00:00,1.4006,1.4016,1.3876,1.3928,3927304.79899511
2026-02-23 00:00:00+00:00,1.39303,1.396,1.36322,1.3646,7419471.802707809
2026-02-23 01:00:00+00:00,1.3643,1.3678,1.3295,1.33311,32852071.90427574
2026-02-23 02:00:00+00:00,1.3324,1.3456,1.332,1.3421,7016912.46140708
2026-02-23 03:00:00+00:00,1.34217,1.3546,1.3388,1.3411,5401369.409026068
2026-02-23 04:00:00+00:00,1.3432,1.3439,1.33563,1.33827,4273452.052982971
2026-02-23 05:00:00+00:00,1.3409,1.3499,1.33827,1.3428,5496931.440833425
2026-02-23 06:00:00+00:00,1.34287,1.371,1.3418,1.3699,6070734.816339274
2026-02-23 07:00:00+00:00,1.36806,1.3801,1.3671,1.3711,2832914.8051047106
2026-02-23 08:00:00+00:00,1.3732,1.375,1.3616,1.3656,5024246.14591144
2026-02-23 09:00:00+00:00,1.36568,1.3977,1.3653,1.3912,7958934.119791293
2026-02-23 10:00:00+00:00,1.39126,1.3991,1.38709,1.3925,4684364.52410165
2026-02-23 11:00:00+00:00,1.3924,1.4079,1.3916,1.3986,6169577.024147041
2026-02-23 12:00:00+00:00,1.39646,1.4252,1.3953,1.4124,11513265.467490563
2026-02-23 13:00:00+00:00,1.4126,1.4164,1.3946,1.3957,8405153.421020586
2026-02-23 14:00:00+00:00,1.3957,1.4008,1.3703,1.3834,17649148.99922133
2026-02-23 15:00:00+00:00,1.3836,1.3918,1.3671,1.3704,16107146.80940194
2026-02-23 16:00:00+00:00,1.3703,1.3802,1.3613,1.3664,11495245.852604965
2026-02-23 17:00:00+00:00,1.3684,1.3721,1.3482,1.364,12219737.750508431
2026-02-23 18:00:00+00:00,1.3641,1.3767,1.3611,1.3652,8949151.53813887
2026-02-23 19:00:00+00:00,1.3652,1.3689,1.3552,1.3572,7320802.915705431
2026-02-23 20:00:00+00:00,1.3571,1.3612,1.3496,1.3548,8431137.914677657
2026-02-23 21:00:00+00:00,1.3546,1.3653,1.3499,1.3616,8105792.374512069
2026-02-23 22:00:00+00:00,1.3617,1.3689,1.3548,1.3556,5254517.262735261
2026-02-23 23:00:00+00:00,1.3556,1.3614,1.35,1.35145,4255442.653125821
2026-02-24 00:00:00+00:00,1.3515,1.36,1.35138,1.3564,3904886.95569406
2026-02-24 01:00:00+00:00,1.3565,1.3638,1.3269,1.3504,15286296.961177656
2026-02-24 02:00:00+00:00,1.35043,1.3593,1.3431,1.3477,6899545.60179656
2026-02-24 03:00:00+00:00,1.34757,1.3498,1.3272,1.3318,9557548.446866548
2026-02-24 04:00:00+00:00,1.3319,1.3366,1.321,1.3337,8443092.040526042
2026-02-24 05:00:00+00:00,1.33132,1.3439,1.325,1.3312,7464303.224136384
2026-02-24 06:00:00+00:00,1.33119,1.3392,1.3258,1.329,3618052.4380095606
2026-02-24 07:00:00+00:00,1.3292,1.3331,1.3222,1.3262,3648866.449900089
2026-02-24 08:00:00+00:00,1.3262,1.3371,1.3216,1.334,4522855.9722598
2026-02-24 09:00:00+00:00,1.3341,1.3364,1.3209,1.3317,3160410.185217079
2026-02-24 10:00:00+00:00,1.3316,1.3375,1.3269,1.3306,3754780.001866209
2026-02-24 11:00:00+00:00,1.3306,1.336,1.3278,1.3333,3548300.542322792
2026-02-24 12:00:00+00:00,1.3333,1.34,1.3291,1.3323,6957553.676201283
2026-02-24 13:00:00+00:00,1.3324,1.3373,1.3224,1.3305,6377378.023415343
2026-02-24 14:00:00+00:00,1.3321,1.3466,1.3122,1.3358,18723733.113464337
2026-02-24 15:00:00+00:00,1.336,1.3542,1.3323,1.3517,11796973.85505658
2026-02-24 16:00:00+00:00,1.3517,1.366,1.3449,1.3578,13212521.9143312
2026-02-24 17:00:00+00:00,1.3596,1.3652,1.356,1.3594,9623639.323706765
2026-02-24 18:00:00+00:00,1.3594,1.3697,1.3525,1.3603,7982373.884750771
2026-02-24 19:00:00+00:00,1.3624,1.3659,1.3498,1.3561,6922859.174526338
2026-02-24 20:00:00+00:00,1.356,1.3652,1.3546,1.3576,7196678.538895097
2026-02-24 21:00:00+00:00,1.3577,1.3604,1.3495,1.3519,5217190.617072909
2026-02-24 22:00:00+00:00,1.3519,1.3593,1.35,1.35304,5267166.574787839
2026-02-24 23:00:00+00:00,1.3529,1.356,1.3404,1.3481,5945219.772538262
2026-02-25 00:00:00+00:00,1.3481,1.3538,1.3404,1.347,5749267.966649771
2026-02-25 01:00:00+00:00,1.347,1.4014,1.346,1.3866,27352116.11276593
2026-02-25 02:00:00+00:00,1.3866,1.3965,1.3783,1.3792,11268081.65665006
2026-02-25 03:00:00+00:00,1.37938,1.3827,1.3665,1.3702,7581320.211562734
2026-02-25 04:00:00+00:00,1.37002,1.3764,1.3591,1.3702,8151052.598146131
2026-02-25 05:00:00+00:00,1.36869,1.3716,1.3529,1.35858,6780151.853981327
2026-02-25 06:00:00+00:00,1.3586,1.3682,1.35687,1.36,3908911.500160291
2026-02-25 07:00:00+00:00,1.36,1.3696,1.3585,1.366,2160757.06622964
2026-02-25 08:00:00+00:00,1.3657,1.3771,1.3629,1.3723,4337712.774346291
2026-02-25 09:00:00+00:00,1.37244,1.3839,1.372,1.3801,3240152.4824823416
2026-02-25 10:00:00+00:00,1.38023,1.3856,1.374,1.3755,2826995.415142161
2026-02-25 11:00:00+00:00,1.3754,1.386,1.37262,1.3838,2546005.0003353097
2026-02-25 12:00:00+00:00,1.3837,1.4052,1.38109,1.4021,7208836.398170887
2026-02-25 13:00:00+00:00,1.40001,1.426,1.3986,1.41331,15737278.252274051
2026-02-25 14:00:00+00:00,1.4133,1.4387,1.4131,1.4363,18588552.45149424
2026-02-25 15:00:00+00:00,1.4363,1.4471,1.4254,1.4426,22633610.868245363
2026-02-25 16:00:00+00:00,1.4413,1.4517,1.4378,1.449,13710094.058326373
2026-02-25 17:00:00+00:00,1.4491,1.4754,1.446,1.4666,20793450.449248325
2026-02-25 18:00:00+00:00,1.4665,1.4783,1.4549,1.4726,15652051.154840946
2026-02-25 19:00:00+00:00,1.4737,1.4747,1.45326,1.4667,12488302.274933202
2026-02-25 20:00:00+00:00,1.4668,1.4721,1.4571,1.4641,14368730.948350623
2026-02-25 21:00:00+00:00,1.4642,1.495,1.4624,1.4762,20457964.390299868
2026-02-25 22:00:00+00:00,1.4764,1.4894,1.44311,1.4561,16108764.404136453
2026-02-25 23:00:00+00:00,1.4559,1.459,1.41911,1.434,11230922.729143877
2026-02-26 00:00:00+00:00,1.4339,1.4494,1.4268,1.4411,8882661.456967294
2026-02-26 01:00:00+00:00,1.43976,1.4453,1.4232,1.4245,5102275.907995387
2026-02-26 02:00:00+00:00,1.4243,1.4414,1.4188,1.43808,6546044.625180461
2026-02-26 03:00:00+00:00,1.43809,1.4483,1.4343,1.4421,11613234.312290652
2026-02-26 04:00:00+00:00,1.4421,1.4709,1.4402,1.45926,9605858.447514024
2026-02-26 05:00:00+00:00,1.45945,1.4613,1.43199,1.4482,12245088.463599388
2026-02-26 06:00:00+00:00,1.44816,1.4576,1.44351,1.4447,4216453.907827609
2026-02-26 07:00:00+00:00,1.4444,1.4472,1.43047,1.4361,4140158.9922384606
2026-02-26 08:00:00+00:00,1.43405,1.4464,1.434,1.4362,3755261.36903873
2026-02-26 09:00:00+00:00,1.4363,1.4555,1.43489,1.4537,3688722.0090113496
2026-02-26 10:00:00+00:00,1.45196,1.4591,1.4413,1.4429,2913110.352338141
2026-02-26 11:00:00+00:00,1.44296,1.447,1.4348,1.4372,3162191.3704306595
2026-02-26 12:00:00+00:00,1.4371,1.4457,1.4357,1.4425,3256105.193062259
2026-02-26 13:00:00+00:00,1.44224,1.4479,1.4366,1.4402,4611389.803383631
2026-02-26 14:00:00+00:00,1.4402,1.4459,1.4221,1.4354,13789122.594847608
2026-02-26 15:00:00+00:00,1.4353,1.4377,1.40783,1.4212,18244831.971842434
2026-02-26 16:00:00+00:00,1.4212,1.4252,1.3854,1.3907,15985493.382053493
2026-02-26 17:00:00+00:00,1.3887,1.4001,1.384,1.3878,9746482.2250673
2026-02-26 18:00:00+00:00,1.3877,1.4011,1.3826,1.3937,9315693.990380038
2026-02-26 19:00:00+00:00,1.3935,1.4135,1.3927,1.4071,9643606.790280376
2026-02-26 20:00:00+00:00,1.4071,1.4143,1.3929,1.3936,7808305.259636556
2026-02-26 21:00:00+00:00,1.3936,1.3988,1.388,1.3949,5868173.324773149
2026-02-26 22:00:00+00:00,1.3966,1.4072,1.3935,1.4026,3476410.852755411
2026-02-26 23:00:00+00:00,1.4025,1.4049,1.3968,1.4028,2463789.8936245907
2026-02-27 00:00:00+00:00,1.40265,1.4061,1.3934,1.4018,4640391.550295539
2026-02-27 01:00:00+00:00,1.4018,1.4077,1.39623,1.4059,3605632.05653576
2026-02-27 02:00:00+00:00,1.40616,1.4145,1.4052,1.40695,5427548.043061812
2026-02-27 03:00:00+00:00,1.40695,1.4106,1.4001,1.408,4855003.079188389
2026-02-27 04:00:00+00:00,1.4079,1.4234,1.4056,1.4078,6441320.7563414965
2026-02-27 05:00:00+00:00,1.4091,1.4159,1.4071,1.4105,3246118.204282999
2026-02-27 06:00:00+00:00,1.41046,1.4158,1.4041,1.4127,3650519.380808939
2026-02-27 07:00:00+00:00,1.4141,1.4184,1.4057,1.41688,1607264.1557541597
2026-02-27 08:00:00+00:00,1.41692,1.4249,1.4148,1.4216,2785086.7485947707
2026-02-27 09:00:00+00:00,1.4231,1.4277,1.4049,1.4084,3704945.6799655696
2026-02-27 10:00:00+00:00,1.40673,1.4089,1.3871,1.3891,8184346.141399407
2026-02-27 11:00:00+00:00,1.3891,1.3983,1.3801,1.3829,7907982.692622812
2026-02-27 12:00:00+00:00,1.3826,1.3868,1.3733,1.3776,7046019.015279618
2026-02-27 13:00:00+00:00,1.37766,1.3836,1.3632,1.371,8842805.66518044
2026-02-27 14:00:00+00:00,1.3722,1.3756,1.35747,1.3592,10138515.199333511
2026-02-27 15:00:00+00:00,1.3591,1.3681,1.3528,1.35779,52836975.55490896
2026-02-27 16:00:00+00:00,1.3583,1.3602,1.3489,1.3515,7541045.36296832
2026-02-27 17:00:00+00:00,1.3514,1.3622,1.3367,1.3578,15705440.906158518
2026-02-27 18:00:00+00:00,1.3582,1.3662,1.3531,1.3573,6424096.595678424
2026-02-27 19:00:00+00:00,1.35719,1.3589,1.3462,1.3509,5162178.702154378
2026-02-27 20:00:00+00:00,1.3509,1.3579,1.3503,1.3525,4630669.76303513
2026-02-27 21:00:00+00:00,1.3526,1.358,1.3473,1.3529,3962397.21666971
2026-02-27 22:00:00+00:00,1.353,1.3572,1.3384,1.3541,4630899.892443639
2026-02-27 23:00:00+00:00,1.3555,1.3584,1.3509,1.356,4438267.078496679
2026-02-28 00:00:00+00:00,1.3562,1.3657,1.3553,1.3642,2915462.3037548903
2026-02-28 01:00:00+00:00,1.3625,1.3666,1.3569,1.3601,2128763.7664824505
2026-02-28 02:00:00+00:00,1.35869,1.3647,1.3569,1.3615,1041913.46039651
2026-02-28 03:00:00+00:00,1.36195,1.3632,1.3527,1.3552,2792205.5184416394
2026-02-28 04:00:00+00:00,1.3552,1.359,1.3496,1.3539,1467141.6347617798
2026-02-28 05:00:00+00:00,1.3556,1.3576,1.3468,1.3496,1459427.5897656102
2026-02-28 06:00:00+00:00,1.34964,1.353,1.29293,1.2966,21991860.43011157
2026-02-28 07:00:00+00:00,1.2967,1.324,1.2901,1.304,15755075.744181078
2026-02-28 08:00:00+00:00,1.30269,1.3039,1.2831,1.2882,13149599.07932779
2026-02-28 09:00:00+00:00,1.2863,1.2904,1.2715,1.2779,11963890.059050491
2026-02-28 10:00:00+00:00,1.27785,1.2956,1.2702,1.2898,9188836.73513706
2026-02-28 11:00:00+00:00,1.2896,1.3132,1.2869,1.2934,9335397.597988248
2026-02-28 12:00:00+00:00,1.2935,1.3004,1.2922,1.296,4440397.515285933
2026-02-28 13:00:00+00:00,1.2961,1.3468,1.2948,1.3418,15601371.149655484
2026-02-28 14:00:00+00:00,1.3418,1.3516,1.31361,1.3186,18305415.74974016
2026-02-28 15:00:00+00:00,1.3186,1.333,1.3109,1.3241,10072979.666189946
2026-02-28 16:00:00+00:00,1.324,1.3363,1.3173,1.3263,7074455.719538102
2026-02-28 17:00:00+00:00,1.3264,1.3317,1.3151,1.3284,7013916.4716984825
2026-02-28 18:00:00+00:00,1.3281,1.34943,1.323,1.3427,8520763.70950654
2026-02-28 19:00:00+00:00,1.34275,1.36,1.3352,1.3543,13089616.056108788
2026-02-28 20:00:00+00:00,1.3544,1.3853,1.3506,1.381,17946512.591283962
2026-02-28 21:00:00+00:00,1.381,1.3837,1.3657,1.3778,9014633.126558747
2026-02-28 22:00:00+00:00,1.37784,1.3941,1.3748,1.3808,7253091.38663644
2026-02-28 23:00:00+00:00,1.3808,1.3875,1.3736,1.3775,3937353.15755959
2026-03-01 00:00:00+00:00,1.3761,1.3838,1.37194,1.3792,2498962.9216699614
2026-03-01 01:00:00+00:00,1.3791,1.4157,1.3656,1.4033,14398133.188631725
2026-03-01 02:00:00+00:00,1.40328,1.434,1.40328,1.4262,22679394.710146163
2026-03-01 03:00:00+00:00,1.42501,1.4347,1.4135,1.4186,12323516.396123571
2026-03-01 04:00:00+00:00,1.4201,1.423,1.4046,1.4136,8087779.520637239
2026-03-01 05:00:00+00:00,1.4136,1.42,1.4088,1.4094,3578080.643818829
2026-03-01 06:00:00+00:00,1.4095,1.4115,1.38865,1.3963,7050899.977739328
2026-03-01 07:00:00+00:00,1.3963,1.4031,1.3933,1.3991,2699490.6460386496
2026-03-01 08:00:00+00:00,1.39809,1.4009,1.3761,1.3805,3665609.60059789
2026-03-01 09:00:00+00:00,1.3807,1.3884,1.3699,1.3729,3371727.0146635417
2026-03-01 10:00:00+00:00,1.37305,1.3827,1.3675,1.37664,3593643.1882967786
2026-03-01 11:00:00+00:00,1.37662,1.3841,1.375,1.3763,2392651.1776519506
2026-03-01 12:00:00+00:00,1.3761,1.3798,1.3674,1.3678,2559047.3219552203
2026-03-01 13:00:00+00:00,1.3679,1.3972,1.3612,1.38844,7036034.501212486
2026-03-01 14:00:00+00:00,1.38844,1.4038,1.3738,1.3817,7846241.2667642385
2026-03-01 15:00:00+00:00,1.3817,1.3917,1.3771,1.3788,5690050.053741539
2026-03-01 16:00:00+00:00,1.3789,1.3872,1.3594,1.3705,9634206.19641986
2026-03-01 17:00:00+00:00,1.3703,1.3726,1.3564,1.3662,6819395.144583691
2026-03-01 18:00:00+00:00,1.3663,1.38,1.364,1.368,4802905.452830941
2026-03-01 19:00:00+00:00,1.368,1.3694,1.3541,1.3566,5437603.737329449
2026-03-01 20:00:00+00:00,1.3574,1.3574,1.3366,1.3416,11707252.565035472
2026-03-01 21:00:00+00:00,1.3416,1.357,1.3412,1.3541,5388964.52064465
2026-03-01 22:00:00+00:00,1.35438,1.3726,1.3408,1.3418,10377323.27039598
2026-03-01 23:00:00+00:00,1.3417,1.3593,1.3383,1.3525,5926286.416098169
2026-03-02 00:00:00+00:00,1.3525,1.37392,1.351,1.3653,5828405.050026917
2026-03-02 01:00:00+00:00,1.3653,1.381,1.36338,1.3679,6777073.657819239
2026-03-02 02:00:00+00:00,1.36794,1.3729,1.3537,1.36421,6015295.1465588
2026-03-02 03:00:00+00:00,1.36437,1.3778,1.3611,1.3744,5651710.454192648
2026-03-02 04:00:00+00:00,1.3738,1.3757,1.365,1.3669,3575881.7883168804
2026-03-02 05:00:00+00:00,1.36694,1.3708,1.3576,1.3624,3056107.9622790515
2026-03-02 06:00:00+00:00,1.3625,1.3646,1.3474,1.3497,3828228.7587240497
2026-03-02 07:00:00+00:00,1.351,1.3519,1.3377,1.3469,3203784.98202348
2026-03-02 08:00:00+00:00,1.347,1.3564,1.3382,1.3542,4117375.160374732
2026-03-02 09:00:00+00:00,1.35419,1.3632,1.35238,1.3532,3814017.959758647
2026-03-02 10:00:00+00:00,1.3531,1.3563,1.34794,1.35349,2600086.7601266
2026-03-02 11:00:00+00:00,1.35336,1.3584,1.346,1.3515,2698232.3610436986
2026-03-02 12:00:00+00:00,1.3514,1.355,1.3465,1.3487,2697609.71967238
2026-03-02 13:00:00+00:00,1.3475,1.3512,1.338,1.3393,5052635.12901173
2026-03-02 14:00:00+00:00,1.3393,1.37903,1.3334,1.373,17143832.92403072
2026-03-02 15:00:00+00:00,1.3729,1.41674,1.3693,1.40053,27622144.084118355
2026-03-02 16:00:00+00:00,1.4008,1.4236,1.3971,1.4076,18128741.699262865
2026-03-02 17:00:00+00:00,1.4074,1.4115,1.383,1.3957,10288958.865599615
2026-03-02 18:00:00+00:00,1.3954,1.40748,1.38566,1.40085,5946330.5382109815
2026-03-02 19:00:00+00:00,1.40104,1.4058,1.3899,1.4009,8436222.788357358
2026-03-02 20:00:00+00:00,1.4011,1.4057,1.3881,1.3948,8543910.045486584
2026-03-02 21:00:00+00:00,1.3952,1.3988,1.3857,1.3985,5335009.41110235
2026-03-02 22:00:00+00:00,1.39854,1.4071,1.3963,1.4,5275977.922661423
2026-03-02 23:00:00+00:00,1.4,1.4018,1.3871,1.3901,3833111.6503449385
2026-03-03 00:00:00+00:00,1.39,1.3953,1.3817,1.3905,3830908.6744825295
2026-03-03 01:00:00+00:00,1.3903,1.3958,1.38176,1.3836,3455565.8603480696
2026-03-03 02:00:00+00:00,1.3833,1.3845,1.3758,1.3783,6454898.981027158
2026-03-03 03:00:00+00:00,1.37838,1.3796,1.36737,1.373,6690220.150053565
2026-03-03 04:00:00+00:00,1.3741,1.3754,1.36418,1.3664,1823759.6526781705
2026-03-03 05:00:00+00:00,1.36642,1.3784,1.3614,1.3649,4037756.609067158
2026-03-03 06:00:00+00:00,1.36498,1.3678,1.3578,1.361,2979617.8829514817
2026-03-03 07:00:00+00:00,1.3608,1.3679,1.3574,1.3638,5948663.827581951
2026-03-03 08:00:00+00:00,1.36365,1.3698,1.3474,1.349,5028094.835209441
2026-03-03 09:00:00+00:00,1.3491,1.357,1.342,1.348,3450704.054613551
2026-03-03 10:00:00+00:00,1.34809,1.3529,1.3424,1.3506,3115658.64483656
2026-03-03 11:00:00+00:00,1.35055,1.3546,1.34612,1.3528,3974604.761812501
2026-03-03 12:00:00+00:00,1.3529,1.371,1.35159,1.3582,6227818.872238789
2026-03-03 13:00:00+00:00,1.359,1.3595,1.3435,1.3484,5074823.59144982
2026-03-03 14:00:00+00:00,1.3483,1.3633,1.33628,1.3466,13722156.225301554
2026-03-03 15:00:00+00:00,1.3466,1.3659,1.3391,1.3646,12172376.775376476
2026-03-03 16:00:00+00:00,1.36462,1.3874,1.3548,1.3689,17253096.11450553
2026-03-03 17:00:00+00:00,1.369,1.3715,1.3531,1.36941,8072591.42137686
2026-03-03 18:00:00+00:00,1.3696,1.3763,1.36034,1.3673,6089265.592554646
2026-03-03 19:00:00+00:00,1.3673,1.3689,1.3564,1.3626,5376576.328220891
2026-03-03 20:00:00+00:00,1.3634,1.3637,1.3524,1.3538,6956213.299993092
2026-03-03 21:00:00+00:00,1.3538,1.3581,1.3483,1.3565,4755169.827084149
2026-03-03 22:00:00+00:00,1.35634,1.366,1.3554,1.3629,3668314.78979294
2026-03-03 23:00:00+00:00,1.36278,1.3697,1.3595,1.3609,3963491.6399532696
2026-03-04 00:00:00+00:00,1.3607,1.364,1.3532,1.3602,3061666.7021042705
2026-03-04 01:00:00+00:00,1.3604,1.37,1.3559,1.3643,4114512.9879452
2026-03-04 02:00:00+00:00,1.36433,1.36785,1.3548,1.3608,3196883.107692243
2026-03-04 03:00:00+00:00,1.36101,1.3626,1.3452,1.353,4122791.8209461696
2026-03-04 04:00:00+00:00,1.353,1.356,1.3452,1.3515,3363074.836617359
2026-03-04 05:00:00+00:00,1.35166,1.3619,1.3494,1.3568,2468036.416422699
2026-03-04 06:00:00+00:00,1.35674,1.362,1.35,1.3596,2484806.36567823
2026-03-04 07:00:00+00:00,1.35954,1.37779,1.358,1.3748,3081279.7724232697
2026-03-04 08:00:00+00:00,1.3751,1.4063,1.3695,1.4039,7397094.1015412705
2026-03-04 09:00:00+00:00,1.4037,1.42711,1.39761,1.41601,11681522.093548032
2026-03-04 10:00:00+00:00,1.4159,1.4223,1.40182,1.4048,6601600.061181686
2026-03-04 11:00:00+00:00,1.4049,1.4132,1.3946,1.39901,5579687.32701292
2026-03-04 12:00:00+00:00,1.3991,1.4007,1.3826,1.394,7935076.591972039
2026-03-04 13:00:00+00:00,1.39397,1.4065,1.3935,1.4057,7205332.40158252
2026-03-04 14:00:00+00:00,1.4053,1.43043,1.4036,1.413,15258903.800816406
2026-03-04 15:00:00+00:00,1.413,1.465,1.4126,1.46395,31681064.79694297
2026-03-04 16:00:00+00:00,1.4634,1.47391,1.4403,1.4505,21402035.44203972
2026-03-04 17:00:00+00:00,1.4507,1.4559,1.4357,1.4427,14222396.84693608
2026-03-04 18:00:00+00:00,1.443,1.4571,1.4368,1.4551,10080552.600050362
2026-03-04 19:00:00+00:00,1.45518,1.4753,1.4259,1.457,19964909.15930547
2026-03-04 20:00:00+00:00,1.457,1.4658,1.4495,1.46028,12869141.143094689
2026-03-04 21:00:00+00:00,1.4601,1.4606,1.4449,1.4477,8068629.378471059
2026-03-04 22:00:00+00:00,1.4479,1.4541,1.42723,1.4303,6856932.48552747
2026-03-04 23:00:00+00:00,1.43056,1.4345,1.4164,1.4312,9084609.64094088
2026-03-05 00:00:00+00:00,1.4312,1.4352,1.4232,1.42722,3602246.5687085106
2026-03-05 01:00:00+00:00,1.4274,1.4366,1.4159,1.4195,4137117.015203761
2026-03-05 02:00:00+00:00,1.4194,1.4291,1.4166,1.4201,4459070.94120337
2026-03-05 03:00:00+00:00,1.42025,1.4247,1.4163,1.42,3867768.570173673
2026-03-05 04:00:00+00:00,1.4199,1.432,1.4185,1.4288,3482270.57287538
2026-03-05 05:00:00+00:00,1.429,1.4307,1.413,1.4153,3383108.048953819
2026-03-05 06:00:00+00:00,1.41487,1.42557,1.40836,1.4244,3432276.407329091
2026-03-05 07:00:00+00:00,1.42454,1.4299,1.4091,1.4128,2019516.4100864704
2026-03-05 08:00:00+00:00,1.41351,1.4192,1.4095,1.419,1134778.3846620205
2026-03-05 09:00:00+00:00,1.4187,1.4322,1.4176,1.4294,4235160.846679881
2026-03-05 10:00:00+00:00,1.4291,1.4529,1.4249,1.4483,5479962.79546016
2026-03-05 11:00:00+00:00,1.4483,1.4503,1.4346,1.43654,3990379.23693006
2026-03-05 12:00:00+00:00,1.4364,1.4432,1.4329,1.4415,3898689.55676418
2026-03-05 13:00:00+00:00,1.4415,1.442,1.4201,1.4281,6709672.7184311785
2026-03-05 14:00:00+00:00,1.42812,1.4407,1.4198,1.4377,10032877.984182436
2026-03-05 15:00:00+00:00,1.4378,1.441,1.41,1.417,11341180.35463394
2026-03-05 16:00:00+00:00,1.417,1.4171,1.3959,1.4117,12408512.319777394
2026-03-05 17:00:00+00:00,1.412,1.4194,1.3984,1.3999,8005105.230160451
2026-03-05 18:00:00+00:00,1.3999,1.4115,1.396,1.41029,5775754.834864665
2026-03-05 19:00:00+00:00,1.41042,1.42364,1.4097,1.4112,10440557.830652092
2026-03-05 20:00:00+00:00,1.4113,1.4207,1.4093,1.4153,9100792.84976513
2026-03-05 21:00:00+00:00,1.4151,1.4196,1.4032,1.4071,4002630.0661387807
2026-03-05 22:00:00+00:00,1.4071,1.4096,1.4018,1.40612,3175149.601428411
2026-03-05 23:00:00+00:00,1.4061,1.409,1.4018,1.4037,2831809.72786472
2026-03-06 00:00:00+00:00,1.40384,1.40854,1.4028,1.4055,3558259.84965822
2026-03-06 01:00:00+00:00,1.4056,1.4147,1.3978,1.4124,3399392.2442403995
2026-03-06 02:00:00+00:00,1.41236,1.4151,1.4088,1.4098,2292186.57353435
2026-03-06 03:00:00+00:00,1.40994,1.4118,1.40278,1.4055,3419436.5630271304
2026-03-06 04:00:00+00:00,1.4054,1.4063,1.3915,1.3995,3517057.114197042
2026-03-06 05:00:00+00:00,1.3996,1.4034,1.3927,1.39846,2505995.6257257103
2026-03-06 06:00:00+00:00,1.39846,1.4053,1.3966,1.4003,1461784.5940735496
2026-03-06 07:00:00+00:00,1.40037,1.4087,1.397,1.4076,1427562.8023236098
2026-03-06 08:00:00+00:00,1.40793,1.408,1.4013,1.4054,1937518.8667588704
2026-03-06 09:00:00+00:00,1.4055,1.4068,1.3923,1.3977,2793817.186664168
2026-03-06 10:00:00+00:00,1.39798,1.408,1.3972,1.4031,3269081.429270979
2026-03-06 11:00:00+00:00,1.403,1.4051,1.3937,1.3952,2515189.078582228
2026-03-06 12:00:00+00:00,1.3952,1.3966,1.3845,1.3893,5643619.054409928
2026-03-06 13:00:00+00:00,1.3892,1.39755,1.3716,1.37227,10458054.794816878
2026-03-06 14:00:00+00:00,1.372,1.3747,1.351,1.3557,15764189.814250346
2026-03-06 15:00:00+00:00,1.3556,1.3667,1.3528,1.3564,9245138.966404364
2026-03-06 16:00:00+00:00,1.3563,1.3636,1.3538,1.3571,5914066.64483309
2026-03-06 17:00:00+00:00,1.357,1.35936,1.346,1.35025,8772914.88446321
2026-03-06 18:00:00+00:00,1.3497,1.3631,1.349,1.3586,7486346.36192947
2026-03-06 19:00:00+00:00,1.35865,1.36665,1.3585,1.3634,5290106.559354384
2026-03-06 20:00:00+00:00,1.3634,1.36466,1.3537,1.3571,5642051.390167961
2026-03-06 21:00:00+00:00,1.3569,1.3652,1.3558,1.3638,4989798.587657799
2026-03-06 22:00:00+00:00,1.3639,1.3716,1.3625,1.3689,2406505.6958838203
2026-03-06 23:00:00+00:00,1.3689,1.36914,1.3625,1.3631,3581026.736755159
2026-03-07 00:00:00+00:00,1.3631,1.3706,1.3626,1.36807,1544766.54627478
2026-03-07 01:00:00+00:00,1.3682,1.3698,1.3647,1.3679,1430965.72887121
2026-03-07 02:00:00+00:00,1.3679,1.3688,1.3627,1.3676,1808888.48635069
2026-03-07 03:00:00+00:00,1.36785,1.3754,1.3653,1.3661,3101245.936758512
2026-03-07 04:00:00+00:00,1.3661,1.3665,1.3601,1.3632,1753611.1482017504
2026-03-07 05:00:00+00:00,1.3634,1.3678,1.3623,1.3672,1845391.4099012704
2026-03-07 06:00:00+00:00,1.36705,1.3688,1.3614,1.36361,1366993.3509990703
2026-03-07 07:00:00+00:00,1.3638,1.368,1.3613,1.3672,1054921.15521139
2026-03-07 08:00:00+00:00,1.36705,1.3694,1.36445,1.3653,658753.9051170399
2026-03-07 09:00:00+00:00,1.3652,1.3684,1.36302,1.3656,1023551.8021025696
2026-03-07 10:00:00+00:00,1.36556,1.3686,1.3648,1.3661,466250.0195896799
2026-03-07 11:00:00+00:00,1.36612,1.3735,1.3654,1.3699,952670.21463906
2026-03-07 12:00:00+00:00,1.37005,1.3701,1.3621,1.3643,1822648.03954913
2026-03-07 13:00:00+00:00,1.3643,1.3678,1.3619,1.3629,1501401.7022701306
2026-03-07 14:00:00+00:00,1.3629,1.3671,1.3565,1.3637,2272103.72870188
2026-03-07 15:00:00+00:00,1.3636,1.3636,1.3547,1.35751,1701556.84056274
2026-03-07 16:00:00+00:00,1.3572,1.3614,1.3558,1.3613,1203653.7514943704
2026-03-07 17:00:00+00:00,1.3613,1.3652,1.3601,1.36071,1866224.5017228303
2026-03-07 18:00:00+00:00,1.3606,1.3611,1.3504,1.3571,3178214.795693568
2026-03-07 19:00:00+00:00,1.35739,1.35739,1.347,1.3507,3366386.016773189
2026-03-07 20:00:00+00:00,1.3506,1.3566,1.3504,1.3552,1730130.1272673304
2026-03-07 21:00:00+00:00,1.35517,1.3595,1.3542,1.3568,1082673.9246908005
2026-03-07 22:00:00+00:00,1.3569,1.3572,1.3505,1.3536,1533912.5909381805
2026-03-07 23:00:00+00:00,1.35381,1.3574,1.3525,1.357,1239593.0384993406
2026-03-08 00:00:00+00:00,1.3566,1.3604,1.3538,1.355,1440594.0766872503
2026-03-08 01:00:00+00:00,1.3548,1.3581,1.3505,1.3573,1635033.53496895
2026-03-08 02:00:00+00:00,1.35732,1.3575,1.3448,1.3479,3269956.5371013405
2026-03-08 03:00:00+00:00,1.3479,1.3544,1.34438,1.3486,4339885.406505871
2026-03-08 04:00:00+00:00,1.34867,1.35,1.3414,1.3443,2127742.75220821
2026-03-08 05:00:00+00:00,1.34413,1.3563,1.3438,1.3538,1476252.19185134
2026-03-08 06:00:00+00:00,1.35384,1.3555,1.3498,1.3521,781805.4804966602
2026-03-08 07:00:00+00:00,1.3523,1.3629,1.3517,1.3602,1989415.6876317903
2026-03-08 08:00:00+00:00,1.36034,1.362,1.3547,1.3593,1080942.2162947196
2026-03-08 09:00:00+00:00,1.3593,1.3664,1.35604,1.3615,1153832.93977395
2026-03-08 10:00:00+00:00,1.36139,1.37155,1.3613,1.3681,1666273.2153916596
2026-03-08 11:00:00+00:00,1.3681,1.36818,1.3561,1.3577,1319402.8481400704
2026-03-08 12:00:00+00:00,1.3577,1.3593,1.3449,1.352,2777628.2937891083
2026-03-08 13:00:00+00:00,1.352,1.354,1.3416,1.3501,3131459.797831611
2026-03-08 14:00:00+00:00,1.3501,1.3532,1.3453,1.3496,1647869.272908219
2026-03-08 15:00:00+00:00,1.3495,1.3499,1.3427,1.3458,2373859.56817074
2026-03-08 16:00:00+00:00,1.3456,1.3458,1.338,1.3395,2818165.19951736
2026-03-08 17:00:00+00:00,1.3395,1.3464,1.339,1.3442,1482047.6575236106
2026-03-08 18:00:00+00:00,1.3441,1.3486,1.34,1.3456,1506595.86435381
2026-03-08 19:00:00+00:00,1.34554,1.36,1.3432,1.35645,3292478.2011400494
2026-03-08 20:00:00+00:00,1.3564,1.362,1.352,1.3535,2102312.16280734
2026-03-08 21:00:00+00:00,1.3537,1.3546,1.3443,1.34768,2056840.877051249
2026-03-08 22:00:00+00:00,1.3478,1.3493,1.3215,1.3458,12551662.33192324
2026-03-08 23:00:00+00:00,1.3458,1.3504,1.3381,1.3399,4004711.39676748
2026-03-09 00:00:00+00:00,1.34036,1.3607,1.3387,1.3492,4464974.065208288
2026-03-09 01:00:00+00:00,1.3491,1.35385,1.3415,1.342,4118902.375087799
2026-03-09 02:00:00+00:00,1.34207,1.3502,1.3375,1.3458,4156806.0678336206
2026-03-09 03:00:00+00:00,1.34611,1.3656,1.3449,1.3507,6968523.41985118
2026-03-09 04:00:00+00:00,1.35051,1.356,1.3437,1.3437,2627099.640627321
2026-03-09 05:00:00+00:00,1.34443,1.3592,1.3419,1.3546,4048056.467154389
2026-03-09 06:00:00+00:00,1.3555,1.3586,1.3441,1.3446,1743161.7028673205
2026-03-09 07:00:00+00:00,1.3447,1.3455,1.3327,1.3412,4049965.6047593104
2026-03-09 08:00:00+00:00,1.3408,1.3483,1.3391,1.34605,1888160.329219021
2026-03-09 09:00:00+00:00,1.3461,1.3634,1.3409,1.3548,3647468.575048051
2026-03-09 10:00:00+00:00,1.35503,1.3566,1.3454,1.3473,1261343.2270422406
2026-03-09 11:00:00+00:00,1.3472,1.3517,1.3411,1.3501,2331446.110610452
2026-03-09 12:00:00+00:00,1.3506,1.3582,1.3494,1.3547,2653547.7144420794
2026-03-09 13:00:00+00:00,1.3547,1.373,1.3538,1.3681,6988974.711134991
2026-03-09 14:00:00+00:00,1.368,1.3732,1.359,1.3649,8501788.704850202
2026-03-09 15:00:00+00:00,1.365,1.3678,1.3565,1.3604,5415630.084269552
2026-03-09 16:00:00+00:00,1.3605,1.3705,1.359,1.3647,3022974.411439321
2026-03-09 17:00:00+00:00,1.3649,1.3707,1.3592,1.3624,3428043.372139712
2026-03-09 18:00:00+00:00,1.3623,1.3682,1.3558,1.3615,2785853.5859903623
2026-03-09 19:00:00+00:00,1.36175,1.3844,1.3562,1.3728,10768442.466546068
2026-03-09 20:00:00+00:00,1.373,1.3794,1.3672,1.3733,5505430.932794371
2026-03-09 21:00:00+00:00,1.3731,1.3778,1.3697,1.3743,2291903.419008661
2026-03-09 22:00:00+00:00,1.3736,1.3761,1.3625,1.36453,4575817.385207011
2026-03-09 23:00:00+00:00,1.3651,1.3683,1.3604,1.3632,2119424.132190031
2026-03-10 00:00:00+00:00,1.363,1.3742,1.3608,1.3699,2726573.24224269
2026-03-10 01:00:00+00:00,1.3697,1.3754,1.36609,1.3725,2427566.3861594107
2026-03-10 02:00:00+00:00,1.3725,1.3928,1.3701,1.3878,5201696.683950143
2026-03-10 03:00:00+00:00,1.3883,1.3913,1.375,1.3757,2930800.6519724005
2026-03-10 04:00:00+00:00,1.3752,1.384,1.3731,1.38205,1748792.9348570602
2026-03-10 05:00:00+00:00,1.38205,1.3904,1.381,1.3844,1527898.6671652594
2026-03-10 06:00:00+00:00,1.38439,1.3856,1.378,1.3804,1287454.69773989
2026-03-10 07:00:00+00:00,1.3803,1.389,1.3765,1.3876,3255608.409893629
2026-03-10 08:00:00+00:00,1.38735,1.4125,1.38735,1.4019,7977462.854024195
2026-03-10 09:00:00+00:00,1.402,1.42,1.402,1.4166,4506639.2315724585
2026-03-10 10:00:00+00:00,1.4167,1.4181,1.4045,1.4056,4333444.86982015
2026-03-10 11:00:00+00:00,1.4056,1.4064,1.3882,1.39081,6520156.573551464
2026-03-10 12:00:00+00:00,1.3911,1.3927,1.38243,1.389,3744458.363475972
2026-03-10 13:00:00+00:00,1.3893,1.4022,1.3814,1.3933,6707938.819779107
2026-03-10 14:00:00+00:00,1.3939,1.4381,1.3817,1.4346,16477488.015132817
2026-03-10 15:00:00+00:00,1.4345,1.4434,1.4194,1.4311,16300960.342531618
2026-03-10 16:00:00+00:00,1.43067,1.4371,1.4233,1.4274,8770619.76891131
2026-03-10 17:00:00+00:00,1.4273,1.4309,1.3897,1.4125,8138351.081479106
2026-03-10 18:00:00+00:00,1.41274,1.4136,1.39,1.3937,14013921.555036128
2026-03-10 19:00:00+00:00,1.394,1.3955,1.3795,1.385,7786010.953117183
2026-03-10 20:00:00+00:00,1.385,1.39528,1.3843,1.3903,5131533.274190271
2026-03-10 21:00:00+00:00,1.3897,1.39506,1.3777,1.3835,4739775.864522971
2026-03-10 22:00:00+00:00,1.3834,1.3888,1.3795,1.3841,2335024.2443780503
2026-03-10 23:00:00+00:00,1.3839,1.3886,1.38389,1.3868,2034103.509412789
2026-03-11 00:00:00+00:00,1.3868,1.3929,1.3825,1.3889,2980692.10445377
2026-03-11 01:00:00+00:00,1.3889,1.3913,1.3844,1.3905,2263648.519686289
2026-03-11 02:00:00+00:00,1.3903,1.391,1.3788,1.3828,3934293.8437168
2026-03-11 03:00:00+00:00,1.3826,1.3858,1.378,1.3793,2171379.330729709
2026-03-11 04:00:00+00:00,1.37928,1.3903,1.3769,1.3884,2115409.34653825
2026-03-11 05:00:00+00:00,1.3881,1.3918,1.3751,1.377,3173730.906841229
2026-03-11 06:00:00+00:00,1.37664,1.3848,1.3762,1.3829,1909889.2497135503
2026-03-11 07:00:00+00:00,1.38288,1.3839,1.3738,1.3787,2077351.42839506
2026-03-11 08:00:00+00:00,1.37874,1.3802,1.37243,1.3761,1465378.1795809595
2026-03-11 09:00:00+00:00,1.376,1.3813,1.3731,1.3741,1627091.4963137698
2026-03-11 10:00:00+00:00,1.3745,1.3822,1.373,1.3794,1668597.5643484404
2026-03-11 11:00:00+00:00,1.3788,1.3813,1.3724,1.3738,2479090.46359916
2026-03-11 12:00:00+00:00,1.3741,1.3878,1.37049,1.3853,5431460.940310379
2026-03-11 13:00:00+00:00,1.3856,1.4118,1.3833,1.3927,11490226.555393688
2026-03-11 14:00:00+00:00,1.3926,1.4035,1.3865,1.3921,8809550.049260832
2026-03-11 15:00:00+00:00,1.3924,1.3941,1.3732,1.3828,7760093.01756072
2026-03-11 16:00:00+00:00,1.38264,1.39086,1.3801,1.3879,4387523.0307813445
2026-03-11 17:00:00+00:00,1.3877,1.402,1.3874,1.3982,7429905.374966072
2026-03-11 18:00:00+00:00,1.398,1.4078,1.3965,1.4044,5742849.38428646
2026-03-11 19:00:00+00:00,1.40445,1.4052,1.3879,1.3901,5443501.858131132
2026-03-11 20:00:00+00:00,1.3899,1.3944,1.387,1.3921,3812283.567019399
2026-03-11 21:00:00+00:00,1.3922,1.394,1.3886,1.3925,2169294.20902224
2026-03-11 22:00:00+00:00,1.3926,1.3977,1.3866,1.3905,2939040.2679803297
2026-03-11 23:00:00+00:00,1.39039,1.3926,1.3819,1.3849,2993946.886565461
2026-03-12 00:00:00+00:00,1.38454,1.3865,1.3806,1.3843,2101037.5415449305
2026-03-12 01:00:00+00:00,1.38423,1.3847,1.3771,1.3791,3689356.31372574
2026-03-12 02:00:00+00:00,1.3792,1.3816,1.3704,1.3726,4312347.140292159
2026-03-12 03:00:00+00:00,1.3727,1.37655,1.3698,1.3739,2010796.28288334
2026-03-12 04:00:00+00:00,1.3739,1.3785,1.369,1.3706,2214956.958319051
2026-03-12 05:00:00+00:00,1.37034,1.3728,1.3663,1.3709,2779206.910775369
2026-03-12 06:00:00+00:00,1.37098,1.3735,1.3673,1.3726,1951714.4031767496
2026-03-12 07:00:00+00:00,1.3726,1.3784,1.3699,1.377,1578931.6927768805
2026-03-12 08:00:00+00:00,1.37663,1.383,1.3743,1.3803,1696268.5345839695
2026-03-12 09:00:00+00:00,1.3802,1.3895,1.3758,1.3819,2330418.086909579
2026-03-12 10:00:00+00:00,1.3822,1.3919,1.3788,1.3904,2356504.969639051
2026-03-12 11:00:00+00:00,1.3903,1.3937,1.3871,1.3883,3258257.576931241
2026-03-12 12:00:00+00:00,1.388,1.393,1.38578,1.3882,2651639.0332771395
2026-03-12 13:00:00+00:00,1.3882,1.3928,1.3773,1.3822,5854062.16766256
2026-03-12 14:00:00+00:00,1.3823,1.3923,1.365,1.3695,7112249.191231489
2026-03-12 15:00:00+00:00,1.3693,1.3845,1.3663,1.3794,5787297.453395707
2026-03-12 16:00:00+00:00,1.37938,1.3861,1.3711,1.3823,4618199.822650021
2026-03-12 17:00:00+00:00,1.3822,1.3852,1.3774,1.3803,2596695.8187833503
2026-03-12 18:00:00+00:00,1.3803,1.3816,1.3714,1.3723,2842209.8054442112
2026-03-12 19:00:00+00:00,1.37215,1.3825,1.3697,1.3793,3983555.47224896
2026-03-12 20:00:00+00:00,1.3791,1.3809,1.3715,1.3721,2483245.2608782
2026-03-12 21:00:00+00:00,1.3721,1.3765,1.37159,1.3741,1892849.87615856
2026-03-12 22:00:00+00:00,1.3739,1.3798,1.3724,1.3793,2198770.27278744
2026-03-12 23:00:00+00:00,1.37944,1.3904,1.3791,1.385,6111401.25519851
2026-03-13 00:00:00+00:00,1.3848,1.4244,1.383,1.4068,15620138.413040584
2026-03-13 01:00:00+00:00,1.4066,1.4167,1.404,1.4137,7105195.407878137
2026-03-13 02:00:00+00:00,1.4138,1.4148,1.3995,1.4013,4855189.43019041
2026-03-13 03:00:00+00:00,1.4013,1.4145,1.4002,1.4121,3615779.6689774296
2026-03-13 04:00:00+00:00,1.4123,1.414,1.4058,1.411,3136287.1099652294
2026-03-13 05:00:00+00:00,1.41112,1.428,1.4075,1.4234,7588832.22606311
2026-03-13 06:00:00+00:00,1.42356,1.4263,1.412,1.41351,5202657.633892152
2026-03-13 07:00:00+00:00,1.4132,1.42097,1.4114,1.4151,3360507.372169778
2026-03-13 08:00:00+00:00,1.41556,1.4344,1.4127,1.4265,9162230.135183156
2026-03-13 09:00:00+00:00,1.4266,1.4378,1.4259,1.4287,3593896.4462602204
2026-03-13 10:00:00+00:00,1.42875,1.43872,1.4282,1.4338,4170033.4474727423
2026-03-13 11:00:00+00:00,1.4337,1.4348,1.4192,1.42064,3240791.3543729708
2026-03-13 12:00:00+00:00,1.42,1.44,1.4195,1.4339,6249844.964330192
2026-03-13 13:00:00+00:00,1.4341,1.44994,1.4307,1.444,21353837.911783013
2026-03-13 14:00:00+00:00,1.4439,1.4534,1.4209,1.4234,17224759.049677957
2026-03-13 15:00:00+00:00,1.4235,1.4296,1.4067,1.4093,12466810.131456824
2026-03-13 16:00:00+00:00,1.40925,1.4153,1.4,1.41,6920022.810390563
2026-03-13 17:00:00+00:00,1.4101,1.4129,1.3917,1.3937,6760211.466662301
2026-03-13 18:00:00+00:00,1.3938,1.40174,1.39,1.3975,4594951.6596898
2026-03-13 19:00:00+00:00,1.39766,1.403,1.3956,1.4006,3062629.589418821
2026-03-13 20:00:00+00:00,1.4016,1.4051,1.3975,1.4027,2683410.98535718
2026-03-13 21:00:00+00:00,1.4018,1.4063,1.3965,1.4007,2570447.8822866096
2026-03-13 22:00:00+00:00,1.4009,1.40205,1.3893,1.3951,3225950.745800422
2026-03-13 23:00:00+00:00,1.39524,1.4005,1.3926,1.3988,2307069.6284961305
2026-03-14 00:00:00+00:00,1.3983,1.40004,1.3919,1.3946,2239663.50245953
2026-03-14 01:00:00+00:00,1.39451,1.4015,1.3923,1.3998,2319424.77254098
2026-03-14 02:00:00+00:00,1.40046,1.4033,1.3974,1.3986,1738985.4050788204
2026-03-14 03:00:00+00:00,1.39881,1.404,1.3971,1.4012,1539379.3268322598
2026-03-14 04:00:00+00:00,1.4012,1.40451,1.3957,1.3983,1469555.1234611997
2026-03-14 05:00:00+00:00,1.39834,1.3996,1.3939,1.3956,1174800.6498185
2026-03-14 06:00:00+00:00,1.3958,1.3958,1.385,1.39272,2777766.3228476285
2026-03-14 07:00:00+00:00,1.3929,1.39822,1.392,1.3944,896903.7964624404
2026-03-14 08:00:00+00:00,1.39446,1.3974,1.3925,1.3937,994704.42975338
2026-03-14 09:00:00+00:00,1.39374,1.3977,1.389,1.3904,1253320.5617245105
2026-03-14 10:00:00+00:00,1.3904,1.3915,1.3876,1.38986,1195986.7506527505
2026-03-14 11:00:00+00:00,1.3899,1.3936,1.3892,1.3929,716921.8584031599
2026-03-14 12:00:00+00:00,1.393,1.3947,1.38829,1.3896,1177021.31249749
2026-03-14 13:00:00+00:00,1.3897,1.3951,1.3886,1.3922,1320281.78389165
2026-03-14 14:00:00+00:00,1.3922,1.3937,1.3879,1.38941,1840536.4200510487
2026-03-14 15:00:00+00:00,1.3894,1.3921,1.3884,1.3904,1259888.1943561798
2026-03-14 16:00:00+00:00,1.39057,1.3936,1.3871,1.39348,1336074.36818816
2026-03-14 17:00:00+00:00,1.3931,1.3941,1.3885,1.3899,1138160.7501884804
2026-03-14 18:00:00+00:00,1.3899,1.3926,1.3885,1.39174,1304169.62630823
2026-03-14 19:00:00+00:00,1.39174,1.3919,1.3895,1.3907,761809.2613425003
2026-03-14 20:00:00+00:00,1.3907,1.3945,1.3886,1.3937,1106112.03011493
2026-03-14 21:00:00+00:00,1.3936,1.3977,1.3911,1.396,1898833.7894435904
2026-03-14 22:00:00+00:00,1.3956,1.3996,1.3945,1.3972,2068397.506337932
2026-03-14 23:00:00+00:00,1.39714,1.4092,1.3968,1.4068,3727987.380077892
2026-03-15 00:00:00+00:00,1.4068,1.41,1.4023,1.4056,2578041.5700752493
2026-03-15 01:00:00+00:00,1.4057,1.4085,1.4021,1.4055,1324863.19607997
2026-03-15 02:00:00+00:00,1.40528,1.4199,1.4052,1.416,4452061.916525801
2026-03-15 03:00:00+00:00,1.4159,1.4208,1.4117,1.4126,2725590.663872189
2026-03-15 04:00:00+00:00,1.4125,1.4185,1.41208,1.4174,2735767.3667495507
2026-03-15 05:00:00+00:00,1.41722,1.42108,1.41405,1.41425,1918039.7623299505
2026-03-15 06:00:00+00:00,1.41441,1.4165,1.4057,1.4104,4679944.278434561
2026-03-15 07:00:00+00:00,1.4101,1.4122,1.4061,1.4081,1603787.8506419193
2026-03-15 08:00:00+00:00,1.40799,1.4136,1.4076,1.41358,1886109.4973643625
2026-03-15 09:00:00+00:00,1.4135,1.4189,1.4132,1.4149,2134870.9570298404
2026-03-15 10:00:00+00:00,1.41518,1.41826,1.4139,1.4168,453043.8490026098
2026-03-15 11:00:00+00:00,1.4168,1.4209,1.4139,1.4201,840037.0512358301
2026-03-15 12:00:00+00:00,1.4201,1.4253,1.4148,1.42391,2434742.47817358
2026-03-15 13:00:00+00:00,1.4239,1.4303,1.4158,1.423,5145702.82650327
2026-03-15 14:00:00+00:00,1.4229,1.4252,1.4123,1.4176,2965302.00014698
2026-03-15 15:00:00+00:00,1.4177,1.4229,1.4146,1.4158,2311990.072195169
2026-03-15 16:00:00+00:00,1.41594,1.4185,1.4082,1.413,1966225.6725817905
2026-03-15 17:00:00+00:00,1.41305,1.4243,1.4115,1.4193,1942489.2807053605
2026-03-15 18:00:00+00:00,1.4194,1.42135,1.4088,1.4109,2752090.1622232297
2026-03-15 19:00:00+00:00,1.41095,1.4155,1.4097,1.4131,1505344.01862804
2026-03-15 20:00:00+00:00,1.41303,1.4234,1.4104,1.4179,2290674.9724024786
2026-03-15 21:00:00+00:00,1.4181,1.4311,1.4147,1.4275,3376255.7638008203
2026-03-15 22:00:00+00:00,1.4274,1.4648,1.4224,1.4553,14684529.119030409
2026-03-15 23:00:00+00:00,1.45524,1.4579,1.4393,1.4489,11962880.929052835
2026-03-16 00:00:00+00:00,1.44894,1.4584,1.4441,1.4468,4989663.199715642
2026-03-16 01:00:00+00:00,1.4468,1.45052,1.43871,1.4471,3833884.66523967
2026-03-16 02:00:00+00:00,1.44739,1.4497,1.4356,1.4426,4074899.780192081
2026-03-16 03:00:00+00:00,1.44358,1.48,1.4402,1.46758,13111486.933590963
2026-03-16 04:00:00+00:00,1.4676,1.486,1.4669,1.4801,11182823.873416033
2026-03-16 05:00:00+00:00,1.48004,1.4851,1.4742,1.4811,6746372.657026708
2026-03-16 06:00:00+00:00,1.48085,1.4816,1.4732,1.4768,4369032.664308338
2026-03-16 07:00:00+00:00,1.47701,1.4883,1.476,1.4831,4302328.432868869
2026-03-16 08:00:00+00:00,1.4827,1.4895,1.4642,1.4683,4887431.835267112
2026-03-16 09:00:00+00:00,1.46856,1.4758,1.4659,1.4738,5335701.294080496
2026-03-16 10:00:00+00:00,1.47401,1.4762,1.4664,1.47515,2643437.33749215
2026-03-16 11:00:00+00:00,1.4751,1.4759,1.4661,1.47012,1934628.3364273687
2026-03-16 12:00:00+00:00,1.46994,1.4812,1.4691,1.4766,4258418.661881809
2026-03-16 13:00:00+00:00,1.4767,1.4933,1.4741,1.48278,9625145.007388132
2026-03-16 14:00:00+00:00,1.48312,1.50985,1.4711,1.50954,15915335.917573836
2026-03-16 15:00:00+00:00,1.5093,1.5167,1.492,1.4932,19710271.029087085
2026-03-16 16:00:00+00:00,1.4933,1.5115,1.4914,1.509,9302466.01149075
2026-03-16 17:00:00+00:00,1.5091,1.51959,1.50565,1.5188,10687723.254236044
2026-03-16 18:00:00+00:00,1.5188,1.5445,1.5166,1.536,19805332.305900075
2026-03-16 19:00:00+00:00,1.53574,1.54273,1.52,1.5291,16551446.670178795
2026-03-16 20:00:00+00:00,1.53,1.5317,1.5234,1.5285,5766710.70221094
2026-03-16 21:00:00+00:00,1.5284,1.5407,1.526,1.5278,7074780.053600919
2026-03-16 22:00:00+00:00,1.52831,1.5525,1.5277,1.5516,11987438.407540284
2026-03-16 23:00:00+00:00,1.55158,1.552,1.5354,1.5427,7116059.910339753
2026-03-17 00:00:00+00:00,1.5432,1.5555,1.5336,1.5454,9893181.90003896
2026-03-17 01:00:00+00:00,1.5457,1.5784,1.5436,1.5712,16432020.916435536
2026-03-17 02:00:00+00:00,1.5711,1.6072,1.5607,1.5944,20679119.55897508
2026-03-17 03:00:00+00:00,1.5943,1.5957,1.5338,1.5444,19023202.4568589
2026-03-17 04:00:00+00:00,1.5443,1.55304,1.52235,1.5301,14032011.846031792
2026-03-17 05:00:00+00:00,1.5298,1.5321,1.5099,1.5158,6361648.334591682
2026-03-17 06:00:00+00:00,1.51536,1.5231,1.5043,1.5167,3580613.147407171
2026-03-17 07:00:00+00:00,1.51667,1.5436,1.516,1.5302,4205796.248568432
2026-03-17 08:00:00+00:00,1.53,1.5334,1.5183,1.5211,2567315.3962293607
2026-03-17 09:00:00+00:00,1.521,1.5245,1.5064,1.5115,4879991.198611482
2026-03-17 10:00:00+00:00,1.5115,1.5127,1.5016,1.50922,3708938.633269253
2026-03-17 11:00:00+00:00,1.5091,1.5189,1.5069,1.51,3641195.548807183
2026-03-17 12:00:00+00:00,1.51002,1.5153,1.5016,1.5045,6434144.788767362
2026-03-17 13:00:00+00:00,1.5044,1.5178,1.4962,1.5044,13825403.970783452
2026-03-17 14:00:00+00:00,1.5045,1.5144,1.4943,1.5132,7693034.386802467
2026-03-17 15:00:00+00:00,1.5132,1.5228,1.503,1.5139,6742626.47180773
2026-03-17 16:00:00+00:00,1.5141,1.54,1.5008,1.519,18793411.9855156
2026-03-17 17:00:00+00:00,1.519,1.5324,1.5174,1.5313,5475317.237996449
2026-03-17 18:00:00+00:00,1.5314,1.539,1.5253,1.5372,4929497.58026153
2026-03-17 19:00:00+00:00,1.53707,1.5415,1.5296,1.5336,4665010.873054921
2026-03-17 20:00:00+00:00,1.5335,1.5365,1.5281,1.53355,5127349.251950063
2026-03-17 21:00:00+00:00,1.53335,1.5365,1.5264,1.5307,3644329.451857209
2026-03-17 22:00:00+00:00,1.5299,1.5372,1.5194,1.5281,4092308.581345618
2026-03-17 23:00:00+00:00,1.52826,1.5312,1.5174,1.5187,4073429.5185938017
2026-03-18 00:00:00+00:00,1.5187,1.5219,1.5092,1.51605,3170291.5257393
2026-03-18 01:00:00+00:00,1.5162,1.5239,1.51314,1.5159,4941977.365937049
2026-03-18 02:00:00+00:00,1.51564,1.5319,1.515,1.52738,3449084.6402383214
2026-03-18 03:00:00+00:00,1.52738,1.5406,1.5258,1.5387,5705423.612998279
2026-03-18 04:00:00+00:00,1.5388,1.54234,1.5235,1.5275,3489547.726372229
2026-03-18 05:00:00+00:00,1.52735,1.538,1.5214,1.5242,1784843.8273074604
2026-03-18 06:00:00+00:00,1.52418,1.5314,1.5231,1.5253,1347415.28754391
2026-03-18 07:00:00+00:00,1.52523,1.52524,1.5148,1.5206,1696734.8327190906
2026-03-18 08:00:00+00:00,1.52046,1.526,1.5194,1.5227,1205855.05808989
2026-03-18 09:00:00+00:00,1.5221,1.5279,1.5208,1.5243,853558.9503053898
2026-03-18 10:00:00+00:00,1.5234,1.5255,1.5094,1.5115,2268688.5815442707
2026-03-18 11:00:00+00:00,1.5115,1.51244,1.4838,1.49028,11915389.837723996
2026-03-18 12:00:00+00:00,1.4893,1.4913,1.45758,1.4642,15229442.068421643
2026-03-18 13:00:00+00:00,1.46445,1.4745,1.4543,1.467,7890007.194644196
2026-03-18 14:00:00+00:00,1.467,1.4685,1.4444,1.4459,10262009.268178543
2026-03-18 15:00:00+00:00,1.4459,1.4528,1.439,1.4412,6855721.08716826
2026-03-18 16:00:00+00:00,1.441,1.4478,1.4359,1.44299,7430271.983574398
2026-03-18 17:00:00+00:00,1.4427,1.4598,1.4398,1.4563,7409538.739193679
2026-03-18 18:00:00+00:00,1.4562,1.4675,1.4477,1.4522,11089382.677773364
2026-03-18 19:00:00+00:00,1.45261,1.462,1.4485,1.4491,7208219.911575912
2026-03-18 20:00:00+00:00,1.4491,1.4623,1.442,1.4591,6536068.829109037
2026-03-18 21:00:00+00:00,1.4592,1.47596,1.4584,1.4675,11210539.303127876
2026-03-18 22:00:00+00:00,1.4676,1.46845,1.4591,1.4628,3435719.4330263594
2026-03-18 23:00:00+00:00,1.46275,1.466,1.457,1.4647,1533444.1463303303
2026-03-19 00:00:00+00:00,1.4647,1.46532,1.459,1.4612,2383989.367055002
2026-03-19 01:00:00+00:00,1.4614,1.4676,1.4566,1.4621,1956854.15664424
2026-03-19 02:00:00+00:00,1.46244,1.4647,1.4559,1.4578,2668312.592241124
2026-03-19 03:00:00+00:00,1.45758,1.4791,1.4573,1.47438,5059238.112568553
2026-03-19 04:00:00+00:00,1.4746,1.47598,1.4632,1.4665,3510702.0025972505
2026-03-19 05:00:00+00:00,1.4666,1.4677,1.4591,1.4669,1761387.3161094498
2026-03-19 06:00:00+00:00,1.4671,1.48206,1.4635,1.469,5829744.657436286
2026-03-19 07:00:00+00:00,1.46902,1.4704,1.45095,1.4613,6754179.564111077
2026-03-19 08:00:00+00:00,1.46147,1.4642,1.4519,1.4557,2337895.3881092803
2026-03-19 09:00:00+00:00,1.4555,1.472,1.4555,1.4693,3245627.4745301967
2026-03-19 10:00:00+00:00,1.46947,1.4705,1.4621,1.4631,1308136.0136815594
2026-03-19 11:00:00+00:00,1.4632,1.4658,1.457,1.45858,2833895.204478234
2026-03-19 12:00:00+00:00,1.45858,1.45858,1.4352,1.437,8061064.007787435
2026-03-19 13:00:00+00:00,1.437,1.454,1.4322,1.4522,12404536.795024067
2026-03-19 14:00:00+00:00,1.4522,1.4568,1.4381,1.4443,6184022.246903527
2026-03-19 15:00:00+00:00,1.4442,1.4517,1.42464,1.4319,12041019.824862815
2026-03-19 16:00:00+00:00,1.432,1.4375,1.4243,1.427,5947660.274641205
2026-03-19 17:00:00+00:00,1.4272,1.4399,1.4219,1.4393,5587791.612836703
2026-03-19 18:00:00+00:00,1.4387,1.4393,1.4307,1.4372,2868753.658541591
2026-03-19 19:00:00+00:00,1.43717,1.4532,1.4363,1.445,7401887.820602173
2026-03-19 20:00:00+00:00,1.445,1.4545,1.4431,1.4499,3058002.715343672
2026-03-19 21:00:00+00:00,1.4496,1.4562,1.4494,1.4548,1877562.5842157693
2026-03-19 22:00:00+00:00,1.4545,1.45688,1.4443,1.44933,2712994.882323271
2026-03-19 23:00:00+00:00,1.4495,1.4542,1.4428,1.447,2403839.1437193016
2026-03-20 00:00:00+00:00,1.44754,1.4534,1.4452,1.45015,2468782.0581460404
2026-03-20 01:00:00+00:00,1.4504,1.461,1.44974,1.4568,4138341.895104983
2026-03-20 02:00:00+00:00,1.4569,1.4575,1.4464,1.45223,3860803.555018861
2026-03-20 03:00:00+00:00,1.45253,1.457,1.44999,1.4531,2172611.5816031024
2026-03-20 04:00:00+00:00,1.45321,1.4573,1.4475,1.4536,1993608.97141764
2026-03-20 05:00:00+00:00,1.45352,1.45841,1.45,1.4551,1996399.4146507904
2026-03-20 06:00:00+00:00,1.45497,1.46313,1.4501,1.4506,2976250.9687365554
2026-03-20 07:00:00+00:00,1.45038,1.4568,1.4435,1.45469,2547021.334252666
2026-03-20 08:00:00+00:00,1.45457,1.4663,1.4537,1.46,3045995.298458236
2026-03-20 09:00:00+00:00,1.46,1.46,1.44523,1.4479,2318180.7156095104
2026-03-20 10:00:00+00:00,1.4481,1.45496,1.4441,1.4507,3307038.087292131
2026-03-20 11:00:00+00:00,1.4507,1.4553,1.44258,1.44912,2173249.13850241
2026-03-20 12:00:00+00:00,1.44906,1.4528,1.4417,1.44226,2004687.44319902
2026-03-20 13:00:00+00:00,1.44239,1.4493,1.4362,1.4379,4955718.533503048
2026-03-20 14:00:00+00:00,1.4378,1.4453,1.43114,1.4361,6527555.841730925
2026-03-20 15:00:00+00:00,1.437,1.442,1.42764,1.437,5006649.791136993
2026-03-20 16:00:00+00:00,1.43737,1.4431,1.4324,1.43769,4179501.233860639
2026-03-20 17:00:00+00:00,1.4372,1.4408,1.4288,1.4388,2554027.14466196
2026-03-20 18:00:00+00:00,1.4388,1.4399,1.4283,1.43084,3028679.423441201
2026-03-20 19:00:00+00:00,1.4308,1.4378,1.4246,1.43546,6946892.235389553
2026-03-20 20:00:00+00:00,1.4355,1.4379,1.42886,1.436,3659910.034354546
2026-03-20 21:00:00+00:00,1.437,1.4492,1.4333,1.4429,3364545.393501014
2026-03-20 22:00:00+00:00,1.4429,1.4529,1.4428,1.4477,4464818.04105593
2026-03-20 23:00:00+00:00,1.4477,1.4486,1.43834,1.4453,2518809.2229556427
2026-03-21 00:00:00+00:00,1.44527,1.4493,1.44247,1.4475,2053245.2245568305
2026-03-21 01:00:00+00:00,1.4474,1.4499,1.4421,1.4436,2042505.0205571896
2026-03-21 02:00:00+00:00,1.44353,1.4488,1.4424,1.4467,1770418.3792847495
2026-03-21 03:00:00+00:00,1.44662,1.4476,1.4446,1.4459,1270726.8300716092
2026-03-21 04:00:00+00:00,1.4459,1.4483,1.4439,1.4443,1274002.9353035402
2026-03-21 05:00:00+00:00,1.4444,1.4513,1.4443,1.4512,1597493.1408292006
2026-03-21 06:00:00+00:00,1.4512,1.4529,1.4477,1.449,1437864.662581107
2026-03-21 07:00:00+00:00,1.4485,1.45,1.4435,1.4438,1088479.9043663903
2026-03-21 08:00:00+00:00,1.44388,1.4456,1.4401,1.441,1117796.82199926
2026-03-21 09:00:00+00:00,1.44084,1.4431,1.43633,1.4399,1105580.194604392
2026-03-21 10:00:00+00:00,1.43986,1.4409,1.4376,1.4402,645546.3397889
2026-03-21 11:00:00+00:00,1.43996,1.443,1.439,1.4424,538500.9720793299
2026-03-21 12:00:00+00:00,1.4424,1.447,1.4402,1.4449,1354743.1450178295
2026-03-21 13:00:00+00:00,1.4448,1.4461,1.4348,1.43943,4054396.570105541
2026-03-21 14:00:00+00:00,1.4396,1.4447,1.43488,1.4365,2322685.6357508097
2026-03-21 15:00:00+00:00,1.4365,1.4401,1.43332,1.4378,1642159.2089276002
2026-03-21 16:00:00+00:00,1.43781,1.4385,1.43371,1.43673,1397783.3244475
2026-03-21 17:00:00+00:00,1.4369,1.44348,1.4338,1.4395,3477540.326564307
2026-03-21 18:00:00+00:00,1.4399,1.4417,1.43587,1.4373,1632169.2598476002
2026-03-21 19:00:00+00:00,1.4372,1.4382,1.4355,1.437,1148424.68259718
2026-03-21 20:00:00+00:00,1.43711,1.4429,1.4366,1.4412,1273521.68176741
2026-03-21 21:00:00+00:00,1.44116,1.4422,1.4382,1.4396,793538.69131224
2026-03-21 22:00:00+00:00,1.4396,1.4417,1.43749,1.4391,788365.5216915797
2026-03-21 23:00:00+00:00,1.43923,1.4395,1.4,1.4072,11400584.34952234
2026-03-22 00:00:00+00:00,1.4087,1.41788,1.39315,1.41098,10882362.107142024
2026-03-22 01:00:00+00:00,1.4108,1.4164,1.405,1.40989,4623371.514752502
2026-03-22 02:00:00+00:00,1.40995,1.4205,1.4076,1.4164,2370764.20380792
2026-03-22 03:00:00+00:00,1.4165,1.4262,1.41295,1.4175,2117483.821796589
2026-03-22 04:00:00+00:00,1.417,1.4207,1.4095,1.41753,2850074.244887504
2026-03-22 05:00:00+00:00,1.4171,1.4175,1.4112,1.4115,1856286.446324461
2026-03-22 06:00:00+00:00,1.41155,1.413,1.4095,1.4104,2557398.408067303
2026-03-22 07:00:00+00:00,1.4104,1.4129,1.40254,1.4032,1790959.793827491
2026-03-22 08:00:00+00:00,1.40306,1.4039,1.3926,1.3994,2627938.8252047
2026-03-22 09:00:00+00:00,1.3991,1.4034,1.39477,1.3965,3619149.8690755903
2026-03-22 10:00:00+00:00,1.39571,1.397,1.3869,1.3884,3822163.898040974
2026-03-22 11:00:00+00:00,1.3884,1.3968,1.38184,1.39063,5437617.688200068
2026-03-22 12:00:00+00:00,1.391,1.402,1.39058,1.3996,2881449.13022719
2026-03-22 13:00:00+00:00,1.3997,1.4072,1.3962,1.3983,2504254.4314914807
2026-03-22 14:00:00+00:00,1.3984,1.4033,1.395,1.39693,2093182.5311866
2026-03-22 15:00:00+00:00,1.39692,1.4012,1.39125,1.3929,2309463.4754342497
2026-03-22 16:00:00+00:00,1.39259,1.3957,1.3905,1.39445,3151744.026251954
2026-03-22 17:00:00+00:00,1.3946,1.3962,1.3914,1.39299,1875891.93460976
2026-03-22 18:00:00+00:00,1.393,1.393,1.38105,1.3878,3579870.3146430016
2026-03-22 19:00:00+00:00,1.388,1.3886,1.3808,1.3849,3530893.753523213
2026-03-22 20:00:00+00:00,1.385,1.39072,1.38477,1.3869,2113885.44993651
2026-03-22 21:00:00+00:00,1.3869,1.388,1.36857,1.3791,8732146.243866801
2026-03-22 22:00:00+00:00,1.3793,1.393,1.3715,1.39093,5366616.074074505
2026-03-22 23:00:00+00:00,1.391,1.3935,1.3834,1.3852,2796143.074517872
2026-03-23 00:00:00+00:00,1.3847,1.3909,1.37411,1.3786,4588655.201639833
2026-03-23 01:00:00+00:00,1.3786,1.3906,1.3751,1.3817,3633626.350962389
2026-03-23 02:00:00+00:00,1.38156,1.3927,1.3813,1.3851,3136387.4309718795
2026-03-23 03:00:00+00:00,1.38545,1.3919,1.3779,1.381,3271564.987389772
2026-03-23 04:00:00+00:00,1.3811,1.391,1.37807,1.3901,2657650.2220800407
2026-03-23 05:00:00+00:00,1.38999,1.3965,1.3875,1.3907,3991025.351466971
2026-03-23 06:00:00+00:00,1.39054,1.3913,1.36773,1.3714,7373568.153281001
2026-03-23 07:00:00+00:00,1.3722,1.3762,1.36203,1.3729,7310808.359214287
2026-03-23 08:00:00+00:00,1.3721,1.3802,1.3667,1.36795,2689075.80705437
2026-03-23 09:00:00+00:00,1.36808,1.3715,1.3612,1.3688,2660371.93170765
2026-03-23 10:00:00+00:00,1.36879,1.3808,1.3679,1.37197,3138857.731627591
2026-03-23 11:00:00+00:00,1.3715,1.4452,1.3715,1.4109,38591486.9732044
2026-03-23 12:00:00+00:00,1.4109,1.43078,1.4015,1.4249,11469052.608900966
2026-03-23 13:00:00+00:00,1.425,1.4441,1.42093,1.4423,15467754.254177516
2026-03-23 14:00:00+00:00,1.4423,1.4571,1.44143,1.4554,11105574.927972456
2026-03-23 15:00:00+00:00,1.4554,1.4662,1.4294,1.4306,14429959.147902887
2026-03-23 16:00:00+00:00,1.4307,1.4432,1.4269,1.4339,9180941.545423562
2026-03-23 17:00:00+00:00,1.4346,1.4468,1.4265,1.4441,6498914.028650998
2026-03-23 18:00:00+00:00,1.4447,1.4472,1.4364,1.4414,5062282.619974932
2026-03-23 19:00:00+00:00,1.44137,1.4454,1.4308,1.4337,5852205.184764769
2026-03-23 20:00:00+00:00,1.4336,1.4402,1.4304,1.4377,3933159.233901864
2026-03-23 21:00:00+00:00,1.4379,1.4403,1.4342,1.4354,2797641.6243679
2026-03-23 22:00:00+00:00,1.4354,1.4371,1.42517,1.42931,4213117.23191761
2026-03-23 23:00:00+00:00,1.42951,1.4345,1.4234,1.43236,3085847.6304098326
2026-03-24 00:00:00+00:00,1.4317,1.4352,1.41603,1.4195,6847886.718799078
2026-03-24 01:00:00+00:00,1.41959,1.4237,1.40956,1.4137,6537433.670442243
2026-03-24 02:00:00+00:00,1.41313,1.4167,1.4048,1.409,6199876.496410879
2026-03-24 03:00:00+00:00,1.40901,1.4159,1.4074,1.4143,2466898.431430131
2026-03-24 04:00:00+00:00,1.41411,1.4167,1.4063,1.4082,1800970.4758912907
2026-03-24 05:00:00+00:00,1.4086,1.4153,1.40433,1.4137,2955727.028754702
2026-03-24 06:00:00+00:00,1.4135,1.4171,1.4098,1.4154,1705170.756482151
2026-03-24 07:00:00+00:00,1.4157,1.4323,1.4139,1.4311,2726824.9742237097
2026-03-24 08:00:00+00:00,1.43102,1.43341,1.4143,1.4172,3999026.203898457
2026-03-24 09:00:00+00:00,1.4169,1.424,1.4128,1.4234,1443169.12310549
2026-03-24 10:00:00+00:00,1.42306,1.4236,1.4162,1.421,1446570.2241464998
2026-03-24 11:00:00+00:00,1.42135,1.4254,1.4146,1.42304,2761999.831310124
2026-03-24 12:00:00+00:00,1.4231,1.4236,1.4141,1.4164,1900221.1741337203
2026-03-24 13:00:00+00:00,1.41632,1.418,1.40028,1.4021,7089142.357396867
2026-03-24 14:00:00+00:00,1.4023,1.40843,1.3943,1.4014,9729198.343233874
2026-03-24 15:00:00+00:00,1.4015,1.4086,1.4,1.40058,4827584.359238676
2026-03-24 16:00:00+00:00,1.40061,1.4038,1.3889,1.3905,5571679.003899206
2026-03-24 17:00:00+00:00,1.3905,1.3937,1.383,1.3876,4754504.173250712
2026-03-24 18:00:00+00:00,1.3875,1.3952,1.3866,1.3881,4195368.155448745
2026-03-24 19:00:00+00:00,1.3881,1.3942,1.3867,1.3873,4057868.2829901488
2026-03-24 20:00:00+00:00,1.3875,1.4129,1.3853,1.4094,8627210.47522006
2026-03-24 21:00:00+00:00,1.41,1.4144,1.4046,1.41242,3474192.8516648007
2026-03-24 22:00:00+00:00,1.4122,1.4144,1.4074,1.4106,3718249.020784856
2026-03-24 23:00:00+00:00,1.4106,1.4179,1.4088,1.4158,4809517.404018154
2026-03-25 00:00:00+00:00,1.4159,1.425,1.4117,1.4198,3544297.274379083
2026-03-25 01:00:00+00:00,1.4201,1.4221,1.41511,1.4165,2265893.0470363097
2026-03-25 02:00:00+00:00,1.41639,1.4171,1.4097,1.4098,2218486.6376246307
2026-03-25 03:00:00+00:00,1.4101,1.4147,1.40646,1.4126,1706262.3369164702
2026-03-25 04:00:00+00:00,1.4126,1.4173,1.4106,1.4159,1264809.5598619697
2026-03-25 05:00:00+00:00,1.41571,1.4233,1.41444,1.4172,1902936.26749824
2026-03-25 06:00:00+00:00,1.4171,1.42316,1.41543,1.4175,1869359.7313064404
2026-03-25 07:00:00+00:00,1.4175,1.42628,1.4166,1.41972,1534811.9793261404
2026-03-25 08:00:00+00:00,1.4199,1.4255,1.4174,1.41917,4473333.775850327
2026-03-25 09:00:00+00:00,1.41912,1.4214,1.41226,1.41746,2102601.657824997
2026-03-25 10:00:00+00:00,1.41765,1.4237,1.4166,1.4227,1711321.7573167596
2026-03-25 11:00:00+00:00,1.4226,1.4375,1.42222,1.42848,6827242.838648006
2026-03-25 12:00:00+00:00,1.4287,1.4322,1.41328,1.4219,6802623.899939534
2026-03-25 13:00:00+00:00,1.4219,1.4295,1.4181,1.42014,3449120.478921841
2026-03-25 14:00:00+00:00,1.4205,1.4223,1.4147,1.415,4353409.688132791
2026-03-25 15:00:00+00:00,1.415,1.41661,1.40159,1.4073,6483951.175500843
2026-03-25 16:00:00+00:00,1.4072,1.421,1.4046,1.41539,7104070.176939245
2026-03-25 17:00:00+00:00,1.4153,1.4173,1.4097,1.4111,3265444.0971257323
2026-03-25 18:00:00+00:00,1.4111,1.4184,1.4094,1.4123,2955682.30456933
2026-03-25 19:00:00+00:00,1.4122,1.41523,1.40824,1.4113,3133746.5834487155
2026-03-25 20:00:00+00:00,1.4113,1.41503,1.4092,1.4143,2633557.414900579
2026-03-25 21:00:00+00:00,1.4143,1.41718,1.41016,1.4133,1771986.2673426997
2026-03-25 22:00:00+00:00,1.4132,1.4226,1.4119,1.4176,3689363.4275229126
2026-03-25 23:00:00+00:00,1.41763,1.4193,1.41216,1.4142,2053275.2695294507
2026-03-26 00:00:00+00:00,1.41412,1.41618,1.4105,1.4132,1676724.8476812898
2026-03-26 01:00:00+00:00,1.41286,1.41471,1.40964,1.41007,2813435.9437531
2026-03-26 02:00:00+00:00,1.41039,1.4115,1.39912,1.4032,2884005.2667954406
2026-03-26 03:00:00+00:00,1.4031,1.4033,1.39572,1.4011,2797996.552925662
2026-03-26 04:00:00+00:00,1.40114,1.40638,1.39713,1.402,2711653.289215223
2026-03-26 05:00:00+00:00,1.40209,1.40296,1.3875,1.3883,3473454.286368583
2026-03-26 06:00:00+00:00,1.3885,1.393,1.385,1.3852,3142414.353757984
2026-03-26 07:00:00+00:00,1.3853,1.38714,1.3793,1.3853,3270558.0049955286
2026-03-26 08:00:00+00:00,1.3853,1.38647,1.3795,1.3819,2003559.425183901
2026-03-26 09:00:00+00:00,1.3819,1.3837,1.36746,1.3727,5804386.420111651
2026-03-26 10:00:00+00:00,1.37253,1.37716,1.36896,1.3731,3236673.799157799
2026-03-26 11:00:00+00:00,1.3733,1.37656,1.36855,1.37096,3404111.3904452138
2026-03-26 12:00:00+00:00,1.371,1.3756,1.36952,1.3741,2877137.1736332444
2026-03-26 13:00:00+00:00,1.3741,1.3827,1.3701,1.3782,5363096.230010598
2026-03-26 14:00:00+00:00,1.3785,1.38305,1.3646,1.368,6511568.019736756
2026-03-26 15:00:00+00:00,1.3679,1.3683,1.3518,1.36,8982123.696347963
2026-03-26 16:00:00+00:00,1.35996,1.3661,1.3592,1.36019,4119219.015866768
2026-03-26 17:00:00+00:00,1.3602,1.3645,1.35064,1.353,3990610.5932202144
2026-03-26 18:00:00+00:00,1.3531,1.3554,1.3345,1.3468,15508456.906212743
2026-03-26 19:00:00+00:00,1.3465,1.352,1.3429,1.3433,5021836.816932146
2026-03-26 20:00:00+00:00,1.3433,1.36531,1.3428,1.35837,7246006.572380595
2026-03-26 21:00:00+00:00,1.3586,1.37051,1.35706,1.366,5473777.079967498
2026-03-26 22:00:00+00:00,1.366,1.3687,1.3571,1.3628,4424705.80467753
2026-03-26 23:00:00+00:00,1.3635,1.365,1.3574,1.3607,1992982.5099695087
2026-03-27 00:00:00+00:00,1.36016,1.3636,1.3571,1.3611,1872654.9410528697
2026-03-27 01:00:00+00:00,1.36105,1.3692,1.3595,1.3691,3386944.5719087822
2026-03-27 02:00:00+00:00,1.36824,1.3723,1.3659,1.3697,2974616.871390344
2026-03-27 03:00:00+00:00,1.36963,1.371,1.36285,1.3634,1929749.7009464204
2026-03-27 04:00:00+00:00,1.36327,1.36493,1.35497,1.3629,1874012.73944272
2026-03-27 05:00:00+00:00,1.3625,1.3683,1.3596,1.362,1429912.0132205205
2026-03-27 06:00:00+00:00,1.36141,1.3639,1.3586,1.35908,870176.8922255699
2026-03-27 07:00:00+00:00,1.3598,1.3643,1.3565,1.358,1465307.75586817
2026-03-27 08:00:00+00:00,1.35804,1.3607,1.34306,1.3495,4329684.375333433
2026-03-27 09:00:00+00:00,1.3503,1.35095,1.3387,1.3456,2784828.8942849864
2026-03-27 10:00:00+00:00,1.346,1.3472,1.32559,1.3323,8100615.248434084
2026-03-27 11:00:00+00:00,1.3323,1.3387,1.3289,1.3346,6040662.510921592
2026-03-27 12:00:00+00:00,1.3346,1.33525,1.27031,1.33187,12205563.620506847
2026-03-27 13:00:00+00:00,1.332,1.34322,1.3269,1.3397,8422595.069865838
2026-03-27 14:00:00+00:00,1.3396,1.3437,1.32699,1.3317,6706016.448971625
2026-03-27 15:00:00+00:00,1.33146,1.34667,1.33137,1.33565,65200180.52274583
2026-03-27 16:00:00+00:00,1.3358,1.3369,1.32903,1.33035,6443082.612671924
2026-03-27 17:00:00+00:00,1.33036,1.337,1.3223,1.3231,4722859.389281333
2026-03-27 18:00:00+00:00,1.3231,1.326,1.317,1.3224,5901139.682395911
2026-03-27 19:00:00+00:00,1.32283,1.3294,1.3184,1.3239,4818973.909862996
2026-03-27 20:00:00+00:00,1.3238,1.32792,1.3208,1.3258,3371698.44750249
2026-03-27 21:00:00+00:00,1.3249,1.3328,1.3249,1.3274,3050300.373295069
2026-03-27 22:00:00+00:00,1.3274,1.32941,1.32105,1.3235,2165879.3368312404
2026-03-27 23:00:00+00:00,1.32403,1.326,1.31908,1.3241,2446747.363109451
2026-03-28 00:00:00+00:00,1.32585,1.32963,1.3236,1.32556,1986180.7884869904
2026-03-28 01:00:00+00:00,1.3258,1.32786,1.3182,1.3229,3004922.00218262
2026-03-28 02:00:00+00:00,1.32302,1.32734,1.3207,1.3233,1949631.6993360696
2026-03-28 03:00:00+00:00,1.32315,1.3282,1.3231,1.3264,1396503.76630452
2026-03-28 04:00:00+00:00,1.3264,1.3306,1.3248,1.3305,2575471.59632164
2026-03-28 05:00:00+00:00,1.3299,1.34146,1.3275,1.3365,3582924.6698272945
2026-03-28 06:00:00+00:00,1.33628,1.3394,1.3329,1.3356,1987005.833593501
2026-03-28 07:00:00+00:00,1.3348,1.341,1.33394,1.3402,955639.56273561
2026-03-28 08:00:00+00:00,1.34,1.3425,1.3363,1.3371,1293169.66887157
2026-03-28 09:00:00+00:00,1.3371,1.3386,1.3346,1.3372,867304.7873327101
2026-03-28 10:00:00+00:00,1.33646,1.3434,1.33386,1.3371,1322137.9784597806
2026-03-28 11:00:00+00:00,1.33705,1.3417,1.33645,1.3396,1311596.3437492896
2026-03-28 12:00:00+00:00,1.33953,1.34083,1.33523,1.3378,2154519.087437069
2026-03-28 13:00:00+00:00,1.3377,1.3569,1.33714,1.3498,4388305.607600519
2026-03-28 14:00:00+00:00,1.3496,1.352,1.34525,1.347,2431707.3006896395
2026-03-28 15:00:00+00:00,1.3478,1.3582,1.3456,1.3524,2804117.265639184
2026-03-28 16:00:00+00:00,1.3525,1.3544,1.34843,1.349,1769434.2473910002
2026-03-28 17:00:00+00:00,1.3489,1.352,1.3433,1.34482,2035410.08807293
2026-03-28 18:00:00+00:00,1.3449,1.3475,1.34399,1.3449,1142523.68055964
2026-03-28 19:00:00+00:00,1.34496,1.3463,1.341,1.344,1324413.8908526604
2026-03-28 20:00:00+00:00,1.344,1.34815,1.3433,1.34553,1494978.9679632303
2026-03-28 21:00:00+00:00,1.34571,1.34678,1.3389,1.3411,1811330.5938102312
2026-03-28 22:00:00+00:00,1.3404,1.3437,1.3377,1.3406,1742982.9700619702
2026-03-28 23:00:00+00:00,1.34044,1.3411,1.3301,1.3326,2162079.295763873
2026-03-29 00:00:00+00:00,1.33262,1.3356,1.32892,1.3316,2365011.9981830404
2026-03-29 01:00:00+00:00,1.3325,1.337,1.3313,1.3348,1774629.4079376536
2026-03-29 02:00:00+00:00,1.33493,1.3388,1.3334,1.3356,1086675.99764147
2026-03-29 03:00:00+00:00,1.33565,1.3416,1.3344,1.3373,2453131.0405227747
2026-03-29 04:00:00+00:00,1.3374,1.3384,1.333,1.3352,1862386.4055983128
2026-03-29 05:00:00+00:00,1.3351,1.33627,1.3274,1.3325,2120919.418642018
2026-03-29 06:00:00+00:00,1.3324,1.34295,1.3324,1.3346,2121586.1263065133
2026-03-29 07:00:00+00:00,1.3334,1.3369,1.3314,1.333,1586230.274698536
2026-03-29 08:00:00+00:00,1.33314,1.339,1.331,1.3371,944182.0334253
2026-03-29 09:00:00+00:00,1.3363,1.33798,1.3332,1.3345,827147.9402329101
2026-03-29 10:00:00+00:00,1.33464,1.3351,1.33,1.3328,787992.3650079301
2026-03-29 11:00:00+00:00,1.3327,1.34008,1.33204,1.33742,1003463.21424469
2026-03-29 12:00:00+00:00,1.3373,1.3381,1.3325,1.3339,718110.62416757
2026-03-29 13:00:00+00:00,1.334,1.33496,1.3241,1.32551,2293215.331249102
2026-03-29 14:00:00+00:00,1.3256,1.3322,1.32297,1.32509,2482666.856242831
2026-03-29 15:00:00+00:00,1.326,1.328,1.3202,1.3247,2089324.6365457207
2026-03-29 16:00:00+00:00,1.32473,1.32914,1.3229,1.3243,1364879.7429169794
2026-03-29 17:00:00+00:00,1.3251,1.3272,1.31775,1.3227,2560472.5526382625
2026-03-29 18:00:00+00:00,1.32247,1.3261,1.32056,1.3227,1629376.40382185
2026-03-29 19:00:00+00:00,1.32253,1.3239,1.31521,1.317,2433078.201656385
2026-03-29 20:00:00+00:00,1.317,1.32646,1.3165,1.3231,2350482.63400722
2026-03-29 21:00:00+00:00,1.3243,1.3288,1.3225,1.32707,1106866.5481552896
2026-03-29 22:00:00+00:00,1.3266,1.3277,1.29367,1.3189,12802533.502554636
2026-03-29 23:00:00+00:00,1.31829,1.3321,1.31775,1.3267,5431476.72453727
